"pitch_type","game_date","release_speed","release_pos_x","release_pos_z","player_name","batter","pitcher","events","description","spin_dir","spin_rate_deprecated","break_angle_deprecated","break_length_deprecated","zone","des","game_type","stand","p_throws","home_team","away_team","type","hit_location","bb_type","balls","strikes","game_year","pfx_x","pfx_z","plate_x","plate_z","on_3b","on_2b","on_1b","outs_when_up","inning","inning_topbot","hc_x","hc_y","tfs_deprecated","tfs_zulu_deprecated","pos2_person_id","umpire","sv_id","vx0","vy0","vz0","ax","ay","az","sz_top","sz_bot","hit_distance_sc","launch_speed","launch_angle","effective_speed","release_spin_rate","release_extension","game_pk","pos1_person_id","pos2_person_id","pos3_person_id","pos4_person_id","pos5_person_id","pos6_person_id","pos7_person_id","pos8_person_id","pos9_person_id","release_pos_y","estimated_ba_using_speedangle","estimated_woba_using_speedangle","woba_value","woba_denom","babip_value","iso_value","launch_speed_angle","at_bat_number","pitch_number","pitch_name","home_score","away_score","bat_score","fld_score","post_away_score","post_home_score","post_bat_score","post_fld_score","if_fielding_alignment","of_fielding_alignment"
"FF","2018-06-17","95.1","-2.7867","6.2507","Hunter Strickland",641355,519326,"null","ball",,,,,"12","null","R","L","R","LAD","SF","B","null","null",2,1,2018,"0.1583","1.2371","0.1299","4.2828","null","null","null",2,9,"Bot","null","null",,,460026,,"180617_230443","7.2050","-138.2080","-2.1689","0.3576","31.1069","-16.4691","3.7951","1.6728","null","null","null","93.8790","2360","5.6640",530477,519326,460026,474832,593700,467055,543063,457706,491676,457705,"54.8347","null","null","null","null","null","null","null",68,"4","4-Seam Fastball",1,4,1,4,4,1,1,4,"Infield shift","Standard"
"FF","2018-06-17","95.9","-2.8872","6.2535","Hunter Strickland",641355,519326,"null","ball",,,,,"14","null","R","L","R","LAD","SF","B","null","null",1,0,2018,"-0.1744","1.3931","0.7612","1.5477","null","null","null",2,9,"Bot","null","null",,,460026,,"180617_230344","9.8984","-138.9144","-9.7509","-4.4177","30.8626","-12.5255","3.6242","1.8597","null","null","null","94.7080","2562","5.8300",530477,519326,460026,474832,593700,467055,543063,457706,491676,457705,"54.6694","null","null","null","null","null","null","null",68,"2","4-Seam Fastball",1,4,1,4,4,1,1,4,"Standard","Standard"
"FF","2018-06-17","95.7","-2.9628","6.1042","Hunter Strickland",641355,519326,"null","ball",,,,,"14","null","R","L","R","LAD","SF","B","null","null",0,0,2018,"-0.1947","1.3122","0.6681","1.8786","null","null","null",2,9,"Bot","null","null",,,460026,,"180617_230327","9.9007","-138.7095","-8.3164","-4.6703","30.7182","-13.8702","3.6452","2.0744","null","null","null","94.7270","2493","5.9190",530477,519326,460026,474832,593700,467055,543063,457706,491676,457705,"54.5801","null","null","null","null","null","null","null",68,"1","4-Seam Fastball",1,4,1,4,4,1,1,4,"Standard","Standard"
"FF","2018-06-17","96.1","-2.8298","6.1548","Hunter Strickland",457759,519326,"null","called_strike",,,,,"3","null","R","R","R","LAD","SF","S","null","null",0,0,2018,"-0.2641","1.2850","0.2776","2.8983","null","null","null",1,9,"Bot","null","null",,,460026,,"180617_230226","8.7294","-139.4487","-5.7934","-5.4067","32.3201","-14.6133","3.3606","1.4905","null","null","null","95.0360","2461","5.8960",530477,519326,460026,474832,593700,467055,543063,457706,491676,457705,"54.6028","null","null","null","null","null","null","null",67,"1","4-Seam Fastball",1,4,1,4,4,1,1,4,"Standard","Standard"
"SI","2018-06-17","93.4","3.4203","5.1106","Tony Watson",571970,453265,"strikeout","called_strike",,,,,"8","Max Muncy called out on strikes.  ","R","L","L","LAD","SF","S",2,"null",2,2,2018,"1.6246","0.5484","-0.1355","1.4339","null","null","null",0,9,"Bot","null","null",,,460026,,"180617_225950","-12.5725","-135.3503","-4.8396","22.4426","28.3684","-24.6947","3.1756","1.4101","null","null","null","92.7430","2355","6.0380",530477,453265,460026,474832,593700,467055,543063,457706,491676,457705,"54.4608","null","null","0.00",1,0,0,"null",66,"5","Sinker",1,4,1,4,4,1,1,4,"Infield shift","Standard"
"SL","2018-06-17","84.8","3.3775","5.2013","Tony Watson",571970,453265,"null","ball",,,,,"13","null","R","L","L","LAD","SF","B","null","null",1,2,2018,"-0.1512","0.4446","-1.3377","0.8309","null","null","null",0,9,"Bot","null","null",,,460026,,"180617_225929","-10.5885","-123.0633","-4.7061","0.4261","22.5352","-27.0905","3.2481","1.4101","null","null","null","84.0090","2370","5.7470",530477,453265,460026,474832,593700,467055,543063,457706,491676,457705,"54.7519","null","null","null","null","null","null","null",66,"4","Slider",1,4,1,4,4,1,1,4,"Infield shift","Standard"
"SL","2018-06-17","84.9","3.4249","5.1602","Tony Watson",571970,453265,"null","ball",,,,,"13","null","R","L","L","LAD","SF","B","null","null",0,2,2018,"-0.2529","0.3460","-1.7820","1.1766","null","null","null",0,9,"Bot","null","null",,,460026,,"180617_225908","-11.5172","-123.1375","-3.6226","-0.3984","22.7293","-28.2838","3.2481","1.4101","null","null","null","83.9080","2320","5.6620",530477,453265,460026,474832,593700,467055,543063,457706,491676,457705,"54.8373","null","null","null","null","null","null","null",66,"3","Slider",1,4,1,4,4,1,1,4,"Infield shift","Standard"
"SL","2018-06-17","84.0","3.4752","5.2272","Tony Watson",571970,453265,"null","called_strike",,,,,"7","null","R","L","L","LAD","SF","S","null","null",0,1,2018,"-0.2533","0.3296","-0.3834","1.9891","null","null","null",0,9,"Bot","null","null",,,460026,,"180617_225847","-8.3098","-122.0847","-1.7497","-0.9727","22.0144","-28.8812","3.2682","1.4564","null","null","null","82.9410","2359","5.4640",530477,453265,460026,474832,593700,467055,543063,457706,491676,457705,"55.0350","null","null","null","null","null","null","null",66,"2","Slider",1,4,1,4,4,1,1,4,"Infield shift","Standard"
"SI","2018-06-17","92.4","3.4379","5.2818","Tony Watson",571970,453265,"null","called_strike",,,,,"2","null","R","L","L","LAD","SF","S","null","null",0,0,2018,"1.2937","0.9123","-0.0564","3.0582","null","null","null",0,9,"Bot","null","null",,,460026,,"180617_225828","-11.4886","-133.9568","-1.7426","17.6956","28.1731","-21.2718","3.2682","1.5028","null","null","null","91.2550","2367","5.7440",530477,453265,460026,474832,593700,467055,543063,457706,491676,457705,"54.7546","null","null","null","null","null","null","null",66,"1","Sinker",1,4,1,4,4,1,1,4,"Infield shift","Standard"
"SL","2018-06-17","86.2","-2.5842","5.5454","Daniel Hudson",491676,543339,"null","ball",,,,,"11","null","R","R","R","LAD","SF","B","null","null",0,0,2018,"0.0021","0.2562","-1.2816","3.2477","null","null","467055.00",2,9,"Top","null","null",,,518735,,"180617_225445","3.0648","-125.5328","0.1692","-0.5175","22.0809","-29.7332","3.5482","1.6278","null","null","null","85.9570","2580","5.7980",530477,543339,518735,571970,523253,457759,621035,571771,641355,461314,"54.7015","null","null","null","null","null","null","null",65,"1","Slider",1,4,4,1,4,1,4,1,"Standard","Standard"
"FF","2018-06-17","94.9","-2.4203","5.4403","Daniel Hudson",457706,543339,"null","ball",,,,,"14","null","R","R","R","LAD","SF","B","null","null",0,2,2018,"-0.5913","1.2447","1.6498","1.5469","null","null","467055.00",1,9,"Top","null","null",,,518735,,"180617_225336","11.8735","-137.6031","-7.2264","-9.9459","28.5253","-15.1316","3.3950","1.6155","null","null","null","94.5150","2420","6.1140",530477,543339,518735,571970,523253,457759,621035,571771,641355,461314,"54.3852","null","null","null","null","null","null","null",64,"4","4-Seam Fastball",1,4,4,1,4,1,4,1,"Standard","Standard"
"FF","2018-06-17","95.1","-2.6122","5.3903","Daniel Hudson",457706,543339,"null","called_strike",,,,,"7","null","R","R","R","LAD","SF","S","null","null",0,0,2018,"-0.5523","1.3189","-0.3501","1.5066","null","null","467055.00",1,9,"Top","null","null",,,518735,,"180617_225149","7.1677","-138.2527","-7.5008","-8.6270","29.3324","-13.8163","3.4413","1.6155","null","null","null","95.3030","2560","6.3510",530477,543339,518735,571970,523253,457759,621035,571771,641355,461314,"54.1481","null","null","null","null","null","null","null",64,"1","4-Seam Fastball",1,4,4,1,4,1,4,1,"Standard","Standard"
"FF","2018-06-17","95.5","-2.4620","5.2279","Daniel Hudson",593700,543339,"null","ball",,,,,"14","null","R","L","R","LAD","SF","B","null","null",0,0,2018,"-0.7857","1.3700","1.2366","1.7191","null","null","467055.00",0,9,"Top","null","null",,,518735,,"180617_224829","11.5136","-138.4962","-6.6691","-12.7261","30.9580","-13.1888","3.3989","1.5832","null","null","null","95.4970","2530","6.4760",530477,543339,518735,571970,523253,457759,621035,571771,641355,461314,"54.0229","null","null","null","null","null","null","null",63,"1","4-Seam Fastball",1,4,4,1,4,1,4,1,"Standard","Standard"
"FF","2018-06-17","95.6","-2.5902","5.3623","Daniel Hudson",467055,543339,"walk","ball",,,,,"13","Pablo Sandoval walks.  ","R","L","R","LAD","SF","B","null","null",3,2,2018,"-0.9306","1.4591","-0.3306","0.8167","null","null","null",0,9,"Top","null","null",,,518735,,"180617_224748","7.9954","-138.6352","-9.5056","-13.7695","32.8380","-11.5389","3.2786","1.6680","null","null","null","94.8620","2507","6.1850",530477,543339,518735,571970,523253,457759,621035,571771,641355,461314,"54.3140","null","null","0.70",1,0,0,"null",62,"6","4-Seam Fastball",1,4,4,1,4,1,4,1,"Standard","Standard"
"FF","2018-06-17","94.6","-2.6680","5.3759","Daniel Hudson",467055,543339,"null","ball",,,,,"1","null","R","L","R","LAD","SF","B","null","null",2,1,2018,"-0.7423","1.3492","-0.5081","3.3564","null","null","null",0,9,"Top","null","null",,,518735,,"180617_224656","7.2213","-137.5528","-2.5333","-10.9142","30.5782","-14.9244","3.2786","1.5753","null","null","null","94.0420","2329","6.0080",530477,543339,518735,571970,523253,457759,621035,571771,641355,461314,"54.4906","null","null","null","null","null","null","null",62,"4","4-Seam Fastball",1,4,4,1,4,1,4,1,"Standard","Standard"
"CH","2018-06-17","86.9","-2.5904","5.4501","Daniel Hudson",467055,543339,"null","ball",,,,,"11","null","R","L","R","LAD","SF","B","null","null",1,1,2018,"-1.4628","0.8984","-1.2329","2.9042","null","null","null",0,9,"Top","null","null",,,518735,,"180617_224636","6.1442","-126.3302","-1.7185","-16.6684","25.0406","-22.5753","3.3250","1.7144","null","null","null","86.3110","2293","5.9050",530477,543339,518735,571970,523253,457759,621035,571771,641355,461314,"54.5938","null","null","null","null","null","null","null",62,"3","Changeup",1,4,4,1,4,1,4,1,"Standard","Standard"
"FF","2018-06-17","95.0","-2.6300","5.4114","Daniel Hudson",467055,543339,"null","ball",,,,,"11","null","R","L","R","LAD","SF","B","null","null",0,1,2018,"-0.4890","1.2324","-0.0070","4.6007","null","null","null",0,9,"Top","null","null",,,518735,,"180617_224613","7.8871","-138.2028","0.7800","-7.8479","28.8466","-16.9294","3.3250","1.6217","null","null","null","94.5890","2398","5.9210",530477,543339,518735,571970,523253,457759,621035,571771,641355,461314,"54.5776","null","null","null","null","null","null","null",62,"2","4-Seam Fastball",1,4,4,1,4,1,4,1,"Standard","Standard"
"FF","2018-06-17","94.7","-2.7502","5.4136","Daniel Hudson",467055,543339,"null","called_strike",,,,,"4","null","R","L","R","LAD","SF","S","null","null",0,0,2018,"-0.5535","1.3841","-0.4688","2.4273","null","null","null",0,9,"Top","null","null",,,518735,,"180617_224551","7.1113","-137.6362","-5.1597","-8.4027","27.4864","-13.8956","3.3351","1.5754","null","null","null","94.3520","2374","5.9290",530477,543339,518735,571970,523253,457759,621035,571771,641355,461314,"54.5702","null","null","null","null","null","null","null",62,"1","4-Seam Fastball",1,4,4,1,4,1,4,1,"Standard","Standard"
"CH","2018-06-17","86.6","3.3572","5.1631","Tony Watson",461314,453265,"null","ball",,,,,"7","null","R","R","L","LAD","SF","B","null","null",0,1,2018,"1.5705","0.8087","-0.4707","1.9252","null","null","571771.00",2,8,"Bot","null","null",,,460026,,"180617_224300","-12.2032","-125.3755","-2.9762","19.0653","29.3666","-23.3961","3.7049","1.9255","null","null","null","85.2670","2431","6.0730",530477,453265,460026,474832,593700,467055,543063,457706,491676,457705,"54.4257","null","null","null","null","null","null","null",61,"2","Changeup",1,4,1,4,4,1,1,4,"Standard","Standard"
"CH","2018-06-17","85.9","3.5019","5.2024","Tony Watson",461314,453265,"null","called_strike",,,,,"6","null","R","R","L","LAD","SF","S","null","null",0,0,2018,"1.5179","0.6891","0.3102","2.8375","null","null","571771.00",2,8,"Bot","null","null",,,460026,,"180617_224238","-10.4617","-124.4764","-0.6083","17.7212","27.2370","-25.2934","3.5660","1.7201","null","null","null","84.6420","2452","5.9060",530477,453265,460026,474832,593700,467055,543063,457706,491676,457705,"54.5929","null","null","null","null","null","null","null",61,"1","Changeup",1,4,1,4,4,1,1,4,"Standard","Standard"
"KC","2018-06-17","82.7","-1.4513","6.3136","Mark Melancon",523253,453343,"null","ball",,,,,"14","null","R","R","R","LAD","SF","B","null","null",2,2,2018,"0.1442","-0.9767","0.5911","1.2888","null","null","571771.00",0,8,"Bot","null","null",,,460026,,"180617_223739","4.3336","-120.2492","-3.0667","0.5371","23.1283","-41.1130","3.2924","1.4202","null","null","null","81.8710","2684","5.7540",530477,453343,460026,474832,593700,467055,543063,607776,491676,457705,"54.7454","null","null","null","null","null","null","null",59,"6","Knuckle Curve",1,4,1,4,4,1,1,4,"Standard","Standard"
"FC","2018-06-17","90.7","-1.7396","6.3938","Mark Melancon",523253,453343,"null","ball",,,,,"11","null","R","R","R","LAD","SF","B","null","null",1,2,2018,"0.2352","0.6072","-1.6852","3.6715","null","null","571771.00",0,8,"Bot","null","null",,,460026,,"180617_223713","-0.3666","-132.1480","-2.2273","2.8383","26.6825","-24.7928","3.3387","1.4202","null","null","null","91.0820","2331","6.3340",530477,453343,460026,474832,593700,467055,543063,607776,491676,457705,"54.1655","null","null","null","null","null","null","null",59,"5","Cutter",1,4,1,4,4,1,1,4,"Standard","Standard"
"FC","2018-06-17","90.7","-1.3734","6.3418","Mark Melancon",523253,453343,"null","ball",,,,,"14","null","R","R","R","LAD","SF","B","null","null",0,1,2018,"0.0423","0.7840","1.1961","1.9039","null","null","571771.00",0,8,"Bot","null","null",,,460026,,"180617_223542","6.3311","-131.8220","-6.8501","-0.7989","26.9128","-21.8227","3.3387","1.4666","null","null","null","90.8070","2505","6.3320",530477,453343,460026,474832,593700,467055,543063,607776,491676,457705,"54.1669","null","null","null","null","null","null","null",59,"2","Cutter",1,4,1,4,4,1,1,4,"Standard","Standard"
"FC","2018-06-17","90.5","-1.5878","6.4202","Mark Melancon",523253,453343,"null","called_strike",,,,,"3","null","R","R","R","LAD","SF","S","null","null",0,0,2018,"0.0470","0.8675","0.3269","2.8473","null","null","571771.00",0,8,"Bot","null","null",,,460026,,"180617_223520","4.6653","-131.6674","-4.8066","-0.4371","27.6794","-21.3525","3.3488","1.6156","null","null","null","90.3280","2451","6.1720",530477,453343,460026,474832,593700,467055,543063,607776,491676,457705,"54.3273","null","null","null","null","null","null","null",59,"1","Cutter",1,4,1,4,4,1,1,4,"Standard","Standard"
"SL","2018-06-17","85.7","-2.8030","5.5181","Daniel Hudson",607776,543339,"null","called_strike",,,,,"9","null","R","R","R","LAD","SF","S","null","null",1,0,2018,"-0.0053","0.1537","0.4117","1.5747","491676.00","460026.00","543063.00",2,8,"Top","null","null",,,518735,,"180617_223009","7.5323","-124.5688","-3.3609","-1.4408","22.9308","-30.1937","3.5144","1.5506","null","null","null","85.2110","2602","5.8460",530477,543339,518735,571970,523253,457759,621035,592626,641355,571771,"54.6527","null","null","null","null","null","null","null",57,"2","Slider",1,4,4,1,4,1,4,1,"Standard","Standard"
"FF","2018-06-17","96.1","-2.7500","5.4308","Daniel Hudson",607776,543339,"null","ball",,,,,"14","null","R","R","R","LAD","SF","B","null","null",0,0,2018,"-0.5923","1.5127","0.9883","1.8360","491676.00","460026.00","543063.00",2,8,"Top","null","null",,,518735,,"180617_222943","11.1671","-139.3470","-7.2459","-10.1937","31.6418","-11.1964","3.3789","1.6458","null","null","null","95.5020","2620","6.1630",530477,543339,518735,571970,523253,457759,621035,592626,641355,571771,"54.3364","null","null","null","null","null","null","null",57,"1","4-Seam Fastball",1,4,4,1,4,1,4,1,"Standard","Standard"
"FF","2018-06-17","95.1","-2.7201","5.3413","Daniel Hudson",543063,543339,"walk","ball",,,,,"14","Brandon Crawford walks.   Gorkys Hernandez to 3rd.    Nick Hundley to 2nd.  ","R","L","R","LAD","SF","B","null","null",3,0,2018,"-0.6378","1.3994","1.4023","1.6569","null","491676.00","460026.00",2,8,"Top","null","null",,,518735,,"180617_222859","12.1800","-137.7943","-7.0494","-10.8507","31.1720","-13.0402","3.4033","1.6318","null","null","null","94.6260","2593","6.2900",530477,543339,518735,571970,523253,457759,621035,592626,641355,571771,"54.2090","null","null","0.70",1,0,0,"null",56,"4","4-Seam Fastball",1,4,4,1,4,1,4,1,"Standard","Standard"
"FF","2018-06-17","95.9","-2.6911","5.3912","Daniel Hudson",543063,543339,"null","ball",,,,,"9","null","R","L","R","LAD","SF","B","null","null",2,0,2018,"-0.6271","1.4451","0.7820","1.4035","null","491676.00","460026.00",2,8,"Top","null","null",,,518735,,"180617_222827","10.5194","-139.1097","-8.0984","-10.4163","30.8386","-11.9721","3.3636","1.4995","null","null","null","95.3640","2597","6.1270",530477,543339,518735,571970,523253,457759,621035,592626,641355,571771,"54.3719","null","null","null","null","null","null","null",56,"3","4-Seam Fastball",1,4,4,1,4,1,4,1,"Standard","Standard"
"CH","2018-06-17","86.5","-2.5917","5.4261","Daniel Hudson",543063,543339,"null","ball",,,,,"14","null","R","L","R","LAD","SF","B","null","null",1,0,2018,"-1.3804","1.1398","0.6060","1.3836","null","491676.00","460026.00",2,8,"Top","null","null",,,518735,,"180617_222803","10.2906","-125.3498","-5.6039","-16.4489","25.6597","-19.4218","3.3173","1.5879","null","null","null","85.5960","2448","5.9650",530477,543339,518735,571970,523253,457759,621035,592626,641355,571771,"54.5339","null","null","null","null","null","null","null",56,"2","Changeup",1,4,4,1,4,1,4,1,"Standard","Standard"
"CH","2018-06-17","86.9","-2.5430","5.5246","Daniel Hudson",543063,543339,"null","ball",,,,,"14","null","R","L","R","LAD","SF","B","null","null",0,0,2018,"-1.2447","1.2013","0.4890","1.5681","null","491676.00","460026.00",2,8,"Top","null","null",,,518735,,"180617_222740","9.7235","-126.0768","-5.6815","-15.1009","24.6904","-18.5436","3.3424","1.7266","null","null","null","86.4890","2374","6.1090",530477,543339,518735,571970,523253,457759,621035,592626,641355,571771,"54.3903","null","null","null","null","null","null","null",56,"1","Changeup",1,4,4,1,4,1,4,1,"Standard","Standard"
"FF","2018-06-17","95.2","-2.7045","5.3833","Daniel Hudson",460026,543339,"walk","ball",,,,,"14","Nick Hundley walks.  ","R","R","R","LAD","SF","B","null","null",3,1,2018,"-0.4901","1.3165","1.4337","1.9366","null","491676.00","null",2,8,"Top","null","null",,,518735,,"180617_222616","11.8992","-138.0771","-6.3336","-8.6411","27.2257","-14.2105","3.3788","1.5591","null","null","null","95.2310","2622","6.2330",530477,543339,518735,571970,523253,457759,621035,592626,641355,571771,"54.2665","null","null","0.70",1,0,0,"null",55,"5","4-Seam Fastball",1,4,4,1,4,1,4,1,"Standard","Standard"
"SL","2018-06-17","87.6","-2.7174","5.5194","Daniel Hudson",460026,543339,"null","ball",,,,,"14","null","R","R","R","LAD","SF","B","null","null",2,1,2018,"-0.0622","0.1759","1.1897","1.4847","null","491676.00","null",2,8,"Top","null","null",,,518735,,"180617_222554","9.4740","-127.1958","-3.9710","-2.4060","23.3017","-29.7617","3.2862","1.5128","null","null","null","87.2130","2719","5.9260",530477,543339,518735,571970,523253,457759,621035,592626,641355,571771,"54.5733","null","null","null","null","null","null","null",55,"4","Slider",1,4,4,1,4,1,4,1,"Standard","Standard"
"FF","2018-06-17","94.9","-2.6407","5.4810","Daniel Hudson",460026,543339,"null","ball",,,,,"12","null","R","R","R","LAD","SF","B","null","null",1,0,2018,"-0.2189","1.0709","0.2381","3.9023","null","491676.00","null",2,8,"Top","null","null",,,518735,,"180617_222450","8.0278","-138.1901","-0.9389","-4.3702","26.5101","-18.3361","3.4251","1.6518","null","null","null","95.5520","2456","6.3180",530477,543339,518735,571970,523253,457759,621035,592626,641355,571771,"54.1809","null","null","null","null","null","null","null",55,"2","4-Seam Fastball",1,4,4,1,4,1,4,1,"Standard","Standard"
"FF","2018-06-17","94.2","-2.8019","5.4500","Daniel Hudson",460026,543339,"null","ball",,,,,"13","null","R","R","R","LAD","SF","B","null","null",0,0,2018,"-0.5151","1.2020","-1.1872","2.4889","null","491676.00","null",2,8,"Top","null","null",,,518735,,"180617_222426","5.3494","-137.1929","-4.7453","-7.6020","26.3122","-16.1028","3.4715","1.6981","null","null","null","94.9570","2477","6.3860",530477,543339,518735,571970,523253,457759,621035,592626,641355,571771,"54.1134","null","null","null","null","null","null","null",55,"1","4-Seam Fastball",1,4,4,1,4,1,4,1,"Standard","Standard"
"SL","2018-06-17","84.8","-2.5503","5.6214","Daniel Hudson",457705,543339,"strikeout","called_strike",,,,,"9","Andrew McCutchen called out on strikes.  Gorkys Hernandez steals (4) 2nd base.  ","R","R","R","LAD","SF","S",2,"null",1,2,2018,"0.1024","0.2652","0.5926","1.8620","null","null","491676.00",1,8,"Top","null","null",,,518735,,"180617_222345","7.0646","-123.3994","-3.0229","-0.1824","21.2041","-29.1984","3.4191","1.6759","null","null","null","84.3190","2645","5.6700",530477,543339,518735,571970,523253,457759,621035,592626,641355,571771,"54.8295","null","null","0.00",1,0,0,"null",54,"5","Slider",1,4,4,1,4,1,4,1,"Standard","Standard"
"SL","2018-06-17","85.8","-2.6134","5.5578","Daniel Hudson",457705,543339,"null","ball",,,,,"14","null","R","R","R","LAD","SF","B","null","null",0,2,2018,"-0.0694","0.3670","0.0969","1.2453","null","null","491676.00",1,8,"Top","null","null",,,518735,,"180617_222252","6.4856","-124.7408","-4.6817","-1.8747","22.2621","-27.7580","3.4191","1.6759","null","null","null","85.4130","2685","5.8370",530477,543339,518735,571970,523253,457759,621035,592626,641355,571771,"54.6623","null","null","null","null","null","null","null",54,"4","Slider",1,4,4,1,4,1,4,1,"Standard","Standard"
"SL","2018-06-17","85.9","-2.6613","5.4987","Daniel Hudson",457705,543339,"null","called_strike",,,,,"6","null","R","R","R","LAD","SF","S","null","null",0,0,2018,"0.2605","0.1518","0.3602","2.4828","null","null","491676.00",1,8,"Top","null","null",,,518735,,"180617_222049","6.5740","-125.0565","-1.2754","1.5767","21.4453","-30.5898","3.5580","1.7222","null","null","null","85.5920","2665","5.7320",530477,543339,518735,571970,523253,457759,621035,592626,641355,571771,"54.7675","null","null","null","null","null","null","null",54,"1","Slider",1,4,4,1,4,1,4,1,"Standard","Standard"
"SL","2018-06-17","83.1","2.1405","6.2712","Will Smith",624577,519293,"null","ball",,,,,"13","null","R","R","L","LAD","SF","B","null","null",1,2,2018,"-0.3502","0.2771","-1.4114","0.6835","null","null","null",2,7,"Bot","null","null",,,460026,,"180617_221427","-7.3492","-120.5610","-6.7539","-1.9875","22.1516","-28.5324","3.5297","1.6597","null","null","null","81.9780","2393","5.5780",530477,519293,460026,474832,593700,467055,543063,607776,491676,457705,"54.9212","null","null","null","null","null","null","null",51,"4","Slider",1,4,1,4,4,1,1,4,"Standard","Standard"
"FF","2018-06-17","92.8","1.6526","6.5137","Will Smith",624577,519293,"null","ball",,,,,"11","null","R","R","L","LAD","SF","B","null","null",0,1,2018,"0.5743","1.4132","-0.9002","3.0172","null","null","null",2,7,"Bot","null","null",,,460026,,"180617_221346","-7.6979","-134.8130","-6.1336","8.5547","28.8881","-14.1009","3.5760","1.7060","null","null","null","92.0850","2211","5.9210",530477,519293,460026,474832,593700,467055,543063,607776,491676,457705,"54.5784","null","null","null","null","null","null","null",51,"2","4-Seam Fastball",1,4,1,4,4,1,1,4,"Standard","Standard"
"FF","2018-06-17","93.6","1.6539","6.5474","Will Smith",518735,519293,"null","ball",,,,,"12","null","R","R","L","LAD","SF","B","null","null",1,2,2018,"0.4088","1.5011","0.6404","3.7290","null","null","null",1,7,"Bot","null","null",,,460026,,"180617_221235","-3.4751","-136.1525","-4.7169","5.7937","31.8398","-13.0339","3.2442","1.5390","null","null","null","92.6690","2152","5.9020",530477,519293,460026,474832,593700,467055,543063,607776,491676,457705,"54.5970","null","null","null","null","null","null","null",50,"4","4-Seam Fastball",1,4,1,4,4,1,1,4,"Strategic","Standard"
"FF","2018-06-17","92.7","1.8062","6.4862","Will Smith",518735,519293,"null","called_strike",,,,,"4","null","R","R","L","LAD","SF","S","null","null",1,0,2018,"0.6014","1.4846","-0.3682","2.3028","null","null","null",1,7,"Bot","null","null",,,460026,,"180617_221157","-6.7508","-134.5056","-7.9148","8.6399","30.0673","-13.0540","3.2905","1.5854","null","null","null","91.4200","2273","5.7450",530477,519293,460026,474832,593700,467055,543063,607776,491676,457705,"54.7541","null","null","null","null","null","null","null",50,"2","4-Seam Fastball",1,4,1,4,4,1,1,4,"Strategic","Standard"
"FF","2018-06-17","93.4","1.7391","6.5616","Will Smith",518735,519293,"null","ball",,,,,"12","null","R","R","L","LAD","SF","B","null","null",0,0,2018,"0.3892","1.5819","0.0230","3.6681","null","null","null",1,7,"Bot","null","null",,,460026,,"180617_221140","-5.2353","-135.8184","-5.0775","5.9488","31.2324","-11.9636","3.4294","1.4927","null","null","null","92.7120","2274","6.0300",530477,519293,460026,474832,593700,467055,543063,607776,491676,457705,"54.4691","null","null","null","null","null","null","null",50,"1","4-Seam Fastball",1,4,1,4,4,1,1,4,"Strategic","Standard"
"SL","2018-06-17","81.6","2.0685","6.3492","Will Smith",641355,519293,"null","ball",,,,,"13","null","R","L","L","LAD","SF","B","null","null",1,2,2018,"-0.5107","0.3936","-0.9705","1.5048","null","null","null",0,7,"Bot","null","null",,,460026,,"180617_221050","-5.7889","-118.5629","-4.9868","-3.6466","21.4184","-27.9017","3.6562","1.6265","null","null","null","80.4840","2301","5.4830",530477,519293,460026,474832,593700,467055,543063,607776,491676,457705,"55.0156","null","null","null","null","null","null","null",49,"4","Slider",1,4,1,4,4,1,1,4,"Strategic","Standard"
"SL","2018-06-17","80.0","2.2284","6.2751","Will Smith",641355,519293,"null","called_strike",,,,,"5","null","R","L","L","LAD","SF","S","null","null",1,0,2018,"-0.5583","0.6932","0.2629","2.5385","null","null","null",0,7,"Bot","null","null",,,460026,,"180617_221014","-3.2708","-116.4288","-2.8033","-4.3859","20.7832","-25.7415","3.5636","1.4875","null","null","null","79.2280","2276","5.6330",530477,519293,460026,474832,593700,467055,543063,607776,491676,457705,"54.8665","null","null","null","null","null","null","null",49,"2","Slider",1,4,1,4,4,1,1,4,"Strategic","Standard"
"SL","2018-06-17","80.4","2.1994","6.2916","Will Smith",641355,519293,"null","ball",,,,,"13","null","R","L","L","LAD","SF","B","null","null",0,0,2018,"-0.6791","0.3084","-1.3963","1.6052","null","null","null",0,7,"Bot","null","null",,,460026,,"180617_220958","-6.6094","-116.7403","-4.1794","-4.7848","21.9623","-28.9087","3.5173","1.4875","null","null","null","79.0930","2285","5.4960",530477,519293,460026,474832,593700,467055,543063,607776,491676,457705,"55.0029","null","null","null","null","null","null","null",49,"1","Slider",1,4,1,4,4,1,1,4,"Strategic","Standard"
"CH","2018-06-17","85.4","-1.4945","6.0890","Erik Goeddel",452254,592340,"null","ball",,,,,"14","null","R","R","R","LAD","SF","B","null","null",1,2,2018,"-0.6838","0.3068","0.0387","0.6801","null","null","null",2,7,"Top","null","null",,,518735,,"180617_220633","4.9349","-124.2427","-7.0600","-7.9403","22.7769","-27.9368","3.7555","1.8652","null","null","null","85.2090","956","5.9880",530477,592340,518735,571970,523253,457759,571771,592626,641355,624577,"54.5115","null","null","null","null","null","null","null",48,"4","Changeup",1,4,4,1,4,1,4,1,"Standard","Standard"
"CH","2018-06-17","85.8","-1.5395","6.1078","Erik Goeddel",452254,592340,"null","ball",,,,,"14","null","R","R","R","LAD","SF","B","null","null",0,1,2018,"-0.6289","0.3935","0.3976","0.5618","null","null","null",2,7,"Top","null","null",,,518735,,"180617_220537","5.7714","-124.5879","-7.5616","-7.5752","24.0861","-26.9005","3.6629","1.6336","null","null","null","85.1120","1014","5.8760",530477,592340,518735,571970,523253,457759,571771,592626,641355,624577,"54.6232","null","null","null","null","null","null","null",48,"2","Changeup",1,4,4,1,4,1,4,1,"Standard","Standard"
"FF","2018-06-17","91.9","-1.5385","6.1040","Erik Goeddel",593700,592340,"null","ball",,,,,"12","null","R","L","R","LAD","SF","B","null","null",1,2,2018,"-0.3926","1.1737","0.6868","3.7959","null","null","null",1,7,"Top","null","null",,,518735,,"180617_220326","6.4661","-133.7996","-2.5788","-5.9714","25.9311","-17.7722","3.4917","1.6760","null","null","null","92.1020","2167","6.1540",530477,592340,518735,571970,523253,457759,571771,592626,641355,624577,"54.3453","null","null","null","null","null","null","null",47,"5","4-Seam Fastball",1,4,4,1,4,1,4,1,"Standard","Strategic"
"FF","2018-06-17","92.2","-1.7911","6.0525","Erik Goeddel",593700,592340,"null","ball",,,,,"11","null","R","L","R","LAD","SF","B","null","null",0,2,2018,"-0.1307","1.3704","-0.8259","4.6036","null","null","null",1,7,"Top","null","null",,,518735,,"180617_220303","2.7344","-134.3594","-0.8574","-2.1449","27.7355","-15.6428","3.4453","1.6296","null","null","null","92.3620","2284","6.2000",530477,592340,518735,571970,523253,457759,571771,592626,641355,624577,"54.2993","null","null","null","null","null","null","null",47,"4","4-Seam Fastball",1,4,4,1,4,1,4,1,"Standard","Strategic"
"CH","2018-06-17","84.7","-1.7605","6.1523","Erik Goeddel",467055,592340,"null","ball",,,,,"14","null","R","L","R","LAD","SF","B","null","null",0,1,2018,"-1.0251","0.2984","0.2305","0.0009","null","null","null",0,7,"Top","null","null",,,518735,,"180617_215953","6.5723","-122.9581","-8.5763","-11.4178","20.4522","-27.9458","3.2787","1.6217","null","null","null","84.3190","1356","5.8140",530477,592340,518735,571970,523253,457759,571771,592626,641355,624577,"54.6853","null","null","null","null","null","null","null",46,"2","Changeup",1,4,4,1,4,1,4,1,"Standard","Standard"
"FF","2018-06-17","91.1","-1.8041","6.0648","Erik Goeddel",467055,592340,"null","called_strike",,,,,"6","null","R","L","R","LAD","SF","S","null","null",0,0,2018,"-0.4254","1.3068","0.4763","2.5129","null","null","null",0,7,"Top","null","null",,,518735,,"180617_215932","6.6223","-132.4969","-5.8609","-6.2792","24.9431","-15.8058","3.1498","1.5754","null","null","null","91.3940","2164","6.2300",530477,592340,518735,571970,523253,457759,571771,592626,641355,624577,"54.2694","null","null","null","null","null","null","null",46,"1","4-Seam Fastball",1,4,4,1,4,1,4,1,"Standard","Standard"
"FF","2018-06-17","91.0","-1.5524","6.1346","Chris Stratton",457759,608717,"strikeout","called_strike",,,,,"1","Justin Turner called out on strikes.  ","R","R","R","LAD","SF","S",2,"null",1,2,2018,"-0.2997","0.9537","-0.4326","3.2966","null","null","null",2,6,"Bot","null","null",,,460026,,"180617_215706","3.4549","-132.6425","-3.3538","-4.2041","24.4782","-20.3953","3.5459","1.5833","null","null","null","91.6700","2390","6.2940",530477,608717,460026,474832,593700,467055,543063,607776,491676,457705,"54.2047","null","null","0.00",1,0,0,"null",45,"4","4-Seam Fastball",1,4,1,4,4,1,1,4,"Standard","Standard"
"FF","2018-06-17","91.3","-1.6096","6.1004","Chris Stratton",457759,608717,"null","ball",,,,,"14","null","R","R","R","LAD","SF","B","null","null",0,1,2018,"0.0294","1.3107","1.0611","2.2604","null","null","null",2,6,"Bot","null","null",,,460026,,"180617_215608","6.6642","-132.8973","-6.6880","-0.8473","23.9171","-15.4539","3.4895","1.5007","null","null","null","91.9770","2471","6.3220",530477,608717,460026,474832,593700,467055,543063,607776,491676,457705,"54.1771","null","null","null","null","null","null","null",45,"2","4-Seam Fastball",1,4,1,4,4,1,1,4,"Standard","Standard"
"FF","2018-06-17","90.0","-1.6463","6.1222","Chris Stratton",457759,608717,"null","called_strike",,,,,"4","null","R","R","R","LAD","SF","S","null","null",0,0,2018,"-0.4032","1.1783","-0.3128","2.6976","null","null","null",2,6,"Bot","null","null",,,460026,,"180617_215555","4.1653","-131.1078","-5.1425","-5.4198","22.3947","-17.7111","3.4996","1.5833","null","null","null","90.8320","2432","6.3090",530477,608717,460026,474832,593700,467055,543063,607776,491676,457705,"54.1901","null","null","null","null","null","null","null",45,"1","4-Seam Fastball",1,4,1,4,4,1,1,4,"Standard","Standard"
"FF","2018-06-17","88.5","-1.7268","6.1509","Chris Stratton",571970,608717,"null","ball",,,,,"11","null","R","L","R","LAD","SF","B","null","null",1,0,2018,"-0.2237","1.1365","-0.9869","2.8422","null","null","null",1,6,"Bot","null","null",,,460026,,"180617_215457","2.2806","-128.9740","-4.5011","-2.9286","22.3539","-18.7005","3.2482","1.4102","null","null","null","89.4420","2450","6.4180",530477,608717,460026,474832,593700,467055,543063,607776,491676,457705,"54.0808","null","null","null","null","null","null","null",44,"2","4-Seam Fastball",1,4,1,4,4,1,1,4,"Infield shift","Standard"
"CH","2018-06-17","82.2","-1.6519","6.0750","Chris Stratton",571970,608717,"null","ball",,,,,"13","null","R","L","R","LAD","SF","B","null","null",0,0,2018,"-0.9840","0.2567","-1.0762","1.6392","null","null","null",1,6,"Bot","null","null",,,460026,,"180617_215436","3.2239","-119.7023","-4.0915","-10.1128","20.9991","-29.1568","3.2482","1.4102","null","null","null","82.7730","1771","6.4270",530477,608717,460026,474832,593700,467055,543063,607776,491676,457705,"54.0721","null","null","null","null","null","null","null",44,"1","Changeup",1,4,1,4,4,1,1,4,"Infield shift","Standard"
"FF","2018-06-17","90.8","-1.6392","6.0965","Chris Stratton",592626,608717,"null","ball",,,,,"14","null","R","L","R","LAD","SF","B","null","null",2,2,2018,"-0.3242","1.3015","1.3644","1.6698","null","null","null",0,6,"Bot","null","null",,,460026,,"180617_215339","8.2464","-131.8384","-7.9976","-5.4965","26.7091","-15.3881","3.4615","1.5531","null","null","null","91.2820","2450","6.5950",530477,608717,460026,474832,593700,467055,543063,607776,491676,457705,"53.9042","null","null","null","null","null","null","null",43,"5","4-Seam Fastball",1,4,1,4,4,1,1,4,"Standard","Standard"
"CU","2018-06-17","76.8","-1.4070","6.2787","Chris Stratton",592626,608717,"null","ball",,,,,"11","null","R","L","R","LAD","SF","B","null","null",1,1,2018,"1.3301","-0.5670","-0.9332","2.9754","null","null","null",0,6,"Bot","null","null",,,460026,,"180617_215300","-1.3289","-111.7659","0.9855","11.1292","20.2478","-37.2445","3.3689","1.4605","null","null","null","75.9630","3011","5.6870",530477,608717,460026,474832,593700,467055,543063,607776,491676,457705,"54.8121","null","null","null","null","null","null","null",43,"3","Curveball",1,4,1,4,4,1,1,4,"Standard","Standard"
"FF","2018-06-17","89.6","-1.5235","6.1896","Chris Stratton",592626,608717,"null","called_strike",,,,,"5","null","R","L","R","LAD","SF","S","null","null",1,0,2018,"-0.0818","1.4073","-0.2220","2.7093","null","null","null",0,6,"Bot","null","null",,,460026,,"180617_215243","3.3687","-130.4590","-5.5591","-1.5807","25.2519","-15.3392","3.5541","1.6760","null","null","null","89.4940","2461","6.0120",530477,608717,460026,474832,593700,467055,543063,607776,491676,457705,"54.4871","null","null","null","null","null","null","null",43,"2","4-Seam Fastball",1,4,1,4,4,1,1,4,"Standard","Standard"
"FF","2018-06-17","89.9","-1.6406","6.1780","Chris Stratton",592626,608717,"null","ball",,,,,"13","null","R","L","R","LAD","SF","B","null","null",0,0,2018,"-0.3462","1.1472","-0.3779","1.3324","null","null","null",0,6,"Bot","null","null",,,460026,,"180617_215212","3.8278","-130.6445","-8.3981","-4.6932","25.8226","-17.6859","3.6004","1.6921","null","null","null","89.5730","2371","6.0230",530477,608717,460026,474832,593700,467055,543063,607776,491676,457705,"54.4764","null","null","null","null","null","null","null",43,"1","4-Seam Fastball",1,4,1,4,4,1,1,4,"Standard","Standard"
"CH","2018-06-17","83.2","-1.5680","6.1599","Erik Goeddel",607776,592340,"null","ball",,,,,"14","null","R","R","R","LAD","SF","B","null","null",0,0,2018,"-0.4503","0.1616","0.6016","1.0316","null","457705.00","543063.00",2,6,"Top","null","null",,,518735,,"180617_214924","5.7939","-121.0142","-5.6351","-5.3950","21.0546","-29.8323","3.5179","1.5994","null","null","null","82.9180","1016","5.8840",530477,592340,518735,571970,523253,457759,571771,592626,641355,624577,"54.6150","null","null","null","null","null","null","null",42,"1","Changeup",1,4,4,1,4,1,4,1,"Standard","Standard"
"FF","2018-06-17","91.1","-1.6401","6.1820","Erik Goeddel",460026,592340,"null","ball",,,,,"11","null","R","R","R","LAD","SF","B","null","null",0,0,2018,"-0.2937","1.3776","-0.7857","4.5542","null","null","457705.00",1,6,"Top","null","null",,,518735,,"180617_214443","2.7411","-132.6295","-1.0961","-3.9876","28.1507","-16.2036","3.4252","1.5592","null","null","null","90.4300","2050","5.8350",530477,592340,518735,571970,523253,457759,571771,592626,641355,624577,"54.6639","null","null","null","null","null","null","null",40,"1","4-Seam Fastball",1,4,4,1,4,1,4,1,"Standard","Standard"
"CU","2018-06-17","75.8","-1.6977","6.1282","Erik Goeddel",457705,592340,"null","called_strike",,,,,"4","null","R","R","R","LAD","SF","S","null","null",0,0,2018,"0.3170","-0.8433","-0.5195","2.7843","null","null","null",1,6,"Top","null","null",,,518735,,"180617_214330","1.8920","-110.2686","1.5940","2.2075","20.0227","-39.4873","3.4191","1.4906","null","null","null","75.3330","2135","6.0110",530477,592340,518735,571970,523253,457759,571771,592626,641355,624577,"54.4886","null","null","null","null","null","null","null",39,"1","Curveball",1,4,4,1,4,1,4,1,"Infield shift","Standard"
"SL","2018-06-17","77.9","2.7892","5.5582","Edward Paredes",474832,487675,"null","ball",,,,,"13","null","R","L","L","LAD","SF","B","null","null",1,1,2018,"-0.9030","0.1981","-1.0255","1.0674","null","null","null",0,6,"Top","null","null",,,518735,,"180617_214010","-6.4845","-113.2372","-3.0517","-6.3762","20.5744","-30.2173","3.3067","1.5793","null","null","null","76.7840","2214","5.5340",530477,487675,518735,571970,523253,457759,571771,592626,641355,624577,"54.9652","null","null","null","null","null","null","null",38,"3","Slider",1,4,4,1,4,1,4,1,"Infield shift","Standard"
"FF","2018-06-17","89.2","2.6745","5.3493","Edward Paredes",474832,487675,"null","ball",,,,,"11","null","R","L","L","LAD","SF","B","null","null",0,1,2018,"0.6484","0.9835","-1.1034","2.4048","null","null","null",0,6,"Top","null","null",,,518735,,"180617_213951","-10.5055","-129.5425","-3.2430","9.1912","24.3523","-20.8360","3.1678","1.5330","null","null","null","88.6170","2141","5.8130",530477,487675,518735,571970,523253,457759,571771,592626,641355,624577,"54.6864","null","null","null","null","null","null","null",38,"2","4-Seam Fastball",1,4,4,1,4,1,4,1,"Infield shift","Standard"
"SL","2018-06-17","77.7","2.7684","5.5544","Edward Paredes",474832,487675,"null","called_strike",,,,,"13","null","R","L","L","LAD","SF","S","null","null",0,0,2018,"-1.2368","0.7556","-0.8900","2.1020","null","null","null",0,6,"Top","null","null",,,518735,,"180617_213934","-5.5465","-112.8656","-1.7380","-9.1398","21.6283","-25.8832","3.5383","1.7647","null","null","null","76.2250","2075","5.4390",530477,487675,518735,571970,523253,457759,571771,592626,641355,624577,"55.0602","null","null","null","null","null","null","null",38,"1","Slider",1,4,4,1,4,1,4,1,"Infield shift","Standard"
"CU","2018-06-17","78.3","-1.4108","6.1944","Chris Stratton",591971,608717,"null","ball",,,,,"13","null","R","L","R","LAD","SF","B","null","null",0,2,2018,"1.1609","-0.9040","-1.3213","1.7901","null","null","null",2,5,"Bot","null","null",,,460026,,"180617_213603","-1.9156","-113.8907","-0.9340","10.3117","22.5869","-39.9715","3.3324","1.5120","null","null","null","77.6570","3091","6.0360",530477,608717,460026,474832,593700,467055,543063,607776,491676,457705,"54.4631","null","null","null","null","null","null","null",37,"3","Curveball",1,4,1,4,4,1,1,4,"Standard","Standard"
"CH","2018-06-17","83.0","-1.5822","6.0266","Chris Stratton",591971,608717,"null","called_strike",,,,,"9","null","R","L","R","LAD","SF","S","null","null",0,0,2018,"-1.2648","0.4952","0.3339","1.4942","null","null","null",2,5,"Bot","null","null",,,460026,,"180617_213530","6.9403","-120.8070","-4.9706","-13.8446","21.3884","-26.5334","3.2860","1.5120","null","null","null","83.9400","1816","6.6900",530477,608717,460026,474832,593700,467055,543063,607776,491676,457705,"53.8090","null","null","null","null","null","null","null",37,"1","Changeup",1,4,1,4,4,1,1,4,"Standard","Standard"
"FT","2018-06-17","90.0","-1.5707","6.0896","Chris Stratton",523253,608717,"null","ball",,,,,"14","null","R","R","R","LAD","SF","B","null","null",1,1,2018,"-0.9259","0.9054","1.1230","2.0026","null","null","null",1,5,"Bot","null","null",,,460026,,"180617_213418","8.6135","-130.7257","-6.0889","-12.3100","25.3540","-20.7918","3.3387","1.6056","null","null","null","90.0640","2403","6.2500",530477,608717,460026,474832,593700,467055,543063,607776,491676,457705,"54.2495","null","null","null","null","null","null","null",36,"3","2-Seam Fastball",1,4,1,4,4,1,1,4,"Standard","Standard"
"CU","2018-06-17","78.7","-1.3813","6.2631","Chris Stratton",523253,608717,"null","ball",,,,,"14","null","R","R","R","LAD","SF","B","null","null",0,1,2018,"1.0395","-1.0937","0.7138","0.3883","null","null","null",1,5,"Bot","null","null",,,460026,,"180617_213358","2.6325","-114.4190","-3.8547","8.3608","22.1710","-41.0248","3.3387","1.4202","null","null","null","77.5390","3078","5.6250",530477,608717,460026,474832,593700,467055,543063,607776,491676,457705,"54.8739","null","null","null","null","null","null","null",36,"2","Curveball",1,4,1,4,4,1,1,4,"Standard","Standard"
"SL","2018-06-17","82.4","-1.6283","6.0816","Chris Stratton",523253,608717,"null","called_strike",,,,,"7","null","R","R","R","LAD","SF","S","null","null",0,0,2018,"0.4235","-0.0114","-0.6485","1.9586","null","null","null",1,5,"Bot","null","null",,,460026,,"180617_213340","1.4126","-120.1716","-2.9611","3.8742","18.7627","-32.0139","3.3487","1.5229","null","null","null","82.6290","2794","5.8890",530477,608717,460026,474832,593700,467055,543063,607776,491676,457705,"54.6098","null","null","null","null","null","null","null",36,"1","Slider",1,4,1,4,4,1,1,4,"Standard","Standard"
"SL","2018-06-17","82.3","-1.7364","6.1164","Chris Stratton",571771,608717,"null","called_strike",,,,,"5","null","R","R","R","LAD","SF","S","null","null",3,1,2018,"0.5667","-0.1369","0.0303","2.2398","null","null","null",0,5,"Bot","null","null",,,460026,,"180617_213228","2.9085","-119.8375","-2.0496","4.8695","21.5065","-33.3322","3.0482","1.4659","null","null","null","81.9260","null","5.8410",530477,608717,460026,474832,593700,467055,543063,607776,491676,457705,"54.6582","null","null","null","null","null","null","null",35,"5","Slider",1,4,1,4,4,1,1,4,"Standard","Standard"
"FF","2018-06-17","89.4","-1.6464","6.1299","Chris Stratton",571771,608717,"null","ball",,,,,"9","null","R","R","R","LAD","SF","B","null","null",2,1,2018,"-0.5752","0.9119","0.7727","1.6531","null","null","null",0,5,"Bot","null","null",,,460026,,"180617_213212","7.1360","-129.9183","-6.9437","-7.8655","24.5321","-20.7310","3.0281","1.4279","null","null","null","89.4380","2409","6.1660",530477,608717,460026,474832,593700,467055,543063,607776,491676,457705,"54.3336","null","null","null","null","null","null","null",35,"4","4-Seam Fastball",1,4,1,4,4,1,1,4,"Standard","Standard"
"FC","2018-06-17","89.6","-1.6700","6.0769","Chris Stratton",571771,608717,"null","called_strike",,,,,"3","null","R","R","R","LAD","SF","S","null","null",2,0,2018,"0.2562","1.0258","0.6824","2.9193","null","null","null",0,5,"Bot","null","null",,,460026,,"180617_213159","5.2665","-130.4605","-4.0102","1.9271","24.8298","-19.8820","3.1678","1.4464","null","null","null","89.8470","2462","6.1950",530477,608717,460026,474832,593700,467055,543063,607776,491676,457705,"54.3042","null","null","null","null","null","null","null",35,"3","Cutter",1,4,1,4,4,1,1,4,"Standard","Standard"
"FT","2018-06-17","90.8","-1.6194","6.0851","Chris Stratton",571771,608717,"null","ball",,,,,"14","null","R","R","R","LAD","SF","B","null","null",1,0,2018,"-0.6715","0.9673","0.5042","1.2228","null","null","null",0,5,"Bot","null","null",,,460026,,"180617_213140","6.8005","-132.0119","-8.4528","-9.2489","24.0442","-19.2663","3.1914","1.5829","null","null","null","91.8100","2516","6.6230",530477,608717,460026,474832,593700,467055,543063,607776,491676,457705,"53.8764","null","null","null","null","null","null","null",35,"2","2-Seam Fastball",1,4,1,4,4,1,1,4,"Standard","Standard"
"SL","2018-06-17","83.2","-1.7417","6.1234","Chris Stratton",571771,608717,"null","ball",,,,,"14","null","R","R","R","LAD","SF","B","null","null",0,0,2018,"0.2597","0.0809","0.3495","1.0676","null","null","null",0,5,"Bot","null","null",,,460026,,"180617_213128","4.2490","-120.9714","-5.2696","1.7339","21.9680","-30.6674","3.1914","1.5829","null","null","null","82.4910","null","5.7050",530477,608717,460026,474832,593700,467055,543063,607776,491676,457705,"54.7944","null","null","null","null","null","null","null",35,"1","Slider",1,4,1,4,4,1,1,4,"Standard","Standard"
"FF","2018-06-17","92.4","1.4657","6.0312","Caleb Ferguson",608717,657571,"null","ball",,,,,"13","null","R","R","L","LAD","SF","B","null","null",1,2,2018,"0.7883","1.4417","-1.0387","2.6218","null","null","null",1,5,"Top","null","null",,,518735,,"180617_212753","-8.0042","-134.2612","-5.9373","11.0612","27.0201","-13.9138","3.5738","1.7274","null","null","null","91.9700","2180","5.9530",530477,657571,518735,571970,523253,457759,571771,592626,641355,624577,"54.5457","null","null","null","null","null","null","null",33,"4","4-Seam Fastball",1,4,4,1,4,1,4,1,"Standard","Standard"
"FF","2018-06-17","92.5","1.2468","6.1404","Caleb Ferguson",608717,657571,"null","ball",,,,,"13","null","R","R","L","LAD","SF","B","null","null",0,1,2018,"0.7185","1.3543","-0.4151","1.1352","null","null","null",1,5,"Top","null","null",,,518735,,"180617_212718","-5.7293","-134.1181","-9.7037","9.8360","30.7421","-14.1328","3.4329","1.5402","null","null","null","91.4410","2212","5.9860",530477,657571,518735,571970,523253,457759,571771,592626,641355,624577,"54.5134","null","null","null","null","null","null","null",33,"2","4-Seam Fastball",1,4,4,1,4,1,4,1,"Standard","Standard"
"FF","2018-06-17","90.3","1.5518","6.0507","Caleb Ferguson",608717,657571,"null","called_strike",,,,,"7","null","R","R","L","LAD","SF","S","null","null",0,0,2018,"0.6505","1.5342","-0.3191","1.4036","null","null","null",1,5,"Top","null","null",,,518735,,"180617_212704","-5.9640","-131.1070","-8.7233","8.6562","27.9079","-13.1324","3.2815","1.3340","null","null","null","89.4850","2122","5.9260",530477,657571,518735,571970,523253,457759,571771,592626,641355,624577,"54.5734","null","null","null","null","null","null","null",33,"1","4-Seam Fastball",1,4,4,1,4,1,4,1,"Standard","Standard"
"FF","2018-06-17","91.3","-1.5128","6.0642","Chris Stratton",518735,608717,"null","ball",,,,,"13","null","R","L","R","LAD","SF","B","null","null",0,0,2018,"-0.7695","1.2085","-0.3081","1.4486","null","null","null",1,4,"Bot","null","null",,,460026,,"180617_212232","4.7103","-132.7443","-8.4018","-10.1290","26.2572","-16.2594","3.1458","1.6300","null","null","null","91.8690","2326","6.5070",530477,608717,460026,474832,593700,467055,543063,607776,491676,457705,"53.9925","null","null","null","null","null","null","null",30,"1","4-Seam Fastball",1,4,1,4,4,1,1,4,"Strategic","Standard"
"SL","2018-06-17","84.3","-1.6169","6.1318","Chris Stratton",641355,608717,"null","ball",,,,,"14","null","R","L","R","LAD","SF","B","null","null",2,2,2018,"0.0404","0.1449","0.1663","1.4859","null","null","null",0,4,"Bot","null","null",,,460026,,"180617_212119","4.0315","-122.7576","-4.7455","-0.3085","21.6912","-30.1027","3.7952","1.6729","null","null","null","84.0010","2740","5.8130",530477,608717,460026,474832,593700,467055,543063,607776,491676,457705,"54.6860","null","null","null","null","null","null","null",29,"5","Slider",1,4,1,4,4,1,1,4,"Infield shift","Standard"
"CU","2018-06-17","75.0","-1.5107","6.2336","Chris Stratton",641355,608717,"null","ball",,,,,"11","null","R","L","R","LAD","SF","B","null","null",1,1,2018,"1.3046","-0.8289","-1.4635","2.8800","null","null","null",0,4,"Bot","null","null",,,460026,,"180617_212047","-2.1377","-109.0390","1.7108","10.5430","20.7813","-39.2044","3.5173","1.4876","null","null","null","73.9840","3011","5.7710",530477,608717,460026,474832,593700,467055,543063,607776,491676,457705,"54.7284","null","null","null","null","null","null","null",29,"3","Curveball",1,4,1,4,4,1,1,4,"Infield shift","Strategic"
"SL","2018-06-17","81.1","-1.7048","6.1278","Chris Stratton",641355,608717,"null","ball",,,,,"11","null","R","L","R","LAD","SF","B","null","null",0,0,2018,"0.3125","0.0077","-1.3152","2.6545","null","null","null",0,4,"Bot","null","null",,,460026,,"180617_212013","0.2878","-118.0035","-1.1831","2.8023","21.1882","-32.1314","3.5637","1.4876","null","null","null","80.2450","2745","5.5790",530477,608717,460026,474832,593700,467055,543063,607776,491676,457705,"54.9203","null","null","null","null","null","null","null",29,"1","Slider",1,4,1,4,4,1,1,4,"Strategic","Strategic"
"FF","2018-06-17","91.3","1.4737","5.9586","Caleb Ferguson",467055,657571,"null","called_strike",,,,,"9","null","R","R","L","LAD","SF","S","null","null",0,1,2018,"1.1669","1.1976","0.7825","1.7777","null","null","null",2,4,"Top","null","null",,,518735,,"180617_211745","-4.2066","-132.7085","-7.1334","14.5634","28.9941","-16.8448","3.1498","1.6217","null","null","null","90.8080","2109","6.0990",530477,657571,518735,571970,523253,457759,571771,592626,641355,624577,"54.4004","null","null","null","null","null","null","null",28,"2","4-Seam Fastball",1,4,4,1,4,1,4,1,"Standard","Standard"
"FT","2018-06-17","90.4","1.6860","6.0292","Caleb Ferguson",467055,657571,"null","called_strike",,,,,"3","null","R","R","L","LAD","SF","S","null","null",0,0,2018,"1.1530","1.0829","0.7021","2.9537","null","null","null",2,4,"Top","null","null",,,518735,,"180617_211731","-4.8489","-131.5120","-3.9665","14.2473","28.3313","-19.1555","3.2424","1.5291","null","null","null","89.8610","2084","6.0070",530477,657571,518735,571970,523253,457759,571771,592626,641355,624577,"54.4916","null","null","null","null","null","null","null",28,"1","2-Seam Fastball",1,4,4,1,4,1,4,1,"Standard","Standard"
"CH","2018-06-17","82.4","1.6502","6.0184","Caleb Ferguson",543063,657571,"null","ball",,,,,"12","null","R","L","L","LAD","SF","B","null","null",1,0,2018,"0.7160","1.0378","0.8849","3.9341","null","null","null",0,4,"Top","null","null",,,518735,,"180617_211504","-3.0540","-119.8584","-0.1897","7.3253","22.7057","-22.6038","3.5422","1.6781","null","null","null","81.5050","1752","5.6590",530477,657571,518735,571970,523253,457759,571771,592626,641355,624577,"54.8399","null","null","null","null","null","null","null",26,"2","Changeup",1,4,4,1,4,1,4,1,"Standard","Standard"
"FF","2018-06-17","90.2","1.5144","6.0573","Caleb Ferguson",543063,657571,"null","ball",,,,,"11","null","R","L","L","LAD","SF","B","null","null",0,0,2018,"0.6012","1.5128","-1.0848","3.4459","null","null","null",0,4,"Top","null","null",,,518735,,"180617_211450","-7.7336","-131.0898","-3.7400","8.5401","27.2488","-14.1652","3.5422","1.5855","null","null","null","90.2080","2118","6.3250",530477,657571,518735,571970,523253,457759,571771,592626,641355,624577,"54.1736","null","null","null","null","null","null","null",26,"1","4-Seam Fastball",1,4,4,1,4,1,4,1,"Standard","Standard"
"FT","2018-06-17","90.5","-1.8371","6.1133","Chris Stratton",457759,608717,"null","called_strike",,,,,"9","null","R","R","R","LAD","SF","S","null","null",3,1,2018,"-1.0023","1.0002","0.3552","1.7908","null","null","571970.00",2,3,"Bot","null","null",,,460026,,"180617_211120","7.5891","-131.5004","-7.0093","-13.1330","24.7662","-19.3682","3.4995","1.5832","null","null","null","90.8020","2465","6.3030",530477,608717,460026,474832,593700,467055,543063,607776,491676,457705,"54.1963","null","null","null","null","null","null","null",25,"5","2-Seam Fastball",1,4,1,4,4,1,1,4,"Standard","Standard"
"FF","2018-06-17","89.9","-1.8879","6.1309","Chris Stratton",457759,608717,"null","called_strike",,,,,"2","null","R","R","R","LAD","SF","S","null","null",3,0,2018,"0.0307","1.1444","0.2108","3.1798","null","null","571970.00",2,3,"Bot","null","null",,,460026,,"180617_211104","5.1483","-130.9156","-3.8338","-0.6237","24.9122","-18.3693","3.4995","1.7222","null","null","null","90.4790","2420","6.3810",530477,608717,460026,474832,593700,467055,543063,607776,491676,457705,"54.1182","null","null","null","null","null","null","null",25,"4","4-Seam Fastball",1,4,1,4,4,1,1,4,"Standard","Standard"
"SL","2018-06-17","83.8","-1.7800","6.1153","Chris Stratton",457759,608717,"null","ball",,,,,"14","null","R","R","R","LAD","SF","B","null","null",2,0,2018,"0.3304","-0.1821","1.8585","2.0612","null","null","571970.00",2,3,"Bot","null","null",,,460026,,"180617_211046","7.6758","-121.7402","-2.6085","1.8543","21.9212","-33.7138","3.2579","1.5006","null","null","null","83.1240","2768","5.7470",530477,608717,460026,474832,593700,467055,543063,607776,491676,457705,"54.7520","null","null","null","null","null","null","null",25,"3","Slider",1,4,1,4,4,1,1,4,"Standard","Standard"
"FC","2018-06-17","90.0","-1.7147","6.1601","Chris Stratton",457759,608717,"null","ball",,,,,"11","null","R","R","R","LAD","SF","B","null","null",0,0,2018,"0.1921","1.1000","-0.1582","3.8957","null","null","571970.00",2,3,"Bot","null","null",,,460026,,"180617_211008","3.4565","-131.0542","-2.0020","1.5082","26.7135","-19.3062","3.4894","1.7322","null","null","null","90.1610","2433","6.2700",530477,608717,460026,474832,593700,467055,543063,607776,491676,457705,"54.2293","null","null","null","null","null","null","null",25,"1","Cutter",1,4,1,4,4,1,1,4,"Standard","Standard"
"FF","2018-06-17","90.0","-1.7436","6.1063","Chris Stratton",571970,608717,"null","called_strike",,,,,"4","null","R","L","R","LAD","SF","S","null","null",2,0,2018,"-0.1592","1.2254","-0.6744","2.5257","null","null","657571.00",1,3,"Bot","null","null",,,460026,,"180617_210842","2.9931","-131.0177","-5.5236","-2.4617","27.5234","-17.1231","3.2682","1.5491","null","null","null","90.1220","2453","6.3280",530477,608717,460026,474832,593700,467055,543063,607776,491676,457705,"54.1707","null","null","null","null","null","null","null",24,"3","4-Seam Fastball",1,4,1,4,4,1,1,4,"Infield shift","Standard"
"FF","2018-06-17","90.0","-1.8489","6.1866","Chris Stratton",571970,608717,"null","ball",,,,,"11","null","R","L","R","LAD","SF","B","null","null",1,0,2018,"-0.0331","1.2448","-1.5890","4.0775","null","null","657571.00",1,3,"Bot","null","null",,,460026,,"180617_210823","0.7165","-131.2286","-1.9836","-0.5203","24.8733","-17.5156","3.2481","1.5491","null","null","null","90.6150","2425","6.3200",530477,608717,460026,474832,593700,467055,543063,607776,491676,457705,"54.1790","null","null","null","null","null","null","null",24,"2","4-Seam Fastball",1,4,1,4,4,1,1,4,"Infield shift","Standard"
"CU","2018-06-17","77.2","-1.6624","6.2388","Chris Stratton",571970,608717,"null","ball",,,,,"13","null","R","L","R","LAD","SF","B","null","null",0,0,2018,"0.9626","-1.1524","-0.3886","1.2068","null","null","657571.00",1,3,"Bot","null","null",,,460026,,"180617_210806","0.9843","-112.3854","-1.6568","7.7951","21.3714","-41.6685","3.2481","1.5028","null","null","null","76.4500","3098","5.8350",530477,608717,460026,474832,593700,467055,543063,607776,491676,457705,"54.6638","null","null","null","null","null","null","null",24,"1","Curveball",1,4,1,4,4,1,1,4,"Infield shift","Standard"
"FF","2018-06-17","90.9","-1.7920","6.2073","Chris Stratton",592626,608717,"null","ball",,,,,"11","null","R","L","R","LAD","SF","B","null","null",0,0,2018,"-0.1338","1.0580","-0.5013","4.6941","null","null","657571.00",0,3,"Bot","null","null",,,460026,,"180617_210632","3.5525","-132.5411","-0.2180","-2.3210","27.0126","-19.6924","3.4614","1.6920","null","null","null","91.8090","2414","6.6210",530477,608717,460026,474832,593700,467055,543063,607776,491676,457705,"53.8785","null","null","null","null","null","null","null",23,"1","4-Seam Fastball",1,4,1,4,4,1,1,4,"Standard","Standard"
"FF","2018-06-17","89.8","-1.6387","6.1984","Chris Stratton",657571,608717,"null","ball",,,,,"14","null","R","R","R","LAD","SF","B","null","null",1,0,2018,"-0.3261","1.1148","1.1556","0.1603","null","null","null",0,3,"Bot","null","null",,,460026,,"180617_210507","7.5530","-130.2158","-11.2723","-5.0769","23.3343","-17.6186","3.5969","1.7857","null","null","null","89.7890","2221","6.1490",530477,608717,460026,474832,593700,467055,543063,607776,491676,457705,"54.3496","null","null","null","null","null","null","null",22,"2","4-Seam Fastball",1,4,1,4,4,1,1,4,"Standard","Strategic"
"FF","2018-06-17","89.6","-1.5453","6.1738","Chris Stratton",657571,608717,"null","ball",,,,,"14","null","R","R","R","LAD","SF","B","null","null",0,0,2018,"-0.3045","1.1954","1.0353","1.4944","null","null","null",0,3,"Bot","null","null",,,460026,,"180617_210456","7.0136","-130.2882","-8.1533","-4.7536","23.2307","-17.1514","3.6895","1.9247","null","null","null","90.1430","2457","6.3240",530477,608717,460026,474832,593700,467055,543063,607776,491676,457705,"54.1746","null","null","null","null","null","null","null",22,"1","4-Seam Fastball",1,4,1,4,4,1,1,4,"Standard","Strategic"
"CU","2018-06-17","73.4","1.3563","6.2002","Caleb Ferguson",460026,657571,"null","called_strike",,,,,"5","null","R","R","L","LAD","SF","S","null","null",1,0,2018,"-0.4896","-1.4214","-0.1266","2.5359","null","null","null",2,3,"Top","null","null",,,518735,,"180617_210139","-2.1490","-106.6671","2.4055","-3.2658","20.0668","-43.5336","3.3889","1.5128","null","null","null","72.6850","2716","6.0320",530477,657571,518735,571970,523253,457759,571771,592626,641355,624577,"54.4669","null","null","null","null","null","null","null",21,"2","Curveball",1,4,4,1,4,1,4,1,"Infield shift","Standard"
"FF","2018-06-17","91.5","1.5978","6.0582","Caleb Ferguson",460026,657571,"null","ball",,,,,"12","null","R","R","L","LAD","SF","B","null","null",0,0,2018,"0.5812","1.2695","0.2849","4.3807","null","null","null",2,3,"Top","null","null",,,518735,,"180617_210126","-4.5267","-133.1510","-1.0601","7.8088","28.6596","-17.2502","3.4715","1.6518","null","null","null","91.0640","2084","6.0280",530477,657571,518735,571970,523253,457759,571771,592626,641355,624577,"54.4708","null","null","null","null","null","null","null",21,"1","4-Seam Fastball",1,4,4,1,4,1,4,1,"Infield shift","Standard"
"FF","2018-06-17","92.6","1.4294","6.0086","Caleb Ferguson",457705,657571,"null","ball",,,,,"11","null","R","R","L","LAD","SF","B","null","null",1,2,2018,"0.5656","1.5611","-0.8392","3.9508","null","null","null",1,3,"Top","null","null",,,518735,,"180617_210010","-6.9875","-134.7057","-2.8189","8.3362","28.9880","-12.9337","3.4654","1.6295","null","null","null","92.3130","2295","6.1130",530477,657571,518735,571970,523253,457759,571771,592626,641355,624577,"54.3859","null","null","null","null","null","null","null",20,"4","4-Seam Fastball",1,4,4,1,4,1,4,1,"Infield shift","Standard"
"FF","2018-06-17","91.6","1.3092","5.9518","Caleb Ferguson",457705,657571,"null","called_strike",,,,,"7","null","R","R","L","LAD","SF","S","null","null",1,0,2018,"0.8076","1.3617","-0.6624","1.5568","null","null","null",1,3,"Top","null","null",,,518735,,"180617_205933","-6.6989","-133.0094","-8.1113","11.0010","28.8306","-14.5361","3.5117","1.6759","null","null","null","91.3350","2279","6.2700",530477,657571,518735,571970,523253,457759,571771,592626,641355,624577,"54.2288","null","null","null","null","null","null","null",20,"2","4-Seam Fastball",1,4,4,1,4,1,4,1,"Infield shift","Standard"
"CH","2018-06-17","85.4","1.7004","5.9942","Caleb Ferguson",457705,657571,"null","ball",,,,,"12","null","R","R","L","LAD","SF","B","null","null",0,0,2018,"0.5991","1.3184","0.8540","3.5238","null","null","null",1,3,"Top","null","null",,,518735,,"180617_205919","-3.1679","-124.3603","-2.1773","6.7701","23.6010","-18.4056","3.4654","1.6295","null","null","null","85.2310","2065","6.0190",530477,657571,518735,571970,523253,457759,571771,592626,641355,624577,"54.4798","null","null","null","null","null","null","null",20,"1","Changeup",1,4,4,1,4,1,4,1,"Infield shift","Standard"
"FF","2018-06-17","91.0","1.7158","5.9679","Caleb Ferguson",474832,657571,"null","ball",,,,,"11","null","R","L","L","LAD","SF","B","null","null",1,1,2018,"0.6068","1.2055","-0.2075","3.8514","null","null","491676.00",1,3,"Top","null","null",,,518735,,"180617_205633","-6.0943","-132.4012","-1.9968","8.3325","26.4502","-17.8497","3.3067","1.5330","null","null","null","90.9700","2160","6.1340",530477,657571,518735,571970,523253,457759,571771,592626,641355,624577,"54.3650","null","null","null","null","null","null","null",19,"3","4-Seam Fastball",1,2,2,1,2,1,2,1,"Infield shift","Standard"
"FF","2018-06-17","91.3","1.3776","6.0063","Caleb Ferguson",474832,657571,"null","ball",,,,,"13","null","R","L","L","LAD","SF","B","null","null",0,1,2018,"0.5561","1.4753","-1.0221","1.1029","null","null","491676.00",1,3,"Top","null","null",,,518735,,"180617_205606","-7.2221","-132.5367","-9.5904","8.0750","27.9013","-12.9770","3.3993","1.4404","null","null","null","91.2050","2310","6.3300",530477,657571,518735,571970,523253,457759,571771,592626,641355,624577,"54.1687","null","null","null","null","null","null","null",19,"2","4-Seam Fastball",1,2,2,1,2,1,2,1,"Infield shift","Standard"
"CH","2018-06-17","88.7","1.3131","6.0934","Caleb Ferguson",474832,657571,"null","called_strike",,,,,"6","null","R","L","L","LAD","SF","S","null","null",0,0,2018,"0.7996","1.2080","0.7501","2.4983","null","null","491676.00",1,3,"Top","null","null",,,518735,,"180617_205544","-3.0003","-128.9762","-5.1652","9.4208","27.3429","-18.0476","3.3067","1.6257","null","null","null","88.0120","2185","5.9420",530477,657571,518735,571970,523253,457759,571771,592626,641355,624577,"54.5570","null","null","null","null","null","null","null",19,"1","Changeup",1,2,2,1,2,1,2,1,"Infield shift","Standard"
"FF","2018-06-17","92.6","1.4021","6.0940","Caleb Ferguson",491676,657571,"null","ball",,,,,"13","null","R","R","L","LAD","SF","B","null","null",1,1,2018,"0.8151","1.1660","-1.2482","0.8493","null","null","null",1,3,"Top","null","null",,,518735,,"180617_205437","-8.4665","-134.3441","-10.0485","11.5203","26.6168","-16.3124","3.4557","1.5815","null","null","null","92.3170","2280","6.0940",530477,657571,518735,571970,523253,457759,571771,592626,641355,624577,"54.4047","null","null","null","null","null","null","null",18,"3","4-Seam Fastball",1,2,2,1,2,1,2,1,"Standard","Standard"
"CU","2018-06-17","75.3","1.5347","6.1084","Caleb Ferguson",491676,657571,"null","ball",,,,,"14","null","R","R","L","LAD","SF","B","null","null",0,1,2018,"-0.6134","-1.3618","2.1410","2.3924","null","null","null",1,3,"Top","null","null",,,518735,,"180617_205421","2.2943","-109.4092","1.8342","-5.2288","20.9390","-43.4264","3.3168","1.5352","null","null","null","74.1680","2631","5.7220",530477,657571,518735,571970,523253,457759,571771,592626,641355,624577,"54.7770","null","null","null","null","null","null","null",18,"2","Curveball",1,2,2,1,2,1,2,1,"Standard","Standard"
"CU","2018-06-17","73.2","1.2448","6.1982","Caleb Ferguson",491676,657571,"null","called_strike",,,,,"4","null","R","R","L","LAD","SF","S","null","null",0,0,2018,"-0.4984","-1.3346","-0.2852","2.2445","null","null","null",1,3,"Top","null","null",,,518735,,"180617_205407","-2.2200","-106.3780","1.6198","-3.2957","18.8343","-42.5949","3.3893","1.4889","null","null","null","72.2190","2632","5.6840",530477,657571,518735,571970,523253,457759,571771,592626,641355,624577,"54.8147","null","null","null","null","null","null","null",18,"1","Curveball",1,2,2,1,2,1,2,1,"Standard","Standard"
"FF","2018-06-17","92.1","1.2229","6.1961","Caleb Ferguson",608717,657571,"null","called_strike",,,,,"4","null","R","R","L","LAD","SF","S","null","null",0,1,2018,"0.5811","1.1930","-0.3739","2.5009","null","null","null",0,3,"Top","null","null",,,518735,,"180617_205310","-5.2622","-133.8543","-6.0684","8.0160","27.9401","-16.9305","3.4812","1.6347","null","null","null","91.6360","2192","6.0040",530477,657571,518735,571970,523253,457759,571771,592626,641355,624577,"54.4951","null","null","null","null","null","null","null",17,"2","4-Seam Fastball",1,2,2,1,2,1,2,1,"Standard","Standard"
"FF","2018-06-17","91.2","1.4069","6.1549","Caleb Ferguson",608717,657571,"null","called_strike",,,,,"5","null","R","R","L","LAD","SF","S","null","null",0,0,2018,"0.6599","1.2097","0.1464","2.2222","null","null","null",0,3,"Top","null","null",,,518735,,"180617_205256","-4.5470","-132.6318","-6.5644","8.6543","26.4720","-16.8781","3.4349","1.5421","null","null","null","91.0140","2146","6.0590",530477,657571,518735,571970,523253,457759,571771,592626,641355,624577,"54.4402","null","null","null","null","null","null","null",17,"1","4-Seam Fastball",1,2,2,1,2,1,2,1,"Standard","Standard"
"FF","2018-06-17","91.4","-1.6526","6.1188","Chris Stratton",523253,608717,"null","ball",,,,,"14","null","R","R","R","LAD","SF","B","null","null",0,1,2018,"-0.4232","1.3464","0.7410","0.9302","null","null","null",2,2,"Bot","null","null",,,460026,,"180617_204949","6.9288","-132.7536","-10.0895","-6.3993","26.3683","-14.3922","3.3387","1.5129","null","null","null","91.5320","2575","6.3100",530477,608717,460026,474832,593700,467055,543063,607776,491676,457705,"54.1895","null","null","null","null","null","null","null",16,"2","4-Seam Fastball",1,2,1,2,2,1,1,2,"Standard","Standard"
"FF","2018-06-17","91.8","-1.6449","6.1814","Chris Stratton",523253,608717,"null","called_strike",,,,,"8","null","R","R","R","LAD","SF","S","null","null",0,0,2018,"-0.4443","1.3097","0.1240","1.5619","null","null","null",2,2,"Bot","null","null",,,460026,,"180617_204937","5.4289","-133.4039","-8.6638","-6.4283","27.4049","-14.9380","3.3488","1.6156","null","null","null","91.8740","2509","6.3070",530477,608717,460026,474832,593700,467055,543063,607776,491676,457705,"54.1925","null","null","null","null","null","null","null",16,"1","4-Seam Fastball",1,2,1,2,2,1,1,2,"Standard","Standard"
"FF","2018-06-17","92.2","-1.5161","6.1073","Chris Stratton",571771,608717,"null","called_strike",,,,,"8","null","R","R","R","LAD","SF","S","null","null",0,0,2018,"-0.8043","1.3363","-0.0056","1.7920","null","null","null",1,2,"Bot","null","null",,,460026,,"180617_204824","5.5901","-134.0765","-8.0809","-10.8788","26.9148","-14.5388","3.3993","1.5855","null","null","null","92.5450","2469","6.3710",530477,608717,460026,474832,593700,467055,543063,607776,491676,457705,"54.1280","null","null","null","null","null","null","null",15,"1","4-Seam Fastball",1,2,1,2,2,1,1,2,"Strategic","Standard"
"FF","2018-06-17","90.6","-1.6589","6.1316","Chris Stratton",624577,608717,"null","ball",,,,,"13","null","R","R","R","LAD","SF","B","null","null",1,0,2018,"-0.5590","1.3690","-0.8908","0.8574","null","null","null",0,2,"Bot","null","null",,,460026,,"180617_204729","3.1155","-131.6264","-10.2064","-7.1580","25.4621","-14.3388","3.5761","1.7061","null","null","null","90.9960","2455","6.4190",530477,608717,460026,474832,593700,467055,543063,607776,491676,457705,"54.0802","null","null","null","null","null","null","null",14,"2","4-Seam Fastball",1,2,1,2,2,1,1,2,"Standard","Standard"
"FF","2018-06-17","91.1","-1.5579","6.1726","Chris Stratton",624577,608717,"null","ball",,,,,"14","null","R","R","R","LAD","SF","B","null","null",0,0,2018,"-0.6489","1.3378","0.0464","1.3770","null","null","null",0,2,"Bot","null","null",,,460026,,"180617_204713","5.4450","-132.4189","-9.0922","-8.7881","25.8590","-14.6618","3.6224","1.6598","null","null","null","91.6880","2460","6.5120",530477,608717,460026,474832,593700,467055,543063,607776,491676,457705,"53.9869","null","null","null","null","null","null","null",14,"1","4-Seam Fastball",1,2,1,2,2,1,1,2,"Standard","Standard"
"FF","2018-06-17","92.4","1.3303","6.0662","Caleb Ferguson",593700,657571,"null","called_strike",,,,,"6","null","R","R","L","LAD","SF","S","null","null",0,0,2018,"0.6894","1.4563","0.6398","2.7530","null","null","null",2,2,"Top","null","null",,,518735,,"180617_204403","-3.2436","-134.4639","-5.7581","9.0160","29.5170","-13.5949","3.4353","1.5833","null","null","null","92.1780","2282","6.1810",530477,657571,518735,571970,523253,457759,571771,592626,641355,624577,"54.3186","null","null","null","null","null","null","null",13,"1","4-Seam Fastball",1,2,2,1,2,1,2,1,"Standard","Standard"
"CU","2018-06-17","74.7","1.1730","6.1218","Caleb Ferguson",467055,657571,"null","ball",,,,,"11","null","R","R","L","LAD","SF","B","null","null",2,2,2018,"-0.5673","-1.5123","-1.2348","2.4680","null","null","null",1,2,"Top","null","null",,,518735,,"180617_204313","-3.9306","-108.5038","2.3287","-3.5886","20.9345","-44.4841","3.0471","1.5754","null","null","null","73.4620","2926","5.6930",530477,657571,518735,571970,523253,457759,571771,592626,641355,624577,"54.8062","null","null","null","null","null","null","null",12,"6","Curveball",1,2,2,1,2,1,2,1,"Standard","Standard"
"CU","2018-06-17","75.0","1.2969","6.1058","Caleb Ferguson",467055,657571,"null","ball",,,,,"12","null","R","R","L","LAD","SF","B","null","null",1,1,2018,"-0.3314","-1.5544","1.0939","4.0622","null","null","null",1,2,"Top","null","null",,,518735,,"180617_204217","0.1535","-108.8803","5.6672","-2.5985","20.9779","-45.5816","3.1397","1.4827","null","null","null","73.9060","2717","5.8240",530477,657571,518735,571970,523253,457759,571771,592626,641355,624577,"54.6751","null","null","null","null","null","null","null",12,"3","Curveball",1,2,2,1,2,1,2,1,"Standard","Standard"
"CU","2018-06-17","74.6","1.2683","6.1347","Caleb Ferguson",467055,657571,"null","ball",,,,,"12","null","R","R","L","LAD","SF","B","null","null",0,1,2018,"-0.3395","-1.4157","0.3726","3.2834","null","null","null",1,2,"Top","null","null",,,518735,,"180617_204203","-1.2425","-108.3313","3.9027","-2.3828","21.2500","-44.1469","3.0471","1.3901","null","null","null","73.8430","2653","6.1170",530477,657571,518735,571970,523253,457759,571771,592626,641355,624577,"54.3816","null","null","null","null","null","null","null",12,"2","Curveball",1,2,2,1,2,1,2,1,"Standard","Standard"
"FF","2018-06-17","91.2","1.2906","6.1265","Caleb Ferguson",467055,657571,"null","called_strike",,,,,"5","null","R","R","L","LAD","SF","S","null","null",0,0,2018,"0.6664","1.5378","-0.1807","2.4273","null","null","null",1,2,"Top","null","null",,,518735,,"180617_204150","-5.0606","-132.5526","-6.5887","8.8096","28.2699","-13.1686","3.1035","1.5754","null","null","null","90.4410","2201","5.8870",530477,657571,518735,571970,523253,457759,571771,592626,641355,624577,"54.6125","null","null","null","null","null","null","null",12,"1","4-Seam Fastball",1,2,2,1,2,1,2,1,"Standard","Standard"
"FF","2018-06-17","91.5","1.3182","6.0746","Caleb Ferguson",607776,657571,"null","ball",,,,,"11","null","R","R","L","LAD","SF","B","null","null",1,2,2018,"0.5120","1.5754","-1.2852","2.7221","null","null","null",0,2,"Top","null","null",,,518735,,"180617_204029","-7.6171","-132.9511","-5.9312","7.5760","26.7690","-12.6014","3.6105","1.7384","null","null","null","91.2580","2222","6.0870",530477,657571,518735,571970,523253,457759,571771,592626,641355,624577,"54.4118","null","null","null","null","null","null","null",11,"4","4-Seam Fastball",1,2,2,1,2,1,2,1,"Standard","Standard"
"FF","2018-06-17","92.5","1.2988","6.0628","Caleb Ferguson",607776,657571,"null","ball",,,,,"13","null","R","R","L","LAD","SF","B","null","null",0,1,2018,"0.5059","1.6772","-2.1173","2.3124","null","null","null",0,2,"Top","null","null",,,518735,,"180617_203955","-9.7069","-134.1658","-7.2966","8.0039","26.7969","-10.8254","3.7957","1.7384","null","null","null","91.9730","2237","5.9800",530477,657571,518735,571970,523253,457759,571771,592626,641355,624577,"54.5186","null","null","null","null","null","null","null",11,"2","4-Seam Fastball",1,2,2,1,2,1,2,1,"Infield shift","Standard"
"FF","2018-06-17","90.5","1.3599","6.1714","Caleb Ferguson",607776,657571,"null","called_strike",,,,,"4","null","R","R","L","LAD","SF","S","null","null",0,0,2018,"0.4221","1.5687","-0.6770","2.8068","null","null","null",0,2,"Top","null","null",,,518735,,"180617_203941","-5.9488","-131.6574","-5.7649","6.0954","26.9481","-13.0859","3.7293","1.7485","null","null","null","90.2950","2120","6.0970",530477,657571,518735,571970,523253,457759,571771,592626,641355,624577,"54.4018","null","null","null","null","null","null","null",11,"1","4-Seam Fastball",1,2,2,1,2,1,2,1,"Infield shift","Standard"
"FF","2018-06-17","91.8","-1.8111","6.1586","Chris Stratton",518735,608717,"null","called_strike",,,,,"1","null","R","L","R","LAD","SF","S","null","null",2,0,2018,"-0.3959","1.0504","-0.7756","2.8820","null","457759.00","null",2,1,"Bot","null","null",,,460026,,"180617_203512","3.4757","-133.7533","-4.7797","-5.4443","25.7556","-18.7790","3.2888","1.3984","null","null","null","92.2870","2484","6.2710",530477,608717,460026,474832,593700,467055,543063,607776,491676,457705,"54.2280","null","null","null","null","null","null","null",10,"3","4-Seam Fastball",1,2,1,2,2,1,1,2,"Strategic","Strategic"
"CU","2018-06-17","77.6","-1.6017","6.1808","Chris Stratton",518735,608717,"null","ball",,,,,"11","null","R","L","R","LAD","SF","B","null","null",1,0,2018,"1.2651","-0.7979","-0.7640","3.0392","null","457759.00","null",2,1,"Bot","null","null",,,460026,,"180617_203447","-0.4505","-112.7915","1.6222","10.5824","21.0556","-39.3582","2.7163","1.2384","null","null","null","76.4700","3087","5.5960",530477,608717,460026,474832,593700,467055,543063,607776,491676,457705,"54.9031","null","null","null","null","null","null","null",10,"2","Curveball",1,2,1,2,2,1,1,2,"Strategic","Strategic"
"FF","2018-06-17","91.5","-1.7472","6.1761","Chris Stratton",641355,608717,"null","ball",,,,,"14","null","R","L","R","LAD","SF","B","null","null",1,1,2018,"0.0255","1.2986","1.1523","2.2683","null","571970.00","457759.00",1,1,"Bot","null","null",,,460026,,"180617_203214","7.2410","-132.9308","-6.7543","-1.2068","27.6995","-15.6078","3.7952","1.7193","null","null","null","91.3970","2475","6.2530",530477,608717,460026,474832,593700,467055,543063,607776,491676,457705,"54.2457","null","null","null","null","null","null","null",9,"3","4-Seam Fastball",0,2,0,2,2,0,0,2,"Standard","Strategic"
"FF","2018-06-17","92.0","-1.8100","6.1407","Chris Stratton",641355,608717,"null","ball",,,,,"12","null","R","L","R","LAD","SF","B","null","null",0,1,2018,"0.0260","1.1921","0.0115","4.0620","null","571970.00","457759.00",1,1,"Bot","null","null",,,460026,,"180617_203153","4.5701","-134.0015","-2.0421","-0.6457","28.1382","-17.5799","3.7952","1.7193","null","null","null","92.2520","2483","6.3240",530477,608717,460026,474832,593700,467055,543063,607776,491676,457705,"54.1751","null","null","null","null","null","null","null",9,"2","4-Seam Fastball",0,2,0,2,2,0,0,2,"Standard","Strategic"
"CU","2018-06-17","78.0","-1.4705","6.2483","Chris Stratton",457759,608717,"null","ball",,,,,"14","null","R","R","R","LAD","SF","B","null","null",1,2,2018,"1.3596","-0.8071","2.4177","1.5989","null","null","571970.00",1,1,"Bot","null","null",,,460026,,"180617_203018","5.8527","-113.3835","-1.5518","10.3335","22.8341","-38.9496","3.3969","1.5007","null","null","null","77.2520","3136","6.0430",530477,608717,460026,474832,593700,467055,543063,607776,491676,457705,"54.4558","null","null","null","null","null","null","null",8,"5","Curveball",0,2,0,2,2,0,0,2,"Standard","Standard"
"FC","2018-06-17","91.7","-1.8028","6.1387","Chris Stratton",457759,608717,"null","called_strike",,,,,"5","null","R","R","R","LAD","SF","S","null","null",1,0,2018,"0.0982","1.2929","-0.0365","2.6662","null","null","571970.00",1,1,"Bot","null","null",,,460026,,"180617_202905","4.2513","-133.4977","-5.7403","0.3250","26.6991","-15.7534","3.5458","1.5832","null","null","null","91.9240","2270","6.2400",530477,608717,460026,474832,593700,467055,543063,607776,491676,457705,"54.2590","null","null","null","null","null","null","null",8,"2","Cutter",0,2,0,2,2,0,0,2,"Standard","Standard"
"FF","2018-06-17","90.3","-1.7299","6.2123","Chris Stratton",457759,608717,"null","ball",,,,,"12","null","R","R","R","LAD","SF","B","null","null",0,0,2018,"-0.1316","0.9557","1.1695","2.8099","null","null","571970.00",1,1,"Bot","null","null",,,460026,,"180617_202845","7.5138","-131.3780","-4.6129","-2.9870","25.3385","-20.3119","3.4894","1.5006","null","null","null","90.8250","2407","6.4170",530477,608717,460026,474832,593700,467055,543063,607776,491676,457705,"54.0819","null","null","null","null","null","null","null",8,"1","4-Seam Fastball",0,2,0,2,2,0,0,2,"Standard","Standard"
"FF","2018-06-17","91.3","-1.6191","6.1094","Chris Stratton",571970,608717,"walk","ball",,,,,"13","Max Muncy walks.  ","R","L","R","LAD","SF","B","null","null",3,0,2018,"-0.1020","1.4614","-1.4321","1.8682","null","null","null",1,1,"Bot","null","null",,,460026,,"180617_202805","0.6865","-132.7359","-7.8929","-1.3432","27.6521","-13.5453","3.2481","1.5491","null","null","null","91.1330","2197","6.1770",530477,608717,460026,474832,593700,467055,543063,607776,491676,457705,"54.3216","null","null","0.70",1,0,0,"null",7,"4","4-Seam Fastball",0,2,0,2,2,0,0,2,"Infield shift","Standard"
"FF","2018-06-17","90.3","-1.6427","6.1601","Chris Stratton",571970,608717,"null","ball",,,,,"12","null","R","L","R","LAD","SF","B","null","null",2,0,2018,"0.0094","0.8906","0.2716","3.3544","null","null","null",1,1,"Bot","null","null",,,460026,,"180617_202751","4.7495","-131.5036","-2.9902","-0.7999","25.1797","-21.4091","3.2018","1.4101","null","null","null","90.7490","2258","6.3020",530477,608717,460026,474832,593700,467055,543063,607776,491676,457705,"54.1971","null","null","null","null","null","null","null",7,"3","4-Seam Fastball",0,2,0,2,2,0,0,2,"Infield shift","Standard"
"FC","2018-06-17","90.9","-1.5840","6.1147","Chris Stratton",571970,608717,"null","ball",,,,,"7","null","R","L","R","LAD","SF","B","null","null",1,0,2018,"0.0506","1.3144","-0.3494","1.3977","null","null","null",1,1,"Bot","null","null",,,460026,,"180617_202734","2.9832","-132.2410","-8.7314","-0.0111","26.8054","-15.1838","3.2481","1.5028","null","null","null","91.0180","2350","6.2630",530477,608717,460026,474832,593700,467055,543063,607776,491676,457705,"54.2359","null","null","null","null","null","null","null",7,"2","Cutter",0,2,0,2,2,0,0,2,"Infield shift","Standard"
"FF","2018-06-17","91.3","-1.6827","6.1287","Chris Stratton",571970,608717,"null","ball",,,,,"13","null","R","L","R","LAD","SF","B","null","null",0,0,2018,"-0.7759","1.2235","-1.9428","0.6114","null","null","null",1,1,"Bot","null","null",,,460026,,"180617_202718","0.9854","-132.6065","-10.5140","-9.2639","27.7862","-15.9163","3.2481","1.5491","null","null","null","90.7410","2362","6.0080",530477,608717,460026,474832,593700,467055,543063,607776,491676,457705,"54.4912","null","null","null","null","null","null","null",7,"1","4-Seam Fastball",0,2,0,2,2,0,0,2,"Infield shift","Standard"
"FF","2018-06-17","92.6","-1.6112","6.1176","Chris Stratton",592626,608717,"null","ball",,,,,"9","null","R","L","R","LAD","SF","B","null","null",2,2,2018,"-0.0813","1.3927","0.4007","1.7789","null","null","null",0,1,"Bot","null","null",,,460026,,"180617_202556","5.2966","-134.5003","-8.2601","-2.1185","28.8306","-13.7735","3.5140","1.5047","null","null","null","92.3880","2481","6.2370",530477,608717,460026,474832,593700,467055,543063,607776,491676,457705,"54.2616","null","null","null","null","null","null","null",6,"5","4-Seam Fastball",0,2,0,2,2,0,0,2,"Standard","Standard"
"FF","2018-06-17","91.5","-1.7282","6.0911","Chris Stratton",592626,608717,"null","ball",,,,,"13","null","R","L","R","LAD","SF","B","null","null",1,1,2018,"-0.3582","1.3868","-0.5391","0.2238","null","null","null",0,1,"Bot","null","null",,,460026,,"180617_202517","3.7683","-132.8547","-11.9068","-5.0285","27.1778","-13.4581","3.4124","1.6431","null","null","null","91.5990","2323","6.3680",530477,608717,460026,474832,593700,467055,543063,607776,491676,457705,"54.1306","null","null","null","null","null","null","null",6,"3","4-Seam Fastball",0,2,0,2,2,0,0,2,"Standard","Standard"
"FF","2018-06-17","92.1","-1.7057","6.1682","Chris Stratton",592626,608717,"null","ball",,,,,"7","null","R","L","R","LAD","SF","B","null","null",0,1,2018,"-0.2969","1.3498","-0.7429","1.4965","null","null","null",0,1,"Bot","null","null",,,460026,,"180617_202501","3.0609","-133.8684","-8.9091","-4.1491","25.9432","-14.4863","3.5977","1.5967","null","null","null","91.9480","2426","6.0320",530477,608717,460026,474832,593700,467055,543063,607776,491676,457705,"54.4674","null","null","null","null","null","null","null",6,"2","4-Seam Fastball",0,2,0,2,2,0,0,2,"Standard","Standard"
"FF","2018-06-17","90.5","-1.6653","6.2465","Chris Stratton",592626,608717,"null","called_strike",,,,,"8","null","R","L","R","LAD","SF","S","null","null",0,0,2018,"-0.0744","1.2537","-0.2576","1.6412","null","null","null",0,1,"Bot","null","null",,,460026,,"180617_202448","3.6454","-131.5866","-8.1898","-1.5514","24.9247","-16.3281","3.6467","1.7222","null","null","null","90.3560","2357","6.0050",530477,608717,460026,474832,593700,467055,543063,607776,491676,457705,"54.4938","null","null","null","null","null","null","null",6,"1","4-Seam Fastball",0,2,0,2,2,0,0,2,"Standard","Standard"
"FF","2018-06-17","93.5","1.1978","6.1500","Caleb Ferguson",543063,657571,"null","ball",,,,,"13","null","R","L","L","LAD","SF","B","null","null",1,0,2018,"0.6129","1.4100","-1.6036","1.6422","null","null","null",2,1,"Top","null","null",,,518735,,"180617_202204","-8.4830","-135.6909","-8.8404","9.3271","29.5144","-13.2686","3.4958","1.6317","null","null","null","92.7900","2218","6.0030",530477,657571,518735,571970,523253,457759,571771,592626,641355,624577,"54.4962","null","null","null","null","null","null","null",5,"2","4-Seam Fastball",0,2,2,0,2,0,2,0,"Standard","Standard"
"CU","2018-06-17","75.0","1.3761","6.2078","Caleb Ferguson",543063,657571,"null","ball",,,,,"13","null","R","L","L","LAD","SF","B","null","null",0,0,2018,"-0.7074","-1.4132","-0.8946","1.2387","null","null","null",2,1,"Top","null","null",,,518735,,"180617_202149","-3.4277","-109.0453","-0.6422","-4.8110","20.2852","-43.2146","3.4495","1.5854","null","null","null","73.6530","2702","5.4560",530477,657571,518735,571970,523253,457759,571771,592626,641355,624577,"55.0426","null","null","null","null","null","null","null",5,"1","Curveball",0,2,2,0,2,0,2,0,"Standard","Standard"
"CU","2018-06-17","75.1","1.3189","6.0854","Caleb Ferguson",457705,657571,"strikeout","called_strike",,,,,"2","Andrew McCutchen called out on strikes.  ","R","R","L","LAD","SF","S",2,"null",0,2,2018,"-0.6181","-1.4472","0.1782","3.2512","null","null","474832.00",1,1,"Top","null","null",,,518735,,"180617_201712","-1.2732","-109.1463","3.8558","-4.5837","21.0682","-44.4855","3.5117","1.6759","null","null","null","74.1990","2667","5.9070",530477,657571,518735,571970,523253,457759,571771,592626,641355,624577,"54.5919","null","null","0.00",1,0,0,"null",3,"4","Curveball",0,0,0,0,0,0,0,0,"Standard","Standard"
"FF","2018-06-17","93.1","1.5862","6.0659","Caleb Ferguson",457705,657571,"null","called_strike",,,,,"1","null","R","R","L","LAD","SF","S","null","null",0,1,2018,"0.7722","1.6124","-0.4930","3.3400","null","null","474832.00",1,1,"Top","null","null",,,518735,,"180617_201620","-6.9591","-135.3604","-4.6771","10.8855","29.4089","-11.8185","3.4654","1.7222","null","null","null","92.5240","2149","5.9810",530477,657571,518735,571970,523253,457759,571771,592626,641355,624577,"54.5177","null","null","null","null","null","null","null",3,"2","4-Seam Fastball",0,0,0,0,0,0,0,0,"Standard","Standard"
"CU","2018-06-17","74.3","1.1176","6.1701","Caleb Ferguson",474832,657571,"walk","ball",,,,,"13","Brandon Belt walks.  ","R","L","L","LAD","SF","B","null","null",3,2,2018,"-0.7450","-1.4325","-1.9787","1.7060","null","null","null",1,1,"Top","null","null",,,518735,,"180617_201516","-5.0262","-107.9934","0.6287","-4.8376","19.8492","-43.6063","3.3529","1.5793","null","null","null","73.8470","2853","6.1400",530477,657571,518735,571970,523253,457759,571771,592626,641355,624577,"54.3590","null","null","0.70",1,0,0,"null",2,"8","Curveball",0,0,0,0,0,0,0,0,"Infield shift","Standard"
"FF","2018-06-17","92.7","1.2660","6.0846","Caleb Ferguson",474832,657571,"null","ball",,,,,"11","null","R","L","L","LAD","SF","B","null","null",2,2,2018,"0.8129","1.4735","-0.5764","3.9737","null","null","null",1,1,"Top","null","null",,,518735,,"180617_201438","-6.4071","-134.9240","-2.7888","11.1201","27.1508","-14.0130","3.3066","1.5793","null","null","null","92.3710","2295","5.9110",530477,657571,518735,571970,523253,457759,571771,592626,641355,624577,"54.5879","null","null","null","null","null","null","null",2,"6","4-Seam Fastball",0,0,0,0,0,0,0,0,"Infield shift","Standard"
"FF","2018-06-17","93.9","1.2645","6.1079","Caleb Ferguson",474832,657571,"null","ball",,,,,"11","null","R","L","L","LAD","SF","B","null","null",1,2,2018,"0.6671","1.5428","-1.1029","2.9609","null","null","null",1,1,"Top","null","null",,,518735,,"180617_201400","-7.5007","-136.4910","-5.7497","9.7552","27.5731","-12.1782","3.3066","1.4866","null","null","null","93.3490","2266","5.8390",530477,657571,518735,571970,523253,457759,571771,592626,641355,624577,"54.6597","null","null","null","null","null","null","null",2,"4","4-Seam Fastball",0,0,0,0,0,0,0,0,"Infield shift","Standard"
"FF","2018-06-17","94.3","1.2481","6.0532","Caleb Ferguson",474832,657571,"null","ball",,,,,"13","null","R","L","L","LAD","SF","B","null","null",0,0,2018,"0.7251","1.5321","-1.8254","0.9012","null","null","null",1,1,"Top","null","null",,,518735,,"180617_201306","-9.4413","-136.6069","-10.8498","10.9652","29.5173","-11.2068","3.3993","1.5329","null","null","null","93.1680","2305","5.8250",530477,657571,518735,571970,523253,457759,571771,592626,641355,624577,"54.6743","null","null","null","null","null","null","null",2,"1","4-Seam Fastball",0,0,0,0,0,0,0,0,"Infield shift","Standard"
"FF","2018-06-17","94.0","1.2861","6.1074","Caleb Ferguson",491676,657571,"null","ball",,,,,"13","null","R","R","L","LAD","SF","B","null","null",0,2,2018,"0.8429","1.5624","-0.9848","2.3118","null","null","null",0,1,"Top","null","null",,,518735,,"180617_201215","-7.6367","-136.5047","-7.4378","12.0069","29.0149","-11.5769","3.4093","1.5351","null","null","null","93.2120","2263","5.8590",530477,657571,518735,571970,523253,457759,571771,592626,641355,624577,"54.6403","null","null","null","null","null","null","null",1,"3","4-Seam Fastball",0,0,0,0,0,0,0,0,"Standard","Standard"
"FF","2018-06-17","91.6","1.3429","6.1963","Caleb Ferguson",491676,657571,"null","called_strike",,,,,"6","null","R","R","L","LAD","SF","S","null","null",0,0,2018,"0.9063","1.2625","0.3187","2.2650","null","null","null",0,1,"Top","null","null",,,518735,,"180617_201137","-4.5170","-133.2026","-6.7558","11.6914","27.9785","-16.0091","3.3593","1.6811","null","null","null","91.4500","2112","6.1860",530477,657571,518735,571970,523253,457759,571771,592626,641355,624577,"54.3132","null","null","null","null","null","null","null",1,"1","4-Seam Fastball",0,0,0,0,0,0,0,0,"Standard","Standard"