"pitch_type","game_date","release_speed","release_pos_x","release_pos_z","player_name","batter","pitcher","events","description","spin_dir","spin_rate_deprecated","break_angle_deprecated","break_length_deprecated","zone","des","game_type","stand","p_throws","home_team","away_team","type","hit_location","bb_type","balls","strikes","game_year","pfx_x","pfx_z","plate_x","plate_z","on_3b","on_2b","on_1b","outs_when_up","inning","inning_topbot","hc_x","hc_y","tfs_deprecated","tfs_zulu_deprecated","pos2_person_id","umpire","sv_id","vx0","vy0","vz0","ax","ay","az","sz_top","sz_bot","hit_distance_sc","launch_speed","launch_angle","effective_speed","release_spin_rate","release_extension","game_pk","pos1_person_id","pos2_person_id","pos3_person_id","pos4_person_id","pos5_person_id","pos6_person_id","pos7_person_id","pos8_person_id","pos9_person_id","release_pos_y","estimated_ba_using_speedangle","estimated_woba_using_speedangle","woba_value","woba_denom","babip_value","iso_value","launch_speed_angle","at_bat_number","pitch_number","pitch_name","home_score","away_score","bat_score","fld_score","post_away_score","post_home_score","post_bat_score","post_fld_score","if_fielding_alignment","of_fielding_alignment"
"KC","2018-09-07","81.5","-1.0484","5.6334","Jeremy Jeffress",460026,502026,"strikeout","called_strike",,,,,"8","Nick Hundley called out on strikes.  ","R","R","R","MIL","SF","S",2,"null",0,2,2018,"0.5090","-0.8054","0.1926","1.5877","null","null","null",1,9,"Top","null","null",,,456124,,"180908_030016","1.8137","-118.5947","-0.9710","4.3841","22.7374","-39.7126","3.4808","1.5925","null","null","null","80.9690","2523","5.9330",531522,502026,456124,542583,541650,543768,606115,592885,456715,542979,"54.5666","null","null","0.00",1,0,0,"null",68,"3","Knuckle Curve",4,2,2,4,2,4,2,4,"Standard","Standard"
"KC","2018-09-07","81.3","-0.9993","5.6716","Jeremy Jeffress",460026,502026,"null","called_strike",,,,,"7","null","R","R","R","MIL","SF","S","null","null",0,1,2018,"0.7115","-0.9191","-0.6661","1.8446","null","null","null",1,9,"Top","null","null",,,456124,,"180908_025945","-0.5858","-118.3270","-0.2375","6.6720","22.9277","-40.8440","3.3645","1.5635","null","null","null","80.6130","2461","5.8430",531522,502026,456124,542583,541650,543768,606115,592885,456715,542979,"54.6567","null","null","null","null","null","null","null",68,"2","Knuckle Curve",4,2,2,4,2,4,2,4,"Infield shift","Standard"
"FF","2018-09-07","95.9","-0.9415","5.8883","Jeremy Jeffress",460026,502026,"null","called_strike",,,,,"1","null","R","R","R","MIL","SF","S","null","null",0,0,2018,"-0.6124","1.2270","-0.4453","3.1116","null","null","null",1,9,"Top","null","null",,,456124,,"180908_025927","2.7198","-139.7075","-4.5904","-8.6821","29.9849","-15.1585","3.3645","1.5344","null","null","null","96.6280","2195","6.5370",531522,502026,456124,542583,541650,543768,606115,592885,456715,542979,"53.9627","null","null","null","null","null","null","null",68,"1","4-Seam Fastball",4,2,2,4,2,4,2,4,"Infield shift","Standard"
"KC","2018-09-07","82.0","-1.0409","5.6446","Jeremy Jeffress",474832,502026,"null","ball",,,,,"13","null","R","L","R","MIL","SF","B","null","null",2,2,2018,"0.6239","-0.6787","-0.3599","1.3806","null","null","null",0,9,"Top","null","null",,,456124,,"180908_025754","0.3555","-119.4008","-1.8281","5.8118","22.0177","-38.4619","3.3701","1.6535","null","null","null","81.5080","2566","5.8250",531522,502026,456124,542583,541650,543768,606115,592885,456715,542979,"54.6746","null","null","null","null","null","null","null",67,"5","Knuckle Curve",4,2,2,4,2,4,2,4,"Infield shift","Standard"
"KC","2018-09-07","81.8","-1.0440","5.7122","Jeremy Jeffress",474832,502026,"null","ball",,,,,"11","null","R","L","R","MIL","SF","B","null","null",1,1,2018,"0.6710","-0.6476","-1.3730","4.0605","null","null","null",0,9,"Top","null","null",,,456124,,"180908_025702","-1.9910","-118.9613","3.9964","6.6446","21.5437","-39.1902","3.4864","1.6535","null","null","null","81.2750","2483","5.8400",531522,502026,456124,542583,541650,543768,606115,592885,456715,542979,"54.6593","null","null","null","null","null","null","null",67,"3","Knuckle Curve",4,2,2,4,2,4,2,4,"Strategic","Standard"
"KC","2018-09-07","80.1","-1.0760","5.6607","Jeremy Jeffress",474832,502026,"null","ball",,,,,"13","null","R","L","R","MIL","SF","B","null","null",0,0,2018,"0.8403","-0.6961","-1.0587","1.8249","null","null","null",0,9,"Top","null","null",,,456124,,"180908_025617","-1.5021","-116.5942","-0.4829","7.8036","21.8667","-38.5570","3.3992","1.6825","null","null","null","79.4440","2497","5.8100",531522,502026,456124,542583,541650,543768,606115,592885,456715,542979,"54.6890","null","null","null","null","null","null","null",67,"1","Knuckle Curve",4,2,2,4,2,4,2,4,"Strategic","Standard"
"FT","2018-09-07","90.7","3.6578","5.5490","Steven Okert",573135,595345,"null","ball",,,,,"12","null","R","R","L","MIL","SF","B","null","null",2,1,2018,"1.3294","0.6891","2.1792","3.0288","null","null","543768.00",2,8,"Bot","null","null",,,460026,,"180908_025248","-6.4892","-131.8438","-1.8143","16.7684","28.3336","-24.0431","3.4227","1.5635","null","null","null","90.3160","2351","6.1370",531522,595345,460026,474832,605412,446334,593700,622046,491676,596103,"54.3622","null","null","null","null","null","null","null",66,"4","2-Seam Fastball",4,2,4,2,2,4,4,2,"Standard","Standard"
"SL","2018-09-07","81.0","3.6159","5.5439","Steven Okert",573135,595345,"null","called_strike",,,,,"12","null","R","R","L","MIL","SF","S","null","null",2,0,2018,"-0.5614","0.4924","1.0097","2.9048","null","null","543768.00",2,8,"Bot","null","null",,,460026,,"180908_025228","-4.7124","-117.8515","-0.2042","-4.2450","21.3991","-27.9090","3.4517","1.5635","null","null","null","80.0290","2581","5.5260",531522,595345,460026,474832,605412,446334,593700,622046,491676,596103,"54.9730","null","null","null","null","null","null","null",66,"3","Slider",4,2,4,2,2,4,4,2,"Standard","Standard"
"CU","2018-09-07","75.7","3.3805","5.8803","Steven Okert",573135,595345,"null","ball",,,,,"14","null","R","R","L","MIL","SF","B","null","null",1,0,2018,"-1.0533","-0.5385","0.6747","1.0289","null","null","543768.00",2,8,"Bot","null","null",,,460026,,"180908_025208","-3.7661","-110.0207","-2.0640","-7.6225","19.3617","-36.3074","3.4808","1.5344","null","null","null","74.4510","2514","5.4120",531522,595345,460026,474832,605412,446334,593700,622046,491676,596103,"55.0870","null","null","null","null","null","null","null",66,"2","Curveball",4,2,4,2,2,4,4,2,"Standard","Standard"
"CU","2018-09-07","75.8","3.3641","5.9460","Steven Okert",573135,595345,"null","ball",,,,,"14","null","R","R","L","MIL","SF","B","null","null",0,0,2018,"-1.1937","-0.5896","1.4032","2.0662","null","null","543768.00",2,8,"Bot","null","null",,,460026,,"180908_025152","-2.0072","-110.2740","-0.0337","-9.1007","19.0129","-37.0893","3.4227","1.5635","null","null","null","74.6820","2609","5.4070",531522,595345,460026,474832,605412,446334,593700,622046,491676,596103,"55.0923","null","null","null","null","null","null","null",66,"1","Curveball",4,2,4,2,2,4,4,2,"Standard","Standard"
"SL","2018-09-07","84.3","3.6633","5.5289","Steven Okert",542979,595345,"strikeout","called_strike",,,,,"6","Keon Broxton called out on strikes.  ","R","R","L","MIL","SF","S",2,"null",0,2,2018,"-0.5014","0.4240","0.6281","2.4076","null","null","543768.00",1,8,"Bot","null","null",,,460026,,"180908_025109","-6.0018","-122.5897","-1.7254","-3.8658","22.1834","-27.9074","3.5136","1.5944","null","null","null","83.4550","2614","5.5770",531522,595345,460026,474832,605412,446334,593700,622046,491676,596103,"54.9222","null","null","0.00",1,0,0,"null",65,"3","Slider",4,2,4,2,2,4,4,2,"Standard","Standard"
"FF","2018-09-07","92.3","3.5477","5.7407","Steven Okert",542979,595345,"null","called_strike",,,,,"2","null","R","R","L","MIL","SF","S","null","null",0,1,2018,"0.7939","1.1440","-0.0173","3.5278","null","null","543768.00",1,8,"Bot","null","null",,,460026,,"180908_025024","-10.7038","-133.9623","-2.2184","11.8015","29.4309","-18.3022","3.5136","1.6525","null","null","null","91.6230","2432","6.0640",531522,595345,460026,474832,605412,446334,593700,622046,491676,596103,"54.4358","null","null","null","null","null","null","null",65,"2","4-Seam Fastball",4,2,4,2,2,4,4,2,"Standard","Standard"
"FF","2018-09-07","92.8","3.6604","5.5754","Steven Okert",542979,595345,"null","called_strike",,,,,"6","null","R","R","L","MIL","SF","S","null","null",0,0,2018,"0.7157","1.2319","0.5285","2.3338","null","null","543768.00",1,8,"Bot","null","null",,,460026,,"180908_025007","-9.4218","-134.5730","-5.0206","10.6255","30.2978","-16.6580","3.5427","1.6816","null","null","null","91.5140","2388","5.7910",531522,595345,460026,474832,605412,446334,593700,622046,491676,596103,"54.7086","null","null","null","null","null","null","null",65,"1","4-Seam Fastball",4,2,4,2,2,4,4,2,"Standard","Standard"
"FC","2018-09-07","85.9","3.6397","5.6061","Steven Okert",543768,595345,"null","ball",,,,,"7","null","R","L","L","MIL","SF","B","null","null",2,2,2018,"-0.3861","0.5699","-0.5686","1.8566","null","null","null",0,8,"Bot","null","null",,,460026,,"180908_024554","-9.1529","-124.8502","-3.8080","-2.4171","22.1626","-25.7307","3.8062","1.9150","null","null","null","85.9710","2635","6.1360",531522,595345,460026,474832,605412,446334,593700,622046,491676,596103,"54.3631","null","null","null","null","null","null","null",63,"6","Cutter",4,2,4,2,2,4,4,2,"Standard","Standard"
"FF","2018-09-07","91.5","3.4401","5.8914","Steven Okert",543768,595345,"null","ball",,,,,"12","null","R","L","L","MIL","SF","B","null","null",1,1,2018,"0.5828","1.4356","1.2722","3.1403","null","null","null",0,8,"Bot","null","null",,,460026,,"180908_024445","-6.6955","-132.9685","-4.0696","8.3870","30.9552","-14.6482","4.0097","2.1185","null","null","null","90.8880","2297","6.1860",531522,595345,460026,474832,605412,446334,593700,622046,491676,596103,"54.3129","null","null","null","null","null","null","null",63,"3","4-Seam Fastball",4,2,4,2,2,4,4,2,"Standard","Standard"
"SL","2018-09-07","80.2","3.5921","5.5955","Steven Okert",543768,595345,"null","ball",,,,,"13","null","R","L","L","MIL","SF","B","null","null",0,0,2018,"-0.4350","0.4317","-1.5322","1.1368","null","null","null",0,8,"Bot","null","null",,,460026,,"180908_024402","-10.3711","-116.3470","-3.9074","-2.0735","20.2224","-27.8800","3.7771","1.6825","null","null","null","79.2780","2602","5.6530",531522,595345,460026,474832,605412,446334,593700,622046,491676,596103,"54.8467","null","null","null","null","null","null","null",63,"1","Slider",4,2,4,2,2,4,4,2,"Standard","Standard"
"CU","2018-09-07","68.3","-2.0106","6.1918","Joakim Soria",446334,465657,"null","ball",,,,,"13","null","R","R","R","MIL","SF","B","null","null",0,0,2018,"0.8141","-1.5439","-1.1819","1.9361","null","null","null",2,8,"Top","null","null",,,456124,,"180908_024108","0.2529","-99.1877","2.5809","5.1644","20.5473","-42.8934","3.6371","1.6416","null","null","null","67.1670","2640","6.1540",531522,465657,456124,542583,541650,543768,606115,592885,456715,434158,"54.3452","null","null","null","null","null","null","null",62,"1","Curveball",4,2,2,4,2,4,2,4,"Infield shift","Standard"
"FF","2018-09-07","92.8","-2.9900","5.2162","Joakim Soria",596103,465657,"strikeout","called_strike",,,,,"4","Austin Slater called out on strikes.  ","R","R","R","MIL","SF","S",2,"null",3,2,2018,"-0.6306","1.4115","-0.6887","2.5935","null","null","null",1,8,"Top","null","null",,,456124,,"180908_024032","7.2367","-134.8132","-3.9264","-9.2872","31.1452","-14.4574","3.4936","1.6135","null","null","null","92.2790","2310","6.2120",531522,465657,456124,542583,541650,543768,606115,592885,456715,434158,"54.2870","null","null","0.00",1,0,0,"null",61,"6","4-Seam Fastball",4,2,2,4,2,4,2,4,"Standard","Standard"
"SL","2018-09-07","80.3","-3.0760","5.2434","Joakim Soria",596103,465657,"null","ball",,,,,"14","null","R","R","R","MIL","SF","B","null","null",2,2,2018,"1.3763","0.0983","1.0223","2.0318","null","null","null",1,8,"Top","null","null",,,456124,,"180908_024007","6.4565","-116.7392","-0.4930","10.9373","25.2400","-31.4475","3.4936","1.6135","null","null","null","79.4620","2760","6.0980",531522,465657,456124,542583,541650,543768,606115,592885,456715,434158,"54.4010","null","null","null","null","null","null","null",61,"5","Slider",4,2,2,4,2,4,2,4,"Standard","Standard"
"FF","2018-09-07","93.1","-2.9404","5.2089","Joakim Soria",596103,465657,"null","ball",,,,,"9","null","R","R","R","MIL","SF","B","null","null",1,1,2018,"-0.5149","1.4381","0.8090","1.5289","null","null","null",1,8,"Top","null","null",,,456124,,"180908_023919","10.7135","-135.0198","-6.7399","-8.6865","30.5105","-13.3768","3.4936","1.6135","null","null","null","92.6490","2330","6.2930",531522,465657,456124,542583,541650,543768,606115,592885,456715,434158,"54.2068","null","null","null","null","null","null","null",61,"3","4-Seam Fastball",4,2,2,4,2,4,2,4,"Standard","Standard"
"FF","2018-09-07","93.5","-3.1965","5.3110","Joakim Soria",596103,465657,"null","ball",,,,,"1","null","R","R","R","MIL","SF","B","null","null",0,1,2018,"-0.5864","1.3246","-0.8081","3.1787","null","null","null",1,8,"Top","null","null",,,456124,,"180908_023858","7.4243","-135.9111","-2.6188","-8.8978","30.8013","-15.5107","3.4645","1.5844","null","null","null","93.1620","2351","6.2250",531522,465657,456124,542583,541650,543768,606115,592885,456715,434158,"54.2743","null","null","null","null","null","null","null",61,"2","4-Seam Fastball",4,2,2,4,2,4,2,4,"Standard","Standard"
"FF","2018-09-07","92.3","-2.2305","5.8875","Joakim Soria",596103,465657,"null","called_strike",,,,,"5","null","R","R","R","MIL","SF","S","null","null",0,0,2018,"-0.1527","1.4564","-0.0803","2.7204","null","null","null",1,8,"Top","null","null",,,456124,,"180908_023841","5.7891","-134.2583","-5.3639","-3.1099","29.5814","-13.7200","3.4936","1.5844","null","null","null","92.0600","2413","6.2070",531522,465657,456124,542583,541650,543768,606115,592885,456715,434158,"54.2928","null","null","null","null","null","null","null",61,"1","4-Seam Fastball",4,2,2,4,2,4,2,4,"Standard","Standard"
"FF","2018-09-07","90.9","-2.2100","5.9647","Joakim Soria",605412,465657,"null","ball",,,,,"14","null","R","L","R","MIL","SF","B","null","null",0,1,2018,"-0.1365","1.4581","2.0049","2.4486","null","null","null",0,8,"Top","null","null",,,456124,,"180908_023737","10.8276","-131.9095","-5.9549","-3.9650","28.9626","-14.1346","3.4045","1.5544","null","null","null","90.5720","2326","6.3140",531522,465657,456124,542583,541650,543768,606115,592885,456715,434158,"54.1851","null","null","null","null","null","null","null",60,"2","4-Seam Fastball",4,2,2,4,2,4,2,4,"Standard","Standard"
"CH","2018-09-07","87.0","3.5178","5.0906","Tony Watson",542583,453265,"null","called_strike",,,,,"5","null","R","R","L","MIL","SF","S","null","null",0,0,2018,"1.5786","0.8448","-0.1527","2.5798","null","434158.00","519346.00",2,7,"Bot","null","null",,,460026,,"180908_023158","-11.8036","-126.0543","-1.4573","18.9278","26.3142","-23.3097","3.7171","1.8269","null","null","null","85.7390","2311","5.7790",531522,453265,460026,474832,605412,446334,593700,622046,491676,596103,"54.7207","null","null","null","null","null","null","null",57,"1","Changeup",2,2,2,2,2,2,2,2,"Standard","Standard"
"SL","2018-09-07","83.6","3.4068","5.1842","Tony Watson",592885,453265,"strikeout","called_strike",,,,,"4","Christian Yelich called out on strikes.  ","R","L","L","MIL","SF","S",2,"null",1,2,2018,"-0.4799","-0.0665","-0.7251","2.7020","null","434158.00","519346.00",1,7,"Bot","null","null",,,460026,,"180908_023052","-8.4848","-121.4539","0.8142","-3.0414","22.9862","-33.2144","3.3682","1.6816","null","null","null","82.6260","2434","5.6530",531522,453265,460026,474832,605412,446334,593700,622046,491676,596103,"54.8462","null","null","0.00",1,0,0,"null",56,"4","Slider",2,2,2,2,2,2,2,2,"Standard","Standard"
"SL","2018-09-07","83.4","3.3429","5.1149","Tony Watson",592885,453265,"null","ball",,,,,"12","null","R","L","L","MIL","SF","B","null","null",0,1,2018,"-0.5345","0.1185","0.5740","3.6722","null","434158.00","519346.00",1,7,"Bot","null","null",,,460026,,"180908_022938","-5.2701","-121.3313","2.7861","-4.2387","21.2928","-31.7504","3.3392","1.7688","null","null","null","82.5460","2379","5.5010",531522,453265,460026,474832,605412,446334,593700,622046,491676,596103,"54.9986","null","null","null","null","null","null","null",56,"2","Slider",2,2,2,2,2,2,2,2,"Standard","Standard"
"FF","2018-09-07","94.9","-2.3460","5.5768","Hunter Strickland",456715,519326,"null","ball",,,,,"14","null","R","R","R","MIL","SF","B","null","null",1,0,2018,"-0.1960","0.9673","2.3487","1.8153","null","434158.00","519346.00",0,7,"Bot","null","null",,,460026,,"180908_022446","12.6003","-137.4803","-6.2056","-5.2891","30.8989","-18.8878","3.8425","1.8460","null","null","null","94.0200","2546","6.0510",531522,519326,460026,474832,605412,446334,593700,622046,491676,596103,"54.4481","null","null","null","null","null","null","null",55,"2","4-Seam Fastball",2,2,2,2,2,2,2,2,"Strategic","Standard"
"FF","2018-09-07","93.6","-2.4304","5.4376","Hunter Strickland",456715,519326,"null","ball",,,,,"14","null","R","R","R","MIL","SF","B","null","null",0,0,2018,"-0.4112","1.1340","0.9139","2.0080","null","434158.00","519346.00",0,7,"Bot","null","null",,,460026,,"180908_022419","9.4694","-135.8694","-5.5183","-7.1491","30.2231","-17.2729","3.4645","1.6135","null","null","null","92.9960","2371","6.1010",531522,519326,460026,474832,605412,446334,593700,622046,491676,596103,"54.3987","null","null","null","null","null","null","null",55,"1","4-Seam Fastball",2,2,2,2,2,2,2,2,"Strategic","Standard"
"CH","2018-09-07","87.1","-2.1642","6.0158","Hunter Strickland",519346,519326,"walk","ball",,,,,"11","Eric Thames walks.   Curtis Granderson to 2nd.  ","R","L","R","MIL","SF","B","null","null",3,2,2018,"-1.1874","0.5962","-1.4456","2.8410","null","null","434158.00",0,7,"Bot","null","null",,,460026,,"180908_022309","4.0671","-126.5915","-2.5827","-13.3394","27.2497","-25.6166","3.3645","1.6507","null","null","null","86.0080","1641","5.7790",531522,519326,460026,474832,605412,446334,593700,622046,491676,596103,"54.7208","null","null","0.70",1,0,0,"null",54,"6","Changeup",2,2,2,2,2,2,2,2,"Infield shift","Standard"
"CH","2018-09-07","87.5","-2.2319","5.9305","Hunter Strickland",519346,519326,"null","ball",,,,,"11","null","R","L","R","MIL","SF","B","null","null",2,2,2018,"-1.1225","0.4087","-1.1615","2.6784","null","null","434158.00",0,7,"Bot","null","null",,,460026,,"180908_022242","4.8240","-127.3126","-2.4943","-13.0151","27.1838","-27.5248","3.3064","1.7669","null","null","null","86.7560","1640","5.9120",531522,519326,460026,474832,605412,446334,593700,622046,491676,596103,"54.5878","null","null","null","null","null","null","null",54,"5","Changeup",2,2,2,2,2,2,2,2,"Infield shift","Standard"
"CH","2018-09-07","87.9","-2.1065","5.9348","Hunter Strickland",519346,519326,"null","ball",,,,,"11","null","R","L","R","MIL","SF","B","null","null",1,1,2018,"-1.2478","0.6469","-1.3940","2.7412","null","null","434158.00",0,7,"Bot","null","null",,,460026,,"180908_022146","4.2277","-127.8919","-2.8972","-14.3231","27.4160","-24.8464","3.3645","1.7378","null","null","null","87.0600","1672","5.8520",531522,519326,460026,474832,605412,446334,593700,622046,491676,596103,"54.6472","null","null","null","null","null","null","null",54,"3","Changeup",2,2,2,2,2,2,2,2,"Standard","Standard"
"CH","2018-09-07","89.0","-2.2357","5.8966","Hunter Strickland",519346,519326,"null","ball",,,,,"11","null","R","L","R","MIL","SF","B","null","null",0,1,2018,"-1.2897","0.5027","-1.8662","2.8810","null","null","434158.00",0,7,"Bot","null","null",,,460026,,"180908_022057","3.5200","-129.4583","-2.3357","-14.9312","28.6938","-26.3998","3.3064","1.6507","null","null","null","87.9300","1631","5.7790",531522,519326,460026,474832,605412,446334,593700,622046,491676,596103,"54.7206","null","null","null","null","null","null","null",54,"2","Changeup",2,2,2,2,2,2,2,2,"Standard","Standard"
"SL","2018-09-07","81.4","-2.2031","5.7615","Hunter Strickland",434158,519326,"walk","ball",,,,,"14","Curtis Granderson walks.  ","R","L","R","MIL","SF","B","null","null",3,2,2018,"1.1940","-0.5536","0.5011","1.0048","null","null","null",0,7,"Bot","null","null",,,460026,,"180908_021941","3.7841","-118.4283","-2.9457","10.1919","24.7949","-36.9098","3.3464","1.6125","null","null","null","80.5130","2705","5.9100",531522,519326,460026,474832,605412,446334,593700,622046,491676,596103,"54.5895","null","null","0.70",1,0,0,"null",53,"7","Slider",2,2,2,2,2,2,2,2,"Infield shift","Standard"
"SL","2018-09-07","81.0","-2.2922","5.7962","Hunter Strickland",434158,519326,"null","ball",,,,,"13","null","R","L","R","MIL","SF","B","null","null",2,1,2018,"0.8796","-0.5387","-1.2235","2.5138","null","null","null",0,7,"Bot","null","null",,,460026,,"180908_021814","0.7459","-117.8457","0.3233","7.7914","23.5490","-37.3709","3.4336","1.6125","null","null","null","79.7460","2644","5.5470",531522,519326,460026,474832,605412,446334,593700,622046,491676,596103,"54.9524","null","null","null","null","null","null","null",53,"4","Slider",2,2,2,2,2,2,2,2,"Infield shift","Standard"
"FT","2018-09-07","89.9","-2.4310","5.7043","Hunter Strickland",434158,519326,"null","ball",,,,,"13","null","R","L","R","MIL","SF","B","null","null",1,1,2018,"-1.4334","0.4872","-2.2192","1.2013","null","null","null",0,7,"Bot","null","null",,,460026,,"180908_021744","3.4111","-130.6202","-6.0732","-16.6572","27.6105","-25.7327","3.3754","1.5835","null","null","null","88.5130","1507","5.5160",531522,519326,460026,474832,605412,446334,593700,622046,491676,596103,"54.9831","null","null","null","null","null","null","null",53,"3","2-Seam Fastball",2,2,2,2,2,2,2,2,"Infield shift","Standard"
"FF","2018-09-07","95.0","-2.4088","5.5567","Hunter Strickland",434158,519326,"null","ball",,,,,"11","null","R","L","R","MIL","SF","B","null","null",0,1,2018,"-0.7820","1.1361","-0.9479","3.4425","null","null","null",0,7,"Bot","null","null",,,460026,,"180908_021722","5.5637","-138.2827","-2.4346","-11.2146","29.7061","-17.3072","3.4045","1.5835","null","null","null","95.0860","2348","6.2390",531522,519326,460026,474832,605412,446334,593700,622046,491676,596103,"54.2599","null","null","null","null","null","null","null",53,"2","4-Seam Fastball",2,2,2,2,2,2,2,2,"Infield shift","Standard"
"FF","2018-09-07","94.8","-2.3445","5.5273","Hunter Strickland",434158,519326,"null","called_strike",,,,,"5","null","R","L","R","MIL","SF","S","null","null",0,0,2018,"-0.7378","1.1076","-0.1800","2.4510","null","null","null",0,7,"Bot","null","null",,,460026,,"180908_021702","7.2843","-137.9079","-4.8380","-10.9663","29.8342","-17.2453","3.3173","1.6707","null","null","null","94.7690","2298","6.2260",531522,519326,460026,474832,605412,446334,593700,622046,491676,596103,"54.2734","null","null","null","null","null","null","null",53,"1","4-Seam Fastball",2,2,2,2,2,2,2,2,"Infield shift","Standard"
"FT","2018-09-07","94.2","3.4555","5.1172","Josh Hader",452254,623352,"null","ball",,,,,"14","null","R","R","L","MIL","SF","B","null","null",0,2,2018,"1.1782","0.7482","1.9242","2.3220","null","null","null",2,7,"Top","null","null",,,444489,,"180908_021349","-6.8061","-137.2789","-3.3758","16.8409","28.5879","-21.8362","3.3992","1.7988","null","null","null","96.1940","1599","7.2200",531522,623352,444489,542583,570731,543768,541650,460075,456715,592885,"53.2795","null","null","null","null","null","null","null",52,"4","2-Seam Fastball",2,2,2,2,2,2,2,2,"Strategic","Standard"
"SL","2018-09-07","79.9","3.8267","4.8759","Josh Hader",452254,623352,"null","called_strike",,,,,"8","null","R","R","L","MIL","SF","S","null","null",0,1,2018,"-0.5195","0.2518","0.2362","2.2164","null","null","null",2,7,"Top","null","null",,,444489,,"180908_021254","-6.9286","-116.3021","0.3067","-3.6066","18.9633","-30.1213","3.4573","1.6825","null","null","null","80.2360","2265","6.2130",531522,623352,444489,542583,570731,543768,541650,460075,456715,592885,"54.2864","null","null","null","null","null","null","null",52,"2","Slider",2,2,2,2,2,2,2,2,"Strategic","Standard"
"SL","2018-09-07","82.3","3.6734","4.7996","Josh Hader",593700,623352,"null","ball",,,,,"13","null","R","R","L","MIL","SF","B","null","null",0,1,2018,"-0.1931","0.3348","-2.2904","0.0185","null","null","null",1,7,"Top","null","null",,,444489,,"180908_021041","-13.0701","-119.1395","-4.8828","0.6069","22.2454","-28.2977","3.5971","1.6216","null","null","null","81.8600","2312","6.2170",531522,623352,444489,542583,570731,543768,541650,460075,456715,592885,"54.2827","null","null","null","null","null","null","null",51,"2","Slider",2,2,2,2,2,2,2,2,"Standard","Standard"
"FF","2018-09-07","94.1","3.5356","5.1629","Josh Hader",593700,623352,"null","called_strike",,,,,"12","null","R","R","L","MIL","SF","S","null","null",0,0,2018,"0.6309","1.3369","0.9257","3.4245","null","null","null",1,7,"Top","null","null",,,444489,,"180908_021025","-8.2220","-136.9457","-1.8120","9.7736","29.3137","-15.0027","3.5680","1.5635","null","null","null","94.6970","1913","6.5620",531522,623352,444489,542583,570731,543768,541650,460075,456715,592885,"53.9373","null","null","null","null","null","null","null",51,"1","4-Seam Fastball",2,2,2,2,2,2,2,2,"Standard","Standard"
"FF","2018-09-07","94.3","3.3864","5.3327","Josh Hader",491676,623352,"null","ball",,,,,"12","null","R","R","L","MIL","SF","B","null","null",1,2,2018,"0.5979","1.5106","0.7904","3.7413","null","null","null",0,7,"Top","null","null",,,444489,,"180908_020933","-8.1306","-137.2006","-1.8374","9.3924","29.9448","-12.7277","3.4045","1.6125","null","null","null","94.8370","1876","6.5800",531522,623352,444489,542583,570731,543768,541650,460075,456715,592885,"53.9198","null","null","null","null","null","null","null",50,"4","4-Seam Fastball",2,2,2,2,2,2,2,2,"Standard","Standard"
"FF","2018-09-07","94.0","3.3369","5.2350","Josh Hader",491676,623352,"null","called_strike",,,,,"9","null","R","R","L","MIL","SF","S","null","null",1,0,2018,"0.7863","1.2467","0.3909","1.8513","null","null","null",0,7,"Top","null","null",,,444489,,"180908_020858","-9.5184","-136.6499","-5.9458","12.0919","28.8550","-15.1097","3.4336","1.6997","null","null","null","95.1760","1841","6.9310",531522,623352,444489,542583,570731,543768,541650,460075,456715,592885,"53.5683","null","null","null","null","null","null","null",50,"2","4-Seam Fastball",2,2,2,2,2,2,2,2,"Standard","Standard"
"FF","2018-09-07","91.7","3.4554","5.1856","Josh Hader",491676,623352,"null","ball",,,,,"12","null","R","R","L","MIL","SF","B","null","null",0,0,2018,"0.8198","1.4814","2.0871","2.7056","null","null","null",0,7,"Top","null","null",,,444489,,"180908_020845","-5.3155","-133.5914","-3.7227","11.1035","28.2713","-13.5419","3.4336","1.7288","null","null","null","92.7170","2007","6.7920",531522,623352,444489,542583,570731,543768,541650,460075,456715,592885,"53.7075","null","null","null","null","null","null","null",50,"1","4-Seam Fastball",2,2,2,2,2,2,2,2,"Standard","Standard"
"SI","2018-09-07","92.7","2.9098","5.9751","Derek Holland",541650,502706,"strikeout","called_strike",,,,,"1","Hernan Perez called out on strikes.  ","R","R","L","MIL","SF","S",2,"null",1,2,2018,"1.4429","0.7341","-0.6518","3.2035","592885.00","460075.00","543768.00",2,6,"Bot","null","null",,,460026,,"180908_020601","-12.2336","-134.4423","-2.8745","20.0983","27.6904","-22.8407","3.6080","1.8450","null","null","null","92.7350","2335","6.3820",531522,502706,460026,474832,605412,446334,593700,622046,491676,596103,"54.1169","null","null","0.00",1,0,0,"null",49,"5","Sinker",2,2,2,2,2,2,2,2,"Standard","Standard"
"SI","2018-09-07","91.3","3.0027","6.0495","Derek Holland",541650,502706,"null","called_strike",,,,,"4","null","R","R","L","MIL","SF","S","null","null",1,0,2018,"0.9962","1.4527","-0.7353","2.9998","592885.00","460075.00","543768.00",2,6,"Bot","null","null",,,460026,,"180908_020438","-11.3791","-132.4470","-4.8003","13.8670","26.7401","-14.5607","3.6371","1.9032","null","null","null","90.5100","2374","5.8560",531522,502706,460026,474832,605412,446334,593700,622046,491676,596103,"54.6432","null","null","null","null","null","null","null",49,"2","Sinker",2,2,2,2,2,2,2,2,"Standard","Standard"
"SI","2018-09-07","93.8","2.7214","5.9713","Derek Holland",543768,502706,"walk","ball",,,,,"13","Travis Shaw walks.   Christian Yelich to 3rd.    Ryan Braun to 2nd.  ","R","L","L","MIL","SF","B","null","null",3,2,2018,"1.3007","1.2190","-1.9648","2.1145","null","592885.00","460075.00",2,6,"Bot","null","null",,,460026,,"180908_020314","-14.8690","-135.6059","-6.8066","19.2234","29.4477","-15.9247","3.8643","2.0022","null","null","null","93.1440","2565","6.2470",531522,502706,460026,474832,605412,446334,593700,622046,491676,596103,"54.2528","null","null","0.70",1,0,0,"null",48,"6","Sinker",2,2,2,2,2,2,2,2,"Standard","Standard"
"SI","2018-09-07","93.1","2.8861","5.9845","Derek Holland",543768,502706,"null","ball",,,,,"13","null","R","L","L","MIL","SF","B","null","null",2,1,2018,"1.2491","1.2736","-0.8554","2.0496","null","592885.00","460075.00",2,6,"Bot","null","null",,,460026,,"180908_020214","-12.1126","-134.7128","-6.8969","17.5903","29.7615","-15.6897","3.9225","1.9732","null","null","null","91.7450","2480","5.8270",531522,502706,460026,474832,605412,446334,593700,622046,491676,596103,"54.6722","null","null","null","null","null","null","null",48,"4","Sinker",2,2,2,2,2,2,2,2,"Standard","Standard"
"SI","2018-09-07","93.1","2.8655","5.8831","Derek Holland",543768,502706,"null","ball",,,,,"13","null","R","L","L","MIL","SF","B","null","null",1,0,2018,"1.2376","1.2378","-0.2408","1.4551","null","592885.00","460075.00",2,6,"Bot","null","null",,,460026,,"180908_020114","-10.5932","-134.8897","-8.1630","17.3476","30.3990","-15.6039","3.8934","2.0313","null","null","null","92.3330","2443","6.1520",531522,502706,460026,474832,605412,446334,593700,622046,491676,596103,"54.3469","null","null","null","null","null","null","null",48,"2","Sinker",2,2,2,2,2,2,2,2,"Standard","Standard"
"SI","2018-09-07","92.2","2.9681","6.0098","Derek Holland",543768,502706,"null","ball",,,,,"14","null","R","L","L","MIL","SF","B","null","null",0,0,2018,"1.4134","0.7988","0.8469","1.7749","null","592885.00","460075.00",2,6,"Bot","null","null",,,460026,,"180908_020051","-8.3801","-133.8189","-6.5829","18.6421","29.0336","-21.4667","3.8353","2.1476","null","null","null","91.6270","2388","6.0990",531522,502706,460026,474832,605412,446334,593700,622046,491676,596103,"54.4000","null","null","null","null","null","null","null",48,"1","Sinker",2,2,2,2,2,2,2,2,"Standard","Standard"
"SL","2018-09-07","80.6","3.0836","5.9444","Derek Holland",570731,502706,"null","ball",,,,,"13","null","R","R","L","MIL","SF","B","null","null",2,2,2018,"0.0067","0.3555","-1.7757","1.1181","null","592885.00","460075.00",1,6,"Bot","null","null",,,460026,,"180908_015721","-10.7403","-116.8215","-4.5932","2.2533","23.8510","-28.2658","3.6662","1.6125","null","null","null","79.8280","2163","6.1660",531522,502706,460026,474832,605412,446334,593700,622046,491676,596103,"54.3335","null","null","null","null","null","null","null",47,"5","Slider",2,2,2,2,2,2,2,2,"Standard","Standard"
"SI","2018-09-07","91.7","3.0073","6.0328","Derek Holland",570731,502706,"null","called_strike",,,,,"7","null","R","R","L","MIL","SF","S","null","null",2,1,2018,"1.0641","1.2340","-0.2912","1.9821","null","592885.00","460075.00",1,6,"Bot","null","null",,,460026,,"180908_015656","-10.5162","-132.9384","-6.9225","14.7045","27.9558","-16.4578","3.6952","1.8741","null","null","null","91.0010","2471","6.0300",531522,502706,460026,474832,605412,446334,593700,622046,491676,596103,"54.4691","null","null","null","null","null","null","null",47,"4","Sinker",2,2,2,2,2,2,2,2,"Standard","Standard"
"KC","2018-09-07","79.4","3.0574","6.1478","Derek Holland",570731,502706,"null","ball",,,,,"14","null","R","R","L","MIL","SF","B","null","null",1,0,2018,"0.1085","0.1097","1.2011","1.3577","null","592885.00","460075.00",1,6,"Bot","null","null",,,460026,,"180908_015554","-4.1936","-115.3681","-3.8101","1.7615","22.6468","-30.7479","3.6952","1.7869","null","null","null","78.0460","1924","5.5390",531522,502706,460026,474832,605412,446334,593700,622046,491676,596103,"54.9607","null","null","null","null","null","null","null",47,"2","Knuckle Curve",2,2,2,2,2,2,2,2,"Standard","Standard"
"KC","2018-09-07","78.8","3.2011","6.1684","Derek Holland",570731,502706,"null","ball",,,,,"12","null","R","R","L","MIL","SF","B","null","null",0,0,2018,"0.0541","0.2113","1.3711","3.4475","null","592885.00","460075.00",1,6,"Bot","null","null",,,460026,,"180908_015530","-3.9984","-114.6600","0.4673","1.1556","19.8665","-30.6984","3.7243","1.8741","null","null","null","77.6460","1953","5.3310",531522,502706,460026,474832,605412,446334,593700,622046,491676,596103,"55.1688","null","null","null","null","null","null","null",47,"1","Knuckle Curve",2,2,2,2,2,2,2,2,"Standard","Standard"
"SI","2018-09-07","91.0","2.9631","5.9493","Derek Holland",542583,502706,"null","ball",,,,,"12","null","R","R","L","MIL","SF","B","null","null",0,0,2018,"1.3388","0.9861","2.1741","3.8578","null","null","592885.00",0,6,"Bot","null","null",,,460026,,"180908_015320","-4.7212","-132.3593","-1.3896","16.3825","28.2262","-20.8007","3.6008","1.7688","null","null","null","89.9770","2337","5.6840",531522,502706,460026,474832,605412,446334,593700,622046,491676,596103,"54.8151","null","null","null","null","null","null","null",45,"1","Sinker",2,2,2,2,2,2,2,2,"Standard","Standard"
"SI","2018-09-07","91.0","2.8265","5.9915","Derek Holland",592885,502706,"walk","ball",,,,,"12","Christian Yelich walks.  ","R","L","L","MIL","SF","B","null","null",3,1,2018,"1.5290","0.4982","1.8862","3.3914","null","null","null",0,6,"Bot","null","null",,,460026,,"180908_015240","-5.5242","-132.2963","-1.6564","18.8271","27.6791","-26.3051","3.4845","1.8850","null","null","null","90.2790","2201","5.8560",531522,502706,460026,474832,605412,446334,593700,622046,491676,596103,"54.6431","null","null","0.70",1,0,0,"null",44,"5","Sinker",2,2,2,2,2,2,2,2,"Standard","Standard"
"SL","2018-09-07","82.1","2.9822","5.9919","Derek Holland",592885,502706,"null","ball",,,,,"13","null","R","L","L","MIL","SF","B","null","null",2,1,2018,"0.0128","0.2477","-0.9838","2.0457","null","null","null",0,6,"Bot","null","null",,,460026,,"180908_015222","-8.8132","-119.0117","-2.6751","2.0155","25.6448","-29.6382","3.5136","1.8560","null","null","null","80.0700","2135","5.3840",531522,502706,460026,474832,605412,446334,593700,622046,491676,596103,"55.1150","null","null","null","null","null","null","null",44,"4","Slider",2,2,2,2,2,2,2,2,"Standard","Standard"
"SI","2018-09-07","91.1","2.8027","5.9945","Derek Holland",592885,502706,"null","ball",,,,,"14","null","R","L","L","MIL","SF","B","null","null",1,1,2018,"1.3816","0.7379","1.4698","1.9247","null","null","null",0,6,"Bot","null","null",,,460026,,"180908_015202","-6.1836","-132.4253","-5.8154","17.2574","27.7360","-22.6693","3.4555","1.9141","null","null","null","90.2570","2187","5.7880",531522,502706,460026,474832,605412,446334,593700,622046,491676,596103,"54.7109","null","null","null","null","null","null","null",44,"3","Sinker",2,2,2,2,2,2,2,2,"Standard","Standard"
"SI","2018-09-07","91.0","2.9713","6.0698","Derek Holland",592885,502706,"null","ball",,,,,"14","null","R","L","L","MIL","SF","B","null","null",0,1,2018,"1.3383","0.7999","1.1679","1.8185","null","null","null",0,6,"Bot","null","null",,,460026,,"180908_015146","-7.2589","-132.1969","-6.3833","16.9378","26.9910","-21.8642","3.5136","1.6235","null","null","null","90.2510","2206","5.8290",531522,502706,460026,474832,605412,446334,593700,622046,491676,596103,"54.6701","null","null","null","null","null","null","null",44,"2","Sinker",2,2,2,2,2,2,2,2,"Standard","Standard"
"SI","2018-09-07","90.9","2.9144","6.0797","Derek Holland",592885,502706,"null","called_strike",,,,,"12","null","R","L","L","MIL","SF","S","null","null",0,0,2018,"1.1369","0.9933","0.8512","2.5272","null","null","null",0,6,"Bot","null","null",,,460026,,"180908_015132","-7.4843","-132.0589","-5.0540","14.6270","26.1310","-19.9113","3.4264","1.6235","null","null","null","90.3160","2176","5.8640",531522,502706,460026,474832,605412,446334,593700,622046,491676,596103,"54.6353","null","null","null","null","null","null","null",44,"1","Sinker",2,2,2,2,2,2,2,2,"Standard","Standard"
"FF","2018-09-07","95.4","3.0855","5.2554","Josh Hader",622046,623352,"null","ball",,,,,"13","null","R","L","L","MIL","SF","B","null","null",0,2,2018,"0.8170","1.3825","-1.1583","2.5998","null","null","474832.00",2,6,"Top","null","null",,,444489,,"180908_014815","-13.3373","-138.5820","-4.6765","13.8192","29.6212","-12.7662","3.6008","1.7978","null","null","null","97.4260","1966","7.4320",531522,623352,444489,542583,570731,543768,541650,460075,456715,592885,"53.0673","null","null","null","null","null","null","null",43,"3","4-Seam Fastball",2,2,2,2,2,2,2,2,"Strategic","Standard"
"SL","2018-09-07","83.8","3.7341","4.9010","Josh Hader",622046,623352,"null","called_strike",,,,,"8","null","R","L","L","MIL","SF","S","null","null",0,0,2018,"-0.3157","0.3803","-0.2145","2.2477","null","null","474832.00",2,6,"Top","null","null",,,444489,,"180908_014723","-8.5070","-121.9136","-0.5733","-1.8200","19.6416","-28.4147","3.5717","1.6816","null","null","null","84.4920","2311","6.3540",531522,623352,444489,542583,570731,543768,541650,460075,456715,592885,"54.1455","null","null","null","null","null","null","null",43,"1","Slider",2,2,2,2,2,2,2,2,"Strategic","Standard"
"FF","2018-09-07","95.8","3.3933","5.1859","Josh Hader",460026,623352,"null","called_strike",,,,,"14","null","R","R","L","MIL","SF","S","null","null",0,1,2018,"0.9768","1.3689","0.9292","2.2522","null","null","474832.00",1,6,"Top","null","null",,,444489,,"180908_014627","-8.7597","-139.2309","-5.2852","14.6998","29.4341","-13.2441","3.3936","1.5344","null","null","null","96.3720","1923","6.5540",531522,623352,444489,542583,570731,543768,541650,460075,456715,592885,"53.9452","null","null","null","null","null","null","null",42,"2","4-Seam Fastball",2,2,2,2,2,2,2,2,"Standard","Standard"
"FF","2018-09-07","94.5","3.5121","5.0430","Josh Hader",474832,623352,"walk","ball",,,,,"12","Brandon Belt walks.  ","R","L","L","MIL","SF","B","null","null",3,2,2018,"0.9657","1.0431","1.4374","2.5531","null","null","null",1,6,"Top","null","null",,,444489,,"180908_014515","-7.6223","-137.5065","-3.1767","14.0321","29.6943","-18.3041","3.3410","1.6825","null","null","null","95.1640","1744","6.6180",531522,623352,444489,542583,570731,543768,541650,460075,456715,592885,"53.8814","null","null","0.70",1,0,0,"null",41,"8","4-Seam Fastball",2,2,2,2,2,2,2,2,"Strategic","Standard"
"FF","2018-09-07","95.4","3.5910","5.0533","Josh Hader",474832,623352,"null","called_strike",,,,,"13","null","R","L","L","MIL","SF","S","null","null",3,1,2018,"0.7849","1.2726","-0.5103","1.4667","null","null","null",1,6,"Top","null","null",,,444489,,"180908_014349","-12.7888","-138.4680","-6.8326","13.1763","29.8321","-13.9714","3.3992","1.6535","null","null","null","96.8650","1910","7.1830",531522,623352,444489,542583,570731,543768,541650,460075,456715,592885,"53.3163","null","null","null","null","null","null","null",41,"5","4-Seam Fastball",2,2,2,2,2,2,2,2,"Strategic","Standard"
"FF","2018-09-07","95.5","3.5844","5.0514","Josh Hader",474832,623352,"null","called_strike",,,,,"4","null","R","L","L","MIL","SF","S","null","null",3,0,2018,"0.4429","1.4990","-0.5355","2.4713","null","null","null",1,6,"Top","null","null",,,444489,,"180908_014330","-11.9935","-138.6286","-4.6416","8.4982","30.7242","-11.5600","3.3992","1.8569","null","null","null","96.5120","2198","6.9810",531522,623352,444489,542583,570731,543768,541650,460075,456715,592885,"53.5179","null","null","null","null","null","null","null",41,"4","4-Seam Fastball",2,2,2,2,2,2,2,2,"Strategic","Standard"
"FF","2018-09-07","95.5","3.4295","5.0625","Josh Hader",474832,623352,"null","ball",,,,,"13","null","R","L","L","MIL","SF","B","null","null",2,0,2018,"1.0412","1.1451","-1.1996","1.1673","null","null","null",1,6,"Top","null","null",,,444489,,"180908_014309","-14.7750","-138.3418","-7.3444","16.9119","29.0456","-15.6067","3.3410","1.6535","null","null","null","96.8220","1855","7.1550",531522,623352,444489,542583,570731,543768,541650,460075,456715,592885,"53.3439","null","null","null","null","null","null","null",41,"3","4-Seam Fastball",2,2,2,2,2,2,2,2,"Strategic","Standard"
"FF","2018-09-07","95.5","3.5716","5.0696","Josh Hader",474832,623352,"null","ball",,,,,"14","null","R","L","L","MIL","SF","B","null","null",1,0,2018,"0.9264","1.3723","1.3340","2.3642","null","null","null",1,6,"Top","null","null",,,444489,,"180908_014247","-8.0462","-138.9243","-4.6432","13.9070","30.8842","-13.3895","3.3992","1.6244","null","null","null","96.0970","1834","6.6320",531522,623352,444489,542583,570731,543768,541650,460075,456715,592885,"53.8674","null","null","null","null","null","null","null",41,"2","4-Seam Fastball",2,2,2,2,2,2,2,2,"Strategic","Standard"
"FF","2018-09-07","96.1","3.4884","5.1028","Josh Hader",474832,623352,"null","ball",,,,,"13","null","R","L","L","MIL","SF","B","null","null",0,0,2018,"0.9388","1.3382","-0.3739","1.0368","null","null","null",1,6,"Top","null","null",,,444489,,"180908_014229","-12.3852","-139.3534","-8.2300","14.9821","29.4526","-13.0025","3.3701","1.6535","null","null","null","96.4350","1830","6.5390",531522,623352,444489,542583,570731,543768,541650,460075,456715,592885,"53.9602","null","null","null","null","null","null","null",41,"1","4-Seam Fastball",2,2,2,2,2,2,2,2,"Strategic","Standard"
"FF","2018-09-07","95.9","3.3928","5.2577","Josh Hader",446334,623352,"null","ball",,,,,"14","null","R","R","L","MIL","SF","B","null","null",1,2,2018,"0.6804","1.5448","0.2407","0.6579","null","null","null",0,6,"Top","null","null",,,444489,,"180908_014136","-9.8879","-139.0796","-10.0614","11.0284","29.8055","-9.9867","3.7243","1.5835","null","null","null","96.1500","1939","6.5180",531522,623352,444489,542583,570731,543768,541650,460075,456715,592885,"53.9809","null","null","null","null","null","null","null",40,"4","4-Seam Fastball",2,2,2,2,2,2,2,2,"Standard","Standard"
"SL","2018-09-07","83.2","3.6908","4.9068","Josh Hader",446334,623352,"null","ball",,,,,"13","null","R","R","L","MIL","SF","B","null","null",0,2,2018,"-0.3967","0.0627","-0.3252","0.4310","null","null","null",0,6,"Top","null","null",,,444489,,"180908_014109","-8.4239","-121.0246","-3.9856","-2.4431","21.0879","-31.0584","3.7825","1.6707","null","null","null","83.4330","2463","6.2250",531522,623352,444489,542583,570731,543768,541650,460075,456715,592885,"54.2747","null","null","null","null","null","null","null",40,"3","Slider",2,2,2,2,2,2,2,2,"Standard","Standard"
"FF","2018-09-07","96.1","3.3767","5.1924","Josh Hader",446334,623352,"null","called_strike",,,,,"9","null","R","R","L","MIL","SF","S","null","null",0,1,2018,"0.6856","1.5358","0.3571","1.9721","null","null","null",0,6,"Top","null","null",,,444489,,"180908_014052","-9.5720","-139.5385","-6.4351","11.0985","30.3258","-10.7739","3.7534","1.6997","null","null","null","96.3640","2035","6.4830",531522,623352,444489,542583,570731,543768,541650,460075,456715,592885,"54.0167","null","null","null","null","null","null","null",40,"2","4-Seam Fastball",2,2,2,2,2,2,2,2,"Standard","Standard"
"SI","2018-09-07","91.6","3.0166","6.0374","Derek Holland",456715,502706,"null","ball",,,,,"13","null","R","R","L","MIL","SF","B","null","null",0,0,2018,"1.1385","1.2432","-2.3149","1.6032","null","null","null",2,5,"Bot","null","null",,,460026,,"180908_013715","-15.8061","-132.1964","-7.8511","16.7541","28.6422","-16.1356","3.8425","1.8460","null","null","null","90.8880","2377","6.3510",531522,502706,460026,474832,605412,446334,593700,622046,491676,596103,"54.1481","null","null","null","null","null","null","null",39,"1","Sinker",2,2,2,2,2,2,2,2,"Standard","Standard"
"KC","2018-09-07","79.0","3.0675","6.1862","Derek Holland",570267,502706,"null","ball",,,,,"12","null","R","R","L","MIL","SF","B","null","null",0,0,2018,"-0.1970","0.0353","1.3486","2.8318","null","null","null",1,5,"Bot","null","null",,,460026,,"180908_013551","-3.3438","-114.9020","-0.5461","-1.0649","21.8438","-32.0224","3.8406","1.7578","null","null","null","77.9890","2272","5.6590",531522,502706,460026,474832,605412,446334,593700,622046,491676,596103,"54.8408","null","null","null","null","null","null","null",38,"1","Knuckle Curve",2,2,2,2,2,2,2,2,"Strategic","Standard"
"SI","2018-09-07","91.4","3.0499","6.0580","Derek Holland",444489,502706,"null","called_strike",,,,,"1","null","R","R","L","MIL","SF","S","null","null",0,1,2018,"1.1299","1.0807","-0.4762","3.2337","null","null","null",0,5,"Bot","null","null",,,460026,,"180908_013459","-11.1590","-132.4694","-3.4432","15.5077","28.5611","-19.1390","3.3936","1.5635","null","null","null","90.4230","2417","5.9370",531522,502706,460026,474832,605412,446334,593700,622046,491676,596103,"54.5625","null","null","null","null","null","null","null",37,"2","Sinker",2,2,2,2,2,2,2,2,"Standard","Standard"
"CH","2018-09-07","82.2","2.9633","6.0801","Derek Holland",444489,502706,"null","called_strike",,,,,"8","null","R","R","L","MIL","SF","S","null","null",0,0,2018,"1.0027","1.4037","-0.0076","1.7523","null","null","null",0,5,"Bot","null","null",,,460026,,"180908_013441","-8.5090","-119.2017","-5.8141","10.9800","22.6286","-18.2038","3.3645","1.5635","null","null","null","81.1460","2179","5.7360",531522,502706,460026,474832,605412,446334,593700,622046,491676,596103,"54.7631","null","null","null","null","null","null","null",37,"1","Changeup",2,2,2,2,2,2,2,2,"Standard","Standard"
"FF","2018-09-07","91.7","-2.0254","5.9786","Chase Anderson",596103,502624,"null","ball",,,,,"13","null","R","R","R","MIL","SF","B","null","null",1,2,2018,"-0.8443","1.3124","-1.6780","1.9283","null","null","null",2,5,"Top","null","null",,,444489,,"180908_013157","2.6120","-133.3094","-7.0395","-10.3673","28.1166","-15.6796","3.4645","1.6135","null","null","null","90.5290","2098","5.5860",531522,502624,444489,542583,570731,543768,541650,460075,456715,592885,"54.9133","null","null","null","null","null","null","null",36,"4","4-Seam Fastball",2,2,2,2,2,2,2,2,"Standard","Standard"
"CU","2018-09-07","75.0","-1.8227","5.9820","Chase Anderson",596103,502624,"null","called_strike",,,,,"6","null","R","R","R","MIL","SF","S","null","null",1,0,2018,"0.5662","-1.1808","0.2905","2.2752","null","null","null",2,5,"Top","null","null",,,444489,,"180908_013116","3.3190","-108.8101","1.4405","3.6595","19.3422","-41.5948","3.5227","1.6135","null","null","null","72.6750","1966","4.7210",531522,502624,444489,542583,570731,543768,541650,460075,456715,592885,"55.7788","null","null","null","null","null","null","null",36,"2","Curveball",2,2,2,2,2,2,2,2,"Standard","Standard"
"FF","2018-09-07","91.3","-1.9120","6.0119","Chase Anderson",596103,502624,"null","ball",,,,,"14","null","R","R","R","MIL","SF","B","null","null",0,0,2018,"-0.7599","1.4457","1.1596","2.1294","null","null","null",2,5,"Top","null","null",,,444489,,"180908_013100","9.2549","-132.5098","-6.8824","-10.7488","27.1173","-14.1448","3.4936","1.6425","null","null","null","90.6630","2158","5.9510",531522,502624,444489,542583,570731,543768,541650,460075,456715,592885,"54.5485","null","null","null","null","null","null","null",36,"1","4-Seam Fastball",2,2,2,2,2,2,2,2,"Standard","Standard"
"CH","2018-09-07","80.0","-1.2405","5.9310","Chase Anderson",605412,502624,"null","ball",,,,,"13","null","R","L","R","MIL","SF","B","null","null",1,2,2018,"-1.6099","0.9889","-1.8003","2.1518","null","null","null",1,5,"Top","null","null",,,444489,,"180908_012941","1.6563","-116.2744","-3.3231","-14.3880","22.6067","-23.1641","3.2010","1.5835","null","null","null","78.4460","2170","5.3450",531522,502624,444489,542583,570731,543768,541650,460075,456715,592885,"55.1546","null","null","null","null","null","null","null",35,"4","Changeup",2,2,2,2,2,2,2,2,"Standard","Standard"
"FF","2018-09-07","90.0","-1.0055","5.9289","Chase Anderson",605412,502624,"null","ball",,,,,"11","null","R","L","R","MIL","SF","B","null","null",0,1,2018,"-0.6708","1.3611","-0.0426","3.7788","null","null","null",1,5,"Top","null","null",,,444489,,"180908_012905","3.7490","-130.8992","-2.1357","-8.3769","29.5261","-16.6694","3.2592","1.5544","null","null","null","88.9480","2089","5.8190",531522,502624,444489,542583,570731,543768,541650,460075,456715,592885,"54.6805","null","null","null","null","null","null","null",35,"2","4-Seam Fastball",2,2,2,2,2,2,2,2,"Standard","Standard"
"CU","2018-09-07","74.8","-1.0181","6.0418","Chase Anderson",605412,502624,"null","called_strike",,,,,"9","null","R","L","R","MIL","SF","S","null","null",0,0,2018,"0.4260","-1.0613","0.2830","1.5657","null","null","null",1,5,"Top","null","null",,,444489,,"180908_012852","1.9229","-108.6936","-0.1803","2.9004","20.2721","-40.5361","3.2592","1.5835","null","null","null","73.4000","2043","5.4590",531522,502624,444489,542583,570731,543768,541650,460075,456715,592885,"55.0405","null","null","null","null","null","null","null",35,"1","Curveball",2,2,2,2,2,2,2,2,"Standard","Standard"
"FT","2018-09-07","89.6","-1.0127","6.0074","Chase Anderson",502706,502624,"null","called_strike",,,,,"13","null","R","L","R","MIL","SF","S","null","null",0,0,2018,"-1.1648","1.1669","-0.0033","1.8640","null","null","null",0,5,"Top","null","null",,,444489,,"180908_012758","4.8296","-130.1792","-6.5666","-13.9605","26.3086","-18.0771","3.8715","2.0785","null","null","null","88.6590","2020","5.7060",531522,502624,444489,542583,570731,543768,541650,460075,456715,592885,"54.7936","null","null","null","null","null","null","null",34,"1","2-Seam Fastball",2,2,2,2,2,2,2,2,"Standard","Standard"
"SL","2018-09-07","81.2","3.2381","6.0001","Derek Holland",541650,502706,"null","ball",,,,,"13","null","R","R","L","MIL","SF","B","null","null",0,2,2018,"-0.0542","0.2155","-0.7042","1.0991","null","460075.00","543768.00",2,4,"Bot","null","null",,,460026,,"180908_012418","-8.5582","-117.4832","-4.3547","1.7450","30.4762","-29.5013","3.6662","1.8160","null","null","null","78.5130","2220","5.5850",531522,502706,460026,474832,605412,446334,593700,622046,491676,596103,"54.9141","null","null","null","null","null","null","null",32,"4","Slider",2,1,2,1,1,2,2,1,"Standard","Standard"
"SI","2018-09-07","91.9","2.9981","6.0127","Derek Holland",541650,502706,"null","called_strike",,,,,"7","null","R","R","L","MIL","SF","S","null","null",0,0,2018,"1.2232","1.4197","-0.3737","2.0430","null","460075.00","543768.00",2,4,"Bot","null","null",,,460026,,"180908_012245","-11.0522","-133.1235","-7.0914","16.8348","30.4895","-14.1954","3.5499","1.7869","null","null","null","90.7920","2597","6.0200",531522,502706,460026,474832,605412,446334,593700,622046,491676,596103,"54.4795","null","null","null","null","null","null","null",32,"1","Sinker",2,1,2,1,1,2,2,1,"Standard","Standard"
"SI","2018-09-07","93.4","2.8292","5.9734","Derek Holland",543768,502706,"walk","ball",,,,,"13","Travis Shaw walks.   Ryan Braun to 2nd.  ","R","L","L","MIL","SF","B","null","null",3,2,2018,"1.2852","1.3346","-0.8540","1.8526","null","null","460075.00",2,4,"Bot","null","null",,,460026,,"180908_012200","-12.0906","-135.1073","-7.5545","18.1559","30.3424","-14.6907","3.8643","1.9732","null","null","null","92.0270","2565","5.8660",531522,502706,460026,474832,605412,446334,593700,622046,491676,596103,"54.6330","null","null","0.70",1,0,0,"null",31,"6","Sinker",2,1,2,1,1,2,2,1,"Standard","Standard"
"SI","2018-09-07","90.6","2.8736","6.1583","Derek Holland",543768,502706,"null","ball",,,,,"14","null","R","L","L","MIL","SF","B","null","null",2,1,2018,"1.3051","0.9440","1.0573","1.3468","null","null","460075.00",2,4,"Bot","null","null",,,460026,,"180908_012114","-7.1716","-131.4353","-7.9433","16.3419","27.0938","-20.0226","3.8353","1.8569","null","null","null","89.6140","2340","5.7900",531522,502706,460026,474832,605412,446334,593700,622046,491676,596103,"54.7093","null","null","null","null","null","null","null",31,"4","Sinker",2,1,2,1,1,2,2,1,"Standard","Standard"
"SL","2018-09-07","80.0","3.1472","6.0354","Derek Holland",543768,502706,"null","called_strike",,,,,"4","null","R","L","L","MIL","SF","S","null","null",2,0,2018,"-0.1414","0.0257","-0.6459","2.4784","null","null","460075.00",2,4,"Bot","null","null",,,460026,,"180908_012053","-7.9890","-116.2221","-1.1655","0.2005","21.1235","-31.9801","3.7480","1.8860","null","null","null","78.9950","2213","5.6100",531522,502706,460026,474832,605412,446334,593700,622046,491676,596103,"54.8895","null","null","null","null","null","null","null",31,"3","Slider",2,1,2,1,1,2,2,1,"Standard","Standard"
"SI","2018-09-07","91.7","2.8764","6.0886","Derek Holland",543768,502706,"null","ball",,,,,"14","null","R","L","L","MIL","SF","B","null","null",1,0,2018,"1.3391","0.8298","1.1966","2.0650","null","null","460075.00",2,4,"Bot","null","null",,,460026,,"180908_012028","-7.1077","-133.2659","-6.0844","17.4038","27.7370","-21.2533","3.8353","1.8860","null","null","null","91.6050","2307","6.2320",531522,502706,460026,474832,605412,446334,593700,622046,491676,596103,"54.2672","null","null","null","null","null","null","null",31,"2","Sinker",2,1,2,1,1,2,2,1,"Standard","Standard"
"SI","2018-09-07","90.3","3.0116","6.0447","Derek Holland",543768,502706,"null","ball",,,,,"12","null","R","L","L","MIL","SF","B","null","null",0,0,2018,"1.2582","0.6599","1.4083","3.2855","null","null","460075.00",2,4,"Bot","null","null",,,460026,,"180908_012003","-6.6371","-131.3486","-2.3177","15.8832","27.2208","-24.3022","3.8353","2.0313","null","null","null","90.1980","2308","6.2000",531522,502706,460026,474832,605412,446334,593700,622046,491676,596103,"54.2995","null","null","null","null","null","null","null",31,"1","Sinker",2,1,2,1,1,2,2,1,"Standard","Standard"
"SI","2018-09-07","90.4","2.9296","6.0237","Derek Holland",570731,502706,"strikeout","called_strike",,,,,"13","Jonathan Schoop called out on strikes.  ","R","R","L","MIL","SF","S",2,"null",1,2,2018,"1.4061","0.7333","-0.5769","1.7485","null","null","460075.00",1,4,"Bot","null","null",,,460026,,"180908_011921","-11.5655","-131.0586","-6.1996","18.2985","24.9726","-22.8107","3.7534","1.8741","null","null","null","89.8760","2330","5.9530",531522,502706,460026,474832,605412,446334,593700,622046,491676,596103,"54.5460","null","null","0.00",1,0,0,"null",30,"4","Sinker",2,1,2,1,1,2,2,1,"Standard","Standard"
"SI","2018-09-07","89.6","3.0721","6.0744","Derek Holland",570731,502706,"null","ball",,,,,"13","null","R","R","L","MIL","SF","B","null","null",0,0,2018,"1.2894","0.8085","-1.0342","2.6274","null","null","460075.00",1,4,"Bot","null","null",,,460026,,"180908_011738","-12.6664","-129.7924","-4.1422","16.8730","24.9702","-22.5434","3.6952","1.9032","null","null","null","88.8810","2317","5.9130",531522,502706,460026,474832,605412,446334,593700,622046,491676,596103,"54.5859","null","null","null","null","null","null","null",30,"1","Sinker",2,1,2,1,1,2,2,1,"Standard","Standard"
"SI","2018-09-07","92.6","3.0089","6.0821","Derek Holland",460075,502706,"walk","ball",,,,,"13","Ryan Braun walks.  ","R","R","L","MIL","SF","B","null","null",3,2,2018,"1.2527","1.2121","-1.0763","1.5909","null","null","null",1,4,"Bot","null","null",,,460026,,"180908_011634","-12.9793","-133.9473","-8.1435","17.6196","27.4267","-16.2492","3.6971","1.7588","null","null","null","91.7960","2518","6.0200",531522,502706,460026,474832,605412,446334,593700,622046,491676,596103,"54.4795","null","null","0.70",1,0,0,"null",29,"6","Sinker",2,1,2,1,1,2,2,1,"Standard","Standard"
"SL","2018-09-07","80.7","3.1596","6.1781","Derek Holland",460075,502706,"null","ball",,,,,"13","null","R","R","L","MIL","SF","B","null","null",2,1,2018,"0.1172","0.1388","-1.0645","0.0982","null","null","null",1,4,"Bot","null","null",,,460026,,"180908_011547","-9.4897","-116.9603","-6.9946","2.8238","21.7848","-29.8588","3.6971","1.8169","null","null","null","79.7290","2177","5.8120",531522,502706,460026,474832,605412,446334,593700,622046,491676,596103,"54.6869","null","null","null","null","null","null","null",29,"4","Slider",2,1,2,1,1,2,2,1,"Standard","Standard"
"SL","2018-09-07","81.0","3.2847","5.9490","Derek Holland",460075,502706,"null","called_strike",,,,,"8","null","R","R","L","MIL","SF","S","null","null",2,0,2018,"-0.0423","0.3786","-0.1340","1.6223","null","null","null",1,4,"Bot","null","null",,,460026,,"180908_011515","-7.4544","-117.5273","-3.5376","1.2904","26.3086","-28.2835","3.6099","1.7297","null","null","null","79.3820","2248","5.7410",531522,502706,460026,474832,605412,446334,593700,622046,491676,596103,"54.7585","null","null","null","null","null","null","null",29,"3","Slider",2,1,2,1,1,2,2,1,"Standard","Standard"
"SL","2018-09-07","80.0","3.0778","6.1820","Derek Holland",460075,502706,"null","ball",,,,,"14","null","R","R","L","MIL","SF","B","null","null",1,0,2018,"0.1931","0.6033","0.6125","1.3251","null","null","null",1,4,"Bot","null","null",,,460026,,"180908_011455","-5.6597","-116.0586","-4.8418","2.8975","25.3584","-26.2417","3.7552","1.8750","null","null","null","77.7860","2084","5.2720",531522,502706,460026,474832,605412,446334,593700,622046,491676,596103,"55.2277","null","null","null","null","null","null","null",29,"2","Slider",2,1,2,1,1,2,2,1,"Standard","Standard"
"SI","2018-09-07","92.8","2.9307","6.0396","Derek Holland",460075,502706,"null","ball",,,,,"13","null","R","R","L","MIL","SF","B","null","null",0,0,2018,"1.1140","1.1482","-0.9085","2.3276","null","null","null",1,4,"Bot","null","null",,,460026,,"180908_011439","-12.2559","-134.5253","-6.1946","16.1743","28.1794","-17.0540","3.6680","1.8169","null","null","null","92.8570","2372","6.4550",531522,502706,460026,474832,605412,446334,593700,622046,491676,596103,"54.0440","null","null","null","null","null","null","null",29,"1","Sinker",2,1,2,1,1,2,2,1,"Standard","Standard"
"SL","2018-09-07","79.9","3.1532","6.1105","Derek Holland",542583,502706,"null","ball",,,,,"14","null","R","R","L","MIL","SF","B","null","null",2,2,2018,"0.0171","0.1694","0.8688","1.0201","null","null","null",0,4,"Bot","null","null",,,460026,,"180908_011344","-5.0265","-116.0771","-4.7056","1.1565","23.1926","-29.9774","3.6008","1.6816","null","null","null","79.1290","2163","5.9950",531522,502706,460026,474832,605412,446334,593700,622046,491676,596103,"54.5045","null","null","null","null","null","null","null",28,"8","Slider",2,1,2,1,1,2,2,1,"Strategic","Standard"
"SL","2018-09-07","82.1","3.1751","5.9645","Derek Holland",542583,502706,"null","ball",,,,,"13","null","R","R","L","MIL","SF","B","null","null",1,2,2018,"0.0155","0.5074","-1.5913","1.6499","null","null","null",0,4,"Bot","null","null",,,460026,,"180908_011327","-10.7359","-119.0153","-4.0768","2.3308","24.2299","-26.8279","3.6590","1.7688","null","null","null","81.3030","2195","6.0970",531522,502706,460026,474832,605412,446334,593700,622046,491676,596103,"54.4021","null","null","null","null","null","null","null",28,"7","Slider",2,1,2,1,1,2,2,1,"Strategic","Standard"
"SL","2018-09-07","81.3","3.1949","6.0204","Derek Holland",542583,502706,"null","ball",,,,,"13","null","R","R","L","MIL","SF","B","null","null",0,2,2018,"0.3709","0.0373","-0.6420","0.4790","null","null","null",0,4,"Bot","null","null",,,460026,,"180908_011147","-9.2088","-118.0111","-5.8747","4.9819","19.6988","-31.0549","3.6299","1.6816","null","null","null","80.9650","2098","5.9240",531522,502706,460026,474832,605412,446334,593700,622046,491676,596103,"54.5751","null","null","null","null","null","null","null",28,"3","Slider",2,1,2,1,1,2,2,1,"Strategic","Standard"
"SL","2018-09-07","79.7","3.1727","6.2278","Derek Holland",542583,502706,"null","called_strike",,,,,"14","null","R","R","L","MIL","SF","S","null","null",0,0,2018,"0.2975","0.3813","1.1733","1.9395","null","null","null",0,4,"Bot","null","null",,,460026,,"180908_011118","-4.8295","-115.8257","-3.3405","3.4337","20.1621","-28.5197","3.6590","1.7397","null","null","null","78.3850","2041","5.2830",531522,502706,460026,474832,605412,446334,593700,622046,491676,596103,"55.2164","null","null","null","null","null","null","null",28,"1","Slider",2,1,2,1,1,2,2,1,"Strategic","Standard"
"FF","2018-09-07","91.7","-2.0183","5.8992","Chase Anderson",491676,502624,"null","called_strike",,,,,"13","null","R","R","R","MIL","SF","S","null","null",3,0,2018,"-0.6300","1.3120","-0.8512","1.8899","474832.00","null","null",2,4,"Top","null","null",,,444489,,"180908_010759","4.2490","-133.3637","-7.0195","-8.2894","27.4434","-15.5161","3.2301","1.5835","null","null","null","91.1150","2033","5.8690",531522,502624,444489,542583,570731,543768,541650,460075,456715,592885,"54.6308","null","null","null","null","null","null","null",27,"4","4-Seam Fastball",2,1,1,2,1,2,1,2,"Standard","Standard"
"FF","2018-09-07","92.0","-1.9462","5.9041","Chase Anderson",491676,502624,"null","ball",,,,,"13","null","R","R","R","MIL","SF","B","null","null",1,0,2018,"-1.1186","1.3581","-1.5751","0.7971","474832.00","null","null",2,4,"Top","null","null",,,444489,,"180908_010706","3.2690","-133.6034","-9.8862","-13.8425","26.8384","-14.4085","3.4336","1.5835","null","null","null","91.1820","2117","5.7550",531522,502624,444489,542583,570731,543768,541650,460075,456715,592885,"54.7440","null","null","null","null","null","null","null",27,"2","4-Seam Fastball",2,1,1,2,1,2,1,2,"Standard","Standard"
"CU","2018-09-07","75.6","-1.9051","5.9145","Chase Anderson",491676,502624,"null","ball",,,,,"14","null","R","R","R","MIL","SF","B","null","null",0,0,2018,"0.2259","-1.2365","0.5117","1.4151","474832.00","null","null",2,4,"Top","null","null",,,444489,,"180908_010647","4.5477","-109.7340","-0.0991","0.9038","20.4081","-42.0186","3.3754","1.5544","null","null","null","73.8470","2192","5.2340",531522,502624,444489,542583,570731,543768,541650,460075,456715,592885,"55.2650","null","null","null","null","null","null","null",27,"1","Curveball",2,1,1,2,1,2,1,2,"Standard","Standard"
"FC","2018-09-07","90.0","-0.8446","5.8706","Chase Anderson",622046,502624,"null","ball",,,,,"14","null","R","L","R","MIL","SF","B","null","null",0,0,2018,"-0.2270","0.9134","2.0539","-0.2431","null","446334.00","474832.00",1,4,"Top","null","null",,,444489,,"180908_010508","7.6114","-130.5241","-11.0268","-4.0956","25.9862","-19.8109","3.7171","1.7397","null","null","null","89.5660","2339","6.0860",531522,502624,444489,542583,570731,543768,541650,460075,456715,592885,"54.4130","null","null","null","null","null","null","null",26,"1","Cutter",2,0,0,2,0,2,0,2,"Standard","Standard"
"FF","2018-09-07","92.3","-1.8595","5.8809","Chase Anderson",460026,502624,"null","called_strike",,,,,"14","null","R","R","R","MIL","SF","S","null","null",3,0,2018,"-0.5902","1.4115","1.0382","1.9095","null","446334.00","474832.00",0,4,"Top","null","null",,,444489,,"180908_010303","8.5758","-134.0106","-7.2765","-8.7854","26.8463","-14.0277","3.4227","1.6216","null","null","null","91.9260","2160","6.0250",531522,502624,444489,542583,570731,543768,541650,460075,456715,592885,"54.4741","null","null","null","null","null","null","null",25,"4","4-Seam Fastball",2,0,0,2,0,2,0,2,"Standard","Standard"
"FT","2018-09-07","92.4","-1.9886","5.9511","Chase Anderson",460026,502624,"null","ball",,,,,"11","null","R","R","R","MIL","SF","B","null","null",2,0,2018,"-1.2169","1.1718","-1.2384","2.6396","null","446334.00","474832.00",0,4,"Top","null","null",,,444489,,"180908_010237","4.4157","-134.3493","-5.0388","-15.2985","28.1488","-17.5248","3.4808","1.5925","null","null","null","91.2490","2092","5.5630",531522,502624,444489,542583,570731,543768,541650,460075,456715,592885,"54.9367","null","null","null","null","null","null","null",25,"3","2-Seam Fastball",2,0,0,2,0,2,0,2,"Standard","Standard"
"FT","2018-09-07","91.4","-1.8928","5.9534","Chase Anderson",460026,502624,"null","ball",,,,,"13","null","R","R","R","MIL","SF","B","null","null",1,0,2018,"-1.2974","1.2725","-0.9745","1.7223","null","446334.00","474832.00",0,4,"Top","null","null",,,444489,,"180908_010208","5.0338","-132.8128","-7.4322","-16.2427","27.8064","-15.9485","3.4808","1.5635","null","null","null","90.8730","2185","5.9970",531522,502624,444489,542583,570731,543768,541650,460075,456715,592885,"54.5025","null","null","null","null","null","null","null",25,"2","2-Seam Fastball",2,0,0,2,0,2,0,2,"Standard","Standard"
"FT","2018-09-07","91.9","-1.9622","5.9466","Chase Anderson",460026,502624,"null","ball",,,,,"11","null","R","R","R","MIL","SF","B","null","null",0,0,2018,"-1.3041","1.0807","-1.8936","3.0325","null","446334.00","474832.00",0,4,"Top","null","null",,,444489,,"180908_010133","2.9422","-133.7303","-3.8371","-16.0974","28.2826","-18.7661","3.5099","1.7088","null","null","null","91.4880","2064","5.9960",531522,502624,444489,542583,570731,543768,541650,460075,456715,592885,"54.5030","null","null","null","null","null","null","null",25,"1","2-Seam Fastball",2,0,0,2,0,2,0,2,"Standard","Standard"
"FF","2018-09-07","91.6","-2.0051","5.9879","Chase Anderson",446334,502624,"null","ball",,,,,"14","null","R","R","R","MIL","SF","B","null","null",0,1,2018,"-0.7965","1.4008","1.3701","1.1729","null","null","null",0,4,"Top","null","null",,,444489,,"180908_005916","9.9969","-132.6228","-9.0216","-11.2230","27.2835","-14.4423","3.6662","1.6416","null","null","null","90.0740","2126","5.5500",531522,502624,444489,542583,570731,543768,541650,460075,456715,592885,"54.9496","null","null","null","null","null","null","null",23,"2","4-Seam Fastball",2,0,0,2,0,2,0,2,"Infield shift","Standard"
"CU","2018-09-07","75.1","-1.9771","6.0059","Chase Anderson",446334,502624,"null","called_strike",,,,,"14","null","R","R","R","MIL","SF","S","null","null",0,0,2018,"0.8987","-1.0338","1.0492","2.0849","null","null","null",0,4,"Top","null","null",,,444489,,"180908_005902","4.6304","-108.9607","0.8459","5.9697","20.5335","-40.4981","3.7243","1.6707","null","null","null","73.2070","2071","5.1910",531522,502624,444489,542583,570731,543768,541650,460075,456715,592885,"55.3088","null","null","null","null","null","null","null",23,"1","Curveball",2,0,0,2,0,2,0,2,"Infield shift","Standard"
"KC","2018-09-07","79.3","2.8820","6.2638","Derek Holland",592885,502706,"null","ball",,,,,"13","null","R","L","L","MIL","SF","B","null","null",0,0,2018,"-0.1673","0.1043","-0.3927","1.5953","null","null","null",2,3,"Bot","null","null",,,460026,,"180908_005630","-6.7716","-115.1239","-3.4716","-0.0322","24.0365","-30.8210","3.5136","1.8560","null","null","null","78.0170","1878","5.7960",531522,502706,460026,474832,605412,446334,593700,622046,491676,596103,"54.7036","null","null","null","null","null","null","null",22,"1","Knuckle Curve",2,0,2,0,0,2,2,0,"Standard","Standard"
"SI","2018-09-07","91.2","3.0356","6.1181","Derek Holland",456715,502706,"null","called_strike",,,,,"4","null","R","R","L","MIL","SF","S","null","null",0,0,2018,"1.0630","1.3081","-0.4166","2.8538","null","null","null",1,3,"Bot","null","null",,,460026,,"180908_005536","-10.8730","-132.3603","-5.0729","14.6214","26.5009","-16.0575","3.4645","1.5844","null","null","null","90.8920","2432","6.1090",531522,502706,460026,474832,605412,446334,593700,622046,491676,596103,"54.3903","null","null","null","null","null","null","null",21,"1","Sinker",2,0,2,0,0,2,2,0,"Standard","Standard"
"SL","2018-09-07","79.8","3.2643","6.0584","Derek Holland",502624,502706,"null","ball",,,,,"13","null","R","R","L","MIL","SF","B","null","null",0,2,2018,"0.1253","0.3135","-0.5296","0.9669","null","null","null",0,3,"Bot","null","null",,,460026,,"180908_005439","-8.4704","-115.8240","-5.0116","2.5524","19.6943","-28.7604","3.6371","1.6416","null","null","null","79.1450","2123","5.7750",531522,502706,460026,474832,605412,446334,593700,622046,491676,596103,"54.7245","null","null","null","null","null","null","null",20,"3","Slider",2,0,2,0,0,2,2,0,"Standard","Standard"
"CH","2018-09-07","81.3","-2.1436","5.8570","Chase Anderson",596103,502624,"null","ball",,,,,"14","null","R","R","R","MIL","SF","B","null","null",1,0,2018,"-1.4913","0.9362","0.2077","1.1226","null","593700.00","null",2,3,"Top","null","null",,,444489,,"180908_005036","8.0348","-117.9650","-5.7164","-15.2951","21.7935","-22.6713","3.5227","1.6135","null","null","null","80.8280","2256","6.0610",531522,502624,444489,542583,570731,543768,541650,460075,456715,592885,"54.4385","null","null","null","null","null","null","null",19,"2","Changeup",2,0,0,2,0,2,0,2,"Standard","Standard"
"FC","2018-09-07","88.7","-0.9623","5.9244","Chase Anderson",605412,502624,"null","called_strike",,,,,"5","null","R","L","R","MIL","SF","S","null","null",1,1,2018,"-0.0140","1.0819","0.1871","2.4715","null","null","593700.00",1,3,"Top","null","null",,,444489,,"180908_004753","2.7943","-129.0608","-4.5583","-0.6820","24.4547","-19.7462","3.2592","1.5835","null","null","null","87.7010","2238","5.4650",531522,502624,444489,542583,570731,543768,541650,460075,456715,592885,"55.0342","null","null","null","null","null","null","null",18,"3","Cutter",2,0,0,2,0,2,0,2,"Standard","Standard"
"FC","2018-09-07","89.4","-0.9390","5.9182","Chase Anderson",605412,502624,"null","ball",,,,,"14","null","R","L","R","MIL","SF","B","null","null",0,0,2018,"-0.1429","1.0701","0.8662","1.5387","null","null","593700.00",1,3,"Top","null","null",,,444489,,"180908_004640","4.6868","-129.9682","-6.9513","-2.4807","24.5443","-19.1335","3.3754","1.6125","null","null","null","88.7590","2354","5.7220",531522,502624,444489,542583,570731,543768,541650,460075,456715,592885,"54.7774","null","null","null","null","null","null","null",18,"1","Cutter",2,0,0,2,0,2,0,2,"Standard","Standard"
"FT","2018-09-07","90.2","-1.0264","5.9201","Chase Anderson",593700,502624,"null","ball",,,,,"14","null","R","L","R","MIL","SF","B","null","null",0,0,2018,"-1.2416","1.0939","0.3123","0.7811","null","null","null",0,3,"Top","null","null",,,444489,,"180908_004338","5.8191","-130.8893","-8.9621","-15.1704","26.3519","-18.2732","3.6552","1.7669","null","null","null","89.1650","2081","5.7000",531522,502624,444489,542583,570731,543768,541650,460075,456715,592885,"54.7993","null","null","null","null","null","null","null",16,"1","2-Seam Fastball",2,0,0,2,0,2,0,2,"Standard","Standard"
"SI","2018-09-07","92.2","2.9537","6.1277","Derek Holland",444489,502706,"null","ball",,,,,"12","null","R","R","L","MIL","SF","B","null","null",0,2,2018,"1.1056","1.0903","1.3689","4.4269","null","null","null",2,2,"Bot","null","null",,,460026,,"180908_004023","-6.2876","-134.0140","-0.8058","14.3592","27.9900","-19.3810","3.3064","1.5925","null","null","null","91.2130","2435","5.6790",531522,502706,460026,474832,605412,446334,593700,622046,491676,596103,"54.8203","null","null","null","null","null","null","null",15,"3","Sinker",2,0,2,0,0,2,2,0,"Standard","Standard"
"SL","2018-09-07","80.2","2.9187","6.1836","Derek Holland",444489,502706,"null","called_strike",,,,,"8","null","R","R","L","MIL","SF","S","null","null",0,0,2018,"0.0021","0.1163","-0.2329","1.9376","null","null","null",2,2,"Bot","null","null",,,460026,,"180908_003943","-6.8579","-116.4326","-2.7940","1.3838","23.1841","-30.8653","3.3936","1.5925","null","null","null","78.7580","2015","5.5450",531522,502706,460026,474832,605412,446334,593700,622046,491676,596103,"54.9539","null","null","null","null","null","null","null",15,"1","Slider",2,0,2,0,0,2,2,0,"Standard","Standard"
"SI","2018-09-07","91.4","3.0180","6.0940","Derek Holland",541650,502706,"null","called_strike",,,,,"4","null","R","R","L","MIL","SF","S","null","null",0,0,2018,"1.2844","0.9668","-0.4123","2.4337","null","null","null",1,2,"Bot","null","null",,,460026,,"180908_003847","-11.2191","-132.5814","-5.3380","17.1624","25.8542","-20.0812","3.6662","1.8450","null","null","null","90.6960","2357","5.8400",531522,502706,460026,474832,605412,446334,593700,622046,491676,596103,"54.6598","null","null","null","null","null","null","null",14,"1","Sinker",2,0,2,0,0,2,2,0,"Standard","Standard"
"SI","2018-09-07","92.8","2.8343","6.0568","Derek Holland",543768,502706,"null","ball",,,,,"13","null","R","L","L","MIL","SF","B","null","null",1,1,2018,"1.1286","1.1928","-1.1267","2.7925","null","null","null",0,2,"Bot","null","null",,,460026,,"180908_003728","-12.5032","-134.5296","-5.1212","16.1835","26.7157","-16.8819","3.8643","2.0313","null","null","null","92.5660","2440","6.1690",531522,502706,460026,474832,605412,446334,593700,622046,491676,596103,"54.3305","null","null","null","null","null","null","null",13,"3","Sinker",2,0,2,0,0,2,2,0,"Standard","Standard"
"SI","2018-09-07","90.6","2.9763","6.1175","Derek Holland",543768,502706,"null","ball",,,,,"14","null","R","L","L","MIL","SF","B","null","null",0,1,2018,"1.4371","0.8646","2.0577","1.3760","null","null","null",0,2,"Bot","null","null",,,460026,,"180908_003707","-5.2984","-131.6257","-7.6911","17.6695","27.2282","-20.8351","3.8353","1.9441","null","null","null","90.2000","2176","6.0760",531522,502706,460026,474832,605412,446334,593700,622046,491676,596103,"54.4235","null","null","null","null","null","null","null",13,"2","Sinker",2,0,2,0,0,2,2,0,"Standard","Standard"
"SL","2018-09-07","80.2","3.1654","6.0579","Derek Holland",543768,502706,"null","called_strike",,,,,"8","null","R","L","L","MIL","SF","S","null","null",0,0,2018,"-0.1709","0.4856","-0.2381","1.9720","null","null","null",0,2,"Bot","null","null",,,460026,,"180908_003656","-7.1388","-116.4924","-3.1802","-0.1759","22.0885","-27.4656","3.8353","1.9441","null","null","null","79.4420","2175","5.8840",531522,502706,460026,474832,605412,446334,593700,622046,491676,596103,"54.6152","null","null","null","null","null","null","null",13,"1","Slider",2,0,2,0,0,2,2,0,"Standard","Standard"
"FF","2018-09-07","92.5","-1.9733","5.9183","Chase Anderson",491676,502624,"null","ball",,,,,"11","null","R","R","R","MIL","SF","B","null","null",0,1,2018,"-0.7598","1.4117","-1.0655","3.8331","null","460026.00","622046.00",1,2,"Top","null","null",,,444489,,"180908_003359","3.8779","-134.6970","-2.5457","-9.8439","26.0081","-15.0080","3.4336","1.5835","null","null","null","91.8920","2099","5.6370",531522,502624,444489,542583,570731,543768,541650,460075,456715,592885,"54.8627","null","null","null","null","null","null","null",12,"2","4-Seam Fastball",2,0,0,2,0,2,0,2,"Standard","Standard"
"FT","2018-09-07","91.7","-0.8466","5.9068","Chase Anderson",622046,502624,"walk","ball",,,,,"13","Chris Shaw walks.   Nick Hundley to 2nd.  ","R","L","R","MIL","SF","B","null","null",3,1,2018,"-0.9705","1.1571","-1.0570","1.9335","null","null","460026.00",1,2,"Top","null","null",,,444489,,"180908_003244","1.5326","-133.4874","-6.6704","-11.8446","26.8017","-17.2942","3.7171","1.8850","null","null","null","91.5880","1979","6.0500",531522,502624,444489,542583,570731,543768,541650,460075,456715,592885,"54.4492","null","null","0.70",1,0,0,"null",11,"5","2-Seam Fastball",2,0,0,2,0,2,0,2,"Infield shift","Standard"
"CU","2018-09-07","76.0","-0.8276","5.9192","Chase Anderson",622046,502624,"null","ball",,,,,"14","null","R","L","R","MIL","SF","B","null","null",2,1,2018,"0.5780","-0.6422","1.3550","2.1759","null","null","460026.00",1,2,"Top","null","null",,,444489,,"180908_003220","3.4881","-110.3812","0.2599","3.8879","18.6298","-37.4773","3.6590","1.6816","null","null","null","73.8430","1894","4.6670",531522,502624,444489,542583,570731,543768,541650,460075,456715,592885,"55.8325","null","null","null","null","null","null","null",11,"4","Curveball",2,0,0,2,0,2,0,2,"Infield shift","Standard"
"CU","2018-09-07","75.3","-0.9558","5.9715","Chase Anderson",622046,502624,"null","ball",,,,,"13","null","R","L","R","MIL","SF","B","null","null",1,1,2018,"0.4052","-1.1337","-1.0233","1.6630","null","null","460026.00",1,2,"Top","null","null",,,444489,,"180908_003159","-0.8335","-109.4922","0.1884","3.3335","20.1581","-41.3625","3.7171","1.6525","null","null","null","74.3680","1891","5.7350",531522,502624,444489,542583,570731,543768,541650,460075,456715,592885,"54.7649","null","null","null","null","null","null","null",11,"3","Curveball",2,0,0,2,0,2,0,2,"Infield shift","Standard"
"FF","2018-09-07","91.1","-0.7555","5.9768","Chase Anderson",622046,502624,"null","ball",,,,,"12","null","R","L","R","MIL","SF","B","null","null",0,1,2018,"-0.7395","1.2767","0.0894","4.2076","null","null","460026.00",1,2,"Top","null","null",,,444489,,"180908_003142","3.6426","-132.5523","-1.2430","-9.3279","27.2897","-17.3409","3.6590","1.7978","null","null","null","90.4480","2055","5.8140",531522,502624,444489,542583,570731,543768,541650,460075,456715,592885,"54.6857","null","null","null","null","null","null","null",11,"2","4-Seam Fastball",2,0,0,2,0,2,0,2,"Infield shift","Standard"
"FT","2018-09-07","91.1","-0.8400","5.9711","Chase Anderson",622046,502624,"null","called_strike",,,,,"8","null","R","L","R","MIL","SF","S","null","null",0,0,2018,"-1.1353","1.0648","-0.0833","2.1765","null","null","460026.00",1,2,"Top","null","null",,,444489,,"180908_003122","4.2227","-132.5588","-5.8434","-13.9817","25.8971","-18.9213","3.6299","1.7688","null","null","null","90.4090","1966","5.6770",531522,502624,444489,542583,570731,543768,541650,460075,456715,592885,"54.8219","null","null","null","null","null","null","null",11,"1","2-Seam Fastball",2,0,0,2,0,2,0,2,"Infield shift","Standard"
"CU","2018-09-07","74.1","-1.8012","5.9627","Chase Anderson",460026,502624,"null","ball",,,,,"14","null","R","R","R","MIL","SF","B","null","null",0,0,2018,"0.7028","-0.8936","1.0831","2.1610","null","null","null",1,2,"Top","null","null",,,444489,,"180908_003026","4.5746","-107.4129","0.9773","4.2521","19.7418","-39.1554","3.3936","1.5925","null","null","null","71.3850","1962","4.5440",531522,502624,444489,542583,570731,543768,541650,460075,456715,592885,"55.9551","null","null","null","null","null","null","null",10,"1","Curveball",2,0,0,2,0,2,0,2,"Standard","Standard"
"FF","2018-09-07","90.2","-1.0315","6.0555","Chase Anderson",474832,502624,"null","called_strike",,,,,"13","null","R","L","R","MIL","SF","S","null","null",1,0,2018,"-0.9926","1.5546","-0.9179","1.5760","null","null","null",0,2,"Top","null","null",,,444489,,"180908_002906","2.2882","-130.9912","-8.2551","-11.6036","26.5528","-13.3001","3.3992","1.8279","null","null","null","88.9480","2004","5.5330",531522,502624,444489,542583,570731,543768,541650,460075,456715,592885,"54.9661","null","null","null","null","null","null","null",9,"2","4-Seam Fastball",2,0,0,2,0,2,0,2,"Strategic","Standard"
"FT","2018-09-07","89.3","-1.1443","5.9811","Chase Anderson",474832,502624,"null","ball",,,,,"13","null","R","L","R","MIL","SF","B","null","null",0,0,2018,"-1.4996","1.2206","-0.9210","1.6728","null","null","null",0,2,"Top","null","null",,,444489,,"180908_002853","3.6147","-129.7348","-7.0359","-17.4188","26.8794","-17.3844","3.4282","1.8279","null","null","null","88.5380","2023","5.8820",531522,502624,444489,542583,570731,543768,541650,460075,456715,592885,"54.6172","null","null","null","null","null","null","null",9,"1","2-Seam Fastball",2,0,0,2,0,2,0,2,"Strategic","Standard"
"CH","2018-09-07","82.6","2.8264","6.0599","Derek Holland",570731,502706,"null","ball",,,,,"14","null","R","R","L","MIL","SF","B","null","null",0,0,2018,"0.9691","1.0100","0.3162","0.0084","null","null","null",2,1,"Bot","null","null",,,460026,,"180908_002612","-7.5458","-119.7960","-9.1539","10.7037","22.3678","-20.9938","3.7243","1.8450","null","null","null","82.2660","2221","6.1750",531522,502706,460026,474832,605412,446334,593700,622046,491676,596103,"54.3248","null","null","null","null","null","null","null",8,"1","Changeup",2,0,2,0,0,2,2,0,"Standard","Standard"
"SI","2018-09-07","90.9","3.0056","6.0282","Derek Holland",460075,502706,"null","called_strike",,,,,"7","null","R","R","L","MIL","SF","S","null","null",0,0,2018,"0.9533","1.2627","-0.6027","2.1049","null","456715.00","null",2,1,"Bot","null","null",,,460026,,"180908_002450","-10.9476","-131.6840","-6.4406","13.3735","29.7118","-16.5254","3.7552","1.8169","null","null","null","89.7940","2305","6.0000",531522,502706,460026,474832,605412,446334,593700,622046,491676,596103,"54.4997","null","null","null","null","null","null","null",7,"1","Sinker",0,0,0,0,0,0,0,0,"Standard","Standard"
"SI","2018-09-07","91.1","3.0838","6.0599","Derek Holland",542583,502706,"null","called_strike",,,,,"4","null","R","R","L","MIL","SF","S","null","null",0,1,2018,"1.0044","1.2501","-0.6852","2.8890","null","456715.00","null",1,1,"Bot","null","null",,,460026,,"180908_002312","-11.4194","-131.9298","-4.5420","14.0485","30.0112","-17.1471","3.7171","1.8850","null","null","null","89.6330","2305","5.8110",531522,502706,460026,474832,605412,446334,593700,622046,491676,596103,"54.6883","null","null","null","null","null","null","null",6,"2","Sinker",0,0,0,0,0,0,0,0,"Standard","Standard"
"KC","2018-09-07","76.6","2.8820","6.1991","Derek Holland",542583,502706,"null","called_strike",,,,,"12","null","R","R","L","MIL","SF","S","null","null",0,0,2018,"-0.2649","0.0529","1.0562","3.0405","null","456715.00","null",1,1,"Bot","null","null",,,460026,,"180908_002249","-3.3650","-111.5069","0.2693","-1.5424","20.9393","-32.0340","3.5427","1.6525","null","null","null","76.0770","1835","5.9890",531522,502706,460026,474832,605412,446334,593700,622046,491676,596103,"54.5108","null","null","null","null","null","null","null",6,"1","Knuckle Curve",0,0,0,0,0,0,0,0,"Standard","Standard"
"SI","2018-09-07","90.8","3.0401","6.1688","Derek Holland",592885,502706,"null","ball",,,,,"3","null","R","L","L","MIL","SF","B","null","null",0,0,2018,"1.2335","1.2614","0.6530","3.6312","null","null","456715.00",0,1,"Bot","null","null",,,460026,,"180908_002038","-8.5115","-131.8815","-3.0766","15.9915","26.8952","-17.1910","3.5717","1.8560","null","null","null","90.2950","2449","5.9920",531522,502706,460026,474832,605412,446334,593700,622046,491676,596103,"54.5075","null","null","null","null","null","null","null",5,"1","Sinker",0,0,0,0,0,0,0,0,"Standard","Standard"
"SI","2018-09-07","90.8","2.9587","6.1286","Derek Holland",456715,502706,"null","ball",,,,,"14","null","R","R","L","MIL","SF","B","null","null",0,0,2018,"1.4028","0.8324","1.1809","1.7241","null","null","null",0,1,"Bot","null","null",,,460026,,"180908_001941","-7.3902","-131.8851","-6.8400","17.8065","27.0988","-21.3213","3.7552","1.7588","null","null","null","90.5130","2351","6.1400",531522,502706,460026,474832,605412,446334,593700,622046,491676,596103,"54.3592","null","null","null","null","null","null","null",4,"1","Sinker",0,0,0,0,0,0,0,0,"Standard","Standard"
"FC","2018-09-07","88.6","-1.8786","5.9240","Chase Anderson",446334,502624,"null","ball",,,,,"14","null","R","R","R","MIL","SF","B","null","null",0,2,2018,"0.4597","0.7879","1.6397","0.8297","null","null","596103.00",1,1,"Top","null","null",,,444489,,"180908_001557","7.5307","-128.5071","-7.8345","3.4915","25.2502","-22.3579","3.7243","1.6707","null","null","null","87.3120","2329","5.5410",531522,502624,444489,542583,570731,543768,541650,460075,456715,592885,"54.9586","null","null","null","null","null","null","null",3,"5","Cutter",0,0,0,0,0,0,0,0,"Standard","Standard"
"FF","2018-09-07","92.5","-1.9486","5.9901","Chase Anderson",446334,502624,"null","called_strike",,,,,"8","null","R","R","R","MIL","SF","S","null","null",0,0,2018,"-0.9107","1.6515","0.0128","1.7207","null","null","596103.00",1,1,"Top","null","null",,,444489,,"180908_001339","6.8678","-134.1843","-8.4492","-12.3276","30.5884","-10.9851","3.8406","1.6125","null","null","null","91.2620","2170","5.8350",531522,502624,444489,542583,570731,543768,541650,460075,456715,592885,"54.6646","null","null","null","null","null","null","null",3,"1","4-Seam Fastball",0,0,0,0,0,0,0,0,"Standard","Standard"
"FF","2018-09-07","91.4","-1.8696","6.0287","Chase Anderson",596103,502624,"null","called_strike",,,,,"12","null","R","R","R","MIL","SF","S","null","null",0,0,2018,"-0.7465","1.4564","0.9149","3.1551","null","null","null",1,1,"Top","null","null",,,444489,,"180908_001233","8.4117","-132.6760","-4.3404","-10.2409","25.8728","-14.7860","3.4936","1.6135","null","null","null","90.1330","2164","5.4520",531522,502624,444489,542583,570731,543768,541650,460075,456715,592885,"55.0475","null","null","null","null","null","null","null",2,"1","4-Seam Fastball",0,0,0,0,0,0,0,0,"Standard","Standard"
"CH","2018-09-07","81.9","-1.2159","6.0003","Chase Anderson",605412,502624,"strikeout","called_strike",,,,,"13","Joe Panik called out on strikes.  ","R","L","R","MIL","SF","S",2,"null",1,2,2018,"-1.5157","1.0973","-0.6008","1.4149","null","null","null",0,1,"Top","null","null",,,444489,,"180908_001157","4.1238","-118.9930","-5.7283","-14.7085","22.2466","-21.2724","3.3464","1.5544","null","null","null","80.4960","2322","5.3550",531522,502624,444489,542583,570731,543768,541650,460075,456715,592885,"55.1446","null","null","0.00",1,0,0,"null",1,"4","Changeup",0,0,0,0,0,0,0,0,"Standard","Standard"
"FF","2018-09-07","92.2","-0.8446","6.0254","Chase Anderson",605412,502624,"null","ball",,,,,"12","null","R","L","R","MIL","SF","B","null","null",0,2,2018,"-0.8142","1.4788","0.2967","4.4767","null","null","null",0,1,"Top","null","null",,,444489,,"180908_001142","4.5335","-134.1211","-1.2280","-10.4871","27.3782","-14.8034","3.4336","1.5544","null","null","null","90.9860","2230","5.4450",531522,502624,444489,542583,570731,543768,541650,460075,456715,592885,"55.0544","null","null","null","null","null","null","null",1,"3","4-Seam Fastball",0,0,0,0,0,0,0,0,"Standard","Standard"
"FT","2018-09-07","90.8","-1.0320","6.0598","Chase Anderson",605412,502624,"null","called_strike",,,,,"7","null","R","L","R","MIL","SF","S","null","null",0,0,2018,"-1.2762","1.1820","-0.2964","1.8425","null","null","null",0,1,"Top","null","null",,,444489,,"180908_001111","4.4793","-131.9822","-7.0781","-15.6267","26.5865","-17.3366","3.1429","1.5544","null","null","null","90.2150","2158","5.8720",531522,502624,444489,542583,570731,543768,541650,460075,456715,592885,"54.6270","null","null","null","null","null","null","null",1,"1","2-Seam Fastball",0,0,0,0,0,0,0,0,"Standard","Standard"