"pitch_type","game_date","release_speed","release_pos_x","release_pos_z","player_name","batter","pitcher","events","description","spin_dir","spin_rate_deprecated","break_angle_deprecated","break_length_deprecated","zone","des","game_type","stand","p_throws","home_team","away_team","type","hit_location","bb_type","balls","strikes","game_year","pfx_x","pfx_z","plate_x","plate_z","on_3b","on_2b","on_1b","outs_when_up","inning","inning_topbot","hc_x","hc_y","tfs_deprecated","tfs_zulu_deprecated","pos2_person_id","umpire","sv_id","vx0","vy0","vz0","ax","ay","az","sz_top","sz_bot","hit_distance_sc","launch_speed","launch_angle","effective_speed","release_spin_rate","release_extension","game_pk","pos1_person_id","pos2_person_id","pos3_person_id","pos4_person_id","pos5_person_id","pos6_person_id","pos7_person_id","pos8_person_id","pos9_person_id","release_pos_y","estimated_ba_using_speedangle","estimated_woba_using_speedangle","woba_value","woba_denom","babip_value","iso_value","launch_speed_angle","at_bat_number","pitch_number","pitch_name","home_score","away_score","bat_score","fld_score","post_away_score","post_home_score","post_bat_score","post_fld_score","if_fielding_alignment","of_fielding_alignment"
"FF","2018-07-02","95.2","-2.1347","6.1966","Wade Davis",543063,451584,"null","called_strike",,,,,"1","null","R","L","R","COL","SF","S","null","null",3,1,2018,"-0.1992","1.1190","-0.7970","2.9233","null","457763.00","null",2,9,"Top","null","null",,,455104,,"180703_032703","3.9525","-138.7807","-5.5639","-3.2999","24.6183","-16.7679","3.3517","1.5240","null","null","null","95.9930","2422","6.1910",530675,451584,455104,435622,518934,571448,596115,571595,453568,471865,"54.3113","null","null","null","null","null","null","null",72,"5","4-Seam Fastball",5,2,2,5,2,5,2,5,"Strategic","Standard"
"FF","2018-07-02","95.4","-2.2102","6.1702","Wade Davis",543063,451584,"null","ball",,,,,"7","null","R","L","R","COL","SF","B","null","null",2,1,2018,"-0.2951","1.2207","-0.4148","1.4824","null","457763.00","null",2,9,"Top","null","null",,,455104,,"180703_032635","5.3898","-138.8725","-9.5957","-4.7615","22.2474","-14.6660","3.2866","1.5240","null","null","null","96.6370","2615","6.3530",530675,451584,455104,435622,518934,571448,596115,571595,453568,471865,"54.1485","null","null","null","null","null","null","null",72,"4","4-Seam Fastball",5,2,2,5,2,5,2,5,"Standard","Standard"
"FF","2018-07-02","95.4","-2.2665","6.1923","Wade Davis",543063,451584,"null","ball",,,,,"13","null","R","L","R","COL","SF","B","null","null",1,1,2018,"-0.2907","1.1450","-1.3127","1.8981","null","457763.00","null",2,9,"Top","null","null",,,455104,,"180703_032605","3.1447","-138.9781","-8.3407","-4.3173","22.3823","-15.9860","3.3416","1.5790","null","null","null","96.2520","2605","6.1010",530675,451584,455104,435622,518934,571448,596115,571595,453568,471865,"54.4011","null","null","null","null","null","null","null",72,"3","4-Seam Fastball",5,2,2,5,2,5,2,5,"Standard","Standard"
"FC","2018-07-02","92.2","-2.0986","6.1831","Wade Davis",543063,451584,"null","ball",,,,,"14","null","R","L","R","COL","SF","B","null","null",0,1,2018,"0.4956","0.4650","1.4427","0.9681","null","457763.00","null",2,9,"Top","null","null",,,455104,,"180703_032542","7.8973","-134.0594","-8.5159","4.7806","21.1856","-25.3410","3.2866","1.5790","null","null","null","92.7120","2838","6.0490",530675,451584,455104,435622,518934,571448,596115,571595,453568,471865,"54.4531","null","null","null","null","null","null","null",72,"2","Cutter",5,2,2,5,2,5,2,5,"Standard","Standard"
"FF","2018-07-02","94.5","-2.2541","6.1647","Wade Davis",543063,451584,"null","called_strike",,,,,"9","null","R","L","R","COL","SF","S","null","null",0,0,2018,"-0.1344","1.0520","0.5930","1.4887","null","457763.00","null",2,9,"Top","null","null",,,455104,,"180703_032520","7.6654","-137.4295","-8.8841","-2.9658","22.4143","-17.4672","3.4067","1.4690","null","null","null","94.9700","2439","6.0170",530675,451584,455104,435622,518934,571448,596115,571595,453568,471865,"54.4848","null","null","null","null","null","null","null",72,"1","4-Seam Fastball",5,2,2,5,2,5,2,5,"Standard","Standard"
"FF","2018-07-02","95.6","-2.0560","6.2116","Wade Davis",596103,451584,"null","ball",,,,,"12","null","R","R","R","COL","SF","B","null","null",0,2,2018,"-0.2997","0.9419","1.1749","3.3481","null","457763.00","null",1,9,"Top","null","null",,,455104,,"180703_032411","9.1871","-139.1120","-4.1765","-5.4740","22.9154","-19.1982","3.6713","1.6833","null","null","null","96.6480","2554","6.3060",530675,451584,455104,435622,518934,571448,596115,571595,453568,471865,"54.1956","null","null","null","null","null","null","null",71,"3","4-Seam Fastball",5,2,2,5,2,5,2,5,"Standard","Standard"
"FF","2018-07-02","93.9","-1.9228","6.2398","Wade Davis",596103,451584,"null","called_strike",,,,,"5","null","R","R","R","COL","SF","S","null","null",0,0,2018,"-0.2222","1.0083","0.1172","2.2035","null","457763.00","null",1,9,"Top","null","null",,,455104,,"180703_032314","5.7478","-136.6689","-7.0354","-3.7837","23.1872","-18.4127","3.5613","1.5733","null","null","null","94.4930","2426","6.1180",530675,451584,455104,435622,518934,571448,596115,571595,453568,471865,"54.3837","null","null","null","null","null","null","null",71,"1","4-Seam Fastball",5,2,2,5,2,5,2,5,"Standard","Standard"
"FC","2018-07-02","89.8","-1.9453","6.1535","Wade Davis",457763,451584,"null","ball",,,,,"12","null","R","R","R","COL","SF","B","null","null",0,1,2018,"0.5268","0.2552","1.4101","4.7812","null","null","null",1,9,"Top","null","null",,,455104,,"180703_032159","7.1440","-130.7495","1.8836","4.8799","20.6225","-29.7485","3.5574","1.6494","null","null","null","89.7400","2693","5.6680",530675,451584,455104,435622,518934,571448,596115,571595,453568,471865,"54.8337","null","null","null","null","null","null","null",70,"2","Cutter",5,2,2,5,2,5,2,5,"Standard","Standard"
"FC","2018-07-02","89.1","-1.9462","6.0906","Wade Davis",457763,451584,"null","called_strike",,,,,"9","null","R","R","R","COL","SF","S","null","null",0,0,2018,"0.4479","0.4052","0.5792","1.9481","null","null","null",1,9,"Top","null","null",,,455104,,"180703_032139","5.2521","-129.8910","-5.1408","4.3238","19.0865","-26.9761","3.6325","1.5394","null","null","null","89.6630","2637","5.8840",530675,451584,455104,435622,518934,571448,596115,571595,453568,471865,"54.6176","null","null","null","null","null","null","null",70,"1","Cutter",5,2,2,5,2,5,2,5,"Standard","Standard"
"FF","2018-07-02","92.0","-2.1700","6.1054","Wade Davis",457705,451584,"null","ball",,,,,"14","null","R","R","R","COL","SF","B","null","null",0,0,2018,"-0.5250","0.9912","1.1648","1.9907","null","null","null",0,9,"Top","null","null",,,455104,,"180703_031942","9.5385","-133.7770","-6.8136","-7.9173","21.8470","-19.2259","3.5762","1.6481","null","null","null","92.5160","2261","6.1040",530675,451584,455104,435622,518934,571448,596115,571595,453568,471865,"54.3977","null","null","null","null","null","null","null",69,"1","4-Seam Fastball",5,2,2,5,2,5,2,5,"Standard","Standard"
"FF","2018-07-02","95.4","-1.3831","5.4728","Sam Dyson",571448,473879,"null","called_strike",,,,,"4","null","R","R","R","COL","SF","S","null","null",0,1,2018,"-0.4332","0.8419","-0.6557","2.5154","null","606132.00","null",2,8,"Bot","null","null",,,457763,,"180703_031514","2.8127","-138.7786","-3.9744","-6.0451","28.0642","-20.9600","3.4624","1.6294","null","null","null","94.4250","2298","5.5230",530675,473879,457763,474832,605412,467055,543063,596103,491676,457705,"54.9784","null","null","null","null","null","null","null",68,"2","4-Seam Fastball",5,2,5,2,2,5,5,2,"Standard","Standard"
"FF","2018-07-02","94.9","-1.3455","5.3923","Sam Dyson",571448,473879,"null","called_strike",,,,,"9","null","R","R","R","COL","SF","S","null","null",0,0,2018,"-0.4566","0.6833","0.7950","1.8508","null","606132.00","null",2,8,"Bot","null","null",,,457763,,"180703_031442","6.4515","-138.0277","-5.0678","-6.8849","25.4357","-22.9402","3.5174","1.5744","null","null","null","93.8060","2349","5.2930",530675,473879,457763,474832,605412,467055,543063,596103,491676,457705,"55.2085","null","null","null","null","null","null","null",68,"1","4-Seam Fastball",5,2,5,2,2,5,5,2,"Standard","Standard"
"FF","2018-07-02","93.8","-1.3461","5.5137","Sam Dyson",518934,473879,"null","ball",,,,,"3","null","R","R","R","COL","SF","B","null","null",0,0,2018,"-0.1997","0.7866","0.6982","3.5586","571595.00","608596.00","null",0,8,"Bot","null","null",,,457763,,"180703_031221","5.6282","-136.5943","-1.1028","-3.4767","24.7639","-22.5148","3.4730","1.5697","null","null","null","93.1540","2344","5.4760",530675,473879,457763,474832,605412,467055,543063,596103,491676,457705,"55.0263","null","null","null","null","null","null","null",66,"1","4-Seam Fastball",4,2,4,2,2,4,4,2,"Strategic","Standard"
"SI","2018-07-02","90.9","2.9972","6.3847","Ty Blach",608596,621389,"null","ball",,,,,"13","null","R","R","L","COL","SF","B","null","null",2,2,2018,"1.0024","0.5694","-0.9052","1.8077","471865.00","null","571595.00",0,8,"Bot","null","null",,,457763,,"180703_030823","-11.5281","-131.7660","-6.6459","13.2870","21.7735","-24.8248","3.4363","1.5940","null","null","null","89.5120","2179","5.1600",530675,621389,457763,474832,605412,467055,543063,596103,491676,457705,"55.3417","null","null","null","null","null","null","null",65,"7","Sinker",3,2,3,2,2,3,3,2,"Strategic","Standard"
"SI","2018-07-02","91.3","3.0455","6.2583","Ty Blach",608596,621389,"null","ball",,,,,"14","null","R","R","L","COL","SF","B","null","null",1,2,2018,"1.1249","0.6397","0.0023","0.9519","471865.00","null","571595.00",0,8,"Bot","null","null",,,457763,,"180703_030758","-9.7520","-132.3964","-8.6563","14.6333","23.5653","-23.5244","3.4363","1.5390","null","null","null","89.9330","2247","5.2770",530675,621389,457763,474832,605412,467055,543063,596103,491676,457705,"55.2245","null","null","null","null","null","null","null",65,"6","Sinker",3,2,3,2,2,3,3,2,"Strategic","Standard"
"SI","2018-07-02","90.6","3.2279","6.2131","Ty Blach",608596,621389,"null","ball",,,,,"14","null","R","R","L","COL","SF","B","null","null",0,1,2018,"1.1824","0.7654","1.6722","2.5264","471865.00","null","571595.00",0,8,"Bot","null","null",,,457763,,"180703_030618","-6.0756","-131.7531","-4.8166","14.2522","21.4226","-23.0307","3.4913","1.5940","null","null","null","88.9580","2248","4.7910",530675,621389,457763,474832,605412,467055,543063,596103,491676,457705,"55.7108","null","null","null","null","null","null","null",65,"2","Sinker",3,2,3,2,2,3,3,2,"Strategic","Standard"
"SI","2018-07-02","89.0","3.1669","6.3712","Ty Blach",571595,621389,"null","ball",,,,,"12","null","R","R","L","COL","SF","B","null","null",1,0,2018,"1.1967","0.6923","1.3277","2.9084","null","null","471865.00",0,8,"Bot","null","null",,,457763,,"180703_030439","-6.6829","-129.2644","-3.8135","14.0579","22.3384","-24.2918","3.5614","1.4084","null","null","null","87.1890","2102","4.8720",530675,621389,457763,474832,605412,467055,543063,596103,491676,457705,"55.6301","null","null","null","null","null","null","null",64,"2","Sinker",3,2,3,2,2,3,3,2,"Strategic","Standard"
"SI","2018-07-02","89.5","2.9675","6.4007","Ty Blach",571595,621389,"null","ball",,,,,"13","null","R","R","L","COL","SF","B","null","null",0,0,2018,"1.3009","0.8012","-1.5285","1.8307","null","null","471865.00",0,8,"Bot","null","null",,,457763,,"180703_030400","-13.2328","-129.3608","-6.6582","16.4056","23.3501","-22.5910","3.3964","1.4084","null","null","null","87.1470","2182","4.8820",530675,621389,457763,474832,605412,467055,543063,596103,491676,457705,"55.6200","null","null","null","null","null","null","null",64,"1","Sinker",3,2,3,2,2,3,3,2,"Standard","Standard"
"CH","2018-07-02","87.5","-1.3180","5.6801","Scott Oberg",593700,623184,"null","ball",,,,,"9","null","R","L","R","COL","SF","B","null","null",1,1,2018,"-0.7310","0.2303","0.4265","1.5375","null","null","null",0,8,"Top","null","null",,,455104,,"180703_025715","5.7961","-127.4318","-4.4791","-9.1822","21.9186","-28.9855","3.3027","1.5596","null","null","null","88.9640","2007","6.7930",530675,623184,455104,435622,518934,571448,596115,571595,453568,471865,"53.7092","null","null","null","null","null","null","null",60,"3","Changeup",3,2,2,3,2,3,2,3,"Standard","Standard"
"FF","2018-07-02","95.4","-1.3420","5.8294","Scott Oberg",593700,623184,"null","ball",,,,,"12","null","R","L","R","COL","SF","B","null","null",0,1,2018,"-0.1951","0.8177","1.1204","2.4557","null","null","null",0,8,"Top","null","null",,,455104,,"180703_025659","6.9393","-138.9381","-5.2406","-3.7374","23.1186","-20.6325","3.2477","1.6146","null","null","null","96.7430","2458","6.4460",530675,623184,455104,435622,518934,571448,596115,571595,453568,471865,"54.0561","null","null","null","null","null","null","null",60,"2","4-Seam Fastball",3,2,2,3,2,3,2,3,"Standard","Strategic"
"SL","2018-07-02","84.8","-1.2973","5.1482","Reyes Moronta",455104,606625,"null","ball",,,,,"14","null","R","R","R","COL","SF","B","null","null",1,2,2018,"1.0306","0.2866","2.0909","2.4535","null","435622.00","null",2,7,"Bot","null","null",,,457763,,"180703_025320","5.8437","-123.3310","-0.5109","9.1153","24.7926","-29.4583","3.4168","1.6543","null","null","null","83.8950","2551","5.7500",530675,606625,457763,474832,605412,467055,543063,596103,491676,457705,"54.7517","null","null","null","null","null","null","null",59,"6","Slider",3,2,3,2,2,3,3,2,"Standard","Standard"
"SL","2018-07-02","83.8","-1.2717","5.1506","Reyes Moronta",455104,606625,"null","ball",,,,,"9","null","R","R","R","COL","SF","B","null","null",0,2,2018,"1.1633","-0.2825","0.6470","1.5137","null","435622.00","null",2,7,"Bot","null","null",,,457763,,"180703_025222","2.1702","-122.1087","-1.5163","11.1005","21.7082","-34.9139","3.3069","1.5993","null","null","null","83.4620","2735","5.7760",530675,606625,457763,474832,605412,467055,543063,596103,491676,457705,"54.7262","null","null","null","null","null","null","null",59,"4","Slider",3,2,3,2,2,3,3,2,"Standard","Standard"
"SL","2018-07-02","83.2","-1.4627","5.0728","Reyes Moronta",455104,606625,"null","called_strike",,,,,"7","null","R","R","R","COL","SF","S","null","null",0,0,2018,"0.9606","0.1791","-0.7465","1.8089","null","435622.00","null",2,7,"Bot","null","null",,,457763,,"180703_025112","-0.1965","-121.3423","-1.5196","9.4862","18.9528","-30.3667","3.3069","1.5342","null","null","null","83.3720","2658","5.8350",530675,606625,457763,474832,605412,467055,543063,596103,491676,457705,"54.6667","null","null","null","null","null","null","null",59,"1","Slider",3,2,3,2,2,3,3,2,"Standard","Standard"
"FF","2018-07-02","96.4","-1.2635","5.4178","Reyes Moronta",435622,606625,"null","ball",,,,,"11","null","R","R","R","COL","SF","B","null","null",2,2,2018,"-0.1240","1.0667","-1.2569","4.8287","453568.00","null","null",2,7,"Bot","null","null",,,457763,,"180703_025001","0.2964","-140.5076","1.5130","-1.7059","27.4630","-18.4810","3.4322","1.4940","null","null","null","96.8910","2428","6.1750",530675,606625,457763,474832,605412,467055,543063,596103,491676,457705,"54.3263","null","null","null","null","null","null","null",58,"5","4-Seam Fastball",2,2,2,2,2,2,2,2,"Standard","Standard"
"SL","2018-07-02","81.8","-1.5787","5.0659","Reyes Moronta",435622,606625,"null","called_strike",,,,,"8","null","R","R","R","COL","SF","S","null","null",2,1,2018,"1.1292","0.0727","-0.1936","2.0427","453568.00","null","null",2,7,"Bot","null","null",,,457763,,"180703_024940","0.9936","-119.1882","-0.4639","10.4179","20.7986","-31.6368","3.4724","1.4490","null","null","null","81.3390","2613","5.7000",530675,606625,457763,474832,605412,467055,543063,596103,491676,457705,"54.8017","null","null","null","null","null","null","null",58,"4","Slider",2,2,2,2,2,2,2,2,"Standard","Standard"
"SL","2018-07-02","83.1","-1.3233","5.1785","Reyes Moronta",435622,606625,"null","ball",,,,,"14","null","R","R","R","COL","SF","B","null","null",1,1,2018,"0.9408","0.0199","1.4857","1.1821","453568.00","null","null",2,7,"Bot","null","null",,,457763,,"180703_024916","4.5861","-120.8520","-2.7131","8.1896","23.0781","-31.7007","3.3772","1.4940","null","null","null","82.4300","2593","5.8300",530675,606625,457763,474832,605412,467055,543063,596103,491676,457705,"54.6716","null","null","null","null","null","null","null",58,"3","Slider",2,2,2,2,2,2,2,2,"Standard","Standard"
"FF","2018-07-02","97.5","-1.3631","5.2611","Reyes Moronta",435622,606625,"null","ball",,,,,"13","null","R","R","R","COL","SF","B","null","null",0,1,2018,"-0.2781","1.1261","-1.2293","2.2217","453568.00","null","null",2,7,"Bot","null","null",,,457763,,"180703_024900","1.0037","-142.0835","-5.3413","-4.0119","29.1615","-15.8532","3.4872","1.4940","null","null","null","98.3150","2652","6.4370",530675,606625,457763,474832,605412,467055,543063,596103,491676,457705,"54.0646","null","null","null","null","null","null","null",58,"2","4-Seam Fastball",2,2,2,2,2,2,2,2,"Standard","Standard"
"FF","2018-07-02","98.5","-1.0529","5.4420","Reyes Moronta",435622,606625,"null","called_strike",,,,,"1","null","R","R","R","COL","SF","S","null","null",0,0,2018,"-0.2768","0.9218","-0.4178","3.1492","453568.00","null","null",2,7,"Bot","null","null",,,457763,,"180703_024843","2.3603","-143.5881","-2.9656","-4.3238","29.8078","-18.9924","3.5274","1.5041","null","null","null","98.8790","2512","6.1740",530675,606625,457763,474832,605412,467055,543063,596103,491676,457705,"54.3276","null","null","null","null","null","null","null",58,"1","4-Seam Fastball",2,2,2,2,2,2,2,2,"Standard","Standard"
"SL","2018-07-02","78.6","-1.2843","5.3940","Reyes Moronta",596115,606625,"null","ball",,,,,"13","null","R","R","R","COL","SF","B","null","null",0,0,2018,"0.6079","-0.3161","-1.0416","1.0325","518934.00","453568.00","571448.00",0,7,"Bot","null","null",,,457763,,"180703_024544","-0.5611","-114.4377","-2.1098","5.3444","18.7846","-34.7826","3.4127","1.4744","null","null","null","78.0740","2446","5.6430",530675,606625,457763,474832,605412,467055,543063,596103,491676,457705,"54.8589","null","null","null","null","null","null","null",57,"1","Slider",1,2,1,2,2,1,1,2,"Standard","Standard"
"FF","2018-07-02","96.9","-1.0285","5.4114","Reyes Moronta",571448,606625,"walk","ball",,,,,"13","Nolan Arenado walks.   Pat Valaika scores.    DJ LeMahieu to 3rd.    Charlie Blackmon to 2nd.  ","R","R","R","COL","SF","B","null","null",3,1,2018,"-0.2375","1.1618","-0.2529","1.0872","642162.00","518934.00","453568.00",0,7,"Bot","null","null",,,457763,,"180703_024500","2.6204","-141.1702","-8.8077","-3.6941","24.9459","-14.9741","3.3672","1.4644","null","null","null","98.0630","2521","6.3880",530675,606625,457763,474832,605412,467055,543063,596103,491676,457705,"54.1135","null","null","0.70",1,0,0,"null",56,"5","4-Seam Fastball",0,2,0,2,2,0,0,2,"Standard","Standard"
"SL","2018-07-02","80.1","-1.3250","5.2082","Reyes Moronta",571448,606625,"null","ball",,,,,"11","null","R","R","R","COL","SF","B","null","null",2,1,2018,"0.8578","-0.3203","-1.2799","3.1932","642162.00","518934.00","453568.00",0,7,"Bot","null","null",,,457763,,"180703_024436","-1.4740","-116.6554","2.7098","8.0202","18.4108","-35.7115","3.3672","1.5194","null","null","null","80.0540","2623","5.8560",530675,606625,457763,474832,605412,467055,543063,596103,491676,457705,"54.6455","null","null","null","null","null","null","null",56,"4","Slider",0,2,0,2,2,0,0,2,"Standard","Standard"
"FF","2018-07-02","97.6","-1.3013","5.3630","Reyes Moronta",571448,606625,"null","called_strike",,,,,"7","null","R","R","R","COL","SF","S","null","null",2,0,2018,"-0.1491","0.9921","-0.3555","1.8505","642162.00","518934.00","453568.00",0,7,"Bot","null","null",,,457763,,"180703_024413","2.8779","-142.2516","-6.3203","-2.5543","25.4294","-17.6502","3.4624","1.6294","null","null","null","98.3040","2367","6.1120",530675,606625,457763,474832,605412,467055,543063,596103,491676,457705,"54.3901","null","null","null","null","null","null","null",56,"3","4-Seam Fastball",0,2,0,2,2,0,0,2,"Standard","Strategic"
"FF","2018-07-02","96.2","-1.2078","5.4281","Reyes Moronta",571448,606625,"null","ball",,,,,"13","null","R","R","R","COL","SF","B","null","null",1,0,2018,"-0.0258","1.0234","-1.7212","1.9905","642162.00","518934.00","453568.00",0,7,"Bot","null","null",,,457763,,"180703_024345","-1.3028","-140.2619","-5.9687","-0.1189","24.3060","-17.6634","3.3672","1.6294","null","null","null","97.0720","2518","6.1640",530675,606625,457763,474832,605412,467055,543063,596103,491676,457705,"54.3378","null","null","null","null","null","null","null",56,"2","4-Seam Fastball",0,2,0,2,2,0,0,2,"Standard","Standard"
"FF","2018-07-02","96.4","-0.9823","5.5538","Reyes Moronta",571448,606625,"null","ball",,,,,"12","null","R","R","R","COL","SF","B","null","null",0,0,2018,"-0.1754","0.7767","0.5051","3.9072","642162.00","518934.00","453568.00",0,7,"Bot","null","null",,,457763,,"180703_024322","4.3351","-140.4941","-0.6620","-3.1281","25.7460","-21.9053","3.4772","1.6845","null","null","null","96.9300","2494","6.0860",530675,606625,457763,474832,605412,467055,543063,596103,491676,457705,"54.4163","null","null","null","null","null","null","null",56,"1","4-Seam Fastball",0,2,0,2,2,0,0,2,"Standard","Standard"
"FT","2018-07-02","91.2","2.9050","5.6746","Madison Bumgarner",453568,518516,"null","ball",,,,,"12","null","R","L","L","COL","SF","B","null","null",1,2,2018,"0.5311","1.1271","0.3646","5.0558","null","642162.00","518934.00",0,7,"Bot","null","null",,,457763,,"180703_023930","-7.6310","-132.9218","1.7829","7.8220","23.3299","-18.8848","3.3021","1.4591","null","null","null","92.8930","2140","6.8090",530675,518516,457763,474832,605412,467055,543063,596103,491676,457705,"53.6924","null","null","null","null","null","null","null",55,"5","2-Seam Fastball",0,2,0,2,2,0,0,2,"Standard","Standard"
"FT","2018-07-02","91.6","3.0356","5.6303","Madison Bumgarner",453568,518516,"null","ball",,,,,"12","null","R","L","L","COL","SF","B","null","null",0,2,2018,"0.6328","1.0442","0.5726","4.4208","null","642162.00","518934.00",0,7,"Bot","null","null",,,457763,,"180703_023901","-7.6491","-133.3949","0.4516","9.1054","24.3081","-19.7002","3.3021","1.4591","null","null","null","92.8000","2151","6.6230",530675,518516,457763,474832,605412,467055,543063,596103,491676,457705,"53.8786","null","null","null","null","null","null","null",55,"4","2-Seam Fastball",0,2,0,2,2,0,0,2,"Standard","Standard"
"FC","2018-07-02","86.3","3.0487","5.6419","Madison Bumgarner",453568,518516,"null","called_strike",,,,,"9","null","R","L","L","COL","SF","S","null","null",0,0,2018,"-0.2264","0.4680","0.5799","1.6873","null","642162.00","518934.00",0,7,"Bot","null","null",,,457763,,"180703_023730","-5.4184","-125.6714","-4.2489","-1.5293","20.7861","-26.6340","3.4222","1.5242","null","null","null","87.0050","2208","6.2910",530675,518516,457763,474832,605412,467055,543063,596103,491676,457705,"54.2104","null","null","null","null","null","null","null",55,"1","Cutter",0,2,0,2,2,0,0,2,"Standard","Standard"
"FC","2018-07-02","83.2","3.0987","5.7108","Madison Bumgarner",518934,518516,"null","called_strike",,,,,"5","null","R","R","L","COL","SF","S","null","null",0,0,2018,"-0.3585","0.3536","0.2185","2.4578","null","null","642162.00",0,7,"Bot","null","null",,,457763,,"180703_023545","-5.9085","-121.2904","-1.8476","-2.6728","18.5206","-28.5404","3.5280","1.6247","null","null","null","83.9360","2230","6.1910",530675,518516,457763,474832,605412,467055,543063,596103,491676,457705,"54.3106","null","null","null","null","null","null","null",54,"1","Cutter",0,2,0,2,2,0,0,2,"Standard","Standard"
"FF","2018-07-02","91.5","1.5482","5.3541","Kyle Freeland",605412,607536,"null","ball",,,,,"13","null","R","L","L","COL","SF","B","null","null",2,1,2018,"0.4543","0.7553","-1.0413","1.5144","null","null","null",2,7,"Top","null","null",,,455104,,"180703_023048","-7.5491","-133.3013","-5.6281","6.7415","21.0553","-22.2129","3.2312","1.4887","null","null","null","92.9250","2306","6.4910",530675,607536,455104,435622,518934,571448,596115,571595,453568,471865,"54.0104","null","null","null","null","null","null","null",52,"4","4-Seam Fastball",0,2,2,0,2,0,2,0,"Strategic","Standard"
"FF","2018-07-02","92.6","1.3968","5.5184","Kyle Freeland",605412,607536,"null","ball",,,,,"11","null","R","L","L","COL","SF","B","null","null",1,1,2018,"0.2793","0.5561","-1.3668","2.3545","null","null","null",2,7,"Top","null","null",,,455104,,"180703_023030","-7.6916","-134.8702","-3.6191","4.8090","23.4931","-24.8053","3.1212","1.5437","null","null","null","93.6830","2354","6.4390",530675,607536,455104,435622,518934,571448,596115,571595,453568,471865,"54.0626","null","null","null","null","null","null","null",52,"3","4-Seam Fastball",0,2,2,0,2,0,2,0,"Strategic","Standard"
"FF","2018-07-02","90.3","1.3094","5.6102","Kyle Freeland",605412,607536,"null","ball",,,,,"13","null","R","L","L","COL","SF","B","null","null",0,1,2018,"0.4891","0.6307","-1.6677","2.0243","null","null","null",2,7,"Top","null","null",,,455104,,"180703_023012","-8.4650","-131.4782","-4.4484","7.1776","21.9523","-24.1677","3.2312","1.5437","null","null","null","91.2550","2334","6.3670",530675,607536,455104,435622,518934,571448,596115,571595,453568,471865,"54.1344","null","null","null","null","null","null","null",52,"2","4-Seam Fastball",0,2,2,0,2,0,2,0,"Strategic","Standard"
"FF","2018-07-02","90.8","1.2768","5.8071","Kyle Freeland",605412,607536,"null","called_strike",,,,,"2","null","R","L","L","COL","SF","S","null","null",0,0,2018,"0.6330","0.8378","-0.1667","2.9461","null","null","null",2,7,"Top","null","null",,,455104,,"180703_022954","-4.9730","-132.3725","-3.1608","8.3993","23.0580","-21.8298","3.3210","1.4686","null","null","null","91.6900","2414","6.3190",530675,607536,455104,435622,518934,571448,596115,571595,453568,471865,"54.1832","null","null","null","null","null","null","null",52,"1","4-Seam Fastball",0,2,2,0,2,0,2,0,"Strategic","Standard"
"SL","2018-07-02","82.2","1.9685","5.3574","Kyle Freeland",467055,607536,"null","ball",,,,,"12","null","R","R","L","COL","SF","B","null","null",1,0,2018,"-0.1850","0.2824","1.1770","2.4581","null","null","null",1,7,"Top","null","null",,,455104,,"180703_022734","-1.4372","-119.8646","-0.6724","-1.5358","20.6024","-29.5384","3.1708","1.5141","null","null","null","82.4870","2201","6.1220",530675,607536,455104,435622,518934,571448,596115,571595,453568,471865,"54.3802","null","null","null","null","null","null","null",51,"2","Slider",0,2,2,0,2,0,2,0,"Standard","Standard"
"CH","2018-07-02","84.3","1.7405","5.5079","Kyle Freeland",467055,607536,"null","ball",,,,,"14","null","R","R","L","COL","SF","B","null","null",0,0,2018,"1.0310","0.3847","1.7554","1.8233","null","null","null",1,7,"Top","null","null",,,455104,,"180703_022716","-1.9794","-122.8430","-3.0520","10.7822","20.4008","-27.9592","3.3358","1.5141","null","null","null","84.6130","1344","6.0590",530675,607536,455104,435622,518934,571448,596115,571595,453568,471865,"54.4425","null","null","null","null","null","null","null",51,"1","Changeup",0,2,2,0,2,0,2,0,"Standard","Standard"
"SL","2018-07-02","84.5","1.8421","5.2760","Kyle Freeland",543063,607536,"strikeout","called_strike",,,,,"13","Brandon Crawford called out on strikes.  ","R","L","L","COL","SF","S",2,"null",3,2,2018,"-0.1480","0.3113","-0.5171","1.4221","null","null","null",0,7,"Top","null","null",,,455104,,"180703_022639","-5.2144","-123.1649","-3.3907","-0.7097","19.3362","-28.5962","3.2968","1.5792","null","null","null","85.4310","2286","6.3390",530675,607536,455104,435622,518934,571448,596115,571595,453568,471865,"54.1629","null","null","0.00",1,0,0,"null",50,"6","Slider",0,2,2,0,2,0,2,0,"Strategic","Standard"
"FF","2018-07-02","90.4","1.2896","5.8649","Kyle Freeland",543063,607536,"null","ball",,,,,"13","null","R","L","L","COL","SF","B","null","null",2,1,2018,"0.5174","0.9063","-1.5362","2.0509","null","null","null",0,7,"Top","null","null",,,455104,,"180703_022558","-8.1278","-131.4540","-5.5830","7.4356","22.0389","-20.7725","3.4517","1.6342","null","null","null","91.0710","2262","6.2740",530675,607536,455104,435622,518934,571448,596115,571595,453568,471865,"54.2277","null","null","null","null","null","null","null",50,"4","4-Seam Fastball",0,2,2,0,2,0,2,0,"Strategic","Standard"
"FF","2018-07-02","89.7","1.4162","5.8720","Kyle Freeland",543063,607536,"null","called_strike",,,,,"13","null","R","L","L","COL","SF","S","null","null",2,0,2018,"0.4469","1.0525","-1.0596","1.5757","null","null","null",0,7,"Top","null","null",,,455104,,"180703_022541","-7.0514","-130.5156","-6.9654","6.3112","21.0296","-19.0323","3.4068","1.5792","null","null","null","90.4610","2292","6.2440",530675,607536,455104,435622,518934,571448,596115,571595,453568,471865,"54.2581","null","null","null","null","null","null","null",50,"3","4-Seam Fastball",0,2,2,0,2,0,2,0,"Strategic","Standard"
"CH","2018-07-02","84.3","1.8272","5.5723","Kyle Freeland",543063,607536,"null","ball",,,,,"14","null","R","L","L","COL","SF","B","null","null",1,0,2018,"0.8138","0.4567","1.2589","1.5592","null","null","null",0,7,"Top","null","null",,,455104,,"180703_022524","-2.9178","-122.7908","-3.9665","8.7619","20.0122","-27.0616","3.4517","1.6892","null","null","null","84.8040","1422","6.1730",530675,607536,455104,435622,518934,571448,596115,571595,453568,471865,"54.3286","null","null","null","null","null","null","null",50,"2","Changeup",0,2,2,0,2,0,2,0,"Strategic","Standard"
"CU","2018-07-02","79.9","1.9447","5.2750","Kyle Freeland",543063,607536,"null","ball",,,,,"13","null","R","L","L","COL","SF","B","null","null",0,0,2018,"-0.0723","0.1038","-1.1821","1.7103","null","null","null",0,7,"Top","null","null",,,455104,,"180703_022510","-6.7436","-116.2241","-1.3482","0.5455","20.6954","-31.2017","3.3967","1.6342","null","null","null","79.9800","2277","6.2550",530675,607536,455104,435622,518934,571448,596115,571595,453568,471865,"54.2468","null","null","null","null","null","null","null",50,"1","Curveball",0,2,2,0,2,0,2,0,"Strategic","Standard"
"CH","2018-07-02","83.0","3.1097","5.6217","Madison Bumgarner",455104,518516,"null","ball",,,,,"14","null","R","R","L","COL","SF","B","null","null",1,0,2018,"0.8753","0.2509","0.6675","1.0274","null","null","null",1,6,"Bot","null","null",,,457763,,"180703_021906","-7.3229","-120.8678","-4.6816","9.8604","18.5629","-29.1172","3.3069","1.4342","null","null","null","83.9830","1381","6.4280",530675,518516,457763,474832,605412,467055,543063,596103,491676,457705,"54.0734","null","null","null","null","null","null","null",47,"2","Changeup",0,2,0,2,2,0,0,2,"Infield shift","Standard"
"CU","2018-07-02","76.3","3.0276","5.6509","Madison Bumgarner",455104,518516,"null","ball",,,,,"13","null","R","R","L","COL","SF","B","null","null",0,0,2018,"-0.7593","-0.4178","-0.3437","0.9758","null","null","null",1,6,"Bot","null","null",,,457763,,"180703_021843","-5.7099","-111.0116","-2.1211","-5.3386","17.5321","-35.4808","3.3069","1.4342","null","null","null","76.1610","2376","5.9370",530675,518516,457763,474832,605412,467055,543063,596103,491676,457705,"54.5649","null","null","null","null","null","null","null",47,"1","Curveball",0,2,0,2,2,0,0,2,"Infield shift","Standard"
"CU","2018-07-02","76.6","3.1523","5.7160","Madison Bumgarner",435622,518516,"null","called_strike",,,,,"6","null","R","R","L","COL","SF","S","null","null",0,0,2018,"-0.6030","-0.2688","0.3120","2.4300","null","null","null",0,6,"Bot","null","null",,,457763,,"180703_021656","-4.8976","-111.5278","0.4501","-4.2378","17.4835","-34.6816","3.4724","1.5591","null","null","null","76.5430","2361","5.9340",530675,518516,457763,474832,605412,467055,543063,596103,491676,457705,"54.5682","null","null","null","null","null","null","null",46,"1","Curveball",0,2,0,2,2,0,0,2,"Standard","Standard"
"FF","2018-07-02","91.5","1.5569","5.4417","Kyle Freeland",596103,607536,"null","ball",,,,,"11","null","R","R","L","COL","SF","B","null","null",0,1,2018,"0.5269","0.7359","-0.9859","2.7426","null","null","null",2,6,"Top","null","null",,,455104,,"180703_021418","-7.5999","-133.3787","-2.7087","7.6499","21.0079","-22.8845","3.6714","1.7385","null","null","null","93.0570","2317","6.5320",530675,607536,455104,435622,518934,571448,596115,571595,453568,471865,"53.9703","null","null","null","null","null","null","null",45,"2","4-Seam Fastball",0,2,2,0,2,0,2,0,"Standard","Standard"
"CH","2018-07-02","83.8","1.7884","5.5853","Kyle Freeland",457763,607536,"null","ball",,,,,"12","null","R","R","L","COL","SF","B","null","null",0,0,2018,"0.8972","0.2360","1.8221","3.3391","null","null","null",1,6,"Top","null","null",,,455104,,"180703_021206","-1.6770","-122.2148","0.6302","9.3185","20.0981","-30.0855","3.5576","1.5945","null","null","null","84.3690","1328","6.1740",530675,607536,455104,435622,518934,571448,596115,571595,453568,471865,"54.3279","null","null","null","null","null","null","null",44,"1","Changeup",0,2,2,0,2,0,2,0,"Standard","Standard"
"FF","2018-07-02","89.6","1.2937","5.9656","Kyle Freeland",457705,607536,"null","ball",,,,,"11","null","R","R","L","COL","SF","B","null","null",1,0,2018,"0.1018","0.6819","-1.4168","3.1075","null","null","null",0,6,"Top","null","null",,,455104,,"180703_021111","-6.9485","-130.5755","-2.6538","2.3489","21.7994","-23.9315","3.5978","1.6146","null","null","null","90.8470","2250","6.5100",530675,607536,455104,435622,518934,571448,596115,571595,453568,471865,"53.9918","null","null","null","null","null","null","null",43,"2","4-Seam Fastball",0,2,2,0,2,0,2,0,"Standard","Standard"
"FF","2018-07-02","88.7","1.3495","5.9464","Kyle Freeland",457705,607536,"null","ball",,,,,"11","null","R","R","L","COL","SF","B","null","null",0,0,2018,"0.2038","0.8321","-0.6977","3.8233","null","null","null",0,6,"Top","null","null",,,455104,,"180703_021057","-5.4572","-129.3058","-1.0345","3.1989","20.4807","-22.6385","3.5978","1.7247","null","null","null","89.9800","2223","6.4480",530675,607536,455104,435622,518934,571448,596115,571595,453568,471865,"54.0536","null","null","null","null","null","null","null",43,"1","4-Seam Fastball",0,2,2,0,2,0,2,0,"Standard","Standard"
"FC","2018-07-02","87.5","3.0356","5.7097","Madison Bumgarner",596115,518516,"null","ball",,,,,"11","null","R","R","L","COL","SF","B","null","null",0,1,2018,"-0.1303","0.3577","-1.5303","2.7177","null","571448.00","null",2,5,"Bot","null","null",,,457763,,"180703_020721","-10.7326","-127.1566","-1.9108","0.3178","20.7361","-28.1030","3.5777","1.6945","null","null","null","88.1260","2205","6.3040",530675,518516,457763,474832,605412,467055,543063,596103,491676,457705,"54.1978","null","null","null","null","null","null","null",42,"2","Cutter",0,2,0,2,2,0,0,2,"Infield shift","Standard"
"FC","2018-07-02","86.8","3.1274","5.5733","Madison Bumgarner",453568,518516,"null","ball",,,,,"13","null","R","L","L","COL","SF","B","null","null",1,2,2018,"-0.4794","0.1827","-1.9202","0.8013","null","null","null",1,5,"Bot","null","null",,,457763,,"180703_020418","-11.0707","-126.0404","-5.6619","-3.3073","21.0661","-29.4429","3.3021","1.5141","null","null","null","87.1790","2201","6.2540",530675,518516,457763,474832,605412,467055,543063,596103,491676,457705,"54.2479","null","null","null","null","null","null","null",40,"4","Cutter",0,2,0,2,2,0,0,2,"Standard","Standard"
"FT","2018-07-02","92.4","2.9501","5.5738","Madison Bumgarner",453568,518516,"null","ball",,,,,"13","null","R","L","L","COL","SF","B","null","null",0,2,2018,"0.6487","0.9268","-1.7771","1.0263","null","null","null",1,5,"Bot","null","null",,,457763,,"180703_020358","-13.5792","-133.9333","-7.9346","10.4471","23.4654","-19.4084","3.3021","1.5141","null","null","null","93.7720","2242","6.8920",530675,518516,457763,474832,605412,467055,543063,596103,491676,457705,"53.6098","null","null","null","null","null","null","null",40,"3","2-Seam Fastball",0,2,0,2,2,0,0,2,"Standard","Standard"
"FC","2018-07-02","86.0","3.1389","5.6125","Madison Bumgarner",453568,518516,"null","called_strike",,,,,"4","null","R","L","L","COL","SF","S","null","null",0,0,2018,"-0.3938","0.3448","-0.6178","2.5922","null","null","null",1,5,"Bot","null","null",,,457763,,"180703_020311","-8.0950","-125.1015","-1.7092","-2.8419","20.4853","-28.4273","3.3672","1.5242","null","null","null","86.4540","2186","6.1830",530675,518516,457763,474832,605412,467055,543063,596103,491676,457705,"54.3186","null","null","null","null","null","null","null",40,"1","Cutter",0,2,0,2,2,0,0,2,"Standard","Standard"
"FC","2018-07-02","86.0","3.0391","5.6601","Madison Bumgarner",518934,518516,"null","called_strike",,,,,"1","null","R","R","L","COL","SF","S","null","null",2,0,2018,"-0.2235","0.2288","-0.4502","3.2388","null","null","null",0,5,"Bot","null","null",,,457763,,"180703_020211","-7.8170","-125.2681","-0.1091","-1.1901","19.1135","-29.8869","3.5280","1.5697","null","null","null","86.7930","2180","6.2020",530675,518516,457763,474832,605412,467055,543063,596103,491676,457705,"54.2997","null","null","null","null","null","null","null",39,"3","Cutter",0,2,0,2,2,0,0,2,"Standard","Standard"
"CH","2018-07-02","84.2","3.0083","5.6367","Madison Bumgarner",518934,518516,"null","ball",,,,,"13","null","R","R","L","COL","SF","B","null","null",1,0,2018,"1.0444","0.1703","-0.7920","0.3440","null","null","null",0,5,"Bot","null","null",,,457763,,"180703_020144","-10.9495","-122.1964","-6.3652","12.4161","18.6805","-29.6047","3.4180","1.5697","null","null","null","85.2700","1509","6.6350",530675,518516,457763,474832,605412,467055,543063,596103,491676,457705,"53.8669","null","null","null","null","null","null","null",39,"2","Changeup",0,2,0,2,2,0,0,2,"Standard","Standard"
"FT","2018-07-02","91.9","2.9421","5.7192","Madison Bumgarner",518934,518516,"null","ball",,,,,"11","null","R","R","L","COL","SF","B","null","null",0,0,2018,"0.7045","1.0382","-0.9133","2.6831","null","null","null",0,5,"Bot","null","null",,,457763,,"180703_020127","-11.3190","-133.5608","-4.2235","10.4616","21.7081","-18.9393","3.5280","1.6797","null","null","null","93.0100","2146","6.4780",530675,518516,457763,474832,605412,467055,543063,596103,491676,457705,"54.0240","null","null","null","null","null","null","null",39,"1","2-Seam Fastball",0,2,0,2,2,0,0,2,"Standard","Standard"
"FF","2018-07-02","89.8","1.8661","5.4151","Kyle Freeland",474832,607536,"null","ball",,,,,"12","null","R","L","L","COL","SF","B","null","null",1,0,2018,"0.7280","0.6454","1.7242","3.1375","null","null","null",2,5,"Top","null","null",,,455104,,"180703_015818","-1.8663","-130.8867","-1.1263","8.7199","22.5198","-24.7215","3.4565","1.6744","null","null","null","90.2640","2216","6.0760",530675,607536,455104,435622,518934,571448,596115,571595,453568,471865,"54.4256","null","null","null","null","null","null","null",38,"2","4-Seam Fastball",0,2,2,0,2,0,2,0,"Infield shift","Standard"
"SL","2018-07-02","84.1","1.7220","5.5272","Kyle Freeland",474832,607536,"null","ball",,,,,"11","null","R","L","L","COL","SF","B","null","null",0,0,2018,"-0.1802","0.2569","-0.8387","3.4983","null","null","null",2,5,"Top","null","null",,,455104,,"180703_015802","-5.5657","-122.4349","1.1481","-0.7390","23.3625","-30.0445","3.2365","1.6194","null","null","null","83.9770","2152","6.1100",530675,607536,455104,435622,518934,571448,596115,571595,453568,471865,"54.3921","null","null","null","null","null","null","null",38,"1","Slider",0,2,2,0,2,0,2,0,"Infield shift","Standard"
"FF","2018-07-02","92.3","1.5253","5.5580","Kyle Freeland",491676,607536,"null","ball",,,,,"13","null","R","R","L","COL","SF","B","null","null",2,1,2018,"0.9005","0.7673","-1.3758","1.5354","null","null","null",1,5,"Top","null","null",,,455104,,"180703_015707","-9.4359","-134.1571","-6.2213","12.8719","24.3883","-21.7002","3.4665","1.5289","null","null","null","93.5760","2281","6.7510",530675,607536,455104,435622,518934,571448,596115,571595,453568,471865,"53.7504","null","null","null","null","null","null","null",37,"4","4-Seam Fastball",0,2,2,0,2,0,2,0,"Standard","Standard"
"CH","2018-07-02","83.7","1.7602","5.6163","Kyle Freeland",491676,607536,"null","called_strike",,,,,"6","null","R","R","L","COL","SF","S","null","null",2,0,2018,"0.9498","0.3539","0.6990","2.0972","null","null","null",1,5,"Top","null","null",,,455104,,"180703_015654","-4.2883","-121.8252","-2.4515","10.2054","21.4797","-28.4248","3.3914","1.4739","null","null","null","83.8000","1417","6.1160",530675,607536,455104,435622,518934,571448,596115,571595,453568,471865,"54.3860","null","null","null","null","null","null","null",37,"3","Changeup",0,2,2,0,2,0,2,0,"Standard","Standard"
"SL","2018-07-02","83.0","1.8886","5.4329","Kyle Freeland",491676,607536,"null","ball",,,,,"9","null","R","R","L","COL","SF","B","null","null",1,0,2018,"-0.2159","0.3160","0.7876","1.5375","null","null","null",1,5,"Top","null","null",,,455104,,"180703_015612","-2.0925","-120.8250","-3.0648","-1.7015","22.7364","-28.7531","3.4665","1.5839","null","null","null","82.7500","2169","6.0270",530675,607536,455104,435622,518934,571448,596115,571595,453568,471865,"54.4753","null","null","null","null","null","null","null",37,"2","Slider",0,2,2,0,2,0,2,0,"Standard","Standard"
"CH","2018-07-02","84.5","1.7426","5.6700","Kyle Freeland",491676,607536,"null","ball",,,,,"12","null","R","R","L","COL","SF","B","null","null",0,0,2018,"0.7579","0.6748","2.3429","3.3590","null","null","null",1,5,"Top","null","null",,,455104,,"180703_015557","-0.0982","-123.1815","-0.4834","7.7871","20.3162","-25.3601","3.3565","1.4739","null","null","null","85.0980","1460","6.2050",530675,607536,455104,435622,518934,571448,596115,571595,453568,471865,"54.2969","null","null","null","null","null","null","null",37,"1","Changeup",0,2,2,0,2,0,2,0,"Standard","Standard"
"FF","2018-07-02","89.1","1.5279","5.8537","Kyle Freeland",518516,607536,"null","called_strike",,,,,"5","null","R","R","L","COL","SF","S","null","null",0,0,2018,"0.8947","0.7217","-0.1001","2.4605","null","null","null",0,5,"Top","null","null",,,455104,,"180703_015457","-5.8454","-129.7258","-3.8967","11.1749","22.7533","-23.4919","3.6232","1.6548","null","null","null","89.5080","2269","6.1550",530675,607536,455104,435622,518934,571448,596115,571595,453568,471865,"54.3472","null","null","null","null","null","null","null",36,"1","4-Seam Fastball",0,2,2,0,2,0,2,0,"Standard","Standard"
"FC","2018-07-02","87.4","3.1371","5.5979","Madison Bumgarner",607536,518516,"null","called_strike",,,,,"13","null","R","L","L","COL","SF","S","null","null",0,0,2018,"-0.1607","0.2582","-0.2487","1.4637","null","null","null",2,4,"Bot","null","null",,,457763,,"180703_015111","-7.8227","-127.1661","-4.4346","-0.4225","21.7362","-28.7717","3.4196","1.5855","null","null","null","87.9360","2215","6.2650",530675,518516,457763,474832,605412,467055,543063,596103,491676,457705,"54.2367","null","null","null","null","null","null","null",35,"1","Cutter",0,2,0,2,2,0,0,2,"Standard","Standard"
"FC","2018-07-02","86.6","2.9951","5.5836","Madison Bumgarner",571595,518516,"null","called_strike",,,,,"7","null","R","R","L","COL","SF","S","null","null",1,0,2018,"-0.2398","0.2417","-0.8174","1.8300","null","null","null",1,4,"Bot","null","null",,,457763,,"180703_015012","-8.6053","-125.9796","-3.3224","-1.0652","22.0375","-29.1909","3.6714","1.6284","null","null","null","87.0030","2128","6.2540",530675,518516,457763,474832,605412,467055,543063,596103,491676,457705,"54.2474","null","null","null","null","null","null","null",34,"2","Cutter",0,2,0,2,2,0,0,2,"Standard","Standard"
"FT","2018-07-02","91.9","3.0810","5.6140","Madison Bumgarner",571595,518516,"null","ball",,,,,"11","null","R","R","L","COL","SF","B","null","null",0,0,2018,"0.6110","0.9709","-1.2714","2.6724","null","null","null",1,4,"Bot","null","null",,,457763,,"180703_014940","-12.4839","-133.4843","-3.8487","9.7528","23.7319","-19.6757","3.5614","1.5734","null","null","null","93.3570","2054","6.8660",530675,518516,457763,474832,605412,467055,543063,596103,491676,457705,"53.6358","null","null","null","null","null","null","null",34,"1","2-Seam Fastball",0,2,0,2,2,0,0,2,"Standard","Standard"
"FT","2018-07-02","92.5","3.0887","5.6874","Madison Bumgarner",471865,518516,"null","ball",,,,,"12","null","R","L","L","COL","SF","B","null","null",2,2,2018,"0.6421","0.9855","1.1769","4.7577","null","null","null",0,4,"Bot","null","null",,,457763,,"180703_014839","-6.2475","-134.7509","1.1945","8.9750","23.8497","-20.4907","3.5529","1.6898","null","null","null","93.0410","2100","6.1410",530675,518516,457763,474832,605412,467055,543063,596103,491676,457705,"54.3608","null","null","null","null","null","null","null",33,"5","2-Seam Fastball",0,2,0,2,2,0,0,2,"Infield shift","Standard"
"FC","2018-07-02","87.4","3.1667","5.6032","Madison Bumgarner",471865,518516,"null","ball",,,,,"13","null","R","L","L","COL","SF","B","null","null",1,0,2018,"-0.2098","0.4031","-0.3279","-0.3486","null","null","null",0,4,"Bot","null","null",,,457763,,"180703_014725","-7.9660","-126.9643","-9.0868","-0.9974","20.6506","-26.4676","3.3879","1.6347","null","null","null","87.8640","2082","6.2220",530675,518516,457763,474832,605412,467055,543063,596103,491676,457705,"54.2797","null","null","null","null","null","null","null",33,"2","Cutter",0,2,0,2,2,0,0,2,"Infield shift","Standard"
"FT","2018-07-02","90.9","3.0708","5.7097","Madison Bumgarner",471865,518516,"null","ball",,,,,"12","null","R","L","L","COL","SF","B","null","null",0,0,2018,"0.7026","0.9501","1.1211","4.2041","null","null","null",0,4,"Bot","null","null",,,457763,,"180703_014706","-6.4074","-132.4734","-0.0435","9.4668","21.4521","-20.9295","3.4429","1.6347","null","null","null","92.0870","2120","6.3870",530675,518516,457763,474832,605412,467055,543063,596103,491676,457705,"54.1144","null","null","null","null","null","null","null",33,"1","2-Seam Fastball",0,2,0,2,2,0,0,2,"Infield shift","Standard"
"SL","2018-07-02","83.6","1.8357","5.4053","Kyle Freeland",605412,607536,"null","called_strike",,,,,"2","null","R","L","L","COL","SF","S","null","null",2,1,2018,"-0.1814","0.1435","-0.2518","2.9176","null","null","null",2,4,"Top","null","null",,,455104,,"180703_014408","-4.4382","-121.8177","0.2831","-1.0907","19.6161","-30.9837","3.2111","1.4686","null","null","null","83.8340","2220","5.9710",530675,607536,455104,435622,518934,571448,596115,571595,453568,471865,"54.5310","null","null","null","null","null","null","null",32,"4","Slider",0,2,2,0,2,0,2,0,"Strategic","Standard"
"FF","2018-07-02","89.9","1.3800","5.8919","Kyle Freeland",605412,607536,"null","ball",,,,,"13","null","R","L","L","COL","SF","B","null","null",1,1,2018,"0.6058","0.8271","-1.3289","2.3591","null","null","null",2,4,"Top","null","null",,,455104,,"180703_014353","-8.0013","-130.9543","-4.7094","8.2933","19.2357","-21.9150","3.2312","1.5437","null","null","null","91.1450","2316","6.3220",530675,607536,455104,435622,518934,571448,596115,571595,453568,471865,"54.1800","null","null","null","null","null","null","null",32,"3","4-Seam Fastball",0,2,2,0,2,0,2,0,"Strategic","Standard"
"FF","2018-07-02","89.6","1.4580","5.8588","Kyle Freeland",605412,607536,"null","called_strike",,,,,"13","null","R","L","L","COL","SF","S","null","null",1,0,2018,"0.5239","0.8183","-0.8690","2.0672","null","null","null",2,4,"Top","null","null",,,455104,,"180703_014333","-6.8602","-130.5011","-5.2493","7.1735","20.5592","-21.9914","3.3210","1.5786","null","null","null","90.6660","2315","6.3370",530675,607536,455104,435622,518934,571448,596115,571595,453568,471865,"54.1646","null","null","null","null","null","null","null",32,"2","4-Seam Fastball",0,2,2,0,2,0,2,0,"Strategic","Standard"
"SL","2018-07-02","84.7","1.7094","5.4424","Kyle Freeland",605412,607536,"null","ball",,,,,"13","null","R","L","L","COL","SF","B","null","null",0,0,2018,"-0.0819","0.3461","-1.9319","2.1933","null","null","null",2,4,"Top","null","null",,,455104,,"180703_014317","-8.3354","-123.2381","-2.0199","0.5634","20.7674","-28.4625","3.2312","1.5437","null","null","null","85.1920","2280","6.2790",530675,607536,455104,435622,518934,571448,596115,571595,453568,471865,"54.2232","null","null","null","null","null","null","null",32,"1","Slider",0,2,2,0,2,0,2,0,"Strategic","Standard"
"FT","2018-07-02","88.4","1.9272","5.5461","Kyle Freeland",467055,607536,"null","ball",,,,,"12","null","R","R","L","COL","SF","B","null","null",0,0,2018,"0.9195","0.4733","2.0050","2.8930","null","null","null",1,4,"Top","null","null",,,455104,,"180703_014144","-1.6992","-128.9280","-1.4859","10.5811","22.2816","-26.8113","3.4458","1.5141","null","null","null","88.8880","2233","6.0960",530675,607536,455104,435622,518934,571448,596115,571595,453568,471865,"54.4063","null","null","null","null","null","null","null",31,"1","2-Seam Fastball",0,2,2,0,2,0,2,0,"Standard","Standard"
"FF","2018-07-02","90.1","1.4589","5.8051","Kyle Freeland",543063,607536,"null","called_strike",,,,,"13","null","R","L","L","COL","SF","S","null","null",0,0,2018,"0.6244","0.9983","-0.9567","2.2997","null","null","null",0,4,"Top","null","null",,,455104,,"180703_014057","-7.3379","-131.1911","-4.9725","8.5914","22.9955","-19.7988","3.5168","1.6342","null","null","null","90.9150","2268","6.3720",530675,607536,455104,435622,518934,571448,596115,571595,453568,471865,"54.1295","null","null","null","null","null","null","null",30,"1","4-Seam Fastball",0,2,2,0,2,0,2,0,"Standard","Standard"
"FT","2018-07-02","92.3","2.8523","5.7627","Madison Bumgarner",435622,518516,"walk","ball",,,,,"12","Ian Desmond walks.   DJ LeMahieu to 3rd.    Nolan Arenado to 2nd.  ","R","R","L","COL","SF","B","null","null",3,1,2018,"0.6897","1.1668","0.4547","4.3145","null","518934.00","571448.00",2,3,"Bot","null","null",,,457763,,"180703_013736","-7.6059","-134.4178","-0.4956","9.8265","24.2000","-17.9563","3.4872","1.4940","null","null","null","93.0710","2142","6.3290",530675,518516,457763,474832,605412,467055,543063,596103,491676,457705,"54.1727","null","null","0.70",1,0,0,"null",28,"5","2-Seam Fastball",0,2,0,2,2,0,0,2,"Standard","Standard"
"CH","2018-07-02","84.9","3.0927","5.6076","Madison Bumgarner",435622,518516,"null","ball",,,,,"14","null","R","R","L","COL","SF","B","null","null",2,1,2018,"0.9710","0.5014","0.4367","0.9335","null","518934.00","571448.00",2,3,"Bot","null","null",,,457763,,"180703_013654","-8.2243","-123.4986","-5.7649","11.4990","19.8142","-26.1541","3.4322","1.4940","null","null","null","86.0810","1641","6.6380",530675,518516,457763,474832,605412,467055,543063,596103,491676,457705,"53.8641","null","null","null","null","null","null","null",28,"4","Changeup",0,2,0,2,2,0,0,2,"Standard","Standard"
"FC","2018-07-02","87.2","3.0428","5.7317","Madison Bumgarner",435622,518516,"null","ball",,,,,"11","null","R","R","L","COL","SF","B","null","null",1,0,2018,"-0.2908","0.5067","-0.4870","3.7579","null","518934.00","571448.00",2,3,"Bot","null","null",,,457763,,"180703_013558","-7.9080","-126.9030","0.2893","-1.8053","22.1383","-26.8539","3.3772","1.4390","null","null","null","87.9590","2148","6.4340",530675,518516,457763,474832,605412,467055,543063,596103,491676,457705,"54.0678","null","null","null","null","null","null","null",28,"2","Cutter",0,2,0,2,2,0,0,2,"Standard","Standard"
"FT","2018-07-02","91.7","2.8904","5.7501","Madison Bumgarner",435622,518516,"null","ball",,,,,"11","null","R","R","L","COL","SF","B","null","null",0,0,2018,"0.6984","1.0717","-1.0112","3.1552","null","518934.00","571448.00",2,3,"Bot","null","null",,,457763,,"180703_013535","-11.3957","-133.1381","-3.0584","10.6101","25.7100","-18.8658","3.4322","1.4390","null","null","null","92.2160","2085","6.4990",530675,518516,457763,474832,605412,467055,543063,596103,491676,457705,"54.0028","null","null","null","null","null","null","null",28,"1","2-Seam Fastball",0,2,0,2,2,0,0,2,"Standard","Standard"
"FT","2018-07-02","91.8","2.9949","5.6800","Madison Bumgarner",453568,518516,"null","called_strike",,,,,"5","null","R","L","L","COL","SF","S","null","null",0,0,2018,"0.4758","0.8409","0.0662","2.7057","null","null","518934.00",0,3,"Bot","null","null",,,457763,,"180703_013230","-8.4469","-133.6070","-3.6349","7.1536","21.2954","-21.4896","3.4772","1.5792","null","null","null","92.8850","2067","6.3540",530675,518516,457763,474832,605412,467055,543063,596103,491676,457705,"54.1481","null","null","null","null","null","null","null",25,"1","2-Seam Fastball",0,2,0,2,2,0,0,2,"Standard","Standard"
"CU","2018-07-02","76.2","3.1217","5.8076","Madison Bumgarner",518934,518516,"null","ball",,,,,"12","null","R","R","L","COL","SF","B","null","null",0,1,2018,"-0.4528","-0.4577","1.3965","3.3773","null","null","null",0,3,"Bot","null","null",,,457763,,"180703_013132","-2.8030","-110.9649","2.5441","-3.3183","15.4258","-36.4714","3.4647","1.5063","null","null","null","76.0420","2324","5.6440",530675,518516,457763,474832,605412,467055,543063,596103,491676,457705,"54.8582","null","null","null","null","null","null","null",24,"2","Curveball",0,2,0,2,2,0,0,2,"Standard","Standard"
"CH","2018-07-02","82.4","3.1070","5.7479","Madison Bumgarner",518934,518516,"null","called_strike",,,,,"5","null","R","R","L","COL","SF","S","null","null",0,0,2018,"0.8358","0.1169","-0.0996","2.7594","null","null","null",0,3,"Bot","null","null",,,457763,,"180703_013115","-8.9124","-119.9271","-0.6519","9.5028","17.3064","-31.0904","3.5066","1.5482","null","null","null","83.3580","1612","6.3570",530675,518516,457763,474832,605412,467055,543063,596103,491676,457705,"54.1451","null","null","null","null","null","null","null",24,"1","Changeup",0,2,0,2,2,0,0,2,"Standard","Standard"
"SL","2018-07-02","82.4","2.0733","5.3991","Kyle Freeland",596103,607536,"null","ball",,,,,"12","null","R","R","L","COL","SF","B","null","null",0,0,2018,"-0.0758","0.2225","1.2806","3.6517","null","457763.00","null",2,3,"Top","null","null",,,455104,,"180703_012817","-1.6527","-120.0076","2.0968","-0.4144","22.8392","-30.6519","3.6716","1.6836","null","null","null","82.3860","2146","6.1980",530675,607536,455104,435622,518934,571448,596115,571595,453568,471865,"54.3039","null","null","null","null","null","null","null",23,"1","Slider",0,2,2,0,2,0,2,0,"Standard","Standard"
"FT","2018-07-02","89.7","1.7851","5.4010","Kyle Freeland",457763,607536,"null","called_strike",,,,,"3","null","R","R","L","COL","SF","S","null","null",3,1,2018,"0.9727","0.3186","0.7295","2.9346","null","null","474832.00",2,3,"Top","null","null",,,455104,,"180703_012515","-4.6654","-130.7714","-0.9524","12.0847","20.1997","-28.4638","3.5229","1.5947","null","null","null","90.8750","2295","6.3150",530675,607536,455104,435622,518934,571448,596115,571595,453568,471865,"54.1865","null","null","null","null","null","null","null",22,"5","2-Seam Fastball",0,1,1,0,1,0,1,0,"Standard","Standard"
"CH","2018-07-02","84.9","1.6571","5.5423","Kyle Freeland",457763,607536,"null","ball",,,,,"13","null","R","R","L","COL","SF","B","null","null",2,1,2018,"0.5744","0.3995","-0.8756","1.0438","null","null","474832.00",2,3,"Top","null","null",,,455104,,"180703_012449","-7.0521","-123.5804","-5.1131","7.0488","19.4303","-27.4147","3.4478","1.4847","null","null","null","85.4780","1234","6.1820",530675,607536,455104,435622,518934,571448,596115,571595,453568,471865,"54.3203","null","null","null","null","null","null","null",22,"4","Changeup",0,1,1,0,1,0,1,0,"Standard","Standard"
"FF","2018-07-02","91.6","1.5412","5.6119","Kyle Freeland",457763,607536,"null","ball",,,,,"11","null","R","R","L","COL","SF","B","null","null",1,1,2018,"0.3319","0.8197","-1.5054","2.8495","null","null","474832.00",2,3,"Top","null","null",,,455104,,"180703_012424","-8.4196","-133.3771","-3.0228","5.3865","21.4202","-21.8862","3.5028","1.4847","null","null","null","92.6870","2283","6.3460",530675,607536,455104,435622,518934,571448,596115,571595,453568,471865,"54.1554","null","null","null","null","null","null","null",22,"3","4-Seam Fastball",0,1,1,0,1,0,1,0,"Standard","Standard"
"CH","2018-07-02","84.3","1.8069","5.5201","Kyle Freeland",457763,607536,"null","called_strike",,,,,"9","null","R","R","L","COL","SF","S","null","null",1,0,2018,"0.6939","0.4095","0.7091","1.8671","null","null","474832.00",2,3,"Top","null","null",,,455104,,"180703_012403","-3.9162","-122.9356","-3.0701","7.7174","19.5004","-27.6782","3.5229","1.5397","null","null","null","84.9940","1440","6.1810",530675,607536,455104,435622,518934,571448,596115,571595,453568,471865,"54.3205","null","null","null","null","null","null","null",22,"2","Changeup",0,1,1,0,1,0,1,0,"Standard","Standard"
"SL","2018-07-02","83.5","2.2119","5.3754","Kyle Freeland",457763,607536,"null","ball",,,,,"14","null","R","R","L","COL","SF","B","null","null",0,0,2018,"-0.3690","0.3013","1.3015","2.2126","null","null","474832.00",2,3,"Top","null","null",,,455104,,"180703_012338","-1.3728","-121.6026","-1.4860","-3.4082","22.2323","-29.1226","3.5028","1.4847","null","null","null","83.6550","2200","6.1980",530675,607536,455104,435622,518934,571448,596115,571595,453568,471865,"54.3036","null","null","null","null","null","null","null",22,"1","Slider",0,1,1,0,1,0,1,0,"Standard","Standard"
"FF","2018-07-02","89.1","1.8055","5.5253","Kyle Freeland",457705,607536,"null","called_strike",,,,,"2","null","R","R","L","COL","SF","S","null","null",2,1,2018,"0.5338","0.8706","0.2208","3.1145","null","null","474832.00",1,3,"Top","null","null",,,455104,,"180703_012232","-5.0370","-129.8453","-1.8211","7.0337","23.6569","-22.0489","3.5980","1.6148","null","null","null","89.9640","2198","6.4520",530675,607536,455104,435622,518934,571448,596115,571595,453568,471865,"54.0499","null","null","null","null","null","null","null",21,"4","4-Seam Fastball",0,1,1,0,1,0,1,0,"Standard","Standard"
"FF","2018-07-02","89.4","1.8711","5.5622","Kyle Freeland",457705,607536,"null","ball",,,,,"12","null","R","R","L","COL","SF","B","null","null",1,1,2018,"0.5673","0.7928","1.7118","3.5540","null","null","474832.00",1,3,"Top","null","null",,,455104,,"180703_012207","-1.5944","-130.4498","-0.7436","6.8490","22.6017","-23.0349","3.5980","1.6148","null","null","null","90.4730","2138","6.4050",530675,607536,455104,435622,518934,571448,596115,571595,453568,471865,"54.0972","null","null","null","null","null","null","null",21,"3","4-Seam Fastball",0,1,1,0,1,0,1,0,"Standard","Standard"
"CH","2018-07-02","83.3","2.1501","5.5077","Kyle Freeland",457705,607536,"null","ball",,,,,"14","null","R","R","L","COL","SF","B","null","null",0,0,2018,"0.7603","0.4514","1.0305","1.8222","null","null","474832.00",1,3,"Top","null","null",,,455104,,"180703_012117","-4.0468","-121.2958","-2.9860","8.2218","20.3389","-27.3855","3.5980","1.6148","null","null","null","83.7000","1290","6.2010",530675,607536,455104,435622,518934,571448,596115,571595,453568,471865,"54.3006","null","null","null","null","null","null","null",21,"1","Changeup",0,1,1,0,1,0,1,0,"Standard","Standard"
"SL","2018-07-02","82.5","1.9902","5.4629","Kyle Freeland",491676,607536,"null","ball",,,,,"14","null","R","R","L","COL","SF","B","null","null",1,1,2018,"-0.1337","0.3539","0.9127","2.1312","null","null","null",0,3,"Top","null","null",,,455104,,"180703_011916","-2.1860","-120.1586","-1.8004","-0.8978","21.5026","-28.6511","3.4117","1.5291","null","null","null","82.4910","2124","6.0650",530675,607536,455104,435622,518934,571448,596115,571595,453568,471865,"54.4369","null","null","null","null","null","null","null",19,"3","Slider",0,1,1,0,1,0,1,0,"Standard","Standard"
"CH","2018-07-02","84.1","1.9002","5.5765","Kyle Freeland",491676,607536,"null","called_strike",,,,,"6","null","R","R","L","COL","SF","S","null","null",1,0,2018,"1.0313","0.2797","0.7610","2.3419","null","null","null",0,3,"Top","null","null",,,455104,,"180703_011859","-4.6476","-122.4867","-1.7829","11.1787","19.5525","-29.2420","3.4466","1.5291","null","null","null","84.5460","1506","6.1100",530675,607536,455104,435622,518934,571448,596115,571595,453568,471865,"54.3918","null","null","null","null","null","null","null",19,"2","Changeup",0,1,1,0,1,0,1,0,"Standard","Standard"
"FF","2018-07-02","91.1","1.4583","5.8193","Kyle Freeland",491676,607536,"null","ball",,,,,"11","null","R","R","L","COL","SF","B","null","null",0,0,2018,"0.5526","0.7118","-0.9829","3.5153","null","null","null",0,3,"Top","null","null",,,455104,,"180703_011845","-7.2840","-132.6934","-1.5497","7.7518","21.0395","-23.5980","3.4667","1.5841","null","null","null","91.8510","2294","6.1200",530675,607536,455104,435622,518934,571448,596115,571595,453568,471865,"54.3818","null","null","null","null","null","null","null",19,"1","4-Seam Fastball",0,1,1,0,1,0,1,0,"Standard","Standard"
"FT","2018-07-02","92.6","2.9501","5.6916","Madison Bumgarner",607536,518516,"null","ball",,,,,"13","null","R","L","L","COL","SF","B","null","null",0,0,2018,"0.7133","0.8843","-0.5136","1.0336","null","null","null",2,2,"Bot","null","null",,,457763,,"180703_011539","-10.3990","-134.4856","-8.0706","10.7040","25.1694","-19.9886","3.1448","1.4756","null","null","null","93.1270","2113","6.4050",530675,518516,457763,474832,605412,467055,543063,596103,491676,457705,"54.0964","null","null","null","null","null","null","null",18,"1","2-Seam Fastball",0,1,0,1,1,0,0,1,"Standard","Standard"
"CU","2018-07-02","77.0","3.1246","5.7413","Madison Bumgarner",571595,518516,"null","ball",,,,,"14","null","R","R","L","COL","SF","B","null","null",0,1,2018,"-0.5227","-0.2967","1.6434","2.4760","null","null","null",1,2,"Bot","null","null",,,457763,,"180703_011443","-2.1996","-112.1684","0.4661","-4.0384","17.6851","-34.9436","3.5066","1.5186","null","null","null","76.9510","2326","5.9110",530675,518516,457763,474832,605412,467055,543063,596103,491676,457705,"54.5906","null","null","null","null","null","null","null",17,"2","Curveball",0,1,0,1,1,0,0,1,"Standard","Standard"
"FT","2018-07-02","92.7","3.0239","5.6582","Madison Bumgarner",571595,518516,"null","called_strike",,,,,"7","null","R","R","L","COL","SF","S","null","null",0,0,2018,"0.7687","0.9508","-0.3320","1.6981","null","null","null",1,2,"Bot","null","null",,,457763,,"180703_011425","-10.3568","-134.7673","-6.5772","11.4280","23.1607","-19.2628","3.5066","1.5186","null","null","null","94.2010","2172","6.7590",530675,518516,457763,474832,605412,467055,543063,596103,491676,457705,"53.7430","null","null","null","null","null","null","null",17,"1","2-Seam Fastball",0,1,0,1,1,0,0,1,"Standard","Standard"
"FT","2018-07-02","92.5","3.1393","5.7357","Madison Bumgarner",471865,518516,"null","called_strike",,,,,"3","null","R","L","L","COL","SF","S","null","null",0,0,2018,"0.5923","1.0490","0.3291","3.3465","null","null","null",0,2,"Bot","null","null",,,457763,,"180703_011243","-8.5269","-134.7416","-2.7406","8.8306","22.4933","-18.7513","3.4330","1.5699","null","null","null","94.0310","2041","6.6220",530675,518516,457763,474832,605412,467055,543063,596103,491676,457705,"53.8797","null","null","null","null","null","null","null",16,"1","2-Seam Fastball",0,1,0,1,1,0,0,1,"Infield shift","Standard"
"FT","2018-07-02","89.8","1.9679","5.5074","Kyle Freeland",518516,607536,"null","ball",,,,,"12","null","R","R","L","COL","SF","B","null","null",0,0,2018,"0.8835","0.3540","1.4244","3.1631","null","null","605412.00",2,2,"Top","null","null",,,455104,,"180703_010930","-3.1913","-130.9309","-0.7057","10.7752","21.7454","-28.1293","3.6884","1.7100","null","null","null","90.5120","2174","6.1470",530675,607536,455104,435622,518934,571448,596115,571595,453568,471865,"54.3552","null","null","null","null","null","null","null",15,"1","2-Seam Fastball",0,1,1,0,1,0,1,0,"Standard","Standard"
"FF","2018-07-02","91.5","1.5669","5.5437","Kyle Freeland",605412,607536,"null","called_strike",,,,,"8","null","R","L","L","COL","SF","S","null","null",1,1,2018,"0.5834","0.8574","0.0672","1.8112","null","null","543063.00",1,2,"Top","null","null",,,455104,,"180703_010813","-5.0465","-133.3054","-5.4940","7.9488","24.3279","-21.0260","3.1562","1.5238","null","null","null","92.2410","2347","6.3340",530675,607536,455104,435622,518934,571448,596115,571595,453568,471865,"54.1675","null","null","null","null","null","null","null",14,"3","4-Seam Fastball",0,1,1,0,1,0,1,0,"Standard","Standard"
"FF","2018-07-02","90.7","1.9482","5.5053","Kyle Freeland",605412,607536,"null","ball",,,,,"12","null","R","L","L","COL","SF","B","null","null",0,0,2018,"0.7925","0.9217","1.1931","3.1766","null","null","543063.00",1,2,"Top","null","null",,,455104,,"180703_010637","-3.5563","-132.1281","-1.9485","9.9556","23.6380","-21.1768","3.2863","1.4889","null","null","null","91.1280","2252","6.1340",530675,607536,455104,435622,518934,571448,596115,571595,453568,471865,"54.3677","null","null","null","null","null","null","null",14,"1","4-Seam Fastball",0,1,1,0,1,0,1,0,"Standard","Standard"
"SL","2018-07-02","82.3","2.1808","5.5088","Kyle Freeland",467055,607536,"null","called_strike",,,,,"6","null","R","R","L","COL","SF","S","null","null",0,0,2018,"-0.1524","0.2578","0.5820","2.3033","null","null","543063.00",0,2,"Top","null","null",,,455104,,"180703_010507","-3.3315","-119.9386","-1.3567","-0.9358","19.5507","-29.6400","3.1811","1.4593","null","null","null","82.7730","2133","6.1760",530675,607536,455104,435622,518934,571448,596115,571595,453568,471865,"54.3259","null","null","null","null","null","null","null",13,"1","Slider",0,1,1,0,1,0,1,0,"Standard","Standard"
"FT","2018-07-02","91.6","3.0657","5.7500","Madison Bumgarner",596115,518516,"walk","ball",,,,,"3","Trevor Story walks.   Nolan Arenado to 2nd.  ","R","R","L","COL","SF","B","null","null",3,0,2018,"0.6121","1.1063","0.5639","3.3754","null","null","571448.00",2,1,"Bot","null","null",,,457763,,"180703_005738","-7.6276","-133.3457","-2.5817","8.7719","24.9353","-18.6052","3.5229","1.6397","null","null","null","92.0580","2117","6.2540",530675,518516,457763,474832,605412,467055,543063,596103,491676,457705,"54.2476","null","null","0.70",1,0,0,"null",9,"4","2-Seam Fastball",0,1,0,1,1,0,0,1,"Standard","Standard"
"FT","2018-07-02","91.9","3.1255","5.7197","Madison Bumgarner",596115,518516,"null","ball",,,,,"1","null","R","R","L","COL","SF","B","null","null",2,0,2018,"0.7612","1.1080","-0.7617","3.4036","null","null","571448.00",2,1,"Bot","null","null",,,457763,,"180703_005715","-11.4965","-133.4890","-2.4793","11.3249","24.5305","-18.4908","3.4679","1.5847","null","null","null","92.4580","2102","6.3980",530675,518516,457763,474832,605412,467055,543063,596103,491676,457705,"54.1041","null","null","null","null","null","null","null",9,"3","2-Seam Fastball",0,1,0,1,1,0,0,1,"Standard","Standard"
"FT","2018-07-02","92.2","3.0523","5.7531","Madison Bumgarner",596115,518516,"null","ball",,,,,"11","null","R","R","L","COL","SF","B","null","null",1,0,2018,"0.7267","0.9438","-0.8152","3.6071","null","null","571448.00",2,1,"Bot","null","null",,,457763,,"180703_005649","-11.3973","-133.9763","-1.7588","10.8617","23.3901","-20.5194","3.4679","1.5847","null","null","null","92.8730","2240","6.3440",530675,518516,457763,474832,605412,467055,543063,596103,491676,457705,"54.1580","null","null","null","null","null","null","null",9,"2","2-Seam Fastball",0,1,0,1,1,0,0,1,"Standard","Standard"
"FT","2018-07-02","92.2","3.0480","5.7550","Madison Bumgarner",596115,518516,"null","ball",,,,,"11","null","R","R","L","COL","SF","B","null","null",0,0,2018,"0.6394","1.0402","-0.3489","3.7964","null","null","571448.00",2,1,"Bot","null","null",,,457763,,"180703_005628","-10.0308","-134.1294","-1.5062","9.5940","23.6293","-19.3487","3.5229","1.6947","null","null","null","93.0010","2177","6.3710",530675,518516,457763,474832,605412,467055,543063,596103,491676,457705,"54.1312","null","null","null","null","null","null","null",9,"1","2-Seam Fastball",0,1,0,1,1,0,0,1,"Standard","Standard"
"FC","2018-07-02","86.0","3.2373","5.6679","Madison Bumgarner",571448,518516,"walk","ball",,,,,"13","Nolan Arenado walks.  ","R","R","L","COL","SF","B","null","null",3,2,2018,"-0.1001","0.3518","-0.4083","1.2783","null","null","null",2,1,"Bot","null","null",,,457763,,"180703_005547","-8.4056","-125.0383","-4.9385","0.3407","20.7548","-27.8346","3.4223","1.5746","null","null","null","86.2580","2145","6.1110",530675,518516,457763,474832,605412,467055,543063,596103,491676,457705,"54.3908","null","null","0.70",1,0,0,"null",8,"6","Cutter",0,1,0,1,1,0,0,1,"Standard","Standard"
"FT","2018-07-02","92.1","3.2428","5.7599","Madison Bumgarner",571448,518516,"null","ball",,,,,"12","null","R","R","L","COL","SF","B","null","null",2,2,2018,"0.6245","1.1494","2.0095","4.0911","null","null","null",2,1,"Bot","null","null",,,457763,,"180703_005527","-4.4728","-134.3233","-1.0223","8.3884","22.6052","-18.1227","3.3674","1.5196","null","null","null","92.9430","2175","6.1760",530675,518516,457763,474832,605412,467055,543063,596103,491676,457705,"54.3255","null","null","null","null","null","null","null",8,"5","2-Seam Fastball",0,1,0,1,1,0,0,1,"Standard","Standard"
"FT","2018-07-02","92.1","3.2245","5.7592","Madison Bumgarner",571448,518516,"null","ball",,,,,"12","null","R","R","L","COL","SF","B","null","null",1,1,2018,"0.6976","0.9431","1.6476","3.0288","null","null","null",2,1,"Bot","null","null",,,457763,,"180703_005439","-5.5128","-134.1852","-3.2384","9.5034","24.4427","-20.2774","3.4223","1.5196","null","null","null","92.7670","2165","6.2700",530675,518516,457763,474832,605412,467055,543063,596103,491676,457705,"54.2321","null","null","null","null","null","null","null",8,"3","2-Seam Fastball",0,1,0,1,1,0,0,1,"Infield shift","Standard"
"CH","2018-07-02","84.4","3.2495","5.6661","Madison Bumgarner",571448,518516,"null","called_strike",,,,,"8","null","R","R","L","COL","SF","S","null","null",1,0,2018,"1.0385","0.2575","-0.1420","1.6255","null","null","null",2,1,"Bot","null","null",,,457763,,"180703_005418","-9.9620","-122.6628","-3.6116","12.3138","21.1048","-29.1089","3.4076","1.5746","null","null","null","84.9050","1532","6.3980",530675,518516,457763,474832,605412,467055,543063,596103,491676,457705,"54.1037","null","null","null","null","null","null","null",8,"2","Changeup",0,1,0,1,1,0,0,1,"Infield shift","Standard"
"CU","2018-07-02","77.7","3.1061","5.6511","Madison Bumgarner",571448,518516,"null","ball",,,,,"13","null","R","R","L","COL","SF","B","null","null",0,0,2018,"-0.4556","-0.3288","-1.0542","1.7702","null","null","null",2,1,"Bot","null","null",,,457763,,"180703_005358","-8.0376","-112.9482","-0.8613","-2.5809","18.3132","-35.0441","3.4773","1.5746","null","null","null","77.5740","2306","6.0140",530675,518516,457763,474832,605412,467055,543063,596103,491676,457705,"54.4876","null","null","null","null","null","null","null",8,"1","Curveball",0,1,0,1,1,0,0,1,"Infield shift","Standard"
"FT","2018-07-02","91.2","3.0473","5.7940","Madison Bumgarner",518934,518516,"null","called_strike",,,,,"2","null","R","R","L","COL","SF","S","null","null",0,0,2018,"0.8118","0.9867","0.2101","3.1786","null","null","null",0,1,"Bot","null","null",,,457763,,"180703_005132","-8.8618","-132.7474","-2.9276","11.1713","21.4559","-20.0286","3.5282","1.6249","null","null","null","92.0800","2161","6.2640",530675,518516,457763,474832,605412,467055,543063,596103,491676,457705,"54.2380","null","null","null","null","null","null","null",6,"1","2-Seam Fastball",0,1,0,1,1,0,0,1,"Standard","Standard"
"FF","2018-07-02","91.5","1.5705","5.6196","Kyle Freeland",596103,607536,"null","ball",,,,,"11","null","R","R","L","COL","SF","B","null","null",0,1,2018,"0.4980","0.6741","-0.8853","3.2877","null","null","457763.00",2,1,"Top","null","null",,,455104,,"180703_004807","-7.3184","-133.3081","-1.5833","7.3676","23.9574","-23.8681","3.7815","1.7386","null","null","null","92.6650","2314","6.5550",530675,607536,455104,435622,518934,571448,596115,571595,453568,471865,"53.9463","null","null","null","null","null","null","null",5,"2","4-Seam Fastball",0,1,1,0,1,0,1,0,"Standard","Standard"
"CH","2018-07-02","84.3","1.7463","5.6775","Kyle Freeland",596103,607536,"null","called_strike",,,,,"6","null","R","R","L","COL","SF","S","null","null",0,0,2018,"1.1683","0.2356","0.7813","2.3711","null","null","457763.00",2,1,"Top","null","null",,,455104,,"180703_004745","-4.5225","-122.7916","-1.8360","12.5989","22.1828","-29.6744","3.5066","1.6286","null","null","null","84.3670","1411","6.0840",530675,607536,455104,435622,518934,571448,596115,571595,453568,471865,"54.4174","null","null","null","null","null","null","null",5,"1","Changeup",0,1,1,0,1,0,1,0,"Standard","Strategic"
"CH","2018-07-02","84.0","1.6951","5.5941","Kyle Freeland",457763,607536,"walk","ball",,,,,"13","Buster Posey walks.  ","R","R","L","COL","SF","B","null","null",3,2,2018,"1.0788","0.3019","-0.5697","1.1075","null","null","null",2,1,"Top","null","null",,,455104,,"180703_004711","-7.3567","-122.1124","-4.6268","12.1423","21.7229","-28.5176","3.2278","1.4297","null","null","null","84.2000","1433","6.2610",530675,607536,455104,435622,518934,571448,596115,571595,453568,471865,"54.2407","null","null","0.70",1,0,0,"null",4,"6","Changeup",0,1,1,0,1,0,1,0,"Standard","Standard"
"SL","2018-07-02","82.2","2.1895","5.3396","Kyle Freeland",457763,607536,"null","ball",,,,,"14","null","R","R","L","COL","SF","B","null","null",2,1,2018,"-0.3606","0.1951","0.9305","2.5438","null","null","null",2,1,"Top","null","null",,,455104,,"180703_004633","-2.1556","-119.7101","-0.2394","-3.0774","21.0951","-30.4695","3.5578","1.5397","null","null","null","82.2640","2143","6.0950",530675,607536,455104,435622,518934,571448,596115,571595,453568,471865,"54.4066","null","null","null","null","null","null","null",4,"4","Slider",0,1,1,0,1,0,1,0,"Standard","Standard"
"CH","2018-07-02","84.5","1.8300","5.5957","Kyle Freeland",457763,607536,"null","ball",,,,,"13","null","R","R","L","COL","SF","B","null","null",1,1,2018,"0.8010","0.3927","-0.3446","0.3846","null","null","null",2,1,"Top","null","null",,,455104,,"180703_004611","-6.5706","-122.7583","-6.5478","9.1840","21.2823","-27.3024","3.5578","1.5947","null","null","null","84.1960","1496","5.9070",530675,607536,455104,435622,518934,571448,596115,571595,453568,471865,"54.5952","null","null","null","null","null","null","null",4,"3","Changeup",0,1,1,0,1,0,1,0,"Standard","Standard"
"FF","2018-07-02","92.4","1.3836","5.8279","Kyle Freeland",457763,607536,"null","called_strike",,,,,"11","null","R","R","L","COL","SF","S","null","null",1,0,2018,"0.6979","1.1086","-0.8557","3.0220","null","null","null",2,1,"Top","null","null",,,455104,,"180703_004551","-7.2907","-134.5935","-3.8899","10.0016","24.6728","-17.8660","3.5779","1.5397","null","null","null","93.6670","2522","6.6370",530675,607536,455104,435622,518934,571448,596115,571595,453568,471865,"53.8644","null","null","null","null","null","null","null",4,"2","4-Seam Fastball",0,1,1,0,1,0,1,0,"Standard","Standard"
"FF","2018-07-02","92.4","1.4651","5.8255","Kyle Freeland",457763,607536,"null","ball",,,,,"11","null","R","R","L","COL","SF","B","null","null",0,0,2018,"0.6883","0.8512","-1.2984","2.9249","null","null","null",2,1,"Top","null","null",,,455104,,"180703_004536","-8.5584","-134.4844","-3.5487","9.9724","23.1664","-21.2221","3.6127","1.6497","null","null","null","93.4040","2313","6.4190",530675,607536,455104,435622,518934,571448,596115,571595,453568,471865,"54.0830","null","null","null","null","null","null","null",4,"1","4-Seam Fastball",0,1,1,0,1,0,1,0,"Standard","Standard"
"SL","2018-07-02","83.2","1.9850","5.4516","Kyle Freeland",457705,607536,"null","called_strike",,,,,"14","null","R","R","L","COL","SF","S","null","null",2,0,2018,"-0.1386","0.3667","0.8798","1.9461","null","null","null",1,1,"Top","null","null",,,455104,,"180703_004420","-2.2601","-121.2543","-2.3851","-0.9796","20.7282","-28.3528","3.6530","1.6698","null","null","null","83.4130","2220","6.0690",530675,607536,455104,435622,518934,571448,596115,571595,453568,471865,"54.4332","null","null","null","null","null","null","null",3,"3","Slider",0,1,1,0,1,0,1,0,"Standard","Standard"
"SL","2018-07-02","83.3","2.0689","5.3908","Kyle Freeland",457705,607536,"null","ball",,,,,"14","null","R","R","L","COL","SF","B","null","null",1,0,2018,"-0.0398","0.3507","2.0252","2.4134","null","null","null",1,1,"Top","null","null",,,455104,,"180703_004403","-0.0235","-121.3993","-1.1546","-0.3866","20.9195","-28.7383","3.5980","1.6698","null","null","null","83.2670","2206","5.9190",530675,607536,455104,435622,518934,571448,596115,571595,453568,471865,"54.5830","null","null","null","null","null","null","null",3,"2","Slider",0,1,1,0,1,0,1,0,"Standard","Standard"
"CH","2018-07-02","83.9","1.9363","5.5958","Kyle Freeland",457705,607536,"null","ball",,,,,"12","null","R","R","L","COL","SF","B","null","null",0,0,2018,"1.1603","0.4648","1.7839","2.8033","null","null","null",1,1,"Top","null","null",,,455104,,"180703_004350","-2.6439","-122.2491","-1.0463","12.1684","21.8629","-27.4983","3.5980","1.6698","null","null","null","84.3610","1437","6.3130",530675,607536,455104,435622,518934,571448,596115,571595,453568,471865,"54.1887","null","null","null","null","null","null","null",3,"1","Changeup",0,1,1,0,1,0,1,0,"Standard","Standard"
"FT","2018-07-02","90.9","1.9173","5.5677","Kyle Freeland",474832,607536,"null","called_strike",,,,,"6","null","R","L","L","COL","SF","S","null","null",0,0,2018,"0.8360","0.3395","0.8219","2.6941","null","null","null",0,1,"Top","null","null",,,455104,,"180703_004259","-4.5062","-132.4667","-2.1644","10.6665","21.1254","-27.9575","3.2367","1.6196","null","null","null","91.6980","2305","6.1340",530675,607536,455104,435622,518934,571448,596115,571595,453568,471865,"54.3678","null","null","null","null","null","null","null",2,"1","2-Seam Fastball",0,1,1,0,1,0,1,0,"Infield shift","Standard"