"pitch_type","game_date","release_speed","release_pos_x","release_pos_z","player_name","batter","pitcher","events","description","spin_dir","spin_rate_deprecated","break_angle_deprecated","break_length_deprecated","zone","des","game_type","stand","p_throws","home_team","away_team","type","hit_location","bb_type","balls","strikes","game_year","pfx_x","pfx_z","plate_x","plate_z","on_3b","on_2b","on_1b","outs_when_up","inning","inning_topbot","hc_x","hc_y","tfs_deprecated","tfs_zulu_deprecated","pos2_person_id","umpire","sv_id","vx0","vy0","vz0","ax","ay","az","sz_top","sz_bot","hit_distance_sc","launch_speed","launch_angle","effective_speed","release_spin_rate","release_extension","game_pk","pos1_person_id","pos2_person_id","pos3_person_id","pos4_person_id","pos5_person_id","pos6_person_id","pos7_person_id","pos8_person_id","pos9_person_id","release_pos_y","estimated_ba_using_speedangle","estimated_woba_using_speedangle","woba_value","woba_denom","babip_value","iso_value","launch_speed_angle","at_bat_number","pitch_number","pitch_name","home_score","away_score","bat_score","fld_score","post_away_score","post_home_score","post_bat_score","post_fld_score","if_fielding_alignment","of_fielding_alignment"
"FC","2018-08-25","90.4","-1.7896","6.2872","Mark Melancon",542208,453343,"null","called_strike",,,,,"11","null","R","R","R","SF","TEX","S","null","null",2,0,2018,"0.5793","0.6764","-0.1474","3.2671","595777.00","455139.00","643396.00",2,9,"Top","null","null",,,460026,,"180825_231240","2.8615","-131.6178","-3.0571","6.1525","23.8774","-24.0368","3.1259","1.5229","null","null","null","90.1590","2337","5.7870",531355,453343,460026,474832,593700,446334,543063,596103,621453,457705,"54.7105","null","null","null","null","null","null","null",71,"3","Cutter",5,3,3,5,3,5,3,5,"Standard","Standard"
"FC","2018-08-25","91.2","-1.7013","6.2883","Mark Melancon",542208,453343,"null","ball",,,,,"12","null","R","R","R","SF","TEX","B","null","null",1,0,2018,"0.1897","0.6794","1.2744","2.5344","595777.00","455139.00","643396.00",2,9,"Top","null","null",,,460026,,"180825_231216","7.0604","-132.7986","-5.0793","0.9901","23.7828","-23.3811","3.0999","1.4440","null","null","null","91.6010","2279","6.1290",531355,453343,460026,474832,593700,446334,543063,596103,621453,457705,"54.3683","null","null","null","null","null","null","null",71,"2","Cutter",5,3,3,5,3,5,3,5,"Standard","Standard"
"FC","2018-08-25","90.1","-1.6671","6.2848","Mark Melancon",542208,453343,"null","ball",,,,,"12","null","R","R","R","SF","TEX","B","null","null",0,0,2018,"0.4217","0.7269","1.1416","2.7623","595777.00","455139.00","643396.00",2,9,"Top","null","null",,,460026,,"180825_231152","6.0793","-131.2173","-4.3934","3.7667","24.1583","-23.1374","3.1259","1.5498","null","null","null","90.4510","2198","6.1670",531355,453343,460026,474832,593700,446334,543063,596103,621453,457705,"54.3303","null","null","null","null","null","null","null",71,"1","Cutter",5,3,3,5,3,5,3,5,"Standard","Standard"
"FF","2018-08-25","93.8","1.5960","6.5263","Will Smith",643396,519293,"walk","ball",,,,,"13","Isiah Kiner-Falefa walks.  ","R","R","L","SF","TEX","B","null","null",3,2,2018,"0.5589","1.3854","-1.2462","1.4827","595777.00","455139.00","null",2,9,"Top","null","null",,,460026,,"180825_230829","-8.4623","-135.9439","-10.1780","8.6264","28.7533","-13.3061","3.1779","1.5188","null","null","null","92.8800","2122","5.8860",531355,519293,460026,474832,593700,446334,543063,596103,621453,457705,"54.6116","null","null","0.70",1,0,0,"null",70,"8","4-Seam Fastball",5,3,3,5,3,5,3,5,"Standard","Standard"
"SL","2018-08-25","80.7","1.9424","6.3644","Will Smith",643396,519293,"null","called_strike",,,,,"8","null","R","R","L","SF","TEX","S","null","null",2,1,2018,"-1.1853","0.1761","0.1462","1.6057","595777.00","455139.00","null",2,9,"Top","null","null",,,460026,,"180825_230602","-1.7741","-117.4091","-4.2250","-10.4167","21.9473","-30.0292","3.1259","1.5188","null","null","null","79.9590","2296","5.7570",531355,519293,460026,474832,593700,446334,543063,596103,621453,457705,"54.7401","null","null","null","null","null","null","null",70,"4","Slider",5,3,3,5,3,5,3,5,"Standard","Standard"
"SL","2018-08-25","81.5","2.0528","6.3679","Will Smith",643396,519293,"null","called_strike",,,,,"6","null","R","R","L","SF","TEX","S","null","null",2,0,2018,"-0.7781","-0.0945","0.4122","2.2581","595777.00","455139.00","null",2,9,"Top","null","null",,,460026,,"180825_230517","-2.2056","-118.7194","-2.5253","-6.9033","20.5414","-32.8384","3.1519","1.5188","null","null","null","81.2800","2464","5.8650",531355,519293,460026,474832,593700,446334,543063,596103,621453,457705,"54.6322","null","null","null","null","null","null","null",70,"3","Slider",5,3,3,5,3,5,3,5,"Standard","Standard"
"SL","2018-08-25","81.2","1.9710","6.4068","Will Smith",643396,519293,"null","ball",,,,,"13","null","R","R","L","SF","TEX","B","null","null",1,0,2018,"-0.9110","0.2490","-1.2525","1.6058","595777.00","455139.00","null",2,9,"Top","null","null",,,460026,,"180825_230452","-5.4496","-118.0458","-4.5791","-7.4052","20.7827","-29.3123","3.1259","1.5188","null","null","null","80.4730","2466","5.6740",531355,519293,460026,474832,593700,446334,543063,596103,621453,457705,"54.8237","null","null","null","null","null","null","null",70,"2","Slider",5,3,3,5,3,5,3,5,"Standard","Standard"
"FF","2018-08-25","93.4","1.4710","6.5433","Will Smith",134181,519293,"null","ball",,,,,"13","null","R","R","L","SF","TEX","B","null","null",1,2,2018,"0.6701","1.5257","-1.5551","1.6998","595777.00","455139.00","null",1,9,"Top","null","null",,,460026,,"180825_230307","-9.2037","-135.4629","-9.9789","10.1566","28.5136","-11.5743","3.4114","1.6279","null","null","null","93.0350","2238","6.1720",531355,519293,460026,474832,593700,446334,543063,596103,621453,457705,"54.3255","null","null","null","null","null","null","null",69,"5","4-Seam Fastball",5,3,3,5,3,5,3,5,"Standard","Standard"
"SL","2018-08-25","80.3","1.9316","6.3567","Will Smith",134181,519293,"null","ball",,,,,"13","null","R","R","L","SF","TEX","B","null","null",0,2,2018,"-0.8789","-0.3683","-0.9829","0.4242","null","595777.00","455139.00",1,9,"Top","null","null",,,460026,,"180825_230120","-4.7827","-116.8263","-5.7424","-7.0902","21.2194","-34.6924","3.3336","1.5278","null","null","null","79.9240","2487","5.9580",531355,519293,460026,474832,593700,446334,543063,596103,621453,457705,"54.5394","null","null","null","null","null","null","null",69,"3","Slider",5,3,3,5,3,5,3,5,"Standard","Standard"
"CU","2018-08-25","77.2","1.7621","6.5780","Will Smith",134181,519293,"null","called_strike",,,,,"4","null","R","R","L","SF","TEX","S","null","null",0,0,2018,"-0.7136","-0.3067","-0.3122","2.2264","null","595777.00","455139.00",1,9,"Top","null","null",,,460026,,"180825_230032","-3.1090","-112.3270","-1.8259","-5.3468","17.9256","-34.6383","3.2817","1.5278","null","null","null","75.9750","2184","5.1370",531355,519293,460026,474832,593700,446334,543063,596103,621453,457705,"55.3601","null","null","null","null","null","null","null",69,"1","Curveball",5,3,3,5,3,5,3,5,"Standard","Standard"
"FF","2018-08-25","92.6","1.8814","6.5809","Will Smith",455139,519293,"null","ball",,,,,"12","null","R","R","L","SF","TEX","B","null","null",0,2,2018,"0.7408","1.4706","1.0632","3.9236","null","null","595777.00",1,9,"Top","null","null",,,460026,,"180825_225842","-3.6459","-134.8096","-4.1491","9.6633","27.0757","-13.8312","2.8397","1.2335","null","null","null","92.2270","2219","5.8680",531355,519293,460026,474832,593700,446334,543063,596103,621453,457705,"54.6295","null","null","null","null","null","null","null",68,"5","4-Seam Fastball",5,3,3,5,3,5,3,5,"Standard","Standard"
"FF","2018-08-25","91.7","1.7108","6.5430","Will Smith",595777,519293,"walk","ball",,,,,"2","Jurickson Profar walks.  ","R","R","L","SF","TEX","B","null","null",3,1,2018,"0.5036","1.4200","-0.0051","3.2451","null","null","null",1,9,"Top","null","null",,,460026,,"180825_225531","-5.3644","-133.3816","-5.4856","7.0236","26.7498","-14.5261","3.1519","1.4440","null","null","null","91.2770","2141","5.9030",531355,519293,460026,474832,593700,446334,543063,596103,621453,457705,"54.5941","null","null","0.70",1,0,0,"null",67,"5","4-Seam Fastball",5,3,3,5,3,5,3,5,"Standard","Standard"
"SL","2018-08-25","79.9","2.0739","6.3279","Will Smith",595777,519293,"null","ball",,,,,"13","null","R","R","L","SF","TEX","B","null","null",2,1,2018,"-0.8079","-0.1325","-0.0717","0.9519","null","null","null",1,9,"Top","null","null",,,460026,,"180825_225508","-3.2062","-116.2368","-4.8554","-6.6281","20.8680","-32.7169","3.0219","1.4440","null","null","null","79.2970","2282","5.7870",531355,519293,460026,474832,593700,446334,543063,596103,621453,457705,"54.7106","null","null","null","null","null","null","null",67,"4","Slider",5,3,3,5,3,5,3,5,"Standard","Standard"
"FF","2018-08-25","91.5","1.6483","6.5830","Will Smith",595777,519293,"null","called_strike",,,,,"11","null","R","R","L","SF","TEX","S","null","null",2,0,2018,"0.5853","1.3282","-0.9740","2.9889","null","null","null",1,9,"Top","null","null",,,460026,,"180825_225447","-7.7571","-132.9874","-5.9867","8.3097","24.7057","-15.6860","3.2817","1.5498","null","null","null","91.0060","2127","5.7560",531355,519293,460026,474832,593700,446334,543063,596103,621453,457705,"54.7412","null","null","null","null","null","null","null",67,"3","4-Seam Fastball",5,3,3,5,3,5,3,5,"Standard","Standard"
"FF","2018-08-25","91.6","1.7166","6.5447","Will Smith",595777,519293,"null","ball",,,,,"12","null","R","R","L","SF","TEX","B","null","null",1,0,2018,"0.5176","1.3930","0.0713","3.7166","null","null","null",1,9,"Top","null","null",,,460026,,"180825_225429","-5.2088","-133.2255","-4.2308","7.1377","26.6200","-15.1425","3.1259","1.3914","null","null","null","91.1570","2140","5.8900",531355,519293,460026,474832,593700,446334,543063,596103,621453,457705,"54.6074","null","null","null","null","null","null","null",67,"2","4-Seam Fastball",5,3,3,5,3,5,3,5,"Standard","Standard"
"CU","2018-08-25","75.9","1.7826","6.6186","Will Smith",595777,519293,"null","ball",,,,,"11","null","R","R","L","SF","TEX","B","null","null",0,0,2018,"-0.5813","-0.4386","-0.2648","3.4949","null","null","null",1,9,"Top","null","null",,,460026,,"180825_225411","-3.2189","-110.3785","1.2074","-4.0371","18.3648","-36.0863","3.0219","1.3388","null","null","null","74.4540","1905","5.1020",531355,519293,460026,474832,593700,446334,543063,596103,621453,457705,"55.3950","null","null","null","null","null","null","null",67,"1","Curveball",5,3,3,5,3,5,3,5,"Standard","Standard"
"SL","2018-08-25","79.9","1.9931","6.3485","Will Smith",608577,519293,"null","called_strike",,,,,"13","null","R","L","L","SF","TEX","S","null","null",0,1,2018,"-1.2020","-0.3906","-0.8344","2.4442","null","null","null",0,9,"Top","null","null",,,460026,,"180825_225316","-3.9731","-116.1723","-1.1488","-9.8728","21.5709","-35.6599","3.3595","1.6417","null","null","null","78.8800","2387","5.5990",531355,519293,460026,474832,593700,446334,543063,596103,621453,457705,"54.8986","null","null","null","null","null","null","null",66,"2","Slider",5,3,3,5,3,5,3,5,"Strategic","Standard"
"SL","2018-08-25","79.1","2.1499","6.3125","Will Smith",608577,519293,"null","called_strike",,,,,"2","null","R","L","L","SF","TEX","S","null","null",0,0,2018,"-0.9913","0.1777","-0.2758","3.3047","null","null","null",0,9,"Top","null","null",,,460026,,"180825_225259","-3.4508","-115.1829","-0.1234","-8.0509","20.8051","-30.8330","3.4632","1.6417","null","null","null","78.5530","2241","5.8020",531355,519293,460026,474832,593700,446334,543063,596103,621453,457705,"54.6956","null","null","null","null","null","null","null",66,"1","Slider",5,3,3,5,3,5,3,5,"Strategic","Standard"
"FF","2018-08-25","96.0","-2.6053","6.1687","Chris Martin",621453,455119,"null","ball",,,,,"12","null","R","L","R","SF","TEX","B","null","null",1,2,2018,"-0.5555","1.1202","0.1959","4.9892","460026.00","596103.00","null",2,8,"Bot","null","null",,,455139,,"180825_224921","8.6438","-139.6183","-0.0899","-9.0369","28.3320","-17.6678","3.4891","1.7328","null","null","null","96.2080","2228","6.2160",531355,455119,455139,608597,596059,595777,462101,425783,624636,608577,"54.2809","null","null","null","null","null","null","null",65,"4","4-Seam Fastball",5,3,5,3,3,5,5,3,"Standard","Standard"
"FC","2018-08-25","91.4","-2.7672","6.2035","Chris Martin",621453,455119,"null","ball",,,,,"9","null","R","L","R","SF","TEX","B","null","null",0,0,2018,"0.1950","0.5311","0.6663","1.6293","460026.00","596103.00","null",2,8,"Bot","null","null",,,455139,,"180825_224731","8.1894","-132.7868","-6.7933","0.7773","24.7840","-24.8245","3.4891","1.7066","null","null","null","91.3760","2229","6.0760",531355,455119,455139,608597,596059,595777,462101,425783,624636,608577,"54.4213","null","null","null","null","null","null","null",65,"1","Cutter",5,3,5,3,3,5,5,3,"Standard","Standard"
"FC","2018-08-25","91.1","-3.0402","6.1638","Chris Martin",593700,455119,"null","ball",,,,,"13","null","R","L","R","SF","TEX","B","null","null",0,0,2018,"0.1864","0.5982","-1.0872","2.1446","460026.00","null","596103.00",1,8,"Bot","null","null",,,455139,,"180825_224319","4.4851","-132.5736","-5.4858","1.3143","25.7461","-24.3072","3.3855","1.6804","null","null","null","90.9570","2111","5.9920",531355,455119,455139,608597,596059,595777,462101,425783,624636,608577,"54.5054","null","null","null","null","null","null","null",64,"1","Cutter",5,3,5,3,3,5,5,3,"Strategic","Standard"
"FC","2018-08-25","90.4","-2.7833","6.1489","Chris Martin",543063,455119,"null","called_strike",,,,,"4","null","R","L","R","SF","TEX","S","null","null",1,0,2018,"0.0810","0.5988","-0.4424","2.4848","460026.00","null","596103.00",0,8,"Bot","null","null",,,455139,,"180825_223920","5.6756","-131.6417","-4.5492","-0.1109","24.6477","-24.4769","3.4114","1.6279","null","null","null","91.0730","2085","6.3920",531355,455119,455139,608597,596059,595777,462101,425783,624636,608577,"54.1051","null","null","null","null","null","null","null",63,"2","Cutter",5,3,5,3,3,5,5,3,"Strategic","Standard"
"FF","2018-08-25","94.7","-2.5901","6.2836","Chris Martin",543063,455119,"null","ball",,,,,"11","null","R","L","R","SF","TEX","B","null","null",0,0,2018,"-0.4104","1.3573","-1.1029","4.0357","460026.00","null","596103.00",0,8,"Bot","null","null",,,455139,,"180825_223857","4.8080","-137.9503","-3.2880","-6.2484","27.9300","-14.2567","3.4801","1.7328","null","null","null","95.2660","2260","6.3560",531355,455119,455139,608597,596059,595777,462101,425783,624636,608577,"54.1416","null","null","null","null","null","null","null",63,"1","4-Seam Fastball",5,3,5,3,3,5,5,3,"Strategic","Standard"
"FF","2018-08-25","96.4","-2.6164","6.2271","Chris Martin",596103,455119,"null","called_strike",,,,,"8","null","R","R","R","SF","TEX","S","null","null",2,1,2018,"-0.6402","1.4010","0.2264","1.4467","null","null","460026.00",0,8,"Bot","null","null",,,455139,,"180825_223722","8.9468","-139.7089","-10.1603","-10.4263","33.1774","-11.8291","3.2817","1.4966","null","null","null","95.6270","2289","6.1890",531355,455119,455139,608597,596059,595777,462101,425783,624636,608577,"54.3085","null","null","null","null","null","null","null",62,"4","4-Seam Fastball",5,3,5,3,3,5,5,3,"Standard","Standard"
"FF","2018-08-25","96.4","-2.4701","6.1881","Chris Martin",596103,455119,"null","called_strike",,,,,"8","null","R","R","R","SF","TEX","S","null","null",2,0,2018,"-0.8016","1.3539","0.2674","1.5335","null","null","460026.00",0,8,"Bot","null","null",,,455139,,"180825_223637","9.1102","-139.9025","-9.8806","-12.5772","30.3652","-12.3260","3.3336","1.6037","null","null","null","96.6210","2313","6.4750",531355,455119,455139,608597,596059,595777,462101,425783,624636,608577,"54.0221","null","null","null","null","null","null","null",62,"3","4-Seam Fastball",5,3,5,3,3,5,5,3,"Standard","Standard"
"FF","2018-08-25","95.5","-2.7130","6.1604","Chris Martin",596103,455119,"null","ball",,,,,"13","null","R","R","R","SF","TEX","B","null","null",1,0,2018,"-0.9123","1.2912","-0.4825","1.0854","null","null","460026.00",0,8,"Bot","null","null",,,455139,,"180825_223614","7.8781","-138.5610","-10.5567","-13.4330","30.2742","-13.5076","3.2817","1.5491","null","null","null","95.1770","2364","6.2120",531355,455119,455139,608597,596059,595777,462101,425783,624636,608577,"54.2854","null","null","null","null","null","null","null",62,"2","4-Seam Fastball",5,3,5,3,3,5,5,3,"Standard","Standard"
"FF","2018-08-25","95.6","-2.6292","6.1971","Chris Martin",596103,455119,"null","ball",,,,,"13","null","R","R","R","SF","TEX","B","null","null",0,0,2018,"-0.7603","1.3484","-1.1628","1.1849","null","null","460026.00",0,8,"Bot","null","null",,,455139,,"180825_223530","5.5550","-138.7780","-10.5568","-11.0379","31.1417","-12.6600","3.2298","1.6037","null","null","null","95.3190","2280","6.2640",531355,455119,455139,608597,596059,595777,462101,425783,624636,608577,"54.2336","null","null","null","null","null","null","null",62,"1","4-Seam Fastball",5,3,5,3,3,5,5,3,"Standard","Standard"
"FF","2018-08-25","95.0","-2.7580","6.1089","Chris Martin",460026,455119,"null","ball",,,,,"13","null","R","R","R","SF","TEX","B","null","null",2,1,2018,"-0.4941","1.3319","-1.1151","2.3699","null","null","null",0,8,"Bot","null","null",,,455139,,"180825_223419","5.4157","-138.1796","-7.1798","-7.4638","27.4580","-13.7176","3.2558","1.5498","null","null","null","95.5520","2198","6.3890",531355,455119,455139,608597,596059,595777,462101,425783,624636,608577,"54.1089","null","null","null","null","null","null","null",61,"4","4-Seam Fastball",5,3,5,3,3,5,5,3,"Standard","Standard"
"CU","2018-08-25","84.9","-2.6347","6.2501","Chris Martin",460026,455119,"null","ball",,,,,"14","null","R","R","R","SF","TEX","B","null","null",1,1,2018,"0.1142","-0.0979","1.3310","0.6821","null","null","null",0,8,"Bot","null","null",,,455139,,"180825_223355","8.9883","-123.2856","-6.5024","-0.4388","21.9240","-32.2191","3.2039","1.5498","null","null","null","84.6520","2181","6.0050",531355,455119,455139,608597,596059,595777,462101,425783,624636,608577,"54.4919","null","null","null","null","null","null","null",61,"3","Curveball",5,3,5,3,3,5,5,3,"Standard","Standard"
"FF","2018-08-25","94.8","-2.8102","6.1005","Chris Martin",460026,455119,"null","ball",,,,,"13","null","R","R","R","SF","TEX","B","null","null",0,1,2018,"-0.8826","1.3139","-1.1163","0.2736","null","null","null",0,8,"Bot","null","null",,,455139,,"180825_223328","6.3694","-137.6148","-12.4982","-12.5065","25.9263","-13.1728","3.3842","1.5498","null","null","null","95.1200","2244","6.2700",531355,455119,455139,608597,596059,595777,462101,425783,624636,608577,"54.2269","null","null","null","null","null","null","null",61,"2","4-Seam Fastball",5,3,5,3,3,5,5,3,"Standard","Standard"
"FF","2018-08-25","93.8","-2.6006","6.2727","Chris Martin",460026,455119,"null","called_strike",,,,,"8","null","R","R","R","SF","TEX","S","null","null",0,0,2018,"-0.8437","1.2319","0.0992","1.7511","null","null","null",0,8,"Bot","null","null",,,455139,,"180825_223307","8.7985","-136.2258","-8.7021","-12.1903","24.9524","-15.3197","3.3842","1.5498","null","null","null","94.1020","2213","6.2040",531355,455119,455139,608597,596059,595777,462101,425783,624636,608577,"54.2938","null","null","null","null","null","null","null",61,"1","4-Seam Fastball",5,3,5,3,3,5,5,3,"Standard","Standard"
"CH","2018-08-25","88.0","-2.8648","6.2895","Hunter Strickland",425783,519326,"null","called_strike",,,,,"13","null","R","L","R","SF","TEX","S","null","null",1,0,2018,"-1.1085","0.9375","-0.8915","2.0606","null","null","608336.00",2,8,"Top","null","null",,,460026,,"180825_222558","6.9354","-127.8961","-6.0384","-13.2438","22.8761","-21.1577","3.1519","1.5278","null","null","null","87.4130","1598","5.6890",531355,519326,460026,474832,488818,446334,543063,596103,621453,457705,"54.8080","null","null","null","null","null","null","null",58,"2","Changeup",5,0,0,5,0,5,0,5,"Standard","Standard"
"FF","2018-08-25","93.2","-2.7721","6.2538","Hunter Strickland",425783,519326,"null","ball",,,,,"6","null","R","L","R","SF","TEX","B","null","null",0,0,2018,"-0.3648","1.3184","0.5718","2.0460","null","null","608336.00",2,8,"Top","null","null",,,460026,,"180825_222540","9.2990","-135.3382","-7.8737","-6.2373","25.8435","-14.7517","3.1519","1.5278","null","null","null","92.9100","2301","5.9520",531355,519326,460026,474832,488818,446334,543063,596103,621453,457705,"54.5455","null","null","null","null","null","null","null",58,"1","4-Seam Fastball",5,0,0,5,0,5,0,5,"Standard","Standard"
"SL","2018-08-25","80.5","-2.9466","6.2538","Hunter Strickland",608336,519326,"null","called_strike",,,,,"4","null","R","L","R","SF","TEX","S","null","null",0,0,2018,"0.9596","-0.1229","-0.3583","2.9625","null","null","null",2,8,"Top","null","null",,,460026,,"180825_222400","3.9073","-116.9384","-0.3800","7.5198","22.7744","-33.4735","3.7219","1.8901","null","null","null","77.9150","2639","4.6250",531355,519326,460026,474832,488818,446334,543063,596103,621453,457705,"55.8722","null","null","null","null","null","null","null",57,"1","Slider",5,0,0,5,0,5,0,5,"Infield shift","Strategic"
"SL","2018-08-25","80.7","-2.8619","6.3008","Hunter Strickland",624636,519326,"null","ball",,,,,"14","null","R","R","R","SF","TEX","B","null","null",1,2,2018,"0.6289","-0.4335","1.3676","1.0867","null","null","null",1,8,"Top","null","null",,,460026,,"180825_222250","8.0469","-117.0315","-4.0344","4.0401","21.5867","-35.5157","3.1779","1.4703","null","null","null","78.6540","2632","4.9910",531355,519326,460026,474832,488818,446334,543063,596103,621453,457705,"55.5061","null","null","null","null","null","null","null",56,"4","Slider",5,0,0,5,0,5,0,5,"Standard","Standard"
"SL","2018-08-25","79.7","-2.8653","6.2971","Hunter Strickland",624636,519326,"null","ball",,,,,"14","null","R","R","R","SF","TEX","B","null","null",0,2,2018,"1.2532","-0.8112","1.2644","1.0677","null","null","null",1,8,"Top","null","null",,,460026,,"180825_222218","6.6608","-115.7671","-3.2132","9.5107","21.5564","-38.8195","3.2298","1.4966","null","null","null","77.7200","2728","4.9750",531355,519326,460026,474832,488818,446334,543063,596103,621453,457705,"55.5220","null","null","null","null","null","null","null",56,"3","Slider",5,0,0,5,0,5,0,5,"Standard","Standard"
"FF","2018-08-25","94.3","-2.7602","6.3153","Hunter Strickland",624636,519326,"null","called_strike",,,,,"6","null","R","R","R","SF","TEX","S","null","null",0,0,2018,"-0.4815","1.3826","0.7973","2.0260","null","null","null",1,8,"Top","null","null",,,460026,,"180825_222134","10.1090","-136.6288","-8.2604","-8.0691","29.5458","-13.7451","3.1779","1.4703","null","null","null","92.8010","2234","5.5960",531355,519326,460026,474832,488818,446334,543063,596103,621453,457705,"54.9019","null","null","null","null","null","null","null",56,"1","4-Seam Fastball",5,0,0,5,0,5,0,5,"Standard","Standard"
"FF","2018-08-25","95.0","-2.6039","6.3640","Hunter Strickland",608597,519326,"null","ball",,,,,"14","null","R","L","R","SF","TEX","B","null","null",0,1,2018,"-0.4458","1.2736","2.1750","0.7780","null","null","null",0,8,"Top","null","null",,,460026,,"180825_222019","13.2128","-137.1462","-11.4405","-8.3475","29.5869","-14.2490","3.5409","1.8377","null","null","null","93.2310","2323","5.6290",531355,519326,460026,474832,488818,446334,543063,596103,621453,457705,"54.8683","null","null","null","null","null","null","null",55,"2","4-Seam Fastball",5,0,0,5,0,5,0,5,"Infield shift","Standard"
"FF","2018-08-25","93.6","1.5888","6.1957","Matt Moore",446334,519043,"null","ball",,,,,"12","null","R","R","L","SF","TEX","B","null","null",0,2,2018,"0.9865","1.3029","1.1307","3.1591","null","null","null",2,7,"Bot","null","null",,,455139,,"180825_221628","-3.3540","-136.2790","-4.9989","13.0143","28.3931","-15.0738","3.6444","1.7591","null","null","null","93.8690","2354","6.2980",531355,519043,455139,608597,596059,595777,462101,425783,624636,608577,"54.1993","null","null","null","null","null","null","null",54,"3","4-Seam Fastball",5,0,5,0,0,5,5,0,"Standard","Standard"
"FC","2018-08-25","90.4","1.7936","5.9870","Matt Moore",474832,519043,"null","ball",,,,,"13","null","R","L","L","SF","TEX","B","null","null",1,1,2018,"-0.1673","0.8656","-0.6788","0.8801","null","null","null",1,7,"Bot","null","null",,,455139,,"180825_221415","-5.7757","-131.3516","-8.5899","-0.8124","25.4083","-20.7375","3.3077","1.6279","null","null","null","90.2240","2193","6.0670",531355,519043,455139,608597,596059,595777,462101,425783,624636,608577,"54.4303","null","null","null","null","null","null","null",53,"3","Cutter",5,0,5,0,0,5,5,0,"Infield shift","Standard"
"KC","2018-08-25","81.1","1.3950","6.1382","Matt Moore",474832,519043,"null","ball",,,,,"13","null","R","L","L","SF","TEX","B","null","null",0,1,2018,"-0.7855","-1.1382","-0.9362","0.8515","null","null","null",1,7,"Bot","null","null",,,455139,,"180825_221353","-3.7022","-117.9624","-3.0606","-6.4606","21.8909","-42.2118","3.3077","1.6417","null","null","null","80.0860","2524","5.5570",531355,519043,455139,608597,596059,595777,462101,425783,624636,608577,"54.9407","null","null","null","null","null","null","null",53,"2","Knuckle Curve",5,0,5,0,0,5,5,0,"Infield shift","Standard"
"FF","2018-08-25","93.2","1.8745","5.9787","Matt Moore",474832,519043,"null","called_strike",,,,,"13","null","R","L","L","SF","TEX","S","null","null",0,0,2018,"0.4843","1.2954","-1.0894","2.1468","null","null","null",1,7,"Bot","null","null",,,455139,,"180825_221335","-8.6255","-135.3526","-6.8989","7.6437","26.5301","-15.1026","3.2817","1.6016","null","null","null","93.1460","2361","6.1370",531355,519043,455139,608597,596059,595777,462101,425783,624636,608577,"54.3606","null","null","null","null","null","null","null",53,"1","4-Seam Fastball",5,0,5,0,0,5,5,0,"Infield shift","Standard"
"KC","2018-08-25","82.0","1.2058","6.2125","Matt Moore",457705,519043,"null","ball",,,,,"13","null","R","R","L","SF","TEX","B","null","null",1,2,2018,"-0.3460","-0.9963","-1.4046","-0.6410","null","null","null",0,7,"Bot","null","null",,,455139,,"180825_221227","-5.2013","-119.2231","-6.9966","-2.2734","22.4883","-40.4568","3.3336","1.4966","null","null","null","81.4430","2604","5.9130",531355,519043,455139,608597,596059,595777,462101,425783,624636,608577,"54.5842","null","null","null","null","null","null","null",52,"4","Knuckle Curve",5,0,5,0,0,5,5,0,"Infield shift","Standard"
"FF","2018-08-25","94.0","1.4873","6.1427","Matt Moore",457705,519043,"null","called_strike",,,,,"5","null","R","R","L","SF","TEX","S","null","null",1,0,2018,"0.6617","1.4336","0.2736","2.6123","null","null","null",0,7,"Bot","null","null",,,455139,,"180825_221148","-4.6055","-136.7782","-6.6592","9.2591","26.6809","-12.9533","3.3336","1.5278","null","null","null","94.4590","2425","6.3000",531355,519043,455139,608597,596059,595777,462101,425783,624636,608577,"54.1973","null","null","null","null","null","null","null",52,"2","4-Seam Fastball",5,0,5,0,0,5,5,0,"Infield shift","Standard"
"FF","2018-08-25","93.5","1.7777","6.0138","Matt Moore",457705,519043,"null","ball",,,,,"14","null","R","R","L","SF","TEX","B","null","null",0,0,2018,"0.7811","1.2308","0.8825","1.0269","null","null","null",0,7,"Bot","null","null",,,455139,,"180825_221131","-4.0158","-135.9385","-9.8473","10.5196","26.4483","-15.1058","3.3855","1.5491","null","null","null","93.8270","2363","6.2770",531355,519043,455139,608597,596059,595777,462101,425783,624636,608577,"54.2204","null","null","null","null","null","null","null",52,"1","4-Seam Fastball",5,0,5,0,0,5,5,0,"Infield shift","Standard"
"CH","2018-08-25","83.8","1.6498","6.1535","Matt Moore",452254,519043,"null","ball",,,,,"12","null","R","R","L","SF","TEX","B","null","null",1,0,2018,"1.2011","0.7490","1.0373","2.6488","null","null","null",0,7,"Bot","null","null",,,455139,,"180825_221005","-3.7151","-121.9395","-3.1421","12.5256","23.0222","-24.4359","3.0999","1.4703","null","null","null","83.3290","1781","5.8870",531355,519043,455139,608597,596059,595777,462101,425783,624636,608577,"54.6105","null","null","null","null","null","null","null",51,"2","Changeup",4,0,4,0,0,4,4,0,"Standard","Standard"
"FF","2018-08-25","93.7","1.6452","6.1041","Matt Moore",452254,519043,"null","ball",,,,,"3","null","R","R","L","SF","TEX","B","null","null",0,0,2018,"0.5847","1.2796","0.4481","3.4752","null","null","null",0,7,"Bot","null","null",,,455139,,"180825_220950","-4.3586","-136.5252","-3.9212","8.1594","26.5905","-15.6135","3.3595","1.6417","null","null","null","93.9450","2181","6.1030",531355,519043,455139,608597,596059,595777,462101,425783,624636,608577,"54.3947","null","null","null","null","null","null","null",51,"1","4-Seam Fastball",4,0,4,0,0,4,4,0,"Standard","Standard"
"FF","2018-08-25","90.8","1.9657","6.4640","Andrew Suarez",455139,605498,"null","ball",,,,,"9","null","R","R","L","SF","TEX","B","null","null",0,1,2018,"0.7726","1.2790","0.4006","1.4195","null","null","595777.00",1,7,"Top","null","null",,,460026,,"180825_220618","-5.3570","-131.8675","-9.1822","9.6761","22.8703","-16.3280","2.8918","1.5229","null","null","null","89.3640","1980","5.1020",531355,605498,460026,474832,488818,446334,543063,596103,621453,457705,"55.3951","null","null","null","null","null","null","null",50,"2","4-Seam Fastball",4,0,0,4,0,4,0,4,"Strategic","Standard"
"CH","2018-08-25","84.4","2.1811","6.3918","Andrew Suarez",455139,605498,"null","called_strike",,,,,"12","null","R","R","L","SF","TEX","S","null","null",0,0,2018,"0.9755","1.0687","1.1673","2.3344","null","null","595777.00",1,7,"Top","null","null",,,460026,,"180825_220539","-4.2158","-122.7515","-5.1360","10.5031","22.9965","-20.8005","2.9699","1.4440","null","null","null","83.8020","1475","5.8020",531355,605498,460026,474832,488818,446334,543063,596103,621453,457705,"54.6954","null","null","null","null","null","null","null",50,"1","Changeup",4,0,0,4,0,4,0,4,"Standard","Standard"
"CU","2018-08-25","73.5","1.9645","6.5234","Andrew Suarez",595777,605498,"null","ball",,,,,"12","null","R","R","L","SF","TEX","B","null","null",0,1,2018,"-0.9561","-0.9506","1.4182","2.4139","null","null","608577.00",0,7,"Top","null","null",,,460026,,"180825_220437","0.4264","-106.8396","0.4284","-7.0103","16.7224","-39.4209","3.1259","1.5498","null","null","null","71.5190","2472","4.6130",531355,605498,460026,474832,488818,446334,543063,596103,621453,457705,"55.8845","null","null","null","null","null","null","null",49,"2","Curveball",4,0,0,4,0,4,0,4,"Standard","Standard"
"KC","2018-08-25","82.3","1.5617","6.1593","Matt Moore",621453,519043,"null","ball",,,,,"13","null","R","L","L","SF","TEX","B","null","null",1,1,2018,"-0.6553","-1.1150","-1.1047","1.2311","null","460026.00","488818.00",2,6,"Bot","null","null",,,455139,,"180825_215938","-4.7600","-119.7592","-2.5181","-5.2637","23.1375","-42.4520","3.4114","1.6037","null","null","null","81.5640","2430","5.7900",531355,519043,455139,608597,596059,595777,462101,425783,624636,608577,"54.7077","null","null","null","null","null","null","null",47,"3","Knuckle Curve",4,0,4,0,0,4,4,0,"Standard","Standard"
"FF","2018-08-25","93.4","1.6080","6.0948","Matt Moore",621453,519043,"null","called_strike",,,,,"13","null","R","L","L","SF","TEX","S","null","null",0,0,2018,"0.6022","1.2747","-1.0791","1.9828","null","460026.00","488818.00",2,6,"Bot","null","null",,,455139,,"180825_215846","-8.2467","-135.6750","-7.6616","9.1660","27.6220","-14.9643","3.4891","1.6541","null","null","null","93.6880","2253","6.3970",531355,519043,455139,608597,596059,595777,462101,425783,624636,608577,"54.1001","null","null","null","null","null","null","null",47,"1","4-Seam Fastball",4,0,4,0,0,4,4,0,"Standard","Standard"
"FF","2018-08-25","93.8","1.5881","6.1670","Matt Moore",488818,519043,"walk","ball",,,,,"13","Chase d'Arnaud walks.  ","R","R","L","SF","TEX","B","null","null",3,2,2018,"0.7309","1.4039","-1.4045","1.4335","null","460026.00","null",2,6,"Bot","null","null",,,455139,,"180825_215804","-9.2308","-135.8687","-9.4096","10.9800","30.3232","-13.1798","3.0739","1.5229","null","null","null","92.7620","2316","5.9670",531355,519043,455139,608597,596059,595777,462101,425783,624636,608577,"54.5304","null","null","0.70",1,0,0,"null",46,"7","4-Seam Fastball",4,0,4,0,0,4,4,0,"Standard","Standard"
"FF","2018-08-25","92.7","1.8610","6.1344","Matt Moore",488818,519043,"null","ball",,,,,"6","null","R","R","L","SF","TEX","B","null","null",1,2,2018,"0.7408","1.4197","0.7877","2.4164","null","460026.00","null",2,6,"Bot","null","null",,,455139,,"180825_215703","-4.3288","-134.8808","-6.7871","9.8884","27.4601","-13.7425","3.2039","1.5798","null","null","null","92.6300","2322","6.1070",531355,519043,455139,608597,596059,595777,462101,425783,624636,608577,"54.3903","null","null","null","null","null","null","null",46,"5","4-Seam Fastball",4,0,4,0,0,4,4,0,"Standard","Standard"
"FF","2018-08-25","93.5","1.6547","6.1411","Matt Moore",488818,519043,"null","called_strike",,,,,"5","null","R","R","L","SF","TEX","S","null","null",1,1,2018,"0.7555","1.5356","-0.0481","2.3829","null","null","460026.00",2,6,"Bot","null","null",,,455139,,"180825_215418","-5.9673","-135.8342","-7.1666","10.5233","30.5634","-12.1473","3.3336","1.5798","null","null","null","92.5530","2231","5.8750",531355,519043,455139,608597,596059,595777,462101,425783,624636,608577,"54.6224","null","null","null","null","null","null","null",46,"3","4-Seam Fastball",4,0,4,0,0,4,4,0,"Standard","Standard"
"CH","2018-08-25","82.6","1.4261","6.1476","Matt Moore",488818,519043,"null","called_strike",,,,,"5","null","R","R","L","SF","TEX","S","null","null",1,0,2018,"1.1608","0.3098","-0.2177","2.2751","null","null","460026.00",2,6,"Bot","null","null",,,455139,,"180825_215349","-5.9141","-120.1289","-2.9313","12.1825","21.3484","-28.9001","3.4114","1.5798","null","null","null","82.2580","1750","5.9040",531355,519043,455139,608597,596059,595777,462101,425783,624636,608577,"54.5937","null","null","null","null","null","null","null",46,"2","Changeup",4,0,4,0,0,4,4,0,"Standard","Standard"
"KC","2018-08-25","82.1","1.5769","6.1959","Matt Moore",488818,519043,"null","ball",,,,,"7","null","R","R","L","SF","TEX","B","null","null",0,0,2018,"-0.4531","-0.6958","-0.4551","1.6011","null","null","460026.00",2,6,"Bot","null","null",,,455139,,"180825_215325","-3.6952","-119.3552","-2.5108","-3.5144","22.8701","-38.4278","3.2817","1.5798","null","null","null","81.0430","2346","5.6100",531355,519043,455139,608597,596059,595777,462101,425783,624636,608577,"54.8879","null","null","null","null","null","null","null",46,"1","Knuckle Curve",4,0,4,0,0,4,4,0,"Standard","Standard"
"CH","2018-08-25","84.8","1.5875","6.1912","Matt Moore",596103,519043,"null","called_strike",,,,,"5","null","R","R","L","SF","TEX","S","null","null",0,1,2018,"1.2933","0.1819","-0.2042","2.6392","null","null","460026.00",0,6,"Bot","null","null",,,455139,,"180825_215126","-6.7141","-123.2961","-2.3128","14.3996","24.3402","-30.1050","3.3855","1.6037","null","null","null","84.4430","1794","6.0840",531355,519043,455139,608597,596059,595777,462101,425783,624636,608577,"54.4139","null","null","null","null","null","null","null",44,"2","Changeup",4,0,4,0,0,4,4,0,"Standard","Standard"
"FF","2018-08-25","93.5","1.7776","6.0706","Matt Moore",596103,519043,"null","called_strike",,,,,"11","null","R","R","L","SF","TEX","S","null","null",0,0,2018,"0.6847","1.5184","-0.9181","2.6849","null","null","460026.00",0,6,"Bot","null","null",,,455139,,"180825_215106","-8.3745","-135.8111","-6.2297","10.1763","29.0589","-12.4760","3.3855","1.6037","null","null","null","92.9360","2184","6.0010",531355,519043,455139,608597,596059,595777,462101,425783,624636,608577,"54.4965","null","null","null","null","null","null","null",44,"1","4-Seam Fastball",4,0,4,0,0,4,4,0,"Standard","Standard"
"FF","2018-08-25","92.8","1.7241","6.1514","Matt Moore",460026,519043,"walk","ball",,,,,"12","Nick Hundley walks.  ","R","R","L","SF","TEX","B","null","null",3,2,2018,"1.0884","1.0499","1.8476","3.6328","null","null","null",0,6,"Bot","null","null",,,455139,,"180825_215026","-2.0270","-135.1464","-2.9579","13.6742","27.5427","-18.9948","3.2817","1.5498","null","null","null","92.7200","2150","6.0500",531355,519043,455139,608597,596059,595777,462101,425783,624636,608577,"54.4471","null","null","0.70",1,0,0,"null",43,"6","4-Seam Fastball",4,0,4,0,0,4,4,0,"Standard","Standard"
"FF","2018-08-25","93.6","1.8528","6.0709","Matt Moore",460026,519043,"null","ball",,,,,"14","null","R","R","L","SF","TEX","B","null","null",2,1,2018,"0.9526","1.0528","0.2201","1.2977","null","null","null",0,6,"Bot","null","null",,,455139,,"180825_214944","-6.2930","-135.9374","-8.8783","13.1326","28.2076","-17.4665","3.2558","1.5498","null","null","null","93.6120","2216","6.2820",531355,519043,455139,608597,596059,595777,462101,425783,624636,608577,"54.2153","null","null","null","null","null","null","null",43,"4","4-Seam Fastball",4,0,4,0,0,4,4,0,"Standard","Standard"
"FF","2018-08-25","92.9","1.7706","6.1035","Matt Moore",460026,519043,"null","called_strike",,,,,"9","null","R","R","L","SF","TEX","S","null","null",2,0,2018,"1.1336","1.1210","0.6816","1.5725","null","null","null",0,6,"Bot","null","null",,,455139,,"180825_214922","-5.2052","-135.0097","-8.1757","14.8357","29.5185","-17.0742","3.2558","1.5498","null","null","null","92.3120","2251","6.0170",531355,519043,455139,608597,596059,595777,462101,425783,624636,608577,"54.4808","null","null","null","null","null","null","null",43,"3","4-Seam Fastball",4,0,4,0,0,4,4,0,"Standard","Standard"
"FF","2018-08-25","92.0","1.7841","6.1458","Matt Moore",460026,519043,"null","ball",,,,,"13","null","R","R","L","SF","TEX","B","null","null",1,0,2018,"1.0741","1.1062","-0.1668","0.8799","null","null","null",0,6,"Bot","null","null",,,455139,,"180825_214904","-7.1970","-133.3949","-9.7666","14.2562","29.0673","-17.2101","3.2817","1.5498","null","null","null","91.2750","2227","6.0770",531355,519043,455139,608597,596059,595777,462101,425783,624636,608577,"54.4201","null","null","null","null","null","null","null",43,"2","4-Seam Fastball",4,0,4,0,0,4,4,0,"Standard","Standard"
"FF","2018-08-25","92.5","1.8032","6.1057","Matt Moore",460026,519043,"null","ball",,,,,"13","null","R","R","L","SF","TEX","B","null","null",0,0,2018,"0.9049","1.2402","-1.1594","1.2934","null","null","null",0,6,"Bot","null","null",,,455139,,"180825_214850","-9.3810","-134.0615","-8.9877","12.7245","28.0479","-15.7744","3.2298","1.5498","null","null","null","91.5870","2340","5.8880",531355,519043,455139,608597,596059,595777,462101,425783,624636,608577,"54.6093","null","null","null","null","null","null","null",43,"1","4-Seam Fastball",4,0,4,0,0,4,4,0,"Standard","Standard"
"SL","2018-08-25","86.3","1.9335","6.5497","Andrew Suarez",596059,605498,"null","ball",,,,,"12","null","R","L","L","SF","TEX","B","null","null",0,0,2018,"-0.8355","0.2767","0.8486","2.8083","null","null","425783.00",1,6,"Top","null","null",,,460026,,"180825_214347","-0.9465","-125.6624","-3.2375","-8.3723","22.2091","-29.0195","3.3855","1.6016","null","null","null","84.8870","2010","5.0460",531355,605498,460026,474832,488818,446334,543063,596103,621453,457705,"55.4511","null","null","null","null","null","null","null",41,"1","Slider",4,0,0,4,0,4,0,4,"Infield shift","Standard"
"FF","2018-08-25","91.1","1.5923","6.4226","Andrew Suarez",425783,605498,"walk","ball",,,,,"13","Shin-Soo Choo walks.  ","R","L","L","SF","TEX","B","null","null",3,2,2018,"0.4469","1.2950","-0.8258","0.7457","null","null","null",1,6,"Top","null","null",,,460026,,"180825_214304","-6.8726","-132.0503","-10.8522","6.4622","26.0366","-15.4742","3.1259","1.5278","null","null","null","89.7640","1970","5.5170",531355,605498,460026,474832,488818,446334,543063,596103,621453,457705,"54.9807","null","null","0.70",1,0,0,"null",40,"7","4-Seam Fastball",4,0,0,4,0,4,0,4,"Standard","Standard"
"SL","2018-08-25","85.9","1.4872","6.5308","Andrew Suarez",425783,605498,"null","ball",,,,,"13","null","R","L","L","SF","TEX","B","null","null",2,2,2018,"-0.6352","-0.0803","-1.0142","1.3334","null","null","null",1,6,"Top","null","null",,,460026,,"180825_214226","-4.5706","-124.6633","-5.6859","-5.3098","26.2974","-32.0723","3.1519","1.5278","null","null","null","83.3660","2215","4.8710",531355,605498,460026,474832,488818,446334,543063,596103,621453,457705,"55.6267","null","null","null","null","null","null","null",40,"5","Slider",4,0,0,4,0,4,0,4,"Standard","Standard"
"SL","2018-08-25","87.5","1.5841","6.5317","Andrew Suarez",425783,605498,"null","called_strike",,,,,"5","null","R","L","L","SF","TEX","S","null","null",2,0,2018,"-0.4673","0.4587","0.2114","2.4375","null","null","null",1,6,"Top","null","null",,,460026,,"180825_214157","-2.3407","-127.2748","-4.6193","-4.4942","22.5375","-26.7788","3.1519","1.5278","null","null","null","86.0620","1985","5.0820",531355,605498,460026,474832,488818,446334,543063,596103,621453,457705,"55.4152","null","null","null","null","null","null","null",40,"3","Slider",4,0,0,4,0,4,0,4,"Standard","Standard"
"FF","2018-08-25","90.8","1.3920","6.5591","Andrew Suarez",425783,605498,"null","ball",,,,,"12","null","R","L","L","SF","TEX","B","null","null",1,0,2018,"0.9610","1.4885","0.9710","4.1831","null","null","null",1,6,"Top","null","null",,,460026,,"180825_214121","-2.9361","-131.9415","-2.9573","11.3430","29.4623","-15.2565","3.2298","1.5278","null","null","null","88.4740","1936","5.0260",531355,605498,460026,474832,488818,446334,543063,596103,621453,457705,"55.4715","null","null","null","null","null","null","null",40,"2","4-Seam Fastball",4,0,0,4,0,4,0,4,"Standard","Standard"
"FF","2018-08-25","91.6","1.4193","6.5675","Andrew Suarez",425783,605498,"null","ball",,,,,"13","null","R","L","L","SF","TEX","B","null","null",0,0,2018,"1.0135","1.1882","-0.5393","1.2225","null","null","null",1,6,"Top","null","null",,,460026,,"180825_214104","-6.8678","-132.7835","-9.8380","12.9606","27.0428","-16.8758","3.2039","1.5754","null","null","null","89.6580","2028","5.1960",531355,605498,460026,474832,488818,446334,543063,596103,621453,457705,"55.3011","null","null","null","null","null","null","null",40,"1","4-Seam Fastball",4,0,0,4,0,4,0,4,"Standard","Standard"
"FF","2018-08-25","90.9","1.5404","6.5461","Andrew Suarez",592685,605498,"null","called_strike",,,,,"7","null","R","L","L","SF","TEX","S","null","null",2,0,2018,"0.7972","1.3940","-0.3897","2.1631","null","null","null",0,6,"Top","null","null",,,460026,,"180825_213957","-6.2901","-131.8786","-7.7507","10.1480","24.6938","-15.2858","3.3860","1.7072","null","null","null","89.0590","2023","5.0470",531355,605498,460026,474832,488818,446334,543063,596103,621453,457705,"55.4499","null","null","null","null","null","null","null",39,"3","4-Seam Fastball",4,0,0,4,0,4,0,4,"Standard","Standard"
"SL","2018-08-25","87.8","1.4107","6.5643","Andrew Suarez",592685,605498,"null","ball",,,,,"13","null","R","L","L","SF","TEX","B","null","null",1,0,2018,"-0.3919","0.5259","-1.7532","2.5193","null","null","null",0,6,"Top","null","null",,,460026,,"180825_213944","-6.7234","-127.6405","-4.6978","-3.0098","21.5948","-26.0452","3.5155","1.8383","null","null","null","86.3930","2239","5.0480",531355,605498,460026,474832,488818,446334,543063,596103,621453,457705,"55.4499","null","null","null","null","null","null","null",39,"2","Slider",4,0,0,4,0,4,0,4,"Standard","Standard"
"SL","2018-08-25","86.6","1.7103","6.5399","Andrew Suarez",592685,605498,"null","ball",,,,,"13","null","R","L","L","SF","TEX","B","null","null",0,0,2018,"-0.2812","0.7014","-0.5304","0.7241","null","null","null",0,6,"Top","null","null",,,460026,,"180825_213927","-4.6799","-125.8290","-8.9167","-2.1436","20.0064","-23.7777","3.6449","1.8645","null","null","null","85.1180","2271","4.9320",531355,605498,460026,474832,488818,446334,543063,596103,621453,457705,"55.5657","null","null","null","null","null","null","null",39,"1","Slider",4,0,0,4,0,4,0,4,"Standard","Standard"
"FF","2018-08-25","95.3","1.9478","5.4455","Martin Perez",446334,527048,"null","ball",,,,,"11","null","R","R","L","SF","TEX","B","null","null",1,1,2018,"0.6044","1.3279","-1.7102","2.9181","null","null","null",2,5,"Bot","null","null",,,455139,,"180825_213631","-10.7897","-138.2501","-3.8578","9.9126","29.4565","-14.8586","3.5414","1.7858","null","null","null","94.2520","2234","5.7460",531355,527048,455139,608597,596059,595777,462101,425783,624636,608577,"54.7518","null","null","null","null","null","null","null",38,"3","4-Seam Fastball",4,0,4,0,0,4,4,0,"Standard","Standard"
"FT","2018-08-25","94.5","2.2109","5.4951","Martin Perez",446334,527048,"null","called_strike",,,,,"14","null","R","R","L","SF","TEX","S","null","null",1,0,2018,"1.1795","0.9120","0.9439","2.2017","null","null","null",2,5,"Bot","null","null",,,455139,,"180825_213616","-5.9065","-137.4292","-4.9197","16.1919","29.4787","-19.7918","3.5673","1.7072","null","null","null","94.4970","2108","6.2460",531355,527048,455139,608597,596059,595777,462101,425783,624636,608577,"54.2509","null","null","null","null","null","null","null",38,"2","2-Seam Fastball",4,0,4,0,0,4,4,0,"Standard","Standard"
"FF","2018-08-25","95.9","2.0234","5.5425","Martin Perez",446334,527048,"null","ball",,,,,"11","null","R","R","L","SF","TEX","B","null","null",0,0,2018,"0.5294","1.3314","-1.1789","3.3484","null","null","null",2,5,"Bot","null","null",,,455139,,"180825_213601","-9.4974","-139.2818","-3.0726","8.8529","31.1533","-14.8157","3.5932","1.6022","null","null","null","94.6490","2237","5.6550",531355,527048,455139,608597,596059,595777,462101,425783,624636,608577,"54.8425","null","null","null","null","null","null","null",38,"1","4-Seam Fastball",4,0,4,0,0,4,4,0,"Standard","Standard"
"FF","2018-08-25","95.4","1.9702","5.3721","Martin Perez",474832,527048,"null","ball",,,,,"13","null","R","L","L","SF","TEX","B","null","null",2,2,2018,"0.7322","1.1359","-1.1755","1.8734","null","null","null",1,5,"Bot","null","null",,,455139,,"180825_213507","-9.8327","-138.4755","-6.0121","11.5637","31.8403","-16.5958","3.1525","1.5760","null","null","null","94.6560","2060","6.0590",531355,527048,455139,608597,596059,595777,462101,425783,624636,608577,"54.4386","null","null","null","null","null","null","null",37,"6","4-Seam Fastball",4,0,4,0,0,4,4,0,"Infield shift","Standard"
"FT","2018-08-25","95.9","2.2960","5.4555","Martin Perez",474832,527048,"null","ball",,,,,"12","null","R","L","L","SF","TEX","B","null","null",1,2,2018,"2.1976","2.6710","2.1150","4.0892","null","null","null",1,5,"Bot","null","null",,,455139,,"180825_213447","-5.2881","-139.2688","-3.7822","29.0833","36.1846","2.2053","3.1784","1.6547","null","null","null","94.2280","2002","5.7780",531355,527048,455139,608597,596059,595777,462101,425783,624636,608577,"54.7192","null","null","null","null","null","null","null",37,"5","2-Seam Fastball",4,0,4,0,0,4,4,0,"Infield shift","Standard"
"FT","2018-08-25","94.1","2.2044","5.5060","Martin Perez",474832,527048,"null","ball",,,,,"12","null","R","L","L","SF","TEX","B","null","null",0,2,2018,"1.3312","0.9557","1.5234","2.7943","null","null","null",1,5,"Bot","null","null",,,455139,,"180825_213402","-4.6424","-136.8861","-3.3782","17.5221","30.8028","-19.8248","3.1525","1.5497","null","null","null","93.4210","2082","5.9480",531355,527048,455139,608597,596059,595777,462101,425783,624636,608577,"54.5498","null","null","null","null","null","null","null",37,"3","2-Seam Fastball",4,0,4,0,0,4,4,0,"Infield shift","Standard"
"FT","2018-08-25","93.1","2.3139","5.4597","Martin Perez",457705,527048,"null","called_strike",,,,,"9","null","R","R","L","SF","TEX","S","null","null",3,0,2018,"1.2820","0.8037","0.7686","1.9934","null","null","null",0,5,"Bot","null","null",,,455139,,"180825_213214","-6.6326","-135.4039","-4.8342","16.8504","27.2052","-21.7016","3.2044","1.5284","null","null","null","92.4010","1997","5.7200",531355,527048,455139,608597,596059,595777,462101,425783,624636,608577,"54.7774","null","null","null","null","null","null","null",36,"4","2-Seam Fastball",4,0,4,0,0,4,4,0,"Infield shift","Standard"
"CH","2018-08-25","84.4","2.2504","5.6257","Martin Perez",457705,527048,"null","ball",,,,,"12","null","R","R","L","SF","TEX","B","null","null",2,0,2018,"0.9286","0.7383","1.8497","3.3243","null","null","null",0,5,"Bot","null","null",,,455139,,"180825_213158","-2.7651","-122.9844","-0.5627","9.9514","20.4152","-24.7194","3.3342","1.5760","null","null","null","84.9680","1699","6.2190",531355,527048,455139,608597,596059,595777,462101,425783,624636,608577,"54.2785","null","null","null","null","null","null","null",36,"3","Changeup",4,0,4,0,0,4,4,0,"Infield shift","Standard"
"CU","2018-08-25","78.6","2.2961","5.5581","Martin Perez",457705,527048,"null","ball",,,,,"13","null","R","R","L","SF","TEX","B","null","null",1,0,2018,"-0.3586","-0.5966","-0.7712","-0.0852","null","null","null",0,5,"Bot","null","null",,,455139,,"180825_213137","-5.9158","-114.2346","-4.3228","-2.1120","18.7380","-36.8186","3.3860","1.5234","null","null","null","77.8660","2683","5.5910",531355,527048,455139,608597,596059,595777,462101,425783,624636,608577,"54.9066","null","null","null","null","null","null","null",36,"2","Curveball",4,0,4,0,0,4,4,0,"Infield shift","Standard"
"CU","2018-08-25","78.7","2.3297","5.6809","Martin Perez",457705,527048,"null","ball",,,,,"14","null","R","R","L","SF","TEX","B","null","null",0,0,2018,"-0.6902","-0.5727","0.8428","1.7480","null","null","null",0,5,"Bot","null","null",,,455139,,"180825_213124","-1.9634","-114.6433","-0.7795","-5.6078","18.6601","-37.2004","3.3601","1.5497","null","null","null","77.8190","2624","5.3360",531355,527048,455139,608597,596059,595777,462101,425783,624636,608577,"55.1616","null","null","null","null","null","null","null",36,"1","Curveball",4,0,4,0,0,4,4,0,"Strategic","Standard"
"CU","2018-08-25","74.0","1.7838","6.4849","Andrew Suarez",624636,605498,"null","ball",,,,,"14","null","R","R","L","SF","TEX","B","null","null",0,1,2018,"-1.0128","-1.3084","1.5448","2.2506","null","null","608597.00",1,5,"Top","null","null",,,460026,,"180825_212705","1.1227","-107.4713","0.7536","-7.5600","19.3457","-42.1340","3.1784","1.4709","null","null","null","71.4810","2288","4.5380",531355,605498,460026,474832,488818,446334,543063,596103,621453,457705,"55.9597","null","null","null","null","null","null","null",35,"2","Curveball",4,0,0,4,0,4,0,4,"Standard","Standard"
"SL","2018-08-25","87.1","1.9063","6.5885","Andrew Suarez",608597,605498,"null","called_strike",,,,,"5","null","R","L","L","SF","TEX","S","null","null",0,0,2018,"-0.2908","0.6584","0.2527","2.4737","null","null","455139.00",0,5,"Top","null","null",,,460026,,"180825_212547","-3.3224","-126.7634","-4.9903","-2.4696","21.2524","-24.7207","3.5932","1.7596","null","null","null","85.6670","2144","4.9570",531355,605498,460026,474832,488818,446334,543063,596103,621453,457705,"55.5407","null","null","null","null","null","null","null",34,"1","Slider",4,0,0,4,0,4,0,4,"Standard","Standard"
"FF","2018-08-25","91.3","1.7820","6.5020","Andrew Suarez",455139,605498,"walk","ball",,,,,"11","Robinson Chirinos walks.  ","R","R","L","SF","TEX","B","null","null",3,0,2018,"0.6248","1.2966","-1.8926","2.5954","null","null","null",0,5,"Top","null","null",,,460026,,"180825_212520","-10.2399","-132.2927","-6.4385","9.0427","25.5906","-16.5274","2.8403","1.2868","null","null","null","89.2530","1900","5.0520",531355,605498,460026,474832,488818,446334,543063,596103,621453,457705,"55.4459","null","null","0.70",1,0,0,"null",33,"4","4-Seam Fastball",4,0,0,4,0,4,0,4,"Infield shift","Standard"
"FF","2018-08-25","90.5","1.8144","6.4929","Andrew Suarez",455139,605498,"null","ball",,,,,"13","null","R","R","L","SF","TEX","B","null","null",2,0,2018,"0.8466","1.1557","-1.1230","1.4637","null","null","null",0,5,"Top","null","null",,,460026,,"180825_212457","-8.8021","-131.0736","-8.6854","11.1793","27.2141","-17.8803","2.8408","1.4189","null","null","null","88.2050","1962","5.0760",531355,605498,460026,474832,488818,446334,543063,596103,621453,457705,"55.4218","null","null","null","null","null","null","null",33,"3","4-Seam Fastball",4,0,0,4,0,4,0,4,"Infield shift","Standard"
"FF","2018-08-25","90.8","1.4759","6.5410","Andrew Suarez",455139,605498,"null","ball",,,,,"12","null","R","R","L","SF","TEX","B","null","null",1,0,2018,"0.9049","1.3079","0.8262","3.1996","null","null","null",0,5,"Top","null","null",,,460026,,"180825_212442","-3.3922","-131.9539","-5.0115","10.8525","27.3418","-16.7363","2.9190","1.3926","null","null","null","88.8890","2100","5.1150",531355,605498,460026,474832,488818,446334,543063,596103,621453,457705,"55.3828","null","null","null","null","null","null","null",33,"2","4-Seam Fastball",4,0,0,4,0,4,0,4,"Infield shift","Standard"
"CU","2018-08-25","74.0","1.6589","6.6183","Andrew Suarez",455139,605498,"null","ball",,,,,"12","null","R","R","L","SF","TEX","B","null","null",0,0,2018,"-1.0822","-0.9614","0.5765","3.6080","null","null","null",0,5,"Top","null","null",,,460026,,"180825_212430","-0.4389","-107.3933","2.6024","-7.7333","19.1983","-39.9054","2.9450","1.4452","null","null","null","71.2460","2587","4.3760",531355,605498,460026,474832,488818,446334,543063,596103,621453,457705,"56.1217","null","null","null","null","null","null","null",33,"1","Curveball",4,0,0,4,0,4,0,4,"Infield shift","Standard"
"CU","2018-08-25","80.5","2.3212","5.5776","Martin Perez",621453,527048,"null","ball",,,,,"14","null","R","L","L","SF","TEX","B","null","null",0,0,2018,"-0.5450","-0.4925","0.1814","1.0799","null","null","null",2,4,"Bot","null","null",,,455139,,"180825_212034","-3.6986","-117.2078","-2.4843","-4.3471","18.7860","-36.4571","3.4812","1.7078","null","null","null","79.9730","2581","5.5540",531355,527048,455139,608597,596059,595777,462101,425783,624636,608577,"54.9434","null","null","null","null","null","null","null",31,"1","Curveball",4,0,4,0,0,4,4,0,"Standard","Standard"
"FT","2018-08-25","94.0","2.2284","5.4506","Martin Perez",488818,527048,"null","called_strike",,,,,"6","null","R","R","L","SF","TEX","S","null","null",3,1,2018,"1.0846","0.7270","0.6116","2.6221","null","null","null",1,4,"Bot","null","null",,,455139,,"180825_211934","-6.5022","-136.7820","-3.2413","14.7911","26.5542","-22.6850","3.3088","1.5503","null","null","null","93.8270","1953","5.9190",531355,527048,455139,608597,596059,595777,462101,425783,624636,608577,"54.5779","null","null","null","null","null","null","null",30,"5","2-Seam Fastball",4,0,4,0,0,4,4,0,"Standard","Standard"
"FT","2018-08-25","94.2","2.1813","5.5251","Martin Perez",488818,527048,"null","ball",,,,,"12","null","R","R","L","SF","TEX","B","null","null",2,1,2018,"1.2509","0.8097","0.9049","3.8370","null","null","null",1,4,"Bot","null","null",,,455139,,"180825_211909","-5.9201","-137.1511","-0.5215","16.6293","25.0397","-22.2249","3.2828","1.5809","null","null","null","93.6590","2058","5.5510",531355,527048,455139,608597,596059,595777,462101,425783,624636,608577,"54.9462","null","null","null","null","null","null","null",30,"4","2-Seam Fastball",4,0,4,0,0,4,4,0,"Standard","Standard"
"CH","2018-08-25","84.9","2.3017","5.5813","Martin Perez",488818,527048,"null","ball",,,,,"12","null","R","R","L","SF","TEX","B","null","null",1,1,2018,"1.3610","0.9579","1.7551","2.5335","null","null","null",1,4,"Bot","null","null",,,455139,,"180825_211848","-3.9752","-123.6428","-2.7427","14.6735","23.4936","-22.0705","3.2828","1.5240","null","null","null","84.9490","1785","6.1690",531355,527048,455139,608597,596059,595777,462101,425783,624636,608577,"54.3285","null","null","null","null","null","null","null",30,"3","Changeup",4,0,4,0,0,4,4,0,"Standard","Standard"
"CU","2018-08-25","80.8","2.2893","5.5463","Martin Perez",488818,527048,"null","ball",,,,,"14","null","R","R","L","SF","TEX","B","null","null",0,1,2018,"-0.4188","-0.5002","0.2769","-0.1330","null","null","null",1,4,"Bot","null","null",,,455139,,"180825_211827","-3.6587","-117.5943","-5.0928","-3.1945","19.7165","-36.0956","3.3606","1.5809","null","null","null","80.0860","2706","5.5280",531355,527048,455139,608597,596059,595777,462101,425783,624636,608577,"54.9693","null","null","null","null","null","null","null",30,"2","Curveball",4,0,4,0,0,4,4,0,"Standard","Standard"
"CH","2018-08-25","84.8","2.3757","5.6951","Martin Perez",488818,527048,"null","called_strike",,,,,"6","null","R","R","L","SF","TEX","S","null","null",0,0,2018,"1.1008","0.8060","0.8004","2.1480","null","null","null",1,4,"Bot","null","null",,,455139,,"180825_211810","-5.7537","-123.3895","-3.5707","12.0810","21.1750","-23.6537","3.3606","1.5503","null","null","null","84.3270","1703","5.6750",531355,527048,455139,608597,596059,595777,462101,425783,624636,608577,"54.8221","null","null","null","null","null","null","null",30,"1","Changeup",4,0,4,0,0,4,4,0,"Standard","Standard"
"FF","2018-08-25","92.3","2.4432","5.5735","Martin Perez",543063,527048,"null","ball",,,,,"13","null","R","L","L","SF","TEX","B","null","null",1,0,2018,"0.8752","1.4590","-0.3661","1.0274","null","null","null",0,4,"Bot","null","null",,,455139,,"180825_211720","-8.9526","-133.9011","-8.7809","12.3226","28.5212","-13.1680","3.4643","1.7340","null","null","null","91.6220","2244","6.0180",531355,527048,455139,608597,596059,595777,462101,425783,624636,608577,"54.4796","null","null","null","null","null","null","null",29,"2","4-Seam Fastball",4,0,4,0,0,4,4,0,"Standard","Standard"
"FF","2018-08-25","92.8","2.3013","5.7880","Martin Perez",543063,527048,"null","ball",,,,,"13","null","R","L","L","SF","TEX","B","null","null",0,0,2018,"0.7822","1.2882","-1.3410","2.0180","null","null","null",0,4,"Bot","null","null",,,455139,,"180825_211704","-10.7458","-134.5566","-6.4722","11.3288","25.6868","-15.8904","3.4812","1.6049","null","null","null","91.4620","2090","5.4110",531355,527048,455139,608597,596059,595777,462101,425783,624636,608577,"55.0861","null","null","null","null","null","null","null",29,"1","4-Seam Fastball",4,0,4,0,0,4,4,0,"Standard","Standard"
"FF","2018-08-25","91.5","1.8935","6.4851","Andrew Suarez",595777,605498,"null","ball",,,,,"12","null","R","R","L","SF","TEX","B","null","null",0,2,2018,"0.5938","1.2783","0.9192","3.4862","null","596059.00","462101.00",2,4,"Top","null","null",,,460026,,"180825_211233","-3.6279","-133.2278","-4.3794","7.5711","23.9440","-16.7125","3.2309","1.5509","null","null","null","90.6690","1875","5.3850",531355,605498,460026,474832,488818,446334,543063,596103,621453,457705,"55.1128","null","null","null","null","null","null","null",28,"3","4-Seam Fastball",4,0,0,4,0,4,0,4,"Standard","Standard"
"CH","2018-08-25","86.3","2.1467","6.3243","Andrew Suarez",595777,605498,"null","called_strike",,,,,"4","null","R","R","L","SF","TEX","S","null","null",0,0,2018,"0.8526","0.6074","-0.6905","2.2995","null","596059.00","462101.00",2,4,"Top","null","null",,,460026,,"180825_211135","-8.2391","-125.4312","-4.5461","10.1451","20.7242","-25.3861","3.1010","1.4715","null","null","null","85.2570","1540","5.2720",531355,605498,460026,474832,488818,446334,543063,596103,621453,457705,"55.2249","null","null","null","null","null","null","null",28,"1","Changeup",4,0,0,4,0,4,0,4,"Standard","Standard"
"SL","2018-08-25","87.1","1.8167","6.5696","Andrew Suarez",608577,605498,"strikeout","called_strike",,,,,"5","Nomar Mazara called out on strikes.  ","R","L","L","SF","TEX","S",2,"null",3,2,2018,"-0.4118","0.6290","0.0265","2.6965","null","596059.00","462101.00",1,4,"Top","null","null",,,460026,,"180825_211055","-3.4119","-126.7102","-4.3775","-3.7397","20.4077","-25.1445","3.4384","1.8126","null","null","null","85.7100","2166","4.9390",531355,605498,460026,474832,488818,446334,543063,596103,621453,457705,"55.5580","null","null","0.00",1,0,0,"null",27,"7","Slider",4,0,0,4,0,4,0,4,"Standard","Standard"
"FF","2018-08-25","90.8","1.9382","6.5716","Andrew Suarez",608577,605498,"null","ball",,,,,"12","null","R","L","L","SF","TEX","B","null","null",1,0,2018,"1.1346","1.0156","1.7792","3.6761","null","596059.00","462101.00",1,4,"Top","null","null",,,460026,,"180825_210754","-2.6586","-132.0320","-3.3393","13.3020","28.0817","-20.3381","3.4384","1.7078","null","null","null","88.9180","1968","5.1560",531355,605498,460026,474832,488818,446334,543063,596103,621453,457705,"55.3411","null","null","null","null","null","null","null",27,"2","4-Seam Fastball",4,0,0,4,0,4,0,4,"Standard","Standard"
"SL","2018-08-25","87.0","1.8970","6.5512","Andrew Suarez",608577,605498,"null","ball",,,,,"14","null","R","L","L","SF","TEX","B","null","null",0,0,2018,"-0.5066","0.2917","1.5650","2.0724","null","596059.00","462101.00",1,4,"Top","null","null",,,460026,,"180825_210732","0.1898","-126.5894","-5.1167","-5.3087","22.5126","-28.4674","3.4384","1.6815","null","null","null","85.6860","2117","5.1580",531355,605498,460026,474832,488818,446334,543063,596103,621453,457705,"55.3395","null","null","null","null","null","null","null",27,"1","Slider",4,0,0,4,0,4,0,4,"Standard","Standard"
"SL","2018-08-25","88.6","2.1138","6.4747","Andrew Suarez",462101,605498,"walk","ball",,,,,"12","Elvis Andrus walks.   Rougned Odor to 2nd.  ","R","R","L","SF","TEX","B","null","null",3,1,2018,"-0.2663","0.7492","1.0399","3.0019","null","null","596059.00",1,4,"Top","null","null",,,460026,,"180825_210646","-2.0466","-128.7852","-3.8340","-2.4241","26.8935","-23.6253","3.2050","1.3926","null","null","null","86.8390","2095","5.2410",531355,605498,460026,474832,488818,446334,543063,596103,621453,457705,"55.2565","null","null","0.70",1,0,0,"null",26,"5","Slider",4,0,0,4,0,4,0,4,"Standard","Standard"
"FF","2018-08-25","91.6","2.1899","6.4669","Andrew Suarez",462101,605498,"null","ball",,,,,"12","null","R","R","L","SF","TEX","B","null","null",2,1,2018,"1.1401","0.9392","1.8278","3.9800","null","null","596059.00",1,4,"Top","null","null",,,"null",,"180825_211815","-3.1718","-133.2774","-2.3413","13.6751","26.3793","-21.2234","3.1530","1.4715","null","null","null","null","1941","5.0099",531355,"null","null","null","null","null","null","null","null","null","55.4880","null","null","null","null","null","null","null",26,"4","4-Seam Fastball",4,0,0,4,0,4,0,4,"null","null"
"SL","2018-08-25","87.7","2.1029","6.5148","Andrew Suarez",462101,605498,"null","called_strike",,,,,"3","null","R","R","L","SF","TEX","S","null","null",2,0,2018,"-0.2642","0.5574","0.4907","2.5709","null","null","596059.00",1,4,"Top","null","null",,,460026,,"180825_210553","-3.3072","-127.6824","-4.5270","-2.2346","21.9632","-25.7113","3.0751","1.3663","null","null","null","86.5120","2111","5.1360",531355,605498,460026,474832,488818,446334,543063,596103,621453,457705,"55.3618","null","null","null","null","null","null","null",26,"3","Slider",4,0,0,4,0,4,0,4,"Standard","Standard"
"CH","2018-08-25","84.9","2.2625","6.3218","Andrew Suarez",462101,605498,"null","ball",,,,,"14","null","R","R","L","SF","TEX","B","null","null",1,0,2018,"1.3530","0.7554","1.1924","1.2058","null","null","596059.00",1,4,"Top","null","null",,,460026,,"180825_210532","-5.0516","-123.2408","-6.9784","14.4260","24.5032","-23.5469","2.9970","1.3663","null","null","null","83.6150","1723","5.5760",531355,605498,460026,474832,488818,446334,543063,596103,621453,457705,"54.9212","null","null","null","null","null","null","null",26,"2","Changeup",4,0,0,4,0,4,0,4,"Standard","Standard"
"CH","2018-08-25","85.9","2.4648","6.2655","Andrew Suarez",462101,605498,"null","ball",,,,,"14","null","R","R","L","SF","TEX","B","null","null",0,0,2018,"1.0493","0.9405","1.5585","1.5233","null","null","596059.00",1,4,"Top","null","null",,,460026,,"180825_210456","-4.1029","-124.8025","-6.7385","11.4020","21.8915","-21.6509","3.0230","1.3137","null","null","null","84.7320","1574","5.3270",531355,605498,460026,474832,488818,446334,543063,596103,621453,457705,"55.1700","null","null","null","null","null","null","null",26,"1","Changeup",4,0,0,4,0,4,0,4,"Standard","Standard"
"SL","2018-08-25","86.4","1.6701","6.5462","Andrew Suarez",425783,605498,"null","ball",,,,,"12","null","R","L","L","SF","TEX","B","null","null",0,1,2018,"-0.6335","0.0157","0.0943","4.5184","null","null","null",0,4,"Top","null","null",,,460026,,"180825_210258","-2.4688","-125.6554","1.2187","-5.9245","22.1631","-32.5008","3.2569","1.4977","null","null","null","84.0960","2379","4.5170",531355,605498,460026,474832,488818,446334,543063,596103,621453,457705,"55.9806","null","null","null","null","null","null","null",24,"2","Slider",4,0,0,4,0,4,0,4,"Standard","Standard"
"CH","2018-08-25","86.6","2.2669","5.5174","Martin Perez",596103,527048,"null","ball",,,,,"14","null","R","R","L","SF","TEX","B","null","null",1,2,2018,"0.9570","0.8356","1.4535","2.2289","null","null","null",2,3,"Bot","null","null",,,455139,,"180825_205955","-3.8323","-126.0648","-3.3837","10.8226","22.2807","-22.9240","3.3866","1.6049","null","null","null","86.5030","1711","5.9130",531355,527048,455139,608597,596059,595777,462101,425783,624636,608577,"54.5840","null","null","null","null","null","null","null",23,"4","Changeup",4,0,4,0,0,4,4,0,"Standard","Standard"
"CU","2018-08-25","78.7","2.2906","5.5579","Martin Perez",596103,527048,"null","ball",,,,,"3","null","R","R","L","SF","TEX","B","null","null",0,0,2018,"-0.2143","-0.7487","0.4146","3.4525","null","null","null",2,3,"Bot","null","null",,,455139,,"180825_205902","-3.6113","-114.3939","3.4630","-1.1995","19.5932","-39.3725","3.4384","1.6049","null","null","null","77.3220","2657","5.2050",531355,527048,455139,608597,596059,595777,462101,425783,624636,608577,"55.2926","null","null","null","null","null","null","null",23,"1","Curveball",4,0,4,0,0,4,4,0,"Standard","Standard"
"FF","2018-08-25","93.2","2.2145","5.6140","Martin Perez",460026,527048,"null","ball",,,,,"13","null","R","R","L","SF","TEX","B","null","null",1,1,2018,"0.5636","1.3079","-1.2148","2.2918","null","null","null",1,3,"Bot","null","null",,,455139,,"180825_205807","-9.8917","-135.2369","-5.5306","8.7746","26.6850","-15.4703","3.2569","1.5509","null","null","null","92.4180","2143","5.7650",531355,527048,455139,608597,596059,595777,462101,425783,624636,608577,"54.7327","null","null","null","null","null","null","null",22,"3","4-Seam Fastball",4,0,4,0,0,4,4,0,"Standard","Standard"
"FF","2018-08-25","94.3","2.2532","5.5843","Martin Perez",460026,527048,"null","ball",,,,,"13","null","R","R","L","SF","TEX","B","null","null",0,0,2018,"0.9181","1.2269","-0.3178","0.7783","null","null","null",1,3,"Bot","null","null",,,455139,,"180825_205732","-8.5677","-136.7897","-9.3359","13.1420","28.8282","-15.2902","3.3606","1.5509","null","null","null","93.3170","2260","5.7810",531355,527048,455139,608597,596059,595777,462101,425783,624636,608577,"54.7165","null","null","null","null","null","null","null",22,"1","4-Seam Fastball",4,0,4,0,0,4,4,0,"Standard","Standard"
"FF","2018-08-25","93.2","2.1876","5.6964","Martin Perez",446334,527048,"null","ball",,,,,"1","null","R","R","L","SF","TEX","B","null","null",1,1,2018,"0.6712","1.3757","-0.5074","3.5018","null","null","null",0,3,"Bot","null","null",,,455139,,"180825_205629","-8.2405","-135.4059","-2.7764","9.8199","28.7903","-15.2937","3.5937","1.7078","null","null","null","92.0510","2173","5.6270",531355,527048,455139,608597,596059,595777,462101,425783,624636,608577,"54.8700","null","null","null","null","null","null","null",21,"3","4-Seam Fastball",4,0,4,0,0,4,4,0,"Standard","Standard"
"FF","2018-08-25","92.6","2.1580","5.7081","Martin Perez",446334,527048,"null","ball",,,,,"11","null","R","R","L","SF","TEX","B","null","null",0,1,2018,"0.7207","1.4191","-0.2752","4.0113","null","null","null",0,3,"Bot","null","null",,,455139,,"180825_205614","-7.6088","-134.5307","-1.4910","10.1582","29.3886","-15.3794","3.5937","1.6553","null","null","null","91.1410","2166","5.5080",531355,527048,455139,608597,596059,595777,462101,425783,624636,608577,"54.9889","null","null","null","null","null","null","null",21,"2","4-Seam Fastball",4,0,4,0,0,4,4,0,"Standard","Standard"
"CU","2018-08-25","79.5","2.2753","5.7387","Martin Perez",446334,527048,"null","called_strike",,,,,"5","null","R","R","L","SF","TEX","S","null","null",0,0,2018,"-0.6127","-0.5636","0.0409","2.5582","null","null","null",0,3,"Bot","null","null",,,455139,,"180825_205602","-3.7205","-115.6563","0.7089","-4.6761","19.6932","-37.4303","3.5937","1.6291","null","null","null","78.1500","2655","5.1520",531355,527048,455139,608597,596059,595777,462101,425783,624636,608577,"55.3450","null","null","null","null","null","null","null",21,"1","Curveball",4,0,4,0,0,4,4,0,"Standard","Standard"
"FF","2018-08-25","91.7","1.7054","6.3758","Andrew Suarez",527048,605498,"strikeout","called_strike",,,,,"8","Martin Perez called out on strikes.  ","R","L","L","SF","TEX","S",2,"null",3,2,2018,"0.6496","1.2273","0.1200","1.8671","null","null","null",2,3,"Top","null","null",,,460026,,"180825_205330","-5.3036","-133.2539","-8.0895","8.6099","24.2198","-16.4695","3.5937","1.7340","null","null","null","91.1380","1936","5.6810",531355,605498,460026,474832,488818,446334,543063,596103,621453,457705,"54.8166","null","null","0.00",1,0,0,"null",20,"6","4-Seam Fastball",4,0,0,4,0,4,0,4,"Standard","Strategic"
"SL","2018-08-25","86.9","1.5850","6.5410","Andrew Suarez",527048,605498,"null","ball",,,,,"11","null","R","L","L","SF","TEX","B","null","null",2,2,2018,"-0.4297","0.2104","-1.0798","3.2783","null","null","null",2,3,"Top","null","null",,,460026,,"180825_205317","-5.3893","-126.2230","-2.0006","-3.3091","24.6531","-29.9321","3.5679","1.7864","null","null","null","84.5410","2091","4.7580",531355,605498,460026,474832,488818,446334,543063,596103,621453,457705,"55.7396","null","null","null","null","null","null","null",20,"5","Slider",4,0,0,4,0,4,0,4,"Standard","Strategic"
"FF","2018-08-25","92.4","1.6684","6.4153","Andrew Suarez",527048,605498,"null","called_strike",,,,,"4","null","R","L","L","SF","TEX","S","null","null",2,1,2018,"0.5606","1.5051","-0.3675","2.3974","null","null","null",2,3,"Top","null","null",,,460026,,"180825_205304","-6.2069","-134.0766","-7.3586","7.8463","29.2157","-13.4113","3.5420","1.6815","null","null","null","90.3260","1960","5.1950",531355,605498,460026,474832,488818,446334,543063,596103,621453,457705,"55.3021","null","null","null","null","null","null","null",20,"4","4-Seam Fastball",4,0,0,4,0,4,0,4,"Strategic","Strategic"
"FF","2018-08-25","91.4","1.6823","6.3620","Andrew Suarez",527048,605498,"null","called_strike",,,,,"7","null","R","L","L","SF","TEX","S","null","null",2,0,2018,"0.5171","1.5424","-0.5468","1.7791","null","null","null",2,3,"Top","null","null",,,460026,,"180825_205252","-6.5342","-132.5564","-8.6234","7.2799","28.6984","-13.0868","3.4902","1.6815","null","null","null","89.3800","1881","5.2560",531355,605498,460026,474832,488818,446334,543063,596103,621453,457705,"55.2412","null","null","null","null","null","null","null",20,"3","4-Seam Fastball",4,0,0,4,0,4,0,4,"Standard","Strategic"
"FF","2018-08-25","91.4","1.4789","6.4791","Andrew Suarez",527048,605498,"null","ball",,,,,"12","null","R","L","L","SF","TEX","B","null","null",1,0,2018,"1.2736","0.9958","1.3735","3.0882","null","null","null",2,3,"Top","null","null",,,460026,,"180825_205236","-2.8006","-132.8650","-4.6069","15.0190","27.6715","-20.2031","3.5420","1.8126","null","null","null","89.3470","1977","5.0130",531355,605498,460026,474832,488818,446334,543063,596103,621453,457705,"55.4848","null","null","null","null","null","null","null",20,"2","4-Seam Fastball",4,0,0,4,0,4,0,4,"Standard","Strategic"
"FF","2018-08-25","92.9","1.6670","6.4909","Andrew Suarez",527048,605498,"null","ball",,,,,"13","null","R","L","L","SF","TEX","B","null","null",0,0,2018,"0.5929","1.5649","-1.3337","1.6230","null","null","null",2,3,"Top","null","null",,,460026,,"180825_205224","-8.6412","-134.5561","-9.6057","8.6773","28.1655","-12.3150","3.6455","1.6815","null","null","null","90.3190","1974","4.8930",531355,605498,460026,474832,488818,446334,543063,596103,621453,457705,"55.6046","null","null","null","null","null","null","null",20,"1","4-Seam Fastball",4,0,0,4,0,4,0,4,"Standard","Strategic"
"FF","2018-08-25","92.4","1.6494","6.4795","Andrew Suarez",624636,605498,"null","ball",,,,,"11","null","R","R","L","SF","TEX","B","null","null",2,2,2018,"0.3430","1.4303","-1.0715","3.1000","null","null","null",1,3,"Top","null","null",,,460026,,"180825_205134","-7.5424","-134.2726","-5.7689","5.5567","26.5595","-14.3134","3.3088","1.5765","null","null","null","91.4250","2045","5.5810",531355,605498,460026,474832,488818,446334,543063,596103,621453,457705,"54.9164","null","null","null","null","null","null","null",19,"5","4-Seam Fastball",4,0,0,4,0,4,0,4,"Standard","Standard"
"FF","2018-08-25","92.7","1.4376","6.4780","Andrew Suarez",624636,605498,"null","ball",,,,,"13","null","R","R","L","SF","TEX","B","null","null",1,2,2018,"0.3942","1.4392","-1.2724","1.5408","null","null","null",1,3,"Top","null","null",,,460026,,"180825_205117","-7.5704","-134.3865","-9.6157","6.1393","26.9120","-13.6214","3.3347","1.5240","null","null","null","90.9170","1913","5.2460",531355,605498,460026,474832,488818,446334,543063,596103,621453,457705,"55.2518","null","null","null","null","null","null","null",19,"4","4-Seam Fastball",4,0,0,4,0,4,0,4,"Standard","Standard"
"SL","2018-08-25","85.5","1.7170","6.4966","Andrew Suarez",624636,605498,"null","ball",,,,,"13","null","R","R","L","SF","TEX","B","null","null",0,2,2018,"-0.4514","-0.0518","-0.6494","0.6134","null","null","null",1,3,"Top","null","null",,,460026,,"180825_205102","-4.5802","-124.1470","-7.3134","-3.6271","22.3460","-31.6352","3.2828","1.4452","null","null","null","83.3570","null","4.7640",531355,605498,460026,474832,488818,446334,543063,596103,621453,457705,"55.7333","null","null","null","null","null","null","null",19,"3","Slider",4,0,0,4,0,4,0,4,"Standard","Standard"
"FF","2018-08-25","92.9","1.5982","6.4845","Andrew Suarez",624636,605498,"null","called_strike",,,,,"8","null","R","R","L","SF","TEX","S","null","null",0,1,2018,"1.0475","1.3228","-0.1363","1.8454","null","null","null",1,3,"Top","null","null",,,460026,,"180825_205049","-6.4257","-134.7225","-8.5787","13.5348","28.6528","-15.2651","3.3606","1.6049","null","null","null","90.4440","2138","4.9330",531355,605498,460026,474832,488818,446334,543063,596103,621453,457705,"55.5648","null","null","null","null","null","null","null",19,"2","4-Seam Fastball",4,0,0,4,0,4,0,4,"Standard","Standard"
"FF","2018-08-25","92.9","1.7072","6.4987","Andrew Suarez",624636,605498,"null","called_strike",,,,,"5","null","R","R","L","SF","TEX","S","null","null",0,0,2018,"1.2660","1.2442","0.1761","2.1532","null","null","null",1,3,"Top","null","null",,,460026,,"180825_205038","-6.3156","-134.6346","-7.6422","15.9344","28.3050","-16.5000","3.2828","1.4715","null","null","null","90.1280","2156","4.7480",531355,605498,460026,474832,488818,446334,543063,596103,621453,457705,"55.7499","null","null","null","null","null","null","null",19,"1","4-Seam Fastball",4,0,0,4,0,4,0,4,"Standard","Standard"
"SL","2018-08-25","86.0","1.5283","6.4930","Andrew Suarez",608597,605498,"null","ball",,,,,"13","null","R","L","L","SF","TEX","B","null","null",0,2,2018,"-0.6051","0.1627","-2.5097","1.2446","null","null","null",0,3,"Top","null","null",,,460026,,"180825_204949","-8.1439","-124.7332","-6.3535","-4.6127","21.4909","-29.7211","3.6196","1.8388","null","null","null","83.6990","null","4.6360",531355,605498,460026,474832,488818,446334,543063,596103,621453,457705,"55.8613","null","null","null","null","null","null","null",18,"3","Slider",4,0,0,4,0,4,0,4,"Strategic","Standard"
"SL","2018-08-25","87.2","1.5593","6.5972","Andrew Suarez",608597,605498,"null","called_strike",,,,,"8","null","R","L","L","SF","TEX","S","null","null",0,0,2018,"-0.4250","0.4548","-0.0843","2.3076","null","null","null",0,3,"Top","null","null",,,460026,,"180825_204924","-3.0452","-126.8985","-5.0244","-3.9113","20.9688","-26.8564","3.5896","1.8656","null","null","null","85.5860","2233","4.8160",531355,605498,460026,474832,488818,446334,543063,596103,621453,457705,"55.6813","null","null","null","null","null","null","null",18,"1","Slider",4,0,0,4,0,4,0,4,"Strategic","Standard"
"CH","2018-08-25","85.0","2.3351","5.5996","Martin Perez",457705,527048,"null","ball",,,,,"14","null","R","R","L","SF","TEX","B","null","null",1,0,2018,"1.1035","0.9919","1.2870","1.9838","null","null","621453.00",1,2,"Bot","null","null",,,455139,,"180825_204413","-4.5877","-123.6583","-4.1115","12.0456","22.9717","-21.5718","3.4125","1.6028","null","null","null","84.5930","1857","5.8820",531355,527048,455139,608597,596059,595777,462101,425783,624636,608577,"54.6157","null","null","null","null","null","null","null",16,"2","Changeup",4,0,4,0,0,4,4,0,"Standard","Standard"
"FT","2018-08-25","92.8","2.2578","5.5941","Martin Perez",457705,527048,"null","ball",,,,,"14","null","R","R","L","SF","TEX","B","null","null",0,0,2018,"1.3529","0.7356","0.9241","2.0327","null","null","621453.00",1,2,"Bot","null","null",,,455139,,"180825_204351","-6.3036","-134.9646","-4.9436","17.7251","26.1249","-22.4468","3.4902","1.6028","null","null","null","92.7980","2015","6.0700",531355,527048,455139,608597,596059,595777,462101,425783,624636,608577,"54.4277","null","null","null","null","null","null","null",16,"1","2-Seam Fastball",4,0,4,0,0,4,4,0,"Standard","Standard"
"FT","2018-08-25","88.3","2.2737","5.8403","Martin Perez",605498,527048,"null","called_strike",,,,,"5","null","R","L","L","SF","TEX","S","null","null",1,0,2018,"1.1267","1.0291","0.0186","2.1404","null","null","621453.00",0,2,"Bot","null","null",,,455139,,"180825_204144","-7.6635","-128.2114","-4.9418","13.6894","25.4284","-20.3179","2.9450","1.5240","null","null","null","87.2690","1982","5.6640",531355,527048,455139,608597,596059,595777,462101,425783,624636,608577,"54.8330","null","null","null","null","null","null","null",15,"2","2-Seam Fastball",4,0,4,0,0,4,4,0,"Strategic","Standard"
"FF","2018-08-25","88.0","2.3259","5.9051","Martin Perez",605498,527048,"null","ball",,,,,"11","null","R","L","L","SF","TEX","B","null","null",0,0,2018,"0.5043","1.2570","-0.8128","3.5999","null","null","621453.00",0,2,"Bot","null","null",,,455139,,"180825_204124","-8.4587","-127.8055","-2.0057","6.9491","23.6269","-18.6162","2.9190","1.4715","null","null","null","86.7800","2092","5.3900",531355,527048,455139,608597,596059,595777,462101,425783,624636,608577,"55.1078","null","null","null","null","null","null","null",15,"1","4-Seam Fastball",4,0,4,0,0,4,4,0,"Strategic","Standard"
"FT","2018-08-25","91.3","2.4095","5.7964","Martin Perez",621453,527048,"null","ball",,,,,"14","null","R","L","L","SF","TEX","B","null","null",1,0,2018,"1.3228","0.8719","1.4881","1.5141","null","null","null",0,2,"Bot","null","null",,,455139,,"180825_204031","-5.0091","-132.7809","-6.6745","16.3142","25.7556","-20.9967","3.4902","1.7078","null","null","null","90.4470","1968","5.5880",531355,527048,455139,608597,596059,595777,462101,425783,624636,608577,"54.9098","null","null","null","null","null","null","null",14,"2","2-Seam Fastball",4,0,4,0,0,4,4,0,"Standard","Standard"
"FT","2018-08-25","90.6","2.3247","5.8224","Martin Perez",621453,527048,"null","ball",,,,,"9","null","R","L","L","SF","TEX","B","null","null",0,0,2018,"1.2303","1.0207","0.8257","2.1381","null","null","null",0,2,"Bot","null","null",,,455139,,"180825_204017","-6.1911","-131.7735","-5.3776","15.2056","24.2890","-19.7371","3.5161","1.7602","null","null","null","89.8020","2054","5.5290",531355,527048,455139,608597,596059,595777,462101,425783,624636,608577,"54.9689","null","null","null","null","null","null","null",14,"1","2-Seam Fastball",4,0,4,0,0,4,4,0,"Standard","Standard"
"FF","2018-08-25","93.5","1.3477","6.4960","Andrew Suarez",455139,605498,"null","ball",,,,,"13","null","R","R","L","SF","TEX","B","null","null",1,2,2018,"0.8264","1.1441","-2.0007","1.6917","null","null","null",2,2,"Top","null","null",,,460026,,"180825_203642","-10.1307","-135.3872","-8.8506","11.8560","26.6005","-17.0192","2.8929","1.3400","null","null","null","91.7440","2113","5.2840",531355,605498,460026,474832,488818,446334,543063,596103,621453,457705,"55.2134","null","null","null","null","null","null","null",13,"4","4-Seam Fastball",4,0,0,4,0,4,0,4,"Infield shift","Standard"
"FF","2018-08-25","93.3","1.3755","6.5255","Andrew Suarez",455139,605498,"null","ball",,,,,"11","null","R","R","L","SF","TEX","B","null","null",0,2,2018,"0.7358","1.4328","-1.3334","3.7872","null","null","null",2,2,"Top","null","null",,,460026,,"180825_203623","-8.2316","-135.2524","-4.1094","10.3479","29.0560","-14.8738","3.0230","1.4452","null","null","null","90.6020","2090","4.8230",531355,605498,460026,474832,488818,446334,543063,596103,621453,457705,"55.6748","null","null","null","null","null","null","null",13,"3","4-Seam Fastball",4,0,0,4,0,4,0,4,"Infield shift","Standard"
"SL","2018-08-25","87.3","1.4765","6.5194","Andrew Suarez",455139,605498,"null","called_strike",,,,,"5","null","R","R","L","SF","TEX","S","null","null",0,1,2018,"-0.3973","0.1407","-0.0703","2.2536","null","null","null",2,2,"Top","null","null",,,460026,,"180825_203607","-2.8704","-126.9121","-4.3423","-3.5960","22.7571","-30.1965","2.9710","1.4189","null","null","null","85.3900","2167","4.8310",531355,605498,460026,474832,488818,446334,543063,596103,621453,457705,"55.6669","null","null","null","null","null","null","null",13,"2","Slider",4,0,0,4,0,4,0,4,"Infield shift","Standard"
"FF","2018-08-25","92.5","1.3447","6.5114","Andrew Suarez",455139,605498,"null","called_strike",,,,,"5","null","R","R","L","SF","TEX","S","null","null",0,0,2018,"0.9961","1.2309","-0.2625","2.2376","null","null","null",2,2,"Top","null","null",,,460026,,"180825_203553","-6.0773","-134.2247","-7.5374","12.9595","27.7701","-16.4032","2.9970","1.4715","null","null","null","91.0010","1941","5.4350",531355,605498,460026,474832,488818,446334,543063,596103,621453,457705,"55.0620","null","null","null","null","null","null","null",13,"1","4-Seam Fastball",4,0,0,4,0,4,0,4,"Infield shift","Standard"
"SL","2018-08-25","87.5","1.5242","6.5138","Andrew Suarez",595777,605498,"null","ball",,,,,"13","null","R","R","L","SF","TEX","B","null","null",1,2,2018,"-0.2672","0.1243","-1.1649","0.6898","null","null","null",1,2,"Top","null","null",,,460026,,"180825_203431","-5.8177","-126.9964","-8.0068","-1.7421","22.9866","-29.6703","3.2309","1.5509","null","null","null","85.8740","2266","5.1280",531355,605498,460026,474832,488818,446334,543063,596103,621453,457705,"55.3690","null","null","null","null","null","null","null",12,"4","Slider",4,0,0,4,0,4,0,4,"Standard","Standard"
"FF","2018-08-25","92.6","1.7607","6.6347","Andrew Suarez",595777,605498,"null","called_strike",,,,,"2","null","R","R","L","SF","TEX","S","null","null",1,0,2018,"0.9393","1.0290","-0.2215","3.1488","null","null","null",1,2,"Top","null","null",,,460026,,"180825_203350","-6.7923","-134.3146","-5.0477","12.2786","29.0892","-19.5319","3.4384","1.5509","null","null","null","90.0010","2037","4.8730",531355,605498,460026,474832,488818,446334,543063,596103,621453,457705,"55.6242","null","null","null","null","null","null","null",12,"2","4-Seam Fastball",4,0,0,4,0,4,0,4,"Standard","Standard"
"CH","2018-08-25","86.3","1.8605","6.4764","Andrew Suarez",595777,605498,"null","ball",,,,,"14","null","R","R","L","SF","TEX","B","null","null",0,0,2018,"0.9742","0.8855","0.3474","1.2292","null","null","null",1,2,"Top","null","null",,,460026,,"180825_203333","-5.3841","-125.2789","-7.8311","10.9560","23.9894","-21.9089","3.4125","1.6028","null","null","null","84.7320","1686","5.2830",531355,605498,460026,474832,488818,446334,543063,596103,621453,457705,"55.2143","null","null","null","null","null","null","null",12,"1","Changeup",4,0,0,4,0,4,0,4,"Standard","Standard"
"SL","2018-08-25","86.3","1.4987","6.6271","Andrew Suarez",608577,605498,"null","ball",,,,,"13","null","R","L","L","SF","TEX","B","null","null",0,1,2018,"-0.5094","0.0506","-1.1471","1.5406","null","null","null",0,2,"Top","null","null",,,460026,,"180825_203240","-5.1662","-125.3636","-5.8211","-4.1015","24.5483","-30.8084","3.5420","1.7602","null","null","null","84.0730","2234","4.8500",531355,605498,460026,474832,488818,446334,543063,596103,621453,457705,"55.6473","null","null","null","null","null","null","null",11,"2","Slider",4,0,0,4,0,4,0,4,"Standard","Standard"
"FF","2018-08-25","90.9","1.5371","6.6248","Andrew Suarez",608577,605498,"null","called_strike",,,,,"9","null","R","L","L","SF","TEX","S","null","null",0,0,2018,"0.9467","1.3739","0.5764","1.8164","null","null","null",0,2,"Top","null","null",,,460026,,"180825_203229","-4.2368","-131.8103","-8.7000","11.4873","28.1184","-15.2360","3.4125","1.5240","null","null","null","88.7340","2129","5.1450",531355,605498,460026,474832,488818,446334,543063,596103,621453,457705,"55.3529","null","null","null","null","null","null","null",11,"1","4-Seam Fastball",4,0,0,4,0,4,0,4,"Standard","Standard"
"FT","2018-08-25","92.5","2.1438","5.6286","Martin Perez",488818,527048,"null","called_strike",,,,,"12","null","R","R","L","SF","TEX","S","null","null",2,0,2018,"1.6993","0.7338","1.0048","2.6178","null","null","null",2,1,"Bot","null","null",,,455139,,"180825_202943","-6.5254","-134.6060","-3.5042","21.8588","25.4282","-22.8064","3.2828","1.4715","null","null","null","92.5660","1953","6.0360",531355,527048,455139,608597,596059,595777,462101,425783,624636,608577,"54.4610","null","null","null","null","null","null","null",10,"3","2-Seam Fastball",4,0,4,0,0,4,4,0,"Standard","Standard"
"CH","2018-08-25","83.3","2.1417","5.7203","Martin Perez",488818,527048,"null","ball",,,,,"12","null","R","R","L","SF","TEX","B","null","null",1,0,2018,"0.9047","0.9423","1.2582","3.1806","null","null","null",2,1,"Bot","null","null",,,455139,,"180825_202925","-3.7725","-121.4328","-1.3207","9.5888","20.2856","-22.8173","3.3347","1.4715","null","null","null","83.6170","1746","6.0710",531355,527048,455139,608597,596059,595777,462101,425783,624636,608577,"54.4265","null","null","null","null","null","null","null",10,"2","Changeup",4,0,4,0,0,4,4,0,"Standard","Standard"
"CU","2018-08-25","77.7","2.1487","5.7586","Martin Perez",488818,527048,"null","ball",,,,,"12","null","R","R","L","SF","TEX","B","null","null",0,0,2018,"-0.8876","-0.3242","0.7568","3.6736","null","null","null",2,1,"Bot","null","null",,,455139,,"180825_202910","-1.3985","-113.0723","2.8755","-7.1513","18.5386","-35.5853","3.3606","1.5503","null","null","null","76.5650","2635","5.2400",531355,527048,455139,608597,596059,595777,462101,425783,624636,608577,"55.2571","null","null","null","null","null","null","null",10,"1","Curveball",4,0,4,0,0,4,4,0,"Standard","Standard"
"CH","2018-08-25","85.5","2.1346","5.6124","Martin Perez",543063,527048,"null","ball",,,,,"13","null","R","L","L","SF","TEX","B","null","null",1,1,2018,"1.2358","0.8695","-1.2947","1.0918","null","474832.00","460026.00",2,1,"Bot","null","null",,,455139,,"180825_202709","-10.5267","-124.0698","-6.1098","14.7351","22.7835","-22.2460","3.3606","1.7078","null","null","null","85.5150","1749","6.2670",531355,527048,455139,608597,596059,595777,462101,425783,624636,608577,"54.2305","null","null","null","null","null","null","null",9,"3","Changeup",1,0,1,0,0,1,1,0,"Standard","Standard"
"FF","2018-08-25","94.0","2.0811","5.5926","Martin Perez",543063,527048,"null","called_strike",,,,,"7","null","R","L","L","SF","TEX","S","null","null",0,0,2018,"0.7676","1.5393","-0.4945","1.7062","null","474832.00","460026.00",2,1,"Bot","null","null",,,455139,,"180825_202621","-8.2717","-136.5081","-7.6514","11.2130","28.3330","-11.7653","3.4812","1.6553","null","null","null","93.4210","2183","5.9290",531355,527048,455139,608597,596059,595777,462101,425783,624636,608577,"54.5684","null","null","null","null","null","null","null",9,"1","4-Seam Fastball",1,0,1,0,0,1,1,0,"Standard","Standard"
"FT","2018-08-25","92.6","2.2863","5.6636","Martin Perez",460026,527048,"null","ball",,,,,"12","null","R","R","L","SF","TEX","B","null","null",2,1,2018,"1.2227","0.7534","1.0325","2.7652","null","474832.00","null",1,1,"Bot","null","null",,,455139,,"180825_202203","-5.7702","-134.6843","-3.2106","15.8797","27.7615","-22.6867","3.2828","1.5509","null","null","null","92.0610","2059","5.8750",531355,527048,455139,608597,596059,595777,462101,425783,624636,608577,"54.6220","null","null","null","null","null","null","null",7,"4","2-Seam Fastball",1,0,1,0,0,1,1,0,"Standard","Standard"
"FF","2018-08-25","92.6","2.1020","5.5688","Martin Perez",460026,527048,"null","ball",,,,,"13","null","R","R","L","SF","TEX","B","null","null",1,1,2018,"0.5480","1.4583","-2.2145","1.0157","null","474832.00","null",1,1,"Bot","null","null",,,455139,,"180825_202139","-12.0773","-134.0522","-8.7904","9.2502","30.4337","-13.1008","3.3347","1.5509","null","null","null","91.5070","2214","6.0290",531355,527048,455139,608597,596059,595777,462101,425783,624636,608577,"54.4681","null","null","null","null","null","null","null",7,"3","4-Seam Fastball",1,0,1,0,0,1,1,0,"Standard","Standard"
"CH","2018-08-25","83.7","2.3645","5.7616","Martin Perez",460026,527048,"null","called_strike",,,,,"3","null","R","R","L","SF","TEX","S","null","null",1,0,2018,"1.0409","0.8749","0.7174","3.0484","null","474832.00","null",1,1,"Bot","null","null",,,455139,,"180825_202119","-5.7405","-121.6208","-1.5028","11.2422","23.7046","-23.6153","3.2309","1.4189","null","null","null","82.8050","1692","5.7570",531355,527048,455139,608597,596059,595777,462101,425783,624636,608577,"54.7404","null","null","null","null","null","null","null",7,"2","Changeup",1,0,1,0,0,1,1,0,"Standard","Standard"
"CU","2018-08-25","78.6","2.3438","5.7371","Martin Perez",460026,527048,"null","ball",,,,,"13","null","R","R","L","SF","TEX","B","null","null",0,0,2018,"-0.3624","-0.8075","-0.8090","1.0442","null","474832.00","null",1,1,"Bot","null","null",,,455139,,"180825_202102","-6.0781","-114.2808","-1.8811","-2.0011","20.3349","-38.9616","3.3088","1.5509","null","null","null","77.4300","2632","5.4220",531355,527048,455139,608597,596059,595777,462101,425783,624636,608577,"55.0758","null","null","null","null","null","null","null",7,"1","Curveball",1,0,1,0,0,1,1,0,"Standard","Standard"
"CH","2018-08-25","85.1","2.3019","5.6750","Martin Perez",457705,527048,"null","called_strike",,,,,"9","null","R","R","L","SF","TEX","S","null","null",1,1,2018,"1.0692","0.9584","0.7759","1.7315","null","null","null",0,1,"Bot","null","null",,,455139,,"180825_201644","-5.6485","-123.7540","-4.8546","11.9273","22.0380","-21.7292","3.4643","1.5765","null","null","null","84.9060","1916","5.9560",531355,527048,455139,608597,596059,595777,462101,425783,624636,608577,"54.5411","null","null","null","null","null","null","null",4,"3","Changeup",0,0,0,0,0,0,0,0,"Infield shift","Standard"
"FF","2018-08-25","92.4","2.2837","5.7742","Martin Perez",457705,527048,"null","ball",,,,,"9","null","R","R","L","SF","TEX","B","null","null",0,0,2018,"0.8761","1.3915","0.8285","1.7078","null","null","null",0,1,"Bot","null","null",,,455139,,"180825_201612","-5.5154","-134.1437","-7.3991","11.5864","29.5400","-14.3171","3.4643","1.6553","null","null","null","91.3550","2175","5.8260",531355,527048,455139,608597,596059,595777,462101,425783,624636,608577,"54.6713","null","null","null","null","null","null","null",4,"1","4-Seam Fastball",0,0,0,0,0,0,0,0,"Infield shift","Standard"
"CU","2018-08-25","73.6","1.5970","6.6482","Andrew Suarez",462101,605498,"null","ball",,,,,"12","null","R","R","L","SF","TEX","B","null","null",2,2,2018,"-1.0925","-1.2181","2.3383","2.2597","null","null","null",2,1,"Top","null","null",,,460026,,"180825_201255","3.1564","-106.8144","0.3821","-8.3965","18.9402","-41.2979","2.9965","1.2868","null","null","null","71.0330","2399","4.5080",531355,605498,460026,474832,488818,446334,543063,596103,621453,457705,"55.9894","null","null","null","null","null","null","null",3,"7","Curveball",0,0,0,0,0,0,0,0,"Standard","Standard"
"CU","2018-08-25","74.4","2.4248","6.6222","Andrew Suarez",462101,605498,"null","ball",,,,,"12","null","R","R","L","SF","TEX","B","null","null",0,1,2018,"-0.7481","-1.1166","1.8054","2.9353","null","null","596059.00",1,1,"Top","null","null",,,460026,,"180825_200819","-0.0486","-108.1307","1.3655","-5.5278","17.4445","-40.9443","3.1525","1.3920","null","null","null","72.1810","2397","4.4910",531355,605498,460026,474832,488818,446334,543063,596103,621453,457705,"56.0066","null","null","null","null","null","null","null",3,"2","Curveball",0,0,0,0,0,0,0,0,"Standard","Standard"
"CU","2018-08-25","75.1","1.9938","6.5929","Andrew Suarez",462101,605498,"null","called_strike",,,,,"8","null","R","R","L","SF","TEX","S","null","null",0,0,2018,"-0.7393","-1.2309","0.1087","1.3225","null","null","596059.00",1,1,"Top","null","null",,,460026,,"180825_200749","-2.5888","-109.0461","-1.6348","-5.0668","19.8582","-41.4133","3.1525","1.3131","null","null","null","72.5920","2428","4.5800",531355,605498,460026,474832,488818,446334,543063,596103,621453,457705,"55.9172","null","null","null","null","null","null","null",3,"1","Curveball",0,0,0,0,0,0,0,0,"Standard","Standard"
"FF","2018-08-25","90.9","1.7036","6.5513","Andrew Suarez",425783,605498,"null","ball",,,,,"12","null","R","L","L","SF","TEX","B","null","null",1,1,2018,"1.0930","1.4208","0.8524","2.9626","null","null","null",0,1,"Top","null","null",,,460026,,"180825_200543","-4.2312","-132.1105","-5.8621","13.0846","25.2768","-15.3546","3.1265","1.5284","null","null","null","88.9600","2126","4.9250",531355,605498,460026,474832,488818,446334,543063,596103,621453,457705,"55.5726","null","null","null","null","null","null","null",1,"3","4-Seam Fastball",0,0,0,0,0,0,0,0,"Standard","Standard"
"FF","2018-08-25","92.1","1.5560","6.6100","Andrew Suarez",425783,605498,"null","ball",,,,,"13","null","R","L","L","SF","TEX","B","null","null",0,1,2018,"1.4064","1.0827","-0.8400","0.6447","null","null","null",0,1,"Top","null","null",,,460026,,"180825_200525","-8.7701","-133.3908","-11.3133","17.8998","24.0675","-17.8013","3.1784","1.5284","null","null","null","90.4610","2211","5.1930",531355,605498,460026,474832,488818,446334,543063,596103,621453,457705,"55.3045","null","null","null","null","null","null","null",1,"2","4-Seam Fastball",0,0,0,0,0,0,0,0,"Standard","Standard"