"pitch_type","game_date","release_speed","release_pos_x","release_pos_z","player_name","batter","pitcher","events","description","spin_dir","spin_rate_deprecated","break_angle_deprecated","break_length_deprecated","zone","des","game_type","stand","p_throws","home_team","away_team","type","hit_location","bb_type","balls","strikes","game_year","pfx_x","pfx_z","plate_x","plate_z","on_3b","on_2b","on_1b","outs_when_up","inning","inning_topbot","hc_x","hc_y","tfs_deprecated","tfs_zulu_deprecated","pos2_person_id","umpire","sv_id","vx0","vy0","vz0","ax","ay","az","sz_top","sz_bot","hit_distance_sc","launch_speed","launch_angle","effective_speed","release_spin_rate","release_extension","game_pk","pos1_person_id","pos2_person_id","pos3_person_id","pos4_person_id","pos5_person_id","pos6_person_id","pos7_person_id","pos8_person_id","pos9_person_id","release_pos_y","estimated_ba_using_speedangle","estimated_woba_using_speedangle","woba_value","woba_denom","babip_value","iso_value","launch_speed_angle","at_bat_number","pitch_number","pitch_name","home_score","away_score","bat_score","fld_score","post_away_score","post_home_score","post_bat_score","post_fld_score","if_fielding_alignment","of_fielding_alignment"
"FT","2018-04-24","95.7","-3.1226","5.8447","Hunter Strickland",594694,519326,"null","ball",,,,,"13","null","R","L","R","SF","WSH","B","null","null",0,1,2018,"-1.0727","1.1475","-1.0570","1.3036","null","null","null",2,9,"Top","null","null",,,457763,,"180425_044214","7.6863","-138.8656","-8.7366","-15.2491","30.5360","-15.9949","3.0736","1.3533","null","null","null","94.3970","2389","5.6420",529759,519326,457763,474832,605412,446334,543063,491676,453923,457705,"54.8553","null","null","null","null","null","null","null",69,"2","2-Seam Fastball",4,3,3,4,3,4,3,4,"Standard","Standard"
"FT","2018-04-24","95.4","-2.9314","5.9634","Hunter Strickland",594694,519326,"null","called_strike",,,,,"4","null","R","L","R","SF","WSH","S","null","null",0,0,2018,"-1.1199","1.1972","-0.7659","2.0965","null","null","null",2,9,"Top","null","null",,,457763,,"180425_044153","8.0237","-138.4134","-7.0293","-15.8315","30.6168","-15.8407","2.9570","1.3368","null","null","null","94.0640","2301","5.6470",529759,519326,457763,474832,605412,446334,543063,491676,453923,457705,"54.8500","null","null","null","null","null","null","null",69,"1","2-Seam Fastball",4,3,3,4,3,4,3,4,"Standard","Standard"
"CH","2018-04-24","88.5","-2.9312","5.8845","Hunter Strickland",571431,519326,"null","ball",,,,,"13","null","R","L","R","SF","WSH","B","null","null",0,0,2018,"-1.3836","0.6519","-0.0549","1.0873","null","null","null",0,9,"Top","null","null",,,457763,,"180425_043933","9.8896","-128.4021","-6.9623","-17.3367","25.8528","-23.7488","3.5181","1.7019","null","null","null","88.4770","1712","6.3730",529759,519326,457763,474832,605412,446334,543063,491676,453923,457705,"54.1240","null","null","null","null","null","null","null",67,"1","Changeup",4,3,3,4,3,4,3,4,"Infield shift","Standard"
"FF","2018-04-24","96.6","-1.3570","6.4998","Ryan Madson",446334,425492,"null","called_strike",,,,,"6","null","R","R","R","SF","WSH","S","null","null",1,0,2018,"-1.0818","1.4621","0.4479","2.4358","null","null","null",1,8,"Bot","null","null",,,600474,,"180425_043524","7.1706","-140.2579","-8.4829","-15.6693","29.4767","-11.4673","3.6654","1.7220","null","null","null","96.1100","2300","5.9700",529759,425492,600474,475582,435062,594694,607208,501213,572191,547180,"54.5279","null","null","null","null","null","null","null",65,"2","4-Seam Fastball",4,3,4,3,3,4,4,3,"Standard","Standard"
"CU","2018-04-24","85.2","-1.7000","6.3451","Ryan Madson",446334,425492,"null","ball",,,,,"14","null","R","R","R","SF","WSH","B","null","null",0,0,2018,"0.1120","-0.7505","0.5662","1.3891","null","null","null",1,8,"Bot","null","null",,,600474,,"180425_043509","5.0245","-123.9020","-3.8276","0.1331","24.3595","-39.1858","3.6510","1.7284","null","null","null","83.9760","2485","5.4810",529759,425492,600474,475582,435062,594694,607208,501213,572191,547180,"55.0165","null","null","null","null","null","null","null",65,"1","Curveball",4,3,4,3,3,4,4,3,"Standard","Standard"
"FF","2018-04-24","96.3","-1.4509","6.4478","Ryan Madson",474832,425492,"null","ball",,,,,"12","null","R","L","R","SF","WSH","B","null","null",0,2,2018,"-1.4214","1.2270","0.2335","3.6403","null","null","null",0,8,"Bot","null","null",,,600474,,"180425_043413","7.5512","-139.9139","-4.5685","-20.0135","29.9470","-15.5437","3.2642","1.5729","null","null","null","95.5470","2352","5.8240",529759,425492,600474,475582,435062,594694,607208,501213,572191,547180,"54.6739","null","null","null","null","null","null","null",64,"3","4-Seam Fastball",4,3,4,3,3,4,4,3,"Infield shift","Standard"
"FT","2018-04-24","93.8","-1.5747","5.4120","Sam Dyson",435062,473879,"null","ball",,,,,"14","null","R","R","R","SF","WSH","B","null","null",2,2,2018,"-1.4087","0.4873","1.1681","1.7312","null","null","null",1,8,"Top","null","null",,,457763,,"180425_042809","9.8355","-136.0538","-4.7364","-18.8910","27.0280","-25.6215","3.0581","1.2906","null","null","null","92.0620","2278","5.2150",529759,473879,457763,474832,605412,446334,543063,607776,453923,457705,"55.2827","null","null","null","null","null","null","null",61,"6","2-Seam Fastball",4,3,3,4,3,4,3,4,"Standard","Standard"
"SL","2018-04-24","90.4","-1.5009","5.5145","Sam Dyson",435062,473879,"null","ball",,,,,"14","null","R","R","R","SF","WSH","B","null","null",1,2,2018,"0.2817","0.4795","1.6109","1.7581","null","null","null",1,8,"Top","null","null",,,457763,,"180425_042710","7.0698","-131.3696","-4.3643","1.7551","26.6230","-26.1040","3.0134","1.4472","null","null","null","89.3300","2511","5.6030",529759,473879,457763,474832,605412,446334,543063,607776,453923,457705,"54.8943","null","null","null","null","null","null","null",61,"4","Slider",4,3,3,4,3,4,3,4,"Standard","Standard"
"SL","2018-04-24","91.7","-1.3645","5.5076","Sam Dyson",435062,473879,"null","ball",,,,,"14","null","R","R","R","SF","WSH","B","null","null",0,2,2018,"0.0588","0.5238","1.1412","1.0144","null","null","null",1,8,"Top","null","null",,,457763,,"180425_042648","6.1181","-133.1379","-6.4924","-0.6095","28.1174","-24.9707","3.0914","1.4463","null","null","null","90.4570","2447","5.6170",529759,473879,457763,474832,605412,446334,543063,607776,453923,457705,"54.8805","null","null","null","null","null","null","null",61,"3","Slider",4,3,3,4,3,4,3,4,"Standard","Standard"
"SL","2018-04-24","89.6","-1.7922","5.5187","Sam Dyson",607208,473879,"null","ball",,,,,"14","null","R","R","R","SF","WSH","B","null","null",0,1,2018,"0.0194","0.6292","1.2629","1.7754","null","null","null",0,8,"Top","null","null",,,457763,,"180425_042502","7.3505","-130.2322","-4.4808","-1.1831","24.7457","-24.6325","3.3005","1.6480","null","null","null","88.1550","2582","5.2330",529759,473879,457763,474832,605412,446334,543063,607776,453923,457705,"55.2640","null","null","null","null","null","null","null",60,"2","Slider",4,3,3,4,3,4,3,4,"Standard","Standard"
"FT","2018-04-24","93.6","-1.7850","5.4246","Sam Dyson",607208,473879,"null","called_strike",,,,,"6","null","R","R","R","SF","WSH","S","null","null",0,0,2018,"-1.3734","0.4004","0.4908","2.2820","null","null","null",0,8,"Top","null","null",,,457763,,"180425_042444","8.5474","-135.7852","-3.1218","-18.1488","29.2193","-27.0196","3.2488","1.6528","null","null","null","91.4600","2326","5.1290",529759,473879,457763,474832,605412,446334,543063,607776,453923,457705,"55.3687","null","null","null","null","null","null","null",60,"1","2-Seam Fastball",4,3,3,4,3,4,3,4,"Standard","Standard"
"SI","2018-04-24","92.7","-1.2306","5.9324","Brandon Kintzler",457763,445213,"null","ball",,,,,"14","null","R","R","R","SF","WSH","B","null","null",1,0,2018,"-1.2853","1.0393","1.3039","0.9555","null","605412.00","457705.00",2,7,"Bot","null","null",,,600474,,"180425_042123","9.3219","-134.4318","-9.1764","-17.7256","29.5024","-17.6885","3.5082","1.6014","null","null","null","92.7920","1970","6.5580",529759,445213,600474,475582,435062,594694,607208,501213,572191,547180,"53.9390","null","null","null","null","null","null","null",59,"2","Sinker",4,3,4,3,3,4,4,3,"Standard","Standard"
"SI","2018-04-24","91.7","-1.2440","5.9478","Brandon Kintzler",457705,445213,"walk","ball",,,,,"9","Andrew McCutchen walks.   Joe Panik to 2nd.  ","R","R","R","SF","WSH","B","null","null",3,0,2018,"-1.3210","0.9337","0.8084","1.6081","null","null","605412.00",2,7,"Bot","null","null",,,600474,,"180425_041957","7.9856","-133.2754","-7.1544","-17.2687","24.3186","-19.8834","3.3136","1.6215","null","null","null","91.9350","2091","6.1600",529759,445213,600474,475582,435062,594694,607208,501213,572191,547180,"54.3373","null","null","0.70",1,0,0,"null",58,"4","Sinker",4,3,4,3,3,4,4,3,"Standard","Standard"
"SI","2018-04-24","91.6","-1.0499","5.9821","Brandon Kintzler",457705,445213,"null","ball",,,,,"14","null","R","R","R","SF","WSH","B","null","null",0,0,2018,"-1.4944","0.8306","0.9821","2.3217","null","null","605412.00",2,7,"Bot","null","null",,,600474,,"180425_041838","8.4400","-133.0697","-5.1695","-19.7720","29.9196","-21.2845","3.3807","1.6662","null","null","null","91.8800","2039","6.6560",529759,445213,600474,475582,435062,594694,607208,501213,572191,547180,"53.8418","null","null","null","null","null","null","null",58,"1","Sinker",4,3,4,3,3,4,4,3,"Standard","Standard"
"SI","2018-04-24","92.1","-1.1804","5.9432","Brandon Kintzler",605412,445213,"null","ball",,,,,"12","null","R","L","R","SF","WSH","B","null","null",0,2,2018,"-1.4259","0.8640","1.0415","2.4897","null","null","null",2,7,"Bot","null","null",,,600474,,"180425_041650","8.6535","-133.8422","-4.7796","-18.8066","27.3280","-21.0893","3.1870","1.4472","null","null","null","91.8270","2007","6.0760",529759,445213,600474,475582,435062,594694,607208,501213,572191,547180,"54.4217","null","null","null","null","null","null","null",57,"3","Sinker",4,3,4,3,3,4,4,3,"Standard","Strategic"
"SI","2018-04-24","90.7","-1.2626","5.9649","Brandon Kintzler",605412,445213,"null","called_strike",,,,,"11","null","R","L","R","SF","WSH","S","null","null",0,0,2018,"-1.4526","0.8995","-1.0833","2.4362","null","null","null",2,7,"Bot","null","null",,,600474,,"180425_041609","3.4918","-132.0104","-4.7975","-17.5404","27.0255","-20.9962","3.1771","1.5047","null","null","null","90.3940","2076","6.0030",529759,445213,600474,475582,435062,594694,607208,501213,572191,547180,"54.4946","null","null","null","null","null","null","null",57,"1","Sinker",4,3,4,3,3,4,4,3,"Standard","Standard"
"CH","2018-04-24","85.9","-1.3328","5.9952","Brandon Kintzler",453923,445213,"null","ball",,,,,"11","null","R","L","R","SF","WSH","B","null","null",0,0,2018,"-1.3771","1.3201","-0.3384","3.4768","null","null","null",1,7,"Bot","null","null",,,600474,,"180425_041514","5.1288","-124.9866","-2.3643","-15.4180","25.4152","-18.1345","3.0738","1.5411","null","null","null","85.8180","2241","6.2590",529759,445213,600474,475582,435062,594694,607208,501213,572191,547180,"54.2382","null","null","null","null","null","null","null",56,"1","Changeup",4,3,4,3,3,4,4,3,"Standard","Standard"
"SI","2018-04-24","90.1","-1.3243","5.9773","Brandon Kintzler",467055,445213,"null","called_strike",,,,,"8","null","R","L","R","SF","WSH","S","null","null",0,1,2018,"-1.2704","0.8387","0.1309","2.0148","null","null","null",0,7,"Bot","null","null",,,600474,,"180425_042434","6.3535","-131.1522","-5.7369","-16.0672","25.7359","-21.4555","3.0861","1.5434","null","null","null","90.7630","2058","6.5110",529759,445213,600474,475582,435062,594694,607208,501213,572191,547180,"53.9863","null","null","null","null","null","null","null",55,"2","Sinker",4,3,4,3,3,4,4,3,"Standard","Standard"
"SI","2018-04-24","90.8","-1.3968","5.9115","Brandon Kintzler",467055,445213,"null","called_strike",,,,,"13","null","R","L","R","SF","WSH","S","null","null",0,0,2018,"-1.3010","1.0146","-0.8880","1.9064","null","null","null",0,7,"Bot","null","null",,,600474,,"180425_042434","4.0679","-132.1488","-6.3107","-16.1352","27.3470","-19.1478","3.1756","1.5322","null","null","null","91.0880","2070","6.3880",529759,445213,600474,475582,435062,594694,607208,501213,572191,547180,"54.1094","null","null","null","null","null","null","null",55,"1","Sinker",4,3,4,3,3,4,4,3,"Standard","Standard"
"SL","2018-04-24","80.8","-1.8422","5.3184","Reyes Moronta",664057,606625,"null","called_strike",,,,,"4","null","R","L","R","SF","WSH","S","null","null",0,0,2018,"0.7413","-0.1443","-0.2870","2.4653","null","null","null",2,7,"Top","null","null",,,457763,,"180425_041012","2.0679","-117.5112","0.5185","6.2769","21.4019","-33.8196","3.1862","1.3471","null","null","null","79.5340","2629","5.3510",529759,606625,457763,474832,605412,446334,543063,607776,453923,457705,"55.1460","null","null","null","null","null","null","null",54,"1","Slider",4,3,3,4,3,4,3,4,"Standard","Standard"
"SL","2018-04-24","84.3","-1.7365","5.0840","Reyes Moronta",600474,606625,"null","called_strike",,,,,"8","null","R","R","R","SF","WSH","S","null","null",1,0,2018,"0.6250","-0.1213","-0.1720","1.7971","null","null","null",1,7,"Top","null","null",,,457763,,"180425_040848","2.3988","-122.6378","-1.0717","5.7048","22.3403","-33.4126","3.2097","1.4921","null","null","null","83.2370","2334","5.4200",529759,606625,457763,474832,605412,446334,543063,607776,453923,457705,"55.0772","null","null","null","null","null","null","null",53,"2","Slider",4,3,3,4,3,4,3,4,"Standard","Standard"
"SL","2018-04-24","83.7","-1.7741","5.2084","Reyes Moronta",600474,606625,"null","ball",,,,,"14","null","R","R","R","SF","WSH","B","null","null",0,0,2018,"0.7598","0.0428","2.1346","1.4041","null","null","null",1,7,"Top","null","null",,,457763,,"180425_040832","7.4645","-121.6913","-2.4372","6.0051","22.7058","-31.5406","3.6816","1.4932","null","null","null","82.8590","2484","5.6650",529759,606625,457763,474832,605412,446334,543063,607776,453923,457705,"54.8327","null","null","null","null","null","null","null",53,"1","Slider",4,3,3,4,3,4,3,4,"Standard","Standard"
"SL","2018-04-24","78.9","-1.8981","5.3962","Reyes Moronta",594694,606625,"null","ball",,,,,"7","null","R","L","R","SF","WSH","B","null","null",0,0,2018,"0.7636","0.3950","-0.2807","1.3890","null","null","null",0,7,"Top","null","null",,,457763,,"180425_040732","2.1171","-114.8480","-2.6691","6.2496","18.4613","-28.5677","2.9163","1.4857","null","null","null","78.0150","2432","5.3490",529759,606625,457763,474832,605412,446334,543063,607776,453923,457705,"55.1483","null","null","null","null","null","null","null",52,"1","Slider",4,3,3,4,3,4,3,4,"Standard","Standard"
"SL","2018-04-24","84.2","-2.8848","5.7969","Tanner Roark",543063,543699,"null","ball",,,,,"14","null","R","L","R","SF","WSH","B","null","null",1,1,2018,"0.1405","0.6493","1.4508","1.4295","null","null","null",2,6,"Bot","null","null",,,600474,,"180425_040447","9.6440","-122.1581","-4.9086","-0.5153","23.9239","-25.1163","3.2357","1.5423","null","null","null","83.0010","2249","5.6440",529759,543699,600474,475582,435062,506703,607208,501213,572191,547180,"54.8537","null","null","null","null","null","null","null",51,"3","Slider",4,3,4,3,3,4,4,3,"Standard","Standard"
"FT","2018-04-24","90.8","-2.7604","5.7932","Tanner Roark",543063,543699,"null","ball",,,,,"14","null","R","L","R","SF","WSH","B","null","null",0,0,2018,"-1.1600","1.0939","0.0694","1.3879","null","null","null",2,6,"Bot","null","null",,,600474,,"180425_040339","9.4714","-131.8166","-7.3869","-15.3276","26.0524","-18.2384","3.3587","1.5535","null","null","null","90.4750","2050","6.0620",529759,543699,600474,475582,435062,506703,607208,501213,572191,547180,"54.4351","null","null","null","null","null","null","null",51,"1","2-Seam Fastball",4,3,4,3,3,4,4,3,"Standard","Standard"
"CU","2018-04-24","75.1","-2.8963","5.6746","Tanner Roark",446334,543699,"null","ball",,,,,"14","null","R","R","R","SF","WSH","B","null","null",1,0,2018,"1.0757","-1.1545","0.9091","1.7640","null","null","null",1,6,"Bot","null","null",,,600474,,"180425_040201","5.9227","-109.0954","1.0132","7.1888","19.5270","-41.4868","3.6593","1.7590","null","null","null","73.4910","2905","5.2130",529759,543699,600474,475582,435062,506703,607208,501213,572191,547180,"55.2846","null","null","null","null","null","null","null",49,"2","Curveball",3,3,3,3,3,3,3,3,"Standard","Standard"
"CU","2018-04-24","73.8","-2.8510","5.7621","Tanner Roark",446334,543699,"null","ball",,,,,"3","null","R","R","R","SF","WSH","B","null","null",0,0,2018,"1.0681","-1.3392","0.7660","3.1496","null","null","null",1,6,"Bot","null","null",,,600474,,"180425_040142","5.4413","-106.9793","4.1815","6.8039","19.9644","-43.0586","3.5080","1.6754","null","null","null","71.7810","2707","5.1350",529759,543699,600474,475582,435062,506703,607208,501213,572191,547180,"55.3621","null","null","null","null","null","null","null",49,"1","Curveball",3,3,3,3,3,3,3,3,"Standard","Standard"
"FF","2018-04-24","96.5","-1.3945","5.3924","Reyes Moronta",572191,606625,"null","called_strike",,,,,"5","null","R","R","R","SF","WSH","S","null","null",0,1,2018,"-0.1534","1.3346","0.0732","2.2399","null","null","501213.00",1,6,"Top","null","null",,,457763,,"180425_035628","4.2047","-140.3594","-5.7355","-2.9392","31.7170","-13.8128","3.1540","1.4642","null","null","null","95.6200","2637","5.8000",529759,606625,457763,474832,605412,446334,543063,607776,453923,457705,"54.6971","null","null","null","null","null","null","null",47,"2","4-Seam Fastball",3,3,3,3,3,3,3,3,"Standard","Standard"
"SL","2018-04-24","85.3","-1.6032","5.1439","Reyes Moronta",572191,606625,"null","called_strike",,,,,"4","null","R","R","R","SF","WSH","S","null","null",0,0,2018,"0.5904","-0.0917","-0.7544","2.0569","null","null","501213.00",1,6,"Top","null","null",,,457763,,"180425_035554","0.8323","-124.0761","-0.7354","5.7200","26.4309","-33.2068","3.1093","1.4642","null","null","null","83.8790","2467","5.5200",529759,606625,457763,474832,605412,446334,543063,607776,453923,457705,"54.9776","null","null","null","null","null","null","null",47,"1","Slider",3,3,3,3,3,3,3,3,"Standard","Standard"
"SL","2018-04-24","85.0","-1.7928","5.1589","Reyes Moronta",475582,606625,"null","ball",,,,,"13","null","R","R","R","SF","WSH","B","null","null",0,2,2018,"0.9901","0.3821","-0.9471","1.1084","null","null","null",0,6,"Top","null","null",,,457763,,"180425_035428","0.0759","-123.5057","-3.8033","9.7266","25.2639","-27.9141","3.5484","1.6528","null","null","null","83.2430","2630","5.2650",529759,606625,457763,474832,605412,446334,543063,607776,453923,457705,"55.2324","null","null","null","null","null","null","null",45,"3","Slider",3,3,3,3,3,3,3,3,"Standard","Standard"
"SL","2018-04-24","81.9","-1.4174","5.3674","Reyes Moronta",475582,606625,"null","called_strike",,,,,"3","null","R","R","R","SF","WSH","S","null","null",0,1,2018,"0.9060","-0.0047","0.2784","3.5398","null","null","null",0,6,"Top","null","null",,,457763,,"180425_035407","2.1021","-119.1726","2.3784","8.0516","21.9939","-32.8991","3.5696","1.6640","null","null","null","81.0410","2554","5.6150",529759,606625,457763,474832,605412,446334,543063,607776,453923,457705,"54.8826","null","null","null","null","null","null","null",45,"2","Slider",3,3,3,3,3,3,3,3,"Standard","Standard"
"FF","2018-04-24","97.9","-1.4344","5.3799","Reyes Moronta",475582,606625,"null","called_strike",,,,,"3","null","R","R","R","SF","WSH","S","null","null",0,0,2018,"-0.2464","1.3886","0.3271","3.0018","null","null","null",0,6,"Top","null","null",,,457763,,"180425_035349","5.2607","-142.3799","-4.0181","-4.5204","33.4524","-12.9706","3.5473","1.6528","null","null","null","96.9290","2517","5.8180",529759,606625,457763,474832,605412,446334,543063,607776,453923,457705,"54.6798","null","null","null","null","null","null","null",45,"1","4-Seam Fastball",3,3,3,3,3,3,3,3,"Standard","Standard"
"FT","2018-04-24","92.4","-2.5468","5.8063","Tanner Roark",457705,543699,"walk","ball",,,,,"14","Andrew McCutchen walks.  ","R","R","R","SF","WSH","B","null","null",3,2,2018,"-1.1301","1.2094","1.5966","1.8902","null","null","null",2,5,"Bot","null","null",,,600474,,"180425_035002","12.8090","-133.7922","-6.6408","-16.0210","27.2380","-16.6930","3.3807","1.6327","null","null","null","91.5020","2125","5.8940",529759,543699,600474,475582,435062,506703,607208,501213,572191,547180,"54.6033","null","null","0.70",1,0,0,"null",43,"10","2-Seam Fastball",3,3,3,3,3,3,3,3,"Standard","Standard"
"FT","2018-04-24","92.7","-2.5137","5.8273","Tanner Roark",457705,543699,"null","ball",,,,,"14","null","R","R","R","SF","WSH","B","null","null",2,2,2018,"-1.1543","1.2225","1.3953","2.3630","null","null","null",2,5,"Bot","null","null",,,600474,,"180425_034822","12.3094","-134.3308","-5.6120","-16.2589","26.5025","-16.6377","3.3919","1.6551","null","null","null","91.9440","2122","5.8660",529759,543699,600474,475582,435062,506703,607208,501213,572191,547180,"54.6317","null","null","null","null","null","null","null",43,"6","2-Seam Fastball",3,3,3,3,3,3,3,3,"Standard","Standard"
"FF","2018-04-24","88.6","-2.4395","6.0943","Tanner Roark",457705,543699,"null","ball",,,,,"11","null","R","R","R","SF","WSH","B","null","null",1,2,2018,"-0.3726","1.4470","-0.0182","4.6260","null","null","null",2,5,"Bot","null","null",,,600474,,"180425_034746","6.5790","-128.7893","-0.4450","-5.4173","26.9578","-16.6452","3.3919","1.6327","null","null","null","87.4190","1981","5.6180",529759,543699,600474,475582,435062,506703,607208,501213,572191,547180,"54.8793","null","null","null","null","null","null","null",43,"4","4-Seam Fastball",3,3,3,3,3,3,3,3,"Standard","Standard"
"FT","2018-04-24","91.1","-2.5914","5.9267","Tanner Roark",457705,543699,"null","called_strike",,,,,"9","null","R","R","R","SF","WSH","S","null","null",1,1,2018,"-1.2221","1.3787","0.2938","2.0787","null","null","null",2,5,"Bot","null","null",,,600474,,"180425_034731","9.6630","-132.0682","-6.5282","-16.0328","27.7459","-15.2494","3.3807","1.6215","null","null","null","89.8760","2084","5.7140",529759,543699,600474,475582,435062,506703,607208,501213,572191,547180,"54.7833","null","null","null","null","null","null","null",43,"3","2-Seam Fastball",3,3,3,3,3,3,3,3,"Standard","Standard"
"CH","2018-04-24","83.4","-2.8427","5.7104","Tanner Roark",457705,543699,"null","ball",,,,,"14","null","R","R","R","SF","WSH","B","null","null",0,1,2018,"-0.7846","1.5498","0.4846","0.5100","null","null","null",2,5,"Bot","null","null",,,600474,,"180425_034714","9.0692","-120.7894","-8.3090","-9.4534","25.7340","-15.8033","3.4142","1.6215","null","null","null","82.1940","1622","5.9540",529759,543699,600474,475582,435062,506703,607208,501213,572191,547180,"54.5437","null","null","null","null","null","null","null",43,"2","Changeup",3,3,3,3,3,3,3,3,"Standard","Standard"
"CU","2018-04-24","73.7","-2.8600","5.7469","Tanner Roark",457705,543699,"null","called_strike",,,,,"9","null","R","R","R","SF","WSH","S","null","null",0,0,2018,"1.2342","-1.3814","0.3978","1.7520","null","null","null",2,5,"Bot","null","null",,,600474,,"180425_034655","4.4545","-106.8989","1.7629","8.1405","23.4635","-43.0703","3.3695","1.6327","null","null","null","72.1040","2652","5.8780",529759,543699,600474,475582,435062,506703,607208,501213,572191,547180,"54.6197","null","null","null","null","null","null","null",43,"1","Curveball",3,3,3,3,3,3,3,3,"Standard","Standard"
"SL","2018-04-24","86.8","-3.0167","5.9470","Tanner Roark",605412,543699,"null","ball",,,,,"12","null","R","L","R","SF","WSH","B","null","null",0,1,2018,"0.1771","0.9049","1.2240","3.5666","null","null","null",1,5,"Bot","null","null",,,600474,,"180425_034602","9.5966","-126.0045","-1.2983","0.0807","23.0148","-22.8122","3.1870","1.4695","null","null","null","85.4260","2038","5.3080",529759,543699,600474,475582,435062,506703,607208,501213,572191,547180,"55.1897","null","null","null","null","null","null","null",42,"2","Slider",3,3,3,3,3,3,3,3,"Standard","Standard"
"FT","2018-04-24","90.7","-2.9475","5.8980","Tanner Roark",605412,543699,"null","called_strike",,,,,"7","null","R","L","R","SF","WSH","S","null","null",0,0,2018,"-1.2408","1.0714","-0.4442","1.8219","null","null","null",1,5,"Bot","null","null",,,600474,,"180425_034548","8.6704","-131.5632","-6.3586","-15.8138","27.1190","-19.0014","3.2228","1.4383","null","null","null","89.2660","1938","5.5140",529759,543699,600474,475582,435062,506703,607208,501213,572191,547180,"54.9834","null","null","null","null","null","null","null",42,"1","2-Seam Fastball",3,3,3,3,3,3,3,3,"Standard","Standard"
"CU","2018-04-24","74.0","-3.1329","5.8098","Tanner Roark",453923,543699,"null","called_strike",,,,,"3","null","R","L","R","SF","WSH","S","null","null",1,1,2018,"1.2803","-1.0174","0.5027","3.0679","null","null","null",0,5,"Bot","null","null",,,600474,,"180425_034503","5.1516","-107.3691","3.2959","8.5011","19.1020","-40.5388","3.0280","1.5411","null","null","null","71.9560","2644","4.9440",529759,543699,600474,475582,435062,506703,607208,501213,572191,547180,"55.5533","null","null","null","null","null","null","null",41,"3","Curveball",3,3,3,3,3,3,3,3,"Standard","Standard"
"FT","2018-04-24","88.7","-2.8462","5.9642","Tanner Roark",453923,543699,"null","called_strike",,,,,"1","null","R","L","R","SF","WSH","S","null","null",1,0,2018,"-1.1021","1.1571","-0.6013","2.9175","null","null","null",0,5,"Bot","null","null",,,600474,,"180425_034449","7.5977","-128.8815","-3.7322","-13.4374","23.7012","-19.0743","3.0503","1.5747","null","null","null","87.7830","1907","5.5360",529759,543699,600474,475582,435062,506703,607208,501213,572191,547180,"54.9611","null","null","null","null","null","null","null",41,"2","2-Seam Fastball",3,3,3,3,3,3,3,3,"Strategic","Standard"
"FT","2018-04-24","88.4","-2.8962","6.0667","Tanner Roark",453923,543699,"null","ball",,,,,"11","null","R","L","R","SF","WSH","B","null","null",0,0,2018,"-1.3496","1.1620","-0.8912","3.4833","null","null","null",0,5,"Bot","null","null",,,600474,,"180425_034435","7.4414","-128.3256","-2.4929","-15.9364","25.9681","-19.5047","3.0850","1.5635","null","null","null","86.8020","1935","5.3560",529759,543699,600474,475582,435062,506703,607208,501213,572191,547180,"55.1418","null","null","null","null","null","null","null",41,"1","2-Seam Fastball",3,3,3,3,3,3,3,3,"Strategic","Standard"
"CH","2018-04-24","80.5","2.8592","6.2439","Ty Blach",547180,621389,"null","ball",,,,,"13","null","R","L","L","SF","WSH","B","null","null",1,0,2018,"1.3888","0.6286","-1.9275","1.0773","null","607208.00","435062.00",2,5,"Top","null","null",,,457763,,"180425_033950","-12.5717","-116.3378","-5.6957","14.0171","18.9755","-26.0953","3.1578","1.5334","null","null","null","77.9130","1813","4.5530",529759,621389,457763,474832,605412,446334,543063,607776,453923,457705,"55.9442","null","null","null","null","null","null","null",40,"2","Changeup",3,3,3,3,3,3,3,3,"Standard","Standard"
"SI","2018-04-24","90.2","2.9884","6.1356","Ty Blach",547180,621389,"null","ball",,,,,"13","null","R","L","L","SF","WSH","B","null","null",0,0,2018,"1.3011","1.0403","-0.6600","1.1401","null","607208.00","435062.00",2,5,"Top","null","null",,,457763,,"180425_033900","-11.3221","-130.4027","-8.2797","16.4044","25.0698","-19.4696","3.2808","1.5334","null","null","null","87.7760","1971","4.9390",529759,621389,457763,474832,605412,446334,543063,607776,453923,457705,"55.5588","null","null","null","null","null","null","null",40,"1","Sinker",3,3,3,3,3,3,3,3,"Standard","Standard"
"SI","2018-04-24","90.4","3.0404","6.1881","Ty Blach",435062,621389,"walk","ball",,,,,"13","Howie Kendrick walks.  ","R","R","L","SF","WSH","B","null","null",3,1,2018,"1.3952","1.1107","-1.0088","0.9899","null","607208.00","null",2,5,"Top","null","null",,,457763,,"180425_033813","-12.4569","-130.6123","-8.8935","17.7080","26.1947","-18.5606","3.2311","1.4631","null","null","null","87.6200","2058","4.8310",529759,621389,457763,474832,605412,446334,543063,607776,453923,457705,"55.6660","null","null","0.70",1,0,0,"null",39,"5","Sinker",3,3,3,3,3,3,3,3,"Standard","Standard"
"SI","2018-04-24","90.8","3.0376","6.1496","Ty Blach",435062,621389,"null","ball",,,,,"14","null","R","R","L","SF","WSH","B","null","null",1,0,2018,"1.0371","1.1716","0.4880","1.5272","null","null","607208.00",2,5,"Top","null","null",,,457763,,"180425_034515","-8.2955","-131.6423","-7.8548","13.2913","26.4241","-17.7234","3.2797","1.7498","null","null","null","88.8790","2052","5.1780",529759,621389,457763,474832,605412,446334,543063,607776,453923,457705,"55.3191","null","null","null","null","null","null","null",39,"2","Sinker",3,3,3,3,3,3,3,3,"Standard","Standard"
"SI","2018-04-24","89.7","2.7222","6.4246","Ty Blach",435062,621389,"null","ball",,,,,"11","null","R","R","L","SF","WSH","B","null","null",0,0,2018,"0.8787","1.2151","-0.0701","3.7818","null","null","607208.00",2,5,"Top","null","null",,,457763,,"180425_033505","-8.4855","-130.1116","-2.9215","11.3682","26.9135","-18.5452","3.1758","1.4425","null","null","null","87.7870","2138","5.2310",529759,621389,457763,474832,605412,446334,543063,607776,453923,457705,"55.2664","null","null","null","null","null","null","null",39,"1","Sinker",3,3,3,3,3,3,3,3,"Standard","Standard"
"SI","2018-04-24","90.9","3.1368","6.0633","Ty Blach",607208,621389,"null","ball",,,,,"14","null","R","R","L","SF","WSH","B","null","null",1,2,2018,"1.3078","0.7858","1.3542","1.9247","null","600474.00","null",1,5,"Top","null","null",,,457763,,"180425_033338","-6.9846","-131.8365","-5.8985","16.1572","28.4315","-22.3750","3.4400","1.6751","null","null","null","88.8270","2097","5.2170",529759,621389,457763,474832,605412,446334,543063,607776,453923,457705,"55.2809","null","null","null","null","null","null","null",38,"4","Sinker",3,3,3,3,3,3,3,3,"Standard","Standard"
"CH","2018-04-24","79.1","3.2236","6.2800","Ty Blach",607208,621389,"null","ball",,,,,"14","null","R","R","L","SF","WSH","B","null","null",0,2,2018,"1.3739","0.2385","1.9796","1.7507","null","600474.00","null",1,5,"Top","null","null",,,457763,,"180425_033315","-4.9289","-114.7863","-3.4195","12.3352","19.6326","-29.8764","3.3617","1.6528","null","null","null","76.7480","1691","4.5800",529759,621389,457763,474832,605412,446334,543063,607776,453923,457705,"55.9172","null","null","null","null","null","null","null",38,"3","Changeup",3,3,3,3,3,3,3,3,"Standard","Standard"
"CU","2018-04-24","73.4","2.9066","6.5808","Ty Blach",607208,621389,"null","called_strike",,,,,"9","null","R","R","L","SF","WSH","S","null","null",0,0,2018,"-1.1183","-1.3528","0.4657","1.9319","null","600474.00","null",1,5,"Top","null","null",,,457763,,"180425_033225","-3.0157","-106.3307","0.2214","-7.2181","21.1239","-42.0464","3.3712","1.6447","null","null","null","70.0640","2478","4.2730",529759,621389,457763,474832,605412,446334,543063,607776,453923,457705,"56.2240","null","null","null","null","null","null","null",38,"1","Curveball",3,3,3,3,3,3,3,3,"Standard","Standard"
"CH","2018-04-24","77.4","2.9197","6.4263","Ty Blach",543699,621389,"null","ball",,,,,"12","null","R","R","L","SF","WSH","B","null","null",0,1,2018,"1.6029","0.6819","0.7899","3.9253","null","null","600474.00",0,5,"Top","null","null",,,457763,,"180425_033108","-7.0650","-112.1160","0.4754","14.0995","20.8244","-27.1255","3.3066","1.5724","null","null","null","74.9260","1739","4.7840",529759,621389,457763,474832,605412,446334,543063,607776,453923,457705,"55.7136","null","null","null","null","null","null","null",37,"2","Changeup",3,3,3,3,3,3,3,3,"Strategic","Standard"
"SL","2018-04-24","84.1","-2.7463","5.8851","Tanner Roark",621389,543699,"null","ball",,,,,"14","null","R","R","R","SF","WSH","B","null","null",0,2,2018,"0.3486","0.8056","1.6678","1.3195","null","null","null",2,4,"Bot","null","null",,,600474,,"180425_032646","9.3968","-121.9420","-5.6466","1.6696","22.4265","-23.5216","3.4711","1.5869","null","null","null","82.9050","2283","5.5460",529759,543699,600474,475582,435062,506703,607208,501213,572191,547180,"54.9515","null","null","null","null","null","null","null",35,"3","Slider",3,3,3,3,3,3,3,3,"Strategic","Strategic"
"FT","2018-04-24","89.4","-2.5370","5.8948","Tanner Roark",621389,543699,"null","called_strike",,,,,"9","null","R","R","R","SF","WSH","S","null","null",0,1,2018,"-1.0829","1.2005","0.6869","2.0820","null","null","null",2,4,"Bot","null","null",,,600474,,"180425_032631","10.0387","-129.5903","-5.7407","-14.0578","27.1186","-17.9614","3.4389","1.5869","null","null","null","88.2280","2085","5.7720",529759,543699,600474,475582,435062,506703,607208,501213,572191,547180,"54.7255","null","null","null","null","null","null","null",35,"2","2-Seam Fastball",3,3,3,3,3,3,3,3,"Standard","Strategic"
"FT","2018-04-24","88.9","-2.6377","5.9769","Tanner Roark",621389,543699,"null","called_strike",,,,,"9","null","R","R","R","SF","WSH","S","null","null",0,0,2018,"-1.1475","1.2153","0.3933","1.9622","null","null","null",2,4,"Bot","null","null",,,600474,,"180425_032615","9.6499","-128.9048","-6.1605","-14.5548","27.0574","-17.8584","3.4152","1.5917","null","null","null","87.7320","2028","5.7720",529759,543699,600474,475582,435062,506703,607208,501213,572191,547180,"54.7254","null","null","null","null","null","null","null",35,"1","2-Seam Fastball",3,3,3,3,3,3,3,3,"Standard","Strategic"
"FT","2018-04-24","89.0","-3.0275","5.8220","Tanner Roark",543063,543699,"null","called_strike",,,,,"8","null","R","L","R","SF","WSH","S","null","null",1,1,2018,"-1.2161","0.9735","-0.2018","1.8352","null","null","null",1,4,"Bot","null","null",,,600474,,"180425_032528","9.2843","-129.1391","-5.6434","-15.2009","26.0836","-20.6079","3.3606","1.5415","null","null","null","87.8960","2012","5.6850",529759,543699,600474,475582,435062,506703,607208,501213,572191,547180,"54.8120","null","null","null","null","null","null","null",34,"3","2-Seam Fastball",3,3,3,3,3,3,3,3,"Standard","Standard"
"FF","2018-04-24","88.0","-2.9335","5.9327","Tanner Roark",543063,543699,"null","ball",,,,,"12","null","R","L","R","SF","WSH","B","null","null",0,1,2018,"-0.5794","1.2281","0.2121","3.7521","null","null","null",1,4,"Bot","null","null",,,600474,,"180425_032507","8.6846","-127.8600","-1.6490","-7.9578","25.5958","-18.9032","3.2705","1.5269","null","null","null","86.9950","1942","5.6680",529759,543699,600474,475582,435062,506703,607208,501213,572191,547180,"54.8293","null","null","null","null","null","null","null",34,"2","4-Seam Fastball",3,3,3,3,3,3,3,3,"Standard","Standard"
"FT","2018-04-24","88.3","-2.6906","5.9910","Tanner Roark",607776,543699,"null","called_strike",,,,,"7","null","R","R","R","SF","WSH","S","null","null",0,0,2018,"-1.2245","1.3314","-0.4187","2.2972","null","null","null",0,4,"Bot","null","null",,,600474,,"180425_032351","7.8968","-128.2568","-5.5518","-14.7732","24.5681","-16.9250","3.7387","1.6907","null","null","null","87.3920","1966","5.6490",529759,543699,600474,475582,435062,506703,607208,501213,572191,547180,"54.8481","null","null","null","null","null","null","null",33,"1","2-Seam Fastball",3,3,3,3,3,3,3,3,"Standard","Standard"
"CH","2018-04-24","81.0","2.7790","6.2528","Ty Blach",506703,621389,"null","ball",,,,,"13","null","R","R","L","SF","WSH","B","null","null",1,0,2018,"1.7742","0.6389","-0.0821","0.5204","null","null","null",2,4,"Top","null","null",,,457763,,"180425_032121","-9.1144","-117.0784","-6.9430","16.9268","21.6205","-25.7153","3.4332","1.5277","null","null","null","77.7460","1919","4.3100",529759,621389,457763,474832,605412,446334,543063,607776,453923,457705,"56.1879","null","null","null","null","null","null","null",32,"2","Changeup",3,3,3,3,3,3,3,3,"Standard","Standard"
"CH","2018-04-24","80.9","2.8099","6.3388","Ty Blach",506703,621389,"null","ball",,,,,"13","null","R","R","L","SF","WSH","B","null","null",0,0,2018,"1.5488","0.4228","-0.0361","1.4722","null","null","null",2,4,"Top","null","null",,,457763,,"180425_032106","-8.7293","-117.1313","-4.7825","14.9347","20.2941","-27.9698","3.2836","1.6714","null","null","null","78.1110","1838","4.4160",529759,621389,457763,474832,605412,446334,543063,607776,453923,457705,"56.0812","null","null","null","null","null","null","null",32,"1","Changeup",3,3,3,3,3,3,3,3,"Standard","Standard"
"SI","2018-04-24","89.5","3.2367","6.0130","Ty Blach",572191,621389,"null","ball",,,,,"14","null","R","R","L","SF","WSH","B","null","null",0,1,2018,"1.1174","0.6361","1.4959","1.4635","null","475582.00","501213.00",2,4,"Top","null","null",,,457763,,"180425_032004","-6.3291","-129.9185","-6.3129","13.3238","26.1087","-24.3248","3.2273","1.4316","null","null","null","87.1540","1910","4.8460",529759,621389,457763,474832,605412,446334,543063,607776,453923,457705,"55.6510","null","null","null","null","null","null","null",31,"2","Sinker",3,0,0,3,0,3,0,3,"Standard","Standard"
"SI","2018-04-24","90.0","3.1506","6.2005","Ty Blach",572191,621389,"null","called_strike",,,,,"12","null","R","R","L","SF","WSH","S","null","null",0,0,2018,"1.1870","0.9129","0.9682","2.7138","null","475582.00","501213.00",2,4,"Top","null","null",,,457763,,"180425_031944","-7.5591","-130.5872","-4.3829","14.4597","26.3837","-21.6235","3.3099","1.4436","null","null","null","87.5910","2053","4.8400",529759,621389,457763,474832,605412,446334,543063,607776,453923,457705,"55.6578","null","null","null","null","null","null","null",31,"1","Sinker",3,0,0,3,0,3,0,3,"Standard","Standard"
"SI","2018-04-24","89.0","3.0267","6.3159","Ty Blach",501213,621389,"null","ball",,,,,"14","null","R","R","L","SF","WSH","B","null","null",0,0,2018,"1.0402","0.7142","1.3010","1.2792","null","null","475582.00",2,4,"Top","null","null",,,457763,,"180425_031802","-6.1108","-129.0375","-7.5008","12.3093","26.0846","-23.3360","3.4008","1.4649","null","null","null","86.5860","1936","4.8890",529759,621389,457763,474832,605412,446334,543063,607776,453923,457705,"55.6087","null","null","null","null","null","null","null",30,"1","Sinker",3,0,0,3,0,3,0,3,"Standard","Standard"
"SI","2018-04-24","90.3","2.6627","6.2088","Ty Blach",475582,621389,"walk","ball",,,,,"13","Ryan Zimmerman walks.  ","R","R","L","SF","WSH","B","null","null",3,1,2018,"1.1655","0.7423","-0.6150","1.2800","null","null","null",2,4,"Top","null","null",,,457763,,"180425_031730","-10.2308","-130.7210","-7.5809","14.9079","26.6913","-22.7327","3.3913","1.6301","null","null","null","88.0210","1935","5.0790",529759,621389,457763,474832,605412,446334,543063,607776,453923,457705,"55.4184","null","null","0.70",1,0,0,"null",29,"5","Sinker",3,0,0,3,0,3,0,3,"Standard","Standard"
"SI","2018-04-24","90.6","2.8960","6.1281","Ty Blach",475582,621389,"null","ball",,,,,"14","null","R","R","L","SF","WSH","B","null","null",2,1,2018,"1.0410","0.7875","1.1095","2.0045","null","null","null",2,4,"Top","null","null",,,457763,,"180425_031710","-6.3972","-131.4214","-5.7974","12.8658","27.3008","-22.5196","3.5442","1.6520","null","null","null","88.3480","1990","5.0120",529759,621389,457763,474832,605412,446334,543063,607776,453923,457705,"55.4850","null","null","null","null","null","null","null",29,"4","Sinker",3,0,0,3,0,3,0,3,"Standard","Standard"
"CU","2018-04-24","75.5","2.7570","6.4456","Ty Blach",475582,621389,"null","ball",,,,,"12","null","R","R","L","SF","WSH","B","null","null",1,1,2018,"-0.7213","-1.1218","1.2305","2.6324","null","null","null",2,4,"Top","null","null",,,457763,,"180425_031654","-1.9090","-109.6207","1.0616","-5.1047","20.5083","-41.1872","3.3841","1.6374","null","null","null","72.9790","2205","4.6360",529759,621389,457763,474832,605412,446334,543063,607776,453923,457705,"55.8615","null","null","null","null","null","null","null",29,"3","Curveball",3,0,0,3,0,3,0,3,"Standard","Standard"
"CU","2018-04-24","75.4","2.7758","6.3495","Ty Blach",475582,621389,"null","ball",,,,,"14","null","R","R","L","SF","WSH","B","null","null",0,1,2018,"-0.7680","-1.1253","0.0584","1.2742","null","null","null",2,4,"Top","null","null",,,457763,,"180425_031637","-4.2196","-109.3113","-1.3630","-4.9131","22.0229","-40.6849","3.4733","1.6108","null","null","null","72.6270","2520","4.7150",529759,621389,457763,474832,605412,446334,543063,607776,453923,457705,"55.7825","null","null","null","null","null","null","null",29,"2","Curveball",3,0,0,3,0,3,0,3,"Standard","Standard"
"SI","2018-04-24","89.4","2.8834","6.1885","Ty Blach",475582,621389,"null","called_strike",,,,,"9","null","R","R","L","SF","WSH","S","null","null",0,0,2018,"0.9386","1.0090","0.5859","2.0307","null","null","null",2,4,"Top","null","null",,,457763,,"180425_031622","-7.3009","-129.5718","-5.9813","11.6297","29.2388","-20.4084","3.5561","1.6472","null","null","null","86.4950","2060","4.8390",529759,621389,457763,474832,605412,446334,543063,607776,453923,457705,"55.6582","null","null","null","null","null","null","null",29,"1","Sinker",3,0,0,3,0,3,0,3,"Standard","Standard"
"CH","2018-04-24","80.3","2.7841","6.2937","Ty Blach",547180,621389,"null","ball",,,,,"13","null","R","L","L","SF","WSH","B","null","null",0,2,2018,"1.4944","0.7130","-1.9980","0.1030","null","null","null",1,4,"Top","null","null",,,457763,,"180425_031525","-12.7822","-115.7769","-7.9255","15.0757","20.5159","-24.9341","3.1206","1.5068","null","null","null","77.7010","1922","4.8480",529759,621389,457763,474832,605412,446334,543063,607776,453923,457705,"55.6490","null","null","null","null","null","null","null",28,"3","Changeup",3,0,0,3,0,3,0,3,"Standard","Standard"
"SI","2018-04-24","90.3","2.7914","6.1075","Ty Blach",547180,621389,"null","called_strike",,,,,"4","null","R","L","L","SF","WSH","S","null","null",0,1,2018,"1.1224","1.0802","-0.5159","2.5122","null","null","null",1,4,"Top","null","null",,,457763,,"180425_031506","-10.2407","-130.8167","-5.0525","14.4517","26.1093","-19.4859","3.1771","1.5141","null","null","null","88.2580","2076","5.1390",529759,621389,457763,474832,605412,446334,543063,607776,453923,457705,"55.3580","null","null","null","null","null","null","null",28,"2","Sinker",3,0,0,3,0,3,0,3,"Standard","Standard"
"CU","2018-04-24","73.4","2.7276","6.5732","Ty Blach",435062,621389,"null","ball",,,,,"12","null","R","R","L","SF","WSH","B","null","null",0,0,2018,"-0.9023","-1.1552","0.0466","3.1201","null","null","null",0,4,"Top","null","null",,,457763,,"180425_031347","-3.8360","-106.5396","2.1265","-5.9031","17.4833","-41.1691","2.8552","1.3509","null","null","null","71.4030","2326","4.7840",529759,621389,457763,474832,605412,446334,543063,607776,453923,457705,"55.7134","null","null","null","null","null","null","null",27,"1","Curveball",3,0,0,3,0,3,0,3,"Standard","Standard"
"FT","2018-04-24","89.8","-2.7953","5.8585","Tanner Roark",474832,543699,"null","ball",,,,,"11","null","R","L","R","SF","WSH","B","null","null",1,2,2018,"-1.1424","0.9419","-0.1546","3.5628","605412.00","null","null",2,3,"Bot","null","null",,,600474,,"180425_030655","8.7789","-130.4404","-1.6763","-14.4880","24.0627","-21.4718","3.1111","1.5671","null","null","null","89.1540","1954","5.7120",529759,543699,600474,475582,435062,506703,607208,501213,572191,547180,"54.7853","null","null","null","null","null","null","null",24,"4","2-Seam Fastball",1,0,1,0,0,1,1,0,"Strategic","Standard"
"FF","2018-04-24","90.2","-2.7654","5.8257","Tanner Roark",474832,543699,"null","ball",,,,,"12","null","R","L","R","SF","WSH","B","null","null",0,1,2018,"-0.5558","1.6401","1.0576","2.7987","605412.00","null","null",2,3,"Bot","null","null",,,600474,,"180425_030602","10.6142","-130.7991","-4.9642","-8.5642","27.4131","-12.6507","3.1984","1.5525","null","null","null","89.7000","2036","6.1580",529759,543699,600474,475582,435062,506703,607208,501213,572191,547180,"54.3396","null","null","null","null","null","null","null",24,"2","4-Seam Fastball",1,0,1,0,0,1,1,0,"Strategic","Strategic"
"CU","2018-04-24","73.6","-2.9434","5.7136","Tanner Roark",457763,543699,"null","ball",,,,,"14","null","R","R","R","SF","WSH","B","null","null",0,2,2018,"0.7277","-1.4990","0.7066","0.1483","null","null","605412.00",1,3,"Bot","null","null",,,600474,,"180425_030410","6.0646","-106.6837","-1.2377","4.0476","22.2784","-43.1741","3.4531","1.5899","null","null","null","71.6740","2694","5.5140",529759,543699,600474,475582,435062,506703,607208,501213,572191,547180,"54.9838","null","null","null","null","null","null","null",23,"3","Curveball",1,0,1,0,0,1,1,0,"Standard","Standard"
"FT","2018-04-24","91.0","-2.4900","5.8916","Tanner Roark",457763,543699,"null","called_strike",,,,,"9","null","R","R","R","SF","WSH","S","null","null",0,1,2018,"-1.1639","1.1756","0.4749","1.9601","null","null","605412.00",1,3,"Bot","null","null",,,600474,,"180425_030343","9.7978","-131.9423","-6.3444","-15.4826","27.8090","-17.5176","3.5023","1.5972","null","null","null","90.1670","2051","5.9570",529759,543699,600474,475582,435062,506703,607208,501213,572191,547180,"54.5409","null","null","null","null","null","null","null",23,"2","2-Seam Fastball",1,0,1,0,0,1,1,0,"Standard","Standard"
"FT","2018-04-24","89.6","-2.6699","5.8865","Tanner Roark",457763,543699,"null","called_strike",,,,,"7","null","R","R","R","SF","WSH","S","null","null",0,0,2018,"-0.9824","1.1493","-0.4305","1.6260","null","null","605412.00",1,3,"Bot","null","null",,,600474,,"180425_030316","7.4888","-130.1500","-6.8357","-12.5224","26.6019","-18.1514","3.5314","1.6118","null","null","null","88.8300","2066","5.8490",529759,543699,600474,475582,435062,506703,607208,501213,572191,547180,"54.6487","null","null","null","null","null","null","null",23,"1","2-Seam Fastball",1,0,1,0,0,1,1,0,"Standard","Standard"
"SL","2018-04-24","83.5","-2.8426","5.8352","Tanner Roark",457705,543699,"null","ball",,,,,"14","null","R","R","R","SF","WSH","B","null","null",0,0,2018,"0.4361","0.2623","1.1373","1.2452","null","null","605412.00",0,3,"Bot","null","null",,,600474,,"180425_030213","8.2100","-121.2919","-4.6006","2.7396","21.9086","-29.0353","3.3841","1.6319","null","null","null","82.6340","2251","5.6350",529759,543699,600474,475582,435062,506703,607208,501213,572191,547180,"54.8621","null","null","null","null","null","null","null",22,"1","Slider",1,0,1,0,0,1,1,0,"Standard","Standard"
"FT","2018-04-24","90.9","-2.8142","5.8880","Tanner Roark",605412,543699,"null","ball",,,,,"11","null","R","L","R","SF","WSH","B","null","null",0,0,2018,"-1.2856","0.9315","-1.7878","3.4662","null","null","null",0,3,"Bot","null","null",,,600474,,"180425_030119","5.1806","-132.1895","-2.1206","-15.8055","25.6597","-21.2680","3.0435","1.4438","null","null","null","90.1110","2009","5.6400",529759,543699,600474,475582,435062,506703,607208,501213,572191,547180,"54.8579","null","null","null","null","null","null","null",21,"1","2-Seam Fastball",1,0,1,0,0,1,1,0,"Standard","Standard"
"SI","2018-04-24","89.1","2.7090","6.3116","Ty Blach",607208,621389,"null","ball",,,,,"14","null","R","R","L","SF","WSH","B","null","null",2,1,2018,"1.2353","0.9638","1.1910","2.0342","null","null","null",2,3,"Top","null","null",,,457763,,"180425_025834","-6.0428","-129.4261","-6.2820","14.5183","24.9718","-20.8039","3.4486","1.5937","null","null","null","87.2750","1995","5.0620",529759,621389,457763,474832,605412,446334,543063,607776,453923,457705,"55.4353","null","null","null","null","null","null","null",20,"4","Sinker",1,0,0,1,0,1,0,1,"Standard","Standard"
"CH","2018-04-24","80.6","2.8352","6.3456","Ty Blach",607208,621389,"null","ball",,,,,"12","null","R","R","L","SF","WSH","B","null","null",1,1,2018,"1.2782","0.4439","2.2504","2.9881","null","null","null",2,3,"Top","null","null",,,457763,,"180425_025818","-3.4943","-117.0299","-1.5323","11.8262","22.3139","-28.2998","3.4558","1.6447","null","null","null","78.3960","1873","4.8800",529759,621389,457763,474832,605412,446334,543063,607776,453923,457705,"55.6176","null","null","null","null","null","null","null",20,"3","Changeup",1,0,0,1,0,1,0,1,"Standard","Standard"
"CH","2018-04-24","80.6","2.9001","6.3082","Ty Blach",607208,621389,"null","ball",,,,,"14","null","R","R","L","SF","WSH","B","null","null",0,1,2018,"1.3757","0.6119","1.2590","1.5528","null","null","null",2,3,"Top","null","null",,,457763,,"180425_025801","-5.9143","-116.8791","-4.8402","13.0508","21.1635","-26.2531","3.4558","1.5864","null","null","null","78.3040","1987","4.7760",529759,621389,457763,474832,605412,446334,543063,607776,453923,457705,"55.7219","null","null","null","null","null","null","null",20,"2","Changeup",1,0,0,1,0,1,0,1,"Standard","Standard"
"CU","2018-04-24","75.5","2.6573","6.4751","Ty Blach",607208,621389,"null","called_strike",,,,,"9","null","R","R","L","SF","WSH","S","null","null",0,0,2018,"-0.9487","-1.3273","0.2967","1.6589","null","null","null",2,3,"Top","null","null",,,457763,,"180425_025743","-3.2123","-109.4296","-0.5339","-6.4374","22.3246","-42.3426","3.4950","1.6592","null","null","null","72.4770","2418","4.5640",529759,621389,457763,474832,605412,446334,543063,607776,453923,457705,"55.9330","null","null","null","null","null","null","null",20,"1","Curveball",1,0,0,1,0,1,0,1,"Standard","Standard"
"SI","2018-04-24","89.1","2.7256","6.3093","Ty Blach",543699,621389,"null","called_strike",,,,,"5","null","R","R","L","SF","WSH","S","null","null",0,0,2018,"1.0602","0.9941","-0.0256","2.2727","null","null","null",1,3,"Top","null","null",,,457763,,"180425_025658","-8.6139","-129.1074","-5.6868","13.0601","25.7891","-20.6803","3.4649","1.5844","null","null","null","86.7950","2008","4.9680",529759,621389,457763,474832,605412,446334,543063,607776,453923,457705,"55.5297","null","null","null","null","null","null","null",19,"1","Sinker",1,0,0,1,0,1,0,1,"Standard","Standard"
"SI","2018-04-24","89.1","2.5920","6.3534","Ty Blach",600474,621389,"strikeout","called_strike",,,,,"13","Pedro Severino called out on strikes.  ","R","R","L","SF","WSH","S",2,"null",2,2,2018,"1.2189","1.0160","-0.9102","2.0398","null","null","null",0,3,"Top","null","null",,,457763,,"180425_025629","-10.7121","-128.9259","-6.3409","15.2290","27.2395","-20.3149","3.4739","1.4840","null","null","null","86.5400","1943","5.0090",529759,621389,457763,474832,605412,446334,543063,607776,453923,457705,"55.4887","null","null","0.00",1,0,0,"null",18,"5","Sinker",1,0,0,1,0,1,0,1,"Standard","Standard"
"SI","2018-04-24","89.3","2.7106","6.3336","Ty Blach",600474,621389,"null","called_strike",,,,,"4","null","R","R","L","SF","WSH","S","null","null",2,1,2018,"1.3175","0.9519","-0.3297","2.3331","null","null","null",0,3,"Top","null","null",,,457763,,"180425_025610","-9.8434","-129.4551","-5.5835","16.1502","25.5034","-21.0726","3.5686","1.5940","null","null","null","87.1740","1978","5.0270",529759,621389,457763,474832,605412,446334,543063,607776,453923,457705,"55.4703","null","null","null","null","null","null","null",18,"4","Sinker",1,0,0,1,0,1,0,1,"Standard","Standard"
"SI","2018-04-24","89.3","2.7853","6.3964","Ty Blach",600474,621389,"null","called_strike",,,,,"12","null","R","R","L","SF","WSH","S","null","null",2,0,2018,"1.2932","1.2826","1.0941","2.9739","null","null","null",0,3,"Top","null","null",,,457763,,"180425_025556","-6.5608","-129.4679","-4.7671","15.2695","28.9445","-17.7247","3.3906","1.5344","null","null","null","null","2019","4.9750",529759,621389,457763,474832,605412,446334,543063,607776,453923,457705,"55.5229","null","null","null","null","null","null","null",18,"3","Sinker",1,0,0,1,0,1,0,1,"Standard","Standard"
"CH","2018-04-24","78.8","2.9487","6.4112","Ty Blach",600474,621389,"null","ball",,,,,"12","null","R","R","L","SF","WSH","B","null","null",1,0,2018,"1.5202","0.7132","2.2565","3.4363","null","null","null",0,3,"Top","null","null",,,457763,,"180425_025543","-4.0127","-114.3453","-0.8106","13.3067","22.1955","-26.4584","3.4465","1.4812","null","null","null","76.1340","1856","4.6300",529759,621389,457763,474832,605412,446334,543063,607776,453923,457705,"55.8677","null","null","null","null","null","null","null",18,"2","Changeup",1,0,0,1,0,1,0,1,"Standard","Standard"
"SI","2018-04-24","88.4","2.9023","6.2048","Ty Blach",600474,621389,"null","ball",,,,,"14","null","R","R","L","SF","WSH","B","null","null",0,0,2018,"1.0257","0.9313","1.0687","2.2373","null","null","null",0,3,"Top","null","null",,,457763,,"180425_025530","-6.3417","-128.3365","-5.3469","12.1141","24.0116","-21.5042","3.4538","1.4739","null","null","null","86.6550","1958","5.0920",529759,621389,457763,474832,605412,446334,543063,607776,453923,457705,"55.4058","null","null","null","null","null","null","null",18,"1","Sinker",1,0,0,1,0,1,0,1,"Standard","Standard"
"CH","2018-04-24","82.9","-3.1430","5.8273","Tanner Roark",453923,543699,"null","ball",,,,,"13","null","R","L","R","SF","WSH","B","null","null",1,0,2018,"-1.1392","0.9719","-1.4475","1.7072","null","null","543063.00",2,2,"Bot","null","null",,,600474,,"180425_025236","5.9754","-120.4976","-4.7332","-12.0128","23.0668","-22.2387","3.0325","1.5442","null","null","null","82.0160","1670","5.7210",529759,543699,600474,475582,435062,506703,607208,501213,572191,547180,"54.7764","null","null","null","null","null","null","null",17,"2","Changeup",1,0,1,0,0,1,1,0,"Standard","Standard"
"CH","2018-04-24","83.4","-3.1170","5.8709","Tanner Roark",453923,543699,"null","ball",,,,,"13","null","R","L","R","SF","WSH","B","null","null",0,0,2018,"-1.1260","0.8039","-1.6297","1.9157","null","null","543063.00",2,2,"Bot","null","null",,,600474,,"180425_025216","5.4839","-121.2579","-4.1477","-11.8670","22.6807","-23.9026","3.0179","1.5442","null","null","null","82.3880","1726","5.5580",529759,543699,600474,475582,435062,506703,607208,501213,572191,547180,"54.9393","null","null","null","null","null","null","null",17,"1","Changeup",1,0,1,0,0,1,1,0,"Standard","Standard"
"CU","2018-04-24","72.9","-3.0322","5.8648","Tanner Roark",621389,543699,"null","called_strike",,,,,"4","null","R","R","R","SF","WSH","S","null","null",0,1,2018,"1.0899","-1.4286","-0.6645","2.4378","null","null","543063.00",1,2,"Bot","null","null",,,600474,,"180425_025110","2.8902","-105.7590","2.9341","7.2375","20.8558","-43.2951","3.5608","1.5407","null","null","null","70.9960","2767","5.3340",529759,543699,600474,475582,435062,506703,607208,501213,572191,547180,"55.1635","null","null","null","null","null","null","null",16,"2","Curveball",1,0,1,0,0,1,1,0,"Strategic","Strategic"
"FF","2018-04-24","90.7","-2.7454","5.9311","Tanner Roark",543063,543699,"null","ball",,,,,"12","null","R","L","R","SF","WSH","B","null","null",1,1,2018,"-0.7067","1.3906","0.3123","3.6526","null","null","607776.00",0,2,"Bot","null","null",,,600474,,"180425_024938","9.0191","-131.8119","-2.6947","-9.8551","25.1554","-15.8742","3.2778","1.5342","null","null","null","90.1140","2230","5.7720",529759,543699,600474,475582,435062,506703,607208,501213,572191,547180,"54.7252","null","null","null","null","null","null","null",15,"3","4-Seam Fastball",1,0,1,0,0,1,1,0,"Standard","Standard"
"CH","2018-04-24","84.1","-3.1527","5.8568","Tanner Roark",543063,543699,"null","ball",,,,,"13","null","R","L","R","SF","WSH","B","null","null",0,0,2018,"-1.2143","1.0694","-0.2206","0.8196","null","null","607776.00",0,2,"Bot","null","null",,,600474,,"180425_024847","9.0044","-121.9412","-7.2446","-13.5495","22.4589","-20.6007","3.2196","1.5342","null","null","null","83.1030","1768","5.6820",529759,543699,600474,475582,435062,506703,607208,501213,572191,547180,"54.8152","null","null","null","null","null","null","null",15,"1","Changeup",1,0,1,0,0,1,1,0,"Standard","Standard"
"SL","2018-04-24","85.4","-2.8243","5.9782","Tanner Roark",607776,543699,"null","ball",,,,,"14","null","R","R","R","SF","WSH","B","null","null",1,1,2018,"0.4046","0.4623","1.4348","0.8511","null","null","null",0,2,"Bot","null","null",,,600474,,"180425_024745","9.0543","-123.7973","-6.5411","2.3475","23.1950","-26.5744","3.5696","1.6017","null","null","null","83.9420","2447","5.4040",529759,543699,600474,475582,435062,506703,607208,501213,572191,547180,"55.0936","null","null","null","null","null","null","null",14,"3","Slider",1,0,1,0,0,1,1,0,"Standard","Standard"
"SL","2018-04-24","84.1","-2.8083","5.9083","Tanner Roark",607776,543699,"null","ball",,,,,"14","null","R","R","R","SF","WSH","B","null","null",0,1,2018,"0.2684","0.5693","0.9438","1.4882","null","null","null",0,2,"Bot","null","null",,,600474,,"180425_024730","8.0323","-122.1422","-4.8920","1.1694","21.9786","-25.9898","3.6569","1.6236","null","null","null","82.8710","2323","5.3830",529759,543699,600474,475582,435062,506703,607208,501213,572191,547180,"55.1142","null","null","null","null","null","null","null",14,"2","Slider",1,0,1,0,0,1,1,0,"Standard","Standard"
"CH","2018-04-24","80.2","2.8830","6.3735","Ty Blach",506703,621389,"null","called_strike",,,,,"14","null","R","R","L","SF","WSH","S","null","null",0,0,2018,"1.0751","0.8237","0.9358","2.0314","null","null","null",2,2,"Top","null","null",,,457763,,"180425_024437","-6.0525","-116.3184","-4.1633","10.4703","23.9798","-24.5671","3.3043","1.5656","null","null","null","77.6810","2035","4.9070",529759,621389,457763,474832,605412,446334,543063,607776,453923,457705,"55.5902","null","null","null","null","null","null","null",13,"1","Changeup",1,0,0,1,0,1,0,1,"Standard","Standard"
"SL","2018-04-24","77.5","2.5610","6.3776","Ty Blach",572191,621389,"null","ball",,,,,"13","null","R","R","L","SF","WSH","B","null","null",1,2,2018,"-0.4562","-0.4818","-1.3380","-0.1921","null","null","null",1,2,"Top","null","null",,,457763,,"180425_024315","-7.2763","-112.2226","-6.0104","-2.3023","20.4091","-35.2176","3.2379","1.4337","null","null","null","74.7790","2394","4.5670",529759,621389,457763,474832,605412,446334,543063,607776,453923,457705,"55.9307","null","null","null","null","null","null","null",12,"4","Slider",1,0,0,1,0,1,0,1,"Standard","Standard"
"SI","2018-04-24","90.4","2.9412","6.2616","Ty Blach",572191,621389,"null","ball",,,,,"12","null","R","R","L","SF","WSH","B","null","null",0,2,2018,"1.3549","0.6659","1.9506","2.5755","null","null","null",1,2,"Top","null","null",,,457763,,"180425_024300","-5.1068","-131.3235","-4.4697","16.1207","28.6616","-24.1086","3.3544","1.4337","null","null","null","88.3100","1963","5.1440",529759,621389,457763,474832,605412,446334,543063,607776,453923,457705,"55.3538","null","null","null","null","null","null","null",12,"3","Sinker",1,0,0,1,0,1,0,1,"Standard","Standard"
"SI","2018-04-24","90.4","2.5752","6.3939","Ty Blach",572191,621389,"null","called_strike",,,,,"12","null","R","R","L","SF","WSH","S","null","null",0,0,2018,"1.2489","0.8157","0.0766","3.4050","null","null","null",1,2,"Top","null","null",,,457763,,"180425_024218","-8.5177","-131.0506","-3.0538","15.5348","27.2052","-22.8260","3.2544","1.5132","null","null","null","88.1100","1971","5.0240",529759,621389,457763,474832,605412,446334,543063,607776,453923,457705,"55.4730","null","null","null","null","null","null","null",12,"1","Sinker",1,0,0,1,0,1,0,1,"Strategic","Standard"
"SI","2018-04-24","90.9","2.4544","6.4588","Ty Blach",501213,621389,"strikeout","called_strike",,,,,"1","Moises Sierra called out on strikes.  ","R","R","L","SF","WSH","S",2,"null",2,2,2018,"1.0438","1.0588","-0.7030","2.8339","null","null","null",0,2,"Top","null","null",,,457763,,"180425_024148","-9.6630","-131.7640","-5.1652","13.3597","24.3193","-19.7399","3.3100","1.4526","null","null","null","88.4000","2110","4.6510",529759,621389,457763,474832,605412,446334,543063,607776,453923,457705,"55.8463","null","null","0.00",1,0,0,"null",11,"5","Sinker",1,0,0,1,0,1,0,1,"Standard","Standard"
"SI","2018-04-24","89.8","2.6772","6.4378","Ty Blach",501213,621389,"null","ball",,,,,"13","null","R","R","L","SF","WSH","B","null","null",1,1,2018,"1.0866","1.4207","-0.6205","1.3644","null","null","null",0,2,"Top","null","null",,,457763,,"180425_024056","-10.0064","-129.9023","-9.0922","13.7346","25.9720","-15.2925","3.3062","1.5013","null","null","null","87.2070","2080","4.8780",529759,621389,457763,474832,605412,446334,543063,607776,453923,457705,"55.6198","null","null","null","null","null","null","null",11,"3","Sinker",1,0,0,1,0,1,0,1,"Standard","Standard"
"CH","2018-04-24","78.6","2.9692","6.4170","Ty Blach",501213,621389,"null","ball",,,,,"14","null","R","R","L","SF","WSH","B","null","null",0,1,2018,"1.2771","1.0148","0.4963","1.2469","null","null","null",0,2,"Top","null","null",,,457763,,"180425_024045","-7.2697","-113.7996","-5.8602","11.7253","20.3772","-23.1454","3.3353","1.5013","null","null","null","75.7880","2004","4.4700",529759,621389,457763,474832,605412,446334,543063,607776,453923,457705,"56.0277","null","null","null","null","null","null","null",11,"2","Changeup",1,0,0,1,0,1,0,1,"Standard","Standard"
"CH","2018-04-24","79.4","2.8669","6.5851","Ty Blach",501213,621389,"null","called_strike",,,,,"9","null","R","R","L","SF","WSH","S","null","null",0,0,2018,"1.2766","1.1692","0.4550","1.8355","null","null","null",0,2,"Top","null","null",,,457763,,"180425_024031","-7.2413","-114.9945","-5.4295","12.0076","21.4945","-21.7099","3.2935","1.4573","null","null","null","76.6300","2207","4.5760",529759,621389,457763,474832,605412,446334,543063,607776,453923,457705,"55.9211","null","null","null","null","null","null","null",11,"1","Changeup",1,0,0,1,0,1,0,1,"Standard","Standard"
"FT","2018-04-24","91.5","-2.4415","6.0191","Tanner Roark",446334,543699,"strikeout","called_strike",,,,,"12","Evan Longoria called out on strikes.  ","R","R","R","SF","WSH","S",2,"null",1,2,2018,"-1.2038","1.2560","0.8562","2.8128","457763.00","474832.00","null",2,1,"Bot","null","null",,,600474,,"180425_023808","10.7457","-132.6398","-4.7497","-16.3520","30.0248","-16.8275","3.6643","1.7250","null","null","null","90.2790","2078","5.8850",529759,543699,600474,475582,435062,506703,607208,501213,572191,547180,"54.6123","null","null","0.00",1,0,0,"null",10,"6","2-Seam Fastball",1,0,1,0,0,1,1,0,"Standard","Standard"
"CU","2018-04-24","74.2","-3.0619","5.6726","Tanner Roark",446334,543699,"null","ball",,,,,"14","null","R","R","R","SF","WSH","B","null","null",0,2,2018,"1.0917","-1.2498","1.1934","0.2413","605412.00","457763.00","474832.00",2,1,"Bot","null","null",,,600474,,"180425_023624","6.7496","-107.7314","-1.6363","7.0191","20.0380","-41.6061","3.6005","1.7177","null","null","null","73.0760","2795","5.7230",529759,543699,600474,475582,435062,506703,607208,501213,572191,547180,"54.7743","null","null","null","null","null","null","null",10,"3","Curveball",0,0,0,0,0,0,0,0,"Standard","Standard"
"SL","2018-04-24","84.4","-2.8584","5.9145","Tanner Roark",446334,543699,"null","called_strike",,,,,"14","null","R","R","R","SF","WSH","S","null","null",0,0,2018,"0.0985","0.5389","0.7778","1.4979","605412.00","457763.00","474832.00",2,1,"Bot","null","null",,,600474,,"180425_023529","8.1325","-122.4603","-4.8496","-0.6164","23.8182","-26.2018","3.6199","1.6770","null","null","null","83.1070","2281","5.5560",529759,543699,600474,475582,435062,506703,607208,501213,572191,547180,"54.9413","null","null","null","null","null","null","null",10,"1","Slider",0,0,0,0,0,0,0,0,"Standard","Standard"
"FT","2018-04-24","91.1","-2.8895","5.9616","Tanner Roark",474832,543699,"walk","ball",,,,,"12","Brandon Belt walks.   Joe Panik to 3rd.    Buster Posey to 2nd.  ","R","L","R","SF","WSH","B","null","null",3,1,2018,"-1.1979","1.2089","0.9563","2.5367","null","605412.00","457763.00",2,1,"Bot","null","null",,,600474,,"180425_023447","11.9340","-132.0160","-5.1412","-16.0179","25.3412","-17.5638","3.2190","1.4146","null","null","null","89.9020","2028","5.5630",529759,543699,600474,475582,435062,506703,607208,501213,572191,547180,"54.9342","null","null","0.70",1,0,0,"null",9,"5","2-Seam Fastball",0,0,0,0,0,0,0,0,"Strategic","Strategic"
"FT","2018-04-24","90.6","-2.8679","5.9712","Tanner Roark",474832,543699,"null","ball",,,,,"11","null","R","L","R","SF","WSH","B","null","null",2,1,2018,"-1.1007","1.1969","-0.7235","3.9251","null","605412.00","457763.00",2,1,"Bot","null","null",,,600474,,"180425_023410","7.5385","-131.6411","-1.6855","-14.0283","25.3318","-18.3993","3.2190","1.3699","null","null","null","89.7790","2040","5.6560",529759,543699,600474,475582,435062,506703,607208,501213,572191,547180,"54.8410","null","null","null","null","null","null","null",9,"4","2-Seam Fastball",0,0,0,0,0,0,0,0,"Strategic","Strategic"
"FT","2018-04-24","90.0","-2.6751","6.0136","Tanner Roark",474832,543699,"null","ball",,,,,"12","null","R","L","R","SF","WSH","B","null","null",1,1,2018,"-1.2864","1.1100","1.0032","2.9985","null","605412.00","457763.00",2,1,"Bot","null","null",,,600474,,"180425_023345","11.5916","-130.5126","-3.7764","-16.6066","24.0095","-19.2093","3.2637","1.5713","null","null","null","89.0990","1954","5.6410",529759,543699,600474,475582,435062,506703,607208,501213,572191,547180,"54.8567","null","null","null","null","null","null","null",9,"3","2-Seam Fastball",0,0,0,0,0,0,0,0,"Strategic","Strategic"
"FF","2018-04-24","90.5","-2.6898","6.0475","Tanner Roark",474832,543699,"null","ball",,,,,"12","null","R","L","R","SF","WSH","B","null","null",0,0,2018,"-0.4884","1.3978","1.5560","3.1090","null","605412.00","457763.00",2,1,"Bot","null","null",,,600474,,"180425_023250","11.4387","-131.3153","-4.2680","-7.7201","24.7577","-15.6687","3.2973","1.5936","null","null","null","89.6470","2064","5.6760",529759,543699,600474,475582,435062,506703,607208,501213,572191,547180,"54.8209","null","null","null","null","null","null","null",9,"1","4-Seam Fastball",0,0,0,0,0,0,0,0,"Strategic","Strategic"
"FT","2018-04-24","91.2","-2.6441","5.9572","Tanner Roark",457763,543699,"null","called_strike",,,,,"9","null","R","R","R","SF","WSH","S","null","null",0,0,2018,"-1.3201","1.2962","0.2969","2.1538","null","null","605412.00",2,1,"Bot","null","null",,,600474,,"180425_023105","10.0306","-132.2238","-6.2694","-17.3144","28.3004","-16.1849","3.4724","1.6014","null","null","null","89.9980","2022","5.7630",529759,543699,600474,475582,435062,506703,607208,501213,572191,547180,"54.7344","null","null","null","null","null","null","null",8,"1","2-Seam Fastball",0,0,0,0,0,0,0,0,"Standard","Standard"
"FT","2018-04-24","91.3","-2.5561","6.0211","Tanner Roark",457705,543699,"null","ball",,,,,"11","null","R","R","R","SF","WSH","B","null","null",2,2,2018,"-1.2467","1.0095","-0.8911","3.9805","null","null","605412.00",1,1,"Bot","null","null",,,600474,,"180425_022959","6.6970","-132.5962","-1.3280","-15.7626","28.3336","-20.5382","3.3359","1.6774","null","null","null","90.0120","2098","5.6050",529759,543699,600474,475582,435062,506703,607208,501213,572191,547180,"54.8929","null","null","null","null","null","null","null",7,"5","2-Seam Fastball",0,0,0,0,0,0,0,0,"Standard","Standard"
"CH","2018-04-24","82.5","-2.9057","5.9039","Tanner Roark",457705,543699,"null","ball",,,,,"13","null","R","R","R","SF","WSH","B","null","null",1,2,2018,"-1.1843","0.9441","-0.2979","0.8424","null","null","605412.00",1,1,"Bot","null","null",,,600474,,"180425_022917","8.0756","-119.7414","-6.7412","-12.6453","20.8006","-22.2603","3.2800","1.6439","null","null","null","81.8390","1741","5.7610",529759,543699,600474,475582,435062,506703,607208,501213,572191,547180,"54.7366","null","null","null","null","null","null","null",7,"4","Changeup",0,0,0,0,0,0,0,0,"Standard","Standard"
"FT","2018-04-24","90.8","-2.6138","6.0414","Tanner Roark",457705,543699,"null","ball",,,,,"9","null","R","R","R","SF","WSH","B","null","null",0,0,2018,"-1.1189","1.2917","0.7153","1.5806","null","null","605412.00",1,1,"Bot","null","null",,,600474,,"180425_022742","10.5047","-131.4362","-7.7271","-15.0134","29.9442","-16.1086","3.3583","1.6215","null","null","null","89.1450","2130","5.7260",529759,543699,600474,475582,435062,506703,607208,501213,572191,547180,"54.7715","null","null","null","null","null","null","null",7,"1","2-Seam Fastball",0,0,0,0,0,0,0,0,"Standard","Standard"
"CU","2018-04-24","75.9","-3.0104","5.9131","Tanner Roark",605412,543699,"null","ball",,,,,"14","null","R","L","R","SF","WSH","B","null","null",1,1,2018,"0.9801","-1.0864","1.3335","0.5985","null","null","null",1,1,"Bot","null","null",,,600474,,"180425_022530","7.2319","-110.0105","-1.9895","6.1363","22.1300","-40.4948","3.1811","1.4183","null","null","null","73.8230","2837","5.2620",529759,543699,600474,475582,435062,506703,607208,501213,572191,547180,"55.2355","null","null","null","null","null","null","null",6,"3","Curveball",0,0,0,0,0,0,0,0,"Standard","Standard"
"FT","2018-04-24","91.1","-2.9127","6.0186","Tanner Roark",605412,543699,"null","ball",,,,,"13","null","R","L","R","SF","WSH","B","null","null",0,0,2018,"-1.4864","0.9317","-1.2598","1.0882","null","null","null",1,1,"Bot","null","null",,,600474,,"180425_022451","7.1470","-132.1567","-8.2805","-18.5175","27.8962","-20.0129","3.1923","1.4407","null","null","null","89.8120","1814","5.6460",529759,543699,600474,475582,435062,506703,607208,501213,572191,547180,"54.8514","null","null","null","null","null","null","null",6,"1","2-Seam Fastball",0,0,0,0,0,0,0,0,"Standard","Standard"
"CH","2018-04-24","83.0","-3.1558","5.9231","Tanner Roark",453923,543699,"null","ball",,,,,"13","null","R","L","R","SF","WSH","B","null","null",1,2,2018,"-1.1818","0.9740","-1.4289","0.6615","null","null","null",0,1,"Bot","null","null",,,600474,,"180425_022352","6.0898","-120.5083","-7.3426","-12.3412","20.7338","-21.8300","3.0179","1.5635","null","null","null","82.1020","1743","5.5520",529759,543699,600474,475582,435062,506703,607208,501213,572191,547180,"54.9452","null","null","null","null","null","null","null",5,"4","Changeup",0,0,0,0,0,0,0,0,"Standard","Standard"
"FF","2018-04-24","89.2","-2.8212","6.1740","Tanner Roark",453923,543699,"null","ball",,,,,"11","null","R","L","R","SF","WSH","B","null","null",0,2,2018,"-0.6856","1.6426","-0.8329","4.4638","null","null","null",0,1,"Bot","null","null",,,600474,,"180425_022336","6.1822","-129.5913","-1.5056","-8.7752","26.3586","-14.1076","3.0291","1.5411","null","null","null","87.9140","2098","5.5090",529759,543699,600474,475582,435062,506703,607208,501213,572191,547180,"54.9884","null","null","null","null","null","null","null",5,"3","4-Seam Fastball",0,0,0,0,0,0,0,0,"Standard","Standard"
"FF","2018-04-24","89.9","-2.7100","6.0806","Tanner Roark",453923,543699,"null","called_strike",,,,,"14","null","R","L","R","SF","WSH","S","null","null",0,1,2018,"-0.8663","1.4655","0.8355","2.0813","null","null","null",0,1,"Bot","null","null",,,600474,,"180425_022318","10.4488","-130.2925","-6.8698","-11.8175","26.1693","-14.5838","2.9608","1.5523","null","null","null","88.9530","2087","5.8250",529759,543699,600474,475582,435062,506703,607208,501213,572191,547180,"54.6727","null","null","null","null","null","null","null",5,"2","4-Seam Fastball",0,0,0,0,0,0,0,0,"Strategic","Standard"
"FF","2018-04-24","89.6","-2.6538","6.1359","Tanner Roark",453923,543699,"null","called_strike",,,,,"2","null","R","L","R","SF","WSH","S","null","null",0,0,2018,"-0.5312","1.6140","-0.1154","2.7890","null","null","null",0,1,"Bot","null","null",,,600474,,"180425_022304","7.2436","-130.1065","-5.4893","-7.3644","26.5897","-13.4231","3.0056","1.5635","null","null","null","88.3610","2080","5.5720",529759,543699,600474,475582,435062,506703,607208,501213,572191,547180,"54.9249","null","null","null","null","null","null","null",5,"1","4-Seam Fastball",0,0,0,0,0,0,0,0,"Standard","Standard"
"SI","2018-04-24","91.3","3.0810","6.2796","Ty Blach",475582,621389,"null","ball",,,,,"12","null","R","R","L","SF","WSH","B","null","null",1,0,2018,"1.3273","0.7956","1.4268","2.7437","null","null","435062.00",2,1,"Top","null","null",,,457763,,"180425_021955","-6.7175","-132.4499","-4.5100","16.4092","28.3974","-22.5135","3.5484","1.6640","null","null","null","89.1200","2126","5.1170",529759,621389,457763,474832,605412,446334,543063,607776,453923,457705,"55.3805","null","null","null","null","null","null","null",4,"2","Sinker",0,0,0,0,0,0,0,0,"Standard","Standard"
"CH","2018-04-24","80.5","3.0819","6.3843","Ty Blach",475582,621389,"null","ball",,,,,"14","null","R","R","L","SF","WSH","B","null","null",0,0,2018,"1.5010","0.4955","1.2006","1.2758","null","null","435062.00",2,1,"Top","null","null",,,457763,,"180425_021935","-6.6582","-116.7225","-5.3724","14.2811","21.4908","-27.1597","3.5708","1.6528","null","null","null","78.2580","1875","4.8570",529759,621389,457763,474832,605412,446334,543063,607776,453923,457705,"55.6403","null","null","null","null","null","null","null",4,"1","Changeup",0,0,0,0,0,0,0,0,"Standard","Standard"
"SI","2018-04-24","91.0","2.9889","6.4656","Ty Blach",547180,621389,"null","called_strike",,,,,"9","null","R","L","L","SF","WSH","S","null","null",0,0,2018,"1.1159","1.0613","0.4635","1.8277","null","null","435062.00",1,1,"Top","null","null",,,457763,,"180425_021636","-8.3147","-131.9422","-7.6446","14.0471","25.9152","-19.1383","3.1332","1.5110","null","null","null","88.5220","2161","4.7730",529759,621389,457763,474832,605412,446334,543063,607776,453923,457705,"55.7244","null","null","null","null","null","null","null",3,"1","Sinker",0,0,0,0,0,0,0,0,"Standard","Standard"
"SI","2018-04-24","89.2","2.8254","6.4721","Ty Blach",607208,621389,"null","ball",,,,,"12","null","R","R","L","SF","WSH","B","null","null",0,0,2018,"1.2743","1.0321","1.1721","2.8094","null","null","null",0,1,"Top","null","null",,,457763,,"180425_021453","-6.3477","-129.4269","-4.8386","14.8087","26.7001","-20.5440","3.4292","1.6656","null","null","null","86.3430","2049","4.5960",529759,621389,457763,474832,605412,446334,543063,607776,453923,457705,"55.9016","null","null","null","null","null","null","null",1,"1","Sinker",0,0,0,0,0,0,0,0,"Standard","Standard"