"pitch_type","game_date","release_speed","release_pos_x","release_pos_z","player_name","batter","pitcher","events","description","spin_dir","spin_rate_deprecated","break_angle_deprecated","break_length_deprecated","zone","des","game_type","stand","p_throws","home_team","away_team","type","hit_location","bb_type","balls","strikes","game_year","pfx_x","pfx_z","plate_x","plate_z","on_3b","on_2b","on_1b","outs_when_up","inning","inning_topbot","hc_x","hc_y","tfs_deprecated","tfs_zulu_deprecated","pos2_person_id","umpire","sv_id","vx0","vy0","vz0","ax","ay","az","sz_top","sz_bot","hit_distance_sc","launch_speed","launch_angle","effective_speed","release_spin_rate","release_extension","game_pk","pos1_person_id","pos2_person_id","pos3_person_id","pos4_person_id","pos5_person_id","pos6_person_id","pos7_person_id","pos8_person_id","pos9_person_id","release_pos_y","estimated_ba_using_speedangle","estimated_woba_using_speedangle","woba_value","woba_denom","babip_value","iso_value","launch_speed_angle","at_bat_number","pitch_number","pitch_name","home_score","away_score","bat_score","fld_score","post_away_score","post_home_score","post_bat_score","post_fld_score","if_fielding_alignment","of_fielding_alignment"
"FF","2018-07-04","95.0","-1.7440","6.1992","Wade Davis",457763,451584,"null","called_strike",,,,,"9","null","R","R","R","COL","SF","S","null","null",3,0,2018,"0.2992","0.9957","0.6598","2.0174","null","null","457705.00",2,9,"Top","null","null",,,455104,,"180705_023933","5.6514","-138.4450","-7.7175","3.0139","22.6618","-17.9566","3.5096","1.6064","null","null","null","96.4710","2543","6.4650",530705,451584,455104,435622,518934,571448,596115,467827,453568,571595,"54.0365","null","null","null","null","null","null","null",63,"4","4-Seam Fastball",1,0,0,1,0,1,0,1,"Standard","Strategic"
"FF","2018-07-04","95.1","-1.6785","6.2146","Wade Davis",457763,451584,"null","ball",,,,,"14","null","R","R","R","COL","SF","B","null","null",2,0,2018,"0.1834","1.1520","1.1556","2.0078","null","null","457705.00",2,9,"Top","null","null",,,455104,,"180705_023859","7.0480","-138.4223","-8.1116","1.1497","24.6738","-15.7809","3.5062","1.5981","null","null","null","96.2870","2514","6.5120",530705,451584,455104,435622,518934,571448,596115,467827,453568,571595,"53.9902","null","null","null","null","null","null","null",63,"3","4-Seam Fastball",1,0,0,1,0,1,0,1,"Standard","Strategic"
"FC","2018-07-04","89.7","-1.8710","6.2028","Wade Davis",457763,451584,"null","ball",,,,,"12","null","R","R","R","COL","SF","B","null","null",1,0,2018,"0.3888","0.2723","0.3218","3.7683","null","null","457705.00",2,9,"Top","null","null",,,455104,,"180705_023829","4.5896","-130.7342","-0.7189","3.6594","22.4361","-29.1301","3.4895","1.5981","null","null","null","89.8700","2676","5.8970",530705,451584,455104,435622,518934,571448,596115,467827,453568,571595,"54.6045","null","null","null","null","null","null","null",63,"2","Cutter",1,0,0,1,0,1,0,1,"Standard","Strategic"
"FC","2018-07-04","90.5","-1.9915","6.0892","Wade Davis",457763,451584,"null","ball",,,,,"14","null","R","R","R","COL","SF","B","null","null",0,0,2018,"0.5600","0.3661","1.1987","1.6795","null","null","457705.00",2,9,"Top","null","null",,,455104,,"180705_023805","6.7549","-131.6097","-5.8794","5.2489","24.7800","-27.0029","3.4895","1.6148","null","null","null","90.6700","2767","6.1780",530705,451584,455104,435622,518934,571448,596115,467827,453568,571595,"54.3242","null","null","null","null","null","null","null",63,"1","Cutter",1,0,0,1,0,1,0,1,"Standard","Strategic"
"FF","2018-07-04","94.3","-1.8147","6.2040","Wade Davis",457705,451584,"null","ball",,,,,"14","null","R","R","R","COL","SF","B","null","null",1,1,2018,"-0.3840","1.2266","1.4057","1.0063","null","null","null",2,9,"Top","null","null",,,455104,,"180705_023655","9.1577","-136.7740","-10.5055","-6.5050","24.7753","-14.9767","3.5381","1.6432","null","null","null","94.4090","2498","6.1390",530705,451584,455104,435622,518934,571448,596115,467827,453568,571595,"54.3631","null","null","null","null","null","null","null",62,"3","4-Seam Fastball",1,0,0,1,0,1,0,1,"Standard","Standard"
"FF","2018-07-04","91.5","-1.9174","5.9214","Wade Davis",457705,451584,"null","ball",,,,,"14","null","R","R","R","COL","SF","B","null","null",0,0,2018,"-0.3582","0.8415","1.1352","1.8437","null","null","null",2,9,"Top","null","null",,,455104,,"180705_023607","8.4480","-133.0543","-6.2652","-5.8552","24.9149","-21.1539","3.5464","1.6182","null","null","null","91.7860","2404","6.2190",530705,451584,455104,435622,518934,571448,596115,467827,453568,571595,"54.2831","null","null","null","null","null","null","null",62,"1","4-Seam Fastball",1,0,0,1,0,1,0,1,"Standard","Standard"
"FF","2018-07-04","93.5","-1.8027","6.1914","Wade Davis",491676,451584,"null","ball",,,,,"14","null","R","R","R","COL","SF","B","null","null",2,1,2018,"-0.0438","1.0253","0.0503","0.7873","null","null","null",0,9,"Top","null","null",,,455104,,"180705_023246","4.8303","-135.8691","-10.4258","-1.3543","22.7974","-17.8808","3.3135","1.5025","null","null","null","93.6330","2392","5.9300",530705,451584,455104,435622,518934,571448,596115,467827,453568,571595,"54.5717","null","null","null","null","null","null","null",60,"4","4-Seam Fastball",1,0,0,1,0,1,0,1,"Standard","Standard"
"FC","2018-07-04","91.2","-1.5961","6.1631","Wade Davis",491676,451584,"null","ball",,,,,"14","null","R","R","R","COL","SF","B","null","null",1,1,2018,"0.5743","0.4735","1.8015","1.7190","null","null","null",0,9,"Top","null","null",,,455104,,"180705_023228","7.2703","-132.6250","-6.3451","5.5715","21.9086","-25.7265","3.2884","1.4858","null","null","null","91.2650","2683","5.8640",530705,451584,455104,435622,518934,571448,596115,467827,453568,571595,"54.6374","null","null","null","null","null","null","null",60,"3","Cutter",1,0,0,1,0,1,0,1,"Standard","Standard"
"KC","2018-07-04","81.6","-1.9049","6.2184","Wade Davis",491676,451584,"null","ball",,,,,"14","null","R","R","R","COL","SF","B","null","null",0,0,2018,"0.6673","-0.7035","1.3806","2.2273","null","null","null",0,9,"Top","null","null",,,455104,,"180705_023152","6.0457","-118.6656","-1.1556","5.1274","19.9265","-38.6894","3.3051","1.4774","null","null","null","80.5720","2384","5.3490",530705,451584,455104,435622,518934,571448,596115,467827,453568,571595,"55.1524","null","null","null","null","null","null","null",60,"1","Knuckle Curve",1,0,0,1,0,1,0,1,"Standard","Strategic"
"CH","2018-07-04","85.1","3.4750","5.1064","Tony Watson",596115,453265,"null","ball",,,,,"14","null","R","R","L","COL","SF","B","null","null",0,2,2018,"1.6308","0.5775","2.4462","2.2151","null","453568.00","571448.00",2,8,"Bot","null","null",,,457763,,"180705_022734","-5.5578","-123.8264","-1.6545","17.5757","22.1488","-26.2235","3.5096","1.5964","null","null","null","84.7000","2398","5.8020",530705,453265,457763,474832,605412,467055,593700,596103,491676,457705,"54.6999","null","null","null","null","null","null","null",58,"3","Changeup",1,0,1,0,0,1,1,0,"Standard","Strategic"
"CH","2018-07-04","85.6","3.5284","5.0513","Tony Watson",596115,453265,"null","called_strike",,,,,"12","null","R","R","L","COL","SF","S","null","null",0,0,2018,"1.4525","0.3564","0.8659","2.9313","null","453568.00","571448.00",2,8,"Bot","null","null",,,457763,,"180705_022636","-9.0192","-124.4189","0.4831","16.4397","21.1261","-28.8084","3.5283","1.5982","null","null","null","85.1080","2321","5.6950",530705,453265,457763,474832,605412,467055,593700,596103,491676,457705,"54.8070","null","null","null","null","null","null","null",58,"1","Changeup",1,0,1,0,0,1,1,0,"Standard","Strategic"
"CH","2018-07-04","85.1","3.4690","5.0992","Tony Watson",571448,453265,"null","ball",,,,,"12","null","R","R","L","COL","SF","B","null","null",2,1,2018,"1.5586","0.4546","2.3432","2.8649","null","null","453568.00",2,8,"Bot","null","null",,,457763,,"180705_022515","-5.6130","-123.7809","0.1163","16.7713","22.0657","-27.8179","3.3840","1.5863","null","null","null","84.4880","2268","5.6770",530705,453265,457763,474832,605412,467055,593700,596103,491676,457705,"54.8252","null","null","null","null","null","null","null",57,"4","Changeup",1,0,1,0,0,1,1,0,"Standard","Strategic"
"CH","2018-07-04","86.0","3.5622","5.0343","Tony Watson",571448,453265,"null","ball",,,,,"14","null","R","R","L","COL","SF","B","null","null",1,0,2018,"1.4798","0.3133","2.2326","2.3515","null","null","453568.00",2,8,"Bot","null","null",,,457763,,"180705_022419","-6.0061","-125.2003","-0.8202","16.4120","21.6722","-28.9898","3.4508","1.6030","null","null","null","85.6200","2396","5.7040",530705,453265,457763,474832,605412,467055,593700,596103,491676,457705,"54.7974","null","null","null","null","null","null","null",57,"2","Changeup",1,0,1,0,0,1,1,0,"Standard","Strategic"
"SI","2018-07-04","93.7","3.3526","5.0436","Tony Watson",571448,453265,"null","ball",,,,,"13","null","R","R","L","COL","SF","B","null","null",0,0,2018,"1.1952","0.7240","-1.8946","1.7603","null","null","453568.00",2,8,"Bot","null","null",,,457763,,"180705_022328","-16.0209","-135.5511","-4.2969","17.8028","25.7348","-22.6133","3.4341","1.5947","null","null","null","93.3810","2441","6.1340",530705,453265,457763,474832,605412,467055,593700,596103,491676,457705,"54.3676","null","null","null","null","null","null","null",57,"1","Sinker",1,0,1,0,0,1,1,0,"Standard","Strategic"
"SL","2018-07-04","83.6","3.4836","5.1004","Tony Watson",453568,453265,"walk","ball",,,,,"13","Charlie Blackmon walks.  ","R","L","L","COL","SF","B","null","null",3,2,2018,"-0.2039","0.1490","-1.2871","1.2644","null","null","null",2,8,"Bot","null","null",,,457763,,"180705_022243","-10.4433","-121.2538","-2.6628","-0.0556","22.2501","-30.4791","3.3990","1.5344","null","null","null","82.5920","2449","5.6630",530705,453265,457763,474832,605412,467055,593700,596103,491676,457705,"54.8392","null","null","0.70",1,0,0,"null",56,"6","Slider",1,0,1,0,0,1,1,0,"Standard","Standard"
"SI","2018-07-04","93.5","3.4753","5.0780","Tony Watson",453568,453265,"null","ball",,,,,"13","null","R","L","L","COL","SF","B","null","null",2,1,2018,"0.8997","0.8875","-1.2881","1.7468","null","null","null",2,8,"Bot","null","null",,,457763,,"180705_022152","-14.0177","-135.4672","-4.7493","13.4677","23.6016","-20.6648","3.4324","1.5594","null","null","null","93.0190","2530","5.7990",530705,453265,457763,474832,605412,467055,593700,596103,491676,457705,"54.7028","null","null","null","null","null","null","null",56,"4","Sinker",1,0,1,0,0,1,1,0,"Standard","Standard"
"SL","2018-07-04","84.8","3.4045","5.0777","Tony Watson",453568,453265,"null","ball",,,,,"13","null","R","L","L","COL","SF","B","null","null",1,1,2018,"-0.2856","0.3251","-1.6662","1.6662","null","null","null",2,8,"Bot","null","null",,,457763,,"180705_022132","-11.1371","-123.1313","-2.3242","-1.0500","20.1259","-28.7338","3.3990","1.5009","null","null","null","84.2250","2465","5.6430",530705,453265,457763,474832,605412,467055,593700,596103,491676,457705,"54.8588","null","null","null","null","null","null","null",56,"3","Slider",1,0,1,0,0,1,1,0,"Standard","Standard"
"SI","2018-07-04","93.2","3.3692","5.1272","Tony Watson",453568,453265,"null","ball",,,,,"11","null","R","L","L","COL","SF","B","null","null",0,0,2018,"1.2838","0.6668","-1.0324","2.5978","null","null","null",2,8,"Bot","null","null",,,457763,,"180705_022049","-14.0296","-135.1403","-2.2359","18.3520","23.9895","-23.7199","3.5076","1.5260","null","null","null","93.4190","2507","6.2050",530705,453265,457763,474832,605412,467055,593700,596103,491676,457705,"54.2963","null","null","null","null","null","null","null",56,"1","Sinker",1,0,1,0,0,1,1,0,"Standard","Standard"
"CH","2018-07-04","85.5","3.6083","5.0736","Tony Watson",608596,453265,"null","ball",,,,,"12","null","R","R","L","COL","SF","B","null","null",1,2,2018,"1.5470","0.6157","2.0782","2.7896","null","null","null",0,8,"Bot","null","null",,,457763,,"180705_021901","-6.5228","-124.2441","-0.3525","16.8704","22.2021","-26.0893","3.4420","1.6212","null","null","null","84.6190","2385","5.5530",530705,453265,457763,474832,605412,467055,593700,596103,491676,457705,"54.9490","null","null","null","null","null","null","null",54,"4","Changeup",1,0,1,0,0,1,1,0,"Infield shift","Standard"
"SI","2018-07-04","92.9","3.4389","5.1902","Tony Watson",608596,453265,"null","ball",,,,,"11","null","R","R","L","COL","SF","B","null","null",0,1,2018,"0.9162","0.8443","-0.9870","3.3292","null","null","null",0,8,"Bot","null","null",,,457763,,"180705_021811","-13.1191","-134.6765","-0.7708","13.6743","27.7318","-22.1345","3.5088","1.5125","null","null","null","91.9070","2352","5.7880",530705,453265,457763,474832,605412,467055,593700,596103,491676,457705,"54.7137","null","null","null","null","null","null","null",54,"2","Sinker",1,0,1,0,0,1,1,0,"Infield shift","Standard"
"FF","2018-07-04","92.5","1.7065","6.1791","Tyler Anderson",457706,542881,"null","ball",,,,,"11","null","R","R","L","COL","SF","B","null","null",1,1,2018,"0.5236","1.3687","-0.2468","3.7506","null","null","null",2,8,"Top","null","null",,,455104,,"180705_021430","-6.0382","-134.5510","-3.3402","7.4422","25.4792","-15.2892","3.6264","1.5746","null","null","null","92.1340","2214","5.8100",530705,542881,455104,435622,518934,571448,596115,467827,453568,571595,"54.6918","null","null","null","null","null","null","null",53,"3","4-Seam Fastball",1,0,0,1,0,1,0,1,"Standard","Standard"
"CH","2018-07-04","82.4","1.7855","6.2280","Tyler Anderson",457706,542881,"null","ball",,,,,"13","null","R","R","L","COL","SF","B","null","null",0,0,2018,"0.9720","0.9434","-0.6398","1.1358","null","null","null",2,8,"Top","null","null",,,455104,,"180705_021400","-7.3498","-119.7678","-6.9608","10.5445","17.8633","-22.1389","3.6347","1.5746","null","null","null","82.8750","1918","6.1680",530705,542881,455104,435622,518934,571448,596115,467827,453568,571595,"54.3338","null","null","null","null","null","null","null",53,"1","Changeup",1,0,0,1,0,1,0,1,"Standard","Standard"
"CH","2018-07-04","81.7","1.6094","6.2728","Tyler Anderson",460026,542881,"null","ball",,,,,"13","null","R","R","L","COL","SF","B","null","null",1,1,2018,"1.0833","0.4498","-0.7700","0.5415","null","null","null",1,8,"Top","null","null",,,455104,,"180705_021208","-7.3648","-118.6877","-7.2232","11.4223","18.9194","-26.9602","3.4979","1.5478","null","null","null","81.7330","1809","6.0350",530705,542881,455104,435622,518934,571448,596115,467827,453568,571595,"54.4664","null","null","null","null","null","null","null",52,"3","Changeup",1,0,0,1,0,1,0,1,"Standard","Standard"
"FC","2018-07-04","88.7","2.3876","5.7855","Tyler Anderson",460026,542881,"null","ball",,,,,"13","null","R","R","L","COL","SF","B","null","null",0,1,2018,"-0.1199","0.6047","-1.4272","0.1295","null","null","null",1,8,"Top","null","null",,,455104,,"180705_021141","-8.9833","-128.7741","-9.0403","0.0178","19.4136","-24.2480","3.4979","1.5478","null","null","null","88.7290","2398","5.8350",530705,542881,455104,435622,518934,571448,596115,467827,453568,571595,"54.6664","null","null","null","null","null","null","null",52,"2","Cutter",1,0,0,1,0,1,0,1,"Standard","Standard"
"FC","2018-07-04","86.7","2.3797","5.7380","Tyler Anderson",605412,542881,"null","ball",,,,,"13","null","R","L","L","COL","SF","B","null","null",1,0,2018,"-0.3364","0.5967","-1.1517","2.3132","null","null","null",0,8,"Top","null","null",,,455104,,"180705_020951","-7.6953","-126.1084","-3.2584","-2.2961","20.8858","-25.4983","3.2932","1.4372","null","null","null","86.5640","2443","5.8170",530705,542881,455104,435622,518934,571448,596115,467827,453568,571595,"54.6845","null","null","null","null","null","null","null",51,"2","Cutter",1,0,0,1,0,1,0,1,"Strategic","Standard"
"FT","2018-07-04","91.2","2.7218","5.6940","Tyler Anderson",605412,542881,"null","ball",,,,,"12","null","R","L","L","COL","SF","B","null","null",0,0,2018,"1.0716","0.7883","1.3364","3.8558","null","null","null",0,8,"Top","null","null",,,455104,,"180705_020936","-5.6570","-132.8115","-0.4780","13.5426","23.8481","-23.0829","3.2181","1.4456","null","null","null","90.8300","2265","5.6660",530705,542881,455104,435622,518934,571448,596115,467827,453568,571595,"54.8357","null","null","null","null","null","null","null",51,"1","2-Seam Fastball",1,0,0,1,0,1,0,1,"Strategic","Standard"
"CU","2018-07-04","76.3","1.9102","6.5291","Andrew Suarez",642162,605498,"null","called_strike",,,,,"1","null","R","R","L","COL","SF","S","null","null",1,0,2018,"-0.8798","-0.3439","-0.5884","3.1360","null","null","null",2,7,"Bot","null","null",,,457763,,"180705_020641","-3.6577","-110.9021","0.3208","-6.3615","16.0865","-35.1678","3.2939","1.5178","null","null","null","74.3050","2583","4.4550",530705,605498,457763,474832,605412,605509,593700,596103,491676,457705,"56.0466","null","null","null","null","null","null","null",50,"2","Curveball",1,0,1,0,0,1,1,0,"Standard","Standard"
"CH","2018-07-04","85.3","2.0853","6.3714","Andrew Suarez",642162,605498,"null","ball",,,,,"12","null","R","R","L","COL","SF","B","null","null",0,0,2018,"0.9549","0.7637","1.0852","3.4845","null","null","null",2,7,"Bot","null","null",,,457763,,"180705_020629","-4.0818","-124.2270","-2.0588","10.2469","19.4666","-24.3874","3.2702","1.5159","null","null","null","84.2520","1906","5.0780",530705,605498,457763,474832,605412,605509,593700,596103,491676,457705,"55.4237","null","null","null","null","null","null","null",50,"1","Changeup",1,0,1,0,0,1,1,0,"Standard","Standard"
"CU","2018-07-04","77.8","2.1380","6.4780","Andrew Suarez",571595,605498,"null","called_strike",,,,,"3","null","R","R","L","COL","SF","S","null","null",1,0,2018,"-0.4313","-0.3068","0.5328","3.2455","null","null","null",1,7,"Bot","null","null",,,457763,,"180705_020535","-2.6212","-113.2271","0.3279","-3.1486","16.7371","-34.9864","3.4976","1.5937","null","null","null","76.0210","2491","4.5700",530705,605498,457763,474832,605412,605509,593700,596103,491676,457705,"55.9322","null","null","null","null","null","null","null",49,"2","Curveball",1,0,1,0,0,1,1,0,"Standard","Standard"
"CH","2018-07-04","86.0","2.2332","6.3593","Andrew Suarez",571595,605498,"null","ball",,,,,"14","null","R","R","L","COL","SF","B","null","null",0,0,2018,"0.9357","0.8343","0.9414","1.1292","null","null","null",1,7,"Bot","null","null",,,457763,,"180705_020525","-4.7888","-125.0069","-7.7692","10.3710","19.0436","-22.5951","3.5561","1.5853","null","null","null","85.2870","1937","5.3530",530705,605498,457763,474832,605412,605509,593700,596103,491676,457705,"55.1487","null","null","null","null","null","null","null",49,"1","Changeup",1,0,1,0,0,1,1,0,"Standard","Standard"
"FF","2018-07-04","92.5","1.8507","6.4268","Andrew Suarez",455104,605498,"null","ball",,,,,"13","null","R","R","L","COL","SF","B","null","null",2,2,2018,"0.4624","1.2455","-1.5650","1.9050","null","null","null",1,7,"Bot","null","null",,,457763,,"180705_020231","-9.3950","-134.2146","-8.1527","7.0235","23.1712","-16.4456","3.3404","1.5645","null","null","null","90.7730","1887","4.9560",530705,605498,457763,474832,605412,605509,593700,596103,491676,457705,"55.5460","null","null","null","null","null","null","null",48,"5","4-Seam Fastball",0,0,0,0,0,0,0,0,"Standard","Standard"
"SL","2018-07-04","87.6","1.8218","6.3980","Andrew Suarez",455104,605498,"null","ball",,,,,"13","null","R","R","L","COL","SF","B","null","null",1,2,2018,"-0.3269","0.1635","-0.0174","1.0501","null","null","null",1,7,"Bot","null","null",,,457763,,"180705_020216","-3.7135","-127.4971","-7.0882","-2.8778","20.0340","-29.5457","3.3655","1.5478","null","null","null","86.4320","2199","5.0150",530705,605498,457763,474832,605412,605509,593700,596103,491676,457705,"55.4867","null","null","null","null","null","null","null",48,"4","Slider",0,0,0,0,0,0,0,0,"Standard","Standard"
"FF","2018-07-04","92.4","2.1180","6.3958","Andrew Suarez",455104,605498,"null","ball",,,,,"14","null","R","R","L","COL","SF","B","null","null",0,2,2018,"0.5116","1.1445","1.4048","1.7635","null","null","null",1,7,"Bot","null","null",,,457763,,"180705_020202","-2.7801","-134.3880","-8.2248","6.4324","22.4311","-17.6779","3.3822","1.5729","null","null","null","90.7110","1919","4.7860",530705,605498,457763,474832,605412,605509,593700,596103,491676,457705,"55.7161","null","null","null","null","null","null","null",48,"3","4-Seam Fastball",0,0,0,0,0,0,0,0,"Standard","Standard"
"FF","2018-07-04","90.7","1.9151","6.4014","Andrew Suarez",435622,605498,"null","ball",,,,,"11","null","R","R","L","COL","SF","B","null","null",1,1,2018,"0.2559","1.2234","-0.2658","3.6086","null","null","null",0,7,"Bot","null","null",,,457763,,"180705_020039","-5.7714","-131.8507","-3.4888","3.8681","23.4175","-18.2162","3.4442","1.5142","null","null","null","88.4910","1981","4.6040",530705,605498,457763,474832,605412,605509,593700,596103,491676,457705,"55.8978","null","null","null","null","null","null","null",47,"3","4-Seam Fastball",0,0,0,0,0,0,0,0,"Standard","Standard"
"FF","2018-07-04","91.7","1.8851","6.5382","Andrew Suarez",435622,605498,"null","ball",,,,,"12","null","R","R","L","COL","SF","B","null","null",0,1,2018,"0.7339","0.8447","1.4454","2.8354","null","null","null",0,7,"Bot","null","null",,,457763,,"180705_020025","-2.5425","-133.4468","-5.2434","8.9100","21.7884","-21.7582","3.5110","1.4892","null","null","null","90.3710","2093","4.9450",530705,605498,457763,474832,605412,605509,593700,596103,491676,457705,"55.5572","null","null","null","null","null","null","null",47,"2","4-Seam Fastball",0,0,0,0,0,0,0,0,"Standard","Standard"
"CH","2018-07-04","85.5","2.2268","6.4214","Andrew Suarez",435622,605498,"null","called_strike",,,,,"5","null","R","R","L","COL","SF","S","null","null",0,0,2018,"0.7767","0.5283","0.1433","2.9806","null","null","null",0,7,"Bot","null","null",,,457763,,"180705_020011","-6.2710","-124.3796","-2.9133","8.8619","19.8771","-26.5809","3.6514","1.5243","null","null","null","84.4960","1725","5.2030",530705,605498,457763,474832,605412,605509,593700,596103,491676,457705,"55.2987","null","null","null","null","null","null","null",47,"1","Changeup",0,0,0,0,0,0,0,0,"Standard","Standard"
"FF","2018-07-04","91.3","2.1320","6.0925","Tyler Anderson",593700,542881,"null","ball",,,,,"3","null","R","R","L","COL","SF","B","null","null",0,0,2018,"0.6138","1.2694","0.7075","3.4518","null","null","null",2,7,"Top","null","null",,,455104,,"180705_015500","-4.8562","-133.0587","-3.5589","8.1240","22.7171","-16.6679","3.5263","1.6265","null","null","null","91.6160","2197","5.9460",530705,542881,455104,642162,518934,571448,596115,435622,453568,571595,"54.5556","null","null","null","null","null","null","null",46,"1","4-Seam Fastball",0,0,0,0,0,0,0,0,"Standard","Standard"
"FF","2018-07-04","93.8","1.7426","6.0838","Tyler Anderson",596103,542881,"strikeout","called_strike",,,,,"7","Austin Slater called out on strikes.  ","R","R","L","COL","SF","S",2,"null",3,2,2018,"0.5164","1.3370","-0.2981","2.4145","null","null","null",1,7,"Top","null","null",,,455104,,"180705_015430","-6.3431","-136.4851","-6.7109","7.5583","24.0681","-14.5105","3.7565","1.8610","null","null","null","93.8360","2193","5.8770",530705,542881,455104,642162,518934,571448,596115,435622,453568,571595,"54.6249","null","null","0.00",1,0,0,"null",45,"6","4-Seam Fastball",0,0,0,0,0,0,0,0,"Standard","Standard"
"CH","2018-07-04","81.5","1.9096","6.0067","Tyler Anderson",596103,542881,"null","ball",,,,,"13","null","R","R","L","COL","SF","B","null","null",2,0,2018,"0.8377","0.9452","-0.7870","0.8494","null","null","null",1,7,"Top","null","null",,,455104,,"180705_015321","-7.5154","-118.4443","-6.7779","8.9536","18.1723","-22.5340","3.6730","1.7190","null","null","null","81.0780","2050","5.6400",530705,542881,455104,642162,518934,571448,596115,435622,453568,571595,"54.8618","null","null","null","null","null","null","null",45,"3","Changeup",0,0,0,0,0,0,0,0,"Standard","Standard"
"CH","2018-07-04","82.3","1.7592","6.1635","Tyler Anderson",596103,542881,"null","ball",,,,,"14","null","R","R","L","COL","SF","B","null","null",1,0,2018,"1.1748","0.0923","0.4655","0.0485","null","null","null",1,7,"Top","null","null",,,455104,,"180705_015259","-5.1137","-119.6998","-7.5596","12.0430","18.9811","-30.2912","3.6813","1.6772","null","null","null","82.1580","1908","5.8290",530705,542881,455104,642162,518934,571448,596115,435622,453568,571595,"54.6733","null","null","null","null","null","null","null",45,"2","Changeup",0,0,0,0,0,0,0,0,"Standard","Standard"
"FF","2018-07-04","91.6","1.7629","6.0204","Tyler Anderson",596103,542881,"null","ball",,,,,"14","null","R","R","L","COL","SF","B","null","null",0,0,2018,"0.7847","1.1273","0.2178","1.5015","null","null","null",1,7,"Top","null","null",,,455104,,"180705_015242","-5.5743","-133.2923","-8.0749","10.3942","22.1254","-17.4014","3.7732","1.7775","null","null","null","92.3370","2278","6.2300",530705,542881,455104,642162,518934,571448,596115,435622,453568,571595,"54.2720","null","null","null","null","null","null","null",45,"1","4-Seam Fastball",0,0,0,0,0,0,0,0,"Standard","Standard"
"FF","2018-07-04","91.4","2.1365","6.0498","Tyler Anderson",457763,542881,"null","called_strike",,,,,"7","null","R","R","L","COL","SF","S","null","null",0,0,2018,"0.6307","1.1325","-0.2997","1.8040","null","null","null",0,7,"Top","null","null",,,455104,,"180705_015150","-7.4430","-132.9759","-7.3352","8.7275","21.0300","-17.6240","3.6182","1.5981","null","null","null","91.9780","2195","6.0720",530705,542881,455104,642162,518934,571448,596115,435622,453568,571595,"54.4300","null","null","null","null","null","null","null",44,"1","4-Seam Fastball",0,0,0,0,0,0,0,0,"Standard","Standard"
"FF","2018-07-04","93.1","1.7479","6.4464","Andrew Suarez",596115,605498,"null","called_strike",,,,,"13","null","R","R","L","COL","SF","S","null","null",0,1,2018,"0.6115","1.1088","-1.0393","1.6554","null","null","null",2,6,"Bot","null","null",,,457763,,"180705_014906","-8.1908","-135.1419","-8.7051","8.6082","22.1345","-17.7880","3.6432","1.5880","null","null","null","91.5670","2028","4.9590",530705,605498,457763,474832,605412,605509,593700,596103,491676,457705,"55.5427","null","null","null","null","null","null","null",43,"2","4-Seam Fastball",0,0,0,0,0,0,0,0,"Infield shift","Standard"
"FF","2018-07-04","91.9","2.0229","6.4506","Andrew Suarez",571448,605498,"null","called_strike",,,,,"9","null","R","R","L","COL","SF","S","null","null",1,1,2018,"0.7779","0.7033","0.7588","1.8535","null","null","null",1,6,"Bot","null","null",,,457763,,"180705_014745","-4.6738","-133.5599","-7.1706","9.8128","22.9243","-23.0243","3.4743","1.5947","null","null","null","90.3900","1942","4.9920",530705,605498,457763,474832,605412,605509,593700,596103,491676,457705,"55.5101","null","null","null","null","null","null","null",42,"3","4-Seam Fastball",0,0,0,0,0,0,0,0,"Standard","Standard"
"FF","2018-07-04","91.8","2.0041","6.4692","Andrew Suarez",571448,605498,"null","ball",,,,,"14","null","R","R","L","COL","SF","B","null","null",0,1,2018,"0.7209","0.6229","2.0746","2.2147","null","null","null",1,6,"Bot","null","null",,,457763,,"180705_014731","-1.2538","-133.6423","-6.1917","8.5590","20.9652","-24.1884","3.4174","1.5947","null","null","null","90.4790","1992","4.8640",530705,605498,457763,474832,605412,605509,593700,596103,491676,457705,"55.6378","null","null","null","null","null","null","null",42,"2","4-Seam Fastball",0,0,0,0,0,0,0,0,"Standard","Standard"
"FF","2018-07-04","91.8","1.7698","6.5459","Andrew Suarez",453568,605498,"null","ball",,,,,"11","null","R","L","L","COL","SF","B","null","null",0,2,2018,"0.7846","1.1434","-0.1046","4.5616","null","null","null",0,6,"Bot","null","null",,,457763,,"180705_014539","-6.2175","-133.5379","-1.6180","10.1849","22.4561","-18.8000","3.4241","1.5344","null","null","null","90.6590","2142","5.1330",530705,605498,457763,474832,605412,605509,593700,596103,491676,457705,"55.3692","null","null","null","null","null","null","null",41,"3","4-Seam Fastball",0,0,0,0,0,0,0,0,"Standard","Standard"
"CU","2018-07-04","77.2","1.9315","6.5664","Andrew Suarez",453568,605498,"null","called_strike",,,,,"6","null","R","L","L","COL","SF","S","null","null",0,0,2018,"-0.3411","-0.5137","0.5418","2.6901","null","null","null",0,6,"Bot","null","null",,,457763,,"180705_014451","-2.3001","-112.2235","-0.5276","-2.3839","17.0924","-36.4721","3.4091","1.5444","null","null","null","75.1510","2566","4.4920",530705,605498,457763,474832,605412,605509,593700,596103,491676,457705,"56.0100","null","null","null","null","null","null","null",41,"1","Curveball",0,0,0,0,0,0,0,0,"Standard","Standard"
"CH","2018-07-04","82.2","1.5722","6.2542","Tyler Anderson",457705,542881,"null","ball",,,,,"14","null","R","R","L","COL","SF","B","null","null",0,1,2018,"1.4438","0.3049","0.2036","1.2456","null","null","474832.00",2,6,"Top","null","null",,,455104,,"180705_014143","-5.7856","-119.5956","-5.4388","14.7059","19.6566","-28.5814","3.6132","1.6265","null","null","null","82.0020","1838","5.8380",530705,542881,455104,642162,518934,571448,596115,435622,453568,571595,"54.6634","null","null","null","null","null","null","null",40,"2","Changeup",0,0,0,0,0,0,0,0,"Standard","Standard"
"FC","2018-07-04","86.3","2.3394","5.6849","Tyler Anderson",457705,542881,"null","called_strike",,,,,"6","null","R","R","L","COL","SF","S","null","null",0,0,2018,"-0.0749","0.5732","0.6527","2.3988","null","null","474832.00",2,6,"Top","null","null",,,455104,,"180705_014121","-3.8382","-125.8530","-2.8970","-0.2223","18.8187","-25.8241","3.6967","1.6182","null","null","null","86.6670","2370","5.8270",530705,542881,455104,642162,518934,571448,596115,435622,453568,571595,"54.6744","null","null","null","null","null","null","null",40,"1","Cutter",0,0,0,0,0,0,0,0,"Standard","Standard"
"FC","2018-07-04","88.4","2.4085","5.6706","Tyler Anderson",474832,542881,"null","ball",,,,,"13","null","R","L","L","COL","SF","B","null","null",0,0,2018,"-0.0873","0.6062","-1.3282","1.8339","null","null","null",2,6,"Top","null","null",,,455104,,"180705_014005","-8.8782","-128.7029","-4.6743","0.2802","18.2632","-24.8688","3.3034","1.5596","null","null","null","89.0560","2476","5.9780",530705,542881,455104,642162,518934,571448,596115,435622,453568,571595,"54.5243","null","null","null","null","null","null","null",39,"1","Cutter",0,0,0,0,0,0,0,0,"Infield shift","Standard"
"FF","2018-07-04","92.0","1.7278","6.1405","Tyler Anderson",491676,542881,"null","ball",,,,,"11","null","R","R","L","COL","SF","B","null","null",1,0,2018,"0.6926","1.1624","-0.9961","2.8138","null","null","null",1,6,"Top","null","null",,,455104,,"180705_013910","-8.3205","-133.7560","-5.1252","9.7809","23.7512","-17.5230","3.4638","1.5693","null","null","null","92.0050","2231","5.9520",530705,542881,455104,642162,518934,571448,596115,435622,453568,571595,"54.5502","null","null","null","null","null","null","null",38,"2","4-Seam Fastball",0,0,0,0,0,0,0,0,"Standard","Standard"
"FC","2018-07-04","86.8","2.4411","5.6000","Tyler Anderson",491676,542881,"null","ball",,,,,"12","null","R","R","L","COL","SF","B","null","null",0,0,2018,"0.0161","0.7621","1.3301","2.4163","null","null","null",1,6,"Top","null","null",,,455104,,"180705_013854","-2.6659","-126.5243","-3.0737","0.5955","20.1031","-23.7431","3.2968","1.5109","null","null","null","86.8190","2384","5.7210",530705,542881,455104,642162,518934,571448,596115,435622,453568,571595,"54.7807","null","null","null","null","null","null","null",38,"1","Cutter",0,0,0,0,0,0,0,0,"Standard","Standard"
"FF","2018-07-04","92.1","1.8303","6.4350","Andrew Suarez",518934,605498,"null","ball",,,,,"13","null","R","R","L","COL","SF","B","null","null",1,1,2018,"0.6572","1.1188","-1.2631","2.0933","null","null","null",2,5,"Bot","null","null",,,457763,,"180705_013526","-9.0136","-133.6748","-7.4418","9.2349","22.8102","-18.0163","3.5699","1.6282","null","null","null","90.9070","1931","5.2510",530705,605498,457763,474832,605412,605509,593700,596103,491676,457705,"55.2511","null","null","null","null","null","null","null",36,"3","4-Seam Fastball",0,0,0,0,0,0,0,0,"Standard","Standard"
"FF","2018-07-04","91.8","1.9585","6.4552","Andrew Suarez",518934,605498,"null","called_strike",,,,,"6","null","R","R","L","COL","SF","S","null","null",1,0,2018,"0.9329","0.9812","0.3080","2.5015","null","null","null",2,5,"Bot","null","null",,,457763,,"180705_013509","-5.9547","-133.4483","-6.1383","11.8596","23.1572","-19.9470","3.5532","1.6115","null","null","null","90.4770","2103","5.1130",530705,605498,457763,474832,605412,605509,593700,596103,491676,457705,"55.3893","null","null","null","null","null","null","null",36,"2","4-Seam Fastball",0,0,0,0,0,0,0,0,"Standard","Standard"
"FF","2018-07-04","92.6","2.0006","6.5040","Andrew Suarez",518934,605498,"null","ball",,,,,"13","null","R","R","L","COL","SF","B","null","null",0,0,2018,"0.8322","0.9264","-1.0218","0.8791","null","null","null",2,5,"Bot","null","null",,,457763,,"180705_013452","-9.1229","-134.2210","-10.2245","11.2118","22.4271","-19.9097","3.5866","1.6449","null","null","null","90.6130","2156","4.7990",530705,605498,457763,474832,605412,605509,593700,596103,491676,457705,"55.7030","null","null","null","null","null","null","null",36,"1","4-Seam Fastball",0,0,0,0,0,0,0,0,"Standard","Standard"
"FF","2018-07-04","91.3","2.0539","6.5141","Andrew Suarez",542881,605498,"null","called_strike",,,,,"3","null","R","L","L","COL","SF","S","null","null",1,0,2018,"0.6955","1.1950","0.5455","3.1318","null","null","null",1,5,"Bot","null","null",,,457763,,"180705_013345","-5.0717","-132.7442","-5.0312","8.8146","23.1966","-17.9082","3.6170","1.6784","null","null","null","89.6590","2086","4.9220",530705,605498,457763,474832,605412,605509,593700,596103,491676,457705,"55.5800","null","null","null","null","null","null","null",35,"2","4-Seam Fastball",0,0,0,0,0,0,0,0,"Standard","Strategic"
"FF","2018-07-04","91.6","2.1217","6.4837","Andrew Suarez",542881,605498,"null","ball",,,,,"14","null","R","L","L","COL","SF","B","null","null",0,0,2018,"0.8612","1.1312","0.1348","1.1567","null","null","null",1,5,"Bot","null","null",,,457763,,"180705_013331","-6.6320","-133.0121","-9.7948","11.0786","22.2913","-17.6554","3.6118","1.6366","null","null","null","90.3720","2108","5.1760",530705,605498,457763,474832,605412,605509,593700,596103,491676,457705,"55.3254","null","null","null","null","null","null","null",35,"1","4-Seam Fastball",0,0,0,0,0,0,0,0,"Standard","Strategic"
"FF","2018-07-04","90.7","2.0490","6.5329","Andrew Suarez",642162,605498,"null","ball",,,,,"12","null","R","R","L","COL","SF","B","null","null",0,0,2018,"0.7921","1.1028","0.8889","3.6377","null","null","null",0,5,"Bot","null","null",,,457763,,"180705_013239","-4.3734","-131.9642","-3.5582","9.6632","22.9500","-19.3991","3.2785","1.5159","null","null","null","89.0210","2185","4.8540",530705,605498,457763,474832,605412,605509,593700,596103,491676,457705,"55.6482","null","null","null","null","null","null","null",34,"1","4-Seam Fastball",0,0,0,0,0,0,0,0,"Standard","Strategic"
"FF","2018-07-04","93.2","1.9284","5.9471","Tyler Anderson",605509,542881,"strikeout","called_strike",,,,,"6","Kelby Tomlinson called out on strikes.  ","R","R","L","COL","SF","S",2,"null",1,2,2018,"0.6001","1.1340","0.7020","2.4336","null","null","null",2,5,"Top","null","null",,,455104,,"180705_013019","-4.4528","-135.7710","-5.8568","8.2614","23.2676","-17.1747","3.5343","1.5645","null","null","null","93.9580","2184","6.1960",530705,542881,455104,642162,518934,571448,596115,435622,453568,571595,"54.3057","null","null","0.00",1,0,0,"null",33,"4","4-Seam Fastball",0,0,0,0,0,0,0,0,"Standard","Standard"
"FC","2018-07-04","87.9","2.2292","5.7581","Tyler Anderson",605509,542881,"null","ball",,,,,"13","null","R","R","L","COL","SF","B","null","null",0,2,2018,"-0.2718","0.4679","-1.8451","1.5840","null","null","null",2,5,"Top","null","null",,,455104,,"180705_013002","-9.2523","-127.8371","-5.0481","-1.5270","20.1745","-26.4159","3.4258","1.5394","null","null","null","88.1130","2394","5.9390",530705,542881,455104,642162,518934,571448,596115,435622,453568,571595,"54.5629","null","null","null","null","null","null","null",33,"3","Cutter",0,0,0,0,0,0,0,0,"Standard","Standard"
"FC","2018-07-04","87.8","2.3108","5.7119","Tyler Anderson",605509,542881,"null","called_strike",,,,,"4","null","R","R","L","COL","SF","S","null","null",0,1,2018,"-0.0637","0.4669","-0.5674","2.8086","null","null","null",2,5,"Top","null","null",,,455104,,"180705_012944","-6.7905","-127.8751","-1.9967","0.3557","19.8867","-26.9135","3.4091","1.5562","null","null","null","88.0980","2435","5.8890",530705,542881,455104,642162,518934,571448,596115,435622,453568,571595,"54.6133","null","null","null","null","null","null","null",33,"2","Cutter",0,0,0,0,0,0,0,0,"Standard","Standard"
"FF","2018-07-04","91.4","1.8827","6.1340","Tyler Anderson",593700,542881,"null","ball",,,,,"6","null","R","R","L","COL","SF","B","null","null",0,1,2018,"0.5345","1.3103","0.6290","2.5384","null","null","null",0,5,"Top","null","null",,,455104,,"180705_012741","-4.2888","-133.0571","-6.0748","7.1378","23.0503","-15.6252","3.5096","1.6182","null","null","null","91.9320","2254","6.1620",530705,542881,455104,642162,518934,571448,596115,435622,453568,571595,"54.3403","null","null","null","null","null","null","null",31,"2","4-Seam Fastball",0,0,0,0,0,0,0,0,"Standard","Standard"
"FF","2018-07-04","92.0","1.8678","6.4671","Andrew Suarez",455104,605498,"null","ball",,,,,"12","null","R","R","L","COL","SF","B","null","null",1,1,2018,"0.6635","1.0919","0.1352","4.1079","null","null","null",1,4,"Bot","null","null",,,457763,,"180705_012336","-5.6028","-133.8768","-2.4617","8.6418","22.0114","-19.2849","3.4323","1.5311","null","null","null","90.6050","2141","4.9150",530705,605498,457763,474832,605412,605509,593700,596103,491676,457705,"55.5865","null","null","null","null","null","null","null",29,"3","4-Seam Fastball",0,0,0,0,0,0,0,0,"Strategic","Standard"
"CH","2018-07-04","86.0","2.0226","6.4068","Andrew Suarez",455104,605498,"null","ball",,,,,"13","null","R","R","L","COL","SF","B","null","null",0,0,2018,"0.8659","0.7164","-0.9211","2.0903","null","null","null",1,4,"Bot","null","null",,,457763,,"180705_012256","-8.5203","-125.0149","-5.4277","10.2600","19.2835","-24.1348","3.3822","1.5729","null","null","null","85.4040","1728","5.4460",530705,605498,457763,474832,605412,605509,593700,596103,491676,457705,"55.0560","null","null","null","null","null","null","null",29,"1","Changeup",0,0,0,0,0,0,0,0,"Strategic","Standard"
"FF","2018-07-04","92.4","1.8388","6.5036","Andrew Suarez",435622,605498,"strikeout","called_strike",,,,,"4","Ian Desmond called out on strikes.  ","R","R","L","COL","SF","S",2,"null",3,2,2018,"0.6944","1.0763","-0.6661","2.2697","null","null","null",0,4,"Bot","null","null",,,457763,,"180705_012222","-7.6044","-134.2385","-7.1369","9.3660","21.4005","-18.6081","3.5011","1.5076","null","null","null","91.0330","2181","4.9750",530705,605498,457763,474832,605412,605509,593700,596103,491676,457705,"55.5273","null","null","0.00",1,0,0,"null",28,"7","4-Seam Fastball",0,0,0,0,0,0,0,0,"Standard","Standard"
"CH","2018-07-04","85.4","2.1070","6.3413","Andrew Suarez",435622,605498,"null","ball",,,,,"14","null","R","R","L","COL","SF","B","null","null",2,2,2018,"0.9384","0.6812","2.1242","2.0515","null","null","null",0,4,"Bot","null","null",,,457763,,"180705_012145","-1.7019","-124.3426","-5.1814","9.7230","17.5098","-24.7599","3.5444","1.5142","null","null","null","84.4650","1805","4.9960",530705,605498,457763,474832,605412,605509,593700,596103,491676,457705,"55.5055","null","null","null","null","null","null","null",28,"5","Changeup",0,0,0,0,0,0,0,0,"Standard","Standard"
"SL","2018-07-04","89.3","1.8331","6.4470","Andrew Suarez",435622,605498,"null","ball",,,,,"13","null","R","R","L","COL","SF","B","null","null",1,2,2018,"-0.3501","0.2731","-1.7723","0.7807","null","null","null",0,4,"Bot","null","null",,,457763,,"180705_012130","-8.0012","-129.7389","-8.4330","-2.5977","20.6451","-28.0187","3.5527","1.5059","null","null","null","88.3450","2146","5.2570",530705,605498,457763,474832,605412,605509,593700,596103,491676,457705,"55.2453","null","null","null","null","null","null","null",28,"4","Slider",0,0,0,0,0,0,0,0,"Standard","Standard"
"FF","2018-07-04","92.0","1.8390","6.4304","Andrew Suarez",435622,605498,"null","ball",,,,,"3","null","R","R","L","COL","SF","B","null","null",0,1,2018,"0.8295","0.7367","0.6298","3.3308","null","null","null",0,4,"Bot","null","null",,,457763,,"180705_012100","-4.6280","-133.8161","-3.5246","10.4059","24.5129","-23.2881","3.4442","1.4809","null","null","null","90.1240","2038","4.8310",530705,605498,457763,474832,605412,605509,593700,596103,491676,457705,"55.6713","null","null","null","null","null","null","null",28,"2","4-Seam Fastball",0,0,0,0,0,0,0,0,"Standard","Standard"
"FF","2018-07-04","91.9","1.6694","6.1692","Tyler Anderson",457763,542881,"null","ball",,,,,"1","null","R","R","L","COL","SF","B","null","null",0,0,2018,"0.8735","1.1786","-0.5111","3.5906","null","null","457705.00",1,4,"Top","null","null",,,455104,,"180705_011654","-7.3723","-133.7740","-3.2833","11.8776","24.8728","-17.5828","3.4895","1.6065","null","null","null","92.1550","2304","6.1190",530705,542881,455104,642162,518934,571448,596115,435622,453568,571595,"54.3831","null","null","null","null","null","null","null",26,"1","4-Seam Fastball",0,0,0,0,0,0,0,0,"Standard","Standard"
"FF","2018-07-04","91.5","1.8319","6.0955","Tyler Anderson",457705,542881,"walk","ball",,,,,"12","Andrew McCutchen walks.  ","R","R","L","COL","SF","B","null","null",3,0,2018,"1.0293","1.1877","0.9357","3.6307","null","null","null",1,4,"Top","null","null",,,455104,,"180705_011622","-4.4012","-133.2783","-2.9235","12.9935","24.7797","-17.7894","3.5631","1.6266","null","null","null","91.3680","2239","5.8570",530705,542881,455104,642162,518934,571448,596115,435622,453568,571595,"54.6444","null","null","0.70",1,0,0,"null",25,"4","4-Seam Fastball",0,0,0,0,0,0,0,0,"Standard","Standard"
"FC","2018-07-04","85.5","2.3995","5.7727","Tyler Anderson",457705,542881,"null","ball",,,,,"9","null","R","R","L","COL","SF","B","null","null",2,0,2018,"0.1175","0.7538","0.8176","2.0540","null","null","null",1,4,"Top","null","null",,,455104,,"180705_011604","-3.9204","-124.4973","-4.0469","1.8522","20.3157","-23.9364","3.5464","1.6349","null","null","null","85.3470","2369","5.7420",530705,542881,455104,642162,518934,571448,596115,435622,453568,571595,"54.7597","null","null","null","null","null","null","null",25,"3","Cutter",0,0,0,0,0,0,0,0,"Standard","Standard"
"FT","2018-07-04","90.9","2.1032","5.9295","Tyler Anderson",457705,542881,"null","ball",,,,,"14","null","R","R","L","COL","SF","B","null","null",1,0,2018,"1.1058","0.9786","1.3247","2.3785","null","null","null",1,4,"Top","null","null",,,455104,,"180705_011548","-4.2556","-132.4200","-5.1843","13.7572","20.7694","-19.9484","3.6884","1.6516","null","null","null","91.4560","2237","5.9830",530705,542881,455104,642162,518934,571448,596115,435622,453568,571595,"54.5190","null","null","null","null","null","null","null",25,"2","2-Seam Fastball",0,0,0,0,0,0,0,0,"Standard","Standard"
"CH","2018-07-04","82.1","1.9087","6.1192","Tyler Anderson",457705,542881,"null","ball",,,,,"13","null","R","R","L","COL","SF","B","null","null",0,0,2018,"1.3770","0.3251","-0.0188","1.4523","null","null","null",1,4,"Top","null","null",,,455104,,"180705_011535","-6.8145","-119.2475","-4.6199","14.0007","19.7240","-28.5938","3.7886","1.6182","null","null","null","81.2120","1841","5.4800",530705,542881,455104,642162,518934,571448,596115,435622,453568,571595,"55.0216","null","null","null","null","null","null","null",25,"1","Changeup",0,0,0,0,0,0,0,0,"Standard","Standard"
"CU","2018-07-04","72.3","1.7821","6.4177","Tyler Anderson",474832,542881,"null","ball",,,,,"13","null","R","L","L","COL","SF","B","null","null",0,1,2018,"0.1761","-1.1363","-0.6764","0.8665","null","null","null",0,4,"Top","null","null",,,455104,,"180705_011444","-5.0701","-105.1190","-1.8311","2.0275","15.8800","-40.2852","3.2868","1.5596","null","null","null","71.0660","2395","5.1370",530705,542881,455104,642162,518934,571448,596115,435622,453568,571595,"55.3648","null","null","null","null","null","null","null",24,"2","Curveball",0,0,0,0,0,0,0,0,"Infield shift","Standard"
"FF","2018-07-04","91.9","1.5921","6.1860","Tyler Anderson",474832,542881,"null","called_strike",,,,,"6","null","R","L","L","COL","SF","S","null","null",0,0,2018,"0.5048","1.2162","0.3660","2.3992","null","null","null",0,4,"Top","null","null",,,455104,,"180705_011424","-4.1213","-133.8174","-6.3876","6.6952","21.5274","-16.7986","3.2951","1.5679","null","null","null","91.8690","2187","5.6760",530705,542881,455104,642162,518934,571448,596115,435622,453568,571595,"54.8254","null","null","null","null","null","null","null",24,"1","4-Seam Fastball",0,0,0,0,0,0,0,0,"Strategic","Strategic"
"FF","2018-07-04","93.4","1.9278","6.5606","Andrew Suarez",596115,605498,"null","ball",,,,,"11","null","R","R","L","COL","SF","B","null","null",0,0,2018,"0.8741","1.1650","-1.4218","2.8048","518934.00","null","453568.00",2,3,"Bot","null","null",,,457763,,"180705_011137","-10.1743","-135.3568","-6.1980","12.3852","27.2493","-17.4083","3.5514","1.5880","null","null","null","91.2870","2108","5.0700",530705,605498,457763,474832,605412,605509,593700,596103,491676,457705,"55.4322","null","null","null","null","null","null","null",23,"1","4-Seam Fastball",0,0,0,0,0,0,0,0,"Standard","Standard"
"FF","2018-07-04","92.9","1.9565","6.5653","Andrew Suarez",571448,605498,"null","ball",,,,,"11","null","R","R","L","COL","SF","B","null","null",0,0,2018,"0.6215","1.3278","-1.4488","3.4337","518934.00","null","453568.00",1,3,"Bot","null","null",,,457763,,"180705_011027","-9.7635","-134.7724","-4.9070","9.2326","26.6759","-15.8618","3.4258","1.5780","null","null","null","90.9820","2126","5.1000",530705,605498,457763,474832,605412,605509,593700,596103,491676,457705,"55.4023","null","null","null","null","null","null","null",22,"1","4-Seam Fastball",0,0,0,0,0,0,0,0,"Standard","Standard"
"FF","2018-07-04","93.4","1.9306","6.5367","Andrew Suarez",518934,605498,"null","called_strike",,,,,"8","null","R","R","L","COL","SF","S","null","null",0,0,2018,"0.9369","0.8059","-0.0230","1.8044","null","null","null",1,3,"Bot","null","null",,,457763,,"180705_010827","-6.8047","-135.6256","-7.9831","12.4188","24.9435","-21.3384","3.5533","1.6199","null","null","null","91.6780","2149","5.0190",530705,605498,457763,474832,605412,605509,593700,596103,491676,457705,"55.4824","null","null","null","null","null","null","null",20,"1","4-Seam Fastball",0,0,0,0,0,0,0,0,"Standard","Standard"
"FF","2018-07-04","93.0","1.9823","6.5470","Andrew Suarez",542881,605498,"null","called_strike",,,,,"8","null","R","L","L","COL","SF","S","null","null",0,0,2018,"0.7249","1.0757","-0.0736","2.0786","null","null","null",0,3,"Bot","null","null",,,457763,,"180705_010725","-6.6049","-135.1162","-7.8118","9.7636","23.9690","-18.2692","3.6754","1.9374","null","null","null","91.4290","2067","5.0200",530705,605498,457763,474832,605412,605509,593700,596103,491676,457705,"55.4815","null","null","null","null","null","null","null",19,"1","4-Seam Fastball",0,0,0,0,0,0,0,0,"Standard","Standard"
"FC","2018-07-04","85.7","2.6760","5.5726","Tyler Anderson",491676,542881,"null","ball",,,,,"14","null","R","R","L","COL","SF","B","null","null",0,1,2018,"-0.2026","0.5751","1.3550","2.2380","null","null","null",2,3,"Top","null","null",,,455104,,"180705_010413","-2.6954","-124.7849","-2.8223","-1.6403","21.1105","-25.9539","3.5807","1.4775","null","null","null","85.4480","2365","5.7410",530705,542881,455104,642162,518934,571448,596115,435622,453568,571595,"54.7611","null","null","null","null","null","null","null",18,"2","Cutter",0,0,0,0,0,0,0,0,"Standard","Standard"
"FF","2018-07-04","92.0","1.8562","6.0849","Tyler Anderson",491676,542881,"null","called_strike",,,,,"12","null","R","R","L","COL","SF","S","null","null",0,0,2018,"0.8586","1.2262","1.0377","2.6639","null","null","null",2,3,"Top","null","null",,,455104,,"180705_010355","-3.8930","-133.9106","-5.5097","11.0445","25.1777","-16.6115","3.4437","1.4942","null","null","null","92.0810","2237","6.0380",530705,542881,455104,642162,518934,571448,596115,435622,453568,571595,"54.4642","null","null","null","null","null","null","null",18,"1","4-Seam Fastball",0,0,0,0,0,0,0,0,"Standard","Standard"
"FF","2018-07-04","92.5","1.9202","6.5731","Andrew Suarez",571595,605498,"null","called_strike",,,,,"8","null","R","R","L","COL","SF","S","null","null",0,0,2018,"0.9505","1.1859","-0.2322","2.0864","null","null","null",1,2,"Bot","null","null",,,457763,,"180705_005855","-7.1889","-134.1744","-7.8584","12.2913","24.8226","-17.3000","3.6646","1.6856","null","null","null","90.1500","2170","4.7100",530705,605498,457763,474832,605412,605509,593700,596103,491676,457705,"55.7921","null","null","null","null","null","null","null",14,"1","4-Seam Fastball",0,0,0,0,0,0,0,0,"Standard","Standard"
"CU","2018-07-04","75.9","2.0653","6.6277","Andrew Suarez",455104,605498,"null","ball",,,,,"12","null","R","R","L","COL","SF","B","null","null",0,0,2018,"-0.5445","-0.3435","1.7295","2.7177","null","null","null",0,2,"Bot","null","null",,,457763,,"180705_005803","0.1941","-110.2716","-0.5793","-4.2174","17.9516","-35.0069","3.5158","1.5562","null","null","null","73.5680","2519","4.4410",530705,605498,457763,474832,605412,605509,593700,596103,491676,457705,"56.0612","null","null","null","null","null","null","null",13,"1","Curveball",0,0,0,0,0,0,0,0,"Infield shift","Standard"
"FF","2018-07-04","91.5","1.6952","6.0904","Tyler Anderson",605412,542881,"null","ball",,,,,"11","null","R","L","L","COL","SF","B","null","null",2,1,2018,"0.5321","1.3942","-0.2363","3.7843","null","null","593700.00",2,2,"Top","null","null",,,455104,,"180705_005511","-6.0055","-133.2283","-2.9815","7.5292","26.3326","-15.1720","3.2348","1.4289","null","null","null","91.7210","2252","6.2120",530705,542881,455104,642162,518934,571448,596115,435622,453568,571595,"54.2900","null","null","null","null","null","null","null",12,"4","4-Seam Fastball",0,0,0,0,0,0,0,0,"Standard","Standard"
"FC","2018-07-04","86.5","2.4734","5.6654","Tyler Anderson",605412,542881,"null","called_strike",,,,,"2","null","R","L","L","COL","SF","S","null","null",2,0,2018,"-0.3713","0.5910","-0.1413","2.8273","null","null","593700.00",2,2,"Top","null","null",,,455104,,"180705_005447","-5.4465","-125.8177","-1.7670","-2.8758","23.6407","-25.8576","3.2230","1.4171","null","null","null","86.0700","2476","5.8740",530705,542881,455104,642162,518934,571448,596115,435622,453568,571595,"54.6281","null","null","null","null","null","null","null",12,"3","Cutter",0,0,0,0,0,0,0,0,"Standard","Standard"
"FT","2018-07-04","90.3","2.2785","5.5925","Tyler Anderson",605412,542881,"null","ball",,,,,"9","null","R","L","L","COL","SF","B","null","null",1,0,2018,"1.1989","0.8769","0.6689","1.5529","null","null","593700.00",2,2,"Top","null","null",,,455104,,"180705_005424","-6.4725","-131.3697","-5.9953","15.0064","23.2459","-21.1702","3.2348","1.4372","null","null","null","90.3500","2184","5.9690",530705,542881,455104,642162,518934,571448,596115,435622,453568,571595,"54.5324","null","null","null","null","null","null","null",12,"2","2-Seam Fastball",0,0,0,0,0,0,0,0,"Standard","Standard"
"FT","2018-07-04","90.2","2.4957","5.7815","Tyler Anderson",605412,542881,"null","ball",,,,,"7","null","R","L","L","COL","SF","B","null","null",0,0,2018,"1.1756","0.7005","-0.3670","1.5249","null","null","593700.00",2,2,"Top","null","null",,,455104,,"180705_005403","-9.4605","-131.1375","-6.1644","15.0334","20.2584","-23.3123","3.2264","1.4456","null","null","null","90.3100","2242","5.8160",530705,542881,455104,642162,518934,571448,596115,435622,453568,571595,"54.6857","null","null","null","null","null","null","null",12,"1","2-Seam Fastball",0,0,0,0,0,0,0,0,"Standard","Standard"
"FF","2018-07-04","92.7","1.8431","6.0923","Tyler Anderson",457763,542881,"null","ball",,,,,"12","null","R","R","L","COL","SF","B","null","null",2,2,2018,"0.6889","1.2724","0.3278","3.6471","null","null","null",0,2,"Top","null","null",,,455104,,"180705_004857","-5.2553","-134.9361","-3.1979","9.2401","24.6900","-16.5133","3.3058","1.4226","null","null","null","92.0870","2289","5.5530",530705,542881,455104,642162,518934,571448,596115,435622,453568,571595,"54.9489","null","null","null","null","null","null","null",9,"5","4-Seam Fastball",0,0,0,0,0,0,0,0,"Standard","Standard"
"FC","2018-07-04","88.1","2.5042","5.7497","Tyler Anderson",457763,542881,"null","ball",,,,,"13","null","R","R","L","COL","SF","B","null","null",1,2,2018,"-0.1871","0.7521","-0.6407","1.2253","null","null","null",0,2,"Top","null","null",,,455104,,"180705_004839","-7.1735","-128.0922","-6.4362","-0.8352","21.5215","-23.0900","3.3309","1.4561","null","null","null","87.7520","2552","5.7060",530705,542881,455104,642162,518934,571448,596115,435622,453568,571595,"54.7957","null","null","null","null","null","null","null",9,"4","Cutter",0,0,0,0,0,0,0,0,"Standard","Standard"
"FC","2018-07-04","87.0","2.6187","5.5394","Tyler Anderson",457763,542881,"null","ball",,,,,"14","null","R","R","L","COL","SF","B","null","null",0,2,2018,"0.0925","0.7611","0.4148","1.2544","null","null","null",0,2,"Top","null","null",,,455104,,"180705_004821","-5.4196","-126.6486","-5.6971","1.8767","20.7335","-23.2928","3.3726","1.5897","null","null","null","86.9230","2564","5.7820",530705,542881,455104,642162,518934,571448,596115,435622,453568,571595,"54.7196","null","null","null","null","null","null","null",9,"3","Cutter",0,0,0,0,0,0,0,0,"Standard","Standard"
"FF","2018-07-04","93.6","1.9593","6.4672","Andrew Suarez",435622,605498,"null","ball",,,,,"13","null","R","R","L","COL","SF","B","null","null",0,1,2018,"0.9335","1.1561","-1.1897","2.0945","518934.00","null","596115.00",2,1,"Bot","null","null",,,457763,,"180705_004501","-9.9061","-135.8255","-7.9326","13.0519","23.3249","-16.9602","3.4358","1.4975","null","null","null","92.6420","2279","5.3990",530705,605498,457763,474832,605412,605509,593700,596103,491676,457705,"55.1033","null","null","null","null","null","null","null",8,"2","4-Seam Fastball",0,0,0,0,0,0,0,0,"Standard","Standard"
"FF","2018-07-04","93.7","1.9267","6.4788","Andrew Suarez",596115,605498,"null","ball",,,,,"11","null","R","R","L","COL","SF","B","null","null",1,2,2018,"0.7557","1.0752","-1.5193","3.4600","null","518934.00","null",2,1,"Bot","null","null",,,457763,,"180705_004230","-10.2917","-136.1310","-4.3601","10.9820","23.5287","-18.5372","3.5597","1.5713","null","null","null","92.7090","2110","5.3210",530705,605498,457763,474832,605412,605509,593700,596103,491676,457705,"55.1811","null","null","null","null","null","null","null",7,"4","4-Seam Fastball",0,0,0,0,0,0,0,0,"Infield shift","Standard"
"FF","2018-07-04","93.2","1.9001","6.4896","Andrew Suarez",596115,605498,"null","called_strike",,,,,"8","null","R","R","L","COL","SF","S","null","null",1,0,2018,"0.9281","1.0826","-0.0848","1.6356","null","518934.00","null",2,1,"Bot","null","null",,,457763,,"180705_004123","-6.8706","-135.2400","-8.8258","12.3039","24.6506","-17.9054","3.6599","1.5880","null","null","null","91.6410","2093","5.1450",530705,605498,457763,474832,605412,605509,593700,596103,491676,457705,"55.3564","null","null","null","null","null","null","null",7,"2","4-Seam Fastball",0,0,0,0,0,0,0,0,"Infield shift","Standard"
"FF","2018-07-04","93.6","1.9524","6.4882","Andrew Suarez",596115,605498,"null","ball",,,,,"11","null","R","R","L","COL","SF","B","null","null",0,0,2018,"0.9151","1.1372","-1.1747","2.7155","null","518934.00","null",2,1,"Bot","null","null",,,457763,,"180705_004102","-9.7550","-135.8272","-6.3178","12.7522","24.1363","-17.5817","3.6348","1.5713","null","null","null","92.1640","2095","5.1690",530705,605498,457763,474832,605412,605509,593700,596103,491676,457705,"55.3332","null","null","null","null","null","null","null",7,"1","4-Seam Fastball",0,0,0,0,0,0,0,0,"Infield shift","Standard"
"FF","2018-07-04","94.0","1.8600","6.5490","Andrew Suarez",571448,605498,"null","ball",,,,,"14","null","R","R","L","COL","SF","B","null","null",2,2,2018,"0.9491","1.0644","2.1043","2.2524","null","518934.00","null",1,1,"Bot","null","null",,,457763,,"180705_003955","-1.3140","-136.6698","-7.5355","11.6874","25.1580","-18.1931","3.3506","1.5529","null","null","null","92.2090","2100","4.9010",530705,605498,457763,474832,605412,605509,593700,596103,491676,457705,"55.6010","null","null","null","null","null","null","null",6,"6","4-Seam Fastball",0,0,0,0,0,0,0,0,"Standard","Standard"
"SL","2018-07-04","88.5","2.0120","6.4921","Andrew Suarez",571448,605498,"null","called_strike",,,,,"7","null","R","R","L","COL","SF","S","null","null",2,1,2018,"-0.1857","0.2733","-0.7327","1.5851","null","518934.00","null",1,1,"Bot","null","null",,,457763,,"180705_003903","-6.1659","-128.5234","-6.3425","-0.8697","23.2052","-28.3575","3.4576","1.6113","null","null","null","86.7620","2204","5.0120",530705,605498,457763,474832,605412,605509,593700,596103,491676,457705,"55.4903","null","null","null","null","null","null","null",6,"4","Slider",0,0,0,0,0,0,0,0,"Standard","Standard"
"FF","2018-07-04","93.4","1.8496","6.5161","Andrew Suarez",571448,605498,"null","ball",,,,,"11","null","R","R","L","COL","SF","B","null","null",1,1,2018,"0.9218","1.4151","-0.5017","4.5644","null","518934.00","null",1,1,"Bot","null","null",,,457763,,"180705_003843","-7.8076","-135.7498","-2.2512","12.5384","26.4575","-15.0688","3.3923","1.5779","null","null","null","91.7890","2196","5.1450",530705,605498,457763,474832,605412,605509,593700,596103,491676,457705,"55.3573","null","null","null","null","null","null","null",6,"3","4-Seam Fastball",0,0,0,0,0,0,0,0,"Standard","Standard"
"FF","2018-07-04","92.9","1.8280","6.5323","Andrew Suarez",571448,605498,"null","called_strike",,,,,"4","null","R","R","L","COL","SF","S","null","null",1,0,2018,"0.8559","1.4035","-0.7964","2.5276","null","518934.00","null",1,1,"Bot","null","null",,,457763,,"180705_003822","-8.2978","-134.8074","-7.2834","11.6436","24.8651","-14.4819","3.4409","1.5612","null","null","null","91.2830","2172","5.1340",530705,605498,457763,474832,605412,605509,593700,596103,491676,457705,"55.3682","null","null","null","null","null","null","null",6,"2","4-Seam Fastball",0,0,0,0,0,0,0,0,"Standard","Standard"
"CU","2018-07-04","76.2","1.8994","6.5476","Andrew Suarez",453568,605498,"null","ball",,,,,"14","null","R","L","L","COL","SF","B","null","null",2,1,2018,"-0.5673","-0.6185","1.5684","1.1578","null","null","518934.00",0,1,"Bot","null","null",,,457763,,"180705_003700","0.2556","-110.8972","-3.2368","-4.5128","17.6455","-36.7969","3.3906","1.5176","null","null","null","74.5270","2426","4.7980",530705,605498,457763,474832,605412,605509,593700,596103,491676,457705,"55.7037","null","null","null","null","null","null","null",5,"4","Curveball",0,0,0,0,0,0,0,0,"Standard","Standard"
"FF","2018-07-04","93.3","1.9978","6.4914","Andrew Suarez",453568,605498,"null","ball",,,,,"13","null","R","L","L","COL","SF","B","null","null",1,1,2018,"0.9028","1.1700","-0.7264","1.2778","null","null","518934.00",0,1,"Bot","null","null",,,457763,,"180705_003638","-8.7123","-135.2505","-9.9250","12.4564","26.1124","-16.5325","3.4240","1.5510","null","null","null","91.7330","2218","5.3060",530705,605498,457763,474832,605412,605509,593700,596103,491676,457705,"55.1959","null","null","null","null","null","null","null",5,"3","4-Seam Fastball",0,0,0,0,0,0,0,0,"Standard","Standard"
"FF","2018-07-04","93.0","2.1794","6.5772","Andrew Suarez",453568,605498,"null","called_strike",,,,,"4","null","R","L","L","COL","SF","S","null","null",0,0,2018,"0.6587","1.3442","-0.4442","2.1870","null","null","518934.00",0,1,"Bot","null","null",,,457763,,"180705_003556","-7.8841","-134.9074","-8.1346","9.1953","24.0723","-15.0600","3.4174","1.5193","null","null","null","91.3200","2142","5.0530",530705,605498,457763,474832,605412,605509,593700,596103,491676,457705,"55.4486","null","null","null","null","null","null","null",5,"1","4-Seam Fastball",0,0,0,0,0,0,0,0,"Standard","Standard"
"FF","2018-07-04","92.4","2.1574","6.5347","Andrew Suarez",518934,605498,"null","ball",,,,,"12","null","R","R","L","COL","SF","B","null","null",0,0,2018,"1.0547","1.2627","0.9619","3.0847","null","null","null",0,1,"Bot","null","null",,,457763,,"180705_003500","-5.0359","-134.2572","-5.4728","13.1042","24.2245","-16.8351","3.5699","1.6282","null","null","null","90.2810","2170","4.7090",530705,605498,457763,474832,605412,605509,593700,596103,491676,457705,"55.7924","null","null","null","null","null","null","null",4,"1","4-Seam Fastball",0,0,0,0,0,0,0,0,"Standard","Standard"
"FC","2018-07-04","87.2","2.2520","5.7764","Tyler Anderson",457705,542881,"strikeout","called_strike",,,,,"1","Andrew McCutchen called out on strikes.  ","R","R","L","COL","SF","S",2,"null",0,2,2018,"-0.4186","0.3902","-0.5406","3.2775","null","null","null",2,1,"Top","null","null",,,455104,,"180705_003227","-5.8042","-126.8959","-0.7040","-3.4264","22.4409","-28.1168","3.5464","1.6265","null","null","null","86.6300","2636","5.6230",530705,542881,455104,642162,518934,571448,596115,435622,453568,571595,"54.8785","null","null","0.00",1,0,0,"null",3,"4","Cutter",0,0,0,0,0,0,0,0,"Standard","Standard"
"FF","2018-07-04","92.6","1.9600","5.9856","Tyler Anderson",457705,542881,"null","called_strike",,,,,"9","null","R","R","L","COL","SF","S","null","null",0,0,2018,"0.6940","1.2936","0.7545","1.5283","null","null","null",2,1,"Top","null","null",,,455104,,"180705_003115","-4.5656","-134.7175","-8.4425","9.3254","24.3016","-14.9906","3.5900","1.6367","null","null","null","93.0140","2216","6.1730",530705,542881,455104,642162,518934,571448,596115,435622,453568,571595,"54.3286","null","null","null","null","null","null","null",3,"1","4-Seam Fastball",0,0,0,0,0,0,0,0,"Standard","Standard"
"FC","2018-07-04","88.2","2.6237","5.5949","Tyler Anderson",474832,542881,"strikeout","called_strike",,,,,"14","Brandon Belt called out on strikes.  ","R","L","L","COL","SF","S",2,"null",2,2,2018,"-0.1786","0.5519","0.8746","1.5004","null","null","null",1,1,"Top","null","null",,,455104,,"180705_003040","-3.8643","-128.4391","-5.0867","-1.3383","21.1973","-25.4168","3.3117","1.5679","null","null","null","88.3950","2494","5.9240",530705,542881,455104,642162,518934,571448,596115,435622,453568,571595,"54.5778","null","null","0.00",1,0,0,"null",2,"5","Cutter",0,0,0,0,0,0,0,0,"Infield shift","Strategic"
"FT","2018-07-04","92.7","2.4230","5.7774","Tyler Anderson",474832,542881,"null","ball",,,,,"14","null","R","L","L","COL","SF","B","null","null",1,1,2018,"0.9380","0.8752","1.4412","2.3268","null","null","null",1,1,"Top","null","null",,,455104,,"180705_002957","-4.4453","-134.9388","-4.9400","12.1205","23.5437","-20.9271","3.3034","1.5595","null","null","null","92.4050","2174","5.6580",530705,542881,455104,642162,518934,571448,596115,435622,453568,571595,"54.8436","null","null","null","null","null","null","null",2,"3","2-Seam Fastball",0,0,0,0,0,0,0,0,"Infield shift","Strategic"
"CH","2018-07-04","81.4","1.8937","6.3063","Tyler Anderson",474832,542881,"null","ball",,,,,"13","null","R","L","L","COL","SF","B","null","null",0,1,2018,"0.8046","0.9588","-0.3062","0.7721","null","null","null",1,1,"Top","null","null",,,455104,,"180705_002944","-6.3453","-118.2292","-7.5578","8.4903","19.8135","-22.2780","3.3117","1.5846","null","null","null","80.6990","1809","5.6460",530705,542881,455104,642162,518934,571448,596115,435622,453568,571595,"54.8555","null","null","null","null","null","null","null",2,"2","Changeup",0,0,0,0,0,0,0,0,"Infield shift","Strategic"
"FF","2018-07-04","90.8","1.6578","6.2615","Tyler Anderson",491676,542881,"null","called_strike",,,,,"11","null","R","R","L","COL","SF","S","null","null",0,0,2018,"0.5092","1.3277","-0.8354","2.6075","null","null","null",0,1,"Top","null","null",,,455104,,"180705_002800","-7.2297","-132.0374","-6.0415","7.1741","22.9173","-15.8901","3.5608","1.6113","null","null","null","90.5910","2243","5.7930",530705,542881,455104,642162,518934,571448,596115,435622,453568,571595,"54.7087","null","null","null","null","null","null","null",1,"1","4-Seam Fastball",0,0,0,0,0,0,0,0,"Standard","Standard"