"pitch_type","game_date","release_speed","release_pos_x","release_pos_z","player_name","batter","pitcher","events","description","spin_dir","spin_rate_deprecated","break_angle_deprecated","break_length_deprecated","zone","des","game_type","stand","p_throws","home_team","away_team","type","hit_location","bb_type","balls","strikes","game_year","pfx_x","pfx_z","plate_x","plate_z","on_3b","on_2b","on_1b","outs_when_up","inning","inning_topbot","hc_x","hc_y","tfs_deprecated","tfs_zulu_deprecated","pos2_person_id","umpire","sv_id","vx0","vy0","vz0","ax","ay","az","sz_top","sz_bot","hit_distance_sc","launch_speed","launch_angle","effective_speed","release_spin_rate","release_extension","game_pk","pos1_person_id","pos2_person_id","pos3_person_id","pos4_person_id","pos5_person_id","pos6_person_id","pos7_person_id","pos8_person_id","pos9_person_id","release_pos_y","estimated_ba_using_speedangle","estimated_woba_using_speedangle","woba_value","woba_denom","babip_value","iso_value","launch_speed_angle","at_bat_number","pitch_number","pitch_name","home_score","away_score","bat_score","fld_score","post_away_score","post_home_score","post_bat_score","post_fld_score","if_fielding_alignment","of_fielding_alignment"
"SI","2018-06-06","94.0","1.8191","6.1290","Andrew Chafin",467055,605177,"null","called_strike",,,,,"6","null","R","R","L","SF","ARI","S","null","null",0,0,2018,"1.0056","0.9850","0.7889","2.3398","null","null","null",1,10,"Bot","null","null",,,571974,,"180606_231800","-4.8858","-136.7713","-6.3105","13.6532","28.0773","-18.6912","3.2540","1.4395","null","null","null","94.2330","2155","6.2740",530318,605177,571974,502671,518614,571875,605113,444482,502481,572008,"54.2231","null","null","null","null","null","null","null",82,"1","Sinker",4,4,4,4,4,4,4,4,"Standard","Standard"
"SL","2018-06-06","84.7","2.0549","5.7918","Andrew Chafin",605412,605177,"null","ball",,,,,"13","null","R","L","L","SF","ARI","B","null","null",2,2,2018,"-0.0482","0.1564","-0.4071","1.0804","null","null","null",0,10,"Bot","null","null",,,571974,,"180606_231625","-5.6392","-123.1731","-4.9669","0.5976","23.7298","-29.8460","3.0060","1.2597","null","null","null","84.6150","2409","6.1990",530318,605177,571974,502671,518614,571875,605113,444482,502481,572008,"54.2981","null","null","null","null","null","null","null",81,"5","Slider",4,4,4,4,4,4,4,4,"Standard","Standard"
"SL","2018-06-06","84.2","1.9095","5.8698","Andrew Chafin",605412,605177,"null","ball",,,,,"13","null","R","L","L","SF","ARI","B","null","null",1,2,2018,"-0.0114","-0.1823","-1.0622","-0.3186","null","null","null",0,10,"Bot","null","null",,,571974,,"180606_231602","-6.8750","-122.4526","-7.6738","1.1103","21.8370","-32.8457","3.0557","1.2597","null","null","null","84.5410","2417","6.3250",530318,605177,571974,502671,518614,571875,605113,444482,502481,572008,"54.1720","null","null","null","null","null","null","null",81,"4","Slider",4,4,4,4,4,4,4,4,"Standard","Standard"
"SL","2018-06-06","83.8","1.9264","5.9404","Andrew Chafin",605412,605177,"null","called_strike",,,,,"13","null","R","L","L","SF","ARI","S","null","null",1,1,2018,"-0.2469","-0.0601","-0.8762","1.7908","null","null","null",0,10,"Bot","null","null",,,571974,,"180606_231541","-5.9995","-122.0600","-3.1298","-1.4104","21.8471","-32.4141","3.1350","1.4385","null","null","null","84.2860","2415","6.3500",530318,605177,571974,502671,518614,571875,605113,444482,502481,572008,"54.1479","null","null","null","null","null","null","null",81,"3","Slider",4,4,4,4,4,4,4,4,"Standard","Standard"
"FF","2018-06-06","93.8","1.6528","6.1330","Andrew Chafin",605412,605177,"null","ball",,,,,"13","null","R","L","L","SF","ARI","B","null","null",0,1,2018,"0.9016","1.2557","-0.5465","1.1557","null","null","null",0,10,"Bot","null","null",,,571974,,"180606_231524","-7.6954","-136.1051","-9.9308","12.9067","28.4490","-14.5600","3.1551","1.5082","null","null","null","94.0600","2142","6.4890",530318,605177,571974,502671,518614,571875,605113,444482,502481,572008,"54.0081","null","null","null","null","null","null","null",81,"2","4-Seam Fastball",4,4,4,4,4,4,4,4,"Standard","Standard"
"FF","2018-06-06","91.9","1.8229","6.0636","Andrew Chafin",605412,605177,"null","called_strike",,,,,"6","null","R","L","L","SF","ARI","S","null","null",0,0,2018,"0.8744","1.2064","0.4896","2.4012","null","null","null",0,10,"Bot","null","null",,,571974,,"180606_231503","-5.3079","-133.8673","-6.1665","11.6752","25.3611","-16.4666","3.0356","1.3887","null","null","null","92.8390","2097","6.5160",530318,605177,571974,502671,518614,571875,605113,444482,502481,572008,"53.9816","null","null","null","null","null","null","null",81,"1","4-Seam Fastball",4,4,4,4,4,4,4,4,"Standard","Standard"
"FF","2018-06-06","94.3","-2.5665","6.2739","Hunter Strickland",605113,519326,"null","ball",,,,,"14","null","R","R","R","SF","ARI","B","null","null",1,0,2018,"0.1696","1.2499","0.8555","1.6952","518614.00","null","572008.00",2,10,"Top","null","null",,,460026,,"180606_231123","8.4052","-136.6294","-8.6780","-0.0584","34.4246","-15.0905","3.3871","1.5700","null","null","null","92.4720","2611","5.7660",530318,519326,460026,467055,605412,446334,543063,607776,491676,457705,"54.7317","null","null","null","null","null","null","null",80,"2","4-Seam Fastball",4,4,4,4,4,4,4,4,"Standard","Standard"
"FF","2018-06-06","95.4","-3.1003","5.9312","Hunter Strickland",605113,519326,"null","ball",,,,,"11","null","R","R","R","SF","ARI","B","null","null",0,0,2018,"-0.0764","1.4403","-1.4543","3.6373","518614.00","null","572008.00",2,10,"Top","null","null",,,460026,,"180606_231055","4.4586","-138.6871","-3.5092","-2.0327","33.2225","-13.3988","3.4865","1.6197","null","null","null","94.3420","2550","5.8830",530318,519326,460026,467055,605412,446334,543063,607776,491676,457705,"54.6145","null","null","null","null","null","null","null",80,"1","4-Seam Fastball",4,4,4,4,4,4,4,4,"Standard","Standard"
"FF","2018-06-06","94.9","-3.0531","5.8217","Hunter Strickland",606466,519326,"null","ball",,,,,"11","null","R","L","R","SF","ARI","B","null","null",0,2,2018,"-0.4298","1.3632","-0.3875","4.3677","518614.00","null","572008.00",1,10,"Top","null","null",,,460026,,"180606_230941","7.8272","-137.9154","-1.1186","-7.0793","29.7812","-15.0780","3.4960","1.7186","null","null","null","94.0260","2553","5.7810",530318,519326,460026,467055,605412,446334,543063,607776,491676,457705,"54.7165","null","null","null","null","null","null","null",79,"3","4-Seam Fastball",4,4,4,4,4,4,4,4,"Strategic","Standard"
"FF","2018-06-06","95.0","-2.8517","5.7747","Hunter Strickland",572008,519326,"null","ball",,,,,"14","null","R","R","R","SF","ARI","B","null","null",2,0,2018,"-0.1198","1.2825","2.2312","1.3833","null","518614.00","null",1,10,"Top","null","null",,,460026,,"180606_230638","13.4670","-137.5597","-8.6138","-4.2277","27.6603","-14.3823","2.9754","1.4189","null","null","null","94.6130","2530","6.1250",530318,519326,460026,467055,605412,446334,543063,607776,491676,457705,"54.3723","null","null","null","null","null","null","null",78,"3","4-Seam Fastball",4,4,4,4,4,4,4,4,"Standard","Standard"
"FF","2018-06-06","96.0","-2.9348","5.8734","Hunter Strickland",572008,519326,"null","ball",,,,,"12","null","R","R","R","SF","ARI","B","null","null",0,0,2018,"-0.3434","1.4144","1.1308","2.5161","null","518614.00","null",1,10,"Top","null","null",,,460026,,"180606_230520","11.3554","-139.1976","-6.2886","-6.9208","31.2861","-13.0155","2.9754","1.3692","null","null","null","94.6950","2589","5.7290",530318,519326,460026,467055,605412,446334,543063,607776,491676,457705,"54.7689","null","null","null","null","null","null","null",78,"1","4-Seam Fastball",4,4,4,4,4,4,4,4,"Standard","Standard"
"FF","2018-06-06","93.4","-2.7721","6.1897","Hunter Strickland",518614,519326,"walk","ball",,,,,"11","Daniel Descalso walks.  ","R","L","R","SF","ARI","B","null","null",3,2,2018,"-0.5179","1.3487","-1.9299","3.1029","null","null","null",0,10,"Top","null","null",,,460026,,"180606_230036","3.2536","-135.9102","-5.1033","-6.9905","27.3167","-14.8705","3.1954","1.5242","null","null","null","92.9030","2422","5.8070",530318,519326,460026,467055,605412,446334,543063,607776,491676,457705,"54.6902","null","null","0.70",1,0,0,"null",76,"7","4-Seam Fastball",4,4,4,4,4,4,4,4,"Standard","Standard"
"FF","2018-06-06","95.6","-2.8014","6.0651","Hunter Strickland",518614,519326,"null","ball",,,,,"11","null","R","L","R","SF","ARI","B","null","null",2,2,2018,"-0.5412","1.3816","-0.8025","3.7922","null","null","null",0,10,"Top","null","null",,,460026,,"180606_225938","6.4189","-139.1681","-3.4677","-8.2607","27.7806","-13.8775","3.2048","1.4590","null","null","null","95.3950","2525","5.9000",530318,519326,460026,467055,605412,446334,543063,607776,491676,457705,"54.5970","null","null","null","null","null","null","null",76,"5","4-Seam Fastball",4,4,4,4,4,4,4,4,"Standard","Standard"
"FF","2018-06-06","94.0","-2.6767","6.2716","Hunter Strickland",518614,519326,"null","called_strike",,,,,"1","null","R","L","R","SF","ARI","S","null","null",2,1,2018,"-0.4857","1.3840","-0.7574","2.9848","null","null","null",0,10,"Top","null","null",,,460026,,"180606_225916","5.9929","-136.7455","-5.8251","-7.2614","27.7083","-13.9770","3.3042","1.5585","null","null","null","93.7320","2439","5.9640",530318,519326,460026,467055,605412,446334,543063,607776,491676,457705,"54.5337","null","null","null","null","null","null","null",76,"4","4-Seam Fastball",4,4,4,4,4,4,4,4,"Standard","Standard"
"CH","2018-06-06","90.2","-2.5667","6.3364","Hunter Strickland",518614,519326,"null","ball",,,,,"14","null","R","L","R","SF","ARI","B","null","null",1,1,2018,"-1.4045","1.0773","0.5384","0.6581","null","null","null",0,10,"Top","null","null",,,460026,,"180606_225843","10.3715","-130.4916","-10.1506","-17.6191","24.5089","-18.4800","3.2048","1.4590","null","null","null","88.7080","1865","5.4460",530318,519326,460026,467055,605412,446334,543063,607776,491676,457705,"55.0517","null","null","null","null","null","null","null",76,"3","Changeup",4,4,4,4,4,4,4,4,"Standard","Standard"
"FF","2018-06-06","94.7","-2.8534","6.2353","Hunter Strickland",518614,519326,"null","ball",,,,,"13","null","R","L","R","SF","ARI","B","null","null",0,1,2018,"-0.1912","1.5080","-1.6928","2.2143","null","null","null",0,10,"Top","null","null",,,460026,,"180606_225820","3.4087","-137.6615","-8.0376","-3.1166","29.4210","-11.8563","3.1551","1.5087","null","null","null","93.8500","2396","5.7610",530318,519326,460026,467055,605412,446334,543063,607776,491676,457705,"54.7367","null","null","null","null","null","null","null",76,"2","4-Seam Fastball",4,4,4,4,4,4,4,4,"Standard","Standard"
"CH","2018-06-06","88.7","-2.7091","6.3214","Hunter Strickland",518614,519326,"null","called_strike",,,,,"7","null","R","L","R","SF","ARI","S","null","null",0,0,2018,"-1.4529","0.8011","-0.8234","1.8326","null","null","null",0,10,"Top","null","null",,,460026,,"180606_225803","7.3886","-128.6702","-6.3575","-17.1543","27.5663","-22.4994","3.2545","1.5585","null","null","null","86.8850","1643","5.3820",530318,519326,460026,467055,605412,446334,543063,607776,491676,457705,"55.1153","null","null","null","null","null","null","null",76,"1","Changeup",4,4,4,4,4,4,4,4,"Standard","Standard"
"FF","2018-06-06","85.4","-2.0761","5.8802","Brad Boxberger",491676,502202,"null","ball",,,,,"14","null","R","R","R","SF","ARI","B","null","null",2,2,2018,"-0.2945","1.5349","1.2967","1.8172","null","null","null",2,9,"Bot","null","null",,,488671,,"180606_225446","8.3883","-123.9649","-6.2188","-4.4874","22.2406","-15.7391","3.1260","1.4987","null","null","null","84.5240","2288","5.6240",530318,502202,488671,502671,518614,571875,605113,444482,502481,572008,"54.8738","null","null","null","null","null","null","null",75,"6","4-Seam Fastball",4,4,4,4,4,4,4,4,"Standard","Standard"
"CH","2018-06-06","75.6","-2.1718","5.6791","Brad Boxberger",491676,502202,"null","ball",,,,,"13","null","R","R","R","SF","ARI","B","null","null",1,2,2018,"-1.0217","0.3077","-0.6742","0.7687","null","null","null",2,9,"Bot","null","null",,,488671,,"180606_225423","4.8345","-109.9997","-3.7658","-8.9074","15.4014","-29.3643","3.1757","1.3993","null","null","null","75.4180","1085","5.6940",530318,502202,488671,502671,518614,571875,605113,444482,502481,572008,"54.8036","null","null","null","null","null","null","null",75,"5","Changeup",4,4,4,4,4,4,4,4,"Standard","Standard"
"FF","2018-06-06","84.6","-2.2051","5.8635","Brad Boxberger",491676,502202,"null","ball",,,,,"14","null","R","R","R","SF","ARI","B","null","null",0,0,2018,"-0.2428","1.1426","2.0264","1.5811","null","null","null",2,9,"Bot","null","null",,,488671,,"180606_225250","10.1823","-122.7223","-5.8461","-4.0472","19.5106","-20.0161","3.2254","1.3993","null","null","null","84.0340","2226","5.6540",530318,502202,488671,502671,518614,571875,605113,444482,502481,572008,"54.8438","null","null","null","null","null","null","null",75,"1","4-Seam Fastball",4,4,4,4,4,4,4,4,"Standard","Standard"
"FF","2018-06-06","86.6","-2.2301","5.7195","Brad Boxberger",460026,502202,"null","called_strike",,,,,"3","null","R","R","R","SF","ARI","S","null","null",1,0,2018,"-0.2694","1.4223","0.7348","3.2379","null","null","607776.00",1,9,"Bot","null","null",,,488671,,"180606_224739","7.4580","-125.7459","-2.4383","-4.3040","26.0936","-17.3863","3.3369","1.5690","null","null","null","84.8980","2237","5.3530",530318,502202,488671,502671,518614,571875,605113,444482,502481,572008,"55.1444","null","null","null","null","null","null","null",73,"2","4-Seam Fastball",2,4,2,4,4,2,2,4,"Standard","Standard"
"FF","2018-06-06","87.1","-2.2282","5.7750","Brad Boxberger",607776,502202,"walk","ball",,,,,"14","Mac Williamson walks.  ","R","R","R","SF","ARI","B","null","null",3,2,2018,"0.0090","1.1532","0.9435","1.2321","null","null","null",1,9,"Bot","null","null",,,488671,,"180606_224627","7.4597","-126.5304","-6.9550","-1.2361","22.5641","-19.0649","3.5256","1.5595","null","null","null","86.0210","2299","5.4080",530318,502202,488671,502671,518614,571875,605113,444482,502481,572008,"55.0891","null","null","0.70",1,0,0,"null",72,"7","4-Seam Fastball",2,4,2,4,4,2,2,4,"Standard","Standard"
"FF","2018-06-06","87.8","-2.0759","5.8843","Brad Boxberger",607776,502202,"null","ball",,,,,"14","null","R","R","R","SF","ARI","B","null","null",2,2,2018,"-0.3148","1.4489","1.1822","2.5682","null","null","null",1,9,"Bot","null","null",,,488671,,"180606_224606","8.3355","-127.4605","-4.7317","-4.8637","23.3591","-16.1903","3.5753","1.6589","null","null","null","86.4440","2276","5.3120",530318,502202,488671,502671,518614,571875,605113,444482,502481,572008,"55.1853","null","null","null","null","null","null","null",72,"6","4-Seam Fastball",2,4,2,4,4,2,2,4,"Standard","Standard"
"FF","2018-06-06","85.9","-2.2055","5.7914","Brad Boxberger",607776,502202,"null","called_strike",,,,,"8","null","R","R","R","SF","ARI","S","null","null",2,1,2018,"-0.3008","1.2934","0.0963","1.5534","null","null","null",1,9,"Bot","null","null",,,488671,,"180606_224521","5.9272","-124.7913","-6.2217","-4.1654","23.3279","-18.1107","3.6546","1.6192","null","null","null","84.6460","2226","5.4030",530318,502202,488671,502671,518614,571875,605113,444482,502481,572008,"55.0948","null","null","null","null","null","null","null",72,"4","4-Seam Fastball",2,4,2,4,4,2,2,4,"Standard","Standard"
"FF","2018-06-06","85.3","-2.1774","5.9048","Brad Boxberger",607776,502202,"null","ball",,,,,"14","null","R","R","R","SF","ARI","B","null","null",1,1,2018,"-0.0052","1.3608","1.0029","1.8742","null","null","null",1,9,"Bot","null","null",,,488671,,"180606_224503","7.3582","-123.9231","-5.7569","-1.4026","22.7384","-17.6879","3.6250","1.6092","null","null","null","84.1590","2183","5.4470",530318,502202,488671,502671,518614,571875,605113,444482,502481,572008,"55.0507","null","null","null","null","null","null","null",72,"3","4-Seam Fastball",2,4,2,4,4,2,2,4,"Standard","Standard"
"FF","2018-06-06","86.2","-2.0471","5.9055","Brad Boxberger",607776,502202,"null","ball",,,,,"14","null","R","R","R","SF","ARI","B","null","null",0,1,2018,"-0.2837","1.3707","1.0233","1.7049","null","null","null",1,9,"Bot","null","null",,,488671,,"180606_224445","7.6987","-125.1743","-6.3961","-4.1846","20.5221","-17.2229","3.6250","1.6092","null","null","null","85.2500","2173","5.3720",530318,502202,488671,502671,518614,571875,605113,444482,502481,572008,"55.1254","null","null","null","null","null","null","null",72,"2","4-Seam Fastball",2,4,2,4,4,2,2,4,"Standard","Standard"
"CH","2018-06-06","77.1","-2.1233","5.6861","Brad Boxberger",446334,502202,"null","ball",,,,,"14","null","R","R","R","SF","ARI","B","null","null",1,2,2018,"-1.0573","0.5479","0.8023","0.6839","null","null","null",0,9,"Bot","null","null",,,488671,,"180606_224302","7.9585","-111.9397","-4.6500","-9.9607","16.7431","-27.1433","3.5980","1.7397","null","null","null","76.5120","1222","5.6080",530318,502202,488671,502671,518614,571875,605113,444482,502481,572008,"54.8892","null","null","null","null","null","null","null",71,"5","Changeup",2,4,2,4,4,2,2,4,"Infield shift","Standard"
"CH","2018-06-06","75.8","-2.1030","5.7093","Brad Boxberger",446334,502202,"null","ball",,,,,"13","null","R","R","R","SF","ARI","B","null","null",0,2,2018,"-0.9405","0.2139","-1.4066","0.9131","null","null","null",0,9,"Bot","null","null",,,488671,,"180606_224221","3.0485","-110.2624","-3.2666","-8.0207","19.6203","-30.1440","3.5980","1.6403","null","null","null","74.8630","1198","5.6170",530318,502202,488671,502671,518614,571875,605113,444482,502481,572008,"54.8808","null","null","null","null","null","null","null",71,"3","Changeup",2,4,2,4,4,2,2,4,"Infield shift","Standard"
"FF","2018-06-06","84.3","-2.2012","5.9424","Brad Boxberger",446334,502202,"null","called_strike",,,,,"4","null","R","R","R","SF","ARI","S","null","null",0,0,2018,"-0.4310","1.3032","-0.4708","2.5807","null","null","null",0,9,"Bot","null","null",,,488671,,"180606_224141","4.7349","-122.6241","-3.9576","-4.9789","19.2180","-18.9602","3.6181","1.5409","null","null","null","83.2860","2035","5.1780",530318,502202,488671,502671,518614,571875,605113,444482,502481,572008,"55.3196","null","null","null","null","null","null","null",71,"1","4-Seam Fastball",2,4,2,4,4,2,2,4,"Infield shift","Standard"
"CU","2018-06-06","76.5","2.7544","6.4571","Ty Blach",571875,621389,"null","ball",,,,,"13","null","R","L","L","SF","ARI","B","null","null",0,0,2018,"-0.8471","-0.9953","-1.7120","0.7322","null","null","null",2,9,"Top","null","null",,,460026,,"180606_223839","-7.7364","-111.0980","-3.3817","-5.5584","16.3931","-39.7962","3.3871","1.4902","null","null","null","74.6700","2456","4.6550",530318,621389,460026,467055,605412,446334,543063,607776,457706,457705,"55.8422","null","null","null","null","null","null","null",70,"1","Curveball",2,4,4,2,4,2,4,2,"Infield shift","Standard"
"SI","2018-06-06","89.0","2.9873","6.2442","Ty Blach",502671,621389,"null","called_strike",,,,,"8","null","R","R","L","SF","ARI","S","null","null",1,0,2018,"1.1051","0.8852","0.2177","1.9258","null","null","null",1,9,"Top","null","null",,,460026,,"180606_223749","-8.7287","-128.8828","-6.0558","13.6142","28.5301","-21.7811","3.4072","1.4902","null","null","null","86.2480","2046","4.9470",530318,621389,460026,467055,605412,446334,543063,607776,457706,457705,"55.5509","null","null","null","null","null","null","null",69,"2","Sinker",2,4,4,2,4,2,4,2,"Infield shift","Standard"
"CH","2018-06-06","80.0","3.0672","6.2835","Ty Blach",502671,621389,"null","ball",,,,,"12","null","R","R","L","SF","ARI","B","null","null",0,0,2018,"1.4424","0.8035","2.1640","2.5606","null","null","null",1,9,"Top","null","null",,,460026,,"180606_223736","-4.3674","-116.0965","-2.7545","13.0567","23.1439","-25.1669","3.4072","1.5499","null","null","null","77.0740","2186","4.4900",530318,621389,460026,467055,605412,446334,543063,607776,457706,457705,"56.0071","null","null","null","null","null","null","null",69,"1","Changeup",2,4,4,2,4,2,4,2,"Infield shift","Standard"
"SI","2018-06-06","90.3","2.8869","6.2180","Ty Blach",502481,621389,"strikeout","called_strike",,,,,"7","Jarrod Dyson called out on strikes.  ","R","L","L","SF","ARI","S",2,"null",0,2,2018,"1.2838","0.7452","-0.8054","1.6779","null","null","null",0,9,"Top","null","null",,,460026,,"180606_223710","-11.4715","-130.6232","-6.6447","16.4450","26.3690","-22.8970","3.2566","1.6092","null","null","null","88.0560","2085","5.1210",530318,621389,460026,467055,605412,446334,543063,607776,457706,457705,"55.3763","null","null","0.00",1,0,0,"null",68,"3","Sinker",2,4,4,2,4,2,4,2,"Standard","Standard"
"CH","2018-06-06","79.4","2.9797","6.3331","Ty Blach",502481,621389,"null","called_strike",,,,,"4","null","R","L","L","SF","ARI","S","null","null",0,1,2018,"1.3960","0.5358","-0.6794","2.1892","null","null","null",0,9,"Top","null","null",,,460026,,"180606_223658","-10.1259","-115.1039","-3.2216","13.4527","17.7889","-27.3599","3.3063","1.6589","null","null","null","77.4800","2051","4.7610",530318,621389,460026,467055,605412,446334,543063,607776,457706,457705,"55.7368","null","null","null","null","null","null","null",68,"2","Changeup",2,4,4,2,4,2,4,2,"Standard","Standard"
"SI","2018-06-06","89.0","2.8305","6.2727","Ty Blach",502481,621389,"null","called_strike",,,,,"7","null","R","L","L","SF","ARI","S","null","null",0,0,2018,"1.2254","0.9397","-0.4884","1.8626","null","null","null",0,9,"Top","null","null",,,460026,,"180606_223647","-10.3065","-129.0445","-6.5391","15.0650","22.8764","-21.1023","3.4553","1.7086","null","null","null","87.2770","2126","5.0700",530318,621389,460026,467055,605412,446334,543063,607776,457706,457705,"55.4278","null","null","null","null","null","null","null",68,"1","Sinker",2,4,4,2,4,2,4,2,"Standard","Standard"
"FF","2018-06-06","96.1","-1.9424","5.9264","Archie Bradley",457705,605151,"null","called_strike",,,,,"3","null","R","R","R","SF","ARI","S","null","null",1,1,2018,"-0.5906","1.3488","0.8116","2.8786","null","null","null",1,8,"Bot","null","null",,,488671,,"180606_223330","8.6225","-139.6998","-5.5592","-9.5448","28.7628","-13.4838","3.3670","1.6890","null","null","null","96.3730","2247","6.3070",530318,605151,488671,502671,518614,571875,605113,444482,502481,572008,"54.1908","null","null","null","null","null","null","null",66,"3","4-Seam Fastball",2,4,2,4,4,2,2,4,"Standard","Standard"
"KC","2018-06-06","80.6","-1.6381","6.0055","Archie Bradley",457705,605151,"null","ball",,,,,"14","null","R","R","R","SF","ARI","B","null","null",0,0,2018,"0.6220","-0.8460","0.4587","1.2124","null","null","null",1,8,"Bot","null","null",,,488671,,"180606_223254","3.4873","-117.4121","-2.4575","5.2005","20.1299","-39.8320","3.3670","1.5399","null","null","null","81.1330","2017","6.3800",530318,605151,488671,502671,518614,571875,605113,444482,502481,572008,"54.1177","null","null","null","null","null","null","null",66,"1","Knuckle Curve",2,4,2,4,4,2,2,4,"Standard","Standard"
"KC","2018-06-06","80.6","-1.8079","5.9638","Archie Bradley",467055,605151,"strikeout","called_strike",,,,,"7","Pablo Sandoval called out on strikes.  ","R","L","R","SF","ARI","S",2,"null",3,2,2018,"0.4341","-0.8832","-0.5321","1.7502","null","null","null",0,8,"Bot","null","null",,,488671,,"180606_223223","2.0163","-117.4687","-1.1443","3.7115","19.0681","-40.3968","3.1049","1.3400","null","null","null","81.0590","1924","6.1960",530318,605151,488671,502671,518614,571875,605113,444482,502481,572008,"54.3012","null","null","0.00",1,0,0,"null",65,"9","Knuckle Curve",2,4,2,4,4,2,2,4,"Standard","Standard"
"FT","2018-06-06","96.4","-2.0467","5.9307","Archie Bradley",467055,605151,"null","ball",,,,,"11","null","R","L","R","SF","ARI","B","null","null",2,2,2018,"-0.8990","1.0783","-0.0274","3.9496","null","null","null",0,8,"Bot","null","null",,,488671,,"180606_223055","7.4638","-140.3823","-2.2177","-13.5953","29.2528","-17.4579","3.1942","1.4395","null","null","null","97.2540","2143","6.5530",530318,605151,488671,502671,518614,571875,605113,444482,502481,572008,"53.9446","null","null","null","null","null","null","null",65,"5","2-Seam Fastball",2,4,2,4,4,2,2,4,"Standard","Standard"
"FF","2018-06-06","96.1","-2.0710","5.8850","Archie Bradley",467055,605151,"null","ball",,,,,"11","null","R","L","R","SF","ARI","B","null","null",1,2,2018,"-0.3829","1.4330","-0.4216","5.1479","null","null","null",0,8,"Bot","null","null",,,488671,,"180606_223035","5.2254","-139.8633","0.4035","-6.1754","31.3691","-13.7608","3.2439","1.4892","null","null","null","96.0150","2230","6.2170",530318,605151,488671,502671,518614,571875,605113,444482,502481,572008,"54.2809","null","null","null","null","null","null","null",65,"4","4-Seam Fastball",2,4,2,4,4,2,2,4,"Standard","Standard"
"FF","2018-06-06","95.9","-1.8985","6.0142","Archie Bradley",467055,605151,"null","called_strike",,,,,"6","null","R","L","R","SF","ARI","S","null","null",1,1,2018,"-0.6694","1.5121","0.3772","2.4236","null","null","null",0,8,"Bot","null","null",,,488671,,"180606_223019","7.5070","-139.3176","-7.2450","-10.4070","32.2635","-11.1424","3.2043","1.4395","null","null","null","95.5720","2327","6.2600",530318,605151,488671,502671,518614,571875,605113,444482,502481,572008,"54.2378","null","null","null","null","null","null","null",65,"3","4-Seam Fastball",2,4,2,4,4,2,2,4,"Standard","Standard"
"FF","2018-06-06","95.8","-1.9025","6.0823","Archie Bradley",467055,605151,"null","ball",,,,,"11","null","R","L","R","SF","ARI","B","null","null",0,1,2018,"-0.5731","1.3092","-1.4842","2.9405","null","null","null",0,8,"Bot","null","null",,,488671,,"180606_223006","2.4002","-139.5658","-5.6976","-8.0234","29.3179","-14.0008","3.2439","1.5389","null","null","null","96.2400","2301","6.3270",530318,605151,488671,502671,518614,571875,605113,444482,502481,572008,"54.1707","null","null","null","null","null","null","null",65,"2","4-Seam Fastball",2,4,2,4,4,2,2,4,"Standard","Standard"
"FF","2018-06-06","95.6","-1.8145","6.0639","Archie Bradley",467055,605151,"null","called_strike",,,,,"8","null","R","L","R","SF","ARI","S","null","null",0,0,2018,"-0.6832","1.3431","-0.2622","1.6934","null","null","null",0,8,"Bot","null","null",,,488671,,"180606_222951","5.6383","-139.0137","-8.9741","-10.0839","28.5033","-12.9752","3.0055","1.4395","null","null","null","96.0610","2206","6.4000",530318,605151,488671,502671,518614,571875,605113,444482,502481,572008,"54.0971","null","null","null","null","null","null","null",65,"1","4-Seam Fastball",2,4,2,4,4,2,2,4,"Standard","Standard"
"SI","2018-06-06","89.1","2.9019","6.3634","Ty Blach",571918,621389,"null","called_strike",,,,,"5","null","R","R","L","SF","ARI","S","null","null",0,0,2018,"1.5001","0.9340","0.0812","2.4653","null","null","605113.00",1,8,"Top","null","null",,,460026,,"180606_222630","-9.6404","-129.1218","-5.2920","17.9282","23.6485","-21.3902","3.3670","1.5499","null","null","null","87.1480","2149","5.0140",530318,621389,460026,467055,605412,446334,543063,607776,457706,457705,"55.4834","null","null","null","null","null","null","null",64,"1","Sinker",2,4,4,2,4,2,4,2,"Standard","Standard"
"CH","2018-06-06","79.8","2.9305","6.3041","Ty Blach",605113,621389,"null","ball",,,,,"14","null","R","R","L","SF","ARI","B","null","null",0,0,2018,"1.6118","0.6038","1.6132","2.1781","null","null","null",1,8,"Top","null","null",,,460026,,"180606_222513","-5.5652","-115.7916","-3.3271","14.7555","20.3684","-26.7087","3.4865","1.6694","null","null","null","77.5820","2101","4.7390",530318,621389,460026,467055,605412,446334,543063,607776,457706,457705,"55.7586","null","null","null","null","null","null","null",63,"1","Changeup",2,4,4,2,4,2,4,2,"Standard","Standard"
"SI","2018-06-06","90.9","2.8881","6.1722","Ty Blach",488671,621389,"strikeout","called_strike",,,,,"8","Alex Avila called out on strikes.  ","R","L","L","SF","ARI","S",2,"null",1,2,2018,"1.4428","0.8497","-0.2371","2.0168","null","null","null",0,8,"Top","null","null",,,460026,,"180606_222439","-10.4561","-131.5764","-6.0033","18.2274","28.0817","-21.7584","3.2264","1.5198","null","null","null","88.3520","2132","5.0060",530318,621389,460026,467055,605412,446334,543063,607776,457706,457705,"55.4915","null","null","0.00",1,0,0,"null",62,"4","Sinker",2,4,4,2,4,2,4,2,"Infield shift","Standard"
"CU","2018-06-06","77.2","2.7465","6.4031","Ty Blach",488671,621389,"null","ball",,,,,"13","null","R","L","L","SF","ARI","B","null","null",0,2,2018,"-1.1409","-1.3091","-2.3946","-1.4123","null","null","null",0,8,"Top","null","null",,,460026,,"180606_222417","-8.6756","-111.6307","-7.0238","-7.2025","22.6143","-41.3641","3.2465","1.4304","null","null","null","74.3080","2627","4.7820",530318,621389,460026,467055,605412,446334,543063,607776,457706,457705,"55.7155","null","null","null","null","null","null","null",62,"3","Curveball",2,4,4,2,4,2,4,2,"Infield shift","Standard"
"SL","2018-06-06","76.9","2.9840","6.2226","Ty Blach",488671,621389,"null","called_strike",,,,,"6","null","R","L","L","SF","ARI","S","null","null",0,0,2018,"-0.5299","-0.2522","0.4986","2.2252","null","null","null",0,8,"Top","null","null",,,460026,,"180606_222328","-4.2254","-111.6688","-1.0462","-3.4474","19.4495","-34.2784","3.2264","1.4204","null","null","null","74.5430","2439","4.5840",530318,621389,460026,467055,605412,446334,543063,607776,457706,457705,"55.9135","null","null","null","null","null","null","null",62,"1","Slider",2,4,4,2,4,2,4,2,"Infield shift","Standard"
"FF","2018-06-06","90.8","-2.2257","5.7940","Yoshihisa Hirano",605412,673633,"null","called_strike",,,,,"8","null","R","L","R","SF","ARI","S","null","null",1,0,2018,"-0.9183","1.0943","-0.1858","1.6028","null","null","452254.00",1,7,"Bot","null","null",,,488671,,"180606_221918","6.9880","-131.9537","-6.8568","-12.0207","26.0556","-18.3562","3.0853","1.3390","null","null","null","90.4230","2186","5.9690",530318,673633,488671,502671,518614,571875,605113,444482,502481,572008,"54.5287","null","null","null","null","null","null","null",61,"2","4-Seam Fastball",2,4,2,4,4,2,2,4,"Standard","Standard"
"FF","2018-06-06","92.1","-2.5211","5.7549","Yoshihisa Hirano",605412,673633,"null","ball",,,,,"11","null","R","L","R","SF","ARI","B","null","null",0,0,2018,"-0.7179","1.1807","-1.8618","2.5858","null","null","452254.00",1,7,"Bot","null","null",,,488671,,"180606_221849","3.1834","-134.1521","-4.7699","-9.2173","26.0811","-17.3190","3.1551","1.4088","null","null","null","91.9340","2260","5.9070",530318,673633,488671,502671,518614,571875,605113,444482,502481,572008,"54.5908","null","null","null","null","null","null","null",61,"1","4-Seam Fastball",2,4,2,4,4,2,2,4,"Standard","Standard"
"FS","2018-06-06","84.3","-1.7585","6.0585","Yoshihisa Hirano",457706,673633,"null","ball",,,,,"14","null","R","R","R","SF","ARI","B","null","null",0,2,2018,"-0.6046","0.1243","0.9333","-1.0780","null","null","null",0,7,"Bot","null","null",,,488671,,"180606_221555","7.3071","-122.2968","-10.3489","-7.2098","20.5722","-29.4178","3.2967","1.5293","null","null","null","83.5480","1204","5.6330",530318,673633,488671,502671,518614,571875,605113,444482,502481,572008,"54.8643","null","null","null","null","null","null","null",59,"3","Split Finger",2,4,2,4,4,2,2,4,"Standard","Standard"
"FF","2018-06-06","91.5","-2.0701","5.9379","Yoshihisa Hirano",457706,673633,"null","called_strike",,,,,"3","null","R","R","R","SF","ARI","S","null","null",0,1,2018,"-0.9226","1.2503","0.5915","2.9333","null","null","null",0,7,"Bot","null","null",,,488671,,"180606_221528","8.6586","-133.1969","-4.5087","-12.4897","21.2359","-16.5670","3.3464","1.5293","null","null","null","92.2460","2080","6.1460",530318,673633,488671,502671,518614,571875,605113,444482,502481,572008,"54.3514","null","null","null","null","null","null","null",59,"2","4-Seam Fastball",2,4,2,4,4,2,2,4,"Standard","Standard"
"FF","2018-06-06","90.6","-1.9608","5.9852","Yoshihisa Hirano",457706,673633,"null","called_strike",,,,,"12","null","R","R","R","SF","ARI","S","null","null",0,0,2018,"-0.6651","1.3748","0.8466","2.9968","null","null","null",0,7,"Bot","null","null",,,488671,,"180606_221436","8.3324","-131.6678","-4.4370","-9.2302","24.3731","-15.6686","3.2967","1.4796","null","null","null","90.3240","2121","5.9040",530318,673633,488671,502671,518614,571875,605113,444482,502481,572008,"54.5930","null","null","null","null","null","null","null",59,"1","4-Seam Fastball",2,4,2,4,4,2,2,4,"Standard","Standard"
"SI","2018-06-06","91.8","3.4663","5.0807","Tony Watson",572008,453265,"null","ball",,,,,"11","null","R","R","L","SF","ARI","B","null","null",0,2,2018,"1.0530","1.0032","-0.1063","3.9788","null","null","null",2,7,"Top","null","null",,,460026,,"180606_221024","-11.1141","-133.1242","0.9358","14.5712","27.0654","-20.8675","2.9754","1.2697","null","null","null","90.8060","2354","5.7560",530318,453265,460026,467055,605412,446334,543063,607776,457706,457705,"54.7415","null","null","null","null","null","null","null",58,"3","Sinker",2,4,4,2,4,2,4,2,"Standard","Standard"
"SL","2018-06-06","84.4","3.4818","5.0473","Tony Watson",444482,453265,"null","ball",,,,,"13","null","R","L","L","SF","ARI","B","null","null",2,2,2018,"-0.3217","0.4615","-1.7998","1.5885","null","null","null",1,7,"Top","null","null",,,460026,,"180606_220831","-11.4701","-122.2889","-2.4829","-0.8744","24.2247","-27.4214","3.3470","1.6293","null","null","null","83.0240","2300","5.6220",530318,453265,460026,467055,605412,446334,543063,607776,457706,457705,"54.8749","null","null","null","null","null","null","null",57,"5","Slider",2,4,4,2,4,2,4,2,"Standard","Standard"
"SI","2018-06-06","91.6","3.6110","5.0523","Tony Watson",444482,453265,"null","ball",,,,,"12","null","R","L","L","SF","ARI","B","null","null",1,0,2018,"1.4369","0.3565","1.5638","2.8614","null","null","null",1,7,"Top","null","null",,,460026,,"180606_220713","-8.1049","-133.0533","-0.4409","18.4270","26.4183","-28.1401","3.4463","1.7287","null","null","null","90.8630","2259","5.7720",530318,453265,460026,467055,605412,446334,543063,607776,457706,457705,"54.7252","null","null","null","null","null","null","null",57,"2","Sinker",2,4,4,2,4,2,4,2,"Standard","Standard"
"SL","2018-06-06","83.0","3.5805","5.0955","Tony Watson",444482,453265,"null","ball",,,,,"13","null","R","L","L","SF","ARI","B","null","null",0,0,2018,"-0.3032","0.2696","-1.2762","1.4468","null","null","null",1,7,"Top","null","null",,,460026,,"180606_220654","-10.3627","-120.4604","-2.4079","-1.1675","20.1210","-29.4143","3.3470","1.5795","null","null","null","82.1300","2402","5.5370",530318,453265,460026,467055,605412,446334,543063,607776,457706,457705,"54.9601","null","null","null","null","null","null","null",57,"1","Slider",2,4,4,2,4,2,4,2,"Standard","Standard"
"SL","2018-06-06","83.9","3.4969","5.1047","Tony Watson",518614,453265,"null","ball",,,,,"13","null","R","L","L","SF","ARI","B","null","null",0,1,2018,"-0.0781","0.5332","-1.3676","1.1788","null","null","null",0,7,"Top","null","null",,,460026,,"180606_220541","-10.9044","-121.7351","-3.7300","0.9175","18.7896","-26.5766","3.3042","1.5087","null","null","null","83.1720","2306","5.4930",530318,453265,460026,467055,605412,446334,543063,607776,457706,457705,"55.0045","null","null","null","null","null","null","null",56,"2","Slider",2,4,4,2,4,2,4,2,"Standard","Standard"
"FC","2018-06-06","84.4","-1.4865","5.7101","Clay Buchholz",460026,453329,"null","called_strike",,,,,"3","null","R","R","R","SF","ARI","S","null","null",0,0,2018,"0.2758","0.5286","0.6540","3.0554","null","null","null",2,6,"Bot","null","null",,,488671,,"180606_220206","4.4183","-122.9986","-1.0224","2.1773","17.6894","-26.8069","3.3369","1.5193","null","null","null","84.8910","2273","5.9210",530318,453329,488671,502671,518614,571875,605113,444482,502481,572008,"54.5765","null","null","null","null","null","null","null",55,"1","Cutter",2,4,2,4,4,2,2,4,"Standard","Standard"
"FC","2018-06-06","83.9","-1.5598","5.6750","Clay Buchholz",607776,453329,"null","ball",,,,,"1","null","R","R","R","SF","ARI","B","null","null",1,0,2018,"0.3623","0.6810","-0.6363","3.3154","null","null","null",1,6,"Bot","null","null",,,488671,,"180606_220027","1.4258","-122.2996","-0.5189","3.4109","19.3580","-25.4452","3.5702","1.5298","null","null","null","84.1910","2237","5.9460",530318,453329,488671,502671,518614,571875,605113,444482,502481,572008,"54.5513","null","null","null","null","null","null","null",54,"2","Cutter",2,4,2,4,4,2,2,4,"Standard","Standard"
"FF","2018-06-06","88.9","-1.3581","5.8205","Clay Buchholz",607776,453329,"null","ball",,,,,"1","null","R","R","R","SF","ARI","B","null","null",0,0,2018,"-0.5732","1.3485","-0.3488","3.5296","null","null","null",1,6,"Bot","null","null",,,488671,,"180606_220010","3.6335","-129.3675","-2.3718","-7.0930","25.6156","-16.9312","3.4759","1.5098","null","null","null","88.5720","2133","5.9670",530318,453329,488671,502671,518614,571875,605113,444482,502481,572008,"54.5304","null","null","null","null","null","null","null",54,"1","4-Seam Fastball",2,4,2,4,4,2,2,4,"Standard","Standard"
"SL","2018-06-06","83.8","-1.4017","5.1186","Reyes Moronta",571875,606625,"null","ball",,,,,"13","null","R","L","R","SF","ARI","B","null","null",0,2,2018,"1.0391","0.0702","-0.2480","1.1431","null","502671.00","null",2,6,"Top","null","null",,,460026,,"180606_215252","0.6465","-122.0664","-2.9505","10.1589","22.3277","-31.1617","3.3871","1.4902","null","null","null","83.5320","2593","5.8950",530318,606625,460026,467055,605412,446334,543063,607776,457706,457705,"54.6022","null","null","null","null","null","null","null",52,"3","Slider",2,4,4,2,4,2,4,2,"Strategic","Standard"
"SL","2018-06-06","83.6","-1.3134","5.0626","Reyes Moronta",571875,606625,"null","called_strike",,,,,"4","null","R","L","R","SF","ARI","S","null","null",0,1,2018,"0.8261","0.1033","-0.7706","2.0749","null","502671.00","null",2,6,"Top","null","null",,,460026,,"180606_215232","-0.3398","-121.6341","-0.6545","8.1098","23.9263","-31.2828","3.3771","1.4304","null","null","null","82.8510","2579","5.8020",530318,606625,460026,467055,605412,446334,543063,607776,457706,457705,"54.6956","null","null","null","null","null","null","null",52,"2","Slider",2,4,4,2,4,2,4,2,"Strategic","Standard"
"SL","2018-06-06","81.9","-1.2840","5.1000","Reyes Moronta",571875,606625,"null","called_strike",,,,,"5","null","R","L","R","SF","ARI","S","null","null",0,0,2018,"0.6785","0.2441","-0.1114","2.5584","null","502671.00","null",2,6,"Top","null","null",,,460026,,"180606_215213","1.3564","-119.2211","0.3430","6.0572","22.8136","-30.2170","3.3771","1.5795","null","null","null","81.0070","2432","5.6470",530318,606625,460026,467055,605412,446334,543063,607776,457706,457705,"54.8504","null","null","null","null","null","null","null",52,"1","Slider",2,4,4,2,4,2,4,2,"Strategic","Standard"
"FF","2018-06-06","96.6","-0.8453","5.2821","Reyes Moronta",502671,606625,"null","called_strike",,,,,"14","null","R","R","R","SF","ARI","S","null","null",2,0,2018,"-0.2497","1.0935","0.9577","2.3291","null","null","502481.00",2,6,"Top","null","null",,,460026,,"180606_215016","5.3738","-140.7572","-4.8779","-4.3897","27.2949","-16.7544","3.4072","1.4902","null","null","null","97.3070","2521","6.2900",530318,606625,460026,467055,605412,446334,543063,607776,457706,457705,"54.2071","null","null","null","null","null","null","null",51,"3","4-Seam Fastball",2,3,3,2,3,2,3,2,"Standard","Standard"
"SL","2018-06-06","82.4","-1.3279","5.0861","Reyes Moronta",502671,606625,"null","ball",,,,,"14","null","R","R","R","SF","ARI","B","null","null",1,0,2018,"1.3488","0.1162","0.0415","1.0822","null","null","502481.00",2,6,"Top","null","null",,,460026,,"180606_214953","0.5614","-119.9118","-2.7933","12.6047","22.1870","-30.8053","3.4072","1.5499","null","null","null","81.5020","2545","5.5790",530318,606625,460026,467055,605412,446334,543063,607776,457706,457705,"54.9189","null","null","null","null","null","null","null",51,"2","Slider",2,3,3,2,3,2,3,2,"Standard","Standard"
"SL","2018-06-06","84.2","-1.4234","5.0984","Reyes Moronta",502671,606625,"null","ball",,,,,"13","null","R","R","R","SF","ARI","B","null","null",0,0,2018,"1.1469","0.4744","-0.9875","1.8064","null","null","502481.00",2,6,"Top","null","null",,,460026,,"180606_214929","-1.1812","-122.4524","-2.1347","11.4537","24.6006","-27.3645","3.4072","1.4505","null","null","null","83.0150","2614","5.5700",530318,606625,460026,467055,605412,446334,543063,607776,457706,457705,"54.9272","null","null","null","null","null","null","null",51,"1","Slider",2,3,3,2,3,2,3,2,"Standard","Standard"
"FF","2018-06-06","96.0","-1.0760","5.2830","Reyes Moronta",502481,606625,"walk","ball",,,,,"14","Jarrod Dyson walks.  ","R","L","R","SF","ARI","B","null","null",3,0,2018,"-0.3903","1.1653","0.2130","1.2445","null","null","null",2,6,"Top","null","null",,,460026,,"180606_214855","4.2789","-139.8149","-7.7967","-5.9425","25.7720","-15.5312","3.2169","1.4103","null","null","null","96.5790","2541","6.1670",530318,606625,460026,467055,605412,446334,543063,607776,457706,457705,"54.3304","null","null","0.70",1,0,0,"null",50,"4","4-Seam Fastball",2,3,3,2,3,2,3,2,"Standard","Standard"
"FF","2018-06-06","97.0","-0.9600","5.2325","Reyes Moronta",502481,606625,"null","ball",,,,,"14","null","R","L","R","SF","ARI","B","null","null",2,0,2018,"-0.0202","1.2543","0.9841","0.9266","null","null","null",2,6,"Top","null","null",,,460026,,"180606_214835","5.2277","-141.1107","-8.8616","-1.2854","27.3805","-13.8312","3.2606","1.4054","null","null","null","97.2980","2576","6.1440",530318,606625,460026,467055,605412,446334,543063,607776,457706,457705,"54.3530","null","null","null","null","null","null","null",50,"3","4-Seam Fastball",2,3,3,2,3,2,3,2,"Standard","Standard"
"SL","2018-06-06","82.0","-1.1120","5.1038","Reyes Moronta",502481,606625,"null","ball",,,,,"9","null","R","L","R","SF","ARI","B","null","null",1,0,2018,"1.1263","0.1647","0.5077","1.4291","null","null","null",2,6,"Top","null","null",,,460026,,"180606_214812","1.5225","-119.2610","-2.0232","10.1647","23.5294","-30.5024","3.2606","1.4568","null","null","null","80.9170","2492","5.6350",530318,606625,460026,467055,605412,446334,543063,607776,457706,457705,"54.8623","null","null","null","null","null","null","null",50,"2","Slider",2,3,3,2,3,2,3,2,"Standard","Standard"
"FF","2018-06-06","96.3","-1.0328","5.3017","Reyes Moronta",502481,606625,"null","ball",,,,,"8","null","R","L","R","SF","ARI","B","null","null",0,0,2018,"-0.3951","1.2317","0.2738","1.5345","null","null","null",2,6,"Top","null","null",,,460026,,"180606_214757","4.3577","-140.1942","-7.2782","-6.0883","27.1158","-14.6001","3.2863","1.5562","null","null","null","96.8350","2505","6.2470",530318,606625,460026,467055,605412,446334,543063,607776,457706,457705,"54.2507","null","null","null","null","null","null","null",50,"1","4-Seam Fastball",2,3,3,2,3,2,3,2,"Standard","Standard"
"FF","2018-06-06","98.0","-0.9545","5.3290","Reyes Moronta",453329,606625,"null","called_strike",,,,,"8","null","R","L","R","SF","ARI","S","null","null",0,0,2018,"-0.4495","1.5700","0.1633","1.9312","null","null","null",1,6,"Top","null","null",,,460026,,"180606_214656","4.0798","-142.6780","-7.4310","-7.0559","29.1891","-9.1086","3.2375","1.4600","null","null","null","98.8700","2604","6.4980",530318,606625,460026,467055,605412,446334,543063,607776,457706,457705,"53.9996","null","null","null","null","null","null","null",49,"1","4-Seam Fastball",2,3,3,2,3,2,3,2,"Standard","Standard"
"FF","2018-06-06","96.3","-0.8050","5.3741","Reyes Moronta",605113,606625,"null","ball",,,,,"14","null","R","R","R","SF","ARI","B","null","null",1,1,2018,"-0.1169","1.1072","2.5524","1.6299","null","null","null",0,6,"Top","null","null",,,460026,,"180606_214527","9.1506","-140.0087","-6.8887","-3.3650","27.8843","-16.3912","3.4796","1.6138","null","null","null","96.5110","2463","6.1940",530318,606625,460026,467055,605412,446334,543063,607776,457706,457705,"54.3038","null","null","null","null","null","null","null",48,"3","4-Seam Fastball",2,3,3,2,3,2,3,2,"Standard","Standard"
"SL","2018-06-06","81.5","-1.0243","5.1255","Reyes Moronta",605113,606625,"null","ball",,,,,"7","null","R","R","R","SF","ARI","B","null","null",0,1,2018,"1.5728","0.0214","-0.7198","1.7731","null","null","null",0,6,"Top","null","null",,,460026,,"180606_214503","-2.2219","-118.6891","-1.0226","14.9462","21.4217","-32.0299","3.4556","1.6396","null","null","null","80.7530","2587","5.6040",530318,606625,460026,467055,605412,446334,543063,607776,457706,457705,"54.8932","null","null","null","null","null","null","null",48,"2","Slider",2,3,3,2,3,2,3,2,"Standard","Standard"
"FF","2018-06-06","91.0","-1.0601","5.8176","Clay Buchholz",457705,453329,"strikeout","called_strike",,,,,"12","Andrew McCutchen called out on strikes.  ","R","R","R","SF","ARI","S",2,"null",1,2,2018,"-0.8784","1.3241","0.9276","2.9305","null","null","467055.00",1,5,"Bot","null","null",,,488671,,"180606_213916","6.8391","-132.2445","-4.1188","-11.7314","29.0334","-16.0785","3.3670","1.6393","null","null","null","90.6310","2204","6.2020",530318,453329,488671,502671,518614,571875,605113,444482,502481,572008,"54.2950","null","null","0.00",1,0,0,"null",46,"4","4-Seam Fastball",2,3,2,3,3,2,2,3,"Standard","Standard"
"FF","2018-06-06","89.9","-0.9805","5.8492","Clay Buchholz",457705,453329,"null","ball",,,,,"3","null","R","R","R","SF","ARI","B","null","null",0,1,2018,"-0.6646","1.3063","0.4865","3.4458","null","null","467055.00",1,5,"Bot","null","null",,,488671,,"180606_213809","5.0506","-130.9089","-2.7687","-8.6942","27.1214","-16.7779","3.3670","1.5896","null","null","null","90.1190","2176","6.3420",530318,453329,488671,502671,518614,571875,605113,444482,502481,572008,"54.1558","null","null","null","null","null","null","null",46,"2","4-Seam Fastball",2,3,2,3,3,2,2,3,"Standard","Standard"
"FC","2018-06-06","84.4","-1.4571","5.7871","Clay Buchholz",457705,453329,"null","called_strike",,,,,"6","null","R","R","R","SF","ARI","S","null","null",0,0,2018,"0.4045","0.6231","0.3906","2.4939","null","null","467055.00",1,5,"Bot","null","null",,,488671,,"180606_213744","3.5008","-123.0356","-2.6516","3.5609","20.2229","-25.5502","3.3174","1.5399","null","null","null","84.9880","2236","6.1900",530318,453329,488671,502671,518614,571875,605113,444482,502481,572008,"54.3071","null","null","null","null","null","null","null",46,"1","Cutter",2,3,2,3,3,2,2,3,"Standard","Standard"
"CU","2018-06-06","73.5","-1.5225","5.8587","Clay Buchholz",467055,453329,"null","ball",,,,,"11","null","R","L","R","SF","ARI","B","null","null",0,0,2018,"1.1718","-0.8125","-1.3765","4.0766","null","null","null",1,5,"Bot","null","null",,,488671,,"180606_213635","-1.6185","-106.7019","4.9057","8.9442","16.7891","-39.2162","2.9955","1.3400","null","null","null","72.3050","2520","5.3150",530318,453329,488671,502671,518614,571875,605113,444482,502481,572008,"55.1822","null","null","null","null","null","null","null",45,"1","Curveball",2,3,2,3,3,2,2,3,"Standard","Standard"
"CH","2018-06-06","73.9","-0.9640","5.9372","Clay Buchholz",605412,453329,"null","ball",,,,,"11","null","R","L","R","SF","ARI","B","null","null",1,1,2018,"-0.8030","0.5957","-1.8296","4.6809","null","null","null",0,5,"Bot","null","null",,,488671,,"180606_213537","-0.3782","-107.6609","3.5733","-6.1968","16.3916","-28.2760","3.2545","1.4585","null","null","null","74.1550","1442","6.1390",530318,453329,488671,502671,518614,571875,605113,444482,502481,572008,"54.3581","null","null","null","null","null","null","null",44,"3","Changeup",2,3,2,3,3,2,2,3,"Standard","Standard"
"CH","2018-06-06","78.1","-1.1467","5.8232","Clay Buchholz",605412,453329,"null","ball",,,,,"14","null","R","L","R","SF","ARI","B","null","null",0,1,2018,"-0.7303","0.7335","1.2027","-0.8153","null","null","null",0,5,"Bot","null","null",,,488671,,"180606_213508","6.3470","-113.3897","-8.7570","-7.3037","17.8142","-24.6598","3.2982","1.4536","null","null","null","78.0860","1695","6.0900",530318,453329,488671,502671,518614,571875,605113,444482,502481,572008,"54.4075","null","null","null","null","null","null","null",44,"2","Changeup",2,3,2,3,3,2,2,3,"Standard","Standard"
"FF","2018-06-06","88.6","-1.4635","5.7761","Clay Buchholz",605412,453329,"null","called_strike",,,,,"2","null","R","L","R","SF","ARI","S","null","null",0,0,2018,"-0.8863","1.3388","0.1673","3.1109","null","null","null",0,5,"Bot","null","null",,,488671,,"180606_213450","5.7995","-129.0412","-3.2892","-10.9663","23.4090","-16.7993","3.0555","1.4078","null","null","null","88.8660","2103","6.1180",530318,453329,488671,502671,518614,571875,605113,444482,502481,572008,"54.3795","null","null","null","null","null","null","null",44,"1","4-Seam Fastball",2,3,2,3,3,2,2,3,"Standard","Standard"
"SL","2018-06-06","82.3","2.1061","6.1674","Will Smith",488671,519293,"null","ball",,,,,"13","null","R","L","L","SF","ARI","B","null","null",0,2,2018,"-0.8551","0.4094","-1.3295","1.9448","502671.00","571875.00","572008.00",2,5,"Top","null","null",,,460026,,"180606_213135","-6.1052","-119.6625","-3.7811","-6.8639","23.0945","-27.8400","3.2465","1.6293","null","null","null","81.4270","2352","5.7400",530318,519293,460026,467055,605412,446334,543063,607776,457706,457705,"54.7572","null","null","null","null","null","null","null",43,"3","Slider",2,3,3,2,3,2,3,2,"Infield shift","Standard"
"SL","2018-06-06","80.5","2.2522","6.3042","Will Smith",488671,519293,"null","called_strike",,,,,"8","null","R","L","L","SF","ARI","S","null","null",0,0,2018,"-0.6415","-0.1139","0.2397","2.0186","502671.00","571875.00","572008.00",2,5,"Top","null","null",,,460026,,"180606_213034","-3.2499","-117.2552","-2.7540","-5.3952","17.4454","-33.0028","3.3258","1.6192","null","null","null","80.4370","2248","5.7190",530318,519293,460026,467055,605412,446334,543063,607776,457706,457705,"54.7783","null","null","null","null","null","null","null",43,"1","Slider",2,3,3,2,3,2,3,2,"Infield shift","Standard"
"SL","2018-06-06","81.9","2.1694","6.2224","Will Smith",444482,519293,"null","ball",,,,,"11","null","R","L","L","SF","ARI","B","null","null",2,2,2018,"-0.9503","0.4839","-0.8656","3.3186","502671.00","571875.00","null",1,5,"Top","null","null",,,460026,,"180606_212903","-5.0116","-119.2097","-1.0111","-8.1564","18.9407","-27.6619","3.3966","1.6293","null","null","null","81.5420","2342","5.6450",530318,519293,460026,467055,605412,446334,543063,607776,457706,457705,"54.8523","null","null","null","null","null","null","null",41,"6","Slider",2,3,3,2,3,2,3,2,"Strategic","Standard"
"FF","2018-06-06","90.7","1.8546","6.4830","Will Smith",444482,519293,"null","ball",,,,,"14","null","R","L","L","SF","ARI","B","null","null",0,0,2018,"0.8294","1.3506","1.8691","1.3540","502671.00","571875.00","null",1,5,"Top","null","null",,,460026,,"180606_212628","-1.7163","-131.7137","-9.7035","9.9575","27.8240","-14.7235","3.3966","1.7287","null","null","null","90.3380","2019","6.1670",530318,519293,460026,467055,605412,446334,543063,607776,457706,457705,"54.3308","null","null","null","null","null","null","null",41,"1","4-Seam Fastball",2,3,3,2,3,2,3,2,"Strategic","Standard"
"FF","2018-06-06","91.3","1.7579","6.5407","Will Smith",518614,519293,"null","called_strike",,,,,"2","null","R","L","L","SF","ARI","S","null","null",3,0,2018,"0.5707","1.4298","-0.0611","3.1887","null","502671.00","571875.00",0,5,"Top","null","null",,,460026,,"180606_212509","-5.7479","-132.5237","-5.4409","7.9814","32.4987","-14.6396","3.1928","1.4976","null","null","null","90.0750","2071","6.0130",530318,519293,460026,467055,605412,446334,543063,607776,457706,457705,"54.4847","null","null","null","null","null","null","null",40,"4","4-Seam Fastball",2,3,3,2,3,2,3,2,"Standard","Standard"
"FF","2018-06-06","92.0","1.7551","6.5206","Will Smith",518614,519293,"null","ball",,,,,"13","null","R","L","L","SF","ARI","B","null","null",2,0,2018,"0.5708","1.3788","-1.0795","1.6447","null","502671.00","571875.00",0,5,"Top","null","null",,,460026,,"180606_212444","-8.3628","-133.5509","-9.4543","8.4470","25.9900","-14.0654","3.2048","1.4590","null","null","null","91.8340","2113","6.1060",530318,519293,460026,467055,605412,446334,543063,607776,457706,457705,"54.3914","null","null","null","null","null","null","null",40,"3","4-Seam Fastball",2,3,3,2,3,2,3,2,"Standard","Standard"
"SL","2018-06-06","78.6","2.3137","6.2242","Will Smith",518614,519293,"null","ball",,,,,"7","null","R","L","L","SF","ARI","B","null","null",1,0,2018,"-1.0937","0.0532","-0.6037","1.5160","null","502671.00","571875.00",0,5,"Top","null","null",,,460026,,"180606_212420","-4.2962","-114.3712","-3.4385","-8.5741","20.5489","-31.3516","3.2545","1.6082","null","null","null","77.6110","2152","5.5270",530318,519293,460026,467055,605412,446334,543063,607776,457706,457705,"54.9703","null","null","null","null","null","null","null",40,"2","Slider",2,3,3,2,3,2,3,2,"Standard","Standard"
"FF","2018-06-06","91.5","1.7899","6.4856","Will Smith",518614,519293,"null","ball",,,,,"11","null","R","L","L","SF","ARI","B","null","null",0,0,2018,"0.4133","1.3758","-0.8423","3.4356","null","502671.00","571875.00",0,5,"Top","null","null",,,460026,,"180606_212357","-7.4465","-132.8656","-4.6416","6.4922","30.2298","-15.3969","3.2048","1.5087","null","null","null","90.4610","2019","5.9110",530318,519293,460026,467055,605412,446334,543063,607776,457706,457705,"54.5864","null","null","null","null","null","null","null",40,"1","4-Seam Fastball",2,3,3,2,3,2,3,2,"Standard","Standard"
"FF","2018-06-06","92.1","-1.8251","6.0883","Chris Stratton",571875,608717,"walk","ball",,,,,"11","Jake Lamb walks.  ","R","L","R","SF","ARI","B","null","null",3,1,2018,"-0.3190","1.0780","-1.5331","2.7675","null","502671.00","null",0,5,"Top","null","null",,,460026,,"180606_212102","1.4304","-134.1596","-5.0101","-4.1457","25.2886","-18.3228","3.3871","1.6393","null","null","null","92.6280","2421","6.2580",530318,608717,460026,467055,605412,446334,543063,607776,457706,457705,"54.2395","null","null","0.70",1,0,0,"null",39,"5","4-Seam Fastball",2,3,3,2,3,2,3,2,"Standard","Standard"
"FF","2018-06-06","92.8","-1.7116","6.0919","Chris Stratton",571875,608717,"null","called_strike",,,,,"4","null","R","L","R","SF","ARI","S","null","null",3,0,2018,"-0.1399","1.2975","-0.6403","2.1680","null","502671.00","null",0,5,"Top","null","null",,,460026,,"180606_212043","3.0497","-134.9936","-7.1163","-2.3487","27.9286","-14.9749","3.3771","1.5795","null","null","null","93.0930","2522","6.3680",530318,608717,460026,467055,605412,446334,543063,607776,457706,457705,"54.1293","null","null","null","null","null","null","null",39,"4","4-Seam Fastball",2,3,3,2,3,2,3,2,"Standard","Standard"
"FF","2018-06-06","90.4","-1.8160","6.1156","Chris Stratton",571875,608717,"null","ball",,,,,"11","null","R","L","R","SF","ARI","B","null","null",2,0,2018,"-0.4337","1.1684","-1.5747","2.5904","null","502671.00","null",0,5,"Top","null","null",,,460026,,"180606_212022","1.5226","-131.7055","-5.3680","-5.3574","26.5392","-17.6931","3.3871","1.5896","null","null","null","90.6620","2366","6.2650",530318,608717,460026,467055,605412,446334,543063,607776,457706,457705,"54.2321","null","null","null","null","null","null","null",39,"3","4-Seam Fastball",2,3,3,2,3,2,3,2,"Standard","Standard"
"FF","2018-06-06","92.5","-1.8087","6.0781","Chris Stratton",571875,608717,"null","ball",,,,,"14","null","R","L","R","SF","ARI","B","null","null",0,0,2018,"-0.0452","1.0974","0.5614","1.1701","null","502671.00","null",0,5,"Top","null","null",,,460026,,"180606_211910","6.1017","-134.3741","-9.0652","-1.6930","25.2479","-17.3885","3.3871","1.5896","null","null","null","92.4360","2542","6.0470",530318,608717,460026,467055,605412,446334,543063,607776,457706,457705,"54.4508","null","null","null","null","null","null","null",39,"1","4-Seam Fastball",2,3,3,2,3,2,3,2,"Standard","Standard"
"CU","2018-06-06","77.6","-1.5533","6.1860","Chris Stratton",502671,608717,"null","ball",,,,,"1","null","R","R","R","SF","ARI","B","null","null",1,1,2018,"1.4075","-0.7419","-0.7513","3.3728","null","502481.00","null",0,5,"Top","null","null",,,460026,,"180606_211716","-0.8091","-112.8622","2.2422","11.9682","21.1028","-39.0659","3.4609","1.6251","null","null","null","76.9350","3157","5.9000",530318,608717,460026,467055,605412,446334,543063,607776,457706,457705,"54.5974","null","null","null","null","null","null","null",38,"3","Curveball",2,2,2,2,2,2,2,2,"Standard","Standard"
"SL","2018-06-06","82.4","-1.7524","6.1158","Chris Stratton",502671,608717,"null","called_strike",,,,,"14","null","R","R","R","SF","ARI","S","null","null",1,0,2018,"0.6601","-0.3317","0.9612","2.1206","null","502481.00","null",0,5,"Top","null","null",,,460026,,"180606_211602","4.8611","-119.9621","-1.9970","5.4477","20.3608","-35.2074","3.4072","1.6890","null","null","null","81.8800","2925","5.6370",530318,608717,460026,467055,605412,446334,543063,607776,457706,457705,"54.8607","null","null","null","null","null","null","null",38,"2","Slider",2,2,2,2,2,2,2,2,"Standard","Standard"
"FC","2018-06-06","90.8","-1.7336","6.0613","Chris Stratton",502671,608717,"null","ball",,,,,"11","null","R","R","R","SF","ARI","B","null","null",0,0,2018,"0.1191","1.1375","-0.3195","3.9176","null","null","502481.00",0,5,"Top","null","null",,,460026,,"180606_211529","3.2812","-132.3051","-1.9418","0.7882","24.6657","-18.6348","3.4569","1.6990","36","35.0","5.3916","91.1120","2415","6.1210",530318,608717,460026,467055,605412,446334,543063,607776,457706,457705,"54.3761","null","null","null","null","null","null","null",38,"1","Cutter",2,2,2,2,2,2,2,2,"Standard","Standard"
"CH","2018-06-06","84.4","-1.4987","6.0796","Chris Stratton",502481,608717,"null","called_strike",,,,,"9","null","R","L","R","SF","ARI","S","null","null",1,0,2018,"-1.1172","0.2687","0.5710","1.6515","null","null","null",0,5,"Top","null","null",,,460026,,"180606_211429","7.0012","-122.7709","-4.5464","-12.5307","20.5236","-28.8700","3.3560","1.6589","null","null","null","84.7420","2015","6.1840",530318,608717,460026,467055,605412,446334,543063,607776,457706,457705,"54.3131","null","null","null","null","null","null","null",37,"2","Changeup",2,2,2,2,2,2,2,2,"Standard","Standard"
"CH","2018-06-06","84.0","-1.6095","6.0435","Chris Stratton",502481,608717,"null","ball",,,,,"14","null","R","L","R","SF","ARI","B","null","null",0,0,2018,"-0.8046","0.3747","1.0140","1.2151","null","null","null",0,5,"Top","null","null",,,460026,,"180606_211414","7.6900","-122.2210","-5.6492","-9.4384","19.7109","-27.6167","3.3660","1.6092","null","null","null","84.8500","1871","6.4430",530318,608717,460026,467055,605412,446334,543063,607776,457706,457705,"54.0546","null","null","null","null","null","null","null",37,"1","Changeup",2,2,2,2,2,2,2,2,"Standard","Standard"
"FF","2018-06-06","90.3","-1.3579","5.8100","Clay Buchholz",457706,453329,"null","called_strike",,,,,"3","null","R","R","R","SF","ARI","S","null","null",0,0,2018,"-0.5492","1.2812","0.6408","3.1461","null","null","null",2,4,"Bot","null","null",,,488671,,"180606_210958","6.0958","-131.4645","-3.4620","-7.4298","22.6718","-16.8855","3.4955","1.5790","null","null","null","90.5670","2101","6.0100",530318,453329,488671,502671,518614,571875,605113,444482,502481,572008,"54.4871","null","null","null","null","null","null","null",35,"1","4-Seam Fastball",2,2,2,2,2,2,2,2,"Standard","Standard"
"FT","2018-06-06","89.1","-1.1948","5.7229","Clay Buchholz",460026,453329,"null","ball",,,,,"13","null","R","R","R","SF","ARI","B","null","null",0,1,2018,"-1.3394","0.8678","-0.8543","0.9930","null","null","607776.00",0,4,"Bot","null","null",,,488671,,"180606_210848","3.6144","-129.6120","-7.4235","-15.7843","24.6238","-21.1857","3.3766","1.7181","null","null","null","89.1990","2092","6.1630",530318,453329,488671,502671,518614,571875,605113,444482,502481,572008,"54.3342","null","null","null","null","null","null","null",34,"2","2-Seam Fastball",2,2,2,2,2,2,2,2,"Standard","Standard"
"FF","2018-06-06","89.0","-1.2209","5.8160","Clay Buchholz",607776,453329,"null","ball",,,,,"11","null","R","R","R","SF","ARI","B","null","null",0,2,2018,"-0.7493","1.0650","-0.7178","4.6199","null","null","null",0,4,"Bot","null","null",,,488671,,"180606_210650","2.8238","-129.8882","0.7178","-9.1113","21.4379","-20.1701","3.6747","1.7583","null","null","null","90.2970","2024","6.4520",530318,453329,488671,502671,518614,571875,605113,444482,502481,572008,"54.0456","null","null","null","null","null","null","null",33,"4","4-Seam Fastball",2,2,2,2,2,2,2,2,"Standard","Standard"
"CU","2018-06-06","74.0","-1.5355","5.8826","Clay Buchholz",607776,453329,"null","called_strike",,,,,"5","null","R","R","R","SF","ARI","S","null","null",0,0,2018,"1.3815","-0.8176","-0.1667","2.4898","null","null","null",0,4,"Bot","null","null",,,488671,,"180606_210539","0.4525","-107.5636","1.7502","10.2538","20.1364","-38.9014","3.3068","1.5198","null","null","null","72.5950","2620","5.4590",530318,453329,488671,502671,518614,571875,605113,444482,502481,572008,"55.0382","null","null","null","null","null","null","null",33,"1","Curveball",2,2,2,2,2,2,2,2,"Standard","Standard"
"CH","2018-06-06","85.0","-1.6789","6.0206","Chris Stratton",453329,608717,"null","ball",,,,,"14","null","R","L","R","SF","ARI","B","null","null",0,1,2018,"-0.8686","0.1658","0.8261","0.9505","null","null","605113.00",2,4,"Top","null","null",,,460026,,"180606_210217","7.6200","-123.4661","-5.8760","-10.4183","24.4551","-29.5189","3.3068","1.5098","null","null","null","85.0820","1797","6.4280",530318,608717,460026,467055,605412,446334,543063,607776,457706,457705,"54.0697","null","null","null","null","null","null","null",32,"2","Changeup",2,2,2,2,2,2,2,2,"Standard","Standard"
"FF","2018-06-06","91.2","-1.5326","6.0817","Chris Stratton",605113,608717,"walk","ball",,,,,"14","Nick Ahmed walks.  ","R","R","R","SF","ARI","B","null","null",3,0,2018,"-0.2866","1.1772","1.1067","1.6310","null","null","null",2,4,"Top","null","null",,,460026,,"180606_210128","7.2253","-132.5870","-7.8684","-4.6883","23.5764","-16.9822","3.5362","1.6694","null","null","null","91.5770","2484","6.1920",530318,608717,460026,467055,605412,446334,543063,607776,457706,457705,"54.3056","null","null","0.70",1,0,0,"null",31,"4","4-Seam Fastball",2,2,2,2,2,2,2,2,"Standard","Standard"
"FF","2018-06-06","91.5","-1.5942","6.0658","Chris Stratton",605113,608717,"null","ball",,,,,"14","null","R","R","R","SF","ARI","B","null","null",2,0,2018,"-0.2137","1.1870","1.0997","1.3067","null","null","null",2,4,"Top","null","null",,,460026,,"180606_210111","7.2384","-132.9574","-8.7261","-3.8760","24.2724","-16.5808","3.4865","1.8185","null","null","null","91.8770","2475","6.2620",530318,608717,460026,467055,605412,446334,543063,607776,457706,457705,"54.2358","null","null","null","null","null","null","null",31,"3","4-Seam Fastball",2,2,2,2,2,2,2,2,"Standard","Standard"
"FF","2018-06-06","91.4","-1.5246","6.0343","Chris Stratton",605113,608717,"null","ball",,,,,"14","null","R","R","R","SF","ARI","B","null","null",1,0,2018,"-0.1834","0.9794","1.5713","2.4301","null","null","null",2,4,"Top","null","null",,,460026,,"180606_210053","8.1686","-132.9576","-5.3533","-3.6898","24.5230","-19.7222","3.5859","1.6694","null","null","null","91.6790","2458","6.1620",530318,608717,460026,467055,605412,446334,543063,607776,457706,457705,"54.3352","null","null","null","null","null","null","null",31,"2","4-Seam Fastball",2,2,2,2,2,2,2,2,"Standard","Standard"
"FF","2018-06-06","91.8","-1.5052","6.0987","Chris Stratton",605113,608717,"null","ball",,,,,"14","null","R","R","R","SF","ARI","B","null","null",0,0,2018,"-0.4786","1.2187","0.5420","1.0771","null","null","null",2,4,"Top","null","null",,,460026,,"180606_210040","6.1608","-133.2601","-9.3797","-6.9501","28.1204","-16.0326","3.5859","1.7688","null","null","null","91.2570","2393","6.0530",530318,608717,460026,467055,605412,446334,543063,607776,457706,457705,"54.4449","null","null","null","null","null","null","null",31,"1","4-Seam Fastball",2,2,2,2,2,2,2,2,"Standard","Standard"
"CH","2018-06-06","84.4","-1.5829","5.9999","Chris Stratton",488671,608717,"strikeout","called_strike",,,,,"7","Alex Avila called out on strikes.  ","R","L","R","SF","ARI","S",2,"null",0,2,2018,"-0.8099","0.1839","-0.7167","1.9759","null","null","null",1,4,"Top","null","null",,,460026,,"180606_210005","3.6119","-122.8977","-3.4433","-8.8698","21.2623","-29.8994","3.2264","1.5198","null","null","null","84.7810","2017","6.2150",530318,608717,460026,467055,605412,446334,543063,607776,457706,457705,"54.2820","null","null","0.00",1,0,0,"null",30,"3","Changeup",2,2,2,2,2,2,2,2,"Infield shift","Standard"
"CH","2018-06-06","83.2","-1.5617","6.1233","Chris Stratton",488671,608717,"null","called_strike",,,,,"2","null","R","L","R","SF","ARI","S","null","null",0,0,2018,"-0.8364","0.4579","0.1060","3.1637","null","null","null",1,4,"Top","null","null",,,460026,,"180606_205917","5.4250","-120.9997","-1.2155","-9.1954","23.3644","-27.7038","3.2264","1.4701","null","null","null","82.8990","1848","6.0950",530318,608717,460026,467055,605412,446334,543063,607776,457706,457705,"54.4026","null","null","null","null","null","null","null",30,"1","Changeup",2,2,2,2,2,2,2,2,"Infield shift","Standard"
"FF","2018-06-06","90.1","-1.3080","6.2353","Chris Stratton",572008,608717,"strikeout","called_strike",,,,,"7","Chris Owings called out on strikes.  ","R","R","R","SF","ARI","S",2,"null",1,2,2018,"-0.4870","1.3004","-0.4455","1.5550","null","null","null",0,4,"Top","null","null",,,460026,,"180606_205841","3.1461","-131.0106","-8.3879","-6.1909","25.1730","-15.8547","2.9754","1.5183","null","null","null","89.9750","2347","6.0500",530318,608717,460026,467055,605412,446334,543063,607776,457706,457705,"54.4472","null","null","0.00",1,0,0,"null",29,"4","4-Seam Fastball",2,2,2,2,2,2,2,2,"Standard","Standard"
"FF","2018-06-06","91.1","-1.5412","6.1322","Chris Stratton",572008,608717,"null","ball",,,,,"11","null","R","R","R","SF","ARI","B","null","null",0,2,2018,"-0.5585","1.2835","-0.2518","3.5386","null","null","null",0,4,"Top","null","null",,,460026,,"180606_205822","4.4058","-132.6895","-3.3867","-7.4308","25.9363","-16.6236","2.9754","1.4189","null","null","null","91.1160","2431","6.0520",530318,608717,460026,467055,605412,446334,543063,607776,457706,457705,"54.4458","null","null","null","null","null","null","null",29,"3","4-Seam Fastball",2,2,2,2,2,2,2,2,"Standard","Standard"
"CU","2018-06-06","76.2","-1.2917","6.2832","Chris Stratton",572008,608717,"null","called_strike",,,,,"7","null","R","R","R","SF","ARI","S","null","null",0,1,2018,"0.9375","-1.1072","-0.3529","1.7798","null","null","null",0,4,"Top","null","null",,,460026,,"180606_205805","0.3346","-110.7542","-0.3669","7.3322","22.7212","-41.1378","2.9754","1.2697","null","null","null","74.5390","3143","5.4600",530318,608717,460026,467055,605412,446334,543063,607776,457706,457705,"55.0372","null","null","null","null","null","null","null",29,"2","Curveball",2,2,2,2,2,2,2,2,"Standard","Standard"
"FT","2018-06-06","90.1","-1.1161","5.7849","Clay Buchholz",446334,453329,"null","ball",,,,,"13","null","R","R","R","SF","ARI","B","null","null",0,2,2018,"-1.3217","0.7608","-1.3373","1.0322","null","457705.00","null",2,3,"Bot","null","null",,,488671,,"180606_205457","2.2232","-131.0313","-7.4280","-15.5958","26.7752","-22.1587","3.5980","1.7894","null","null","null","89.9050","2137","6.1270",530318,453329,488671,502671,518614,571875,605113,444482,502481,572008,"54.3708","null","null","null","null","null","null","null",28,"3","2-Seam Fastball",2,2,2,2,2,2,2,2,"Standard","Standard"
"CU","2018-06-06","76.4","-1.0744","5.9369","Clay Buchholz",446334,453329,"null","called_strike",,,,,"9","null","R","R","R","SF","ARI","S","null","null",0,0,2018,"0.7433","-0.7892","0.5772","2.0526","null","457705.00","null",2,3,"Bot","null","null",,,488671,,"180606_211240","2.1517","-111.2296","0.1596","5.7191","18.2027","-38.8722","3.7175","1.7894","null","null","null","75.9060","2742","5.7040",530318,453329,488671,502671,518614,571875,605113,444482,502481,572008,"54.7935","null","null","null","null","null","null","null",28,"1","Curveball",2,2,2,2,2,2,2,2,"Standard","Standard"
"FF","2018-06-06","90.9","-0.9762","5.9049","Clay Buchholz",543063,453329,"null","called_strike",,,,,"8","null","R","L","R","SF","ARI","S","null","null",0,1,2018,"-0.8252","1.3376","0.1525","2.1098","null","457705.00","null",1,3,"Bot","null","null",,,488671,,"180606_205122","4.5871","-132.2365","-6.5137","-10.6070","24.8528","-15.3470","3.4744","1.6483","null","null","null","91.3160","2228","6.2900",530318,453329,488671,502671,518614,571875,605113,444482,502481,572008,"54.2078","null","null","null","null","null","null","null",27,"2","4-Seam Fastball",2,2,2,2,2,2,2,2,"Standard","Standard"
"FF","2018-06-06","89.3","-1.0507","5.8549","Clay Buchholz",457705,453329,"null","called_strike",,,,,"6","null","R","R","R","SF","ARI","S","null","null",0,0,2018,"-0.6411","1.2037","0.5332","2.5161","null","null","605412.00",1,3,"Bot","null","null",,,488671,,"180606_204854","5.2520","-130.0252","-4.7907","-8.3203","25.0119","-17.7262","3.3670","1.5896","null","null","null","89.7210","2107","6.3280",530318,453329,488671,502671,518614,571875,605113,444482,502481,572008,"54.1697","null","null","null","null","null","null","null",26,"1","4-Seam Fastball",1,2,1,2,2,1,1,2,"Standard","Standard"
"CU","2018-06-06","74.1","-1.1310","5.9322","Clay Buchholz",467055,453329,"null","ball",,,,,"11","null","R","L","R","SF","ARI","B","null","null",0,0,2018,"0.9117","-1.1486","-1.2173","3.8964","null","null","605412.00",0,3,"Bot","null","null",,,488671,,"180606_204533","-1.6962","-107.4949","5.0258","7.1692","19.4561","-41.9945","2.9955","1.3400","null","null","null","72.8240","2658","5.5920",530318,453329,488671,502671,518614,571875,605113,444482,502481,572008,"54.9052","null","null","null","null","null","null","null",25,"1","Curveball",1,2,1,2,2,1,1,2,"Standard","Standard"
"FF","2018-06-06","89.3","-1.4120","5.8320","Clay Buchholz",605412,453329,"walk","ball",,,,,"11","Joe Panik walks.  ","R","L","R","SF","ARI","B","null","null",3,0,2018,"-0.8696","1.1858","-1.5480","3.5739","null","null","null",0,3,"Bot","null","null",,,488671,,"180606_204450","1.4656","-130.1036","-2.0867","-10.1304","23.8603","-18.5440","3.0060","1.3094","null","null","null","89.4770","2117","6.0490",530318,453329,488671,502671,518614,571875,605113,444482,502481,572008,"54.4486","null","null","0.70",1,0,0,"null",24,"4","4-Seam Fastball",1,2,1,2,2,1,1,2,"Standard","Standard"
"FF","2018-06-06","89.6","-1.3609","5.8720","Clay Buchholz",605412,453329,"null","ball",,,,,"11","null","R","L","R","SF","ARI","B","null","null",2,0,2018,"-0.7893","1.3077","-1.0102","2.4742","null","null","null",0,3,"Bot","null","null",,,488671,,"180606_204430","2.5102","-130.5332","-5.1898","-9.4912","24.7807","-16.4577","3.2048","1.4585","null","null","null","89.7880","2081","6.1200",530318,453329,488671,502671,518614,571875,605113,444482,502481,572008,"54.3778","null","null","null","null","null","null","null",24,"3","4-Seam Fastball",1,2,1,2,2,1,1,2,"Standard","Standard"
"FF","2018-06-06","90.3","-1.4335","5.8288","Clay Buchholz",605412,453329,"null","ball",,,,,"11","null","R","L","R","SF","ARI","B","null","null",1,0,2018,"-0.8659","1.1665","-1.3528","2.6861","null","null","null",0,3,"Bot","null","null",,,488671,,"180606_204410","2.0107","-131.6181","-4.4161","-10.4286","23.5870","-18.0149","3.2545","1.5580","null","null","null","90.6060","2120","6.0370",530318,453329,488671,502671,518614,571875,605113,444482,502481,572008,"54.4602","null","null","null","null","null","null","null",24,"2","4-Seam Fastball",1,2,1,2,2,1,1,2,"Standard","Standard"
"FT","2018-06-06","88.4","-1.7612","5.8358","Clay Buchholz",605412,453329,"null","ball",,,,,"13","null","R","L","R","SF","ARI","B","null","null",0,0,2018,"-1.1834","0.8718","-1.1952","2.1845","null","null","null",0,3,"Bot","null","null",,,488671,,"180606_204352","3.8097","-128.7994","-4.7453","-13.8988","21.1082","-21.7951","3.0557","1.3591","null","null","null","89.0200","2073","6.1360",530318,453329,488671,502671,518614,571875,605113,444482,502481,572008,"54.3618","null","null","null","null","null","null","null",24,"1","2-Seam Fastball",1,2,1,2,2,1,1,2,"Standard","Standard"
"FC","2018-06-06","91.7","-1.7026","6.0724","Chris Stratton",518614,608717,"null","ball",,,,,"11","null","R","L","R","SF","ARI","B","null","null",2,2,2018,"0.1359","0.9979","-0.5526","3.6280","502481.00","502671.00","null",2,3,"Top","null","null",,,460026,,"180606_203753","2.6165","-133.5484","-2.5143","1.0990","27.0753","-19.9029","3.2545","1.6082","null","null","null","92.0010","2497","6.2910",530318,608717,460026,467055,605412,446334,543063,607776,457706,457705,"54.2063","null","null","null","null","null","null","null",22,"5","Cutter",1,0,0,1,0,1,0,1,"Standard","Standard"
"FF","2018-06-06","91.2","-1.7471","6.0169","Chris Stratton",518614,608717,"null","ball",,,,,"11","null","R","L","R","SF","ARI","B","null","null",1,2,2018,"-0.1578","1.2082","-0.3173","4.3372","502481.00","502671.00","null",2,3,"Top","null","null",,,460026,,"180606_203724","3.9163","-132.9335","-1.0044","-2.5708","23.6862","-17.8430","3.1054","1.5087","null","null","null","91.5610","2442","6.0380",530318,608717,460026,467055,605412,446334,543063,607776,457706,457705,"54.4597","null","null","null","null","null","null","null",22,"4","4-Seam Fastball",1,0,0,1,0,1,0,1,"Standard","Standard"
"FF","2018-06-06","92.2","-1.7703","6.1000","Chris Stratton",518614,608717,"null","called_strike",,,,,"4","null","R","L","R","SF","ARI","S","null","null",1,1,2018,"-0.1817","1.1855","-0.4015","2.1060","502481.00","502671.00","null",2,3,"Top","null","null",,,460026,,"180606_203659","3.8955","-134.1866","-6.9981","-2.9941","26.5290","-16.4656","3.2048","1.5087","null","null","null","92.9780","2542","6.5470",530318,608717,460026,467055,605412,446334,543063,607776,457706,457705,"53.9501","null","null","null","null","null","null","null",22,"3","4-Seam Fastball",1,0,0,1,0,1,0,1,"Standard","Standard"
"FF","2018-06-06","91.9","-1.8216","6.0976","Chris Stratton",518614,608717,"null","called_strike",,,,,"7","null","R","L","R","SF","ARI","S","null","null",0,0,2018,"-0.5303","1.3912","-0.5645","2.1068","null","502481.00","502671.00",2,3,"Top","null","null",,,460026,,"180606_203553","4.3676","-133.7948","-7.3949","-7.3211","26.3230","-13.9532","3.3539","1.6579","null","null","null","92.7670","2483","6.5790",530318,608717,460026,467055,605412,446334,543063,607776,457706,457705,"53.9187","null","null","null","null","null","null","null",22,"1","4-Seam Fastball",1,0,0,1,0,1,0,1,"Standard","Standard"
"FF","2018-06-06","92.6","-1.9063","6.2230","Chris Stratton",571875,608717,"null","ball",,,,,"11","null","R","L","R","SF","ARI","B","null","null",1,2,2018,"-0.3028","1.3855","-0.2369","3.9289","null","502481.00","502671.00",1,3,"Top","null","null",,,460026,,"180606_203439","4.9025","-134.8549","-3.0834","-4.6817","27.5554","-14.9208","3.3871","1.6393","null","null","null","92.6040","2492","6.1100",530318,608717,460026,467055,605412,446334,543063,607776,457706,457705,"54.3872","null","null","null","null","null","null","null",21,"4","4-Seam Fastball",1,0,0,1,0,1,0,1,"Standard","Standard"
"FF","2018-06-06","92.5","-1.6139","6.1225","Chris Stratton",571875,608717,"null","ball",,,,,"12","null","R","L","R","SF","ARI","B","null","null",0,1,2018,"-0.2798","1.2793","1.1620","3.2423","null","502481.00","502671.00",1,3,"Top","null","null",,,460026,,"180606_203304","7.6582","-134.4226","-4.2834","-5.0178","28.8335","-16.0468","3.3871","1.7884","null","null","null","92.2450","2487","6.1840",530318,608717,460026,467055,605412,446334,543063,607776,457706,457705,"54.3129","null","null","null","null","null","null","null",21,"2","4-Seam Fastball",1,0,0,1,0,1,0,1,"Standard","Standard"
"CU","2018-06-06","78.8","-1.6552","6.1959","Chris Stratton",571875,608717,"null","called_strike",,,,,"8","null","R","L","R","SF","ARI","S","null","null",0,0,2018,"1.3659","-1.3209","0.2278","1.7754","null","502481.00","502671.00",1,3,"Top","null","null",,,460026,,"180606_203238","1.5741","-114.5952","-0.2785","11.4594","23.5741","-43.7713","3.4765","1.6790","null","null","null","77.9690","3250","5.9910",530318,608717,460026,467055,605412,446334,543063,607776,457706,457705,"54.5067","null","null","null","null","null","null","null",21,"1","Curveball",1,0,0,1,0,1,0,1,"Standard","Standard"
"FT","2018-06-06","92.0","-1.6370","6.1048","Chris Stratton",502671,608717,"null","ball",,,,,"7","null","R","R","R","SF","ARI","B","null","null",0,0,2018,"-0.7971","1.0950","-0.7380","1.4536","null","null","502481.00",1,3,"Top","null","null",,,460026,,"180606_203001","4.0193","-133.9170","-8.4539","-10.4538","23.7832","-17.4654","3.5066","1.5002","null","null","null","92.9180","2266","6.4220",530318,608717,460026,467055,605412,446334,543063,607776,457706,457705,"54.0759","null","null","null","null","null","null","null",20,"1","2-Seam Fastball",1,0,0,1,0,1,0,1,"Standard","Standard"
"FF","2018-06-06","90.1","-1.5491","6.2219","Chris Stratton",453329,608717,"null","ball",,,,,"14","null","R","L","R","SF","ARI","B","null","null",1,1,2018,"-0.2489","1.2135","1.5252","2.2625","null","null","null",0,3,"Top","null","null",,,460026,,"180606_202756","8.1161","-130.9986","-6.4733","-4.2859","22.7813","-17.2221","3.3068","1.4103","null","null","null","90.3120","2431","6.0720",530318,608717,460026,467055,605412,446334,543063,607776,457706,457705,"54.4256","null","null","null","null","null","null","null",18,"3","4-Seam Fastball",1,0,0,1,0,1,0,1,"Standard","Standard"
"FF","2018-06-06","89.8","-1.4914","6.2527","Chris Stratton",453329,608717,"null","called_strike",,,,,"5","null","R","L","R","SF","ARI","S","null","null",1,0,2018,"-0.3165","1.3051","-0.0999","2.0379","null","null","null",0,3,"Top","null","null",,,460026,,"180606_202742","4.0740","-130.6571","-7.2173","-4.3234","22.5370","-16.1941","3.0388","1.4103","null","null","null","89.8720","2410","5.9360",530318,608717,460026,467055,605412,446334,543063,607776,457706,457705,"54.5611","null","null","null","null","null","null","null",18,"2","4-Seam Fastball",1,0,0,1,0,1,0,1,"Standard","Standard"
"FF","2018-06-06","89.7","-1.5427","6.3107","Chris Stratton",453329,608717,"null","ball",,,,,"11","null","R","L","R","SF","ARI","B","null","null",0,0,2018,"-0.2800","1.2518","-1.1432","3.2380","null","null","null",0,3,"Top","null","null",,,460026,,"180606_202731","1.5605","-130.7465","-4.3214","-3.4743","21.9341","-17.2778","3.1080","1.3109","null","null","null","90.0070","2410","5.9310",530318,608717,460026,467055,605412,446334,543063,607776,457706,457705,"54.5660","null","null","null","null","null","null","null",18,"1","4-Seam Fastball",1,0,0,1,0,1,0,1,"Standard","Standard"
"FC","2018-06-06","86.2","-1.2447","5.8077","Clay Buchholz",608717,453329,"null","ball",,,,,"12","null","R","R","R","SF","ARI","B","null","null",0,2,2018,"0.3514","0.4732","0.8383","3.9087","460026.00","null","null",2,2,"Bot","null","null",,,488671,,"180606_202428","4.2153","-125.6048","0.6382","3.0065","20.4265","-27.5053","3.4119","1.5484","null","null","null","86.1200","2408","5.7250",530318,453329,488671,502671,518614,571875,605113,444482,502481,572008,"54.7723","null","null","null","null","null","null","null",17,"3","Cutter",1,0,1,0,0,1,1,0,"Standard","Strategic"
"FC","2018-06-06","86.1","-1.2771","5.8701","Clay Buchholz",457706,453329,"strikeout","called_strike",,,,,"12","Austin Jackson called out on strikes.  ","R","R","R","SF","ARI","S",2,"null",2,2,2018,"0.2914","0.4956","0.8521","3.3664","460026.00","null","null",1,2,"Bot","null","null",,,488671,,"180606_202307","4.4519","-125.5061","-0.8463","2.3946","19.5380","-26.9725","3.3961","1.6288","null","null","null","86.5110","2363","5.9450",530318,453329,488671,502671,518614,571875,605113,444482,502481,572008,"54.5520","null","null","0.00",1,0,0,"null",16,"6","Cutter",1,0,1,0,0,1,1,0,"Strategic","Standard"
"FF","2018-06-06","89.8","-1.0623","6.0156","Clay Buchholz",457706,453329,"null","ball",,,,,"14","null","R","R","R","SF","ARI","B","null","null",1,1,2018,"-0.7106","1.2498","1.2087","2.2193","460026.00","null","null",1,2,"Bot","null","null",,,488671,,"180606_202136","7.0929","-130.5742","-6.0588","-9.5014","25.3008","-16.9132","3.4458","1.7282","null","null","null","89.8440","2250","6.1780",530318,453329,488671,502671,518614,571875,605113,444482,502481,572008,"54.3198","null","null","null","null","null","null","null",16,"3","4-Seam Fastball",1,0,1,0,0,1,1,0,"Strategic","Standard"
"FF","2018-06-06","91.6","-1.0570","6.0263","Clay Buchholz",457706,453329,"null","ball",,,,,"12","null","R","R","R","SF","ARI","B","null","null",0,0,2018,"-0.4997","1.4030","0.7841","4.1353","460026.00","null","null",1,2,"Bot","null","null",,,488671,,"180606_202043","5.6922","-133.4205","-1.9861","-7.0131","24.4462","-15.2440","3.5452","1.6288","null","null","null","91.8440","2226","6.0510",530318,453329,488671,502671,518614,571875,605113,444482,502481,572008,"54.4465","null","null","null","null","null","null","null",16,"1","4-Seam Fastball",1,0,1,0,0,1,1,0,"Strategic","Standard"
"FT","2018-06-06","90.0","-1.4355","5.9172","Clay Buchholz",460026,453329,"null","ball",,,,,"13","null","R","R","R","SF","ARI","B","null","null",2,1,2018,"-1.1068","0.8767","-1.4286","2.1309","null","null","null",1,2,"Bot","null","null",,,488671,,"180606_201921","2.3581","-131.0760","-5.3739","-13.2993","23.7302","-21.1898","3.3269","1.5690","null","null","null","90.6330","2120","6.3070",530318,453329,488671,502671,518614,571875,605113,444482,502481,572008,"54.1905","null","null","null","null","null","null","null",15,"4","2-Seam Fastball",1,0,1,0,0,1,1,0,"Standard","Standard"
"CH","2018-06-06","75.5","-0.8845","6.0490","Clay Buchholz",460026,453329,"null","ball",,,,,"11","null","R","R","R","SF","ARI","B","null","null",1,1,2018,"-0.7669","0.5548","-1.2568","4.0304","null","null","null",1,2,"Bot","null","null",,,488671,,"180606_201900","0.5613","-110.0617","1.7908","-6.3010","16.1784","-28.1344","3.3269","1.5690","null","null","null","75.6670","1318","5.9290",530318,453329,488671,502671,518614,571875,605113,444482,502481,572008,"54.5682","null","null","null","null","null","null","null",15,"3","Changeup",1,0,1,0,0,1,1,0,"Standard","Standard"
"FT","2018-06-06","90.8","-1.3003","5.9184","Clay Buchholz",460026,453329,"null","ball",,,,,"11","null","R","R","R","SF","ARI","B","null","null",0,0,2018,"-0.9984","0.6861","-0.9253","2.6411","null","null","null",1,2,"Bot","null","null",,,488671,,"180606_201813","3.0137","-132.1190","-3.7415","-12.1652","26.2492","-23.7039","3.4759","1.6684","null","null","null","90.4070","2096","5.9000",530318,453329,488671,502671,518614,571875,605113,444482,502481,572008,"54.5976","null","null","null","null","null","null","null",15,"1","2-Seam Fastball",1,0,1,0,0,1,1,0,"Standard","Standard"
"FC","2018-06-06","85.3","-1.7904","5.7691","Clay Buchholz",607776,453329,"null","ball",,,,,"1","null","R","R","R","SF","ARI","B","null","null",0,0,2018,"0.4336","0.8331","-0.5597","3.7484","null","null","null",0,2,"Bot","null","null",,,488671,,"180606_201627","2.0249","-124.2681","-0.1500","4.0504","23.3303","-23.8588","3.6837","1.6182","null","null","null","84.9020","2336","5.8230",530318,453329,488671,502671,518614,571875,605113,444482,502481,572008,"54.6747","null","null","null","null","null","null","null",14,"1","Cutter",1,0,1,0,0,1,1,0,"Standard","Standard"
"FF","2018-06-06","90.5","-1.7654","6.1543","Chris Stratton",605113,608717,"null","ball",,,,,"12","null","R","R","R","SF","ARI","B","null","null",1,0,2018,"-0.3918","0.9942","0.1860","3.6556","null","null","572008.00",2,2,"Top","null","null",,,460026,,"180606_201156","5.6847","-131.8832","-2.5194","-5.5710","22.4731","-20.2454","3.3872","1.4707","null","null","null","91.0960","2489","6.1290",530318,608717,460026,467055,605412,446334,543063,607776,457706,457705,"54.3684","null","null","null","null","null","null","null",13,"2","4-Seam Fastball",1,0,0,1,0,1,0,1,"Standard","Standard"
"FF","2018-06-06","93.1","-1.5322","6.1165","Chris Stratton",572008,608717,"null","ball",,,,,"14","null","R","R","R","SF","ARI","B","null","null",0,1,2018,"-0.2426","1.0319","1.6182","1.9782","null","null","null",1,2,"Top","null","null",,,460026,,"180606_200850","8.5891","-135.3710","-7.1459","-4.6017","25.3005","-18.2819","2.9755","1.2698","null","null","null","93.3980","2505","6.1860",530318,608717,460026,467055,605412,446334,543063,607776,457706,457705,"54.3114","null","null","null","null","null","null","null",11,"2","4-Seam Fastball",1,0,0,1,0,1,0,1,"Standard","Standard"
"FT","2018-06-06","92.6","-1.6285","6.0183","Chris Stratton",572008,608717,"null","called_strike",,,,,"8","null","R","R","R","SF","ARI","S","null","null",0,0,2018,"-0.5684","0.9100","-0.2251","1.7528","null","null","null",1,2,"Top","null","null",,,460026,,"180606_200837","4.8109","-134.7755","-7.1072","-7.8943","26.6213","-19.8533","2.9755","1.2698","null","null","null","92.8700","2440","6.2320",530318,608717,460026,467055,605412,446334,543063,607776,457706,457705,"54.2651","null","null","null","null","null","null","null",11,"1","2-Seam Fastball",1,0,0,1,0,1,0,1,"Standard","Standard"
"FF","2018-06-06","92.6","-1.6568","6.1389","Chris Stratton",444482,608717,"null","ball",,,,,"13","null","R","L","R","SF","ARI","B","null","null",1,2,2018,"-0.2239","1.1107","-0.5697","1.2204","null","null","null",0,2,"Top","null","null",,,460026,,"180606_200749","3.2480","-134.7669","-9.2543","-3.2912","22.2654","-17.1523","3.3967","1.7287","null","null","null","93.2350","2509","6.1270",530318,608717,460026,467055,605412,446334,543063,607776,457706,457705,"54.3706","null","null","null","null","null","null","null",10,"4","4-Seam Fastball",1,0,0,1,0,1,0,1,"Standard","Standard"
"CU","2018-06-06","78.6","-1.4663","6.1805","Chris Stratton",444482,608717,"null","ball",,,,,"14","null","R","L","R","SF","ARI","B","null","null",0,2,2018,"1.1383","-1.2897","1.4521","0.4006","null","null","null",0,2,"Top","null","null",,,460026,,"180606_200727","4.2143","-114.3141","-3.2534","8.9190","22.8257","-42.8407","3.3470","1.6790","null","null","null","77.7330","3266","5.8900",530318,608717,460026,467055,605412,446334,543063,607776,457706,457705,"54.6073","null","null","null","null","null","null","null",10,"3","Curveball",1,0,0,1,0,1,0,1,"Standard","Standard"
"SL","2018-06-06","82.0","-1.7135","6.1127","Chris Stratton",444482,608717,"null","called_strike",,,,,"8","null","R","L","R","SF","ARI","S","null","null",0,0,2018,"0.7787","-0.3142","-0.0687","1.5178","null","null","null",0,2,"Top","null","null",,,460026,,"180606_200655","2.2321","-119.3820","-3.3226","6.9736","19.1691","-34.8120","3.3470","1.5696","null","null","null","81.5150","2836","5.5630",530318,608717,460026,467055,605412,446334,543063,607776,457706,457705,"54.9343","null","null","null","null","null","null","null",10,"1","Slider",1,0,0,1,0,1,0,1,"Standard","Standard"
"CH","2018-06-06","76.8","-0.8920","5.8702","Clay Buchholz",446334,453329,"strikeout","called_strike",,,,,"1","Evan Longoria called out on strikes.  ","R","R","R","SF","ARI","S",2,"null",3,2,2018,"-0.6109","0.4653","-0.3128","3.3765","null","543063.00","null",2,1,"Bot","null","null",,,488671,,"180606_200446","2.3418","-112.0285","0.7260","-5.5690","16.5701","-28.4770","3.6182","1.6404","null","null","null","77.7170","1347","6.4030",530318,453329,488671,502671,518614,571875,605113,444482,502481,572008,"54.0940","null","null","0.00",1,0,0,"null",9,"6","Changeup",1,0,1,0,0,1,1,0,"Standard","Standard"
"FF","2018-06-06","91.8","-0.9682","5.8075","Clay Buchholz",446334,453329,"null","ball",,,,,"14","null","R","R","R","SF","ARI","B","null","null",2,2,2018,"-0.4962","1.3270","1.9376","1.7493","null","543063.00","null",2,1,"Bot","null","null",,,488671,,"180606_200418","8.3947","-133.4670","-7.3271","-7.4754","23.9255","-15.0799","3.6478","1.5907","null","null","null","92.1850","2169","6.1950",530318,453329,488671,502671,518614,571875,605113,444482,502481,572008,"54.3026","null","null","null","null","null","null","null",9,"5","4-Seam Fastball",1,0,1,0,0,1,1,0,"Standard","Standard"
"CU","2018-06-06","76.8","-1.1145","5.8667","Clay Buchholz",446334,453329,"null","ball",,,,,"14","null","R","R","R","SF","ARI","B","null","null",1,1,2018,"0.5830","-1.1402","0.8202","-0.4794","null","null","543063.00",2,1,"Bot","null","null",,,488671,,"180606_200304","3.0378","-111.7212","-4.3758","4.2791","20.1687","-41.0572","3.5981","1.6404","null","null","null","76.4220","2877","6.0360",530318,453329,488671,502671,518614,571875,605113,444482,502481,572008,"54.4615","null","null","null","null","null","null","null",9,"3","Curveball",1,0,1,0,0,1,1,0,"Infield shift","Standard"
"FC","2018-06-06","85.0","-1.1767","5.8008","Clay Buchholz",446334,453329,"null","ball",,,,,"14","null","R","R","R","SF","ARI","B","null","null",0,1,2018,"0.0405","0.8758","1.8078","2.2589","null","null","543063.00",2,1,"Bot","null","null",,,488671,,"180606_200219","6.8840","-123.6516","-3.7601","-0.8103","22.0094","-22.7367","3.6975","1.6404","null","null","null","85.0370","2316","6.0880",530318,453329,488671,502671,518614,571875,605113,444482,502481,572008,"54.4091","null","null","null","null","null","null","null",9,"2","Cutter",1,0,1,0,0,1,1,0,"Infield shift","Standard"
"FF","2018-06-06","90.6","-1.1495","5.8233","Clay Buchholz",446334,453329,"null","called_strike",,,,,"14","null","R","R","R","SF","ARI","S","null","null",0,0,2018,"-0.7919","1.6173","0.9376","2.3440","null","null","543063.00",2,1,"Bot","null","null",,,488671,,"180606_200150","6.8730","-131.7350","-6.2045","-10.5718","25.9565","-12.3321","3.6182","1.6404","null","null","null","90.6430","2097","6.1940",530318,453329,488671,502671,518614,571875,605113,444482,502481,572008,"54.3035","null","null","null","null","null","null","null",9,"1","4-Seam Fastball",1,0,1,0,0,1,1,0,"Infield shift","Standard"
"FF","2018-06-06","91.2","-1.5431","5.7427","Clay Buchholz",543063,453329,"null","called_strike",,,,,"7","null","R","L","R","SF","ARI","S","null","null",2,0,2018,"-0.7798","1.2988","-0.8226","1.6088","null","null","null",2,1,"Bot","null","null",,,488671,,"180606_200046","3.4547","-132.6876","-7.2681","-9.8616","26.6308","-15.6592","3.3751","1.4993","null","null","null","91.0830","2100","6.0870",530318,453329,488671,502671,518614,571875,605113,444482,502481,572008,"54.4103","null","null","null","null","null","null","null",8,"3","4-Seam Fastball",1,0,1,0,0,1,1,0,"Standard","Standard"
"CU","2018-06-06","75.8","-1.3737","5.9189","Clay Buchholz",543063,453329,"null","ball",,,,,"14","null","R","L","R","SF","ARI","B","null","null",1,0,2018,"1.0211","-0.9736","1.1737","2.0497","null","null","null",2,1,"Bot","null","null",,,488671,,"180606_200025","3.5003","-110.2675","0.7643","7.4396","21.4172","-40.3293","3.1663","1.5987","null","null","null","74.8510","2584","5.8130",530318,453329,488671,502671,518614,571875,605113,444482,502481,572008,"54.6842","null","null","null","null","null","null","null",8,"2","Curveball",1,0,1,0,0,1,1,0,"Standard","Standard"
"FF","2018-06-06","91.3","-1.3560","5.8803","Clay Buchholz",543063,453329,"null","ball",,,,,"13","null","R","L","R","SF","ARI","B","null","null",0,0,2018,"-0.9314","1.5122","-1.0801","1.7745","null","null","null",2,1,"Bot","null","null",,,488671,,"180606_200005","2.6537","-132.7610","-7.6188","-11.4528","27.6841","-13.1165","3.4147","1.5490","null","null","null","90.8520","2121","5.9960",530318,453329,488671,502671,518614,571875,605113,444482,502481,572008,"54.5015","null","null","null","null","null","null","null",8,"1","4-Seam Fastball",1,0,1,0,0,1,1,0,"Standard","Standard"
"FC","2018-06-06","87.0","-1.6614","5.7419","Clay Buchholz",457705,453329,"null","called_strike",,,,,"14","null","R","R","R","SF","ARI","S","null","null",0,0,2018,"-0.1170","0.7526","0.9269","2.2135","null","null","null",1,1,"Bot","null","null",,,488671,,"180606_195902","6.4195","-126.5916","-3.8509","-2.4500","23.5834","-23.5946","3.3190","1.5130","null","null","null","86.9930","2290","6.0900",530318,453329,488671,502671,518614,571875,605113,444482,502481,572008,"54.4069","null","null","null","null","null","null","null",7,"1","Cutter",1,0,1,0,0,1,1,0,"Infield shift","Standard"
"FF","2018-06-06","91.1","-1.4018","5.8269","Clay Buchholz",467055,453329,"null","ball",,,,,"11","null","R","L","R","SF","ARI","B","null","null",1,2,2018,"-1.0065","1.4282","-0.9461","2.2492","null","null","null",1,1,"Bot","null","null",,,488671,,"180606_195742","3.2733","-132.6907","-6.2086","-12.5217","23.7631","-14.3162","3.0949","1.3401","null","null","null","91.5100","2122","6.1200",530318,453329,488671,502671,518614,571875,605113,444482,502481,572008,"54.3771","null","null","null","null","null","null","null",6,"5","4-Seam Fastball",0,0,0,0,0,0,0,0,"Standard","Standard"
"FF","2018-06-06","91.9","-1.2328","5.8849","Clay Buchholz",467055,453329,"null","ball",,,,,"14","null","R","L","R","SF","ARI","B","null","null",0,2,2018,"-0.7714","1.3984","1.5098","1.9182","null","null","null",1,1,"Bot","null","null",,,488671,,"180606_195642","8.5909","-133.4837","-7.2594","-10.8748","24.5539","-14.1755","3.1446","1.5887","null","null","null","92.2500","2168","6.2740",530318,453329,488671,502671,518614,571875,605113,444482,502481,572008,"54.2236","null","null","null","null","null","null","null",6,"3","4-Seam Fastball",0,0,0,0,0,0,0,0,"Standard","Standard"
"FF","2018-06-06","88.9","-1.2277","5.9302","Clay Buchholz",467055,453329,"null","called_strike",,,,,"3","null","R","L","R","SF","ARI","S","null","null",0,0,2018,"-0.8965","1.2664","0.6023","2.7376","null","null","null",1,1,"Bot","null","null",,,488671,,"180606_195556","6.3630","-129.3006","-4.4263","-11.3751","26.9705","-17.2729","3.0056","1.4892","null","null","null","88.9280","2088","6.3320",530318,453329,488671,502671,518614,571875,605113,444482,502481,572008,"54.1649","null","null","null","null","null","null","null",6,"1","4-Seam Fastball",0,0,0,0,0,0,0,0,"Standard","Standard"
"CH","2018-06-06","85.6","-1.8198","6.0703","Chris Stratton",518614,608717,"null","called_strike",,,,,"4","null","R","L","R","SF","ARI","S","null","null",0,0,2018,"-1.2358","0.3489","-0.6979","2.5832","null","502671.00","null",2,1,"Top","null","null",,,460026,,"180606_195216","5.1467","-124.5690","-2.6458","-13.8990","25.5922","-28.2236","3.2546","1.5088","null","null","null","85.6250","1921","6.3520",530318,608717,460026,467055,605412,446334,543063,607776,457706,457705,"54.1458","null","null","null","null","null","null","null",4,"1","Changeup",0,0,0,0,0,0,0,0,"Standard","Standard"
"CH","2018-06-06","86.7","-1.5263","6.0334","Chris Stratton",502671,608717,"null","ball",,,,,"13","null","R","R","R","SF","ARI","B","null","null",2,2,2018,"-1.3770","0.4151","-0.1254","0.4987","null","null","null",1,1,"Top","null","null",,,460026,,"180606_194830","6.1375","-126.0006","-7.8902","-15.8555","23.6678","-26.4625","3.4073","1.5500","null","null","null","86.8170","1822","6.2630",530318,608717,460026,467055,605412,446334,543063,607776,457706,457705,"54.2346","null","null","null","null","null","null","null",2,"5","Changeup",0,0,0,0,0,0,0,0,"Standard","Standard"
"SL","2018-06-06","84.1","-1.5303","6.1368","Chris Stratton",502671,608717,"null","ball",,,,,"14","null","R","R","R","SF","ARI","B","null","null",1,2,2018,"0.5565","0.1196","1.5365","2.1104","null","null","null",1,1,"Top","null","null",,,460026,,"180606_194814","5.9650","-122.3848","-3.2703","4.6021","19.1024","-30.6741","3.4073","1.5500","null","null","null","83.7840","2965","5.6140",530318,608717,460026,467055,605412,446334,543063,607776,457706,457705,"54.8834","null","null","null","null","null","null","null",2,"4","Slider",0,0,0,0,0,0,0,0,"Standard","Standard"
"FF","2018-06-06","93.1","-1.5279","6.1969","Chris Stratton",502671,608717,"null","ball",,,,,"12","null","R","R","R","SF","ARI","B","null","null",0,0,2018,"0.0923","1.1784","1.6003","3.4542","null","null","null",1,1,"Top","null","null",,,460026,,"180606_194726","7.7956","-135.3946","-3.8727","-0.3514","25.8264","-17.1323","3.4570","1.5003","null","null","null","93.2110","2492","6.1040",530318,608717,460026,467055,605412,446334,543063,607776,457706,457705,"54.3931","null","null","null","null","null","null","null",2,"1","4-Seam Fastball",0,0,0,0,0,0,0,0,"Standard","Standard"
"CU","2018-06-06","78.0","-1.2979","6.2696","Chris Stratton",502481,608717,"null","ball",,,,,"14","null","R","L","R","SF","ARI","B","null","null",0,2,2018,"1.4357","-1.0957","0.4169","0.2879","null","null","null",0,1,"Top","null","null",,,460026,,"180606_194638","1.0920","-113.2799","-3.7590","11.5864","25.8888","-40.6616","3.2667","1.5595","null","null","null","76.1540","3198","5.6370",530318,608717,460026,467055,605412,446334,543063,607776,457706,457705,"54.8604","null","null","null","null","null","null","null",1,"3","Curveball",0,0,0,0,0,0,0,0,"Standard","Standard"
"FF","2018-06-06","92.1","-1.6009","6.1695","Chris Stratton",502481,608717,"null","called_strike",,,,,"7","null","R","L","R","SF","ARI","S","null","null",0,1,2018,"-0.6831","1.3624","-0.7463","1.8498","null","null","null",0,1,"Top","null","null",,,460026,,"180606_194623","3.6264","-134.0176","-8.0947","-8.9333","25.9974","-14.3931","3.4239","1.6782","null","null","null","92.2190","2471","6.1310",530318,608717,460026,467055,605412,446334,543063,607776,457706,457705,"54.3666","null","null","null","null","null","null","null",1,"2","4-Seam Fastball",0,0,0,0,0,0,0,0,"Standard","Standard"
"FF","2018-06-06","92.0","-1.6244","6.2047","Chris Stratton",502481,608717,"null","called_strike",,,,,"1","null","R","L","R","SF","ARI","S","null","null",0,0,2018,"-0.6105","1.2846","-0.7534","3.0889","null","null","null",0,1,"Top","null","null",,,460026,,"180606_194610","3.5234","-134.0352","-4.9497","-8.0476","23.3240","-15.8476","3.4240","1.5684","null","null","null","92.7510","2499","6.2370",530318,608717,460026,467055,605412,446334,543063,607776,457706,457705,"54.2603","null","null","null","null","null","null","null",1,"1","4-Seam Fastball",0,0,0,0,0,0,0,0,"Standard","Standard"