"pitch_type","game_date","release_speed","release_pos_x","release_pos_z","player_name","batter","pitcher","events","description","spin_dir","spin_rate_deprecated","break_angle_deprecated","break_length_deprecated","zone","des","game_type","stand","p_throws","home_team","away_team","type","hit_location","bb_type","balls","strikes","game_year","pfx_x","pfx_z","plate_x","plate_z","on_3b","on_2b","on_1b","outs_when_up","inning","inning_topbot","hc_x","hc_y","tfs_deprecated","tfs_zulu_deprecated","pos2_person_id","umpire","sv_id","vx0","vy0","vz0","ax","ay","az","sz_top","sz_bot","hit_distance_sc","launch_speed","launch_angle","effective_speed","release_spin_rate","release_extension","game_pk","pos1_person_id","pos2_person_id","pos3_person_id","pos4_person_id","pos5_person_id","pos6_person_id","pos7_person_id","pos8_person_id","pos9_person_id","release_pos_y","estimated_ba_using_speedangle","estimated_woba_using_speedangle","woba_value","woba_denom","babip_value","iso_value","launch_speed_angle","at_bat_number","pitch_number","pitch_name","home_score","away_score","bat_score","fld_score","post_away_score","post_home_score","post_bat_score","post_fld_score","if_fielding_alignment","of_fielding_alignment"
"FF","2018-08-27","93.4","-2.9569","5.7428","Hunter Strickland",605113,519326,"null","ball",,,,,"12","null","R","R","R","SF","ARI","B","null","null",2,2,2018,"-0.1071","0.8589","0.8473","3.6569","null","502671.00","519306.00",2,9,"Top","null","null",,,460026,,"180828_044627","9.9038","-135.6531","-1.4395","-3.4340","29.2766","-21.7102","3.4670","1.5890","null","null","null","92.3730","2385","5.7490",531372,519326,460026,474832,488818,446334,543063,491676,621453,457705,"54.7483","null","null","null","null","null","null","null",63,"5","4-Seam Fastball",2,0,0,2,0,2,0,2,"Standard","Standard"
"FF","2018-08-27","94.1","-3.1313","5.8176","Hunter Strickland",605113,519326,"null","ball",,,,,"14","null","R","R","R","SF","ARI","B","null","null",1,1,2018,"-0.3452","0.9512","1.5526","1.6600","null","502671.00","519306.00",2,9,"Top","null","null",,,460026,,"180828_044517","12.7642","-136.3115","-7.0445","-6.9718","29.0185","-19.1786","3.4670","1.5890","null","null","null","93.2380","2254","5.9570",531372,519326,460026,474832,488818,446334,543063,491676,621453,457705,"54.5400","null","null","null","null","null","null","null",63,"3","4-Seam Fastball",2,0,0,2,0,2,0,2,"Standard","Standard"
"FF","2018-08-27","94.4","-3.0736","5.8247","Hunter Strickland",605113,519326,"null","ball",,,,,"14","null","R","R","R","SF","ARI","B","null","null",0,1,2018,"-0.2030","0.9674","1.2915","1.5347","null","502671.00","519306.00",2,9,"Top","null","null",,,460026,,"180828_044429","11.6828","-136.7858","-7.4930","-4.9896","28.8785","-18.7950","3.4670","1.5890","null","null","null","93.6290","2327","5.9710",531372,519326,460026,474832,488818,446334,543063,491676,621453,457705,"54.5259","null","null","null","null","null","null","null",63,"2","4-Seam Fastball",2,0,0,2,0,2,0,2,"Standard","Standard"
"FF","2018-08-27","94.0","-2.7073","6.2300","Hunter Strickland",519306,519326,"walk","ball",,,,,"12","Steven Souza Jr.   walks.   Paul Goldschmidt to 2nd.  ","R","R","R","SF","ARI","B","null","null",3,2,2018,"-0.1534","1.1182","1.1566","2.8105","null","null","502671.00",2,9,"Top","null","null",,,460026,,"180828_044310","10.2347","-136.3447","-5.4928","-4.1091","29.6330","-17.4792","3.5490","1.6270","null","null","null","93.0730","2282","5.8910",531372,519326,460026,474832,488818,446334,543063,491676,621453,457705,"54.6068","null","null","0.70",1,0,0,"null",62,"6","4-Seam Fastball",2,0,0,2,0,2,0,2,"Standard","Strategic"
"SL","2018-08-27","82.2","-2.9456","6.2524","Hunter Strickland",519306,519326,"null","ball",,,,,"13","null","R","R","R","SF","ARI","B","null","null",2,1,2018,"0.8941","-0.8118","-0.0196","1.0671","null","null","502671.00",2,9,"Top","null","null",,,460026,,"180828_044208","4.8517","-119.3392","-3.5833","7.1420","23.9576","-39.1227","3.5490","1.6270","null","null","null","79.9290","2783","4.9440",531372,519326,460026,474832,488818,446334,543063,491676,621453,457705,"55.5532","null","null","null","null","null","null","null",62,"4","Slider",2,0,0,2,0,2,0,2,"Strategic","Strategic"
"FF","2018-08-27","94.1","-2.8396","6.1592","Hunter Strickland",519306,519326,"null","ball",,,,,"12","null","R","R","R","SF","ARI","B","null","null",1,1,2018,"-0.1176","1.3354","1.3389","2.6497","null","null","502671.00",2,9,"Top","null","null",,,460026,,"180828_044146","10.9274","-136.4590","-6.1495","-3.8635","30.3418","-14.7728","3.5490","1.6270","null","null","null","92.7140","2346","5.6780",531372,519326,460026,474832,488818,446334,543063,491676,621453,457705,"54.8199","null","null","null","null","null","null","null",62,"3","4-Seam Fastball",2,0,0,2,0,2,0,2,"Standard","Strategic"
"FF","2018-08-27","94.0","-2.7309","6.3335","Hunter Strickland",519306,519326,"null","ball",,,,,"14","null","R","R","R","SF","ARI","B","null","null",0,0,2018,"-0.3211","0.8204","1.3651","2.1640","null","null","502671.00",2,9,"Top","null","null",,,460026,,"180828_044050","11.1452","-136.2789","-6.7425","-6.3054","29.1384","-20.9523","3.5490","1.6270","null","null","null","92.8030","2398","5.7210",531372,519326,460026,474832,488818,446334,543063,491676,621453,457705,"54.7767","null","null","null","null","null","null","null",62,"1","4-Seam Fastball",2,0,0,2,0,2,0,2,"Standard","Strategic"
"SL","2018-08-27","83.6","3.4172","5.0408","Tony Watson",518614,453265,"null","ball",,,,,"12","null","R","L","L","SF","ARI","B","null","null",1,2,2018,"-0.2714","0.1568","0.6870","3.5280","null","null","502671.00",1,9,"Top","null","null",,,460026,,"180828_043753","-5.6632","-121.4510","2.5553","-1.5735","22.1064","-31.3843","3.3010","1.5040","null","null","null","82.2380","2300","5.3070",531372,453265,460026,474832,488818,446334,543063,491676,621453,457705,"55.1907","null","null","null","null","null","null","null",61,"6","Slider",2,0,0,2,0,2,0,2,"Standard","Standard"
"SI","2018-08-27","93.6","3.3515","5.0277","Tony Watson",518614,453265,"null","called_strike",,,,,"8","null","R","L","L","SF","ARI","S","null","null",1,1,2018,"1.3210","0.5123","-0.1876","1.7768","null","null","502671.00",1,9,"Top","null","null",,,460026,,"180828_043634","-11.7984","-135.6926","-3.7110","18.4125","26.8925","-25.4283","3.3010","1.5040","null","null","null","92.6490","2284","5.7180",531372,453265,460026,474832,488818,446334,543063,491676,621453,457705,"54.7789","null","null","null","null","null","null","null",61,"3","Sinker",2,0,0,2,0,2,0,2,"Standard","Standard"
"SI","2018-08-27","93.2","3.4531","5.0302","Tony Watson",518614,453265,"null","called_strike",,,,,"5","null","R","L","L","SF","ARI","S","null","null",1,0,2018,"1.2685","0.4890","0.1060","2.1487","null","null","502671.00",1,9,"Top","null","null",,,460026,,"180828_043612","-11.1564","-135.2263","-2.6381","17.6065","28.5943","-25.9793","3.3010","1.5040","null","null","null","92.0600","2316","5.6970",531372,453265,460026,474832,488818,446334,543063,491676,621453,457705,"54.8000","null","null","null","null","null","null","null",61,"2","Sinker",2,0,0,2,0,2,0,2,"Standard","Standard"
"SI","2018-08-27","92.9","3.3833","5.0786","Tony Watson",518614,453265,"null","ball",,,,,"9","null","R","L","L","SF","ARI","B","null","null",0,0,2018,"1.4741","0.8323","0.6241","1.6805","null","null","502671.00",1,9,"Top","null","null",,,460026,,"180828_043551","-10.0990","-134.6992","-4.6152","19.7950","28.9284","-21.4699","3.3010","1.5040","null","null","null","91.8220","2300","5.8140",531372,453265,460026,474832,488818,446334,543063,491676,621453,457705,"54.6834","null","null","null","null","null","null","null",61,"1","Sinker",2,0,0,2,0,2,0,2,"Standard","Standard"
"SI","2018-08-27","92.6","3.5023","5.0496","Tony Watson",502671,453265,"walk","ball",,,,,"11","Paul Goldschmidt walks.  ","R","R","L","SF","ARI","B","null","null",3,0,2018,"1.3548","1.0433","-1.4412","2.8390","null","null","null",1,9,"Top","null","null",,,460026,,"180828_043505","-15.2052","-133.8996","-1.9763","19.0842","27.6229","-19.7268","3.4900","1.6010","null","null","null","91.1000","2273","5.6310",531372,453265,460026,474832,488818,446334,543063,491676,621453,457705,"54.8662","null","null","0.70",1,0,0,"null",60,"4","Sinker",2,0,0,2,0,2,0,2,"Strategic","Standard"
"SI","2018-08-27","93.4","3.4537","5.0369","Tony Watson",502671,453265,"null","ball",,,,,"13","null","R","R","L","SF","ARI","B","null","null",2,0,2018,"1.3308","0.6174","-1.1833","1.8141","null","null","null",1,9,"Top","null","null",,,460026,,"180828_043447","-14.5774","-135.1240","-3.7606","19.1398","29.1533","-24.1837","3.4900","1.6010","null","null","null","92.0530","2287","5.7810",531372,453265,460026,474832,488818,446334,543063,491676,621453,457705,"54.7160","null","null","null","null","null","null","null",60,"3","Sinker",2,0,0,2,0,2,0,2,"Strategic","Standard"
"CH","2018-08-27","86.5","3.4832","4.9906","Tony Watson",502671,453265,"null","ball",,,,,"12","null","R","R","L","SF","ARI","B","null","null",1,0,2018,"1.4815","0.5124","1.6887","2.8396","null","null","null",1,9,"Top","null","null",,,460026,,"180828_043428","-7.0779","-125.6219","0.0939","16.6597","25.8633","-27.1983","3.4900","1.6010","null","null","null","85.0310","2361","5.4800",531372,453265,460026,474832,488818,446334,543063,491676,621453,457705,"55.0170","null","null","null","null","null","null","null",60,"2","Changeup",2,0,0,2,0,2,0,2,"Strategic","Standard"
"CH","2018-08-27","86.7","3.4660","4.9569","Tony Watson",502671,453265,"null","ball",,,,,"14","null","R","R","L","SF","ARI","B","null","null",0,0,2018,"1.5094","0.4851","0.3533","0.9977","null","null","null",1,9,"Top","null","null",,,460026,,"180828_043413","-10.2826","-125.7914","-4.2307","17.5830","21.5037","-26.5754","3.4900","1.6010","null","null","null","86.0200","2364","5.6650",531372,453265,460026,474832,488818,446334,543063,491676,621453,457705,"54.8324","null","null","null","null","null","null","null",60,"1","Changeup",2,0,0,2,0,2,0,2,"Strategic","Standard"
"SL","2018-08-27","84.2","3.4809","5.0521","Tony Watson",444482,453265,"null","ball",,,,,"13","null","R","L","L","SF","ARI","B","null","null",2,1,2018,"-0.1571","0.2871","-1.0605","1.9758","null","null","null",0,9,"Top","null","null",,,460026,,"180828_043314","-10.0491","-122.0905","-1.2707","0.3898","23.3050","-29.3900","3.4110","1.5650","null","null","null","82.8000","2285","5.4840",531372,453265,460026,474832,488818,446334,543063,491676,621453,457705,"55.0139","null","null","null","null","null","null","null",59,"4","Slider",2,0,0,2,0,2,0,2,"Standard","Standard"
"SI","2018-08-27","92.2","3.4892","5.0360","Tony Watson",444482,453265,"null","called_strike",,,,,"5","null","R","L","L","SF","ARI","S","null","null",2,0,2018,"1.4496","0.6587","0.2429","2.5983","null","null","null",0,9,"Top","null","null",,,460026,,"180828_043256","-11.2346","-133.7258","-1.7173","19.5735","29.2384","-24.2596","3.4110","1.5650","null","null","null","91.2470","2193","5.9240",531372,453265,460026,474832,488818,446334,543063,491676,621453,457705,"54.5729","null","null","null","null","null","null","null",59,"3","Sinker",2,0,0,2,0,2,0,2,"Standard","Standard"
"SI","2018-08-27","92.0","3.5701","5.0609","Tony Watson",444482,453265,"null","ball",,,,,"12","null","R","L","L","SF","ARI","B","null","null",1,0,2018,"1.5401","0.2630","1.9163","3.3154","null","null","null",0,9,"Top","null","null",,,460026,,"180828_043233","-7.3584","-133.7900","0.8084","19.6467","26.8248","-29.4635","3.4110","1.5650","null","null","null","91.2230","2183","5.6940",531372,453265,460026,474832,488818,446334,543063,491676,621453,457705,"54.8039","null","null","null","null","null","null","null",59,"2","Sinker",2,0,0,2,0,2,0,2,"Standard","Standard"
"SI","2018-08-27","92.2","3.5204","5.0338","Tony Watson",444482,453265,"null","ball",,,,,"12","null","R","L","L","SF","ARI","B","null","null",0,0,2018,"1.5826","0.5413","1.9974","3.3762","null","null","null",0,9,"Top","null","null",,,460026,,"180828_043211","-7.1101","-133.9532","0.4513","20.1023","27.7087","-26.1364","3.4110","1.5650","null","null","null","91.1080","2246","5.6190",531372,453265,460026,474832,488818,446334,543063,491676,621453,457705,"54.8789","null","null","null","null","null","null","null",59,"1","Sinker",2,0,0,2,0,2,0,2,"Standard","Standard"
"CH","2018-08-27","77.9","-2.9605","2.9238","Brad Ziegler",474832,446899,"null","ball",,,,,"13","null","R","L","R","SF","ARI","B","null","null",1,1,2018,"-0.1940","-0.7501","-1.3568","1.4191","null","null","null",2,8,"Bot","null","null",,,488671,,"180828_042906","3.7827","-113.3794","4.9134","-2.2715","17.8638","-39.6216","3.5490","1.6270","null","null","null","78.0830","1952","6.0980",531372,446899,488671,502671,518614,500871,605113,444482,572041,519306,"54.3990","null","null","null","null","null","null","null",58,"3","Changeup",2,0,2,0,0,2,2,0,"Infield shift","Standard"
"CH","2018-08-27","77.4","-2.8089","2.7947","Brad Ziegler",474832,446899,"null","ball",,,,,"13","null","R","L","R","SF","ARI","B","null","null",0,1,2018,"-0.3397","-0.8907","-0.5720","1.0480","null","null","null",2,8,"Bot","null","null",,,488671,,"180828_042852","5.3569","-112.4860","4.7325","-3.7402","18.0265","-40.6895","3.5490","1.6270","null","null","null","77.3810","1885","6.0840",531372,446899,488671,502671,518614,500871,605113,444482,572041,519306,"54.4132","null","null","null","null","null","null","null",58,"2","Changeup",2,0,2,0,0,2,2,0,"Infield shift","Standard"
"SI","2018-08-27","85.5","-2.9154","2.8584","Brad Ziegler",474832,446899,"null","called_strike",,,,,"9","null","R","L","R","SF","ARI","S","null","null",0,0,2018,"-0.9004","-0.7639","0.3415","2.0998","null","null","null",2,8,"Bot","null","null",,,488671,,"180828_042835","9.3134","-123.9192","5.9064","-10.8458","22.6962","-41.2356","3.5490","1.6270","null","null","null","84.6230","1935","5.7510",531372,446899,488671,502671,518614,500871,605113,444482,572041,519306,"54.7464","null","null","null","null","null","null","null",58,"1","Sinker",2,0,2,0,0,2,2,0,"Infield shift","Standard"
"SI","2018-08-27","84.7","-2.6623","2.8982","Brad Ziegler",457705,446899,"null","ball",,,,,"14","null","R","R","R","SF","ARI","B","null","null",1,2,2018,"-1.0218","-0.8321","0.8110","1.3527","null","null","null",1,8,"Bot","null","null",,,488671,,"180828_042734","9.9775","-122.7275","4.3463","-12.0987","23.9882","-41.5267","3.3190","1.5130","null","null","null","83.6870","1861","5.8280",531372,446899,488671,502671,518614,500871,605113,444482,572041,519306,"54.6691","null","null","null","null","null","null","null",57,"4","Sinker",2,0,2,0,0,2,2,0,"Standard","Standard"
"CU","2018-08-27","74.3","-2.5399","3.3484","Brad Ziegler",457705,446899,"null","ball",,,,,"14","null","R","R","R","SF","ARI","B","null","null",0,2,2018,"0.6041","0.8073","2.3058","1.3682","null","null","null",1,8,"Bot","null","null",,,488671,,"180828_042717","8.7427","-107.7210","1.8255","3.0253","19.0254","-26.6505","3.3190","1.5130","null","null","null","73.0050","1950","5.5510",531372,446899,488671,502671,518614,500871,605113,444482,572041,519306,"54.9462","null","null","null","null","null","null","null",57,"3","Curveball",2,0,2,0,0,2,2,0,"Standard","Standard"
"SI","2018-08-27","83.5","-2.7483","2.7844","Brad Ziegler",457705,446899,"null","called_strike",,,,,"7","null","R","R","R","SF","ARI","S","null","null",0,1,2018,"-1.1346","-0.9055","-0.6614","1.6357","null","null","null",1,8,"Bot","null","null",,,488671,,"180828_042659","6.8543","-121.0713","5.4520","-12.1934","23.1845","-42.1508","3.3190","1.5130","null","null","null","82.2190","1905","5.5840",531372,446899,488671,502671,518614,500871,605113,444482,572041,519306,"54.9134","null","null","null","null","null","null","null",57,"2","Sinker",2,0,2,0,0,2,2,0,"Standard","Standard"
"SI","2018-08-27","83.6","-2.7003","2.8810","Brad Ziegler",457705,446899,"null","called_strike",,,,,"14","null","R","R","R","SF","ARI","S","null","null",0,0,2018,"-0.7808","-1.0219","0.0975","1.3827","null","null","null",1,8,"Bot","null","null",,,488671,,"180828_042645","7.8460","-121.2826","4.8686","-9.0216","22.2479","-43.2203","3.3190","1.5130","null","null","null","82.7570","1726","5.7550",531372,446899,488671,502671,518614,500871,605113,444482,572041,519306,"54.7426","null","null","null","null","null","null","null",57,"1","Sinker",2,0,2,0,0,2,2,0,"Standard","Standard"
"SL","2018-08-27","84.7","4.6148","5.4400","Jake Diekman",593700,518617,"null","ball",,,,,"13","null","R","R","L","SF","ARI","B","null","null",1,2,2018,"-0.4579","-0.1335","-0.9576","0.1559","null","null","null",0,8,"Bot","null","null",,,488671,,"180828_042353","-11.9962","-122.6942","-5.6295","-2.2255","24.0616","-32.6331","3.3710","1.5350","null","null","null","83.9770","2688","6.0440",531372,518617,488671,502671,518614,500871,605113,444482,572041,519306,"54.4535","null","null","null","null","null","null","null",56,"4","Slider",2,0,2,0,0,2,2,0,"Standard","Standard"
"SI","2018-08-27","95.2","4.4470","5.5870","Jake Diekman",593700,518617,"null","ball",,,,,"12","null","R","R","L","SF","ARI","B","null","null",0,1,2018,"1.0412","1.0296","1.6007","3.5467","null","null","null",0,8,"Bot","null","null",,,488671,,"180828_042303","-9.6428","-138.2952","-1.9603","15.1891","29.3052","-18.9915","3.3710","1.5350","null","null","null","94.3620","2116","5.7800",531372,518617,488671,502671,518614,500871,605113,444482,572041,519306,"54.7177","null","null","null","null","null","null","null",56,"2","Sinker",2,0,2,0,0,2,2,0,"Standard","Standard"
"SL","2018-08-27","84.2","-1.7930","5.9832","Chris Stratton",500871,608717,"null","ball",,,,,"14","null","R","L","R","SF","ARI","B","null","null",0,2,2018,"0.1654","-0.0793","0.3459","0.0533","null","null","null",2,8,"Top","null","null",,,460026,,"180828_041915","4.6088","-122.4306","-7.1925","0.7665","23.3433","-31.8177","3.3010","1.5040","null","null","null","83.7560","2764","5.9600",531372,608717,460026,596103,488818,446334,543063,491676,621453,457705,"54.5374","null","null","null","null","null","null","null",55,"4","Slider",2,0,0,2,0,2,0,2,"Standard","Standard"
"SL","2018-08-27","83.1","-1.9766","6.0767","Chris Stratton",500871,608717,"null","called_strike",,,,,"7","null","R","L","R","SF","ARI","S","null","null",0,0,2018,"0.1780","0.1938","-0.6513","1.7696","null","null","null",2,8,"Top","null","null",,,460026,,"180828_041821","2.6702","-121.0623","-3.8770","1.3200","18.8890","-29.8771","3.3010","1.5040","null","null","null","82.9880","2661","5.7050",531372,608717,460026,596103,488818,446334,543063,491676,621453,457705,"54.7922","null","null","null","null","null","null","null",55,"1","Slider",2,0,0,2,0,2,0,2,"Standard","Standard"
"FT","2018-08-27","89.6","-1.8253","5.9881","Chris Stratton",445055,608717,"null","called_strike",,,,,"2","null","R","L","R","SF","ARI","S","null","null",3,1,2018,"-0.5142","1.0076","0.1478","3.0831","null","null","null",1,8,"Top","null","null",,,460026,,"180828_041722","5.9508","-130.5012","-3.3810","-6.9913","23.7150","-20.1701","3.3190","1.5130","null","null","null","90.0890","2405","6.2330",531372,608717,460026,596103,488818,446334,543063,491676,621453,457705,"54.2645","null","null","null","null","null","null","null",54,"5","2-Seam Fastball",2,0,0,2,0,2,0,2,"Standard","Standard"
"SL","2018-08-27","84.0","-1.8131","5.9732","Chris Stratton",445055,608717,"null","ball",,,,,"13","null","R","L","R","SF","ARI","B","null","null",2,1,2018,"0.2935","0.0394","-0.7089","0.9223","null","null","null",1,8,"Top","null","null",,,460026,,"180828_041705","1.9684","-122.2117","-5.3803","2.5465","21.6640","-31.0555","3.3190","1.5130","null","null","null","83.4220","2590","5.6900",531372,608717,460026,596103,488818,446334,543063,491676,621453,457705,"54.8072","null","null","null","null","null","null","null",54,"4","Slider",2,0,0,2,0,2,0,2,"Standard","Standard"
"FT","2018-08-27","90.3","-1.8415","5.9453","Chris Stratton",445055,608717,"null","called_strike",,,,,"6","null","R","L","R","SF","ARI","S","null","null",2,0,2018,"-0.5629","1.0400","0.4293","2.2812","null","null","null",1,8,"Top","null","null",,,460026,,"180828_041651","6.8529","-131.4051","-5.4714","-7.8169","23.4510","-19.1969","3.3190","1.5130","null","null","null","90.9620","2303","6.3370",531372,608717,460026,596103,488818,446334,543063,491676,621453,457705,"54.1606","null","null","null","null","null","null","null",54,"3","2-Seam Fastball",2,0,0,2,0,2,0,2,"Standard","Standard"
"FF","2018-08-27","90.6","-1.8389","5.9862","Chris Stratton",445055,608717,"null","ball",,,,,"14","null","R","L","R","SF","ARI","B","null","null",1,0,2018,"-0.3998","1.3273","1.0019","0.8079","null","null","null",1,8,"Top","null","null",,,460026,,"180828_041633","7.8678","-131.4315","-9.7538","-6.0629","24.0445","-15.2413","3.3190","1.5130","null","null","null","90.3540","2479","6.0030",531372,608717,460026,596103,488818,446334,543063,491676,621453,457705,"54.4947","null","null","null","null","null","null","null",54,"2","4-Seam Fastball",2,0,0,2,0,2,0,2,"Standard","Standard"
"SL","2018-08-27","81.9","-1.9095","6.0897","Chris Stratton",445055,608717,"null","ball",,,,,"11","null","R","L","R","SF","ARI","B","null","null",0,0,2018,"0.2943","0.0900","-1.7032","4.5980","null","null","null",1,8,"Top","null","null",,,460026,,"180828_041620","-0.0842","-119.2101","2.8789","2.7796","19.4010","-32.0102","3.3190","1.5130","null","null","null","81.4430","2757","5.6220",531372,608717,460026,596103,488818,446334,543063,491676,621453,457705,"54.8757","null","null","null","null","null","null","null",54,"1","Slider",2,0,0,2,0,2,0,2,"Standard","Standard"
"SL","2018-08-27","83.8","-1.7094","6.0651","Chris Stratton",572041,608717,"null","called_strike",,,,,"14","null","R","R","R","SF","ARI","S","null","null",1,0,2018,"0.5231","0.0524","0.9577","2.0653","null","null","null",0,8,"Top","null","null",,,460026,,"180828_041449","5.1133","-122.0471","-2.9966","4.2975","21.2343","-31.3441","3.4110","1.5650","null","null","null","83.6550","2806","5.8860",531372,608717,460026,596103,488818,446334,543063,491676,621453,457705,"54.6117","null","null","null","null","null","null","null",53,"2","Slider",2,0,0,2,0,2,0,2,"Standard","Standard"
"SL","2018-08-27","84.1","-1.9996","6.0697","Chris Stratton",572041,608717,"null","ball",,,,,"14","null","R","R","R","SF","ARI","B","null","null",0,0,2018,"0.4686","0.0770","0.3157","1.4257","null","null","null",0,8,"Top","null","null",,,460026,,"180828_041428","4.4225","-122.4704","-4.5851","3.9151","20.9623","-30.8323","3.4110","1.5650","null","null","null","83.8810","null","5.8050",531372,608717,460026,596103,488818,446334,543063,491676,621453,457705,"54.6926","null","null","null","null","null","null","null",53,"1","Slider",2,0,0,2,0,2,0,2,"Standard","Standard"
"SL","2018-08-27","80.6","2.2654","6.3911","Patrick Corbin",621453,571578,"null","ball",,,,,"13","null","R","L","L","SF","ARI","B","null","null",2,2,2018,"-0.0643","-0.0418","-0.5095","1.0199","null","null","null",2,7,"Bot","null","null",,,488671,,"180828_041126","-5.9961","-117.3011","-5.2411","0.3907","19.1657","-31.9085","3.4670","1.5890","null","null","null","80.4100","2231","5.8460",531372,571578,488671,502671,518614,500871,605113,444482,445055,519306,"54.6512","null","null","null","null","null","null","null",52,"5","Slider",2,0,2,0,0,2,2,0,"Infield shift","Standard"
"SL","2018-08-27","81.1","2.3053","6.3150","Patrick Corbin",621453,571578,"null","ball",,,,,"13","null","R","L","L","SF","ARI","B","null","null",1,2,2018,"-0.3907","0.1694","-1.4603","-0.1089","null","null","null",2,7,"Bot","null","null",,,488671,,"180828_041056","-7.6110","-117.6231","-7.9510","-2.1616","21.9601","-29.3665","3.4670","1.5890","null","null","null","80.4230","2423","5.9710",531372,571578,488671,502671,518614,500871,605113,444482,445055,519306,"54.5261","null","null","null","null","null","null","null",52,"4","Slider",2,0,2,0,0,2,2,0,"Infield shift","Standard"
"FF","2018-08-27","90.3","1.9410","6.3992","Patrick Corbin",621453,571578,"null","ball",,,,,"11","null","R","L","L","SF","ARI","B","null","null",0,0,2018,"0.3227","1.3260","-1.3130","2.5533","null","null","null",2,7,"Bot","null","null",,,488671,,"180828_041003","-8.7533","-131.0612","-6.3673","5.5939","28.4019","-15.8268","3.4670","1.5890","null","null","null","89.9030","2261","6.2440",531372,571578,488671,502671,518614,500871,605113,444482,445055,519306,"54.2533","null","null","null","null","null","null","null",52,"1","4-Seam Fastball",2,0,2,0,0,2,2,0,"Standard","Standard"
"SL","2018-08-27","82.0","2.1934","6.2759","Patrick Corbin",488818,571578,"null","ball",,,,,"13","null","R","R","L","SF","ARI","B","null","null",0,2,2018,"-0.2481","0.0370","-0.6215","-0.3909","null","null","null",1,7,"Bot","null","null",,,488671,,"180828_040850","-5.8316","-119.1770","-8.5852","-1.4039","19.2394","-30.6435","3.4110","1.5650","null","null","null","81.6810","2273","5.7850",531372,571578,488671,502671,518614,500871,605113,444482,445055,519306,"54.7128","null","null","null","null","null","null","null",51,"3","Slider",2,0,2,0,0,2,2,0,"Standard","Standard"
"FT","2018-08-27","90.8","2.0929","6.3566","Patrick Corbin",488818,571578,"null","called_strike",,,,,"6","null","R","R","L","SF","ARI","S","null","null",0,0,2018,"1.3466","0.8413","0.6729","2.2406","null","null","null",1,7,"Bot","null","null",,,488671,,"180828_040803","-6.3569","-131.9281","-6.0925","16.8985","28.7807","-21.3920","3.4110","1.5650","null","null","null","90.1250","2100","6.0150",531372,571578,488671,502671,518614,500871,605113,444482,445055,519306,"54.4823","null","null","null","null","null","null","null",51,"1","2-Seam Fastball",2,0,2,0,0,2,2,0,"Standard","Standard"
"SL","2018-08-27","79.4","2.2247","6.3785","Patrick Corbin",543063,571578,"null","called_strike",,,,,"2","null","R","L","L","SF","ARI","S","null","null",0,0,2018,"-0.2869","0.0092","0.1803","3.1782","null","null","null",0,7,"Bot","null","null",,,488671,,"180828_040706","-3.9002","-115.5952","-0.3286","-1.8576","19.5291","-32.2706","3.4670","1.5890","null","null","null","78.6470","2202","5.5220",531372,571578,488671,502671,518614,500871,605113,444482,445055,519306,"54.9753","null","null","null","null","null","null","null",50,"1","Slider",2,0,2,0,0,2,2,0,"Standard","Standard"
"CU","2018-08-27","78.2","-1.6407","6.0770","Chris Stratton",488671,608717,"null","ball",,,,,"11","null","R","L","R","SF","ARI","B","null","null",1,2,2018,"1.5119","-0.5408","-2.2117","3.0871","null","null","null",2,7,"Top","null","null",,,460026,,"180828_040409","-3.9649","-113.8297","1.3698","13.7376","20.0838","-37.3006","3.3190","1.5130","null","null","null","78.0000","2889","6.0410",531372,608717,460026,596103,488818,446334,543063,491676,621453,457705,"54.4564","null","null","null","null","null","null","null",49,"4","Curveball",2,0,0,2,0,2,0,2,"Infield shift","Standard"
"CH","2018-08-27","84.1","-1.7563","5.9694","Chris Stratton",488671,608717,"null","ball",,,,,"13","null","R","L","R","SF","ARI","B","null","null",0,1,2018,"-1.0762","0.3923","-0.9413","0.6199","null","null","null",2,7,"Top","null","null",,,460026,,"180828_040319","4.0482","-122.3962","-6.9062","-11.6766","20.8485","-27.1703","3.3190","1.5130","null","null","null","84.9250","1883","6.5110",531372,608717,460026,596103,488818,446334,543063,491676,621453,457705,"53.9865","null","null","null","null","null","null","null",49,"2","Changeup",2,0,0,2,0,2,0,2,"Infield shift","Standard"
"SL","2018-08-27","83.2","-1.8684","6.0499","Chris Stratton",488671,608717,"null","called_strike",,,,,"4","null","R","L","R","SF","ARI","S","null","null",0,0,2018,"0.4660","0.0104","-0.6909","2.5192","null","null","null",2,7,"Top","null","null",,,460026,,"180828_040258","1.7929","-121.2136","-1.7320","4.2001","21.0882","-31.9972","3.3190","1.5130","null","null","null","82.6440","2572","5.6040",531372,608717,460026,596103,488818,446334,543063,491676,621453,457705,"54.8931","null","null","null","null","null","null","null",49,"1","Slider",2,0,0,2,0,2,0,2,"Infield shift","Standard"
"SL","2018-08-27","83.0","-1.8521","6.0515","Chris Stratton",519306,608717,"strikeout","called_strike",,,,,"11","Steven Souza Jr.   called out on strikes.  ","R","R","R","SF","ARI","S",2,"null",2,2,2018,"0.4629","-0.1634","-0.8429","2.6278","null","null","null",0,7,"Top","null","null",,,460026,,"180828_040144","1.4139","-120.9501","-1.1494","4.2497","20.3307","-33.7785","3.5490","1.6270","null","null","null","82.7130","2766","5.7100",531372,608717,460026,596103,488818,446334,543063,491676,621453,457705,"54.7879","null","null","0.00",1,0,0,"null",47,"8","Slider",2,0,0,2,0,2,0,2,"Standard","Standard"
"CU","2018-08-27","76.9","-1.5897","6.1424","Chris Stratton",519306,608717,"null","ball",,,,,"14","null","R","R","R","SF","ARI","B","null","null",1,2,2018,"1.8940","-1.0766","1.3115","0.9332","null","null","null",0,7,"Top","null","null",,,460026,,"180828_040026","2.7533","-111.8087","-2.0004","14.8012","23.5302","-40.7800","3.5490","1.6270","null","null","null","75.6170","3067","5.7790",531372,608717,460026,596103,488818,446334,543063,491676,621453,457705,"54.7182","null","null","null","null","null","null","null",47,"5","Curveball",2,0,0,2,0,2,0,2,"Standard","Standard"
"FF","2018-08-27","89.6","-1.7647","6.0666","Chris Stratton",519306,608717,"null","called_strike",,,,,"4","null","R","R","R","SF","ARI","S","null","null",1,1,2018,"-0.4352","1.2652","-0.5800","2.3706","null","null","null",0,7,"Top","null","null",,,460026,,"180828_035946","3.8657","-130.4520","-5.9071","-5.7590","24.4635","-16.6152","3.5490","1.6270","null","null","null","90.3890","2329","6.4970",531372,608717,460026,596103,488818,446334,543063,491676,621453,457705,"54.0000","null","null","null","null","null","null","null",47,"3","4-Seam Fastball",2,0,0,2,0,2,0,2,"Standard","Standard"
"FT","2018-08-27","88.5","-1.7234","6.0847","Chris Stratton",519306,608717,"null","ball",,,,,"13","null","R","R","R","SF","ARI","B","null","null",0,0,2018,"-0.9638","1.1163","-1.0641","1.8545","null","null","null",0,7,"Top","null","null",,,460026,,"180828_035912","3.6453","-128.8466","-6.6382","-11.5485","26.0851","-18.5112","3.5490","1.6270","null","null","null","88.9810","2222","6.5000",531372,608717,460026,596103,488818,446334,543063,491676,621453,457705,"53.9971","null","null","null","null","null","null","null",47,"1","2-Seam Fastball",2,0,0,2,0,2,0,2,"Standard","Standard"
"FT","2018-08-27","92.2","2.2239","6.2416","Patrick Corbin",452254,571578,"null","ball",,,,,"14","null","R","R","L","SF","ARI","B","null","null",1,1,2018,"1.3775","1.0145","0.6544","1.1766","596103.00","null","460026.00",2,6,"Bot","null","null",,,488671,,"180828_035454","-7.0264","-133.8305","-9.2452","18.1991","29.7736","-18.0747","3.5490","1.6270","null","null","null","92.3210","2238","6.5670",531372,571578,488671,502671,518614,500871,605113,444482,445055,519306,"53.9307","null","null","null","null","null","null","null",46,"3","2-Seam Fastball",2,0,2,0,0,2,2,0,"Standard","Standard"
"FT","2018-08-27","91.9","2.1213","6.2746","Patrick Corbin",452254,571578,"null","ball",,,,,"14","null","R","R","L","SF","ARI","B","null","null",0,0,2018,"1.3905","1.0900","0.7038","0.8683","596103.00","null","460026.00",2,6,"Bot","null","null",,,488671,,"180828_035351","-6.6247","-133.2922","-10.1439","18.0899","30.9924","-17.0662","3.5490","1.6270","null","null","null","91.6300","2274","6.4910",531372,571578,488671,502671,518614,500871,605113,444482,445055,519306,"54.0064","null","null","null","null","null","null","null",46,"1","2-Seam Fastball",2,0,2,0,0,2,2,0,"Standard","Standard"
"SL","2018-08-27","81.0","2.3852","6.3852","Patrick Corbin",446334,571578,"null","called_strike",,,,,"8","null","R","R","L","SF","ARI","S","null","null",0,0,2018,"-0.1870","0.1810","-0.0618","1.9140","457705.00","null","596103.00",0,6,"Bot","null","null",,,488671,,"180828_035122","-5.0436","-117.6978","-3.6269","-0.7420","22.2228","-30.1016","3.4110","1.5650","null","null","null","79.9090","2109","5.6020",531372,571578,488671,502671,518614,500871,605113,444482,445055,519306,"54.8955","null","null","null","null","null","null","null",44,"1","Slider",2,0,2,0,0,2,2,0,"Strategic","Standard"
"FF","2018-08-27","89.8","2.1377","6.4560","Patrick Corbin",457705,571578,"null","called_strike",,,,,"7","null","R","R","L","SF","ARI","S","null","null",0,0,2018,"0.8962","1.6167","-0.5473","1.8873","null","null","null",0,6,"Bot","null","null",,,488671,,"180828_034916","-8.4695","-130.2380","-8.6165","11.9027","27.6041","-12.3431","3.3190","1.5130","null","null","null","89.1900","2367","6.1150",531372,571578,488671,502671,518614,500871,605113,444482,445055,519306,"54.3823","null","null","null","null","null","null","null",42,"1","4-Seam Fastball",2,0,2,0,0,2,2,0,"Infield shift","Standard"
"FF","2018-08-27","90.9","-1.9022","5.9760","Chris Stratton",518614,608717,"null","ball",,,,,"13","null","R","L","R","SF","ARI","B","null","null",1,2,2018,"-0.4499","1.0077","-2.2511","2.0708","null","null","null",2,6,"Top","null","null",,,460026,,"180828_034643","0.0838","-132.4490","-6.1277","-5.3532","23.9104","-19.2970","3.3010","1.5040","null","null","null","91.5420","2312","6.2580",531372,608717,460026,596103,488818,446334,543063,452254,621453,457705,"54.2394","null","null","null","null","null","null","null",41,"4","4-Seam Fastball",2,0,0,2,0,2,0,2,"Infield shift","Standard"
"FF","2018-08-27","91.4","-1.8951","5.9380","Chris Stratton",518614,608717,"null","ball",,,,,"11","null","R","L","R","SF","ARI","B","null","null",0,2,2018,"-0.6120","1.1470","-1.9819","2.8922","null","null","null",2,6,"Top","null","null",,,460026,,"180828_034627","1.0751","-133.0414","-4.2534","-7.4295","26.6238","-18.0185","3.3010","1.5040","null","null","null","91.2010","2521","5.9990",531372,608717,460026,596103,488818,446334,543063,452254,621453,457705,"54.4980","null","null","null","null","null","null","null",41,"3","4-Seam Fastball",2,0,0,2,0,2,0,2,"Infield shift","Standard"
"FF","2018-08-27","91.5","-1.9659","6.0209","Chris Stratton",518614,608717,"null","called_strike",,,,,"7","null","R","L","R","SF","ARI","S","null","null",0,0,2018,"-0.0587","1.0201","-0.6007","2.0437","null","null","null",2,6,"Top","null","null",,,460026,,"180828_034555","3.5688","-133.2584","-6.4464","-1.3461","23.9134","-18.9465","3.3010","1.5040","null","null","null","92.1140","2332","6.2430",531372,608717,460026,596103,488818,446334,543063,452254,621453,457705,"54.2541","null","null","null","null","null","null","null",41,"1","4-Seam Fastball",2,0,0,2,0,2,0,2,"Infield shift","Standard"
"FT","2018-08-27","89.8","-1.8264","6.0467","Chris Stratton",444482,608717,"null","called_strike",,,,,"13","null","R","L","R","SF","ARI","S","null","null",2,0,2018,"-0.6472","1.0963","-1.1290","1.7971","null","null","null",0,6,"Top","null","null",,,460026,,"180828_034323","3.0492","-130.7436","-6.8631","-7.9352","23.4200","-18.6292","3.4110","1.5650","null","null","null","89.7770","2330","5.9090",531372,608717,460026,596103,488818,446334,543063,452254,621453,457705,"54.5882","null","null","null","null","null","null","null",39,"3","2-Seam Fastball",2,0,0,2,0,2,0,2,"Standard","Standard"
"CU","2018-08-27","75.4","-1.7125","6.1703","Chris Stratton",444482,608717,"null","ball",,,,,"11","null","R","L","R","SF","ARI","B","null","null",1,0,2018,"1.6027","-0.8480","-1.6381","4.1970","null","null","null",0,6,"Top","null","null",,,460026,,"180828_034307","-2.6037","-109.4390","4.5415","13.0374","21.1850","-39.9522","3.4110","1.5650","null","null","null","74.2240","2904","5.7750",531372,608717,460026,596103,488818,446334,543063,452254,621453,457705,"54.7220","null","null","null","null","null","null","null",39,"2","Curveball",2,0,0,2,0,2,0,2,"Standard","Standard"
"CU","2018-08-27","76.9","-1.8052","6.1156","Chris Stratton",444482,608717,"null","ball",,,,,"13","null","R","L","R","SF","ARI","B","null","null",0,0,2018,"1.5328","-0.3172","-2.2840","2.3075","null","null","null",0,6,"Top","null","null",,,460026,,"180828_034252","-3.6664","-111.8307","-0.4943","13.1836","20.9534","-34.9301","3.4110","1.5650","null","null","null","75.7910","2938","5.6020",531372,608717,460026,596103,488818,446334,543063,452254,621453,457705,"54.8951","null","null","null","null","null","null","null",39,"1","Curveball",2,0,0,2,0,2,0,2,"Standard","Standard"
"FF","2018-08-27","89.9","2.0111","6.3857","Patrick Corbin",608717,571578,"null","called_strike",,,,,"13","null","R","R","L","SF","ARI","S","null","null",1,1,2018,"0.5310","1.3767","-0.9575","1.9468","null","null","null",2,5,"Bot","null","null",,,488671,,"180828_034000","-8.4483","-130.5268","-7.8813","7.8097","27.2005","-15.0667","3.4670","1.5890","null","null","null","89.6520","2218","6.2360",531372,571578,488671,502671,518614,500871,605113,444482,445055,519306,"54.2618","null","null","null","null","null","null","null",38,"3","4-Seam Fastball",2,0,2,0,0,2,2,0,"Standard","Strategic"
"FT","2018-08-27","90.4","2.1845","6.3479","Patrick Corbin",608717,571578,"null","called_strike",,,,,"6","null","R","R","L","SF","ARI","S","null","null",1,0,2018,"1.3868","0.6622","0.7425","2.3460","null","null","null",2,5,"Bot","null","null",,,488671,,"180828_033945","-6.5324","-131.4215","-5.4048","17.4159","28.5584","-23.5846","3.4670","1.5890","null","null","null","90.2060","2123","6.2780",531372,571578,488671,502671,518614,500871,605113,444482,445055,519306,"54.2191","null","null","null","null","null","null","null",38,"2","2-Seam Fastball",2,0,2,0,0,2,2,0,"Standard","Strategic"
"FT","2018-08-27","90.9","2.1203","6.3344","Patrick Corbin",608717,571578,"null","ball",,,,,"12","null","R","R","L","SF","ARI","B","null","null",0,0,2018,"1.3190","0.9190","1.4192","2.6120","null","null","null",2,5,"Bot","null","null",,,488671,,"180828_033930","-4.5627","-132.1632","-5.3521","16.3674","28.4990","-20.5243","3.4670","1.5890","null","null","null","90.7060","2141","6.2420",531372,571578,488671,502671,518614,500871,605113,444482,445055,519306,"54.2554","null","null","null","null","null","null","null",38,"1","2-Seam Fastball",2,0,2,0,0,2,2,0,"Standard","Strategic"
"FF","2018-08-27","91.6","2.0616","6.4215","Patrick Corbin",621453,571578,"null","ball",,,,,"13","null","R","L","L","SF","ARI","B","null","null",1,2,2018,"0.3477","1.4005","-2.0693","2.2311","null","null","null",1,5,"Bot","null","null",,,488671,,"180828_033841","-11.0880","-132.7638","-7.6435","6.3012","26.3881","-14.3647","3.4670","1.5890","null","null","null","91.1880","2283","6.0970",531372,571578,488671,502671,518614,500871,605113,444482,445055,519306,"54.4002","null","null","null","null","null","null","null",37,"4","4-Seam Fastball",2,0,2,0,0,2,2,0,"Infield shift","Standard"
"SL","2018-08-27","82.3","2.1485","6.3432","Patrick Corbin",621453,571578,"null","ball",,,,,"13","null","R","L","L","SF","ARI","B","null","null",0,2,2018,"-0.0709","-0.0374","-1.5762","0.7052","null","null","null",1,5,"Bot","null","null",,,488671,,"180828_033820","-8.1924","-119.3924","-6.0289","1.0164","24.4229","-31.5541","3.4670","1.5890","null","null","null","80.9230","2404","5.6610",531372,571578,488671,502671,518614,500871,605113,444482,445055,519306,"54.8364","null","null","null","null","null","null","null",37,"3","Slider",2,0,2,0,0,2,2,0,"Infield shift","Standard"
"FF","2018-08-27","91.7","2.2391","6.3987","Patrick Corbin",621453,571578,"null","called_strike",,,,,"4","null","R","L","L","SF","ARI","S","null","null",0,1,2018,"0.6222","1.3569","-0.6195","2.6240","null","null","null",1,5,"Bot","null","null",,,488671,,"180828_033754","-8.4834","-133.0794","-6.5155","9.0761","27.4715","-15.0781","3.4670","1.5890","null","null","null","91.1330","2202","6.0070",531372,571578,488671,502671,518614,500871,605113,444482,445055,519306,"54.4903","null","null","null","null","null","null","null",37,"2","4-Seam Fastball",2,0,2,0,0,2,2,0,"Standard","Standard"
"SL","2018-08-27","79.8","2.3202","6.3410","Patrick Corbin",621453,571578,"null","called_strike",,,,,"13","null","R","L","L","SF","ARI","S","null","null",0,0,2018,"-0.1145","-0.1205","-0.2215","1.4379","null","null","null",1,5,"Bot","null","null",,,488671,,"180828_033738","-5.3071","-116.0032","-3.7701","-0.0062","21.8776","-32.7776","3.4670","1.5890","null","null","null","78.7200","2308","5.6050",531372,571578,488671,502671,518614,500871,605113,444482,445055,519306,"54.8929","null","null","null","null","null","null","null",37,"1","Slider",2,0,2,0,0,2,2,0,"Standard","Standard"
"FT","2018-08-27","90.8","2.0336","6.4099","Patrick Corbin",488818,571578,"null","called_strike",,,,,"7","null","R","R","L","SF","ARI","S","null","null",3,1,2018,"1.0937","0.8900","-0.5958","1.6710","null","null","null",0,5,"Bot","null","null",,,488671,,"180828_033642","-8.8790","-131.7443","-7.8183","14.5130","26.0200","-20.4502","3.4110","1.5650","null","null","null","90.7470","2081","6.2580",531372,571578,488671,502671,518614,500871,605113,444482,445055,519306,"54.2393","null","null","null","null","null","null","null",36,"5","2-Seam Fastball",2,0,2,0,0,2,2,0,"Standard","Standard"
"FT","2018-08-27","89.8","2.1269","6.3635","Patrick Corbin",488818,571578,"null","ball",,,,,"14","null","R","R","L","SF","ARI","B","null","null",2,1,2018,"1.2001","0.9084","1.2420","1.4755","null","null","null",0,5,"Bot","null","null",,,488671,,"180828_033623","-4.6886","-130.5057","-7.9763","14.5940","27.4211","-20.4219","3.4110","1.5650","null","null","null","89.4400","2060","6.1320",531372,571578,488671,502671,518614,500871,605113,444482,445055,519306,"54.3652","null","null","null","null","null","null","null",36,"4","2-Seam Fastball",2,0,2,0,0,2,2,0,"Standard","Standard"
"FT","2018-08-27","91.0","2.1654","6.3880","Patrick Corbin",488818,571578,"null","ball",,,,,"12","null","R","R","L","SF","ARI","B","null","null",1,1,2018,"1.0506","0.9863","1.8719","2.7532","null","null","null",0,5,"Bot","null","null",,,488671,,"180828_033603","-2.9590","-132.5025","-5.3263","12.9159","27.1438","-19.7449","3.4110","1.5650","null","null","null","90.9220","2085","6.1130",531372,571578,488671,502671,518614,500871,605113,444482,445055,519306,"54.3847","null","null","null","null","null","null","null",36,"3","2-Seam Fastball",2,0,2,0,0,2,2,0,"Standard","Standard"
"SL","2018-08-27","79.9","2.4480","6.3725","Patrick Corbin",488818,571578,"null","ball",,,,,"13","null","R","R","L","SF","ARI","B","null","null",0,1,2018,"-0.7055","-0.3387","-0.6782","0.8167","null","null","null",0,5,"Bot","null","null",,,488671,,"180828_033544","-5.5361","-116.1283","-4.8184","-5.2210","22.3950","-34.5037","3.4110","1.5650","null","null","null","79.2780","2438","5.9880",531372,571578,488671,502671,518614,500871,605113,444482,445055,519306,"54.5098","null","null","null","null","null","null","null",36,"2","Slider",2,0,2,0,0,2,2,0,"Standard","Standard"
"SL","2018-08-27","78.3","2.3699","6.4194","Patrick Corbin",488818,571578,"null","called_strike",,,,,"4","null","R","R","L","SF","ARI","S","null","null",0,0,2018,"-0.1538","0.0920","-0.3146","2.2856","null","null","null",0,5,"Bot","null","null",,,488671,,"180828_033526","-5.4628","-113.8960","-2.2306","-0.3495","20.1641","-31.2258","3.4110","1.5650","null","null","null","77.6900","2256","5.7930",531372,571578,488671,502671,518614,500871,605113,444482,445055,519306,"54.7041","null","null","null","null","null","null","null",36,"1","Slider",2,0,2,0,0,2,2,0,"Strategic","Standard"
"FF","2018-08-27","91.8","-2.0181","6.0480","Chris Stratton",500871,608717,"null","ball",,,,,"12","null","R","L","R","SF","ARI","B","null","null",0,1,2018,"-0.0318","1.3275","1.1012","4.1651","445055.00","null","null",2,5,"Top","null","null",,,460026,,"180828_033230","7.9352","-133.4920","-1.7979","-1.9290","26.0654","-16.1578","3.3010","1.5040","null","null","null","91.8600","2443","6.1530",531372,608717,460026,596103,488818,446334,543063,452254,621453,457705,"54.3443","null","null","null","null","null","null","null",35,"2","4-Seam Fastball",2,0,0,2,0,2,0,2,"Standard","Standard"
"SL","2018-08-27","85.0","-2.2609","5.9980","Chris Stratton",500871,608717,"null","called_strike",,,,,"7","null","R","L","R","SF","ARI","S","null","null",0,0,2018,"0.1222","0.2174","-0.6923","1.9686","445055.00","null","null",2,5,"Top","null","null",,,460026,,"180828_033214","3.4012","-123.7099","-3.5965","0.6505","21.4176","-29.5597","3.3010","1.5040","null","null","null","84.6090","2832","5.7280",531372,608717,460026,596103,488818,446334,543063,452254,621453,457705,"54.7694","null","null","null","null","null","null","null",35,"1","Slider",2,0,0,2,0,2,0,2,"Standard","Standard"
"FT","2018-08-27","90.4","-1.8051","6.0127","Chris Stratton",445055,608717,"null","called_strike",,,,,"7","null","R","L","R","SF","ARI","S","null","null",3,0,2018,"-0.6923","1.2393","-0.4018","1.8688","null","null","null",2,5,"Top","null","null",,,460026,,"180828_033032","4.9798","-131.4748","-7.0597","-9.0702","26.3286","-16.5087","3.3190","1.5130","null","null","null","90.7310","2397","6.3940",531372,608717,460026,596103,488818,446334,543063,452254,621453,457705,"54.1033","null","null","null","null","null","null","null",34,"4","2-Seam Fastball",2,0,0,2,0,2,0,2,"Standard","Standard"
"FF","2018-08-27","90.6","-1.9321","5.9390","Chris Stratton",445055,608717,"null","ball",,,,,"14","null","R","L","R","SF","ARI","B","null","null",2,0,2018,"-0.1970","1.2846","0.2788","1.2888","null","null","null",2,5,"Top","null","null",,,460026,,"180828_033013","5.9459","-131.6998","-8.4227","-3.5524","27.8487","-15.6411","3.3190","1.5130","null","null","null","90.6680","2530","6.3760",531372,608717,460026,596103,488818,446334,543063,452254,621453,457705,"54.1211","null","null","null","null","null","null","null",34,"3","4-Seam Fastball",2,0,0,2,0,2,0,2,"Standard","Standard"
"FT","2018-08-27","89.9","-1.8109","5.9985","Chris Stratton",445055,608717,"null","ball",,,,,"14","null","R","L","R","SF","ARI","B","null","null",1,0,2018,"-0.6825","1.0446","0.4658","0.4171","null","null","null",2,5,"Top","null","null",,,460026,,"180828_032956","7.0556","-130.5736","-10.0598","-9.1614","24.6232","-18.4892","3.3190","1.5130","null","null","null","90.0040","2355","6.2210",531372,608717,460026,596103,488818,446334,543063,452254,621453,457705,"54.2761","null","null","null","null","null","null","null",34,"2","2-Seam Fastball",2,0,0,2,0,2,0,2,"Standard","Standard"
"FF","2018-08-27","90.8","-1.9401","6.0251","Chris Stratton",445055,608717,"null","ball",,,,,"11","null","R","L","R","SF","ARI","B","null","null",0,0,2018,"-0.4665","1.2986","-1.3243","3.2190","null","null","null",2,5,"Top","null","null",,,460026,,"180828_032942","2.5161","-132.1977","-3.9002","-5.9333","25.2689","-16.4554","3.3190","1.5130","null","null","null","90.8320","2355","6.0470",531372,608717,460026,596103,488818,446334,543063,452254,621453,457705,"54.4506","null","null","null","null","null","null","null",34,"1","4-Seam Fastball",2,0,0,2,0,2,0,2,"Standard","Standard"
"CH","2018-08-27","82.7","-1.8395","6.0723","Chris Stratton",571578,608717,"null","called_strike",,,,,"11","null","R","L","R","SF","ARI","S","null","null",0,0,2018,"-0.9247","0.2599","-0.8904","2.8242","null","null","null",1,5,"Top","null","null",,,460026,,"180828_032851","3.9513","-120.4601","-1.5104","-9.7135","20.1351","-29.5676","3.4900","1.6010","null","null","null","83.1490","1828","6.2210",531372,608717,460026,596103,488818,446334,543063,452254,621453,457705,"54.2764","null","null","null","null","null","null","null",33,"1","Changeup",2,0,0,2,0,2,0,2,"Standard","Standard"
"CH","2018-08-27","83.6","-1.7298","6.0623","Chris Stratton",488671,608717,"strikeout","called_strike",,,,,"1","Alex Avila called out on strikes.  ","R","L","R","SF","ARI","S",2,"null",2,2,2018,"-0.9414","0.1769","-0.6929","2.8150","null","null","null",0,5,"Top","null","null",,,460026,,"180828_032821","4.2274","-121.7926","-1.5093","-10.1294","20.3367","-30.3399","3.3190","1.5130","null","null","null","84.0780","2031","6.2040",531372,608717,460026,596103,488818,446334,543063,452254,621453,457705,"54.2930","null","null","0.00",1,0,0,"null",32,"5","Changeup",2,0,0,2,0,2,0,2,"Infield shift","Standard"
"CH","2018-08-27","83.6","-1.8372","5.9843","Chris Stratton",488671,608717,"null","ball",,,,,"11","null","R","L","R","SF","ARI","B","null","null",1,2,2018,"-0.9242","0.5112","-1.1745","3.0103","null","null","null",0,5,"Top","null","null",,,460026,,"180828_032756","3.3363","-121.7943","-1.5321","-9.8184","20.4451","-26.9842","3.3190","1.5130","null","null","null","84.1110","2023","6.2350",531372,608717,460026,596103,488818,446334,543063,452254,621453,457705,"54.2626","null","null","null","null","null","null","null",32,"4","Changeup",2,0,0,2,0,2,0,2,"Infield shift","Standard"
"SL","2018-08-27","82.9","-1.9209","6.0812","Chris Stratton",488671,608717,"null","called_strike",,,,,"7","null","R","L","R","SF","ARI","S","null","null",1,0,2018,"0.4096","-0.2305","-0.4904","1.6538","null","null","null",0,5,"Top","null","null",,,460026,,"180828_032653","2.4621","-120.6823","-3.1993","3.4619","22.6183","-34.0212","3.3190","1.5130","null","null","null","82.1780","2730","5.6960",531372,608717,460026,596103,488818,446334,543063,452254,621453,457705,"54.8014","null","null","null","null","null","null","null",32,"2","Slider",2,0,0,2,0,2,0,2,"Infield shift","Standard"
"FF","2018-08-27","90.2","-1.7920","6.0341","Chris Stratton",488671,608717,"null","ball",,,,,"8","null","R","L","R","SF","ARI","B","null","null",0,0,2018,"-0.2058","1.4012","-0.0164","1.5136","null","null","null",0,5,"Top","null","null",,,460026,,"180828_032633","4.8410","-131.1740","-8.2755","-3.3107","25.1741","-14.5695","3.3190","1.5130","null","null","null","90.3910","2344","6.2310",531372,608717,460026,596103,488818,446334,543063,452254,621453,457705,"54.2668","null","null","null","null","null","null","null",32,"1","4-Seam Fastball",2,0,0,2,0,2,0,2,"Infield shift","Standard"
"FF","2018-08-27","92.6","2.1381","6.3626","Patrick Corbin",543063,571578,"null","ball",,,,,"13","null","R","L","L","SF","ARI","B","null","null",1,2,2018,"0.8275","1.3934","-1.3093","2.3880","null","null","null",2,4,"Bot","null","null",,,488671,,"180828_032347","-10.5489","-134.2892","-7.3164","12.2020","28.0957","-14.0249","3.4670","1.5890","null","null","null","92.3250","2376","6.2350",531372,571578,488671,502671,518614,500871,605113,444482,445055,519306,"54.2624","null","null","null","null","null","null","null",31,"4","4-Seam Fastball",2,0,2,0,0,2,2,0,"Strategic","Standard"
"FF","2018-08-27","90.8","2.0721","6.3792","Patrick Corbin",543063,571578,"null","called_strike",,,,,"7","null","R","L","L","SF","ARI","S","null","null",1,1,2018,"0.7255","1.4077","-0.5952","1.6413","null","null","null",2,4,"Bot","null","null",,,488671,,"180828_032330","-8.2097","-131.7239","-8.9140","10.1501","27.0827","-14.1302","3.4670","1.5890","null","null","null","90.7300","2338","6.3420",531372,571578,488671,502671,518614,500871,605113,444482,445055,519306,"54.1555","null","null","null","null","null","null","null",31,"3","4-Seam Fastball",2,0,2,0,0,2,2,0,"Standard","Standard"
"FF","2018-08-27","91.3","2.1052","6.4139","Patrick Corbin",543063,571578,"null","called_strike",,,,,"11","null","R","L","L","SF","ARI","S","null","null",1,0,2018,"0.7469","1.4072","-0.8433","2.6277","null","null","null",2,4,"Bot","null","null",,,488671,,"180828_032314","-8.9910","-132.5398","-6.6120","10.6859","28.2218","-14.4601","3.4670","1.5890","null","null","null","91.0240","2302","6.2430",531372,571578,488671,502671,518614,500871,605113,444482,445055,519306,"54.2546","null","null","null","null","null","null","null",31,"2","4-Seam Fastball",2,0,2,0,0,2,2,0,"Standard","Standard"
"FF","2018-08-27","90.0","2.0081","6.4328","Patrick Corbin",543063,571578,"null","ball",,,,,"13","null","R","L","L","SF","ARI","B","null","null",0,0,2018,"0.4234","1.5849","-1.4102","1.4714","null","null","null",2,4,"Bot","null","null",,,488671,,"180828_032259","-9.2990","-130.3941","-9.5686","6.6826","26.3290","-12.4741","3.4670","1.5890","null","null","null","89.4820","2237","6.1200",531372,571578,488671,502671,518614,500871,605113,444482,445055,519306,"54.3773","null","null","null","null","null","null","null",31,"1","4-Seam Fastball",2,0,2,0,0,2,2,0,"Standard","Standard"
"SL","2018-08-27","82.6","2.1844","6.3547","Patrick Corbin",452254,571578,"null","ball",,,,,"13","null","R","R","L","SF","ARI","B","null","null",0,1,2018,"-0.1322","-0.0998","-1.2750","1.7480","null","null","null",1,4,"Bot","null","null",,,488671,,"180828_032204","-7.4882","-119.8717","-3.6866","0.2538","23.8040","-32.6410","3.5490","1.6270","null","null","null","81.0630","2418","5.4530",531372,571578,488671,502671,518614,500871,605113,444482,445055,519306,"55.0443","null","null","null","null","null","null","null",30,"2","Slider",2,0,2,0,0,2,2,0,"Standard","Standard"
"FT","2018-08-27","89.8","2.0791","6.3892","Patrick Corbin",452254,571578,"null","called_strike",,,,,"14","null","R","R","L","SF","ARI","S","null","null",0,0,2018,"1.2408","1.0748","0.8526","2.2445","null","null","null",1,4,"Bot","null","null",,,488671,,"180828_032152","-5.5978","-130.5183","-6.5200","15.2025","25.3099","-18.8935","3.5490","1.6270","null","null","null","89.6050","2224","6.0570",531372,571578,488671,502671,518614,500871,605113,444482,445055,519306,"54.4409","null","null","null","null","null","null","null",30,"1","2-Seam Fastball",2,0,2,0,0,2,2,0,"Standard","Standard"
"CU","2018-08-27","77.8","-1.6106","6.1668","Chris Stratton",605113,608717,"null","ball",,,,,"14","null","R","R","R","SF","ARI","B","null","null",1,2,2018,"1.2759","-0.5124","1.4933","-0.1435","null","null","null",2,4,"Top","null","null",,,460026,,"180828_031821","4.3217","-113.1346","-5.6337","9.9354","21.1606","-35.6815","3.4670","1.5890","null","null","null","77.0450","3027","5.8410",531372,608717,460026,596103,488818,446334,543063,452254,621453,457705,"54.6568","null","null","null","null","null","null","null",28,"4","Curveball",2,0,0,2,0,2,0,2,"Standard","Standard"
"FF","2018-08-27","90.7","-1.9271","6.0658","Chris Stratton",605113,608717,"null","ball",,,,,"13","null","R","R","R","SF","ARI","B","null","null",0,1,2018,"-0.4966","1.3761","-1.1368","2.4424","null","null","null",2,4,"Top","null","null",,,460026,,"180828_031725","3.0260","-132.0609","-6.1088","-6.4038","25.5326","-15.0713","3.4670","1.5890","null","null","null","90.9440","2449","6.1970",531372,608717,460026,596103,488818,446334,543063,452254,621453,457705,"54.3003","null","null","null","null","null","null","null",28,"2","4-Seam Fastball",2,0,0,2,0,2,0,2,"Standard","Standard"
"SL","2018-08-27","83.2","-2.0582","6.0286","Chris Stratton",605113,608717,"null","called_strike",,,,,"8","null","R","R","R","SF","ARI","S","null","null",0,0,2018,"0.3256","-0.0926","0.1412","2.1228","null","null","null",2,4,"Top","null","null",,,460026,,"180828_031710","4.3755","-121.0441","-2.3653","2.3890","21.2570","-32.8772","3.4670","1.5890","null","null","null","82.7160","2700","5.7520",531372,608717,460026,596103,488818,446334,543063,452254,621453,457705,"54.7458","null","null","null","null","null","null","null",28,"1","Slider",2,0,0,2,0,2,0,2,"Standard","Standard"
"CH","2018-08-27","81.8","-1.9248","6.0785","Chris Stratton",518614,608717,"null","ball",,,,,"13","null","R","L","R","SF","ARI","B","null","null",0,0,2018,"-1.1364","0.4381","-1.9237","2.3291","null","null","null",0,4,"Top","null","null",,,460026,,"180828_031518","2.1993","-119.3241","-2.8920","-11.3659","18.5361","-27.6466","3.3010","1.5040","null","null","null","82.7930","2062","6.3880",531372,608717,460026,596103,488818,446334,543063,452254,621453,457705,"54.1089","null","null","null","null","null","null","null",26,"1","Changeup",2,0,0,2,0,2,0,2,"Infield shift","Standard"
"CU","2018-08-27","73.7","2.1549","6.4887","Patrick Corbin",446334,571578,"null","ball",,,,,"14","null","R","R","L","SF","ARI","B","null","null",1,0,2018,"-0.0969","0.2093","0.7634","1.0816","null","null","null",2,3,"Bot","null","null",,,488671,,"180828_031219","-2.6422","-107.3998","-4.1558","-0.3591","15.6626","-30.1643","3.4110","1.5650","null","null","null","73.6340","2052","5.8070",531372,571578,488671,502671,518614,500871,605113,444482,445055,519306,"54.6901","null","null","null","null","null","null","null",25,"2","Curveball",2,0,2,0,0,2,2,0,"Infield shift","Standard"
"FT","2018-08-27","90.4","2.0110","6.3710","Patrick Corbin",446334,571578,"null","ball",,,,,"14","null","R","R","L","SF","ARI","B","null","null",0,0,2018,"1.4119","0.8030","1.0803","1.7002","null","null","null",2,3,"Bot","null","null",,,488671,,"180828_031206","-5.3404","-131.4633","-7.3949","17.5238","28.7166","-21.4741","3.4110","1.5650","null","null","null","90.4100","2198","6.3970",531372,571578,488671,502671,518614,500871,605113,444482,445055,519306,"54.1006","null","null","null","null","null","null","null",25,"1","2-Seam Fastball",2,0,2,0,0,2,2,0,"Infield shift","Standard"
"SL","2018-08-27","81.6","2.2047","6.3759","Patrick Corbin",596103,571578,"null","called_strike",,,,,"5","null","R","R","L","SF","ARI","S","null","null",0,1,2018,"-0.2458","0.0740","-0.0452","2.2638","null","null","null",1,3,"Bot","null","null",,,488671,,"180828_031050","-4.5480","-118.7628","-2.8414","-1.4984","20.5866","-31.2195","3.4670","1.5890","null","null","null","81.0130","2269","5.6650",531372,571578,488671,502671,518614,500871,605113,444482,445055,519306,"54.8325","null","null","null","null","null","null","null",24,"2","Slider",2,0,2,0,0,2,2,0,"Standard","Standard"
"SL","2018-08-27","78.8","2.2353","6.4362","Patrick Corbin",596103,571578,"null","called_strike",,,,,"5","null","R","R","L","SF","ARI","S","null","null",0,0,2018,"-0.1518","0.1097","-0.2182","2.5812","null","null","null",1,3,"Bot","null","null",,,488671,,"180828_031035","-4.9898","-114.6281","-1.7892","-0.4665","19.4323","-31.1537","3.4670","1.5890","null","null","null","78.0810","2220","5.6120",531372,571578,488671,502671,518614,500871,605113,444482,445055,519306,"54.8857","null","null","null","null","null","null","null",24,"1","Slider",2,0,2,0,0,2,2,0,"Standard","Standard"
"SL","2018-08-27","82.1","2.2028","6.2637","Patrick Corbin",457705,571578,"null","ball",,,,,"13","null","R","R","L","SF","ARI","B","null","null",0,2,2018,"-0.1993","-0.2173","-0.9918","1.2398","null","null","null",0,3,"Bot","null","null",,,488671,,"180828_030930","-6.7835","-119.3985","-4.4487","-0.7472","20.0535","-33.6960","3.3190","1.5130","null","null","null","81.7210","2315","5.7790",531372,571578,488671,502671,518614,500871,605113,444482,445055,519306,"54.7181","null","null","null","null","null","null","null",23,"3","Slider",2,0,2,0,0,2,2,0,"Infield shift","Standard"
"SL","2018-08-27","81.4","2.2118","6.3358","Patrick Corbin",457705,571578,"null","called_strike",,,,,"4","null","R","R","L","SF","ARI","S","null","null",0,1,2018,"-0.1489","0.0621","-0.3578","2.4354","null","null","null",0,3,"Bot","null","null",,,488671,,"180828_030913","-5.4363","-118.2598","-2.1921","-0.2666","23.9895","-31.4107","3.3190","1.5130","null","null","null","80.5080","2167","5.9090",531372,571578,488671,502671,518614,500871,605113,444482,445055,519306,"54.5881","null","null","null","null","null","null","null",23,"2","Slider",2,0,2,0,0,2,2,0,"Infield shift","Standard"
"FF","2018-08-27","89.3","2.1615","6.4503","Patrick Corbin",457705,571578,"null","called_strike",,,,,"5","null","R","R","L","SF","ARI","S","null","null",0,0,2018,"0.6486","1.2452","-0.0583","2.5076","null","null","null",0,3,"Bot","null","null",,,488671,,"180828_030855","-6.8112","-129.8166","-6.3054","8.6875","25.7555","-17.0480","3.3190","1.5130","null","null","null","89.3450","2186","6.2530",531372,571578,488671,502671,518614,500871,605113,444482,445055,519306,"54.2447","null","null","null","null","null","null","null",23,"1","4-Seam Fastball",2,0,2,0,0,2,2,0,"Infield shift","Standard"
"SL","2018-08-27","84.7","-1.9913","6.0315","Chris Stratton",502671,608717,"null","called_strike",,,,,"12","null","R","R","R","SF","ARI","S","null","null",1,1,2018,"0.3694","0.1458","1.0941","2.8155","null","null","500871.00",2,3,"Top","null","null",,,460026,,"180828_030614","6.4112","-123.0713","-1.4256","2.4160","24.2960","-30.6818","3.4900","1.6010","null","null","null","83.8290","2838","5.7830",531372,608717,460026,596103,488818,446334,543063,452254,621453,457705,"54.7141","null","null","null","null","null","null","null",22,"3","Slider",2,0,0,2,0,2,0,2,"Standard","Strategic"
"FF","2018-08-27","90.7","-1.8012","6.0161","Chris Stratton",502671,608717,"null","ball",,,,,"14","null","R","R","R","SF","ARI","B","null","null",0,1,2018,"0.0020","1.1547","2.3849","2.2792","null","null","500871.00",2,3,"Top","null","null",,,460026,,"180828_030552","10.4540","-131.7068","-5.9334","-1.8828","24.0116","-17.6918","3.4900","1.6010","null","null","null","91.1540","2407","6.3620",531372,608717,460026,596103,488818,446334,543063,452254,621453,457705,"54.1355","null","null","null","null","null","null","null",22,"2","4-Seam Fastball",2,0,0,2,0,2,0,2,"Standard","Strategic"
"FF","2018-08-27","90.8","-1.9141","6.0257","Chris Stratton",502671,608717,"null","called_strike",,,,,"3","null","R","R","R","SF","ARI","S","null","null",0,0,2018,"-0.2408","1.1958","0.7975","3.2501","null","null","500871.00",2,3,"Top","null","null",,,460026,,"180828_030532","7.2844","-132.1971","-3.6380","-4.1890","24.6373","-17.6322","3.4900","1.6010","null","null","null","91.1130","2472","6.1680",531372,608717,460026,596103,488818,446334,543063,452254,621453,457705,"54.3291","null","null","null","null","null","null","null",22,"1","4-Seam Fastball",2,0,0,2,0,2,0,2,"Standard","Strategic"
"FF","2018-08-27","90.6","-1.8971","6.0034","Chris Stratton",444482,608717,"null","ball",,,,,"12","null","R","L","R","SF","ARI","B","null","null",1,2,2018,"0.0220","1.0440","1.2062","3.2693","null","null","500871.00",1,3,"Top","null","null",,,460026,,"180828_030403","7.7393","-131.8660","-3.2126","-1.2159","25.1432","-19.3981","3.4110","1.5650","null","null","null","91.4000","2393","6.5280",531372,608717,460026,596103,488818,446334,543063,452254,621453,457705,"53.9697","null","null","null","null","null","null","null",21,"4","4-Seam Fastball",2,0,0,2,0,2,0,2,"Infield shift","Standard"
"FF","2018-08-27","90.3","-2.0122","6.1077","Chris Stratton",444482,608717,"null","ball",,,,,"12","null","R","L","R","SF","ARI","B","null","null",0,2,2018,"-0.1276","1.2611","0.1623","3.9578","null","null","500871.00",1,3,"Top","null","null",,,460026,,"180828_030340","5.6519","-131.4557","-2.1194","-2.5113","24.0673","-17.3967","3.4110","1.5650","null","null","null","90.3720","2544","6.0050",531372,608717,460026,596103,488818,446334,543063,452254,621453,457705,"54.4926","null","null","null","null","null","null","null",21,"3","4-Seam Fastball",2,0,0,2,0,2,0,2,"Infield shift","Standard"
"FF","2018-08-27","91.4","-1.8624","6.1203","Chris Stratton",500871,608717,"null","ball",,,,,"3","null","R","L","R","SF","ARI","B","null","null",0,0,2018,"-0.3605","1.0635","0.7399","2.9989","null","null","445055.00",0,3,"Top","null","null",,,460026,,"180828_030043","7.2957","-132.9379","-4.2737","-5.7106","26.4247","-18.9665","3.3010","1.5040","null","null","null","91.3260","2462","6.1060",531372,608717,460026,596103,488818,446334,543063,452254,621453,457705,"54.3915","null","null","null","null","null","null","null",20,"1","4-Seam Fastball",2,0,0,2,0,2,0,2,"Standard","Standard"
"FF","2018-08-27","91.3","-1.8771","6.0992","Chris Stratton",445055,608717,"null","ball",,,,,"12","null","R","L","R","SF","ARI","B","null","null",1,1,2018,"-0.4470","1.0837","0.1206","4.2555","null","null","null",0,3,"Top","null","null",,,460026,,"180828_025923","5.9563","-132.9131","-1.1182","-6.4358","25.6870","-19.3506","3.3190","1.5130","null","null","null","91.3540","2334","6.0770",531372,608717,460026,596103,488818,446334,543063,452254,621453,457705,"54.4206","null","null","null","null","null","null","null",19,"3","4-Seam Fastball",2,0,0,2,0,2,0,2,"Standard","Standard"
"FT","2018-08-27","90.6","-1.8146","6.0343","Chris Stratton",445055,608717,"null","ball",,,,,"14","null","R","L","R","SF","ARI","B","null","null",0,1,2018,"-0.5393","0.9568","1.1148","1.4104","null","null","null",0,3,"Top","null","null",,,460026,,"180828_025909","8.4519","-131.5811","-7.6867","-7.8953","24.6685","-19.7268","3.3190","1.5130","null","null","null","90.9040","2343","6.3190",531372,608717,460026,596103,488818,446334,543063,452254,621453,457705,"54.1782","null","null","null","null","null","null","null",19,"2","2-Seam Fastball",2,0,0,2,0,2,0,2,"Standard","Standard"
"FF","2018-08-27","90.0","-1.9719","6.0819","Chris Stratton",445055,608717,"null","called_strike",,,,,"4","null","R","L","R","SF","ARI","S","null","null",0,0,2018,"-0.1682","1.3634","-0.5944","2.2559","null","null","null",0,3,"Top","null","null",,,460026,,"180828_025857","3.7664","-130.9749","-6.4623","-2.6348","23.9827","-15.4118","3.3190","1.5130","null","null","null","90.3760","2396","6.2160",531372,608717,460026,596103,488818,446334,543063,452254,621453,457705,"54.2810","null","null","null","null","null","null","null",19,"1","4-Seam Fastball",2,0,0,2,0,2,0,2,"Standard","Standard"
"FF","2018-08-27","91.3","1.9845","6.3027","Patrick Corbin",608717,571578,"strikeout","called_strike",,,,,"13","Chris Stratton called out on strikes.  ","R","R","L","SF","ARI","S",2,"null",2,2,2018,"0.4996","1.3556","-0.8901","1.7553","null","null","null",2,2,"Bot","null","null",,,488671,,"180828_025607","-8.2794","-132.5929","-8.4414","7.5761","27.0008","-14.6825","3.4670","1.5890","null","null","null","91.2170","2306","6.2400",531372,571578,488671,502671,518614,500871,605113,444482,445055,519306,"54.2577","null","null","0.00",1,0,0,"null",18,"5","4-Seam Fastball",2,0,2,0,0,2,2,0,"Standard","Strategic"
"SL","2018-08-27","82.6","2.2059","6.2441","Patrick Corbin",608717,571578,"null","ball",,,,,"13","null","R","R","L","SF","ARI","B","null","null",1,2,2018,"-0.3721","0.1444","-1.1027","0.4199","null","null","null",2,2,"Bot","null","null",,,488671,,"180828_025545","-6.7675","-120.0268","-7.0149","-2.3643","21.3476","-29.7580","3.4670","1.5890","null","null","null","82.2520","2404","5.9510",531372,571578,488671,502671,518614,500871,605113,444482,445055,519306,"54.5468","null","null","null","null","null","null","null",18,"4","Slider",2,0,2,0,0,2,2,0,"Standard","Strategic"
"FF","2018-08-27","89.7","2.1679","6.4385","Patrick Corbin",608717,571578,"null","called_strike",,,,,"8","null","R","R","L","SF","ARI","S","null","null",1,0,2018,"0.9091","1.3924","-0.2676","1.9779","null","null","null",2,2,"Bot","null","null",,,488671,,"180828_025512","-7.8877","-130.1710","-7.9183","11.8754","25.8784","-15.0256","3.4670","1.5890","null","null","null","89.4470","2245","6.1640",531372,571578,488671,502671,518614,500871,605113,444482,445055,519306,"54.3337","null","null","null","null","null","null","null",18,"2","4-Seam Fastball",2,0,2,0,0,2,2,0,"Standard","Standard"
"FT","2018-08-27","89.7","2.1439","6.3573","Patrick Corbin",608717,571578,"null","ball",,,,,"14","null","R","R","L","SF","ARI","B","null","null",0,0,2018,"1.3649","1.0551","0.6310","1.0640","null","null","null",2,2,"Bot","null","null",,,488671,,"180828_025457","-6.5773","-130.1772","-9.2576","16.8057","26.5610","-18.5482","3.4670","1.5890","null","null","null","89.4090","2151","6.1930",531372,571578,488671,502671,518614,500871,605113,444482,445055,519306,"54.3042","null","null","null","null","null","null","null",18,"1","2-Seam Fastball",2,0,2,0,0,2,2,0,"Standard","Standard"
"FF","2018-08-27","92.1","2.0588","6.3742","Patrick Corbin",621453,571578,"null","ball",,,,,"13","null","R","L","L","SF","ARI","B","null","null",2,1,2018,"0.3763","1.5900","-2.3249","2.3095","null","null","543063.00",2,2,"Bot","null","null",,,488671,,"180828_025332","-11.9333","-133.5434","-7.9236","6.9499","27.0502","-11.6173","3.4670","1.5890","null","null","null","92.2130","2353","6.4180",531372,571578,488671,502671,518614,500871,605113,444482,445055,519306,"54.0795","null","null","null","null","null","null","null",17,"4","4-Seam Fastball",0,0,0,0,0,0,0,0,"Standard","Strategic"
"FF","2018-08-27","91.8","2.0496","6.3727","Patrick Corbin",621453,571578,"null","ball",,,,,"13","null","R","L","L","SF","ARI","B","null","null",0,0,2018,"0.5042","1.4849","-2.5620","2.0911","null","null","543063.00",2,2,"Bot","null","null",,,488671,,"180828_025156","-12.6801","-132.9466","-8.1491","8.3586","24.5595","-13.1403","3.4670","1.5890","null","null","null","91.7950","2308","6.2390",531372,571578,488671,502671,518614,500871,605113,444482,445055,519306,"54.2580","null","null","null","null","null","null","null",17,"1","4-Seam Fastball",0,0,0,0,0,0,0,0,"Standard","Standard"
"SL","2018-08-27","80.4","2.1970","6.1809","Patrick Corbin",488818,571578,"null","ball",,,,,"3","null","R","R","L","SF","ARI","B","null","null",0,1,2018,"-0.4152","-0.3214","0.4537","3.0187","null","null","543063.00",1,2,"Bot","null","null",,,488671,,"180828_025010","-3.0672","-117.0438","0.1997","-3.2389","20.1660","-35.3462","3.4110","1.5650","null","null","null","80.0110","2318","5.8000",531372,571578,488671,502671,518614,500871,605113,444482,445055,519306,"54.6970","null","null","null","null","null","null","null",16,"2","Slider",0,0,0,0,0,0,0,0,"Standard","Standard"
"SL","2018-08-27","83.0","2.1499","6.3080","Patrick Corbin",543063,571578,"null","ball",,,,,"13","null","R","L","L","SF","ARI","B","null","null",1,2,2018,"-0.3589","0.0765","-1.9303","2.0395","null","null","null",1,2,"Bot","null","null",,,488671,,"180828_024831","-8.5471","-120.6066","-3.4345","-1.9122","21.6469","-31.0509","3.4670","1.5890","null","null","null","82.3030","2460","5.7260",531372,571578,488671,502671,518614,500871,605113,444482,445055,519306,"54.7713","null","null","null","null","null","null","null",15,"4","Slider",0,0,0,0,0,0,0,0,"Standard","Standard"
"FF","2018-08-27","91.2","2.1103","6.4867","Patrick Corbin",543063,571578,"null","called_strike",,,,,"13","null","R","L","L","SF","ARI","S","null","null",1,1,2018,"0.6498","1.5274","-0.5040","1.3399","null","null","null",1,2,"Bot","null","null",,,488671,,"180828_024809","-7.8949","-132.3433","-10.2396","9.1377","25.5974","-12.5124","3.4670","1.5890","null","null","null","90.9200","2331","6.0610",531372,571578,488671,502671,518614,500871,605113,444482,445055,519306,"54.4363","null","null","null","null","null","null","null",15,"3","4-Seam Fastball",0,0,0,0,0,0,0,0,"Standard","Standard"
"FF","2018-08-27","91.3","2.0250","6.5089","Patrick Corbin",543063,571578,"null","ball",,,,,"13","null","R","L","L","SF","ARI","B","null","null",0,1,2018,"0.8278","1.4959","-1.1450","1.6822","null","null","null",1,2,"Bot","null","null",,,488671,,"180828_024753","-9.6303","-132.4112","-9.3490","11.5240","25.5880","-13.1187","3.4670","1.5890","null","null","null","90.7610","2252","5.9330",531372,571578,488671,502671,518614,500871,605113,444482,445055,519306,"54.5642","null","null","null","null","null","null","null",15,"2","4-Seam Fastball",0,0,0,0,0,0,0,0,"Standard","Standard"
"FT","2018-08-27","89.8","1.9099","6.4292","Patrick Corbin",543063,571578,"null","called_strike",,,,,"5","null","R","L","L","SF","ARI","S","null","null",0,0,2018,"1.3846","1.1430","0.1498","2.4875","null","null","null",1,2,"Bot","null","null",,,488671,,"180828_024736","-7.1873","-130.5008","-6.1306","17.0995","25.8905","-18.2393","3.4670","1.5890","null","null","null","89.3670","2116","5.9640",531372,571578,488671,502671,518614,500871,605113,444482,445055,519306,"54.5331","null","null","null","null","null","null","null",15,"1","2-Seam Fastball",0,0,0,0,0,0,0,0,"Standard","Standard"
"CU","2018-08-27","77.3","-1.8664","6.2089","Chris Stratton",571578,608717,"null","ball",,,,,"14","null","R","L","R","SF","ARI","B","null","null",0,1,2018,"1.3577","-0.5071","0.1586","1.3641","null","null","488671.00",2,2,"Top","null","null",,,460026,,"180828_024330","1.8657","-112.5537","-2.4412","11.0141","21.0575","-36.2026","3.4900","1.6010","null","null","null","76.8190","2999","5.9770",531372,608717,460026,596103,488818,446334,543063,452254,621453,457705,"54.5209","null","null","null","null","null","null","null",13,"2","Curveball",0,0,0,0,0,0,0,0,"Standard","Standard"
"FT","2018-08-27","90.4","-1.9493","6.0748","Chris Stratton",571578,608717,"null","called_strike",,,,,"3","null","R","L","R","SF","ARI","S","null","null",0,0,2018,"-0.5946","1.1967","0.3070","3.0140","null","null","488671.00",2,2,"Top","null","null",,,460026,,"180828_024309","6.8856","-131.4536","-4.2605","-8.2766","25.8462","-17.6025","3.4900","1.6010","null","null","null","90.6630","2462","6.3240",531372,608717,460026,596103,488818,446334,543063,452254,621453,457705,"54.1733","null","null","null","null","null","null","null",13,"1","2-Seam Fastball",0,0,0,0,0,0,0,0,"Standard","Standard"
"FT","2018-08-27","89.6","-1.8847","6.1701","Chris Stratton",519306,608717,"null","ball",,,,,"13","null","R","R","R","SF","ARI","B","null","null",1,1,2018,"-0.8811","0.6918","-1.5602","1.2781","null","null","null",0,2,"Top","null","null",,,460026,,"180828_023950","2.6476","-130.3704","-7.5537","-10.5660","26.1950","-22.9894","3.5490","1.6270","null","null","null","89.6470","2058","6.2220",531372,608717,460026,596103,488818,446334,543063,452254,621453,457705,"54.2754","null","null","null","null","null","null","null",10,"3","2-Seam Fastball",0,0,0,0,0,0,0,0,"Standard","Standard"
"FF","2018-08-27","89.3","-1.7928","6.2459","Chris Stratton",519306,608717,"null","ball",,,,,"11","null","R","R","R","SF","ARI","B","null","null",0,1,2018,"-0.2082","0.9367","-0.9721","2.9713","null","null","null",0,2,"Top","null","null",,,460026,,"180828_023936","2.4338","-130.0915","-4.0712","-2.7756","22.3565","-21.0642","3.5490","1.6270","null","null","null","89.4110","2279","5.8930",531372,608717,460026,596103,488818,446334,543063,452254,621453,457705,"54.6044","null","null","null","null","null","null","null",10,"2","4-Seam Fastball",0,0,0,0,0,0,0,0,"Standard","Standard"
"FF","2018-08-27","89.5","-1.8826","6.1923","Chris Stratton",519306,608717,"null","called_strike",,,,,"8","null","R","R","R","SF","ARI","S","null","null",0,0,2018,"-0.4895","1.3881","0.0765","2.2083","null","null","null",0,2,"Top","null","null",,,460026,,"180828_023920","5.8292","-130.1603","-6.7627","-6.6295","23.6794","-15.3482","3.5490","1.6270","null","null","null","89.6240","2349","6.0990",531372,608717,460026,596103,488818,446334,543063,452254,621453,457705,"54.3982","null","null","null","null","null","null","null",10,"1","4-Seam Fastball",0,0,0,0,0,0,0,0,"Standard","Standard"
"FT","2018-08-27","92.2","2.2112","6.1864","Patrick Corbin",460026,571578,"null","called_strike",,,,,"8","null","R","R","L","SF","ARI","S","null","null",1,1,2018,"1.2070","1.3538","0.2313","1.5955","null","null","457705.00",2,1,"Bot","null","null",,,488671,,"180828_023414","-7.5849","-133.8839","-8.7053","16.0023","27.6401","-14.4020","3.3710","1.5350","null","null","null","91.8640","2229","6.1030",531372,571578,488671,502671,518614,500871,605113,444482,445055,519306,"54.3942","null","null","null","null","null","null","null",9,"3","2-Seam Fastball",0,0,0,0,0,0,0,0,"Infield shift","Standard"
"FT","2018-08-27","92.0","2.0449","6.2354","Patrick Corbin",460026,571578,"null","ball",,,,,"8","null","R","R","L","SF","ARI","B","null","null",0,1,2018,"1.5395","1.0800","0.1578","1.6022","null","null","457705.00",2,1,"Bot","null","null",,,488671,,"180828_023350","-8.2069","-133.6587","-8.3062","20.4168","28.5880","-17.5036","3.3710","1.5350","null","null","null","92.5100","2257","6.6630",531372,571578,488671,502671,518614,500871,605113,444482,445055,519306,"53.8345","null","null","null","null","null","null","null",9,"2","2-Seam Fastball",0,0,0,0,0,0,0,0,"Infield shift","Standard"
"FT","2018-08-27","91.2","2.1295","6.2788","Patrick Corbin",460026,571578,"null","called_strike",,,,,"9","null","R","R","L","SF","ARI","S","null","null",0,0,2018,"1.3641","1.2482","0.3675","1.7003","null","null","457705.00",2,1,"Bot","null","null",,,488671,,"180828_023325","-7.3447","-132.4420","-8.3123","17.5730","25.6944","-15.9814","3.3710","1.5350","null","null","null","91.4230","2157","6.3290",531372,571578,488671,502671,518614,500871,605113,444482,445055,519306,"54.1688","null","null","null","null","null","null","null",9,"1","2-Seam Fastball",0,0,0,0,0,0,0,0,"Infield shift","Standard"
"FF","2018-08-27","91.2","2.0747","6.2704","Patrick Corbin",596103,571578,"null","called_strike",,,,,"1","null","R","R","L","SF","ARI","S","null","null",1,1,2018,"0.4767","1.1703","-0.5768","3.0632","null","null","457705.00",0,1,"Bot","null","null",,,488671,,"180828_023048","-7.7366","-132.7009","-4.7632","7.2458","26.4913","-17.4167","3.4670","1.5890","null","null","null","91.9010","2184","6.5620",531372,571578,488671,502671,518614,500871,605113,444482,445055,519306,"53.9356","null","null","null","null","null","null","null",7,"3","4-Seam Fastball",0,0,0,0,0,0,0,0,"Standard","Standard"
"FF","2018-08-27","91.3","2.1147","6.3078","Patrick Corbin",596103,571578,"null","ball",,,,,"11","null","R","R","L","SF","ARI","B","null","null",0,0,2018,"0.6620","1.3922","-1.2233","2.5676","null","null","457705.00",0,1,"Bot","null","null",,,488671,,"180828_022951","-9.7740","-132.5759","-6.4877","9.7529","26.5281","-14.6866","3.4670","1.5890","null","null","null","91.1740","2322","6.1840",531372,571578,488671,502671,518614,500871,605113,444482,445055,519306,"54.3132","null","null","null","null","null","null","null",7,"1","4-Seam Fastball",0,0,0,0,0,0,0,0,"Standard","Standard"
"FT","2018-08-27","90.2","1.8905","6.4267","Patrick Corbin",457705,571578,"walk","ball",,,,,"13","Andrew McCutchen walks.  ","R","R","L","SF","ARI","B","null","null",3,1,2018,"1.3763","1.1815","-0.4649","1.2145","null","null","null",0,1,"Bot","null","null",,,488671,,"180828_022910","-8.6648","-130.7544","-9.3980","17.3820","25.4663","-17.0844","3.3190","1.5130","null","null","null","89.7050","2173","6.0230",531372,571578,488671,502671,518614,500871,605113,444482,445055,519306,"54.4741","null","null","0.70",1,0,0,"null",6,"5","2-Seam Fastball",0,0,0,0,0,0,0,0,"Infield shift","Standard"
"FT","2018-08-27","91.4","1.9273","6.3355","Patrick Corbin",457705,571578,"null","ball",,,,,"14","null","R","R","L","SF","ARI","B","null","null",2,1,2018,"1.4736","0.9473","0.0599","1.2789","null","null","null",0,1,"Bot","null","null",,,488671,,"180828_022852","-7.9008","-132.6642","-8.9327","19.1415","26.1990","-19.2996","3.3190","1.5130","null","null","null","91.7870","2209","6.4870",531372,571578,488671,502671,518614,500871,605113,444482,445055,519306,"54.0103","null","null","null","null","null","null","null",6,"4","2-Seam Fastball",0,0,0,0,0,0,0,0,"Infield shift","Standard"
"CU","2018-08-27","73.0","2.3354","6.5058","Patrick Corbin",457705,571578,"null","ball",,,,,"12","null","R","R","L","SF","ARI","B","null","null",1,1,2018,"-0.3038","0.2237","0.3012","3.9107","null","null","null",0,1,"Bot","null","null",,,488671,,"180828_022833","-3.5439","-106.3422","1.5601","-1.8117","14.0809","-30.8976","3.3190","1.5130","null","null","null","72.8070","1984","5.5780",531372,571578,488671,502671,518614,500871,605113,444482,445055,519306,"54.9194","null","null","null","null","null","null","null",6,"3","Curveball",0,0,0,0,0,0,0,0,"Infield shift","Standard"
"FT","2018-08-27","89.6","2.0933","6.4689","Patrick Corbin",457705,571578,"null","ball",,,,,"14","null","R","R","L","SF","ARI","B","null","null",0,1,2018,"1.4163","0.9400","1.6393","1.9069","null","null","null",0,1,"Bot","null","null",,,488671,,"180828_022817","-4.1082","-130.4101","-7.3128","17.0387","24.9090","-20.1846","3.3190","1.5130","null","null","null","90.0170","2180","6.3260",531372,571578,488671,502671,518614,500871,605113,444482,445055,519306,"54.1711","null","null","null","null","null","null","null",6,"2","2-Seam Fastball",0,0,0,0,0,0,0,0,"Infield shift","Standard"
"FT","2018-08-27","89.7","2.0629","6.5570","Patrick Corbin",457705,571578,"null","called_strike",,,,,"2","null","R","R","L","SF","ARI","S","null","null",0,0,2018,"0.9860","0.9953","-0.2703","3.1728","null","null","null",0,1,"Bot","null","null",,,488671,,"180828_022800","-7.7230","-130.4136","-4.4500","12.5573","24.1720","-20.3334","3.3190","1.5130","null","null","null","89.2300","2122","5.7800",531372,571578,488671,502671,518614,500871,605113,444482,445055,519306,"54.7171","null","null","null","null","null","null","null",6,"1","2-Seam Fastball",0,0,0,0,0,0,0,0,"Infield shift","Standard"
"FT","2018-08-27","91.3","-1.8515","6.1484","Chris Stratton",518614,608717,"null","ball",,,,,"12","null","R","L","R","SF","ARI","B","null","null",1,1,2018,"-0.7507","1.2572","0.8379","2.4324","445055.00","null","444482.00",2,1,"Top","null","null",,,460026,,"180828_022358","8.3474","-132.6527","-6.1468","-10.5484","27.0094","-16.3143","3.3010","1.5040","null","null","null","91.2080","2467","6.2080",531372,608717,460026,596103,488818,446334,543063,452254,621453,457705,"54.2896","null","null","null","null","null","null","null",5,"3","2-Seam Fastball",0,0,0,0,0,0,0,0,"Standard","Standard"
"CU","2018-08-27","78.4","-1.9305","6.1463","Chris Stratton",518614,608717,"null","called_strike",,,,,"4","null","R","L","R","SF","ARI","S","null","null",1,0,2018,"1.4521","-0.6630","-0.4513","2.3321","445055.00","null","444482.00",2,1,"Top","null","null",,,460026,,"180828_022335","0.5437","-114.1902","-0.1883","12.4509","21.2560","-38.1029","3.3010","1.5040","null","null","null","78.0770","3104","6.0320",531372,608717,460026,596103,488818,446334,543063,452254,621453,457705,"54.4658","null","null","null","null","null","null","null",5,"2","Curveball",0,0,0,0,0,0,0,0,"Strategic","Standard"
"FF","2018-08-27","91.4","-2.1203","6.1092","Chris Stratton",444482,608717,"null","ball",,,,,"11","null","R","L","R","SF","ARI","B","null","null",2,0,2018,"-0.4404","1.2181","-1.1006","2.5295","null","445055.00","500871.00",0,1,"Top","null","null",,,460026,,"180828_022041","3.5214","-133.1314","-5.8595","-5.9364","24.4391","-16.6519","3.4110","1.5650","null","null","null","92.1060","2454","6.3340",531372,608717,460026,596103,488818,446334,543063,452254,621453,457705,"54.1631","null","null","null","null","null","null","null",3,"3","4-Seam Fastball",0,0,0,0,0,0,0,0,"Standard","Standard"
"FF","2018-08-27","91.8","-1.9427","6.0320","Chris Stratton",444482,608717,"null","ball",,,,,"9","null","R","L","R","SF","ARI","B","null","null",1,0,2018,"-0.3189","1.3068","0.3035","1.5332","null","445055.00","500871.00",0,1,"Top","null","null",,,460026,,"180828_022014","6.3881","-133.4561","-8.4301","-5.0776","25.5653","-14.9515","3.4110","1.5650","null","null","null","92.3920","2493","6.4480",531372,608717,460026,596103,488818,446334,543063,452254,621453,457705,"54.0496","null","null","null","null","null","null","null",3,"2","4-Seam Fastball",0,0,0,0,0,0,0,0,"Standard","Standard"
"CH","2018-08-27","86.1","-2.0191","6.0681","Chris Stratton",444482,608717,"null","ball",,,,,"11","null","R","L","R","SF","ARI","B","null","null",0,0,2018,"-1.2394","0.3705","-1.5374","2.7674","null","445055.00","500871.00",0,1,"Top","null","null",,,460026,,"180828_021947","3.6764","-125.5140","-2.4382","-13.8984","22.8272","-27.9656","3.4110","1.5650","null","null","null","86.8220","2118","6.4210",531372,608717,460026,596103,488818,446334,543063,452254,621453,457705,"54.0762","null","null","null","null","null","null","null",3,"1","Changeup",0,0,0,0,0,0,0,0,"Standard","Standard"
"FF","2018-08-27","91.2","-1.9272","6.1509","Chris Stratton",500871,608717,"null","ball",,,,,"11","null","R","L","R","SF","ARI","B","null","null",0,1,2018,"-0.2782","1.0119","-1.1282","3.1885","null","null","445055.00",0,1,"Top","null","null",,,460026,,"180828_021809","2.5788","-132.9504","-3.7860","-3.7440","23.6023","-19.7458","3.3010","1.5040","null","null","null","91.3230","2343","5.8810",531372,608717,460026,596103,488818,446334,543063,452254,621453,457705,"54.6168","null","null","null","null","null","null","null",2,"2","4-Seam Fastball",0,0,0,0,0,0,0,0,"Standard","Standard"
"FF","2018-08-27","89.5","-1.8798","6.0933","Chris Stratton",500871,608717,"null","called_strike",,,,,"6","null","R","L","R","SF","ARI","S","null","null",0,0,2018,"-0.3247","0.7818","0.7561","2.7028","null","null","445055.00",0,1,"Top","null","null",,,460026,,"180828_021749","7.1654","-130.2493","-4.1030","-4.9276","21.8220","-22.6908","3.3010","1.5040","null","null","null","90.0490","2330","6.1710",531372,608717,460026,596103,488818,446334,543063,452254,621453,457705,"54.3269","null","null","null","null","null","null","null",2,"1","4-Seam Fastball",0,0,0,0,0,0,0,0,"Standard","Standard"
"CU","2018-08-27","78.7","-1.7940","6.1428","Chris Stratton",445055,608717,"null","ball",,,,,"13","null","R","L","R","SF","ARI","B","null","null",0,2,2018,"1.2548","-1.2245","-0.3029","0.6415","null","null","null",0,1,"Top","null","null",,,460026,,"180828_021647","0.9482","-114.4333","-2.7506","10.4545","24.2849","-42.2742","3.3190","1.5130","null","null","null","77.3240","3073","5.6890",531372,608717,460026,596103,488818,446334,543063,452254,621453,457705,"54.8081","null","null","null","null","null","null","null",1,"3","Curveball",0,0,0,0,0,0,0,0,"Standard","Standard"
"FF","2018-08-27","90.8","-1.9869","6.0878","Chris Stratton",445055,608717,"null","called_strike",,,,,"7","null","R","L","R","SF","ARI","S","null","null",0,1,2018,"-0.4731","1.2282","-0.4922","1.6279","null","null","null",0,1,"Top","null","null",,,460026,,"180828_021632","4.7898","-132.0486","-7.9711","-6.5658","26.2150","-16.2033","3.3190","1.5130","null","null","null","91.5480","2418","6.6190",531372,608717,460026,596103,488818,446334,543063,452254,621453,457705,"53.8781","null","null","null","null","null","null","null",1,"2","4-Seam Fastball",0,0,0,0,0,0,0,0,"Standard","Standard"
"FF","2018-08-27","90.7","-1.9970","6.1058","Chris Stratton",445055,608717,"null","called_strike",,,,,"7","null","R","L","R","SF","ARI","S","null","null",0,0,2018,"-0.4209","1.1114","-0.6167","1.5531","null","null","null",0,1,"Top","null","null",,,460026,,"180828_021620","4.3792","-132.0678","-7.9955","-5.7907","23.0859","-17.6745","3.3190","1.5130","null","null","null","91.8530","2447","6.5480",531372,608717,460026,596103,488818,446334,543063,452254,621453,457705,"53.9499","null","null","null","null","null","null","null",1,"1","4-Seam Fastball",0,0,0,0,0,0,0,0,"Standard","Standard"