"pitch_type","game_date","release_speed","release_pos_x","release_pos_z","player_name","batter","pitcher","events","description","spin_dir","spin_rate_deprecated","break_angle_deprecated","break_length_deprecated","zone","des","game_type","stand","p_throws","home_team","away_team","type","hit_location","bb_type","balls","strikes","game_year","pfx_x","pfx_z","plate_x","plate_z","on_3b","on_2b","on_1b","outs_when_up","inning","inning_topbot","hc_x","hc_y","tfs_deprecated","tfs_zulu_deprecated","pos2_person_id","umpire","sv_id","vx0","vy0","vz0","ax","ay","az","sz_top","sz_bot","hit_distance_sc","launch_speed","launch_angle","effective_speed","release_spin_rate","release_extension","game_pk","pos1_person_id","pos2_person_id","pos3_person_id","pos4_person_id","pos5_person_id","pos6_person_id","pos7_person_id","pos8_person_id","pos9_person_id","release_pos_y","estimated_ba_using_speedangle","estimated_woba_using_speedangle","woba_value","woba_denom","babip_value","iso_value","launch_speed_angle","at_bat_number","pitch_number","pitch_name","home_score","away_score","bat_score","fld_score","post_away_score","post_home_score","post_bat_score","post_fld_score","if_fielding_alignment","of_fielding_alignment"
"SI","2018-05-19","91.9","3.4269","5.1363","Tony Watson",453568,453265,"null","called_strike",,,,,"4","null","R","L","L","SF","COL","S","null","null",0,0,2018,"0.8597","0.9030","-0.6685","2.4342","null","null","null",2,9,"Top","null","null",,,457763,,"180519_230927","-12.0588","-133.2074","-2.8344","12.6868","29.1259","-21.2412","3.3587","1.5510","null","null","null","90.7870","2404","5.8680",530081,453265,457763,467055,605509,446334,543063,474832,491676,453923,"54.6292","null","null","null","null","null","null","null",80,"1","Sinker",9,4,4,9,4,9,4,9,"Standard","Standard"
"CH","2018-05-19","84.9","3.4534","5.0947","Tony Watson",642162,453265,"null","ball",,,,,"14","null","R","R","L","SF","COL","B","null","null",0,0,2018,"2.0233","0.6898","1.2881","2.0586","null","null","null",1,9,"Top","null","null",,,457763,,"180519_230751","-8.8600","-123.2432","-2.0811","21.8378","23.7866","-25.1559","3.1505","1.5262","null","null","null","83.7430","2470","5.5950",530081,453265,457763,467055,605509,446334,543063,474832,491676,453923,"54.9024","null","null","null","null","null","null","null",79,"1","Changeup",9,4,4,9,4,9,4,9,"Standard","Standard"
"SI","2018-05-19","91.2","3.4594","5.1004","Tony Watson",571595,453265,"null","called_strike",,,,,"7","null","R","R","L","SF","COL","S","null","null",0,0,2018,"1.6909","0.4123","-0.7632","1.4617","null","null","null",0,9,"Top","null","null",,,457763,,"180519_230702","-14.0155","-132.0180","-4.0719","22.3248","25.5474","-26.8189","3.5444","1.4510","null","null","null","90.4690","2257","5.9280",530081,453265,457763,467055,605509,446334,543063,474832,491676,453923,"54.5696","null","null","null","null","null","null","null",78,"1","Sinker",9,4,4,9,4,9,4,9,"Standard","Standard"
"SL","2018-05-19","84.0","-1.5408","6.0435","Brooks Pounders",467055,572044,"null","called_strike",,,,,"8","null","R","L","R","SF","COL","S","null","null",0,0,2018,"1.0284","-0.0509","-0.1316","1.5845","null","null","null",2,8,"Bot","null","null",,,547172,,"180519_230356","1.2579","-122.5065","-3.9649","10.1660","19.4839","-32.2453","3.1843","1.5299","null","null","null","84.3700","2609","5.9750",530081,572044,547172,435622,642162,571448,596115,467827,453568,621311,"54.5221","null","null","null","null","null","null","null",77,"1","Slider",9,4,9,4,4,9,9,4,"Strategic","Standard"
"SL","2018-05-19","83.0","-2.1701","6.1657","Brooks Pounders",543063,572044,"null","ball",,,,,"13","null","R","L","R","SF","COL","B","null","null",1,1,2018,"0.7326","0.2055","-0.5704","0.6829","null","null","null",1,8,"Bot","null","null",,,547172,,"180519_230239","2.2359","-120.8173","-6.5097","6.7609","21.2635","-29.2287","3.3561","1.5399","null","null","null","83.0200","2243","6.0670",530081,572044,547172,435622,642162,571448,596115,467827,453568,621311,"54.4307","null","null","null","null","null","null","null",76,"3","Slider",9,4,9,4,4,9,9,4,"Strategic","Standard"
"CH","2018-05-19","85.6","-1.4431","6.2645","Brooks Pounders",543063,572044,"null","called_strike",,,,,"7","null","R","L","R","SF","COL","S","null","null",1,0,2018,"-0.0909","0.5477","-0.7889","1.8316","null","null","null",1,8,"Bot","null","null",,,547172,,"180519_230224","1.7157","-124.7032","-5.3699","-1.2309","20.5376","-25.7655","3.0883","1.5399","null","null","null","85.8420","920","5.9790",530081,572044,547172,435622,642162,571448,596115,467827,453568,621311,"54.5182","null","null","null","null","null","null","null",76,"2","Changeup",9,4,9,4,4,9,9,4,"Strategic","Standard"
"SL","2018-05-19","84.5","-1.6838","6.1707","Brooks Pounders",543063,572044,"null","ball",,,,,"14","null","R","L","R","SF","COL","B","null","null",0,0,2018,"0.7314","0.1755","0.6040","1.0406","null","null","null",1,8,"Bot","null","null",,,547172,,"180519_230208","3.8774","-123.0722","-6.0302","6.8057","19.8733","-29.6082","3.2782","1.5509","null","null","null","84.7070","2420","5.9590",530081,572044,547172,435622,642162,571448,596115,467827,453568,621311,"54.5381","null","null","null","null","null","null","null",76,"1","Slider",9,4,9,4,4,9,9,4,"Strategic","Standard"
"FF","2018-05-19","90.0","-1.3048","6.3009","Brooks Pounders",446334,572044,"null","ball",,,,,"11","null","R","R","R","SF","COL","B","null","null",0,0,2018,"-0.7968","1.7081","-1.1243","2.9219","null","null","null",0,8,"Bot","null","null",,,547172,,"180519_230108","2.1668","-130.8947","-6.0347","-9.6659","30.5890","-11.3521","3.7758","1.7096","null","null","null","90.0530","2146","6.5930",530081,572044,547172,435622,642162,571448,596115,467827,453568,621311,"53.9046","null","null","null","null","null","null","null",75,"1","4-Seam Fastball",9,4,9,4,4,9,9,4,"Standard","Standard"
"CU","2018-05-19","78.9","-1.0267","5.6208","Sam Dyson",547172,473879,"strikeout","called_strike",,,,,"7","Tony Wolters called out on strikes.  ","R","L","R","SF","COL","S",2,"null",0,2,2018,"1.0798","-0.6189","-0.4644","1.6940","null","null","435622.00",2,8,"Top","null","null",,,457763,,"180519_225843","-0.6715","-114.7402","-0.6462","9.2601","20.7319","-37.5702","3.0500","1.4858","null","null","null","77.2100","2978","5.0600",530081,473879,457763,467055,605509,446334,543063,474832,491676,453923,"55.4373","null","null","0.00",1,0,0,"null",74,"7","Curveball",9,4,4,9,4,9,4,9,"Standard","Standard"
"FT","2018-05-19","92.1","-1.3182","5.4063","Sam Dyson",547172,473879,"null","called_strike",,,,,"6","null","R","L","R","SF","COL","S","null","null",0,0,2018,"-1.4693","0.6035","0.4975","2.2496","null","null","435622.00",2,8,"Top","null","null",,,457763,,"180519_225512","7.5377","-133.6666","-3.3300","-18.6825","30.2476","-24.7248","3.1889","1.4795","null","null","null","90.2070","2172","5.3890",530081,473879,457763,467055,605509,446334,543063,474832,491676,453923,"55.1085","null","null","null","null","null","null","null",74,"1","2-Seam Fastball",9,4,4,9,4,9,4,9,"Standard","Standard"
"FT","2018-05-19","92.5","-1.3723","5.3750","Sam Dyson",435622,473879,"walk","ball",,,,,"14","Ian Desmond walks.  ","R","R","R","SF","COL","B","null","null",3,2,2018,"-1.6011","0.2366","1.1739","2.0790","null","null","null",2,8,"Top","null","null",,,457763,,"180519_225437","9.6651","-133.9241","-2.8344","-20.9270","36.3439","-29.0300","3.4463","1.5208","null","null","null","89.6580","2339","5.4140",530081,473879,457763,467055,605509,446334,543063,474832,491676,453923,"55.0834","null","null","0.70",1,0,0,"null",73,"6","2-Seam Fastball",9,4,4,9,4,9,4,9,"Standard","Standard"
"CH","2018-05-19","87.0","-1.4793","5.3212","Sam Dyson",435622,473879,"null","ball",,,,,"14","null","R","R","R","SF","COL","B","null","null",2,2,2018,"-1.5159","0.3212","0.9517","1.2192","null","null","null",2,8,"Top","null","null",,,457763,,"180519_225413","8.6306","-126.3554","-4.2733","-17.3355","22.3315","-28.3021","3.4352","1.5319","null","null","null","85.7630","1928","5.3030",530081,473879,457763,467055,605509,446334,543063,474832,491676,453923,"55.1943","null","null","null","null","null","null","null",73,"5","Changeup",9,4,4,9,4,9,4,9,"Standard","Standard"
"FT","2018-05-19","91.8","-1.5881","5.2888","Sam Dyson",435622,473879,"null","ball",,,,,"14","null","R","R","R","SF","COL","B","null","null",1,0,2018,"-1.4035","0.1598","1.2339","1.8161","null","null","null",2,8,"Top","null","null",,,457763,,"180519_225236","9.8131","-133.2104","-3.2543","-18.0342","24.4047","-29.9616","3.5406","1.5050","null","null","null","90.3250","2248","5.2150",530081,473879,457763,467055,605509,446334,543063,474832,491676,453923,"55.2822","null","null","null","null","null","null","null",73,"2","2-Seam Fastball",9,4,4,9,4,9,4,9,"Standard","Standard"
"FT","2018-05-19","92.2","-1.4679","5.3612","Sam Dyson",435622,473879,"null","ball",,,,,"14","null","R","R","R","SF","COL","B","null","null",0,0,2018,"-1.5470","0.3947","0.1344","0.1714","null","null","null",2,8,"Top","null","null",,,457763,,"180519_225215","7.1405","-133.7670","-8.0427","-19.4271","26.0669","-26.2474","3.5460","1.5114","null","null","null","90.6610","2232","5.3010",530081,473879,457763,467055,605509,446334,543063,474832,491676,453923,"55.1966","null","null","null","null","null","null","null",73,"1","2-Seam Fastball",9,4,4,9,4,9,4,9,"Standard","Standard"
"CU","2018-05-19","79.2","-1.2205","5.4898","Sam Dyson",596115,473879,"null","ball",,,,,"11","null","R","R","R","SF","COL","B","null","null",0,1,2018,"1.4893","-0.5052","-0.9419","3.1955","null","null","null",1,8,"Top","null","null",,,457763,,"180519_225034","-1.9521","-115.0572","2.5339","12.9545","19.6448","-37.1582","3.4701","1.5778","null","null","null","77.2640","3086","4.8180",530081,473879,457763,467055,605509,446334,543063,474832,491676,453923,"55.6790","null","null","null","null","null","null","null",72,"2","Curveball",9,4,4,9,4,9,4,9,"Infield shift","Standard"
"FT","2018-05-19","92.8","-1.6170","5.3983","Sam Dyson",596115,473879,"null","called_strike",,,,,"9","null","R","R","R","SF","COL","S","null","null",0,0,2018,"-1.3456","0.6382","0.3342","1.5388","null","null","null",1,8,"Top","null","null",,,457763,,"180519_225012","7.6643","-134.6912","-5.2783","-17.4963","30.3167","-23.7831","3.5367","1.6112","null","null","null","90.8540","2321","5.3310",530081,473879,457763,467055,605509,446334,543063,474832,491676,453923,"55.1667","null","null","null","null","null","null","null",72,"1","2-Seam Fastball",9,4,4,9,4,9,4,9,"Infield shift","Standard"
"CH","2018-05-19","87.8","-1.5378","6.1078","Brooks Pounders",474832,572044,"null","ball",,,,,"11","null","R","L","R","SF","COL","B","null","null",2,1,2018,"-0.2529","0.4042","-1.1039","2.6237","null","457705.00","null",2,7,"Bot","null","null",,,547172,,"180519_224515","1.5654","-127.9211","-3.2251","-3.0640","23.1056","-27.3449","3.2223","1.5640","null","null","null","88.1110","1174","6.1370",530081,572044,547172,435622,642162,571448,596115,467827,453568,621311,"54.3608","null","null","null","null","null","null","null",70,"4","Changeup",9,4,9,4,4,9,9,4,"Infield shift","Standard"
"FF","2018-05-19","91.8","-1.2541","6.2086","Brooks Pounders",474832,572044,"null","ball",,,,,"12","null","R","L","R","SF","COL","B","null","null",1,1,2018,"0.2714","1.0653","0.4404","4.5374","null","457705.00","null",2,7,"Bot","null","null",,,547172,,"180519_224452","3.7131","-133.7846","-0.7505","2.5566","26.2465","-19.3285","3.1391","1.5800","null","null","null","92.4400","2369","6.3850",530081,572044,547172,435622,642162,571448,596115,467827,453568,621311,"54.1129","null","null","null","null","null","null","null",70,"3","4-Seam Fastball",9,4,9,4,4,9,9,4,"Infield shift","Standard"
"FF","2018-05-19","91.8","-1.3881","6.1372","Brooks Pounders",474832,572044,"null","called_strike",,,,,"12","null","R","L","R","SF","COL","S","null","null",0,0,2018,"-0.1020","1.4174","0.5528","3.4616","null","457705.00","null",2,7,"Bot","null","null",,,547172,,"180519_224406","5.1623","-133.6446","-4.0303","-2.3498","28.9896","-14.4083","3.2236","1.5145","null","null","null","92.2720","2277","6.5590",530081,572044,547172,435622,642162,571448,596115,467827,453568,621311,"53.9385","null","null","null","null","null","null","null",70,"1","4-Seam Fastball",9,4,9,4,4,9,9,4,"Infield shift","Standard"
"FF","2018-05-19","92.4","-1.2451","6.2273","Brooks Pounders",457705,572044,"null","ball",,,,,"3","null","R","R","R","SF","COL","B","null","null",0,0,2018,"0.0059","1.5159","0.3830","3.5486","null","null","null",1,7,"Bot","null","null",,,547172,,"180519_224050","4.1579","-134.5557","-4.3749","-0.8148","28.6905","-12.8741","3.5124","1.6302","null","null","null","92.9870","2242","6.5560",530081,572044,547172,435622,642162,571448,596115,467827,453568,621311,"53.9413","null","null","null","null","null","null","null",68,"1","4-Seam Fastball",9,4,9,4,4,9,9,4,"Standard","Standard"
"FF","2018-05-19","91.8","-1.5627","6.2205","Brooks Pounders",453923,572044,"null","ball",,,,,"12","null","R","L","R","SF","COL","B","null","null",0,2,2018,"-0.0448","1.4834","0.0692","3.6728","null","null","null",0,7,"Bot","null","null",,,547172,,"180519_223954","4.2544","-133.7215","-3.9260","-1.3546","25.3931","-13.5138","3.0276","1.5276","null","null","null","92.8260","2203","6.5750",530081,572044,547172,435622,642162,571448,596115,467827,453568,621311,"53.9225","null","null","null","null","null","null","null",67,"3","4-Seam Fastball",9,4,9,4,4,9,9,4,"Standard","Standard"
"CU","2018-05-19","81.9","-1.8072","5.8505","Pierce Johnson",621311,572955,"null","called_strike",,,,,"7","null","R","L","R","SF","COL","S","null","null",0,0,2018,"1.0308","-1.0945","-0.4581","1.3555","null","null","null",2,7,"Top","null","null",,,457763,,"180519_223352","1.1174","-119.0640","-1.5307","9.1981","23.0548","-42.1510","3.2533","1.4377","null","null","null","80.2040","3002","5.1920",530081,572955,457763,474832,605509,446334,543063,453923,491676,457705,"55.3059","null","null","null","null","null","null","null",65,"1","Curveball",9,4,4,9,4,9,4,9,"Standard","Standard"
"CU","2018-05-19","81.4","-1.6926","5.9645","Pierce Johnson",642162,572955,"null","ball",,,,,"11","null","R","R","R","SF","COL","B","null","null",2,2,2018,"1.0340","-0.5571","-0.8967","2.9938","null","null","null",0,7,"Top","null","null",,,457763,,"180519_223051","-0.0813","-118.4328","0.7964","9.3691","18.9339","-37.5850","3.1893","1.5197","null","null","null","79.8690","2805","4.8750",530081,572955,457763,474832,605509,446334,543063,453923,491676,457705,"55.6220","null","null","null","null","null","null","null",63,"5","Curveball",9,4,4,9,4,9,4,9,"Standard","Standard"
"FC","2018-05-19","88.9","-1.8068","5.9201","Pierce Johnson",642162,572955,"null","ball",,,,,"14","null","R","R","R","SF","COL","B","null","null",1,1,2018,"0.2771","0.6028","1.5996","0.9295","null","null","null",0,7,"Top","null","null",,,457763,,"180519_223000","7.6402","-129.1465","-7.3726","1.8075","20.8745","-24.5718","3.1449","1.4975","null","null","null","88.0260","2671","5.3390",530081,572955,457763,474832,605509,446334,543063,453923,491676,457705,"55.1587","null","null","null","null","null","null","null",63,"3","Cutter",9,4,4,9,4,9,4,9,"Standard","Standard"
"CU","2018-05-19","79.3","-1.6895","6.0163","Pierce Johnson",642162,572955,"null","called_strike",,,,,"4","null","R","R","R","SF","COL","S","null","null",1,0,2018,"1.2212","-1.1700","-0.5986","2.2901","null","null","null",0,7,"Top","null","null",,,457763,,"180519_222941","0.2262","-115.1902","0.6687","10.2734","21.2972","-42.4725","3.0973","1.4753","null","null","null","77.1100","2850","4.8070",530081,572955,457763,474832,605509,446334,543063,453923,491676,457705,"55.6901","null","null","null","null","null","null","null",63,"2","Curveball",9,4,4,9,4,9,4,9,"Standard","Standard"
"FF","2018-05-19","92.6","-1.6738","6.3061","Pierce Johnson",642162,572955,"null","ball",,,,,"11","null","R","R","R","SF","COL","B","null","null",0,0,2018,"-0.6605","1.3479","-0.8687","4.3764","null","null","null",0,7,"Top","null","null",,,457763,,"180519_222923","3.3719","-134.6645","-1.9514","-8.4680","27.2439","-16.1394","3.1782","1.5308","null","null","null","91.1560","2176","5.2940",530081,572955,457763,474832,605509,446334,543063,453923,491676,457705,"55.2039","null","null","null","null","null","null","null",63,"1","4-Seam Fastball",9,4,4,9,4,9,4,9,"Standard","Standard"
"FF","2018-05-19","90.6","-1.2946","6.1593","Brooks Pounders",605509,572044,"null","ball",,,,,"1","null","R","R","R","SF","COL","B","null","null",1,2,2018,"-0.1729","1.4072","-0.7938","2.9600","null","null","null",2,6,"Bot","null","null",,,547172,,"180519_222626","1.6331","-132.0529","-5.2131","-2.3587","24.2123","-14.6357","3.1762","1.5671","null","null","null","91.7230","2258","6.5650",530081,572044,547172,435622,642162,571448,596115,467827,453568,621311,"53.9327","null","null","null","null","null","null","null",62,"4","4-Seam Fastball",9,4,9,4,4,9,9,4,"Standard","Strategic"
"SL","2018-05-19","84.8","-1.8070","5.9762","Brooks Pounders",605509,572044,"null","called_strike",,,,,"5","null","R","R","R","SF","COL","S","null","null",1,0,2018,"0.5862","0.5482","0.0950","2.2493","null","null","null",2,6,"Bot","null","null",,,547172,,"180519_222551","3.2752","-123.3839","-3.4533","5.2934","24.7684","-26.1403","3.4252","1.5821","null","null","null","84.6230","2437","6.1980",530081,572044,547172,435622,642162,571448,596115,467827,453568,621311,"54.2995","null","null","null","null","null","null","null",62,"2","Slider",9,4,9,4,4,9,9,4,"Standard","Strategic"
"CH","2018-05-19","85.9","-1.6636","6.1291","Brooks Pounders",605509,572044,"null","ball",,,,,"13","null","R","R","R","SF","COL","B","null","null",0,0,2018,"-0.5680","0.0988","-1.7272","1.5169","null","null","null",2,6,"Bot","null","null",,,547172,,"180519_222537","0.9820","-125.1386","-4.9355","-6.1360","22.3007","-30.4601","3.3919","1.5821","null","null","null","86.0690","1220","6.0730",530081,572044,547172,435622,642162,571448,596115,467827,453568,621311,"54.4246","null","null","null","null","null","null","null",62,"1","Changeup",9,4,9,4,4,9,9,4,"Standard","Strategic"
"FF","2018-05-19","91.7","-1.2788","6.1569","Brooks Pounders",491676,572044,"null","ball",,,,,"12","null","R","R","R","SF","COL","B","null","null",1,2,2018,"-0.0142","1.4354","1.9681","2.7935","null","null","null",1,6,"Bot","null","null",,,547172,,"180519_222444","8.2759","-133.4177","-5.8410","-1.7744","25.8359","-13.8448","3.3047","1.5118","null","null","null","92.4850","2383","6.5410",530081,572044,547172,435622,642162,571448,596115,467827,453568,621311,"53.9569","null","null","null","null","null","null","null",61,"4","4-Seam Fastball",9,4,9,4,4,9,9,4,"Standard","Standard"
"SL","2018-05-19","84.2","-1.6512","6.1457","Brooks Pounders",491676,572044,"null","ball",,,,,"13","null","R","R","R","SF","COL","B","null","null",0,1,2018,"0.8560","0.1262","-0.1391","0.8171","null","null","null",1,6,"Bot","null","null",,,547172,,"180519_222407","1.8274","-122.6454","-6.3021","8.3088","21.2563","-30.0116","3.3158","1.4896","null","null","null","84.3390","2656","6.0480",530081,572044,547172,435622,642162,571448,596115,467827,453568,621311,"54.4495","null","null","null","null","null","null","null",61,"2","Slider",9,4,9,4,4,9,9,4,"Standard","Standard"
"FF","2018-05-19","92.4","-1.5124","6.2193","Brooks Pounders",491676,572044,"null","called_strike",,,,,"4","null","R","R","R","SF","COL","S","null","null",0,0,2018,"-0.0202","1.5588","-0.4626","2.2276","null","null","null",1,6,"Bot","null","null",,,547172,,"180519_222352","2.7303","-134.5289","-7.8283","-0.8118","27.8128","-11.6652","3.2957","1.4896","null","null","null","92.9810","2268","6.4970",530081,572044,547172,435622,642162,571448,596115,467827,453568,621311,"54.0003","null","null","null","null","null","null","null",61,"1","4-Seam Fastball",9,4,9,4,4,9,9,4,"Standard","Standard"
"SL","2018-05-19","85.6","-2.3935","6.1224","Brooks Pounders",622497,572044,"null","ball",,,,,"11","null","R","L","R","SF","COL","B","null","null",0,0,2018,"0.7181","0.4552","-1.3553","2.8943","null","null","null",0,6,"Bot","null","null",,,547172,,"180519_222244","1.0223","-124.7493","-2.3242","7.2678","22.0823","-27.2496","3.1563","1.4977","null","null","null","85.5590","2443","5.9100",530081,572044,547172,435622,642162,571448,596115,467827,453568,621311,"54.5873","null","null","null","null","null","null","null",60,"1","Slider",9,4,9,4,4,9,9,4,"Standard","Standard"
"FF","2018-05-19","91.6","-1.9029","6.2298","Brooks Pounders",446334,572044,"null","called_strike",,,,,"9","null","R","R","R","SF","COL","S","null","null",0,0,2018,"0.0394","1.4842","0.4557","2.0516","null","null","null",0,6,"Bot","null","null",,,547172,,"180519_222056","5.8647","-133.1321","-7.8742","-0.7575","27.8297","-13.0871","3.8079","1.7306","null","null","null","91.6140","2317","6.3030",530081,572044,547172,435622,642162,571448,596115,467827,453568,621311,"54.1946","null","null","null","null","null","null","null",58,"1","4-Seam Fastball",7,4,7,4,4,7,7,4,"Strategic","Standard"
"FF","2018-05-19","89.8","1.8100","6.3980","Will Smith",593495,519293,"null","called_strike",,,,,"7","null","R","R","L","SF","COL","S","null","null",2,0,2018,"0.6947","1.3903","-0.4944","1.7295","null","null","null",2,6,"Top","null","null",,,457763,,"180519_221650","-7.1241","-130.4381","-8.4658","9.2994","25.4716","-14.9054","3.0524","1.3404","null","null","null","89.6300","2049","6.1210",530081,519293,457763,474832,622497,446334,543063,453923,491676,457705,"54.3761","null","null","null","null","null","null","null",57,"3","4-Seam Fastball",7,4,4,7,4,7,4,7,"Standard","Standard"
"FF","2018-05-19","91.7","1.6971","6.4649","Will Smith",593495,519293,"null","ball",,,,,"13","null","R","R","L","SF","COL","B","null","null",1,0,2018,"0.5884","1.2010","-0.9434","2.1442","null","null","null",2,6,"Top","null","null",,,457763,,"180519_221631","-7.8713","-133.2185","-7.6400","8.4205","23.9477","-16.6953","3.0291","1.3616","null","null","null","91.6910","2129","6.0100",530081,519293,457763,474832,622497,446334,543063,453923,491676,457705,"54.4870","null","null","null","null","null","null","null",57,"2","4-Seam Fastball",7,4,4,7,4,7,4,7,"Standard","Standard"
"FF","2018-05-19","90.4","1.7792","6.5168","Will Smith",593495,519293,"null","ball",,,,,"14","null","R","R","L","SF","COL","B","null","null",0,0,2018,"0.8090","1.1851","1.1627","0.8196","null","null","null",2,6,"Top","null","null",,,457763,,"180519_221610","-3.2167","-131.3804","-10.7355","9.9492","24.4953","-16.6804","3.0624","1.4505","null","null","null","90.3180","2203","6.0400",530081,519293,457763,474832,622497,446334,543063,453923,491676,457705,"54.4577","null","null","null","null","null","null","null",57,"1","4-Seam Fastball",7,4,4,7,4,7,4,7,"Standard","Standard"
"CU","2018-05-19","75.1","1.8274","6.6182","Will Smith",435622,519293,"null","ball",,,,,"13","null","R","R","L","SF","COL","B","null","null",0,0,2018,"-0.7193","-0.5565","-0.8902","0.8649","null","null","null",0,6,"Top","null","null",,,457763,,"180519_221432","-4.3286","-109.2150","-3.7837","-4.8945","18.2596","-36.1309","3.4714","1.5348","null","null","null","74.2080","2008","5.5440",530081,519293,457763,474832,622497,446334,543063,453923,491676,457705,"54.9537","null","null","null","null","null","null","null",55,"1","Curveball",7,4,4,7,4,7,4,7,"Standard","Standard"
"SI","2018-05-19","89.5","2.1681","5.8938","Chris Rusin",474832,543734,"null","called_strike",,,,,"14","null","R","L","L","SF","COL","S","null","null",1,0,2018,"1.0659","0.4395","1.2153","2.1817","null","457705.00","457763.00",2,5,"Bot","null","null",,,547172,,"180519_221007","-4.4222","-130.0696","-3.9712","12.5969","26.9320","-26.8007","3.0756","1.4331","null","null","null","87.8690","2341","5.3050",530081,543734,547172,435622,593495,571448,596115,467827,453568,621311,"55.1925","null","null","null","null","null","null","null",54,"2","Sinker",7,4,7,4,4,7,7,4,"Infield shift","Standard"
"SI","2018-05-19","89.4","2.0237","5.7821","Chris Rusin",474832,543734,"null","ball",,,,,"7","null","R","L","L","SF","COL","B","null","null",0,0,2018,"1.2004","0.6683","-0.5358","1.5467","null","457705.00","457763.00",2,5,"Bot","null","null",,,547172,,"180519_220945","-8.5838","-129.8654","-5.8077","14.7448","20.5111","-24.0001","3.2505","1.5708","null","null","null","88.7380","2485","5.4310",530081,543734,547172,435622,593495,571448,596115,467827,453568,621311,"55.0664","null","null","null","null","null","null","null",54,"1","Sinker",7,4,7,4,4,7,7,4,"Infield shift","Standard"
"FC","2018-05-19","90.1","1.8655","5.9970","Chris Rusin",457763,543734,"walk","ball",,,,,"11","Buster Posey walks.  ","R","R","L","SF","COL","B","null","null",3,1,2018,"0.0889","1.3449","-2.3990","3.1507","null","457705.00","null",2,5,"Bot","null","null",,,547172,,"180519_220904","-10.5707","-130.6677","-3.7655","3.2082","27.4495","-16.7015","3.4612","1.6010","null","null","null","88.4790","2404","5.4580",530081,543734,547172,435622,593495,571448,596115,467827,453568,621311,"55.0396","null","null","0.70",1,0,0,"null",53,"5","Cutter",7,4,7,4,4,7,7,4,"Standard","Standard"
"FC","2018-05-19","87.2","2.1262","5.9769","Chris Rusin",457763,543734,"null","called_strike",,,,,"14","null","R","R","L","SF","COL","S","null","null",3,0,2018,"0.0864","0.5453","0.8527","2.3942","null","457705.00","null",2,5,"Bot","null","null",,,547172,,"180519_220842","-3.1640","-126.8982","-3.5071","1.5009","24.0386","-26.0766","3.4979","1.6167","null","null","null","85.7390","2362","5.1760",530081,543734,547172,435622,593495,571448,596115,467827,453568,621311,"55.3215","null","null","null","null","null","null","null",53,"4","Cutter",7,4,7,4,4,7,7,4,"Standard","Standard"
"FC","2018-05-19","87.9","2.1044","5.9618","Chris Rusin",457763,543734,"null","ball",,,,,"12","null","R","R","L","SF","COL","B","null","null",0,0,2018,"-0.0847","0.5611","2.1263","2.7219","null","457705.00","null",2,5,"Bot","null","null",,,547172,,"180519_220735","0.2152","-127.8594","-2.8563","-0.9369","23.4236","-25.9563","3.5057","1.6103","null","null","null","86.4030","2327","5.1030",530081,543734,547172,435622,593495,571448,596115,467827,453568,621311,"55.3942","null","null","null","null","null","null","null",53,"1","Cutter",7,4,7,4,4,7,7,4,"Standard","Standard"
"FC","2018-05-19","88.4","2.1624","5.9040","Chris Rusin",457705,543734,"null","called_strike",,,,,"14","null","R","R","L","SF","COL","S","null","null",0,1,2018,"-0.0849","0.5542","0.9791","1.7124","null","622497.00","457706.00",2,5,"Bot","null","null",,,547172,,"180519_220615","-2.6528","-128.4573","-5.0913","-0.3226","27.8703","-25.4947","3.5126","1.6193","null","null","null","86.3160","2468","5.1380",530081,543734,547172,435622,593495,571448,596115,467827,453568,621311,"55.3593","null","null","null","null","null","null","null",52,"2","Cutter",5,4,5,4,4,5,5,4,"Standard","Standard"
"SI","2018-05-19","90.8","2.0569","5.8641","Chris Rusin",453923,543734,"null","called_strike",,,,,"7","null","R","L","L","SF","COL","S","null","null",0,0,2018,"1.3260","0.4068","-0.3000","1.8518","null","622497.00","457706.00",1,5,"Bot","null","null",,,547172,,"180519_220249","-8.4252","-131.7688","-4.8788","16.5980","25.6226","-26.8843","3.1378","1.5611","null","null","null","89.1790","2311","5.2470",530081,543734,547172,435622,593495,571448,596115,467827,453568,621311,"55.2509","null","null","null","null","null","null","null",51,"1","Sinker",5,4,5,4,4,5,5,4,"Standard","Standard"
"CH","2018-05-19","83.7","1.9897","6.0255","Chris Rusin",457706,543734,"null","ball",,,,,"12","null","R","R","L","SF","COL","B","null","null",1,2,2018,"1.2570","0.2920","1.1350","3.0859","null","null","622497.00",1,5,"Bot","null","null",,,547172,,"180519_220108","-4.2226","-121.7426","-0.9681","12.7773","21.2476","-29.4589","3.4645","1.5590","null","null","null","82.1660","1643","5.0340",530081,543734,547172,435622,593495,571448,596115,467827,453568,621311,"55.4638","null","null","null","null","null","null","null",50,"5","Changeup",5,4,5,4,4,5,5,4,"Standard","Standard"
"FC","2018-05-19","88.3","1.9374","6.0225","Chris Rusin",457706,543734,"null","called_strike",,,,,"8","null","R","R","L","SF","COL","S","null","null",1,0,2018,"-0.0093","0.9045","0.2376","2.0896","null","null","622497.00",1,5,"Bot","null","null",,,547172,,"180519_215936","-4.0274","-128.4077","-5.2360","0.6410","23.6102","-21.7882","3.3867","1.5701","null","null","null","86.8140","2384","5.1280",530081,543734,547172,435622,593495,571448,596115,467827,453568,621311,"55.3694","null","null","null","null","null","null","null",50,"2","Cutter",5,4,5,4,4,5,5,4,"Standard","Standard"
"FF","2018-05-19","91.1","1.9194","5.9623","Chris Rusin",457706,543734,"null","ball",,,,,"11","null","R","R","L","SF","COL","B","null","null",0,0,2018,"0.7892","1.2651","-0.9209","2.7750","null","null","622497.00",1,5,"Bot","null","null",,,547172,,"180519_215911","-8.6296","-132.4524","-4.7840","10.5762","21.4953","-16.8851","3.3867","1.5590","null","null","null","90.6020","2387","5.5020",530081,543734,547172,435622,593495,571448,596115,467827,453568,621311,"54.9954","null","null","null","null","null","null","null",50,"1","4-Seam Fastball",5,4,5,4,4,5,5,4,"Standard","Standard"
"CH","2018-05-19","82.2","1.9445","6.0835","Chris Rusin",622497,543734,"null","ball",,,,,"12","null","R","R","L","SF","COL","B","null","null",0,0,2018,"1.4265","0.1814","2.2997","4.0577","null","null","null",0,5,"Bot","null","null",,,547172,,"180519_215647","-1.7930","-119.5211","1.5259","13.5111","21.4248","-31.0270","3.2454","1.4979","null","null","null","80.7230","1625","5.1630",530081,543734,547172,435622,593495,571448,596115,467827,453568,621311,"55.3341","null","null","null","null","null","null","null",48,"1","Changeup",5,4,5,4,4,5,5,4,"Standard","Standard"
"FT","2018-05-19","89.9","-1.6629","6.0065","Chris Stratton",467827,608717,"null","called_strike",,,,,"7","null","R","L","R","SF","COL","S","null","null",1,0,2018,"-0.7332","1.1556","-0.6588","1.4353","null","null","453568.00",2,5,"Top","null","null",,,457763,,"180519_214828","4.0571","-130.9637","-7.9736","-9.2650","21.1561","-17.4770","3.2705","1.5522","null","null","null","91.1020","2312","6.4370",530081,608717,457763,474832,622497,446334,543063,453923,491676,457705,"54.0609","null","null","null","null","null","null","null",46,"2","2-Seam Fastball",5,3,3,5,3,5,3,5,"Standard","Standard"
"FT","2018-05-19","89.7","-1.6685","6.0680","Chris Stratton",467827,608717,"null","ball",,,,,"13","null","R","L","R","SF","COL","B","null","null",0,0,2018,"-0.8003","0.9573","-0.8663","1.1586","null","null","453568.00",2,5,"Top","null","null",,,457763,,"180519_214804","3.6632","-130.6399","-8.3304","-9.8780","19.6690","-19.9203","3.3160","1.5188","null","null","null","90.7650","2265","6.2610",530081,608717,457763,474832,622497,446334,543063,453923,491676,457705,"54.2362","null","null","null","null","null","null","null",46,"1","2-Seam Fastball",5,3,3,5,3,5,3,5,"Standard","Standard"
"CH","2018-05-19","81.1","-1.8604","6.0947","Chris Stratton",453568,608717,"null","called_strike",,,,,"1","null","R","L","R","SF","COL","S","null","null",1,0,2018,"-0.9485","-0.0535","-0.5481","3.0175","null","null","null",0,5,"Top","null","null",,,457763,,"180519_214358","4.6979","-118.0263","-0.2337","-9.6291","19.7563","-32.8371","3.4143","1.5400","null","null","null","81.1230","1775","6.0280",530081,608717,457763,474832,622497,446334,543063,453923,491676,457705,"54.4690","null","null","null","null","null","null","null",43,"2","Changeup",5,3,3,5,3,5,3,5,"Infield shift","Standard"
"FF","2018-05-19","89.2","-1.7274","6.0446","Chris Stratton",453568,608717,"null","ball",,,,,"13","null","R","L","R","SF","COL","B","null","null",0,0,2018,"-0.4471","1.2564","-0.2365","0.6477","null","null","null",0,5,"Top","null","null",,,457763,,"180519_214339","4.6453","-129.6871","-10.0194","-6.0179","24.5846","-16.0190","3.2376","1.5411","null","null","null","90.0880","2433","6.6700",530081,608717,457763,474832,622497,446334,543063,453923,491676,457705,"53.8275","null","null","null","null","null","null","null",43,"1","4-Seam Fastball",5,3,3,5,3,5,3,5,"Infield shift","Standard"
"FC","2018-05-19","88.1","2.0095","6.0211","Chris Rusin",543063,543734,"null","ball",,,,,"13","null","R","L","L","SF","COL","B","null","null",0,0,2018,"0.1360","0.6585","-0.9097","1.5347","null","474832.00","446334.00",2,4,"Bot","null","null",,,547172,,"180519_214051","-7.1876","-127.8284","-5.9793","2.8230","24.6016","-24.3112","3.3450","1.6844","null","null","null","86.3580","2352","5.1870",530081,543734,547172,435622,593495,571448,596115,467827,453568,621311,"55.3099","null","null","null","null","null","null","null",42,"1","Cutter",5,3,5,3,3,5,5,3,"Standard","Standard"
"CH","2018-05-19","84.7","2.0594","6.0505","Chris Rusin",446334,543734,"null","ball",,,,,"12","null","R","R","L","SF","COL","B","null","null",2,1,2018,"0.9142","1.0274","0.9169","3.9662","null","null","474832.00",2,4,"Bot","null","null",,,547172,,"180519_213853","-4.3070","-123.1139","-0.5266","9.7486","22.0924","-22.2431","3.7324","1.7873","null","null","null","83.1880","1848","5.1320",530081,543734,547172,435622,593495,571448,596115,467827,453568,621311,"55.3658","null","null","null","null","null","null","null",41,"4","Changeup",5,3,5,3,3,5,5,3,"Infield shift","Standard"
"FF","2018-05-19","90.4","1.9104","5.9889","Chris Rusin",446334,543734,"null","ball",,,,,"1","null","R","R","L","SF","COL","B","null","null",1,1,2018,"0.7395","0.8624","-0.6100","3.2956","null","null","474832.00",2,4,"Bot","null","null",,,547172,,"180519_213835","-7.6518","-131.2943","-2.5167","9.8253","25.9441","-22.2284","3.6923","1.8167","null","null","null","89.0190","2183","5.3890",530081,543734,547172,435622,593495,571448,596115,467827,453568,621311,"55.1089","null","null","null","null","null","null","null",41,"3","4-Seam Fastball",5,3,5,3,3,5,5,3,"Infield shift","Standard"
"FF","2018-05-19","90.9","1.9374","6.0118","Chris Rusin",446334,543734,"null","ball",,,,,"13","null","R","R","L","SF","COL","B","null","null",0,1,2018,"0.5529","1.2522","-1.0823","2.6321","null","null","474832.00",2,4,"Bot","null","null",,,547172,,"180519_213816","-8.5293","-132.0578","-5.1368","7.7693","22.1814","-17.1707","3.7880","1.7308","null","null","null","89.9340","2242","5.3190",530081,543734,547172,435622,593495,571448,596115,467827,453568,621311,"55.1786","null","null","null","null","null","null","null",41,"2","4-Seam Fastball",5,3,5,3,3,5,5,3,"Infield shift","Standard"
"SI","2018-05-19","90.5","2.1290","5.9155","Chris Rusin",446334,543734,"null","called_strike",,,,,"6","null","R","R","L","SF","COL","S","null","null",0,0,2018,"1.5693","0.5853","0.5714","2.7435","null","null","474832.00",2,4,"Bot","null","null",,,547172,,"180519_213759","-6.9832","-131.4312","-3.1170","19.0837","27.5006","-25.2089","3.7858","1.7419","null","null","null","88.9540","2305","5.4090",530081,543734,547172,435622,593495,571448,596115,467827,453568,621311,"55.0881","null","null","null","null","null","null","null",41,"1","Sinker",5,3,5,3,3,5,5,3,"Infield shift","Standard"
"FF","2018-05-19","95.8","-2.2159","5.6022","Jon Gray",457763,592351,"null","called_strike",,,,,"3","null","R","R","R","SF","COL","S","null","null",2,0,2018,"-0.9439","1.2679","0.7878","3.2705","453923.00","null","null",1,4,"Bot","null","null",,,547172,,"180519_213410","10.0381","-139.2575","-3.4371","-14.3601","28.0392","-15.1037","3.5036","1.5881","null","null","null","96.0700","2160","6.2700",530081,592351,547172,435622,593495,571448,596115,467827,453568,621311,"54.2279","null","null","null","null","null","null","null",39,"3","4-Seam Fastball",4,3,4,3,3,4,4,3,"Strategic","Standard"
"SL","2018-05-19","90.3","-2.1591","5.9205","Jon Gray",457763,592351,"null","ball",,,,,"13","null","R","R","R","SF","COL","B","null","null",1,0,2018,"-0.0115","0.6275","-1.3062","2.0092","453923.00","null","null",1,4,"Bot","null","null",,,547172,,"180519_213346","2.1486","-131.5980","-5.2237","-0.5173","23.4681","-24.0801","3.5168","1.6992","null","null","null","90.9430","2072","6.2410",530081,592351,547172,435622,593495,571448,596115,467827,453568,621311,"54.2569","null","null","null","null","null","null","null",39,"2","Slider",4,3,4,3,3,4,4,3,"Strategic","Standard"
"SL","2018-05-19","89.4","-2.3008","5.7032","Jon Gray",457763,592351,"null","ball",,,,,"14","null","R","R","R","SF","COL","B","null","null",0,0,2018,"0.0143","0.7950","0.6070","0.9539","453923.00","null","null",1,4,"Bot","null","null",,,547172,,"180519_213326","7.1342","-129.9995","-7.4429","-1.0948","22.9407","-21.9350","3.5168","1.6214","null","null","null","89.9580","2086","6.3170",530081,592351,547172,435622,593495,571448,596115,467827,453568,621311,"54.1807","null","null","null","null","null","null","null",39,"1","Slider",4,3,4,3,3,4,4,3,"Strategic","Standard"
"SL","2018-05-19","88.3","-2.2472","5.7878","Jon Gray",453923,592351,"null","called_strike",,,,,"4","null","R","L","R","SF","COL","S","null","null",1,1,2018,"-0.1063","0.6661","-0.3748","2.2876","null","null","null",0,4,"Bot","null","null",,,547172,,"180519_213107","4.7728","-128.6744","-3.9100","-2.0291","22.7291","-24.2400","2.9934","1.5389","null","null","null","88.7740","2043","6.1730",530081,592351,547172,435622,593495,571448,596115,467827,453568,621311,"54.3248","null","null","null","null","null","null","null",37,"3","Slider",4,3,4,3,3,4,4,3,"Standard","Standard"
"CU","2018-05-19","78.9","-2.0794","5.8293","Jon Gray",453923,592351,"null","ball",,,,,"12","null","R","L","R","SF","COL","B","null","null",0,0,2018,"0.9981","-0.4819","1.0752","2.6004","null","null","null",0,4,"Bot","null","null",,,547172,,"180519_213025","5.0132","-114.8605","0.6232","8.0010","19.6592","-36.7595","3.0278","1.5723","null","null","null","79.1540","2533","6.2710",530081,592351,547172,435622,593495,571448,596115,467827,453568,621311,"54.2262","null","null","null","null","null","null","null",37,"1","Curveball",4,3,4,3,3,4,4,3,"Standard","Standard"
"CU","2018-05-19","75.2","-1.3460","6.1875","Chris Stratton",592351,608717,"strikeout","called_strike",,,,,"8","Jon Gray called out on strikes.  ","R","R","R","SF","COL","S",2,"null",1,2,2018,"1.1374","-1.0380","-0.0573","1.7661","null","null","null",2,4,"Top","null","null",,,457763,,"180519_212722","0.6929","-109.4307","-0.2150","8.8166","19.6602","-40.5441","3.4453","1.5723","null","null","null","74.4400","3033","5.7620",530081,608717,457763,474832,622497,446334,543063,453923,491676,457705,"54.7350","null","null","0.00",1,0,0,"null",36,"4","Curveball",4,3,3,4,3,4,3,4,"Standard","Standard"
"CU","2018-05-19","75.9","-1.3536","6.2163","Chris Stratton",592351,608717,"null","ball",,,,,"13","null","R","R","R","SF","COL","B","null","null",0,1,2018,"1.4416","-1.0332","-0.0377","1.2260","null","null","null",2,4,"Top","null","null",,,457763,,"180519_212653","0.2417","-110.3629","-1.4949","11.3709","20.9978","-40.3437","3.6897","1.5611","null","null","null","74.6920","3042","5.5920",530081,608717,457763,474832,622497,446334,543063,453923,491676,457705,"54.9052","null","null","null","null","null","null","null",36,"2","Curveball",4,3,3,4,3,4,3,4,"Standard","Standard"
"FF","2018-05-19","91.4","-1.5818","6.1116","Chris Stratton",592351,608717,"null","called_strike",,,,,"12","null","R","R","R","SF","COL","S","null","null",0,0,2018,"-0.4641","1.1863","0.8679","3.0633","null","null","null",2,4,"Top","null","null",,,457763,,"180519_212641","7.1504","-132.9627","-4.4021","-6.8581","24.6746","-17.4116","3.6452","1.5611","null","null","null","91.7360","2507","6.2060",530081,608717,457763,474832,622497,446334,543063,453923,491676,457705,"54.2915","null","null","null","null","null","null","null",36,"1","4-Seam Fastball",4,3,3,4,3,4,3,4,"Standard","Standard"
"FF","2018-05-19","90.4","-1.6026","6.1310","Chris Stratton",593495,608717,"null","ball",,,,,"11","null","R","R","R","SF","COL","B","null","null",0,1,2018,"-0.6294","1.4874","-1.8389","3.3671","435622.00","null","547172.00",0,4,"Top","null","null",,,457763,,"180519_212505","0.7263","-131.7586","-4.1391","-7.4372","24.2709","-14.3562","3.1959","1.4618","null","null","null","90.5010","2425","5.9640",530081,608717,457763,474832,622497,446334,543063,453923,491676,457705,"54.5337","null","null","null","null","null","null","null",35,"2","4-Seam Fastball",4,2,2,4,2,4,2,4,"Standard","Standard"
"FT","2018-05-19","90.1","-2.0100","6.0166","Chris Stratton",547172,608717,"null","called_strike",,,,,"1","null","R","L","R","SF","COL","S","null","null",3,0,2018,"-0.8781","0.8802","-0.5884","2.6464","null","435622.00","null",0,4,"Top","null","null",,,457763,,"180519_212241","5.3477","-131.0483","-4.2753","-11.1176","25.5659","-21.4523","3.0335","1.4464","null","null","null","89.9820","2308","6.0690",530081,608717,457763,474832,622497,446334,543063,453923,491676,457705,"54.4289","null","null","null","null","null","null","null",34,"4","2-Seam Fastball",4,2,2,4,2,4,2,4,"Standard","Standard"
"FF","2018-05-19","90.7","-1.7378","6.0785","Chris Stratton",547172,608717,"null","ball",,,,,"12","null","R","L","R","SF","COL","B","null","null",1,0,2018,"0.0443","1.1920","0.0408","3.9016","null","null","435622.00",0,4,"Top","null","null",,,457763,,"180519_212149","4.3455","-132.1899","-2.1331","-0.2785","24.3012","-17.9766","3.2335","1.5353","null","null","null","91.0650","2504","6.1160",530081,608717,457763,474832,622497,446334,543063,453923,491676,457705,"54.3816","null","null","null","null","null","null","null",34,"2","4-Seam Fastball",4,2,2,4,2,4,2,4,"Standard","Standard"
"FF","2018-05-19","90.5","-1.6910","6.0194","Chris Stratton",547172,608717,"null","ball",,,,,"13","null","R","L","R","SF","COL","B","null","null",0,0,2018,"-0.3667","0.9816","-1.0032","1.8226","null","null","435622.00",0,4,"Top","null","null",,,457763,,"180519_212126","2.4851","-131.9250","-6.7627","-4.7198","20.5841","-19.6884","3.2557","1.5020","null","null","null","91.3730","2455","6.1310",530081,608717,457763,474832,622497,446334,543063,453923,491676,457705,"54.3661","null","null","null","null","null","null","null",34,"1","4-Seam Fastball",4,2,2,4,2,4,2,4,"Standard","Standard"
"FF","2018-05-19","95.7","-2.2985","5.6925","Jon Gray",491676,592351,"null","called_strike",,,,,"13","null","R","R","R","SF","COL","S","null","null",0,0,2018,"-0.9601","1.1728","-1.0887","2.0975","543063.00","null","622497.00",1,3,"Bot","null","null",,,547172,,"180519_211354","5.3517","-139.4262","-6.6401","-13.6376","24.3492","-15.6661","3.2387","1.5109","null","null","null","96.6940","2010","6.2960",530081,592351,547172,435622,593495,571448,596115,467827,453568,621311,"54.2015","null","null","null","null","null","null","null",31,"1","4-Seam Fastball",4,2,4,2,2,4,4,2,"Standard","Standard"
"SL","2018-05-19","88.7","-2.0563","5.8791","Jon Gray",543063,592351,"null","ball",,,,,"9","null","R","L","R","SF","COL","B","null","null",0,0,2018,"0.3697","0.7214","0.6210","1.5641","457705.00","457763.00","474832.00",1,3,"Bot","null","null",,,547172,,"180519_211108","5.7889","-129.1458","-6.1173","3.1899","22.4234","-23.1040","3.2692","1.5535","null","null","null","89.5280","2066","6.3980",530081,592351,547172,435622,593495,571448,596115,467827,453568,621311,"54.0998","null","null","null","null","null","null","null",29,"1","Slider",1,2,1,2,2,1,1,2,"Standard","Standard"
"SL","2018-05-19","88.3","-2.2682","5.9613","Jon Gray",474832,592351,"walk","ball",,,,,"11","Brandon Belt walks.   Andrew McCutchen to 3rd.    Buster Posey to 2nd.  ","R","L","R","SF","COL","B","null","null",3,2,2018,"-0.3301","0.7839","-1.1396","2.8468","null","457705.00","457763.00",0,3,"Bot","null","null",,,547172,,"180519_210827","3.4121","-128.5255","-3.0937","-4.3345","27.0430","-23.1682","3.1948","1.5802","null","null","null","87.8990","1948","6.0540",530081,592351,547172,435622,593495,571448,596115,467827,453568,621311,"54.4430","null","null","0.70",1,0,0,"null",27,"6","Slider",1,2,1,2,2,1,1,2,"Standard","Standard"
"FF","2018-05-19","96.3","-2.3827","5.5967","Jon Gray",474832,592351,"null","ball",,,,,"12","null","R","L","R","SF","COL","B","null","null",1,2,2018,"-0.9476","1.3351","1.4162","2.5478","null","457705.00","457763.00",0,3,"Bot","null","null",,,547172,,"180519_210728","12.1508","-139.6296","-5.4891","-14.9334","29.2837","-13.7808","3.2059","1.5690","null","null","null","96.0460","2130","6.1860",530081,592351,547172,435622,593495,571448,596115,467827,453568,621311,"54.3117","null","null","null","null","null","null","null",27,"4","4-Seam Fastball",1,2,1,2,2,1,1,2,"Standard","Standard"
"SL","2018-05-19","89.2","-2.1682","5.9028","Jon Gray",474832,592351,"null","called_strike",,,,,"7","null","R","L","R","SF","COL","S","null","null",0,0,2018,"-0.0228","0.9043","-0.5999","1.9632","null","457705.00","457763.00",0,3,"Bot","null","null",,,547172,,"180519_210558","3.9033","-129.8656","-5.6118","-1.0044","24.8120","-21.0376","3.3059","1.5690","null","null","null","89.5150","2088","6.2580",530081,592351,547172,435622,593495,571448,596115,467827,453568,621311,"54.2395","null","null","null","null","null","null","null",27,"1","Slider",1,2,1,2,2,1,1,2,"Standard","Standard"
"CU","2018-05-19","80.7","-2.0763","5.9132","Jon Gray",457763,592351,"null","called_strike",,,,,"6","null","R","R","R","SF","COL","S","null","null",1,0,2018,"0.4591","-0.0176","0.5258","2.6707","null","null","457705.00",0,3,"Bot","null","null",,,547172,,"180519_210427","4.9254","-117.5869","-0.6522","3.5345","18.3552","-32.4168","3.5369","1.6103","null","null","null","81.3690","2506","6.2770",530081,592351,547172,435622,593495,571448,596115,467827,453568,621311,"54.2208","null","null","null","null","null","null","null",26,"2","Curveball",1,2,1,2,2,1,1,2,"Standard","Standard"
"FF","2018-05-19","95.1","-2.2328","5.6992","Jon Gray",457763,592351,"null","ball",,,,,"11","null","R","R","R","SF","COL","B","null","null",0,0,2018,"-0.6403","1.1213","-1.2306","2.7077","null","null","457705.00",0,3,"Bot","null","null",,,547172,,"180519_210338","4.0627","-138.5435","-4.7860","-9.1007","26.8992","-16.8782","3.5168","1.6103","null","null","null","95.7470","2024","6.3060",530081,592351,547172,435622,593495,571448,596115,467827,453568,621311,"54.1917","null","null","null","null","null","null","null",26,"1","4-Seam Fastball",1,2,1,2,2,1,1,2,"Standard","Standard"
"FF","2018-05-19","95.0","-2.1633","5.7949","Jon Gray",457705,592351,"null","ball",,,,,"12","null","R","R","R","SF","COL","B","null","null",0,1,2018,"-0.9201","1.2241","0.5833","3.6713","null","null","null",0,3,"Bot","null","null",,,547172,,"180519_210242","9.2315","-138.1590","-2.6840","-13.6685","27.2992","-16.0807","3.4459","1.6304","null","null","null","95.3380","1996","6.2630",530081,592351,547172,435622,593495,571448,596115,467827,453568,621311,"54.2346","null","null","null","null","null","null","null",25,"2","4-Seam Fastball",1,2,1,2,2,1,1,2,"Standard","Standard"
"FF","2018-05-19","94.0","-2.2807","5.7077","Jon Gray",457705,592351,"null","called_strike",,,,,"9","null","R","R","R","SF","COL","S","null","null",0,0,2018,"-0.7826","0.9889","0.3946","1.6266","null","null","null",0,3,"Bot","null","null",,,547172,,"180519_210227","8.6801","-136.6063","-7.1031","-11.6143","26.9734","-18.4499","3.4570","1.6304","null","null","null","94.5210","1883","6.4320",530081,592351,547172,435622,593495,571448,596115,467827,453568,621311,"54.0658","null","null","null","null","null","null","null",25,"1","4-Seam Fastball",1,2,1,2,2,1,1,2,"Standard","Standard"
"FF","2018-05-19","91.3","-1.7093","6.1030","Chris Stratton",596115,608717,"null","called_strike",,,,,"1","null","R","R","R","SF","COL","S","null","null",3,0,2018,"-0.3181","1.0896","-0.6582","3.3767","null","467827.00","null",2,3,"Top","null","null",,,457763,,"180519_205929","3.3225","-133.0786","-3.4321","-4.3825","22.7469","-18.6990","3.5036","1.6002","null","null","null","92.0390","2588","6.1890",530081,608717,457763,474832,622497,446334,543063,453923,491676,457705,"54.3089","null","null","null","null","null","null","null",24,"4","4-Seam Fastball",1,2,2,1,2,1,2,1,"Standard","Standard"
"SL","2018-05-19","82.4","-1.7664","6.1233","Chris Stratton",596115,608717,"null","ball",,,,,"11","null","R","R","R","SF","COL","B","null","null",2,0,2018,"0.4884","-0.6338","-1.1111","2.7413","null","467827.00","null",2,3,"Top","null","null",,,457763,,"180519_205908","0.5643","-120.1647","-0.1570","4.6089","17.5878","-38.4303","3.5369","1.6002","null","null","null","82.3570","2930","5.6000",530081,608717,457763,474832,622497,446334,543063,453923,491676,457705,"54.8976","null","null","null","null","null","null","null",24,"3","Slider",1,2,2,1,2,1,2,1,"Standard","Standard"
"CH","2018-05-19","83.8","-1.7715","6.0618","Chris Stratton",596115,608717,"null","ball",,,,,"11","null","R","R","R","SF","COL","B","null","null",1,0,2018,"-1.1174","0.2086","-0.9850","2.7699","null","467827.00","null",2,3,"Top","null","null",,,457763,,"180519_205843","3.9995","-122.0679","-1.6558","-11.8856","22.4019","-29.9976","3.4925","1.5780","null","null","null","83.9240","1808","6.1600",530081,608717,457763,474832,622497,446334,543063,453923,491676,457705,"54.3371","null","null","null","null","null","null","null",24,"2","Changeup",1,2,2,1,2,1,2,1,"Standard","Standard"
"CH","2018-05-19","82.9","-1.6729","6.0204","Chris Stratton",467827,608717,"null","called_strike",,,,,"13","null","R","L","R","SF","COL","S","null","null",1,0,2018,"-1.0108","0.2564","-0.8855","1.9759","null","null","null",2,3,"Top","null","null",,,457763,,"180519_205645","3.7458","-120.7786","-3.3654","-10.5450","19.8150","-29.2936","3.3316","1.5364","null","null","null","83.2910","1889","6.1300",530081,608717,457763,474832,622497,446334,543063,453923,491676,457705,"54.3677","null","null","null","null","null","null","null",23,"2","Changeup",1,2,2,1,2,1,2,1,"Standard","Standard"
"FF","2018-05-19","90.9","-1.7681","6.1001","Chris Stratton",467827,608717,"null","ball",,,,,"11","null","R","L","R","SF","COL","B","null","null",0,0,2018,"-0.2575","1.2190","-1.6096","3.0803","null","null","null",2,3,"Top","null","null",,,457763,,"180519_205630","0.9462","-132.5468","-4.3614","-3.2284","24.2436","-17.0994","3.3049","1.5077","null","null","null","91.5430","2426","6.2410",530081,608717,457763,474832,622497,446334,543063,453923,491676,457705,"54.2561","null","null","null","null","null","null","null",23,"1","4-Seam Fastball",1,2,2,1,2,1,2,1,"Standard","Standard"
"FF","2018-05-19","91.3","-1.6648","6.0803","Chris Stratton",571448,608717,"null","called_strike",,,,,"9","null","R","R","R","SF","COL","S","null","null",1,0,2018,"-0.3466","1.0968","0.5542","1.9845","null","null","null",1,3,"Top","null","null",,,457763,,"180519_205535","6.2792","-132.7422","-6.7810","-5.2358","24.1677","-18.1871","3.4211","1.5902","null","null","null","91.3000","2615","6.0020",530081,608717,457763,474832,622497,446334,543063,453923,491676,457705,"54.4950","null","null","null","null","null","null","null",22,"2","4-Seam Fastball",1,2,2,1,2,1,2,1,"Infield shift","Standard"
"CU","2018-05-19","77.8","-1.3662","6.2101","Chris Stratton",571448,608717,"null","ball",,,,,"14","null","R","R","R","SF","COL","B","null","null",0,0,2018,"0.8796","-1.0244","1.0586","0.1742","null","null","null",1,3,"Top","null","null",,,457763,,"180519_205517","3.5858","-113.1517","-4.1840","6.7747","19.8986","-40.3021","3.4254","1.5791","null","null","null","77.0470","3078","5.6950",530081,608717,457763,474832,622497,446334,543063,453923,491676,457705,"54.8022","null","null","null","null","null","null","null",22,"1","Curveball",1,2,2,1,2,1,2,1,"Infield shift","Standard"
"SL","2018-05-19","89.7","-2.1434","5.8304","Jon Gray",453923,592351,"null","called_strike",,,,,"11","null","R","L","R","SF","COL","S","null","null",2,1,2018,"-0.2744","0.6336","-0.4918","3.1335","491676.00","null","null",2,2,"Bot","null","null",,,547172,,"180519_205140","4.6550","-130.6256","-2.0682","-4.0370","25.0365","-24.7178","2.9796","1.5441","null","null","null","89.9530","2031","6.2000",530081,592351,547172,435622,593495,571448,596115,467827,453568,621311,"54.2978","null","null","null","null","null","null","null",20,"4","Slider",1,2,1,2,2,1,1,2,"Standard","Standard"
"FF","2018-05-19","95.6","-2.3027","5.6917","Jon Gray",453923,592351,"null","ball",,,,,"12","null","R","L","R","SF","COL","B","null","null",1,1,2018,"-1.0283","1.2473","0.3975","4.6133","491676.00","null","null",2,2,"Bot","null","null",,,547172,,"180519_205120","9.3879","-138.8785","0.0131","-15.3629","31.7986","-16.3760","2.9612","1.5612","null","null","null","95.2050","2137","6.2020",530081,592351,547172,435622,593495,571448,596115,467827,453568,621311,"54.2951","null","null","null","null","null","null","null",20,"3","4-Seam Fastball",1,2,1,2,2,1,1,2,"Standard","Standard"
"SL","2018-05-19","89.9","-2.0884","5.9723","Jon Gray",453923,592351,"null","called_strike",,,,,"4","null","R","L","R","SF","COL","S","null","null",1,0,2018,"-0.1026","1.0817","-0.7655","2.4439","491676.00","null","null",2,2,"Bot","null","null",,,547172,,"180519_205057","3.4890","-130.9526","-5.1067","-1.8396","24.6646","-18.9515","2.9934","1.5501","null","null","null","90.1800","2175","6.1610",530081,592351,547172,435622,593495,571448,596115,467827,453568,621311,"54.3363","null","null","null","null","null","null","null",20,"2","Slider",1,2,1,2,2,1,1,2,"Standard","Standard"
"FF","2018-05-19","95.8","-2.2187","5.7527","Jon Gray",453923,592351,"null","ball",,,,,"13","null","R","L","R","SF","COL","B","null","null",0,0,2018,"-1.0894","0.9589","-1.1347","2.2516","491676.00","null","null",2,2,"Bot","null","null",,,547172,,"180519_205038","5.2765","-139.3814","-5.7945","-15.2513","29.2026","-18.7201","2.9723","1.5390","null","null","null","95.7280","2100","6.1030",530081,592351,547172,435622,593495,571448,596115,467827,453568,621311,"54.3947","null","null","null","null","null","null","null",20,"1","4-Seam Fastball",1,2,1,2,2,1,1,2,"Standard","Standard"
"FF","2018-05-19","96.5","-2.3292","5.6316","Jon Gray",491676,592351,"null","ball",,,,,"12","null","R","R","R","SF","COL","B","null","null",0,1,2018,"-1.0669","1.0345","1.9082","2.5332","null","null","622497.00",1,2,"Bot","null","null",,,547172,,"180519_204703","13.6765","-139.9864","-5.0447","-16.8888","27.9260","-17.6250","3.3271","1.5232","null","null","null","96.8180","2102","6.3800",530081,592351,547172,435622,593495,571448,596115,467827,453568,621311,"54.1173","null","null","null","null","null","null","null",18,"2","4-Seam Fastball",0,2,0,2,2,0,0,2,"Standard","Standard"
"FF","2018-05-19","96.1","-2.3200","5.6520","Jon Gray",491676,592351,"null","called_strike",,,,,"6","null","R","R","R","SF","COL","S","null","null",0,0,2018,"-0.8488","1.0637","0.4427","2.2987","null","null","622497.00",1,2,"Bot","null","null",,,547172,,"180519_204638","9.2590","-139.6609","-5.7615","-13.0819","27.7904","-17.1274","3.4292","1.5010","null","null","null","96.7070","2011","6.4440",530081,592351,547172,435622,593495,571448,596115,467827,453568,621311,"54.0532","null","null","null","null","null","null","null",18,"1","4-Seam Fastball",0,2,0,2,2,0,0,2,"Standard","Standard"
"SL","2018-05-19","90.4","-2.2648","6.0076","Jon Gray",622497,592351,"null","ball",,,,,"13","null","R","L","R","SF","COL","B","null","null",0,1,2018,"-0.3208","0.7310","-1.2192","1.8484","null","null","543063.00",0,2,"Bot","null","null",,,547172,,"180519_204528","3.2938","-131.6256","-6.0728","-4.3691","24.0048","-22.6632","3.3677","1.5757","null","null","null","91.0880","2023","6.3580",530081,592351,547172,435622,593495,571448,596115,467827,453568,621311,"54.1396","null","null","null","null","null","null","null",17,"2","Slider",0,2,0,2,2,0,0,2,"Standard","Standard"
"SL","2018-05-19","88.3","-2.0854","5.9258","Jon Gray",622497,592351,"null","called_strike",,,,,"4","null","R","L","R","SF","COL","S","null","null",0,0,2018,"-0.3277","0.6573","-0.7574","2.5015","null","null","543063.00",0,2,"Bot","null","null",,,547172,,"180519_204505","3.9092","-128.7278","-3.7650","-4.3079","20.4007","-24.3500","3.1788","1.5980","null","null","null","89.1750","2035","6.2070",530081,592351,547172,435622,593495,571448,596115,467827,453568,621311,"54.2909","null","null","null","null","null","null","null",17,"1","Slider",0,2,0,2,2,0,0,2,"Standard","Standard"
"SL","2018-05-19","89.3","-2.2199","5.9524","Jon Gray",543063,592351,"null","ball",,,,,"11","null","R","L","R","SF","COL","B","null","null",0,0,2018,"-0.0858","0.6545","-1.3026","3.2205","null","null","null",0,2,"Bot","null","null",,,547172,,"180519_204347","2.4318","-130.1833","-2.1831","-1.4050","22.8309","-24.5157","3.3229","1.5290","null","null","null","89.7480","1875","6.0970",530081,592351,547172,435622,593495,571448,596115,467827,453568,621311,"54.4006","null","null","null","null","null","null","null",16,"1","Slider",0,2,0,2,2,0,0,2,"Standard","Standard"
"FF","2018-05-19","92.0","-1.7142","6.1326","Chris Stratton",592351,608717,"walk","ball",,,,,"12","Jon Gray walks.  ","R","R","R","SF","COL","B","null","null",3,2,2018,"-0.3588","1.2934","0.1592","3.7149","null","null","null",2,2,"Top","null","null",,,457763,,"180519_203917","5.4978","-133.9974","-3.1609","-5.3016","23.5390","-16.1767","3.4565","1.5501","null","null","null","92.3800","2586","6.0500",530081,608717,457763,474832,622497,446334,543063,453923,491676,457705,"54.4476","null","null","0.70",1,0,0,"null",14,"8","4-Seam Fastball",0,2,2,0,2,0,2,0,"Strategic","Standard"
"FT","2018-05-19","89.5","-1.5034","6.1078","Chris Stratton",592351,608717,"null","ball",,,,,"13","null","R","R","R","SF","COL","B","null","null",2,2,2018,"-0.6697","0.8296","-0.1003","0.6796","null","null","null",2,2,"Top","null","null",,,457763,,"180519_203819","4.8465","-130.1214","-9.1596","-8.5178","23.7887","-21.2400","3.3454","1.5279","null","null","null","89.7020","2346","6.1730",530081,608717,457763,474832,622497,446334,543063,453923,491676,457705,"54.3240","null","null","null","null","null","null","null",14,"5","2-Seam Fastball",0,2,2,0,2,0,2,0,"Standard","Standard"
"CU","2018-05-19","75.7","-1.4212","6.2005","Chris Stratton",592351,608717,"null","ball",,,,,"2","null","R","R","R","SF","COL","B","null","null",1,1,2018,"1.5152","-0.8108","0.0027","3.3628","null","null","null",2,2,"Top","null","null",,,457763,,"180519_203750","0.3455","-110.0694","2.4993","11.9842","18.3071","-39.2718","3.3771","1.5598","null","null","null","74.8580","3134","5.5690",530081,608717,457763,474832,622497,446334,543063,453923,491676,457705,"54.9289","null","null","null","null","null","null","null",14,"3","Curveball",0,2,2,0,2,0,2,0,"Standard","Standard"
"SL","2018-05-19","85.7","-1.6673","6.0911","Chris Stratton",592351,608717,"null","ball",,,,,"14","null","R","R","R","SF","COL","B","null","null",0,1,2018,"0.4747","0.0366","2.1197","0.4519","null","null","null",2,2,"Top","null","null",,,457763,,"180519_203730","7.9281","-124.5458","-7.1344","3.5580","21.1506","-30.7885","3.5787","1.5612","52","52.9","10.9144","85.3970","2913","5.8200",530081,608717,457763,474832,622497,446334,543063,453923,491676,457705,"54.6772","null","null","null","null","null","null","null",14,"2","Slider",0,2,2,0,2,0,2,0,"Standard","Standard"
"FT","2018-05-19","90.9","-1.5661","6.1272","Chris Stratton",592351,608717,"null","called_strike",,,,,"4","null","R","R","R","SF","COL","S","null","null",0,0,2018,"-1.1491","1.1851","-0.4855","2.6166","null","null","null",2,2,"Top","null","null",,,457763,,"180519_203717","5.1329","-132.3454","-5.4768","-14.4859","24.1374","-17.3929","3.6564","1.5390","null","null","null","91.2490","2373","6.1450",530081,608717,457763,474832,622497,446334,543063,453923,491676,457705,"54.3521","null","null","null","null","null","null","null",14,"1","2-Seam Fastball",0,2,2,0,2,0,2,0,"Standard","Standard"
"FF","2018-05-19","92.1","-1.6155","6.0635","Chris Stratton",593495,608717,"null","ball",,,,,"14","null","R","R","R","SF","COL","B","null","null",0,0,2018,"-0.1900","1.1762","1.3532","0.7958","435622.00","null","547172.00",0,2,"Top","null","null",,,457763,,"180519_203615","7.9150","-133.6551","-10.0412","-3.8789","27.0443","-16.2528","3.1293","1.4285","null","null","null","91.9720","2425","6.2240",530081,608717,457763,474832,622497,446334,543063,453923,491676,457705,"54.2738","null","null","null","null","null","null","null",13,"1","4-Seam Fastball",0,1,1,0,1,0,1,0,"Standard","Standard"
"FF","2018-05-19","90.2","-1.8005","6.0888","Chris Stratton",547172,608717,"null","ball",,,,,"11","null","R","L","R","SF","COL","B","null","null",1,1,2018,"-0.1441","1.0369","-1.4911","2.5298","null","null","435622.00",0,2,"Top","null","null",,,457763,,"180519_203430","1.0690","-131.3434","-5.1297","-1.8687","24.7950","-19.4154","3.2336","1.4909","null","null","null","90.3570","2506","6.1040",530081,608717,457763,474832,622497,446334,543063,453923,491676,457705,"54.3939","null","null","null","null","null","null","null",12,"3","4-Seam Fastball",0,1,1,0,1,0,1,0,"Standard","Standard"
"FF","2018-05-19","90.5","-1.8087","6.1184","Chris Stratton",547172,608717,"null","ball",,,,,"11","null","R","L","R","SF","COL","B","null","null",0,0,2018,"-0.5046","1.1606","-2.0291","2.7211","null","null","435622.00",0,2,"Top","null","null",,,457763,,"180519_203331","0.5079","-131.8802","-5.0911","-5.9944","22.4041","-17.9033","3.2225","1.5132","null","null","null","90.9410","2439","6.0310",530081,608717,457763,474832,622497,446334,543063,453923,491676,457705,"54.4660","null","null","null","null","null","null","null",12,"1","4-Seam Fastball",0,1,1,0,1,0,1,0,"Standard","Standard"
"FF","2018-05-19","90.9","-1.5017","6.1683","Chris Stratton",435622,608717,"walk","ball",,,,,"11","Ian Desmond walks.  ","R","R","R","SF","COL","B","null","null",3,2,2018,"-0.3076","1.2166","-1.1725","2.8972","null","null","null",0,2,"Top","null","null",,,457763,,"180519_203239","1.4747","-132.4922","-4.9708","-3.9018","23.6097","-17.0850","3.4244","1.4988","null","null","null","91.4010","2492","6.1310",530081,608717,457763,474832,622497,446334,543063,453923,491676,457705,"54.3665","null","null","0.70",1,0,0,"null",11,"6","4-Seam Fastball",0,1,1,0,1,0,1,0,"Standard","Standard"
"CU","2018-05-19","75.7","-1.5284","6.2933","Chris Stratton",435622,608717,"null","ball",,,,,"11","null","R","R","R","SF","COL","B","null","null",2,2,2018,"1.4767","-1.1435","-1.2086","3.4787","null","null","null",0,2,"Top","null","null",,,457763,,"180519_203221","-1.8646","-109.9032","3.2444","11.9310","21.3158","-42.0403","3.4244","1.5099","null","null","null","74.2800","2969","5.5740",530081,608717,457763,474832,622497,446334,543063,453923,491676,457705,"54.9236","null","null","null","null","null","null","null",11,"5","Curveball",0,1,1,0,1,0,1,0,"Standard","Standard"
"CU","2018-05-19","76.6","-1.5723","6.3046","Chris Stratton",435622,608717,"null","ball",,,,,"11","null","R","R","R","SF","COL","B","null","null",1,1,2018,"1.6103","-0.8661","-1.1953","3.8258","null","null","null",0,2,"Top","null","null",,,457763,,"180519_203138","-1.9599","-111.3170","3.2340","13.2594","20.3029","-39.9758","3.4022","1.5099","null","null","null","75.1250","3119","5.3130",530081,608717,457763,474832,622497,446334,543063,453923,491676,457705,"55.1845","null","null","null","null","null","null","null",11,"3","Curveball",0,1,1,0,1,0,1,0,"Standard","Standard"
"FF","2018-05-19","90.3","-1.6394","6.2510","Chris Stratton",435622,608717,"null","ball",,,,,"11","null","R","R","R","SF","COL","B","null","null",0,1,2018,"-0.1016","0.9785","-0.9208","2.6253","null","null","null",0,2,"Top","null","null",,,457763,,"180519_203123","2.0014","-131.5732","-5.2528","-1.5371","22.9122","-19.9933","3.4466","1.5655","null","null","null","90.9080","2468","6.1870",530081,608717,457763,474832,622497,446334,543063,453923,491676,457705,"54.3100","null","null","null","null","null","null","null",11,"2","4-Seam Fastball",0,1,1,0,1,0,1,0,"Standard","Standard"
"SL","2018-05-19","90.5","-2.0073","6.1113","Jon Gray",446334,592351,"null","ball",,,,,"14","null","R","R","R","SF","COL","B","null","null",0,2,2018,"0.1004","0.6500","2.1416","1.9098","457763.00","null","474832.00",2,1,"Bot","null","null",,,547172,,"180519_202740","10.1346","-131.4482","-5.9827","-0.6802","24.0834","-23.6444","3.7103","1.7309","null","null","null","90.9840","2006","6.3800",530081,592351,547172,435622,593495,571448,596115,467827,453568,621311,"54.1170","null","null","null","null","null","null","null",10,"4","Slider",0,1,0,1,1,0,0,1,"Standard","Standard"
"CU","2018-05-19","81.0","-1.9980","5.9979","Jon Gray",446334,592351,"null","called_strike",,,,,"6","null","R","R","R","SF","COL","S","null","null",0,1,2018,"0.6521","-0.5385","0.4997","2.6231","457763.00","null","474832.00",2,1,"Bot","null","null",,,547172,,"180519_202643","4.3417","-118.0168","0.0007","5.4461","18.8732","-37.4303","3.6082","1.7420","null","null","null","81.5550","2302","6.2390",530081,592351,547172,435622,593495,571448,596115,467827,453568,621311,"54.2588","null","null","null","null","null","null","null",10,"2","Curveball",0,1,0,1,1,0,0,1,"Standard","Standard"
"FF","2018-05-19","94.9","-2.3403","5.7678","Jon Gray",474832,592351,"null","ball",,,,,"13","null","R","L","R","SF","COL","B","null","null",1,1,2018,"-1.0937","1.0643","-1.4317","1.6759","null","null","457763.00",2,1,"Bot","null","null",,,547172,,"180519_202306","4.8094","-138.0013","-7.4417","-15.0068","28.3707","-17.2043","3.2171","1.5469","null","null","null","95.1210","1791","6.2820",530081,592351,547172,435622,593495,571448,596115,467827,453568,621311,"54.2154","null","null","null","null","null","null","null",9,"3","4-Seam Fastball",0,1,0,1,1,0,0,1,"Infield shift","Standard"
"FF","2018-05-19","95.2","-2.3436","5.7494","Jon Gray",474832,592351,"null","called_strike",,,,,"11","null","R","L","R","SF","COL","S","null","null",1,0,2018,"-0.7452","1.0630","-0.8372","2.9763","null","null","457763.00",2,1,"Bot","null","null",,,547172,,"180519_202244","5.5669","-138.5108","-3.9958","-10.6786","28.9555","-17.9856","3.1172","1.4136","null","null","null","94.9110","1886","5.9840",530081,592351,547172,435622,593495,571448,596115,467827,453568,621311,"54.5137","null","null","null","null","null","null","null",9,"2","4-Seam Fastball",0,1,0,1,1,0,0,1,"Infield shift","Standard"
"FF","2018-05-19","95.0","-2.3586","5.7892","Jon Gray",474832,592351,"null","ball",,,,,"11","null","R","L","R","SF","COL","B","null","null",0,0,2018,"-0.8995","0.9536","-0.1826","3.7660","null","null","457763.00",2,1,"Bot","null","null",,,547172,,"180519_202223","7.7058","-138.2513","-1.8521","-13.0998","26.1073","-19.6642","3.2060","1.5802","null","null","null","95.6210","1762","6.3010",530081,592351,547172,435622,593495,571448,596115,467827,453568,621311,"54.1962","null","null","null","null","null","null","null",9,"1","4-Seam Fastball",0,1,0,1,1,0,0,1,"Infield shift","Standard"
"FF","2018-05-19","96.1","-2.1083","5.9270","Jon Gray",457763,592351,"null","called_strike",,,,,"6","null","R","R","R","SF","COL","S","null","null",0,1,2018,"-0.7839","1.0035","0.6347","2.4722","null","null","null",2,1,"Bot","null","null",,,547172,,"180519_202129","9.0444","-139.7339","-5.9193","-12.0835","25.8291","-17.9273","3.4926","1.6104","null","null","null","96.8690","1821","6.3690",530081,592351,547172,435622,593495,571448,596115,467827,453568,621311,"54.1286","null","null","null","null","null","null","null",8,"2","4-Seam Fastball",0,1,0,1,1,0,0,1,"Standard","Standard"
"FF","2018-05-19","95.6","-2.1781","5.8758","Jon Gray",457763,592351,"null","called_strike",,,,,"3","null","R","R","R","SF","COL","S","null","null",0,0,2018,"-0.7194","1.2511","0.4414","2.9163","null","null","null",2,1,"Bot","null","null",,,547172,,"180519_202112","8.4270","-138.9369","-4.9603","-10.9280","27.5062","-15.2963","3.4926","1.6104","null","null","null","95.3140","2042","5.9320",530081,592351,547172,435622,593495,571448,596115,467827,453568,621311,"54.5653","null","null","null","null","null","null","null",8,"1","4-Seam Fastball",0,1,0,1,1,0,0,1,"Standard","Standard"
"FF","2018-05-19","95.3","-2.2868","5.8548","Jon Gray",457705,592351,"null","ball",,,,,"14","null","R","R","R","SF","COL","B","null","null",2,1,2018,"-0.4314","1.2103","1.2946","2.2176","null","null","null",1,1,"Bot","null","null",,,547172,,"180519_202021","10.3245","-138.3454","-6.5979","-7.6810","28.7561","-15.4814","3.4349","1.6305","null","null","null","95.1600","2016","6.1850",530081,592351,547172,435622,593495,571448,596115,467827,453568,621311,"54.3122","null","null","null","null","null","null","null",7,"4","4-Seam Fastball",0,1,0,1,1,0,0,1,"Standard","Standard"
"FF","2018-05-19","95.6","-2.3401","5.8722","Jon Gray",457705,592351,"null","ball",,,,,"14","null","R","R","R","SF","COL","B","null","null",1,1,2018,"-0.6362","1.1483","1.0187","2.5113","null","null","null",1,1,"Bot","null","null",,,547172,,"180519_201952","10.2802","-138.9640","-5.8816","-10.3008","26.6678","-16.1982","3.4460","1.6193","null","null","null","96.1520","2021","6.3440",530081,592351,547172,435622,593495,571448,596115,467827,453568,621311,"54.1538","null","null","null","null","null","null","null",7,"3","4-Seam Fastball",0,1,0,1,1,0,0,1,"Standard","Standard"
"CU","2018-05-19","81.5","-2.0647","6.0777","Jon Gray",457705,592351,"null","ball",,,,,"14","null","R","R","R","SF","COL","B","null","null",0,0,2018,"0.8354","-0.3147","1.4724","2.3701","null","null","null",1,1,"Bot","null","null",,,547172,,"180519_201919","6.3544","-118.7236","-1.2402","6.9153","19.5067","-35.1565","3.3460","1.6416","null","null","null","82.0270","2375","6.2670",530081,592351,547172,435622,593495,571448,596115,467827,453568,621311,"54.2300","null","null","null","null","null","null","null",7,"1","Curveball",0,1,0,1,1,0,0,1,"Standard","Standard"
"FF","2018-05-19","93.5","-2.1772","5.8648","Jon Gray",453923,592351,"strikeout","called_strike",,,,,"1","Gregor Blanco called out on strikes.  ","R","L","R","SF","COL","S",2,"null",3,2,2018,"-0.7550","1.2439","-0.7157","2.9947","null","null","null",0,1,"Bot","null","null",,,547172,,"180519_201847","5.4086","-135.9927","-4.3652","-10.5013","29.6466","-16.0856","3.0157","1.5501","null","null","null","93.3310","1832","6.2000",530081,592351,547172,435622,593495,571448,596115,467827,453568,621311,"54.2972","null","null","0.00",1,0,0,"null",6,"6","4-Seam Fastball",0,1,0,1,1,0,0,1,"Standard","Standard"
"FF","2018-05-19","94.7","-2.3563","5.9440","Jon Gray",453923,592351,"null","ball",,,,,"12","null","R","L","R","SF","COL","B","null","null",2,2,2018,"-0.8818","1.1035","0.5223","3.5984","null","null","null",0,1,"Bot","null","null",,,547172,,"180519_201832","9.3977","-137.6474","-2.8844","-13.0917","28.7360","-17.8608","3.0056","1.5390","null","null","null","94.3710","1937","6.0240",530081,592351,547172,435622,593495,571448,596115,467827,453568,621311,"54.4733","null","null","null","null","null","null","null",6,"5","4-Seam Fastball",0,1,0,1,1,0,0,1,"Standard","Strategic"
"FF","2018-05-19","94.4","-2.1672","5.8413","Jon Gray",453923,592351,"null","ball",,,,,"11","null","R","L","R","SF","COL","B","null","null",1,2,2018,"-0.7778","0.9876","-0.1908","3.4996","null","null","null",0,1,"Bot","null","null",,,547172,,"180519_201817","6.8507","-137.3865","-2.6471","-11.2228","26.7869","-19.3002","2.9723","1.5279","null","null","null","94.7350","1955","6.2070",530081,592351,547172,435622,593495,571448,596115,467827,453568,621311,"54.2899","null","null","null","null","null","null","null",6,"4","4-Seam Fastball",0,1,0,1,1,0,0,1,"Standard","Standard"
"FF","2018-05-19","93.5","-2.3343","5.9486","Jon Gray",453923,592351,"null","called_strike",,,,,"6","null","R","L","R","SF","COL","S","null","null",1,0,2018,"-0.5958","1.2884","0.8029","2.1622","null","null","null",0,1,"Bot","null","null",,,547172,,"180519_201743","9.3769","-135.8257","-6.8870","-9.1963","25.4785","-14.9848","3.1379","1.5390","null","null","null","93.8950","2047","6.2940",530081,592351,547172,435622,593495,571448,596115,467827,453568,621311,"54.2039","null","null","null","null","null","null","null",6,"2","4-Seam Fastball",0,1,0,1,1,0,0,1,"Standard","Standard"
"FF","2018-05-19","94.5","-2.2419","5.9976","Jon Gray",453923,592351,"null","ball",,,,,"12","null","R","L","R","SF","COL","B","null","null",0,0,2018,"-0.8824","1.1148","0.1328","3.5408","null","null","null",0,1,"Bot","null","null",,,547172,,"180519_201730","8.1077","-137.4178","-3.2254","-12.7810","26.6720","-17.5857","3.1945","1.5612","null","null","null","94.6940","1994","6.1620",530081,592351,547172,435622,593495,571448,596115,467827,453568,621311,"54.3358","null","null","null","null","null","null","null",6,"1","4-Seam Fastball",0,1,0,1,1,0,0,1,"Standard","Standard"
"CH","2018-05-19","84.3","-1.5430","6.1249","Chris Stratton",596115,608717,"null","ball",,,,,"13","null","R","R","R","SF","COL","B","null","null",0,2,2018,"-1.0028","0.4094","-0.0691","0.9959","null","null","571448.00",2,1,"Top","null","null",,,457763,,"180519_201330","5.4350","-122.7219","-6.5299","-11.1619","18.3608","-27.1305","3.5259","1.6226","null","null","null","85.4100","1787","6.4430",530081,608717,457763,474832,622497,446334,543063,453923,491676,457705,"54.0542","null","null","null","null","null","null","null",5,"4","Changeup",0,1,1,0,1,0,1,0,"Standard","Standard"
"FF","2018-05-19","90.2","-1.6458","6.2102","Chris Stratton",596115,608717,"null","called_strike",,,,,"7","null","R","R","R","SF","COL","S","null","null",0,0,2018,"-0.0666","1.0699","-0.7189","2.1999","null","null","571448.00",2,1,"Top","null","null",,,457763,,"180519_201211","2.4412","-131.4808","-6.4165","-1.1672","20.8423","-18.7830","3.5239","1.6090","null","null","null","91.0170","2495","6.1330",530081,608717,457763,474832,622497,446334,543063,453923,491676,457705,"54.3643","null","null","null","null","null","null","null",5,"1","4-Seam Fastball",0,1,1,0,1,0,1,0,"Standard","Standard"
"SL","2018-05-19","83.5","-1.7745","6.2057","Chris Stratton",571448,608717,"null","ball",,,,,"14","null","R","R","R","SF","COL","B","null","null",0,0,2018,"0.6294","-0.2194","0.2005","0.8862","null","453568.00","null",1,1,"Top","null","null",,,457763,,"180519_200912","3.3069","-121.6194","-5.4667","5.6535","19.2774","-33.6640","3.3921","1.6014","null","null","null","83.2400","2699","5.6390",530081,608717,457763,474832,622497,446334,543063,453923,491676,457705,"54.8587","null","null","null","null","null","null","null",3,"1","Slider",0,0,0,0,0,0,0,0,"Strategic","Strategic"
"CU","2018-05-19","76.7","-1.5964","6.1784","Chris Stratton",621311,608717,"null","ball",,,,,"13","null","R","L","R","SF","COL","B","null","null",0,1,2018,"1.2874","-1.2339","-1.5437","1.4279","null","null","453568.00",0,1,"Top","null","null",,,457763,,"180519_200724","-2.1049","-111.5106","-0.8040","10.7546","21.8725","-42.2128","3.2868","1.4935","null","null","null","75.2090","3111","5.4480",530081,608717,457763,474832,622497,446334,543063,453923,491676,457705,"55.0491","null","null","null","null","null","null","null",2,"2","Curveball",0,0,0,0,0,0,0,0,"Standard","Standard"
"FF","2018-05-19","90.7","-1.7527","6.1412","Chris Stratton",621311,608717,"null","called_strike",,,,,"4","null","R","L","R","SF","COL","S","null","null",0,0,2018,"-0.3134","1.3877","-0.5278","2.5927","null","null","453568.00",0,1,"Top","null","null",,,457763,,"180519_200701","3.7166","-131.9505","-5.9153","-4.3879","25.9668","-15.0249","3.3091","1.5824","null","null","null","90.7510","2450","6.1640",530081,608717,457763,474832,622497,446334,543063,453923,491676,457705,"54.3337","null","null","null","null","null","null","null",2,"1","4-Seam Fastball",0,0,0,0,0,0,0,0,"Standard","Standard"
"CH","2018-05-19","85.9","-1.7536","6.1016","Chris Stratton",453568,608717,"null","called_strike",,,,,"5","null","R","L","R","SF","COL","S","null","null",1,1,2018,"-1.0558","0.3751","0.0525","2.4214","null","null","null",0,1,"Top","null","null",,,457763,,"180519_200608","6.3964","-125.0430","-3.3059","-12.2518","21.4591","-27.8315","3.3422","1.5577","null","null","null","86.3780","2113","6.2420",530081,608717,457763,474832,622497,446334,543063,453923,491676,457705,"54.2556","null","null","null","null","null","null","null",1,"3","Changeup",0,0,0,0,0,0,0,0,"Infield shift","Standard"
"FC","2018-05-19","91.4","-1.7034","6.1882","Chris Stratton",453568,608717,"null","called_strike",,,,,"1","null","R","L","R","SF","COL","S","null","null",1,0,2018,"0.1094","1.2601","-0.3092","3.1508","null","null","null",0,1,"Top","null","null",,,457763,,"180519_200553","3.2559","-133.0764","-4.4720","0.6691","25.2887","-16.7067","3.3255","1.5547","null","null","null","91.1330","2484","5.8390",530081,608717,457763,474832,622497,446334,543063,453923,491676,457705,"54.6584","null","null","null","null","null","null","null",1,"2","Cutter",0,0,0,0,0,0,0,0,"Infield shift","Standard"
"FF","2018-05-19","91.3","-1.8559","6.1585","Chris Stratton",453568,608717,"null","ball",,,,,"1","null","R","L","R","SF","COL","B","null","null",0,0,2018,"-0.2786","1.3048","-0.5829","3.2682","null","null","null",0,1,"Top","null","null",,,457763,,"180519_200539","3.7640","-132.8994","-4.1524","-4.0243","26.9677","-16.2873","3.1711","1.5103","null","null","null","90.8570","2488","5.8810",530081,608717,457763,474832,622497,446334,543063,453923,491676,457705,"54.6167","null","null","null","null","null","null","null",1,"1","4-Seam Fastball",0,0,0,0,0,0,0,0,"Infield shift","Standard"