"pitch_type","game_date","release_speed","release_pos_x","release_pos_z","player_name","batter","pitcher","events","description","spin_dir","spin_rate_deprecated","break_angle_deprecated","break_length_deprecated","zone","des","game_type","stand","p_throws","home_team","away_team","type","hit_location","bb_type","balls","strikes","game_year","pfx_x","pfx_z","plate_x","plate_z","on_3b","on_2b","on_1b","outs_when_up","inning","inning_topbot","hc_x","hc_y","tfs_deprecated","tfs_zulu_deprecated","pos2_person_id","umpire","sv_id","vx0","vy0","vz0","ax","ay","az","sz_top","sz_bot","hit_distance_sc","launch_speed","launch_angle","effective_speed","release_spin_rate","release_extension","game_pk","pos1_person_id","pos2_person_id","pos3_person_id","pos4_person_id","pos5_person_id","pos6_person_id","pos7_person_id","pos8_person_id","pos9_person_id","release_pos_y","estimated_ba_using_speedangle","estimated_woba_using_speedangle","woba_value","woba_denom","babip_value","iso_value","launch_speed_angle","at_bat_number","pitch_number","pitch_name","home_score","away_score","bat_score","fld_score","post_away_score","post_home_score","post_bat_score","post_fld_score","if_fielding_alignment","of_fielding_alignment"
"FF","2018-07-06","93.6","1.9263","6.3695","Will Smith",576397,519293,"null","called_strike",,,,,"12","null","R","R","L","SF","STL","S","null","null",1,1,2018,"0.7121","1.1644","0.9195","2.7336","null","null","null",2,9,"Top","null","null",,,457763,,"180707_044122","-4.0965","-136.0828","-6.1110","9.5778","28.9090","-16.8711","3.1191","1.4742","null","null","null","92.8630","2118","5.8260",530728,519293,457763,474832,593700,467055,543063,596103,491676,457705,"54.6715","null","null","null","null","null","null","null",67,"3","4-Seam Fastball",3,2,2,3,2,3,2,3,"Standard","Standard"
"FF","2018-07-06","93.3","1.7896","6.3844","Will Smith",576397,519293,"null","ball",,,,,"14","null","R","R","L","SF","STL","B","null","null",0,1,2018,"0.4440","1.3376","1.1649","1.5238","null","null","null",2,9,"Top","null","null",,,457763,,"180707_044102","-2.5318","-135.5866","-9.5429","5.9076","27.2628","-14.2179","3.0679","1.4412","null","null","null","92.6070","2041","5.7680",530728,519293,457763,474832,593700,467055,543063,596103,491676,457705,"54.7295","null","null","null","null","null","null","null",67,"2","4-Seam Fastball",3,2,2,3,2,3,2,3,"Standard","Standard"
"CU","2018-07-06","77.2","1.7451","6.5939","Will Smith",576397,519293,"null","called_strike",,,,,"3","null","R","R","L","SF","STL","S","null","null",0,0,2018,"-0.7424","-0.1637","0.6209","3.1958","null","null","null",2,9,"Top","null","null",,,457763,,"180707_044043","-1.0743","-112.3540","-0.0390","-5.9179","19.2001","-33.7631","3.1570","1.5121","null","null","null","76.1100","1864","5.3610",530728,519293,457763,474832,593700,467055,543063,596103,491676,457705,"55.1364","null","null","null","null","null","null","null",67,"1","Curveball",3,2,2,3,2,3,2,3,"Standard","Standard"
"SL","2018-07-06","78.3","1.9724","6.4918","Will Smith",542303,519293,"null","called_strike",,,,,"9","null","R","R","L","SF","STL","S","null","null",0,1,2018,"-1.1568","-0.4486","0.8081","1.9404","null","null","null",1,9,"Top","null","null",,,457763,,"180707_043944","-0.4539","-113.8927","-2.1780","-9.6856","19.5619","-35.8360","3.6134","1.8429","null","null","null","77.1320","1482","5.3280",530728,519293,457763,474832,593700,467055,543063,596103,491676,457705,"55.1694","null","null","null","null","null","null","null",66,"2","Slider",3,2,2,3,2,3,2,3,"Standard","Standard"
"FF","2018-07-06","93.1","1.8505","6.4613","Will Smith",542303,519293,"null","called_strike",,,,,"3","null","R","R","L","SF","STL","S","null","null",0,0,2018,"0.5561","1.1702","0.3345","3.1392","null","null","null",1,9,"Top","null","null",,,457763,,"180707_043926","-5.0367","-135.4145","-5.2481","7.7814","27.9729","-17.1345","3.4995","1.7290","null","null","null","92.4620","1997","5.8100",530728,519293,457763,474832,593700,467055,543063,596103,491676,457705,"54.6873","null","null","null","null","null","null","null",66,"1","4-Seam Fastball",3,2,2,3,2,3,2,3,"Standard","Standard"
"CU","2018-07-06","77.8","1.9063","6.5374","Will Smith",425877,519293,"null","called_strike",,,,,"12","null","R","R","L","SF","STL","S","null","null",0,0,2018,"-0.5405","-0.5011","0.8397","3.0289","null","null","null",0,9,"Top","null","null",,,457763,,"180707_043830","-1.3126","-113.2262","0.1980","-4.2728","19.3630","-36.6310","3.3232","1.5872","null","null","null","76.5810","1758","5.2590",530728,519293,457763,474832,593700,467055,543063,596103,491676,457705,"55.2387","null","null","null","null","null","null","null",65,"1","Curveball",3,2,2,3,2,3,2,3,"Standard","Standard"
"SL","2018-07-06","88.6","-1.6458","5.6230","Sam Tuivailala",596103,592815,"null","ball",,,,,"12","null","R","R","R","SF","STL","B","null","null",0,1,2018,"0.3172","0.4881","1.1023","3.0625","null","null","null",1,8,"Bot","null","null",,,425877,,"180707_043424","6.0144","-128.9458","-1.2271","2.3343","24.9308","-26.7787","3.4277","1.6610","null","null","null","88.1890","2023","5.8650",530728,592815,425877,572761,543939,576397,657557,542303,502054,664056,"54.6326","null","null","null","null","null","null","null",63,"2","Slider",3,2,3,2,2,3,3,2,"Standard","Standard"
"FF","2018-07-06","95.4","-1.7629","5.6899","Sam Tuivailala",596103,592815,"null","called_strike",,,,,"4","null","R","R","R","SF","STL","S","null","null",0,0,2018,"-0.7785","1.3319","-0.3693","2.4150","null","null","null",1,8,"Bot","null","null",,,425877,,"180707_043405","5.3160","-138.7169","-5.8668","-11.0085","29.3945","-14.2566","3.3708","1.6420","null","null","null","94.6160","2319","5.7530",530728,592815,425877,572761,543939,576397,657557,542303,502054,664056,"54.7440","null","null","null","null","null","null","null",63,"1","4-Seam Fastball",3,2,3,2,2,3,3,2,"Standard","Standard"
"FT","2018-07-06","94.9","-1.7262","5.6010","Sam Tuivailala",467055,592815,"null","ball",,,,,"11","null","R","L","R","SF","STL","B","null","null",2,1,2018,"-1.4699","0.6515","-1.3764","2.9162","null","null","null",0,8,"Bot","null","null",,,425877,,"180707_043312","4.1077","-138.1637","-2.8203","-19.4598","28.5121","-23.5643","3.2945","1.5259","null","null","null","94.5150","2275","5.8690",530728,592815,425877,572761,543939,576397,657557,542303,502054,664056,"54.6284","null","null","null","null","null","null","null",62,"4","2-Seam Fastball",3,2,3,2,2,3,3,2,"Standard","Strategic"
"FT","2018-07-06","96.3","-1.8429","5.5712","Sam Tuivailala",467055,592815,"null","ball",,,,,"13","null","R","L","R","SF","STL","B","null","null",1,1,2018,"-1.5381","0.9097","-1.7871","1.9689","null","null","null",0,8,"Bot","null","null",,,425877,,"180707_043241","3.5426","-140.0670","-5.9690","-20.7176","30.9598","-19.2991","3.1427","1.5069","null","null","null","95.6040","2338","5.8630",530728,592815,425877,572761,543939,576397,657557,542303,502054,664056,"54.6347","null","null","null","null","null","null","null",62,"3","2-Seam Fastball",3,2,3,2,2,3,3,2,"Standard","Strategic"
"FT","2018-07-06","95.6","-1.9576","5.6490","Sam Tuivailala",467055,592815,"null","called_strike",,,,,"7","null","R","L","R","SF","STL","S","null","null",1,0,2018,"-1.4218","1.0257","-0.7728","1.8829","null","null","null",0,8,"Bot","null","null",,,425877,,"180707_043223","6.2502","-138.9179","-6.5520","-19.6154","30.2201","-17.8022","3.1717","1.6018","null","null","null","95.1730","2341","6.0520",530728,592815,425877,572761,543939,576397,657557,542303,502054,664056,"54.4452","null","null","null","null","null","null","null",62,"2","2-Seam Fastball",3,2,3,2,2,3,3,2,"Standard","Standard"
"SL","2018-07-06","89.3","-1.7795","5.7158","Sam Tuivailala",467055,592815,"null","ball",,,,,"14","null","R","L","R","SF","STL","B","null","null",0,0,2018,"0.1286","0.5776","2.4542","1.7350","null","null","null",0,8,"Bot","null","null",,,425877,,"180707_043158","10.0376","-129.8139","-5.0265","-0.1877","21.1107","-25.0591","3.0858","1.5069","null","null","null","89.0710","2010","5.7090",530728,592815,425877,572761,543939,576397,657557,542303,502054,664056,"54.7882","null","null","null","null","null","null","null",62,"1","Slider",3,2,3,2,2,3,3,2,"Standard","Standard"
"CH","2018-07-06","85.8","3.5923","5.0715","Tony Watson",502054,453265,"null","ball",,,,,"12","null","R","R","L","SF","STL","B","null","null",0,1,2018,"1.7709","0.7136","1.7531","2.7471","null","null","null",2,8,"Top","null","null",,,457763,,"180707_042830","-7.7353","-124.5419","-0.5812","19.5732","26.2634","-25.0830","3.3000","1.6666","null","null","null","84.4930","2472","5.6850",530728,453265,457763,474832,593700,467055,543063,596103,491676,457705,"54.8123","null","null","null","null","null","null","null",61,"2","Changeup",3,2,2,3,2,3,2,3,"Standard","Standard"
"SI","2018-07-06","92.4","3.5210","5.0987","Tony Watson",572761,453265,"null","called_strike",,,,,"1","null","R","L","L","SF","STL","S","null","null",1,0,2018,"1.2887","1.1131","-0.4476","3.3929","null","null","null",1,8,"Top","null","null",,,457763,,"180707_042712","-12.6554","-133.8604","-0.8316","17.9134","29.2950","-19.1618","3.5564","1.7836","null","null","null","91.0110","2400","5.7240",530728,453265,457763,474832,593700,467055,543063,596103,491676,457705,"54.7737","null","null","null","null","null","null","null",60,"2","Sinker",3,2,2,3,2,3,2,3,"Infield shift","Strategic"
"SL","2018-07-06","85.6","3.5445","5.1133","Tony Watson",572761,453265,"null","ball",,,,,"13","null","R","L","L","SF","STL","B","null","null",0,0,2018,"-0.2115","0.4652","-1.9472","1.1917","null","null","null",1,8,"Top","null","null",,,457763,,"180707_042652","-12.3459","-123.9934","-3.8494","0.0324","21.9271","-26.9833","3.5553","1.7456","null","null","null","84.6950","2387","5.6940",530728,453265,457763,474832,593700,467055,543063,596103,491676,457705,"54.8034","null","null","null","null","null","null","null",60,"1","Slider",3,2,2,3,2,3,2,3,"Infield shift","Strategic"
"SI","2018-07-06","92.7","3.4721","5.0488","Tony Watson",500874,453265,"null","called_strike",,,,,"7","null","R","R","L","SF","STL","S","null","null",1,0,2018,"1.6405","0.6995","-0.3096","2.0740","null","null","null",0,8,"Top","null","null",,,457763,,"180707_042546","-13.1262","-134.3360","-3.2516","22.5603","29.1434","-23.2886","3.7995","1.8560","null","null","null","92.0660","2245","6.1400",530728,453265,457763,474832,593700,467055,543063,596103,491676,457705,"54.3574","null","null","null","null","null","null","null",59,"2","Sinker",3,2,2,3,2,3,2,3,"Standard","Standard"
"CH","2018-07-06","85.0","3.5820","5.1319","Tony Watson",500874,453265,"null","ball",,,,,"14","null","R","R","L","SF","STL","B","null","null",0,0,2018,"1.7038","0.7703","1.0623","2.7203","null","null","null",0,8,"Top","null","null",,,457763,,"180707_042527","-9.0452","-123.2941","-0.7746","18.6801","24.7262","-24.6532","3.9000","1.9509","null","null","null","83.5190","2487","5.5060",530728,453265,457763,474832,593700,467055,543063,596103,491676,457705,"54.9911","null","null","null","null","null","null","null",59,"1","Changeup",3,2,2,3,2,3,2,3,"Standard","Standard"
"FF","2018-07-06","94.6","-2.3582","5.9186","John Brebbia",543063,605154,"null","ball",,,,,"12","null","R","L","R","SF","STL","B","null","null",2,2,2018,"-0.6705","1.3252","0.7360","4.1503","null","457763.00","457705.00",2,7,"Bot","null","null",,,425877,,"180707_042028","9.5366","-137.5554","-1.9078","-10.4529","27.6767","-15.1237","3.1995","1.5359","null","null","null","94.7900","2344","6.2310",530728,605154,425877,572761,543939,576397,657557,542303,502054,664056,"54.2659","null","null","null","null","null","null","null",58,"5","4-Seam Fastball",3,2,3,2,2,3,3,2,"Standard","Standard"
"SL","2018-07-06","85.7","-2.2317","5.8161","John Brebbia",543063,605154,"null","ball",,,,,"14","null","R","L","R","SF","STL","B","null","null",0,1,2018,"0.7424","0.4586","1.1341","2.3550","null","457763.00","457705.00",2,7,"Bot","null","null",,,425877,,"180707_041834","6.4432","-124.7562","-2.9389","6.7598","19.6699","-27.0902","3.2185","1.5169","null","null","null","86.0140","2673","5.9890",530728,605154,425877,572761,543939,576397,657557,542303,502054,664056,"54.5080","null","null","null","null","null","null","null",58,"2","Slider",3,2,3,2,2,3,3,2,"Standard","Standard"
"SL","2018-07-06","87.1","-2.1122","5.9205","John Brebbia",457705,605154,"null","ball",,,,,"14","null","R","R","R","SF","STL","B","null","null",1,2,2018,"0.7948","0.5236","1.3079","1.4452","null","452254.00","457763.00",1,7,"Bot","null","null",,,425877,,"180707_041532","6.5766","-126.8047","-5.7254","7.4876","21.3672","-25.7356","3.4002","1.6452","null","null","null","87.3910","2485","6.0550",530728,605154,425877,572761,543939,576397,657557,542303,502054,664056,"54.4425","null","null","null","null","null","null","null",56,"4","Slider",2,2,2,2,2,2,2,2,"Standard","Standard"
"FF","2018-07-06","96.3","-1.9177","5.9556","John Brebbia",457705,605154,"null","ball",,,,,"14","null","R","R","R","SF","STL","B","null","null",0,1,2018,"-1.2109","1.4331","0.9922","2.4526","null","452254.00","457763.00",1,7,"Bot","null","null",,,425877,,"180707_041431","10.4287","-139.7213","-6.9082","-18.1586","31.3549","-12.1213","3.4761","1.6452","null","null","null","96.0050","2571","6.2700",530728,605154,425877,572761,543939,576397,657557,542303,502054,664056,"54.2270","null","null","null","null","null","null","null",56,"2","4-Seam Fastball",2,2,2,2,2,2,2,2,"Standard","Standard"
"FT","2018-07-06","96.1","-1.9333","6.0251","John Brebbia",457705,605154,"null","called_strike",,,,,"6","null","R","R","R","SF","STL","S","null","null",0,0,2018,"-1.1797","1.2560","0.4060","2.7817","null","452254.00","457763.00",1,7,"Bot","null","null",,,425877,,"180707_041405","8.8613","-139.6458","-5.8180","-17.4275","31.8317","-14.6612","3.5141","1.6073","null","null","null","95.9960","2591","6.3320",530728,605154,425877,572761,543939,576397,657557,542303,502054,664056,"54.1653","null","null","null","null","null","null","null",56,"1","2-Seam Fastball",2,2,2,2,2,2,2,2,"Standard","Standard"
"SL","2018-07-06","87.0","-1.9458","5.8297","John Brebbia",452254,605154,"null","ball",,,,,"14","null","R","R","R","SF","STL","B","null","null",0,0,2018,"0.6380","0.5803","1.7992","1.1359","null","null","null",0,7,"Bot","null","null",,,425877,,"180707_041038","7.6572","-126.5058","-6.3171","5.5550","21.7746","-25.0273","3.4148","1.6954","null","null","null","87.2170","2738","6.1180",530728,605154,425877,572761,543939,576397,657557,542303,502054,664056,"54.3795","null","null","null","null","null","null","null",53,"1","Slider",2,2,2,2,2,2,2,2,"Standard","Standard"
"FF","2018-07-06","97.8","-1.3709","5.2647","Reyes Moronta",664056,606625,"null","called_strike",,,,,"13","null","R","R","R","SF","STL","S","null","null",3,0,2018,"-0.3854","1.4002","-0.8609","2.3136","543939.00","null","null",2,7,"Top","null","null",,,457763,,"180707_040705","2.2612","-142.3865","-5.7038","-5.7448","31.6895","-12.0735","3.3503","1.5878","null","null","null","97.9680","2325","6.2850",530728,606625,457763,474832,593700,467055,543063,596103,491676,457705,"54.2125","null","null","null","null","null","null","null",52,"4","4-Seam Fastball",2,2,2,2,2,2,2,2,"Standard","Standard"
"FF","2018-07-06","96.6","-1.2611","5.3571","Reyes Moronta",664056,606625,"null","ball",,,,,"11","null","R","R","R","SF","STL","B","null","null",2,0,2018,"0.0023","1.3138","-0.2776","3.8272","543939.00","null","null",2,7,"Top","null","null",,,457763,,"180707_040641","2.5983","-140.5360","-1.4364","-0.5801","32.9663","-14.9354","3.1738","1.6018","null","null","null","95.9180","2537","5.9860",530728,606625,457763,474832,593700,467055,543063,596103,491676,457705,"54.5111","null","null","null","null","null","null","null",52,"3","4-Seam Fastball",2,2,2,2,2,2,2,2,"Standard","Standard"
"FF","2018-07-06","97.9","-1.3800","5.3837","Reyes Moronta",664056,606625,"null","ball",,,,,"11","null","R","R","R","SF","STL","B","null","null",1,0,2018,"-0.1717","1.4080","-1.0873","3.1165","543939.00","null","null",2,7,"Top","null","null",,,457763,,"180707_040622","1.1802","-142.4791","-3.8513","-2.5932","32.5128","-12.4654","3.1738","1.6207","null","null","null","97.7040","2444","6.1540",530728,606625,457763,474832,593700,467055,543063,596103,491676,457705,"54.3436","null","null","null","null","null","null","null",52,"2","4-Seam Fastball",2,2,2,2,2,2,2,2,"Standard","Standard"
"FF","2018-07-06","97.4","-1.4521","5.2641","Reyes Moronta",664056,606625,"null","ball",,,,,"11","null","R","R","R","SF","STL","B","null","null",0,0,2018,"-0.5052","1.2077","-0.9423","2.4698","543939.00","null","null",2,7,"Top","null","null",,,457763,,"180707_040558","2.5192","-141.9001","-4.7975","-7.3601","29.6327","-15.0375","3.2307","1.6018","null","null","null","97.7210","2470","6.2080",530728,606625,457763,474832,593700,467055,543063,596103,491676,457705,"54.2893","null","null","null","null","null","null","null",52,"1","4-Seam Fastball",2,2,2,2,2,2,2,2,"Standard","Standard"
"CU","2018-07-06","76.6","-1.0273","6.1400","Dereck Rodriguez",657557,605446,"null","ball",,,,,"14","null","R","R","R","SF","STL","B","null","null",2,1,2018,"0.9394","-0.5426","1.4999","2.4261","null","null","null",2,7,"Top","null","null",,,457763,,"180707_040131","3.6375","-111.3728","0.1235","6.9560","20.0293","-36.8470","3.4415","1.5750","null","null","null","75.5630","2481","5.5780",530728,605446,457763,474832,593700,467055,543063,596103,491676,457705,"54.9194","null","null","null","null","null","null","null",50,"4","Curveball",2,1,1,2,1,2,1,2,"Standard","Standard"
"FC","2018-07-06","84.1","-0.8483","6.1931","Dereck Rodriguez",657557,605446,"null","ball",,,,,"14","null","R","R","R","SF","STL","B","null","null",1,1,2018,"-0.0048","0.6353","1.2724","0.2260","null","null","null",2,7,"Top","null","null",,,457763,,"180707_040109","4.8989","-122.2099","-8.6914","-0.9113","21.5404","-24.4923","3.4474","1.6559","null","null","null","84.0230","2059","6.0770",530728,605446,457763,474832,593700,467055,543063,596103,491676,457705,"54.4203","null","null","null","null","null","null","null",50,"3","Cutter",2,1,1,2,1,2,1,2,"Standard","Standard"
"FF","2018-07-06","92.4","-0.8547","6.1733","Dereck Rodriguez",657557,605446,"null","called_strike",,,,,"14","null","R","R","R","SF","STL","S","null","null",1,0,2018,"-0.4155","1.1614","0.8853","1.8845","null","null","null",2,7,"Top","null","null",,,457763,,"180707_040051","5.3339","-134.4670","-7.6880","-6.1059","26.1629","-16.7064","3.5423","1.7129","null","null","null","92.8050","1903","6.2950",530728,605446,457763,474832,593700,467055,543063,596103,491676,457705,"54.2027","null","null","null","null","null","null","null",50,"2","4-Seam Fastball",2,1,1,2,1,2,1,2,"Standard","Standard"
"CU","2018-07-06","74.6","-0.7499","6.2673","Dereck Rodriguez",657557,605446,"null","ball",,,,,"11","null","R","R","R","SF","STL","B","null","null",0,0,2018,"1.0693","-0.6570","-1.4030","3.4063","null","null","null",2,7,"Top","null","null",,,457763,,"180707_040033","-3.1850","-108.5733","2.4237","8.9240","18.5123","-37.9612","3.3656","1.6508","null","null","null","74.3560","2321","6.0380",530728,605446,457763,474832,593700,467055,543063,596103,491676,457705,"54.4598","null","null","null","null","null","null","null",50,"1","Curveball",2,1,1,2,1,2,1,2,"Standard","Standard"
"CU","2018-07-06","75.9","-0.7290","6.1802","Dereck Rodriguez",576397,605446,"null","ball",,,,,"12","null","R","R","R","SF","STL","B","null","null",2,1,2018,"0.8468","-0.9535","0.3806","3.5354","null","null","null",1,7,"Top","null","null",,,457763,,"180707_035938","0.8351","-110.2815","3.2236","6.5380","21.1119","-40.6042","3.0679","1.3273","null","null","null","74.6410","2534","5.6120",530728,605446,457763,474832,593700,467055,543063,596103,491676,457705,"54.8853","null","null","null","null","null","null","null",49,"4","Curveball",2,1,1,2,1,2,1,2,"Standard","Standard"
"CU","2018-07-06","74.5","-0.8754","6.2248","Dereck Rodriguez",576397,605446,"null","ball",,,,,"14","null","R","R","R","SF","STL","B","null","null",1,1,2018,"0.9012","-0.6662","1.3007","1.5041","null","null","null",1,7,"Top","null","null",,,457763,,"180707_035922","2.8958","-108.4979","-1.3819","6.5916","17.8077","-37.3884","3.0110","1.4222","null","null","null","74.3840","2390","6.0170",530728,605446,457763,474832,593700,467055,543063,596103,491676,457705,"54.4803","null","null","null","null","null","null","null",49,"3","Curveball",2,1,1,2,1,2,1,2,"Standard","Standard"
"FC","2018-07-06","86.8","-0.8865","6.2262","Dereck Rodriguez",576397,605446,"null","called_strike",,,,,"14","null","R","R","R","SF","STL","S","null","null",1,0,2018,"0.4526","0.6858","0.9789","2.2422","null","null","null",1,7,"Top","null","null",,,457763,,"180707_035907","3.5335","-126.3668","-4.7795","4.1968","22.6716","-24.2021","3.1248","1.4982","null","null","null","86.7980","2057","5.9940",530728,605446,457763,474832,593700,467055,543063,596103,491676,457705,"54.5036","null","null","null","null","null","null","null",49,"2","Cutter",2,1,1,2,1,2,1,2,"Standard","Standard"
"CU","2018-07-06","75.7","-0.8975","6.1977","Dereck Rodriguez",576397,605446,"null","ball",,,,,"14","null","R","R","R","SF","STL","B","null","null",0,0,2018,"1.1871","-0.6915","0.5836","0.3880","null","null","null",1,7,"Top","null","null",,,457763,,"180707_035852","0.9949","-110.2401","-3.7850","9.3605","20.1845","-37.2785","3.1058","1.3843","null","null","null","75.2880","2456","6.0100",530728,605446,457763,474832,593700,467055,543063,596103,491676,457705,"54.4872","null","null","null","null","null","null","null",49,"1","Curveball",2,1,1,2,1,2,1,2,"Standard","Standard"
"CU","2018-07-06","76.8","-0.7870","6.2134","Dereck Rodriguez",542303,605446,"null","ball",,,,,"14","null","R","R","R","SF","STL","B","null","null",0,1,2018,"0.8267","-0.5804","2.2185","1.0731","null","null","null",0,7,"Top","null","null",,,457763,,"180707_035755","4.8594","-111.7596","-2.8733","6.0266","19.1373","-36.7204","3.5944","1.7670","null","null","null","76.5020","2471","5.9580",530728,605446,457763,474832,593700,467055,543063,596103,491676,457705,"54.5390","null","null","null","null","null","null","null",48,"2","Curveball",2,1,1,2,1,2,1,2,"Standard","Standard"
"FT","2018-07-06","91.8","-2.4612","5.8008","John Gant",491676,607231,"strikeout","called_strike",,,,,"8","Gorkys Hernandez called out on strikes.  ","R","R","R","SF","STL","S",2,"null",2,2,2018,"-1.1828","1.2600","0.0627","1.8087","null","null","null",2,6,"Bot","null","null",,,425877,,"180707_035504","8.7848","-133.2398","-6.8736","-15.6114","25.3465","-16.2315","3.2911","1.6186","null","null","null","91.1930","2340","5.8070",530728,607231,425877,572761,543939,576397,657557,542303,502054,664056,"54.6900","null","null","0.00",1,0,0,"null",47,"5","2-Seam Fastball",2,1,2,1,1,2,2,1,"Standard","Standard"
"FT","2018-07-06","94.5","-2.4543","5.7813","John Gant",491676,607231,"null","ball",,,,,"12","null","R","R","R","SF","STL","B","null","null",1,2,2018,"-1.2072","1.2386","1.0662","3.8596","null","null","null",2,6,"Bot","null","null",,,425877,,"180707_035441","11.8491","-137.1239","-2.0707","-17.8005","28.9466","-16.2432","3.2922","1.6376","null","null","null","94.5820","2457","6.3890",530728,607231,425877,572761,543939,576397,657557,542303,502054,664056,"54.1081","null","null","null","null","null","null","null",47,"4","2-Seam Fastball",2,1,2,1,1,2,2,1,"Standard","Standard"
"FT","2018-07-06","93.8","-2.5317","5.8192","John Gant",491676,607231,"null","called_strike",,,,,"12","null","R","R","R","SF","STL","S","null","null",1,1,2018,"-1.0973","1.2947","0.9674","3.0745","null","null","null",2,6,"Bot","null","null",,,425877,,"180707_035419","11.5118","-136.2401","-4.2790","-16.1402","27.3587","-15.1863","3.2721","1.5237","null","null","null","94.3410","2528","6.5140",530728,607231,425877,572761,543939,576397,657557,542303,502054,664056,"53.9839","null","null","null","null","null","null","null",47,"3","2-Seam Fastball",2,1,2,1,1,2,2,1,"Standard","Standard"
"CH","2018-07-06","81.6","-2.2629","6.0103","John Gant",491676,607231,"null","ball",,,,,"14","null","R","R","R","SF","STL","B","null","null",0,0,2018,"-1.3392","0.8164","0.8422","-0.0077","null","null","null",2,6,"Bot","null","null",,,425877,,"180707_035336","9.4062","-118.1900","-8.3536","-14.1388","22.0957","-23.2971","3.2732","1.6186","null","null","null","80.7450","1858","5.9180",530728,607231,425877,572761,543939,576397,657557,542303,502054,664056,"54.5790","null","null","null","null","null","null","null",47,"1","Changeup",2,1,2,1,1,2,2,1,"Standard","Standard"
"CU","2018-07-06","76.6","-2.2566","6.0068","John Gant",596103,607231,"null","called_strike",,,,,"8","null","R","R","R","SF","STL","S","null","null",1,0,2018,"0.7387","-1.0918","0.0603","2.0587","null","null","null",1,6,"Bot","null","null",,,425877,,"180707_035219","3.5508","-111.3658","0.6559","5.3540","21.1021","-41.4565","3.2759","1.5471","null","null","null","75.8330","2580","5.9030",530728,607231,425877,572761,543939,576397,657557,542303,502054,664056,"54.5943","null","null","null","null","null","null","null",46,"2","Curveball",2,1,2,1,1,2,2,1,"Standard","Standard"
"CU","2018-07-06","75.7","-2.2310","6.0203","John Gant",596103,607231,"null","ball",,,,,"11","null","R","R","R","SF","STL","B","null","null",0,0,2018,"0.7915","-1.3110","-1.1119","3.0937","null","null","null",1,6,"Bot","null","null",,,425877,,"180707_035203","0.9414","-110.0865","3.2763","6.1364","20.0989","-43.4688","3.2570","1.4902","null","null","null","74.9550","2513","5.8370",530728,607231,425877,572761,543939,576397,657557,542303,502054,664056,"54.6600","null","null","null","null","null","null","null",46,"1","Curveball",2,1,2,1,1,2,2,1,"Standard","Standard"
"FT","2018-07-06","92.1","-2.7669","5.7021","John Gant",467055,607231,"null","called_strike",,,,,"9","null","R","L","R","SF","STL","S","null","null",1,0,2018,"-1.5793","1.0505","0.4400","1.7691","null","null","null",1,6,"Bot","null","null",,,425877,,"180707_034950","11.5033","-133.5875","-6.3866","-21.2536","27.2172","-18.5029","3.2608","1.5588","null","null","null","91.9270","2344","6.2400",530728,607231,425877,572761,543939,576397,657557,542303,502054,664056,"54.2569","null","null","null","null","null","null","null",45,"2","2-Seam Fastball",1,1,1,1,1,1,1,1,"Standard","Standard"
"FT","2018-07-06","92.0","-2.4494","6.0451","John Gant",467055,607231,"null","ball",,,,,"12","null","R","L","R","SF","STL","B","null","null",0,0,2018,"-1.0534","1.2996","1.4575","3.0126","null","null","null",1,6,"Bot","null","null",,,425877,,"180707_034935","12.0629","-133.4126","-4.5745","-14.9862","27.8456","-16.0608","3.1938","1.5019","null","null","null","91.3780","2361","6.0360",530728,607231,425877,572761,543939,576397,657557,542303,502054,664056,"54.4617","null","null","null","null","null","null","null",45,"1","2-Seam Fastball",1,1,1,1,1,1,1,1,"Standard","Strategic"
"FF","2018-07-06","92.5","-0.6911","6.2402","Dereck Rodriguez",425877,605446,"null","ball",,,,,"11","null","R","R","R","SF","STL","B","null","null",0,2,2018,"-0.5508","1.2060","-0.1542","4.8877","null","null","null",2,6,"Top","null","null",,,457763,,"180707_034552","2.5325","-134.8293","-0.3268","-7.1550","24.7508","-17.6658","3.3512","1.6062","null","null","null","92.6000","1865","5.9080",530728,605446,457763,474832,593700,467055,543063,596103,491676,457705,"54.5892","null","null","null","null","null","null","null",43,"3","4-Seam Fastball",1,1,1,1,1,1,1,1,"Standard","Standard"
"CU","2018-07-06","74.6","-0.8792","6.1390","Dereck Rodriguez",425877,605446,"null","called_strike",,,,,"4","null","R","R","R","SF","STL","S","null","null",0,1,2018,"0.9276","-0.9927","-0.2777","2.2898","null","null","null",2,6,"Top","null","null",,,457763,,"180707_034534","-0.3656","-108.5250","0.9954","7.2882","18.9832","-40.3146","3.3991","1.5682","null","null","null","74.1070","2445","5.9340",530728,605446,457763,474832,593700,467055,543063,596103,491676,457705,"54.5638","null","null","null","null","null","null","null",43,"2","Curveball",1,1,1,1,1,1,1,1,"Standard","Standard"
"CU","2018-07-06","74.0","-1.0092","6.0765","Dereck Rodriguez",502054,605446,"null","ball",,,,,"11","null","R","R","R","SF","STL","B","null","null",0,0,2018,"0.9662","-0.9377","-0.4099","3.9934","null","null","null",1,6,"Top","null","null",,,457763,,"180707_034413","-0.4085","-107.4440","4.5616","7.3520","18.9103","-40.3001","3.2241","1.4958","null","null","null","72.8670","2403","5.5880",530728,605446,457763,474832,593700,467055,543063,596103,491676,457705,"54.9098","null","null","null","null","null","null","null",42,"1","Curveball",1,1,1,1,1,1,1,1,"Standard","Strategic"
"FF","2018-07-06","92.9","-1.1448","6.1663","Dereck Rodriguez",572761,605446,"null","ball",,,,,"12","null","R","L","R","SF","STL","B","null","null",0,2,2018,"-0.4751","1.4744","0.3079","4.7223","null","null","null",0,6,"Top","null","null",,,457763,,"180707_034322","4.7096","-135.1717","-1.1217","-6.7229","27.3896","-14.2647","3.5553","1.7266","null","null","null","92.5550","1916","5.9290",530728,605446,457763,474832,593700,467055,543063,596103,491676,457705,"54.5683","null","null","null","null","null","null","null",41,"3","4-Seam Fastball",1,1,1,1,1,1,1,1,"Infield shift","Standard"
"FT","2018-07-06","90.8","-1.1581","6.1783","Dereck Rodriguez",572761,605446,"null","called_strike",,,,,"7","null","R","L","R","SF","STL","S","null","null",0,0,2018,"-1.3186","1.0856","-0.5020","2.0612","null","null","null",0,6,"Top","null","null",,,457763,,"180707_034236","4.4122","-132.0770","-6.6978","-16.2419","25.9039","-18.4115","3.5564","1.7836","null","null","null","90.7190","1826","6.0820",530728,605446,457763,474832,593700,467055,543063,596103,491676,457705,"54.4151","null","null","null","null","null","null","null",41,"1","2-Seam Fastball",1,1,1,1,1,1,1,1,"Infield shift","Strategic"
"CH","2018-07-06","83.6","-2.4276","5.9277","John Gant",474832,607231,"null","ball",,,,,"14","null","R","L","R","SF","STL","B","null","null",1,0,2018,"-1.0845","0.9302","0.7019","0.8672","null","null","457763.00",2,5,"Bot","null","null",,,425877,,"180707_033805","9.2618","-121.2530","-7.0012","-12.3474","22.1518","-21.9683","3.1683","1.5571","null","null","null","83.2670","1749","6.1000",530728,607231,425877,572761,543939,576397,657557,542303,502054,664056,"54.3970","null","null","null","null","null","null","null",40,"2","Changeup",1,1,1,1,1,1,1,1,"Standard","Strategic"
"CH","2018-07-06","82.4","-2.3418","5.9230","John Gant",474832,607231,"null","ball",,,,,"13","null","R","L","R","SF","STL","B","null","null",0,0,2018,"-1.0209","0.7802","-0.7859","1.1598","null","null","457763.00",2,5,"Bot","null","null",,,425877,,"180707_033735","5.4698","-119.8422","-5.8641","-10.7547","19.5350","-23.8731","3.2252","1.5571","null","null","null","82.5950","1662","6.0990",530728,607231,425877,572761,543939,576397,657557,542303,502054,664056,"54.3989","null","null","null","null","null","null","null",40,"1","Changeup",1,1,1,1,1,1,1,1,"Standard","Strategic"
"FT","2018-07-06","94.1","-2.7353","5.6428","John Gant",457705,607231,"null","ball",,,,,"14","null","R","R","R","SF","STL","B","null","null",1,0,2018,"-1.5600","0.9460","1.3618","2.3748","null","null","457763.00",1,5,"Bot","null","null",,,425877,,"180707_033619","13.9165","-136.3212","-4.7946","-22.1623","27.3520","-19.6762","3.4572","1.6642","null","null","null","93.6110","2419","6.0500",530728,607231,425877,572761,543939,576397,657557,542303,502054,664056,"54.4470","null","null","null","null","null","null","null",39,"2","2-Seam Fastball",1,1,1,1,1,1,1,1,"Standard","Standard"
"CH","2018-07-06","83.2","-2.5395","5.7970","John Gant",457705,607231,"null","ball",,,,,"13","null","R","R","R","SF","STL","B","null","null",0,0,2018,"-1.3139","0.6546","-0.8509","1.4971","null","null","457763.00",1,5,"Bot","null","null",,,425877,,"180707_033554","6.3961","-121.0201","-4.7378","-14.0099","20.3499","-25.1282","3.4572","1.6073","null","null","null","83.3710","1690","6.1150",530728,607231,425877,572761,543939,576397,657557,542303,502054,664056,"54.3828","null","null","null","null","null","null","null",39,"1","Changeup",1,1,1,1,1,1,1,1,"Standard","Standard"
"FT","2018-07-06","92.8","-2.8528","5.5974","John Gant",457763,607231,"null","ball",,,,,"11","null","R","R","R","SF","STL","B","null","null",0,1,2018,"-1.3020","1.0642","-2.0975","3.6112","null","null","null",1,5,"Bot","null","null",,,425877,,"180707_033440","4.7362","-135.0761","-1.5777","-16.8198","30.4355","-19.1782","3.4739","1.6631","null","null","null","92.3700","2378","6.0920",530728,607231,425877,572761,543939,576397,657557,542303,502054,664056,"54.4052","null","null","null","null","null","null","null",38,"2","2-Seam Fastball",1,1,1,1,1,1,1,1,"Standard","Standard"
"FT","2018-07-06","93.2","-2.7855","5.7027","John Gant",457763,607231,"null","called_strike",,,,,"5","null","R","R","R","SF","STL","S","null","null",0,0,2018,"-1.2222","0.9867","-0.0592","2.2468","null","null","null",1,5,"Bot","null","null",,,425877,,"180707_033424","9.6297","-135.3324","-5.2490","-16.9815","28.0337","-19.1997","3.5261","1.6392","null","null","null","93.0220","2338","6.1850",530728,607231,425877,572761,543939,576397,657557,542303,502054,664056,"54.3122","null","null","null","null","null","null","null",38,"1","2-Seam Fastball",1,1,1,1,1,1,1,1,"Standard","Standard"
"CU","2018-07-06","75.6","-2.2949","6.0862","John Gant",593700,607231,"null","called_strike",,,,,"8","null","R","L","R","SF","STL","S","null","null",0,0,2018,"0.8025","-1.1409","0.0124","2.0495","null","null","null",0,5,"Bot","null","null",,,425877,,"180707_033333","3.3789","-110.0113","0.7289","5.8138","20.2891","-41.6964","3.3263","1.5832","null","null","null","75.2050","2423","6.0860",530728,607231,425877,572761,543939,576397,657557,542303,502054,664056,"54.4117","null","null","null","null","null","null","null",37,"1","Curveball",1,1,1,1,1,1,1,1,"Standard","Standard"
"FF","2018-07-06","94.9","-0.9267","6.1231","Dereck Rodriguez",607231,605446,"null","ball",,,,,"14","null","R","R","R","SF","STL","B","null","null",1,2,2018,"-0.5111","1.2451","0.2642","1.1124","null","null","null",2,5,"Top","null","null",,,457763,,"180707_033008","4.2316","-137.9579","-10.2204","-7.3662","27.0469","-14.4464","3.4698","1.7300","null","null","null","95.0190","2071","6.1460",530728,605446,457763,474832,593700,467055,543063,596103,491676,457705,"54.3514","null","null","null","null","null","null","null",36,"4","4-Seam Fastball",1,1,1,1,1,1,1,1,"Strategic","Strategic"
"FC","2018-07-06","86.1","-1.1364","6.1258","Dereck Rodriguez",607231,605446,"null","called_strike",,,,,"4","null","R","R","R","SF","STL","S","null","null",1,1,2018,"-0.0850","0.6950","-0.6260","2.7430","null","null","null",2,5,"Top","null","null",,,457763,,"180707_032952","1.3733","-125.5009","-3.2801","-1.1265","21.1289","-24.4945","3.5017","1.7188","null","null","null","86.2590","2266","5.9230",530728,605446,457763,474832,593700,467055,543063,596103,491676,457705,"54.5747","null","null","null","null","null","null","null",36,"3","Cutter",1,1,1,1,1,1,1,1,"Strategic","Strategic"
"FT","2018-07-06","92.5","-0.8640","6.1786","Dereck Rodriguez",607231,605446,"null","ball",,,,,"13","null","R","R","R","SF","STL","B","null","null",0,1,2018,"-1.3086","1.1311","-0.2969","1.4845","null","null","null",2,5,"Top","null","null",,,457763,,"180707_032938","4.2381","-134.4232","-8.5482","-16.6195","28.3098","-17.0037","3.5018","1.7818","null","null","null","92.0750","2051","6.0420",530728,605446,457763,474832,593700,467055,543063,596103,491676,457705,"54.4551","null","null","null","null","null","null","null",36,"2","2-Seam Fastball",1,1,1,1,1,1,1,1,"Standard","Strategic"
"FF","2018-07-06","92.3","-1.0628","6.2090","Dereck Rodriguez",607231,605446,"null","called_strike",,,,,"4","null","R","R","R","SF","STL","S","null","null",0,0,2018,"-0.5473","1.4603","-0.6864","2.3809","null","null","null",2,5,"Top","null","null",,,457763,,"180707_032923","2.1318","-134.1923","-7.0437","-7.0283","28.8034","-13.3506","3.5586","1.7567","null","null","null","92.0350","2057","6.1590",530728,605446,457763,474832,593700,467055,543063,596103,491676,457705,"54.3387","null","null","null","null","null","null","null",36,"1","4-Seam Fastball",1,1,1,1,1,1,1,1,"Standard","Strategic"
"CU","2018-07-06","75.3","-0.9527","6.1120","Dereck Rodriguez",664056,605446,"null","called_strike",,,,,"6","null","R","R","R","SF","STL","S","null","null",1,1,2018,"1.3724","-0.7473","0.4349","2.6783","null","null","null",1,5,"Top","null","null",,,457763,,"180707_032832","0.4678","-109.5412","1.3406","10.8224","20.0726","-38.5970","3.2555","1.5689","null","null","null","74.8640","2580","6.0660",530728,605446,457763,474832,593700,467055,543063,596103,491676,457705,"54.4313","null","null","null","null","null","null","null",35,"3","Curveball",1,1,1,1,1,1,1,1,"Standard","Standard"
"FC","2018-07-06","86.3","-1.0840","6.0900","Dereck Rodriguez",664056,605446,"null","ball",,,,,"14","null","R","R","R","SF","STL","B","null","null",0,1,2018,"0.2505","0.6843","0.6738","1.2294","null","null","null",1,5,"Top","null","null",,,457763,,"180707_032817","3.6505","-125.5331","-6.6726","1.9078","24.2245","-23.9806","3.2365","1.5309","null","null","null","85.7570","2158","5.8530",530728,605446,457763,474832,593700,467055,543063,596103,491676,457705,"54.6442","null","null","null","null","null","null","null",35,"2","Cutter",1,1,1,1,1,1,1,1,"Standard","Standard"
"FF","2018-07-06","92.7","-0.9443","6.2050","Dereck Rodriguez",664056,605446,"null","called_strike",,,,,"1","null","R","R","R","SF","STL","S","null","null",0,0,2018,"-0.4297","1.2744","-0.6074","3.0031","null","null","null",1,5,"Top","null","null",,,457763,,"180707_032804","1.7858","-134.9785","-5.1519","-5.5972","28.7129","-15.8256","3.3314","1.6828","null","null","null","92.5540","1996","6.1140",530728,605446,457763,474832,593700,467055,543063,596103,491676,457705,"54.3835","null","null","null","null","null","null","null",35,"1","4-Seam Fastball",1,1,1,1,1,1,1,1,"Standard","Standard"
"FF","2018-07-06","94.3","-1.1102","6.1436","Dereck Rodriguez",543939,605446,"null","ball",,,,,"11","null","R","L","R","SF","STL","B","null","null",1,2,2018,"-0.4899","1.3889","-0.7286","4.5241","null","null","null",0,5,"Top","null","null",,,457763,,"180707_032650","2.0532","-137.2972","-1.5732","-6.5691","29.3475","-14.6849","3.0836","1.5036","null","null","null","93.9500","2050","5.9730",530728,605446,457763,474832,593700,467055,543063,596103,491676,457705,"54.5245","null","null","null","null","null","null","null",34,"4","4-Seam Fastball",1,1,1,1,1,1,1,1,"Standard","Standard"
"CU","2018-07-06","78.2","-1.2219","6.0844","Dereck Rodriguez",543939,605446,"null","called_strike",,,,,"3","null","R","L","R","SF","STL","S","null","null",1,1,2018,"1.0890","-0.6259","0.5179","2.7641","null","null","null",0,5,"Top","null","null",,,457763,,"180707_032636","1.7695","-113.7934","0.8041","8.9970","20.1201","-37.9005","3.0836","1.4846","null","null","null","77.6460","2647","5.8110",530728,605446,457763,474832,593700,467055,543063,596103,491676,457705,"54.6863","null","null","null","null","null","null","null",34,"3","Curveball",1,1,1,1,1,1,1,1,"Standard","Standard"
"CH","2018-07-06","85.2","-1.2950","6.1816","Dereck Rodriguez",543939,605446,"null","called_strike",,,,,"2","null","R","L","R","SF","STL","S","null","null",1,0,2018,"-1.5855","0.7251","0.2080","2.9839","null","null","null",0,5,"Top","null","null",,,457763,,"180707_032622","6.6789","-123.8937","-2.6587","-17.5747","23.8993","-24.4269","3.0970","1.4609","null","null","null","85.1370","1931","6.2070",530728,605446,457763,474832,593700,467055,543063,596103,491676,457705,"54.2901","null","null","null","null","null","null","null",34,"2","Changeup",1,1,1,1,1,1,1,1,"Standard","Standard"
"CH","2018-07-06","83.4","-0.9961","6.2406","Dereck Rodriguez",543939,605446,"null","ball",,,,,"14","null","R","L","R","SF","STL","B","null","null",0,0,2018,"-1.3586","1.0814","0.1520","0.6046","null","null","null",0,5,"Top","null","null",,,457763,,"180707_032607","5.2225","-121.0878","-8.5337","-14.1986","22.6960","-20.2771","3.1215","1.4657","null","null","null","82.8490","1993","5.9550",530728,605446,457763,474832,593700,467055,543063,596103,491676,457705,"54.5428","null","null","null","null","null","null","null",34,"1","Changeup",1,1,1,1,1,1,1,1,"Standard","Standard"
"FT","2018-07-06","93.9","-2.4632","5.8915","John Gant",605446,607231,"null","called_strike",,,,,"6","null","R","R","R","SF","STL","S","null","null",0,1,2018,"-1.2496","1.3276","0.6016","2.4712","596103.00","491676.00","null",2,4,"Bot","null","null",,,425877,,"180707_032258","10.5797","-136.1738","-5.9716","-17.6580","28.6982","-14.7455","3.5992","1.7318","null","null","null","93.3310","2472","6.0490",530728,607231,425877,572761,543939,576397,657557,542303,502054,664056,"54.4482","null","null","null","null","null","null","null",33,"2","2-Seam Fastball",1,1,1,1,1,1,1,1,"Standard","Standard"
"FT","2018-07-06","92.6","-2.7269","5.6770","John Gant",491676,607231,"null","called_strike",,,,,"9","null","R","R","R","SF","STL","S","null","null",1,0,2018,"-1.3100","1.1997","0.5310","1.6802","null","null","605412.00",2,4,"Bot","null","null",,,425877,,"180707_032034","11.0320","-134.2108","-6.8619","-18.0542","29.7430","-16.5961","3.3042","1.6325","null","null","null","91.6630","2509","5.9990",530728,607231,425877,572761,543939,576397,657557,542303,502054,664056,"54.4985","null","null","null","null","null","null","null",32,"2","2-Seam Fastball",1,1,1,1,1,1,1,1,"Standard","Standard"
"FT","2018-07-06","92.7","-2.5285","5.7951","John Gant",491676,607231,"null","ball",,,,,"14","null","R","R","R","SF","STL","B","null","null",0,0,2018,"-1.2733","0.9829","0.4454","1.3238","null","null","605412.00",2,4,"Bot","null","null",,,425877,,"180707_031943","10.2357","-134.4445","-7.6628","-17.3868","27.5795","-19.0241","3.3243","1.6135","null","null","null","92.0310","2442","5.9500",530728,607231,425877,572761,543939,576397,657557,542303,502054,664056,"54.5476","null","null","null","null","null","null","null",32,"1","2-Seam Fastball",1,1,1,1,1,1,1,1,"Standard","Standard"
"CH","2018-07-06","80.9","-2.4265","5.9059","John Gant",605412,607231,"null","called_strike",,,,,"1","null","R","L","R","SF","STL","S","null","null",0,0,2018,"-1.2239","0.4000","-0.7280","3.3199","null","null","null",2,4,"Bot","null","null",,,425877,,"180707_031748","6.0583","-117.6436","0.0644","-12.3622","20.1287","-28.6915","3.2152","1.4926","null","null","null","80.8160","1721","6.0480",530728,607231,425877,572761,543939,576397,657557,542303,502054,664056,"54.4497","null","null","null","null","null","null","null",31,"1","Changeup",1,1,1,1,1,1,1,1,"Standard","Strategic"
"FF","2018-07-06","93.9","-2.7339","5.7258","John Gant",467055,607231,"null","ball",,,,,"11","null","R","L","R","SF","STL","B","null","null",1,2,2018,"-1.0145","1.3571","-0.6124","5.4548","null","null","null",1,4,"Bot","null","null",,,425877,,"180707_031648","7.6564","-136.4652","2.0797","-14.2448","31.5392","-16.2107","3.1806","1.5259","null","null","null","93.1080","2445","6.0020",530728,607231,425877,572761,543939,576397,657557,542303,502054,664056,"54.4957","null","null","null","null","null","null","null",30,"4","4-Seam Fastball",1,1,1,1,1,1,1,1,"Standard","Strategic"
"CU","2018-07-06","74.9","-2.2679","6.0936","John Gant",467055,607231,"null","called_strike",,,,,"5","null","R","L","R","SF","STL","S","null","null",1,0,2018,"0.4945","-1.2095","0.0116","2.4274","null","null","null",1,4,"Bot","null","null",,,425877,,"180707_031610","3.8169","-108.8930","1.6631","3.2413","18.3142","-42.1793","3.1907","1.5449","null","null","null","74.4220","2470","5.8880",530728,607231,425877,572761,543939,576397,657557,542303,502054,664056,"54.6093","null","null","null","null","null","null","null",30,"2","Curveball",1,1,1,1,1,1,1,1,"Standard","Strategic"
"FT","2018-07-06","92.0","-2.8908","5.6872","John Gant",467055,607231,"null","ball",,,,,"11","null","R","L","R","SF","STL","B","null","null",0,0,2018,"-1.3109","1.1647","-1.3954","2.7311","null","null","null",1,4,"Bot","null","null",,,425877,,"180707_031556","6.5782","-133.8103","-4.1606","-17.0167","27.5965","-17.6192","3.1427","1.5069","null","null","null","91.8100","2464","6.1000",530728,607231,425877,572761,543939,576397,657557,542303,502054,664056,"54.3974","null","null","null","null","null","null","null",30,"1","2-Seam Fastball",1,1,1,1,1,1,1,1,"Standard","Standard"
"FT","2018-07-06","88.9","-0.9490","6.2736","Dereck Rodriguez",657557,605446,"null","ball",,,,,"13","null","R","R","R","SF","STL","B","null","null",1,0,2018,"-1.2758","1.0753","-1.0090","1.4833","null","null","576397.00",1,4,"Top","null","null",,,457763,,"180707_031226","2.5124","-129.2790","-7.9177","-14.7749","27.1641","-18.7229","3.4284","1.6559","null","null","null","88.7610","1886","6.2550",530728,605446,457763,474832,605412,467055,543063,593700,491676,457705,"54.2426","null","null","null","null","null","null","null",28,"2","2-Seam Fastball",1,1,1,1,1,1,1,1,"Standard","Standard"
"FF","2018-07-06","89.6","-0.9414","6.2751","Dereck Rodriguez",657557,605446,"null","ball",,,,,"11","null","R","R","R","SF","STL","B","null","null",0,0,2018,"-0.9203","1.4800","-0.8996","2.6456","null","null","576397.00",1,4,"Top","null","null",,,457763,,"180707_031207","2.0162","-130.3719","-6.0822","-10.8493","25.1372","-14.3896","3.4664","1.6180","null","null","null","89.5630","1982","6.0840",530728,605446,457763,474832,605412,467055,543063,593700,491676,457705,"54.4139","null","null","null","null","null","null","null",28,"1","4-Seam Fastball",1,1,1,1,1,1,1,1,"Standard","Standard"
"CH","2018-07-06","86.3","-0.9472","6.1700","Dereck Rodriguez",576397,605446,"null","ball",,,,,"13","null","R","R","R","SF","STL","B","null","null",0,2,2018,"-1.2419","0.9106","-0.9476","1.2011","null","null","null",1,4,"Top","null","null",,,457763,,"180707_031114","2.5348","-125.5866","-7.4965","-13.7058","24.1973","-21.2398","3.0489","1.4412","null","null","null","86.6770","1910","6.4160",530728,605446,457763,474832,605412,467055,543063,593700,491676,457705,"54.0818","null","null","null","null","null","null","null",27,"3","Changeup",1,1,1,1,1,1,1,1,"Standard","Standard"
"CU","2018-07-06","75.1","-0.8933","6.2316","Dereck Rodriguez",576397,605446,"null","called_strike",,,,,"5","null","R","R","R","SF","STL","S","null","null",0,1,2018,"0.7704","-0.8654","0.0104","2.3241","null","null","null",1,4,"Top","null","null",,,457763,,"180707_031100","0.5251","-109.3375","0.5266","6.0304","18.3803","-39.3595","3.0679","1.3653","null","null","null","74.8550","2573","5.9740",530728,605446,457763,474832,605412,467055,543063,593700,491676,457705,"54.5237","null","null","null","null","null","null","null",27,"2","Curveball",1,1,1,1,1,1,1,1,"Standard","Standard"
"FT","2018-07-06","92.5","-1.0121","6.1710","Dereck Rodriguez",542303,605446,"strikeout","called_strike",,,,,"8","Marcell Ozuna called out on strikes.  ","R","R","R","SF","STL","S",2,"null",2,2,2018,"-1.0712","1.2077","-0.1269","1.6357","null","null","null",0,4,"Top","null","null",,,457763,,"180707_031011","4.5619","-134.4986","-8.3799","-13.9116","26.9615","-16.0470","3.4995","1.6721","null","null","null","92.5430","2025","6.1860",530728,605446,457763,474832,605412,467055,543063,593700,491676,457705,"54.3116","null","null","0.00",1,0,0,"null",26,"5","2-Seam Fastball",1,1,1,1,1,1,1,1,"Standard","Standard"
"CU","2018-07-06","75.5","-0.9932","6.1522","Dereck Rodriguez",542303,605446,"null","ball",,,,,"11","null","R","R","R","SF","STL","B","null","null",1,1,2018,"1.0382","-0.9091","-1.0302","2.6437","null","null","null",0,4,"Top","null","null",,,457763,,"180707_030933","-1.8633","-109.7752","1.4038","8.5449","19.9668","-39.8669","3.5375","1.7290","null","null","null","74.6400","2548","5.7580",530728,605446,457763,474832,605412,467055,543063,593700,491676,457705,"54.7393","null","null","null","null","null","null","null",26,"3","Curveball",1,1,1,1,1,1,1,1,"Standard","Standard"
"FC","2018-07-06","86.3","-1.3418","6.2037","Dereck Rodriguez",542303,605446,"null","called_strike",,,,,"8","null","R","R","R","SF","STL","S","null","null",1,0,2018,"0.2636","0.6197","-0.1563","1.7121","null","null","null",0,4,"Top","null","null",,,457763,,"180707_030919","2.2704","-125.5421","-5.6794","2.3290","22.7428","-24.9280","3.5901","1.8014","null","null","null","85.6310","2059","5.6380",530728,605446,457763,474832,605412,467055,543063,593700,491676,457705,"54.8597","null","null","null","null","null","null","null",26,"2","Cutter",1,1,1,1,1,1,1,1,"Standard","Standard"
"CU","2018-07-06","73.4","-0.8877","6.2744","Dereck Rodriguez",542303,605446,"null","ball",,,,,"1","null","R","R","R","SF","STL","B","null","null",0,0,2018,"1.0484","-0.7667","-0.6280","3.5779","null","null","null",0,4,"Top","null","null",,,457763,,"180707_030905","-1.2419","-106.6682","3.1585","8.0726","18.6386","-38.7145","3.5265","1.7701","null","null","null","72.6800","2468","5.8490",530728,605446,457763,474832,605412,467055,543063,593700,491676,457705,"54.6486","null","null","null","null","null","null","null",26,"1","Curveball",1,1,1,1,1,1,1,1,"Standard","Standard"
"FT","2018-07-06","94.8","-2.8331","5.6521","John Gant",474832,607231,"null","ball",,,,,"1","null","R","L","R","SF","STL","B","null","null",0,2,2018,"-1.1397","1.2266","-0.6203","2.9984","null","null","457763.00",2,3,"Bot","null","null",,,425877,,"180707_030455","8.2127","-137.6987","-3.9200","-16.0915","30.0546","-16.1620","3.2172","1.4597","null","null","null","94.0630","2542","5.9170",530728,607231,425877,572761,543939,576397,657557,542303,502054,664056,"54.5803","null","null","null","null","null","null","null",25,"3","2-Seam Fastball",1,1,1,1,1,1,1,1,"Standard","Strategic"
"FT","2018-07-06","92.8","-2.7815","5.7227","John Gant",474832,607231,"null","called_strike",,,,,"5","null","R","L","R","SF","STL","S","null","null",0,0,2018,"-1.0757","1.2373","-0.1191","2.6853","null","null","457763.00",2,3,"Bot","null","null",,,425877,,"180707_030350","9.1387","-134.7649","-4.6338","-15.0872","30.0074","-16.3528","3.2573","1.5900","null","null","null","92.5190","2443","6.2870",530728,607231,425877,572761,543939,576397,657557,542303,502054,664056,"54.2100","null","null","null","null","null","null","null",25,"1","2-Seam Fastball",1,1,1,1,1,1,1,1,"Standard","Strategic"
"FF","2018-07-06","93.2","-2.8349","5.6661","John Gant",457705,607231,"strikeout","called_strike",,,,,"13","Andrew McCutchen called out on strikes.  ","R","R","R","SF","STL","S",2,"null",1,2,2018,"-1.1317","1.3984","-0.4903","1.4679","null","null","457763.00",1,3,"Bot","null","null",,,425877,,"180707_030310","8.4440","-135.3008","-8.0038","-15.6317","29.2896","-13.6086","3.3308","1.6534","null","null","null","92.7610","2410","6.1390",530728,607231,425877,572761,543939,576397,657557,542303,502054,664056,"54.3582","null","null","0.00",1,0,0,"null",24,"4","4-Seam Fastball",1,1,1,1,1,1,1,1,"Standard","Standard"
"FF","2018-07-06","94.1","-2.8189","5.7134","John Gant",457705,607231,"null","ball",,,,,"12","null","R","R","R","SF","STL","B","null","null",0,2,2018,"-0.7320","1.2740","1.0045","3.8295","null","null","457763.00",1,3,"Bot","null","null",,,425877,,"180707_030241","11.5298","-136.5104","-1.9404","-11.7983","31.6434","-16.0659","3.4192","1.6073","null","null","null","93.7780","2483","6.3870",530728,607231,425877,572761,543939,576397,657557,542303,502054,664056,"54.1100","null","null","null","null","null","null","null",24,"3","4-Seam Fastball",1,1,1,1,1,1,1,1,"Standard","Standard"
"CU","2018-07-06","74.4","-2.1932","6.1761","John Gant",457763,607231,"null","ball",,,,,"2","null","R","R","R","SF","STL","B","null","null",1,0,2018,"0.6095","-1.2875","-0.0961","3.2754","null","null","null",1,3,"Bot","null","null",,,425877,,"180707_030034","3.2218","-108.1231","3.5298","4.0865","20.1530","-42.9854","3.4352","1.6442","null","null","null","73.6210","2531","5.9320",530728,607231,425877,572761,543939,576397,657557,542303,502054,664056,"54.5659","null","null","null","null","null","null","null",23,"2","Curveball",1,1,1,1,1,1,1,1,"Standard","Standard"
"CU","2018-07-06","74.3","-2.0964","6.1718","John Gant",457763,607231,"null","ball",,,,,"14","null","R","R","R","SF","STL","B","null","null",0,0,2018,"0.8320","-1.2153","1.2285","2.0739","null","null","null",1,3,"Bot","null","null",,,425877,,"180707_030017","5.3233","-107.8614","1.0518","5.2800","21.3127","-41.9002","3.4360","1.6441","null","null","null","73.2220","2553","5.9170",530728,607231,425877,572761,543939,576397,657557,542303,502054,664056,"54.5799","null","null","null","null","null","null","null",23,"1","Curveball",1,1,1,1,1,1,1,1,"Standard","Standard"
"FF","2018-07-06","92.9","-1.1172","6.1786","Dereck Rodriguez",425877,605446,"null","called_strike",,,,,"1","null","R","R","R","SF","STL","S","null","null",1,0,2018,"-0.3971","1.2544","-0.3707","2.7646","null","null","null",2,3,"Top","null","null",,,457763,,"180707_025533","2.7620","-135.2670","-5.6949","-5.4178","27.9287","-15.9012","3.2094","1.5303","null","null","null","92.8100","2036","6.0800",530728,605446,457763,474832,605412,467055,543063,593700,491676,457705,"54.4177","null","null","null","null","null","null","null",21,"2","4-Seam Fastball",1,1,1,1,1,1,1,1,"Standard","Standard"
"CU","2018-07-06","76.3","-1.0810","6.1803","Dereck Rodriguez",425877,605446,"null","ball",,,,,"11","null","R","R","R","SF","STL","B","null","null",0,0,2018,"1.1920","-0.5748","-0.4706","4.4793","null","null","null",2,3,"Top","null","null",,,457763,,"180707_025519","-0.7989","-110.7810","4.4658","9.7191","20.6053","-37.8773","3.2753","1.5682","null","null","null","75.2200","2398","5.7120",530728,605446,457763,474832,605412,467055,543063,593700,491676,457705,"54.7857","null","null","null","null","null","null","null",21,"1","Curveball",1,1,1,1,1,1,1,1,"Standard","Standard"
"CU","2018-07-06","76.2","-1.3832","6.1818","Dereck Rodriguez",572761,605446,"null","ball",,,,,"4","null","R","L","R","SF","STL","B","null","null",0,1,2018,"1.2288","-0.7453","-0.7714","2.7666","null","null","null",0,3,"Top","null","null",,,457763,,"180707_025332","-0.8700","-110.8231","1.2003","10.0770","20.4305","-38.6593","3.4796","1.7389","null","null","null","75.4210","2442","5.8180",530728,605446,457763,474832,605412,467055,543063,593700,491676,457705,"54.6791","null","null","null","null","null","null","null",19,"2","Curveball",1,1,1,1,1,1,1,1,"Infield shift","Strategic"
"FF","2018-07-06","91.6","-1.2567","6.2697","Dereck Rodriguez",572761,605446,"null","called_strike",,,,,"8","null","R","L","R","SF","STL","S","null","null",0,0,2018,"-0.5367","1.3320","0.1145","2.0462","null","null","null",0,3,"Top","null","null",,,457763,,"180707_025315","4.5703","-133.2480","-7.6252","-7.2388","26.0557","-15.1479","3.6323","1.6887","null","null","null","91.3410","1969","5.9480",530728,605446,457763,474832,605412,467055,543063,593700,491676,457705,"54.5492","null","null","null","null","null","null","null",19,"1","4-Seam Fastball",1,1,1,1,1,1,1,1,"Infield shift","Strategic"
"FF","2018-07-06","93.5","-2.7400","5.6672","John Gant",605446,607231,"null","called_strike",,,,,"12","null","R","R","R","SF","STL","S","null","null",1,1,2018,"-0.7906","1.3194","0.8775","2.7777","null","467055.00","null",2,2,"Bot","null","null",,,425877,,"180707_025028","10.9955","-135.7157","-4.5933","-11.9255","26.4283","-15.1506","3.5043","1.6749","null","null","null","93.4710","2563","6.1630",530728,607231,425877,572761,543939,576397,657557,542303,502054,664056,"54.3349","null","null","null","null","null","null","null",18,"3","4-Seam Fastball",1,1,1,1,1,1,1,1,"Standard","Standard"
"FT","2018-07-06","92.3","-2.4154","5.9628","John Gant",605446,607231,"null","ball",,,,,"13","null","R","R","R","SF","STL","B","null","null",0,0,2018,"-1.3562","1.1929","-0.2832","0.9078","null","467055.00","null",2,2,"Bot","null","null",,,425877,,"180707_024942","8.2770","-133.9060","-9.5125","-17.9178","28.2821","-16.1667","3.5233","1.6369","null","null","null","91.7100","2518","6.0500",530728,607231,425877,572761,543939,576397,657557,542303,502054,664056,"54.4470","null","null","null","null","null","null","null",18,"1","2-Seam Fastball",1,1,1,1,1,1,1,1,"Standard","Standard"
"CH","2018-07-06","82.3","-2.3119","6.0500","John Gant",491676,607231,"null","ball",,,,,"14","null","R","R","R","SF","STL","B","null","null",0,0,2018,"-0.6341","0.4750","1.4075","-0.6203","543063.00","null","467055.00",1,2,"Bot","null","null",,,425877,,"180707_024735","9.4958","-119.1738","-9.3957","-7.5455","19.6290","-26.3549","3.3491","1.5996","null","null","null","81.5960","1618","5.7650",530728,607231,425877,572761,543939,576397,657557,542303,502054,664056,"54.7322","null","null","null","null","null","null","null",17,"1","Changeup",0,1,0,1,1,0,0,1,"Standard","Standard"
"CH","2018-07-06","81.8","-2.6048","5.8383","John Gant",605412,607231,"null","ball",,,,,"13","null","R","L","R","SF","STL","B","null","null",0,2,2018,"-1.0627","0.3853","-0.7077","1.2252","null","543063.00","467055.00",0,2,"Bot","null","null",,,425877,,"180707_024610","6.2244","-118.9728","-4.5855","-11.0536","20.3732","-27.9836","3.1270","1.4646","null","null","null","81.4350","1535","5.8280",530728,607231,425877,572761,543939,576397,657557,542303,502054,664056,"54.6698","null","null","null","null","null","null","null",16,"4","Changeup",0,1,0,1,1,0,0,1,"Standard","Standard"
"CU","2018-07-06","76.1","-2.4373","5.9239","John Gant",605412,607231,"null","called_strike",,,,,"7","null","R","L","R","SF","STL","S","null","null",0,0,2018,"0.9614","-1.1814","-0.3349","1.7090","null","543063.00","467055.00",0,2,"Bot","null","null",,,425877,,"180707_024441","2.6883","-110.6261","0.3963","7.2165","21.8137","-42.0261","3.2208","1.4255","null","null","null","75.3590","2753","6.0400",530728,607231,425877,572761,543939,576397,657557,542303,502054,664056,"54.4574","null","null","null","null","null","null","null",16,"1","Curveball",0,1,0,1,1,0,0,1,"Standard","Standard"
"FT","2018-07-06","92.7","-2.7111","5.8249","John Gant",467055,607231,"walk","ball",,,,,"11","Pablo Sandoval walks.   Brandon Crawford to 2nd.  ","R","L","R","SF","STL","B","null","null",3,2,2018,"-1.3624","1.1535","-1.4438","2.8912","null","null","543063.00",0,2,"Bot","null","null",,,425877,,"180707_024358","6.1984","-134.7909","-4.1687","-17.9068","30.9517","-17.4929","3.1560","1.5400","null","null","null","92.3730","2549","6.2620",530728,607231,425877,572761,543939,576397,657557,542303,502054,664056,"54.2358","null","null","0.70",1,0,0,"null",15,"6","2-Seam Fastball",0,1,0,1,1,0,0,1,"Standard","Standard"
"CH","2018-07-06","83.0","-2.5368","5.8003","John Gant",467055,607231,"null","ball",,,,,"14","null","R","L","R","SF","STL","B","null","null",1,2,2018,"-1.1108","0.3901","0.0922","0.8087","null","null","543063.00",0,2,"Bot","null","null",,,425877,,"180707_024250","8.1355","-120.5465","-5.6638","-12.3294","23.1730","-27.5257","3.1617","1.4879","null","null","null","82.6890","1504","6.1610",530728,607231,425877,572761,543939,576397,657557,542303,502054,664056,"54.3363","null","null","null","null","null","null","null",15,"4","Changeup",0,1,0,1,1,0,0,1,"Standard","Standard"
"FT","2018-07-06","94.5","-2.8344","5.6964","John Gant",467055,607231,"null","ball",,,,,"13","null","R","L","R","SF","STL","B","null","null",0,2,2018,"-1.2362","1.0107","-1.6590","2.1000","null","null","543063.00",0,2,"Bot","null","null",,,425877,,"180707_024223","5.7347","-137.4557","-5.8752","-16.7269","29.6142","-18.4703","3.1617","1.4879","null","null","null","94.0160","2530","5.9630",530728,607231,425877,572761,543939,576397,657557,542303,502054,664056,"54.5345","null","null","null","null","null","null","null",15,"3","2-Seam Fastball",0,1,0,1,1,0,0,1,"Standard","Standard"
"FT","2018-07-06","93.5","-2.7357","5.7829","John Gant",467055,607231,"null","called_strike",,,,,"5","null","R","L","R","SF","STL","S","null","null",0,0,2018,"-1.0904","1.1888","-0.1864","2.4607","null","null","543063.00",0,2,"Bot","null","null",,,425877,,"180707_024123","8.8752","-135.8490","-5.3675","-15.2399","28.6036","-16.6894","3.2418","1.4829","null","null","null","93.0080","2487","5.9930",530728,607231,425877,572761,543939,576397,657557,542303,502054,664056,"54.5046","null","null","null","null","null","null","null",15,"1","2-Seam Fastball",0,1,0,1,1,0,0,1,"Standard","Standard"
"FT","2018-07-06","93.1","-2.6238","5.7081","John Gant",543063,607231,"null","ball",,,,,"14","null","R","L","R","SF","STL","B","null","null",2,1,2018,"-1.3947","0.9830","0.5043","1.2592","null","null","null",0,2,"Bot","null","null",,,425877,,"180707_023959","10.9969","-134.9082","-7.7127","-19.2797","28.2875","-18.8087","3.2885","1.5689","null","null","null","92.6700","2422","6.1820",530728,607231,425877,572761,543939,576397,657557,542303,502054,664056,"54.3155","null","null","null","null","null","null","null",14,"4","2-Seam Fastball",0,1,0,1,1,0,0,1,"Standard","Standard"
"FT","2018-07-06","93.8","-2.7386","5.7416","John Gant",543063,607231,"null","ball",,,,,"14","null","R","L","R","SF","STL","B","null","null",1,1,2018,"-1.3386","1.0691","0.8827","2.1477","null","null","null",0,2,"Bot","null","null",,,425877,,"180707_023942","12.2236","-135.9594","-5.8399","-19.1484","29.3075","-17.9459","3.3133","1.5359","null","null","null","93.2940","2488","6.1670",530728,607231,425877,572761,543939,576397,657557,542303,502054,664056,"54.3300","null","null","null","null","null","null","null",14,"3","2-Seam Fastball",0,1,0,1,1,0,0,1,"Standard","Standard"
"FF","2018-07-06","93.0","-2.6008","5.8888","John Gant",543063,607231,"null","ball",,,,,"14","null","R","L","R","SF","STL","B","null","null",0,1,2018,"-1.0030","1.2979","1.0293","1.6834","null","null","null",0,2,"Bot","null","null",,,425877,,"180707_023926","11.3553","-134.6628","-7.6741","-14.5237","29.3233","-15.1419","3.3133","1.5169","null","null","null","92.0500","2320","5.9980",530728,607231,425877,572761,543939,576397,657557,542303,502054,664056,"54.4991","null","null","null","null","null","null","null",14,"2","4-Seam Fastball",0,1,0,1,1,0,0,1,"Standard","Standard"
"CU","2018-07-06","76.4","-2.2092","6.1665","John Gant",543063,607231,"null","called_strike",,,,,"6","null","R","L","R","SF","STL","S","null","null",0,0,2018,"0.5638","-1.0354","0.3491","2.3889","null","null","null",0,2,"Bot","null","null",,,425877,,"180707_023911","4.3483","-111.0371","0.9397","3.7470","20.8358","-40.9834","3.4182","1.5739","null","null","null","75.5280","2266","5.8270",530728,607231,425877,572761,543939,576397,657557,542303,502054,664056,"54.6708","null","null","null","null","null","null","null",14,"1","Curveball",0,1,0,1,1,0,0,1,"Standard","Standard"
"FF","2018-07-06","91.8","-1.0124","6.2996","Dereck Rodriguez",543939,605446,"null","ball",,,,,"11","null","R","L","R","SF","STL","B","null","null",1,1,2018,"-0.4349","1.3524","-0.3901","4.0887","null","null","657557.00",2,2,"Top","null","null",,,457763,,"180707_023307","2.4834","-133.7192","-2.6527","-5.6624","26.9351","-15.8091","3.1025","1.5036","null","null","null","91.5090","2090","5.9080",530728,605446,457763,474832,605412,467055,543063,593700,491676,457705,"54.5894","null","null","null","null","null","null","null",11,"3","4-Seam Fastball",0,0,0,0,0,0,0,0,"Standard","Strategic"
"CH","2018-07-06","85.1","-1.0341","6.2052","Dereck Rodriguez",543939,605446,"null","ball",,,,,"8","null","R","L","R","SF","STL","B","null","null",0,1,2018,"-1.3956","0.6095","-0.1623","1.3977","null","null","657557.00",2,2,"Top","null","null",,,457763,,"180707_023248","4.8654","-123.8673","-6.2419","-15.3848","23.4619","-24.8748","3.1405","1.4847","null","null","null","85.5350","2008","6.4370",530728,605446,457763,474832,605412,467055,543063,593700,491676,457705,"54.0602","null","null","null","null","null","null","null",11,"2","Changeup",0,0,0,0,0,0,0,0,"Standard","Strategic"
"CU","2018-07-06","76.2","-1.1630","6.2863","Dereck Rodriguez",657557,605446,"null","ball",,,,,"14","null","R","R","R","SF","STL","B","null","null",0,0,2018,"1.1746","-0.8833","1.4010","1.6671","576397.00","null","null",1,2,"Top","null","null",,,457763,,"180707_023128","3.2830","-110.9105","-1.0355","8.9414","21.1580","-39.4128","3.4284","1.5800","null","null","null","75.7840","2659","6.1210",530728,605446,457763,474832,605412,467055,543063,593700,491676,457705,"54.3762","null","null","null","null","null","null","null",10,"1","Curveball",0,0,0,0,0,0,0,0,"Strategic","Standard"
"FF","2018-07-06","94.1","-1.1761","6.1096","Dereck Rodriguez",576397,605446,"null","ball",,,,,"12","null","R","R","R","SF","STL","B","null","null",0,2,2018,"-0.4671","1.3084","1.2447","3.0227","null","null","null",1,2,"Top","null","null",,,457763,,"180707_023021","7.2679","-136.7875","-5.1446","-7.3885","29.5771","-14.9906","3.0110","1.3653","null","null","null","93.7320","2241","6.0840",530728,605446,457763,474832,605412,467055,543063,593700,491676,457705,"54.4135","null","null","null","null","null","null","null",9,"3","4-Seam Fastball",0,0,0,0,0,0,0,0,"Standard","Standard"
"FF","2018-07-06","92.9","-1.1393","6.2127","Dereck Rodriguez",576397,605446,"null","called_strike",,,,,"5","null","R","R","R","SF","STL","S","null","null",0,1,2018,"-0.6629","1.5343","0.0500","2.4146","null","null","null",1,2,"Top","null","null",,,457763,,"180707_023005","4.4540","-134.9550","-7.1918","-8.9949","30.0469","-12.2831","3.0489","1.3653","null","null","null","92.2740","2138","6.0590",530728,605446,457763,474832,605412,467055,543063,593700,491676,457705,"54.4388","null","null","null","null","null","null","null",9,"2","4-Seam Fastball",0,0,0,0,0,0,0,0,"Standard","Standard"
"FC","2018-07-06","85.8","-1.3089","6.1775","Dereck Rodriguez",542303,605446,"null","ball",,,,,"14","null","R","R","R","SF","STL","B","null","null",0,0,2018,"0.1202","0.6962","0.9942","1.5384","null","null","null",0,2,"Top","null","null",,,457763,,"180707_022900","5.1519","-124.7346","-6.0402","0.2446","23.9357","-24.1076","3.5505","1.6291","null","null","null","85.0520","2246","5.7510",530728,605446,457763,474832,605412,467055,543063,593700,491676,457705,"54.7463","null","null","null","null","null","null","null",8,"1","Cutter",0,0,0,0,0,0,0,0,"Standard","Standard"
"FT","2018-07-06","95.6","-2.6008","5.6903","John Gant",457705,607231,"walk","ball",,,,,"14","Andrew McCutchen walks.  ","R","R","R","SF","STL","B","null","null",3,2,2018,"-1.3348","1.0852","0.5392","1.4193","null","null","null",2,1,"Bot","null","null",,,425877,,"180707_022602","11.2023","-138.5460","-7.9746","-19.6113","31.0845","-16.7074","3.3944","1.6212","null","null","null","95.0610","2542","6.2100",530728,607231,425877,572761,543939,576397,657557,542303,502054,664056,"54.2875","null","null","0.70",1,0,0,"null",6,"8","2-Seam Fastball",0,0,0,0,0,0,0,0,"Standard","Standard"
"CU","2018-07-06","77.0","-2.2783","6.0816","John Gant",457705,607231,"null","ball",,,,,"14","null","R","R","R","SF","STL","B","null","null",2,1,2018,"0.2946","-1.3505","1.1224","-1.1699","null","null","null",2,1,"Bot","null","null",,,425877,,"180707_022439","6.6834","-111.9492","-5.9351","1.2336","20.7192","-42.6218","3.3623","1.6263","null","null","null","76.9200","2646","6.3350",530728,607231,425877,572761,543939,576397,657557,542303,502054,664056,"54.1624","null","null","null","null","null","null","null",6,"4","Curveball",0,0,0,0,0,0,0,0,"Standard","Standard"
"CH","2018-07-06","80.7","-2.2829","6.0286","John Gant",457705,607231,"null","called_strike",,,,,"4","null","R","R","R","SF","STL","S","null","null",2,0,2018,"-1.3368","0.5167","-0.5180","2.6255","null","null","null",2,1,"Bot","null","null",,,425877,,"180707_022424","6.4796","-117.4398","-1.9249","-13.5932","21.3458","-27.2301","3.4003","1.6642","null","null","null","80.9680","1548","6.3750",530728,607231,425877,572761,543939,576397,657557,542303,502054,664056,"54.1219","null","null","null","null","null","null","null",6,"3","Changeup",0,0,0,0,0,0,0,0,"Standard","Standard"
"FT","2018-07-06","93.6","-2.6424","5.7050","John Gant",457705,607231,"null","ball",,,,,"14","null","R","R","R","SF","STL","B","null","null",1,0,2018,"-1.3350","0.9336","0.0054","1.4519","null","null","null",2,1,"Bot","null","null",,,425877,,"180707_022409","9.8069","-135.9143","-7.3235","-18.7200","27.9191","-19.1812","3.4192","1.6453","null","null","null","93.9970","2528","6.4960",530728,607231,425877,572761,543939,576397,657557,542303,502054,664056,"54.0011","null","null","null","null","null","null","null",6,"2","2-Seam Fastball",0,0,0,0,0,0,0,0,"Standard","Standard"
"FT","2018-07-06","92.8","-2.5417","5.8645","John Gant",457705,607231,"null","ball",,,,,"14","null","R","R","R","SF","STL","B","null","null",0,0,2018,"-1.2900","0.9804","1.2165","1.8314","null","null","null",2,1,"Bot","null","null",,,425877,,"180707_022353","12.4299","-134.4420","-6.6242","-18.3793","28.8608","-19.0182","3.4003","1.6453","null","null","null","92.7150","2462","6.4580",530728,607231,425877,572761,543939,576397,657557,542303,502054,664056,"54.0390","null","null","null","null","null","null","null",6,"1","2-Seam Fastball",0,0,0,0,0,0,0,0,"Standard","Standard"
"CU","2018-07-06","75.8","-2.2138","6.2378","John Gant",457763,607231,"null","called_strike",,,,,"5","null","R","R","R","SF","STL","S","null","null",0,1,2018,"0.5508","-1.3388","-0.1183","2.2398","null","null","null",1,1,"Bot","null","null",,,425877,,"180707_022252","3.3913","-110.2471","1.1575","3.8011","20.8472","-43.4281","3.4329","1.6977","null","null","null","75.4130","2535","6.1750",530728,607231,425877,572761,543939,576397,657557,542303,502054,664056,"54.3220","null","null","null","null","null","null","null",5,"2","Curveball",0,0,0,0,0,0,0,0,"Standard","Standard"
"FT","2018-07-06","91.9","-2.5042","6.0314","John Gant",457763,607231,"null","called_strike",,,,,"12","null","R","R","R","SF","STL","S","null","null",0,0,2018,"-1.2686","1.0061","1.1089","2.7557","null","null","null",1,1,"Bot","null","null",,,425877,,"180707_022236","11.8853","-133.3897","-4.6578","-17.5457","25.4029","-19.3561","3.4583","1.6292","null","null","null","92.2350","2374","6.3710",530728,607231,425877,572761,543939,576397,657557,542303,502054,664056,"54.1260","null","null","null","null","null","null","null",5,"1","2-Seam Fastball",0,0,0,0,0,0,0,0,"Standard","Standard"
"FT","2018-07-06","91.4","-0.9857","6.1703","Dereck Rodriguez",425877,605446,"null","ball",,,,,"14","null","R","R","R","SF","STL","B","null","null",0,1,2018,"-1.0747","1.2018","1.2767","2.4711","null","null","502054.00",1,1,"Top","null","null",,,457763,,"180707_021849","7.9743","-132.8162","-6.0462","-14.2696","24.9936","-16.9531","3.3643","1.5821","null","null","null","91.5910","2030","6.2080",530728,605446,457763,474832,605412,467055,543063,593700,491676,457705,"54.2892","null","null","null","null","null","null","null",3,"2","2-Seam Fastball",0,0,0,0,0,0,0,0,"Standard","Standard"
"CU","2018-07-06","76.1","-1.0788","6.2403","Dereck Rodriguez",425877,605446,"null","called_strike",,,,,"3","null","R","R","R","SF","STL","S","null","null",0,0,2018,"0.8621","-0.6605","0.5444","2.9894","null","null","502054.00",1,1,"Top","null","null",,,457763,,"180707_021825","1.8652","-110.7869","1.3996","6.7518","19.4554","-38.0597","3.2853","1.5492","null","null","null","76.1200","2449","6.2380",530728,605446,457763,474832,605412,467055,543063,593700,491676,457705,"54.2590","null","null","null","null","null","null","null",3,"1","Curveball",0,0,0,0,0,0,0,0,"Standard","Standard"
"CU","2018-07-06","77.0","-1.0028","6.2416","Dereck Rodriguez",502054,605446,"null","ball",,,,,"14","null","R","R","R","SF","STL","B","null","null",2,2,2018,"1.2120","-1.1414","0.6991","1.2570","null","null","null",1,1,"Top","null","null",,,457763,,"180707_021708","1.4572","-112.0027","-1.5014","9.5316","22.4425","-41.4113","3.0912","1.4957","null","null","null","75.5420","2688","5.4920",530728,605446,457763,474832,605412,467055,543063,593700,491676,457705,"55.0055","null","null","null","null","null","null","null",2,"5","Curveball",0,0,0,0,0,0,0,0,"Standard","Standard"
"CH","2018-07-06","86.3","-1.1388","6.2647","Dereck Rodriguez",502054,605446,"null","ball",,,,,"11","null","R","R","R","SF","STL","B","null","null",1,2,2018,"-1.2696","0.7072","-1.0199","2.7525","null","null","null",1,1,"Top","null","null",,,457763,,"180707_021654","2.8929","-125.6694","-3.6300","-14.1337","24.2012","-24.1078","3.1671","1.5716","null","null","null","86.8930","1984","6.5130",530728,605446,457763,474832,605412,467055,543063,593700,491676,457705,"53.9843","null","null","null","null","null","null","null",2,"4","Changeup",0,0,0,0,0,0,0,0,"Standard","Standard"
"CU","2018-07-06","77.2","-0.9239","6.1684","Dereck Rodriguez",502054,605446,"null","ball",,,,,"14","null","R","R","R","SF","STL","B","null","null",0,2,2018,"1.0198","-1.1309","2.0799","0.0292","null","null","null",1,1,"Top","null","null",,,457763,,"180707_021635","4.5391","-112.3208","-4.0301","7.7355","20.9462","-41.1654","3.2182","1.5286","null","null","null","77.0450","2572","6.2510",530728,605446,457763,474832,605412,467055,543063,593700,491676,457705,"54.2462","null","null","null","null","null","null","null",2,"3","Curveball",0,0,0,0,0,0,0,0,"Standard","Standard"
"FT","2018-07-06","91.3","-1.3310","6.2966","Dereck Rodriguez",502054,605446,"null","called_strike",,,,,"6","null","R","R","R","SF","STL","S","null","null",0,0,2018,"-1.0607","1.2910","0.3599","2.2923","null","null","null",1,1,"Top","null","null",,,457763,,"180707_021604","6.4484","-132.7710","-6.9415","-13.6793","24.6073","-15.8971","3.2631","1.5158","null","null","null","91.1490","2137","5.9320",530728,605446,457763,474832,605412,467055,543063,593700,491676,457705,"54.5655","null","null","null","null","null","null","null",2,"1","2-Seam Fastball",0,0,0,0,0,0,0,0,"Standard","Standard"
"FF","2018-07-06","90.6","-1.4849","6.3118","Dereck Rodriguez",572761,605446,"null","ball",,,,,"13","null","R","L","R","SF","STL","B","null","null",0,0,2018,"-0.5182","1.2050","-1.2272","2.0642","null","null","null",0,1,"Top","null","null",,,457763,,"180707_021520","1.7030","-131.8498","-7.1967","-6.2852","23.9663","-17.1824","3.5384","1.7113","null","null","null","90.2090","1841","5.7200",530728,605446,457763,474832,605412,467055,543063,593700,491676,457705,"54.7771","null","null","null","null","null","null","null",1,"1","4-Seam Fastball",0,0,0,0,0,0,0,0,"Infield shift","Strategic"