"pitch_type","game_date","release_speed","release_pos_x","release_pos_z","player_name","batter","pitcher","events","description","spin_dir","spin_rate_deprecated","break_angle_deprecated","break_length_deprecated","zone","des","game_type","stand","p_throws","home_team","away_team","type","hit_location","bb_type","balls","strikes","game_year","pfx_x","pfx_z","plate_x","plate_z","on_3b","on_2b","on_1b","outs_when_up","inning","inning_topbot","hc_x","hc_y","tfs_deprecated","tfs_zulu_deprecated","pos2_person_id","umpire","sv_id","vx0","vy0","vz0","ax","ay","az","sz_top","sz_bot","hit_distance_sc","launch_speed","launch_angle","effective_speed","release_spin_rate","release_extension","game_pk","pos1_person_id","pos2_person_id","pos3_person_id","pos4_person_id","pos5_person_id","pos6_person_id","pos7_person_id","pos8_person_id","pos9_person_id","release_pos_y","estimated_ba_using_speedangle","estimated_woba_using_speedangle","woba_value","woba_denom","babip_value","iso_value","launch_speed_angle","at_bat_number","pitch_number","pitch_name","home_score","away_score","bat_score","fld_score","post_away_score","post_home_score","post_bat_score","post_fld_score","if_fielding_alignment","of_fielding_alignment"
"SL","2018-06-30","82.6","-2.4380","4.5590","Cory Gearrin",571974,518715,"null","called_strike",,,,,"5","null","R","R","R","ARI","SF","S","null","null",0,0,2018,"1.0035","0.3487","0.1824","2.1552","null","null","605113.00",2,9,"Bot","null","null",,,457763,,"180701_050025","4.0047","-119.9691","0.4229","8.5007","24.7477","-29.3022","3.0642","1.2528","null","null","null","80.8990","2787","5.3870",530651,518715,457763,474832,605412,467055,543063,593700,491676,457705,"55.1155","null","null","null","null","null","null","null",76,"1","Slider",0,7,0,7,7,0,0,7,"Standard","Standard"
"SL","2018-06-30","82.3","-2.5112","4.6705","Cory Gearrin",605113,518715,"null","ball",,,,,"14","null","R","R","R","ARI","SF","B","null","null",1,1,2018,"0.6203","0.4181","1.0888","1.9005","null","null","null",2,9,"Bot","null","null",,,457763,,"180701_045916","6.8796","-119.5176","-0.4967","4.3832","23.7250","-28.4695","3.6011","1.6254","null","null","null","80.8020","2766","5.4480",530651,518715,457763,474832,605412,467055,543063,593700,491676,457705,"55.0536","null","null","null","null","null","null","null",75,"3","Slider",0,7,0,7,7,0,0,7,"Standard","Standard"
"SI","2018-06-30","91.9","-2.2616","4.7035","Cory Gearrin",605113,518715,"null","called_strike",,,,,"14","null","R","R","R","ARI","SF","S","null","null",1,0,2018,"-1.4186","0.4003","0.8909","1.9912","null","null","null",2,9,"Bot","null","null",,,457763,,"180701_045853","10.8203","-133.2969","-1.7980","-18.8746","29.3794","-27.3801","3.7523","1.6725","null","null","null","90.5100","2297","5.6820",530651,518715,457763,474832,605412,467055,543063,593700,491676,457705,"54.8202","null","null","null","null","null","null","null",75,"2","Sinker",0,7,0,7,7,0,0,7,"Standard","Standard"
"SI","2018-06-30","92.5","-2.2206","4.6038","Cory Gearrin",605113,518715,"null","ball",,,,,"14","null","R","R","R","ARI","SF","B","null","null",0,0,2018,"-1.5934","0.4063","1.1767","2.3914","null","null","null",2,9,"Bot","null","null",,,457763,,"180701_045831","11.8781","-133.9752","-0.6286","-21.3803","29.5804","-27.5035","3.6582","1.7397","null","null","null","91.0920","2273","5.7490",530651,518715,457763,474832,605412,467055,543063,593700,491676,457705,"54.7531","null","null","null","null","null","null","null",75,"1","Sinker",0,7,0,7,7,0,0,7,"Standard","Standard"
"SI","2018-06-30","92.7","-2.1805","4.6098","Cory Gearrin",518614,518715,"null","called_strike",,,,,"8","null","R","L","R","ARI","SF","S","null","null",1,1,2018,"-1.7503","-0.1851","0.1451","1.3843","null","null","null",1,9,"Bot","null","null",,,457763,,"180701_045652","9.5075","-134.3257","-1.9143","-22.7810","32.3558","-34.1599","3.2122","1.4645","null","null","null","90.7990","2340","5.6270",530651,518715,457763,474832,605412,467055,543063,593700,491676,457705,"54.8754","null","null","null","null","null","null","null",74,"3","Sinker",0,7,0,7,7,0,0,7,"Infield shift","Standard"
"CH","2018-06-30","86.5","-2.2414","4.3766","Cory Gearrin",518614,518715,"null","ball",,,,,"14","null","R","L","R","ARI","SF","B","null","null",0,1,2018,"-1.5253","-0.3122","0.0992","0.8745","null","null","null",1,9,"Bot","null","null",,,457763,,"180701_045629","8.4357","-125.3793","-1.3822","-17.3921","28.4255","-35.3184","3.2693","1.4645","null","null","null","84.5250","2300","5.4980",530651,518715,457763,474832,605412,467055,543063,593700,491676,457705,"55.0041","null","null","null","null","null","null","null",74,"2","Changeup",0,7,0,7,7,0,0,7,"Infield shift","Standard"
"SI","2018-06-30","92.7","-2.1939","4.6330","Cory Gearrin",518614,518715,"null","called_strike",,,,,"13","null","R","L","R","ARI","SF","S","null","null",0,0,2018,"-1.7553","-0.0124","-0.8308","1.5669","null","null","null",1,9,"Bot","null","null",,,457763,,"180701_045610","7.1194","-134.5262","-1.8779","-22.3480","33.3674","-32.1405","3.2122","1.5217","null","null","null","90.8620","2347","5.6540",530651,518715,457763,474832,605412,467055,543063,593700,491676,457705,"54.8479","null","null","null","null","null","null","null",74,"1","Sinker",0,7,0,7,7,0,0,7,"Infield shift","Standard"
"CH","2018-06-30","86.0","-2.1917","4.3740","Cory Gearrin",444482,518715,"null","ball",,,,,"14","null","R","L","R","ARI","SF","B","null","null",0,1,2018,"-1.4612","-0.2162","0.9690","1.3384","null","null","null",0,9,"Bot","null","null",,,457763,,"180701_045437","10.2610","-124.7337","-0.4631","-17.0470","25.7445","-34.5375","3.5609","1.6423","null","null","null","84.8630","2333","5.7940",530651,518715,457763,474832,605412,467055,543063,593700,491676,457705,"54.7080","null","null","null","null","null","null","null",73,"2","Changeup",0,7,0,7,7,0,0,7,"Standard","Standard"
"SI","2018-06-30","90.6","-2.1449","4.7035","Cory Gearrin",444482,518715,"null","called_strike",,,,,"4","null","R","L","R","ARI","SF","S","null","null",0,0,2018,"-1.6215","0.1059","-0.5772","2.7008","null","null","null",0,9,"Bot","null","null",,,457763,,"180701_045412","7.1028","-131.5681","0.7238","-19.6931","28.6551","-31.4207","3.2754","1.5751","null","null","null","88.7810","2213","5.3350",530651,518715,457763,474832,605412,467055,543063,593700,491676,457705,"55.1673","null","null","null","null","null","null","null",73,"1","Sinker",0,7,0,7,7,0,0,7,"Standard","Standard"
"FF","2018-06-30","94.8","-1.0318","5.4680","Jimmie Sherfy",467055,642073,"null","ball",,,,,"11","null","R","L","R","ARI","SF","B","null","null",0,2,2018,"-0.4880","1.1894","-0.5021","5.1384","457763.00","474832.00","543063.00",2,9,"Top","null","null",,,571974,,"180701_045051","2.4309","-138.0024","2.1755","-6.6596","30.7804","-17.9909","3.2089","1.3232","null","null","null","94.0140","2171","5.8140",530651,642073,571974,502671,518614,571875,605113,444482,502481,445055,"54.6885","null","null","null","null","null","null","null",72,"3","4-Seam Fastball",0,7,7,0,7,0,7,0,"Standard","Standard"
"FF","2018-06-30","94.8","-0.9461","5.5000","Jimmie Sherfy",467055,642073,"null","called_strike",,,,,"3","null","R","L","R","ARI","SF","S","null","null",0,0,2018,"-0.3203","1.3540","0.6280","3.2179","457763.00","474832.00","543063.00",2,9,"Top","null","null",,,571974,,"180701_045000","4.7854","-137.8135","-3.2123","-5.1423","32.7132","-14.7236","3.0985","1.4632","null","null","null","93.9010","2250","5.9720",530651,642073,571974,502671,518614,571875,605113,444482,502481,445055,"54.5297","null","null","null","null","null","null","null",72,"1","4-Seam Fastball",0,7,7,0,7,0,7,0,"Standard","Standard"
"SL","2018-06-30","78.2","-0.0752","5.3891","Jimmie Sherfy",543063,642073,"walk","ball",,,,,"11","Brandon Crawford walks.   Buster Posey to 3rd.    Brandon Belt to 2nd.  ","R","L","R","ARI","SF","B","null","null",3,2,2018,"0.9767","-0.8133","-0.0029","3.6180","null","457763.00","474832.00",2,9,"Top","null","null",,,571974,,"180701_044828","-1.5692","-113.4822","4.5181","8.4804","22.3966","-40.1431","3.3228","1.2761","null","null","null","76.7630","2568","5.5890",530651,642073,571974,502671,518614,571875,605113,444482,502481,445055,"54.9126","null","null","0.70",1,0,0,"null",71,"8","Slider",0,7,7,0,7,0,7,0,"Standard","Standard"
"CH","2018-06-30","89.4","-0.5416","5.2446","Jimmie Sherfy",543063,642073,"null","ball",,,,,"14","null","R","L","R","ARI","SF","B","null","null",2,2,2018,"-1.2726","0.3777","0.5474","0.8653","null","457763.00","474832.00",2,9,"Top","null","null",,,571974,,"180701_044726","5.3505","-130.0888","-5.5997","-15.5230","25.9747","-26.9750","3.2086","1.4476","null","null","null","89.5330","1913","6.2670",530651,642073,571974,502671,518614,571875,605113,444482,502481,445055,"54.2352","null","null","null","null","null","null","null",71,"6","Changeup",0,7,7,0,7,0,7,0,"Standard","Standard"
"CH","2018-06-30","85.6","-0.3971","5.2811","Jimmie Sherfy",543063,642073,"null","called_strike",,,,,"4","null","R","L","R","ARI","SF","S","null","null",0,0,2018,"-0.8733","0.4688","-0.8039","2.1980","null","457763.00","474832.00",2,9,"Top","null","null",,,571974,,"180701_044447","0.8029","-124.7583","-1.9666","-9.2746","25.1727","-27.1011","3.3328","1.3333","null","null","null","85.8080","1217","6.3450",530651,642073,571974,502671,518614,571875,605113,444482,502481,445055,"54.1569","null","null","null","null","null","null","null",71,"1","Changeup",0,7,7,0,7,0,7,0,"Standard","Standard"
"FF","2018-06-30","95.3","-0.9423","5.5517","Jimmie Sherfy",474832,642073,"walk","ball",,,,,"11","Brandon Belt walks.   Buster Posey to 2nd.  ","R","L","R","ARI","SF","B","null","null",3,1,2018,"-0.1352","1.5580","-0.7323","4.8810","null","null","457763.00",2,9,"Top","null","null",,,571974,,"180701_044407","0.8474","-138.6606","0.4481","-1.9179","33.0246","-12.7537","3.2154","1.3735","null","null","null","94.5880","2277","6.0300",530651,642073,571974,502671,518614,571875,605113,444482,502481,445055,"54.4717","null","null","0.70",1,0,0,"null",70,"5","4-Seam Fastball",0,7,7,0,7,0,7,0,"Infield shift","Standard"
"SL","2018-06-30","76.7","-0.2277","5.3286","Jimmie Sherfy",474832,642073,"null","ball",,,,,"14","null","R","L","R","ARI","SF","B","null","null",2,1,2018,"0.9465","-0.5873","0.8662","1.3403","null","null","457763.00",2,9,"Top","null","null",,,571974,,"180701_044349","0.6303","-111.5541","-0.3293","7.5791","21.6692","-37.1523","3.0441","1.3164","null","null","null","75.7180","2639","5.7850",530651,642073,571974,502671,518614,571875,605113,444482,502481,445055,"54.7171","null","null","null","null","null","null","null",70,"4","Slider",0,7,7,0,7,0,7,0,"Infield shift","Standard"
"FF","2018-06-30","95.2","-0.8696","5.5393","Jimmie Sherfy",474832,642073,"null","ball",,,,,"11","null","R","L","R","ARI","SF","B","null","null",1,0,2018,"-0.3543","1.4626","-0.4741","4.5155","null","null","457763.00",2,9,"Top","null","null",,,571974,,"180701_044304","1.8079","-138.5125","-0.2527","-4.9003","32.1716","-13.8657","3.2154","1.4307","null","null","null","94.4190","2271","5.9320",530651,642073,571974,502671,518614,571875,605113,444482,502481,445055,"54.5698","null","null","null","null","null","null","null",70,"2","4-Seam Fastball",0,7,7,0,7,0,7,0,"Infield shift","Standard"
"SL","2018-06-30","79.9","-0.5330","5.2319","Jimmie Sherfy",457705,642073,"null","called_strike",,,,,"5","null","R","R","R","ARI","SF","S","null","null",1,0,2018,"0.8387","-0.3183","0.1264","2.2636","null","null","457763.00",1,9,"Top","null","null",,,571974,,"180701_044048","-0.0839","-116.2099","0.7852","7.4044","22.7038","-35.3935","3.3526","1.5952","null","null","null","78.7850","2684","5.6330",530651,642073,571974,502671,518614,571875,605113,444482,502481,445055,"54.8688","null","null","null","null","null","null","null",69,"2","Slider",0,7,7,0,7,0,7,0,"Infield shift","Standard"
"SL","2018-06-30","80.7","-0.5221","5.3384","Jimmie Sherfy",457705,642073,"null","ball",,,,,"14","null","R","R","R","ARI","SF","B","null","null",0,0,2018,"0.7707","-0.8080","0.4698","1.3231","null","null","457763.00",1,9,"Top","null","null",,,571974,,"180701_044031","0.7749","-117.4193","-0.7557","6.7470","23.2038","-39.5288","3.2955","1.5952","null","null","null","79.4190","2822","5.5050",530651,642073,571974,502671,518614,571875,605113,444482,502481,445055,"54.9973","null","null","null","null","null","null","null",69,"1","Slider",0,7,7,0,7,0,7,0,"Infield shift","Standard"
"SL","2018-06-30","78.5","-0.4588","5.4285","Jimmie Sherfy",593700,642073,"null","ball",,,,,"11","null","R","L","R","ARI","SF","B","null","null",0,0,2018,"0.7127","-0.6595","-1.2791","3.3434","null","null","null",0,9,"Top","null","null",,,571974,,"180701_043901","-3.0064","-114.0344","3.4584","6.5991","20.4719","-38.6520","3.2754","1.4238","null","null","null","77.4160","2497","5.5610",530651,642073,571974,502671,518614,571875,605113,444482,502481,445055,"54.9414","null","null","null","null","null","null","null",67,"1","Slider",0,7,7,0,7,0,7,0,"Infield shift","Standard"
"SL","2018-06-30","78.8","3.0977","6.1870","Ty Blach",571875,621389,"null","called_strike",,,,,"5","null","R","L","L","ARI","SF","S","null","null",0,1,2018,"-0.5217","-0.0999","-0.2376","2.1285","null","null","null",2,8,"Bot","null","null",,,457763,,"180701_043631","-6.1165","-114.2347","-1.6740","-3.0389","23.0454","-32.9884","3.3627","1.4709","null","null","null","75.8840","2483","4.5990",530651,621389,457763,474832,605412,467055,543063,593700,491676,457705,"55.9032","null","null","null","null","null","null","null",66,"2","Slider",0,7,0,7,7,0,0,7,"Standard","Standard"
"SI","2018-06-30","90.5","3.0117","6.1799","Ty Blach",571875,621389,"null","called_strike",,,,,"4","null","R","L","L","ARI","SF","S","null","null",0,0,2018,"1.4079","0.8503","-0.5963","2.2382","null","null","null",2,8,"Bot","null","null",,,457763,,"180701_043619","-11.4894","-130.8916","-5.3842","17.8776","28.0617","-22.0007","3.4769","1.4709","null","null","null","87.7940","2263","4.9690",530651,621389,457763,474832,605412,467055,543063,593700,491676,457705,"55.5326","null","null","null","null","null","null","null",66,"1","Sinker",0,7,0,7,7,0,0,7,"Standard","Standard"
"CU","2018-06-30","76.4","3.0448","6.3276","Ty Blach",502671,621389,"null","ball",,,,,"13","null","R","R","L","ARI","SF","B","null","null",1,1,2018,"-0.9935","-1.3721","-0.1434","0.5816","null","null","null",1,8,"Bot","null","null",,,457763,,"180701_043515","-4.8540","-110.6622","-2.4773","-6.5289","23.7265","-42.4659","3.4499","1.5482","null","null","null","73.1520","2605","4.5630",530651,621389,457763,474832,605412,467055,543063,593700,491676,457705,"55.9390","null","null","null","null","null","null","null",65,"3","Curveball",0,7,0,7,7,0,0,7,"Infield shift","Standard"
"SI","2018-06-30","90.1","3.0980","6.1801","Ty Blach",502671,621389,"null","ball",,,,,"13","null","R","R","L","ARI","SF","B","null","null",0,0,2018,"1.2654","0.9176","-0.9596","1.8124","null","null","null",1,8,"Bot","null","null",,,457763,,"180701_043447","-12.1370","-130.2112","-6.3882","16.1938","28.3614","-21.2702","3.5641","1.6053","null","null","null","86.7940","2198","4.6630",530651,621389,457763,474832,605412,467055,543063,593700,491676,457705,"55.8392","null","null","null","null","null","null","null",65,"1","Sinker",0,7,0,7,7,0,0,7,"Infield shift","Standard"
"SI","2018-06-30","89.7","3.0721","6.2501","Ty Blach",445055,621389,"null","called_strike",,,,,"4","null","R","L","L","ARI","SF","S","null","null",1,1,2018,"1.2232","0.9290","-0.5428","2.4249","null","null","null",0,8,"Bot","null","null",,,457763,,"180701_043408","-10.9752","-129.7802","-5.0649","15.4146","28.1332","-21.4861","3.5038","1.6122","null","null","null","86.5900","2220","4.7140",530651,621389,457763,474832,605412,467055,543063,593700,491676,457705,"55.7876","null","null","null","null","null","null","null",64,"3","Sinker",0,7,0,7,7,0,0,7,"Standard","Standard"
"SI","2018-06-30","90.6","3.0191","6.1684","Ty Blach",445055,621389,"null","ball",,,,,"13","null","R","L","L","ARI","SF","B","null","null",0,1,2018,"1.2917","0.9068","-1.5829","1.3874","null","null","null",0,8,"Bot","null","null",,,457763,,"180701_043356","-13.5783","-130.7493","-7.4773","16.8804","27.3884","-21.0490","3.5508","1.6693","null","null","null","87.4580","2227","4.7640",530651,621389,457763,474832,605412,467055,543063,593700,491676,457705,"55.7381","null","null","null","null","null","null","null",64,"2","Sinker",0,7,0,7,7,0,0,7,"Standard","Standard"
"SL","2018-06-30","76.6","3.0316","6.2711","Ty Blach",445055,621389,"null","called_strike",,,,,"7","null","R","L","L","ARI","SF","S","null","null",0,0,2018,"-1.0694","-0.1373","-0.4011","2.0056","null","null","null",0,8,"Bot","null","null",,,457763,,"180701_043344","-5.2567","-111.0717","-1.5768","-7.2367","22.8715","-33.2522","3.6751","1.7265","null","null","null","73.9510","2298","4.8550",530651,621389,457763,474832,605412,467055,543063,593700,491676,457705,"55.6474","null","null","null","null","null","null","null",64,"1","Slider",0,7,0,7,7,0,0,7,"Standard","Standard"
"FF","2018-06-30","95.1","-0.8113","5.6449","Jimmie Sherfy",621389,642073,"null","ball",,,,,"11","null","R","R","R","ARI","SF","B","null","null",0,0,2018,"-0.2435","1.3131","-1.0509","4.8084","null","null","null",2,8,"Top","null","null",,,571974,,"180701_043004","-0.0920","-138.4518","0.5700","-3.0490","31.7956","-15.9977","3.4463","1.6693","null","null","null","94.2740","2251","5.8460",530651,642073,571974,502671,518614,571875,605113,444482,502481,445055,"54.6565","null","null","null","null","null","null","null",63,"1","4-Seam Fastball",0,7,7,0,7,0,7,0,"Standard","Standard"
"FF","2018-06-30","95.9","-0.9396","5.5805","Jimmie Sherfy",491676,642073,"null","called_strike",,,,,"3","null","R","R","R","ARI","SF","S","null","null",0,1,2018,"-0.3623","1.4301","0.4657","2.9314","null","null","null",1,8,"Top","null","null",,,571974,,"180701_042918","4.5030","-139.4290","-4.5581","-5.7074","32.0401","-12.9175","3.4338","1.6259","null","null","null","95.3660","2298","6.0800",530651,642073,571974,502671,518614,571875,605113,444482,502481,445055,"54.4220","null","null","null","null","null","null","null",62,"2","4-Seam Fastball",0,7,7,0,7,0,7,0,"Standard","Standard"
"FF","2018-06-30","94.3","-0.6587","5.5311","Jimmie Sherfy",467055,642073,"null","called_strike",,,,,"7","null","R","L","R","ARI","SF","S","null","null",2,0,2018,"-0.2809","1.4381","-0.3042","1.7383","null","null","null",0,8,"Top","null","null",,,571974,,"180701_042718","1.5307","-137.0638","-7.2293","-3.8488","32.7342","-12.8647","3.1619","1.4375","null","null","null","93.4890","2193","6.0600",530651,642073,571974,502671,518614,571875,605113,444482,502481,445055,"54.4425","null","null","null","null","null","null","null",60,"3","4-Seam Fastball",0,6,6,0,6,0,6,0,"Standard","Standard"
"FF","2018-06-30","93.9","-0.3903","5.6075","Jimmie Sherfy",467055,642073,"null","ball",,,,,"11","null","R","L","R","ARI","SF","B","null","null",1,0,2018,"-0.3456","1.4459","-1.5660","2.4836","null","null","null",0,8,"Top","null","null",,,571974,,"180701_042703","-2.2733","-136.5975","-5.4375","-3.7059","32.1306","-13.4082","3.0376","1.3232","null","null","null","92.9910","2213","5.9230",530651,642073,571974,502671,518614,571875,605113,444482,502481,445055,"54.5793","null","null","null","null","null","null","null",60,"2","4-Seam Fastball",0,6,6,0,6,0,6,0,"Standard","Standard"
"FF","2018-06-30","95.5","-0.7476","5.6390","Jimmie Sherfy",467055,642073,"null","ball",,,,,"11","null","R","L","R","ARI","SF","B","null","null",0,0,2018,"-0.4306","1.3870","-1.0712","3.9744","null","null","null",0,8,"Top","null","null",,,571974,,"180701_042649","0.1007","-139.0035","-1.7720","-5.4805","33.9359","-14.4284","2.9234","1.3232","null","null","null","94.4860","2227","5.8870",530651,642073,571974,502671,518614,571875,605113,444482,502481,445055,"54.6154","null","null","null","null","null","null","null",60,"1","4-Seam Fastball",0,6,6,0,6,0,6,0,"Standard","Standard"
"CU","2018-06-30","75.0","3.0649","6.4627","Ty Blach",572008,621389,"null","called_strike",,,,,"2","null","R","R","L","ARI","SF","S","null","null",0,0,2018,"-1.0352","-1.1017","-0.1012","3.0692","null","null","605113.00",2,7,"Bot","null","null",,,457763,,"180701_042250","-4.6616","-108.7467","1.9543","-6.7957","20.3179","-41.0298","3.1317","1.4243","null","null","null","72.1600","2567","4.4690",530651,621389,457763,474832,605412,467055,543063,593700,491676,457705,"56.0335","null","null","null","null","null","null","null",59,"1","Curveball",0,6,0,6,6,0,0,6,"Standard","Standard"
"SI","2018-06-30","91.2","3.2612","6.2014","Ty Blach",502481,621389,"null","ball",,,,,"14","null","R","L","L","ARI","SF","B","null","null",0,2,2018,"1.3792","0.9748","1.4026","2.1733","null","null","605113.00",1,7,"Bot","null","null",,,457763,,"180701_042137","-7.2085","-132.1979","-5.9621","16.8245","28.7839","-20.4003","3.3662","1.5651","null","null","null","88.2210","2096","4.6930",530651,621389,457763,474832,605412,467055,543063,593700,491676,457705,"55.8086","null","null","null","null","null","null","null",58,"3","Sinker",0,6,0,6,6,0,0,6,"Standard","Standard"
"SI","2018-06-30","91.0","3.0888","6.2890","Ty Blach",502481,621389,"null","called_strike",,,,,"7","null","R","L","L","ARI","SF","S","null","null",0,1,2018,"1.2101","1.0668","-0.5866","1.8452","null","null","605113.00",1,7,"Bot","null","null",,,457763,,"180701_042122","-11.2598","-131.5382","-7.0842","15.6964","27.9508","-19.2374","3.4704","1.6222","null","null","null","87.9670","2183","4.7700",530651,621389,457763,474832,605412,467055,543063,593700,491676,457705,"55.7319","null","null","null","null","null","null","null",58,"2","Sinker",0,6,0,6,6,0,0,6,"Strategic","Standard"
"SI","2018-06-30","90.7","3.0956","6.3269","Ty Blach",502481,621389,"null","called_strike",,,,,"7","null","R","L","L","ARI","SF","S","null","null",0,0,2018,"1.3862","1.0193","-0.3334","1.8797","null","null","605113.00",1,7,"Bot","null","null",,,457763,,"180701_042106","-10.9242","-131.1528","-6.9176","17.3765","27.6585","-19.9353","3.5846","1.7365","null","null","null","87.4730","2110","4.6060",530651,621389,457763,474832,605412,467055,543063,593700,491676,457705,"55.8960","null","null","null","null","null","null","null",58,"1","Sinker",0,6,0,6,6,0,0,6,"Strategic","Standard"
"CU","2018-06-30","74.7","-0.5998","6.0882","Dereck Rodriguez",571974,605446,"null","ball",,,,,"11","null","R","R","R","ARI","SF","B","null","null",2,2,2018,"0.8908","-1.0407","-0.1821","3.5181","null","null","605113.00",0,7,"Bot","null","null",,,457763,,"180701_041713","-0.6940","-108.5093","3.8033","7.0580","21.1196","-41.2541","3.0742","1.1957","null","null","null","74.0140","2478","6.1340",530651,605446,457763,474832,605412,467055,543063,593700,491676,457705,"54.3685","null","null","null","null","null","null","null",57,"5","Curveball",0,6,0,6,6,0,0,6,"Standard","Standard"
"FC","2018-06-30","84.6","-0.8557","6.0902","Dereck Rodriguez",571974,605446,"null","ball",,,,,"14","null","R","R","R","ARI","SF","B","null","null",1,0,2018,"0.3382","0.5697","1.0217","1.7155","null","null","605113.00",0,7,"Bot","null","null",,,457763,,"180701_041557","3.7107","-123.1914","-4.9930","2.6854","24.9781","-25.5886","3.1313","1.1957","null","null","null","84.6910","2107","6.3590",530651,605446,457763,474832,605412,467055,543063,593700,491676,457705,"54.1426","null","null","null","null","null","null","null",57,"2","Cutter",0,6,0,6,6,0,0,6,"Standard","Standard"
"FT","2018-06-30","88.3","-0.8507","6.2112","Dereck Rodriguez",571974,605446,"null","ball",,,,,"11","null","R","R","R","ARI","SF","B","null","null",0,0,2018,"-0.9937","1.3228","-0.2649","4.1224","null","null","605113.00",0,7,"Bot","null","null",,,457763,,"180701_041532","3.4871","-128.5762","-1.7319","-11.7031","27.5983","-17.4462","3.0742","1.1957","null","null","null","88.1830","1969","6.2610",530651,605446,457763,474832,605412,467055,543063,593700,491676,457705,"54.2406","null","null","null","null","null","null","null",57,"1","2-Seam Fastball",0,6,0,6,6,0,0,6,"Standard","Standard"
"FF","2018-06-30","92.2","-1.2654","6.0331","Dereck Rodriguez",606466,605446,"null","called_strike",,,,,"8","null","R","L","R","ARI","SF","S","null","null",2,1,2018,"-0.7079","1.2897","-0.2620","2.0509","null","null","null",0,7,"Bot","null","null",,,457763,,"180701_041259","4.0536","-134.1370","-7.0514","-9.3316","28.1243","-15.4658","3.5508","1.5651","null","null","null","91.9380","2071","6.0770",530651,605446,457763,474832,605412,467055,543063,593700,491676,457705,"54.4249","null","null","null","null","null","null","null",56,"4","4-Seam Fastball",0,6,0,6,6,0,0,6,"Standard","Standard"
"FT","2018-06-30","92.6","-1.2271","6.0629","Dereck Rodriguez",606466,605446,"null","called_strike",,,,,"7","null","R","L","R","ARI","SF","S","null","null",2,0,2018,"-1.1575","1.0885","-0.7606","2.0215","null","null","null",0,7,"Bot","null","null",,,457763,,"180701_041244","3.6930","-134.6262","-6.8409","-14.7978","29.6637","-17.7414","3.6630","1.4488","null","null","null","92.3170","2124","6.2060",530651,605446,457763,474832,605412,467055,543063,593700,491676,457705,"54.2959","null","null","null","null","null","null","null",56,"3","2-Seam Fastball",0,6,0,6,6,0,0,6,"Standard","Standard"
"FF","2018-06-30","92.0","-1.2067","6.0683","Dereck Rodriguez",606466,605446,"null","ball",,,,,"7","null","R","L","R","ARI","SF","B","null","null",1,0,2018,"-0.7319","1.3417","-0.6626","1.6938","null","null","null",0,7,"Bot","null","null",,,457763,,"180701_041230","2.9297","-133.7120","-8.0826","-9.3166","28.0836","-14.7504","3.5566","1.6028","null","null","null","91.5760","2166","6.0450",530651,605446,457763,474832,605412,467055,543063,593700,491676,457705,"54.4566","null","null","null","null","null","null","null",56,"2","4-Seam Fastball",0,6,0,6,6,0,0,6,"Standard","Standard"
"CU","2018-06-30","75.4","-1.0734","6.0291","Dereck Rodriguez",606466,605446,"null","ball",,,,,"13","null","R","L","R","ARI","SF","B","null","null",0,0,2018,"1.1853","-1.0301","-0.7884","1.2083","null","null","null",0,7,"Bot","null","null",,,457763,,"180701_041216","-1.4099","-109.5238","-1.0269","9.4187","21.3034","-40.2147","3.5609","1.3465","null","null","null","73.6940","2671","5.3430",530651,605446,457763,474832,605412,467055,543063,593700,491676,457705,"55.1586","null","null","null","null","null","null","null",56,"1","Curveball",0,6,0,6,6,0,0,6,"Standard","Standard"
"SI","2018-06-30","91.5","2.3178","5.5807","T.J. McFarland",543063,519008,"null","ball",,,,,"13","null","R","L","L","ARI","SF","B","null","null",0,0,2018,"1.5576","0.2167","-0.9966","1.0474","null","null","457705.00",2,7,"Top","null","null",,,571974,,"180701_040650","-11.3857","-132.4584","-5.8118","20.3065","29.9735","-28.6657","3.3799","1.4476","null","null","null","89.5420","2133","5.5100",530651,519008,571974,502671,518614,571875,606466,444482,502481,445055,"54.9922","null","null","null","null","null","null","null",55,"1","Sinker",0,6,6,0,6,0,6,0,"Infield shift","Standard"
"SI","2018-06-30","91.6","2.2247","5.5816","T.J. McFarland",474832,519008,"null","ball",,,,,"13","null","R","L","L","ARI","SF","B","null","null",0,0,2018,"1.4328","-0.0728","-1.5695","1.3820","null","null","457705.00",1,7,"Top","null","null",,,571974,,"180701_040520","-12.2620","-132.4698","-4.3892","18.9878","29.7686","-32.2922","3.1583","1.6021","null","null","null","89.3200","1989","5.3480",530651,519008,571974,502671,518614,571875,606466,444482,502481,445055,"55.1538","null","null","null","null","null","null","null",54,"1","Sinker",0,6,6,0,6,0,6,0,"Infield shift","Standard"
"SI","2018-06-30","91.8","2.3162","5.5100","T.J. McFarland",457705,519008,"null","ball",,,,,"14","null","R","R","L","ARI","SF","B","null","null",1,1,2018,"1.4330","0.3802","0.6979","1.2985","null","null","null",1,7,"Top","null","null",,,571974,,"180701_040418","-6.9669","-133.1817","-5.4530","18.0542","29.6868","-26.8491","3.4668","1.7095","null","null","null","90.0660","2087","5.4830",530651,519008,571974,502671,518614,571875,606466,444482,502481,445055,"55.0193","null","null","null","null","null","null","null",53,"3","Sinker",0,6,6,0,6,0,6,0,"Infield shift","Standard"
"CH","2018-06-30","85.0","2.2487","5.7182","T.J. McFarland",457705,519008,"null","ball",,,,,"14","null","R","R","L","ARI","SF","B","null","null",0,1,2018,"1.4676","0.3713","1.2553","1.3790","null","null","null",1,7,"Top","null","null",,,571974,,"180701_040357","-5.0535","-123.3606","-4.3827","15.4632","27.1628","-27.8739","3.4668","1.6524","null","null","null","82.9620","1744","5.3270",530651,519008,571974,502671,518614,571875,606466,444482,502481,445055,"55.1748","null","null","null","null","null","null","null",53,"2","Changeup",0,6,6,0,6,0,6,0,"Infield shift","Standard"
"SL","2018-06-30","80.0","2.1576","5.7569","T.J. McFarland",457705,519008,"null","called_strike",,,,,"14","null","R","R","L","ARI","SF","S","null","null",0,0,2018,"-0.5909","-0.1355","0.9853","2.3167","null","null","null",1,7,"Top","null","null",,,571974,,"180701_040340","-1.4866","-116.3044","-0.5744","-4.8157","23.2534","-33.5287","3.2955","1.5952","null","null","null","78.0400","2353","5.1060",530651,519008,571974,502671,518614,571875,606466,444482,502481,445055,"55.3961","null","null","null","null","null","null","null",53,"1","Slider",0,6,6,0,6,0,6,0,"Infield shift","Standard"
"SI","2018-06-30","91.0","2.2662","5.5386","T.J. McFarland",457763,519008,"strikeout","called_strike",,,,,"7","Buster Posey called out on strikes.  ","R","R","L","ARI","SF","S",2,"null",3,2,2018,"1.5729","0.3238","-0.4126","1.4877","null","null","null",0,7,"Top","null","null",,,571974,,"180701_040306","-9.8261","-131.9517","-4.7898","20.0089","29.3440","-27.7055","3.4467","1.4608","null","null","null","89.3490","2010","5.5720",530651,519008,571974,502671,518614,571875,606466,444482,502481,445055,"54.9304","null","null","0.00",1,0,0,"null",52,"6","Sinker",0,6,6,0,6,0,6,0,"Standard","Standard"
"SI","2018-06-30","91.6","2.2797","5.5977","T.J. McFarland",457763,519008,"null","called_strike",,,,,"9","null","R","R","L","ARI","SF","S","null","null",3,1,2018,"1.5198","0.6093","0.3911","2.0720","null","null","null",0,7,"Top","null","null",,,571974,,"180701_040243","-7.7771","-132.9075","-4.1646","19.1109","30.1722","-24.5553","3.3896","1.6323","null","null","null","89.6500","2087","5.3870",530651,519008,571974,502671,518614,571875,606466,444482,502481,445055,"55.1153","null","null","null","null","null","null","null",52,"5","Sinker",0,6,6,0,6,0,6,0,"Standard","Standard"
"SI","2018-06-30","91.7","2.2631","5.6531","T.J. McFarland",457763,519008,"null","ball",,,,,"13","null","R","R","L","ARI","SF","B","null","null",2,1,2018,"1.4738","0.4138","-1.2224","1.9233","null","null","null",0,7,"Top","null","null",,,571974,,"180701_040223","-11.6098","-132.7565","-4.2793","19.3310","28.6055","-26.7945","3.3695","1.6323","null","null","null","89.6910","2077","5.3570",530651,519008,571974,502671,518614,571875,606466,444482,502481,445055,"55.1451","null","null","null","null","null","null","null",52,"4","Sinker",0,6,6,0,6,0,6,0,"Standard","Standard"
"SI","2018-06-30","91.7","2.2956","5.5675","T.J. McFarland",457763,519008,"null","called_strike",,,,,"7","null","R","R","L","ARI","SF","S","null","null",2,0,2018,"1.5307","0.4455","-0.3684","1.8138","null","null","null",0,7,"Top","null","null",,,571974,,"180701_040204","-9.7353","-132.8897","-4.4087","19.6986","29.6804","-26.3614","3.5038","1.6894","null","null","null","89.8000","2082","5.4500",530651,519008,571974,502671,518614,571875,606466,444482,502481,445055,"55.0520","null","null","null","null","null","null","null",52,"3","Sinker",0,6,6,0,6,0,6,0,"Standard","Standard"
"SI","2018-06-30","91.2","2.3892","5.6706","T.J. McFarland",457763,519008,"null","ball",,,,,"14","null","R","R","L","ARI","SF","B","null","null",1,0,2018,"1.5663","0.1786","1.7072","2.4203","null","null","null",0,7,"Top","null","null",,,571974,,"180701_040145","-4.7910","-132.4474","-2.5523","18.6257","29.2276","-29.9000","3.5408","1.6323","null","null","null","88.8580","2042","5.0220",530651,519008,571974,502671,518614,571875,606466,444482,502481,445055,"55.4800","null","null","null","null","null","null","null",52,"2","Sinker",0,6,6,0,6,0,6,0,"Standard","Standard"
"SL","2018-06-30","80.1","2.1430","5.8023","T.J. McFarland",457763,519008,"null","ball",,,,,"13","null","R","R","L","ARI","SF","B","null","null",0,0,2018,"-0.6233","-0.0483","-0.6355","0.7732","null","null","null",0,7,"Top","null","null",,,571974,,"180701_040127","-4.8894","-116.1925","-4.0900","-4.3260","24.8669","-32.0267","3.3695","1.6323","null","null","null","77.8710","2431","5.2120",530651,519008,571974,502671,518614,571875,606466,444482,502481,445055,"55.2902","null","null","null","null","null","null","null",52,"1","Slider",0,6,6,0,6,0,6,0,"Standard","Standard"
"FT","2018-06-30","90.1","-1.0649","6.0497","Dereck Rodriguez",518614,605446,"null","called_strike",,,,,"1","null","R","L","R","ARI","SF","S","null","null",0,0,2018,"-0.9171","0.9065","-0.5423","3.0172","null","null","444482.00",2,6,"Bot","null","null",,,457763,,"180701_035800","3.2654","-131.1764","-3.5219","-11.3181","27.6173","-21.1323","3.2122","1.5217","null","null","null","90.4520","1877","6.4680",530651,605446,457763,474832,605412,467055,543063,593700,491676,457705,"54.0343","null","null","null","null","null","null","null",51,"1","2-Seam Fastball",0,6,0,6,6,0,0,6,"Infield shift","Standard"
"FT","2018-06-30","92.9","-0.9506","6.0600","Dereck Rodriguez",444482,605446,"walk","ball",,,,,"11","David Peralta walks.  ","R","L","R","ARI","SF","B","null","null",3,2,2018,"-1.1835","0.7666","-1.0042","3.5710","null","null","null",2,6,"Bot","null","null",,,457763,,"180701_035725","2.4488","-135.2616","-2.2829","-15.0405","28.9834","-22.4957","3.3896","1.6423","null","null","null","93.0350","1930","6.3000",530651,605446,457763,474832,605412,467055,543063,593700,491676,457705,"54.2016","null","null","0.70",1,0,0,"null",50,"7","2-Seam Fastball",0,6,0,6,6,0,0,6,"Standard","Standard"
"FC","2018-06-30","85.2","-1.2926","5.9481","Dereck Rodriguez",444482,605446,"null","ball",,,,,"11","null","R","L","R","ARI","SF","B","null","null",2,2,2018,"0.2472","0.3540","-1.3708","4.2446","null","null","null",2,6,"Bot","null","null",,,457763,,"180701_035702","-0.6748","-124.0126","1.6005","2.6666","25.2093","-29.1050","3.3325","1.4709","null","null","null","84.9600","1820","6.1580",530651,605446,457763,474832,605412,467055,543063,593700,491676,457705,"54.3438","null","null","null","null","null","null","null",50,"6","Cutter",0,6,0,6,6,0,0,6,"Standard","Standard"
"CU","2018-06-30","77.9","-1.1889","5.9070","Dereck Rodriguez",444482,605446,"null","ball",,,,,"11","null","R","L","R","ARI","SF","B","null","null",1,2,2018,"1.5476","-0.5309","-1.7368","4.0418","null","null","null",2,6,"Bot","null","null",,,457763,,"180701_035622","-3.8534","-112.9942","3.8934","13.5147","23.6199","-37.6472","3.4467","1.5852","null","null","null","76.0240","2683","5.4450",530651,605446,457763,474832,605412,467055,543063,593700,491676,457705,"55.0569","null","null","null","null","null","null","null",50,"4","Curveball",0,6,0,6,6,0,0,6,"Standard","Standard"
"CH","2018-06-30","85.7","-1.1278","6.1256","Dereck Rodriguez",444482,605446,"null","called_strike",,,,,"11","null","R","L","R","ARI","SF","S","null","null",1,0,2018,"-1.4901","0.6391","-0.0467","3.4237","null","null","null",2,6,"Bot","null","null",,,457763,,"180701_035541","5.5545","-124.7192","-1.3800","-16.6223","26.0296","-25.4802","3.2437","1.4907","null","null","null","85.5560","2188","6.2790",530651,605446,457763,474832,605412,467055,543063,593700,491676,457705,"54.2233","null","null","null","null","null","null","null",50,"2","Changeup",0,6,0,6,6,0,0,6,"Standard","Standard"
"CH","2018-06-30","84.3","-1.3182","6.0665","Dereck Rodriguez",444482,605446,"null","ball",,,,,"13","null","R","L","R","ARI","SF","B","null","null",0,0,2018,"-1.3953","0.7144","-0.6457","0.7915","null","null","null",2,6,"Bot","null","null",,,457763,,"180701_035527","4.4304","-122.6346","-7.3667","-15.1786","25.3836","-23.5458","3.4467","1.4709","null","null","null","84.9480","1955","6.8340",530651,605446,457763,474832,605412,467055,543063,593700,491676,457705,"53.6677","null","null","null","null","null","null","null",50,"1","Changeup",0,6,0,6,6,0,0,6,"Standard","Standard"
"FF","2018-06-30","93.8","-1.2506","6.0457","Dereck Rodriguez",571875,605446,"null","ball",,,,,"11","null","R","L","R","ARI","SF","B","null","null",2,2,2018,"-0.5748","1.2224","-0.2535","4.1952","null","null","null",1,6,"Bot","null","null",,,457763,,"180701_035431","3.7895","-136.4963","-1.6956","-7.8874","30.0449","-17.0417","3.5253","1.6337","null","null","null","93.0180","2095","5.8260",530651,605446,457763,474832,605412,467055,543063,593700,491676,457705,"54.6758","null","null","null","null","null","null","null",49,"5","4-Seam Fastball",0,6,0,6,6,0,0,6,"Infield shift","Standard"
"FT","2018-06-30","90.7","-1.3573","6.0478","Dereck Rodriguez",571875,605446,"null","called_strike",,,,,"13","null","R","L","R","ARI","SF","S","null","null",2,1,2018,"-1.1289","0.8840","-0.7973","1.2320","null","null","null",1,6,"Bot","null","null",,,457763,,"180701_035410","3.8788","-131.9855","-8.0938","-14.1885","28.2041","-20.1795","3.3439","1.4797","null","null","null","91.4070","1940","6.7270",530651,605446,457763,474832,605412,467055,543063,593700,491676,457705,"53.7755","null","null","null","null","null","null","null",49,"4","2-Seam Fastball",0,6,0,6,6,0,0,6,"Infield shift","Standard"
"CH","2018-06-30","85.4","-1.2787","6.0760","Dereck Rodriguez",571875,605446,"null","ball",,,,,"13","null","R","L","R","ARI","SF","B","null","null",1,1,2018,"-1.6602","0.7210","-0.9171","0.0173","null","null","null",1,6,"Bot","null","null",,,457763,,"180701_035350","4.1296","-123.8975","-9.2601","-17.7205","26.5825","-23.1220","3.3727","1.5381","null","null","null","84.5470","2063","6.0700",530651,605446,457763,474832,605412,467055,543063,593700,491676,457705,"54.4323","null","null","null","null","null","null","null",49,"3","Changeup",0,6,0,6,6,0,0,6,"Infield shift","Standard"
"FT","2018-06-30","88.7","-1.1592","6.1359","Dereck Rodriguez",571875,605446,"null","called_strike",,,,,"8","null","R","L","R","ARI","SF","S","null","null",1,0,2018,"-1.1701","1.3601","-0.2442","1.5025","null","null","null",1,6,"Bot","null","null",,,457763,,"180701_035333","4.5706","-128.6695","-7.8701","-13.6806","28.8546","-15.9638","3.4198","1.4709","null","null","null","87.2940","2008","5.7610",530651,605446,457763,474832,605412,467055,543063,593700,491676,457705,"54.7414","null","null","null","null","null","null","null",49,"2","2-Seam Fastball",0,6,0,6,6,0,0,6,"Infield shift","Standard"
"FF","2018-06-30","91.4","-1.3765","6.1141","Dereck Rodriguez",571875,605446,"null","ball",,,,,"13","null","R","L","R","ARI","SF","B","null","null",0,0,2018,"-0.6415","1.4075","-0.8948","2.1692","null","null","null",1,6,"Bot","null","null",,,457763,,"180701_035319","2.5517","-132.8299","-6.9471","-8.0247","29.8367","-14.5126","3.3156","1.4238","null","null","null","90.4890","2035","5.9180",530651,605446,457763,474832,605412,467055,543063,593700,491676,457705,"54.5842","null","null","null","null","null","null","null",49,"1","4-Seam Fastball",0,6,0,6,6,0,0,6,"Infield shift","Standard"
"CU","2018-06-30","74.1","-1.0215","6.1821","Dereck Rodriguez",502671,605446,"null","called_strike",,,,,"5","null","R","R","R","ARI","SF","S","null","null",0,0,2018,"1.1594","-1.1116","0.1013","2.5628","null","null","null",0,6,"Bot","null","null",,,457763,,"180701_035225","0.2896","-107.7229","1.9020","8.7328","22.0593","-41.2684","3.5070","1.5952","null","null","null","73.0830","2656","5.9870",530651,605446,457763,474832,605412,467055,543063,593700,491676,457705,"54.5154","null","null","null","null","null","null","null",48,"1","Curveball",0,6,0,6,6,0,0,6,"Infield shift","Standard"
"SI","2018-06-30","92.0","2.3226","5.6871","T.J. McFarland",605446,519008,"null","ball",,,,,"14","null","R","R","L","ARI","SF","B","null","null",0,2,2018,"1.7375","0.1979","0.1357","0.4659","null","null","null",1,6,"Top","null","null",,,571974,,"180701_034852","-8.8950","-133.1216","-7.4905","21.7532","31.4287","-28.4734","3.5899","1.7013","null","null","null","89.2150","2034","5.1130",530651,519008,571974,502671,518614,571875,606466,444482,502481,445055,"55.3888","null","null","null","null","null","null","null",46,"3","Sinker",0,6,6,0,6,0,6,0,"Standard","Standard"
"SI","2018-06-30","92.0","2.3483","5.6790","T.J. McFarland",605446,519008,"null","called_strike",,,,,"14","null","R","R","L","ARI","SF","S","null","null",0,0,2018,"1.6563","0.1078","0.4736","1.4305","null","null","null",1,6,"Top","null","null",,,571974,,"180701_034820","-7.9965","-133.4137","-4.9815","20.7398","30.1291","-30.1042","3.4947","1.6380","null","null","null","89.7120","2036","5.1900",530651,519008,571974,502671,518614,571875,606466,444482,502481,445055,"55.3125","null","null","null","null","null","null","null",46,"1","Sinker",0,6,6,0,6,0,6,0,"Standard","Standard"
"SI","2018-06-30","91.4","2.3231","5.6324","T.J. McFarland",491676,519008,"null","ball",,,,,"13","null","R","R","L","ARI","SF","B","null","null",0,0,2018,"1.5163","0.4400","-0.0105","0.6587","null","null","null",0,6,"Top","null","null",,,571974,,"180701_034729","-8.7768","-132.5208","-7.3754","18.9886","26.7953","-25.9484","3.2826","1.5116","null","null","null","89.4400","2007","5.1640",530651,519008,571974,502671,518614,571875,606466,444482,502481,445055,"55.3376","null","null","null","null","null","null","null",45,"1","Sinker",0,6,6,0,6,0,6,0,"Standard","Standard"
"FT","2018-06-30","91.9","-0.9487","6.0229","Dereck Rodriguez",445055,605446,"null","ball",,,,,"9","null","R","L","R","ARI","SF","B","null","null",0,0,2018,"-0.9855","1.1304","0.5981","2.1661","null","null","502481.00",2,5,"Bot","null","null",,,457763,,"180701_034414","6.0527","-133.5817","-6.3658","-13.0966","28.4323","-17.4872","3.4026","1.6123","null","null","null","91.9530","1935","6.3580",530651,605446,457763,474832,605412,467055,543063,593700,491676,457705,"54.1443","null","null","null","null","null","null","null",44,"1","2-Seam Fastball",0,6,0,6,6,0,0,6,"Standard","Standard"
"FC","2018-06-30","86.0","-1.3299","6.0868","Dereck Rodriguez",571974,605446,"null","ball",,,,,"11","null","R","R","R","ARI","SF","B","null","null",2,1,2018,"0.4311","0.3919","-0.9274","3.7433","null","null","null",0,5,"Bot","null","null",,,457763,,"180701_034044","0.0829","-125.2934","-0.1323","4.5237","24.6263","-28.2322","3.0742","1.3100","null","null","null","86.2100","2192","6.2990",530651,605446,457763,474832,605412,467055,543063,593700,491676,457705,"54.2031","null","null","null","null","null","null","null",41,"4","Cutter",0,6,0,6,6,0,0,6,"Standard","Standard"
"FT","2018-06-30","91.7","-1.0478","6.0669","Dereck Rodriguez",571974,605446,"null","ball",,,,,"13","null","R","R","R","ARI","SF","B","null","null",1,1,2018,"-1.1255","1.0863","-0.2741","1.1234","null","null","null",0,5,"Bot","null","null",,,457763,,"180701_034029","4.3118","-133.1467","-8.8531","-14.1223","28.3417","-17.7779","3.1313","1.3100","null","null","null","90.9630","2094","5.9460",530651,605446,457763,474832,605412,467055,543063,593700,491676,457705,"54.5559","null","null","null","null","null","null","null",41,"3","2-Seam Fastball",0,6,0,6,6,0,0,6,"Standard","Standard"
"CU","2018-06-30","76.0","-1.1055","6.0585","Dereck Rodriguez",571974,605446,"null","ball",,,,,"13","null","R","R","R","ARI","SF","B","null","null",0,1,2018,"0.9362","-1.3140","-0.2128","0.5112","null","null","null",0,5,"Bot","null","null",,,457763,,"180701_034012","0.2117","-110.4680","-2.0696","7.4118","23.3517","-42.4801","3.0742","1.1957","null","null","null","74.8950","2685","5.9670",530651,605446,457763,474832,605412,467055,543063,593700,491676,457705,"54.5346","null","null","null","null","null","null","null",41,"2","Curveball",0,6,0,6,6,0,0,6,"Standard","Standard"
"FC","2018-06-30","84.3","-1.1662","6.1355","Dereck Rodriguez",571974,605446,"null","called_strike",,,,,"1","null","R","R","R","ARI","SF","S","null","null",0,0,2018,"0.4045","0.3724","-0.3248","3.0607","null","null","null",0,5,"Bot","null","null",,,457763,,"180701_033958","1.1558","-122.7335","-1.5191","3.8329","23.8960","-28.3658","3.3497","1.3100","null","null","null","84.1210","2210","6.1090",530651,605446,457763,474832,605412,467055,543063,593700,491676,457705,"54.3928","null","null","null","null","null","null","null",41,"1","Cutter",0,6,0,6,6,0,0,6,"Standard","Standard"
"FC","2018-06-30","89.6","-1.8554","5.2281","Shelby Miller",605412,571946,"null","ball",,,,,"14","null","R","L","R","ARI","SF","B","null","null",2,2,2018,"-0.0702","0.4972","0.4901","0.5571","null","null","null",2,5,"Top","null","null",,,571974,,"180701_033710","5.9671","-130.3260","-6.6399","-2.0129","26.3276","-25.3116","3.1551","1.4142","null","null","null","90.1070","2126","6.5390",530651,571946,571974,502671,518614,571875,606466,444482,502481,445055,"53.9633","null","null","null","null","null","null","null",40,"5","Cutter",0,6,6,0,6,0,6,0,"Standard","Standard"
"FC","2018-06-30","90.4","-1.8603","5.1634","Shelby Miller",605412,571946,"null","ball",,,,,"14","null","R","L","R","ARI","SF","B","null","null",1,1,2018,"0.0105","0.6259","1.1363","0.9400","null","null","null",2,5,"Top","null","null",,,571974,,"180701_033623","7.4967","-131.4466","-5.9623","-1.4634","27.8226","-23.7641","3.1551","1.4142","null","null","null","91.0160","2074","6.7040",530651,571946,571974,502671,518614,571875,606466,444482,502481,445055,"53.7983","null","null","null","null","null","null","null",40,"3","Cutter",0,6,6,0,6,0,6,0,"Standard","Standard"
"FF","2018-06-30","93.9","-1.8795","5.1408","Shelby Miller",605412,571946,"null","ball",,,,,"13","null","R","L","R","ARI","SF","B","null","null",0,0,2018,"-0.9675","1.2491","-0.4420","0.5668","null","null","null",2,5,"Top","null","null",,,571974,,"180701_033541","5.9177","-136.3948","-8.9194","-13.5165","30.9575","-14.6392","3.1551","1.2428","null","null","null","94.2390","2256","6.6610",530651,571946,571974,502671,518614,571875,606466,444482,502481,445055,"53.8411","null","null","null","null","null","null","null",40,"1","4-Seam Fastball",0,6,6,0,6,0,6,0,"Standard","Standard"
"FT","2018-06-30","91.8","-1.9033","5.1475","Shelby Miller",467055,571946,"null","ball",,,,,"11","null","R","L","R","ARI","SF","B","null","null",1,1,2018,"-1.2936","1.0045","-1.0907","3.5850","null","null","null",1,5,"Top","null","null",,,571974,,"180701_033445","4.9161","-133.7163","-0.3067","-16.7148","28.8312","-20.1531","3.2089","1.3232","null","null","null","92.4280","2413","6.6120",530651,571946,571974,502671,518614,571875,606466,444482,502481,445055,"53.8897","null","null","null","null","null","null","null",39,"3","2-Seam Fastball",0,6,6,0,6,0,6,0,"Standard","Standard"
"FF","2018-06-30","94.1","-1.8777","5.2425","Shelby Miller",467055,571946,"null","ball",,,,,"11","null","R","L","R","ARI","SF","B","null","null",0,0,2018,"-0.4776","1.4684","-0.7520","3.2768","null","null","null",1,5,"Top","null","null",,,571974,,"180701_033407","3.9967","-137.0203","-2.6519","-6.9326","31.4635","-13.2896","2.9805","1.3804","null","null","null","94.2670","2390","6.4420",530651,571946,571974,502671,518614,571875,606466,444482,502481,445055,"54.0597","null","null","null","null","null","null","null",39,"1","4-Seam Fastball",0,6,6,0,6,0,6,0,"Standard","Standard"
"FT","2018-06-30","92.1","-1.8282","5.3167","Shelby Miller",543063,571946,"null","ball",,,,,"11","null","R","L","R","ARI","SF","B","null","null",1,0,2018,"-1.1635","0.8129","-0.9922","3.2658","null","null","null",0,5,"Top","null","null",,,571974,,"180701_033148","4.7400","-134.1776","-1.1656","-15.2868","30.2897","-22.1778","3.3799","1.5047","null","null","null","92.8770","2473","6.7870",530651,571946,571974,502671,518614,571875,606466,444482,502481,445055,"53.7147","null","null","null","null","null","null","null",38,"2","2-Seam Fastball",0,6,6,0,6,0,6,0,"Infield shift","Standard"
"FT","2018-06-30","93.2","-1.8349","5.3034","Shelby Miller",543063,571946,"null","ball",,,,,"9","null","R","L","R","ARI","SF","B","null","null",0,0,2018,"-1.1948","0.9665","0.4548","1.3847","null","null","null",0,5,"Top","null","null",,,571974,,"180701_033130","8.6126","-135.4353","-6.4948","-16.7860","29.2246","-18.8881","3.3799","1.3904","null","null","null","93.9300","2514","6.7690",530651,571946,571974,502671,518614,571875,606466,444482,502481,445055,"53.7333","null","null","null","null","null","null","null",38,"1","2-Seam Fastball",0,6,6,0,6,0,6,0,"Infield shift","Standard"
"FF","2018-06-30","94.2","-1.0791","6.0975","Dereck Rodriguez",518614,605446,"null","ball",,,,,"11","null","R","L","R","ARI","SF","B","null","null",0,2,2018,"-0.3134","1.2063","-1.4180","4.7369","null","444482.00","null",1,4,"Bot","null","null",,,457763,,"180701_032717","-0.1888","-137.1772","-0.4583","-3.8615","32.4877","-17.2741","3.3264","1.5217","null","null","null","93.7370","1990","6.1380",530651,605446,457763,474832,605412,467055,543063,593700,491676,457705,"54.3642","null","null","null","null","null","null","null",36,"3","4-Seam Fastball",0,6,0,6,6,0,0,6,"Standard","Standard"
"CH","2018-06-30","84.4","-0.9517","6.1212","Dereck Rodriguez",518614,605446,"null","called_strike",,,,,"8","null","R","L","R","ARI","SF","S","null","null",0,0,2018,"-1.4500","0.7577","-0.2433","1.3716","null","444482.00","null",1,4,"Bot","null","null",,,457763,,"180701_032612","4.5170","-122.7525","-6.1689","-15.5027","24.4832","-23.5345","3.1721","1.4267","null","null","null","84.2890","1934","6.2650",530651,605446,457763,474832,605412,467055,543063,593700,491676,457705,"54.2375","null","null","null","null","null","null","null",36,"1","Changeup",0,6,0,6,6,0,0,6,"Standard","Standard"
"CH","2018-06-30","86.1","-1.0560","6.1095","Dereck Rodriguez",444482,605446,"null","called_strike",,,,,"6","null","R","L","R","ARI","SF","S","null","null",0,0,2018,"-1.3861","0.9952","0.4754","2.5392","null","null","null",1,4,"Bot","null","null",,,457763,,"180701_032433","6.4364","-125.1446","-4.2083","-15.8435","26.2375","-21.1108","3.4467","1.5180","null","null","null","85.8840","2053","6.3050",530651,605446,457763,474832,605412,467055,543063,593700,491676,457705,"54.1975","null","null","null","null","null","null","null",35,"1","Changeup",0,6,0,6,6,0,0,6,"Standard","Standard"
"FT","2018-06-30","93.9","-1.0089","6.0405","Dereck Rodriguez",571875,605446,"strikeout","called_strike",,,,,"14","Jake Lamb called out on strikes.  ","R","L","R","ARI","SF","S",2,"null",2,2,2018,"-0.9337","1.2636","0.8604","2.2060","null","null","null",0,4,"Bot","null","null",,,457763,,"180701_032402","6.9163","-136.5152","-7.0061","-13.2116","29.8284","-15.0190","3.3055","1.5280","null","null","null","94.0390","2106","6.4070",530651,605446,457763,474832,605412,467055,543063,593700,491676,457705,"54.0951","null","null","0.00",1,0,0,"null",34,"6","2-Seam Fastball",0,6,0,6,6,0,0,6,"Infield shift","Standard"
"FF","2018-06-30","93.4","-1.2406","5.9760","Dereck Rodriguez",571875,605446,"null","called_strike",,,,,"4","null","R","L","R","ARI","SF","S","null","null",2,1,2018,"-0.4939","1.1656","-0.6837","2.1573","null","null","null",0,4,"Bot","null","null",,,457763,,"180701_032315","2.4835","-135.8564","-6.5876","-6.5623","27.8086","-16.7585","3.3055","1.4709","null","null","null","92.9950","1973","5.9270",530651,605446,457763,474832,605412,467055,543063,593700,491676,457705,"54.5751","null","null","null","null","null","null","null",34,"4","4-Seam Fastball",0,6,0,6,6,0,0,6,"Infield shift","Standard"
"CU","2018-06-30","76.5","-1.1418","6.0380","Dereck Rodriguez",571875,605446,"null","ball",,,,,"13","null","R","L","R","ARI","SF","B","null","null",1,1,2018,"1.1304","-1.2882","-1.3930","2.2576","null","null","null",0,4,"Bot","null","null",,,457763,,"180701_032258","-2.5173","-111.1179","1.4513","9.6429","22.8417","-43.1425","3.3156","1.3667","null","null","null","75.4080","2761","5.9300",530651,605446,457763,474832,605412,467055,543063,593700,491676,457705,"54.5724","null","null","null","null","null","null","null",34,"3","Curveball",0,6,0,6,6,0,0,6,"Infield shift","Standard"
"FT","2018-06-30","92.4","-1.2738","5.9927","Dereck Rodriguez",571875,605446,"null","ball",,,,,"13","null","R","L","R","ARI","SF","B","null","null",0,1,2018,"-1.0154","1.2615","-1.4604","0.8937","null","null","null",0,4,"Bot","null","null",,,457763,,"180701_032244","1.7085","-134.1851","-9.8279","-12.5434","28.9446","-15.1521","3.4298","1.5381","null","null","null","91.9700","2012","6.1390",530651,605446,457763,474832,605412,467055,543063,593700,491676,457705,"54.3634","null","null","null","null","null","null","null",34,"2","2-Seam Fastball",0,6,0,6,6,0,0,6,"Infield shift","Standard"
"CU","2018-06-30","75.9","-1.1426","6.0877","Dereck Rodriguez",571875,605446,"null","called_strike",,,,,"7","null","R","L","R","ARI","SF","S","null","null",0,0,2018,"1.0417","-1.2623","-0.7218","1.6102","null","null","null",0,4,"Bot","null","null",,,457763,,"180701_032230","-0.9520","-110.3431","0.0242","8.5142","21.7966","-42.5284","3.3627","1.4137","null","null","null","75.0480","2691","5.9680",530651,605446,457763,474832,605412,467055,543063,593700,491676,457705,"54.5343","null","null","null","null","null","null","null",34,"1","Curveball",0,6,0,6,6,0,0,6,"Infield shift","Standard"
"FF","2018-06-30","95.0","-1.9077","5.2514","Shelby Miller",474832,571946,"null","ball",,,,,"11","null","R","L","R","ARI","SF","B","null","null",1,2,2018,"-0.8857","1.3858","-0.2946","3.4557","null","null","null",2,4,"Top","null","null",,,571974,,"180701_031958","6.2928","-138.3131","-2.1797","-12.9577","33.0734","-13.9406","3.0441","1.3164","null","null","null","95.5340","2392","6.7350",530651,571946,571974,502671,518614,571875,606466,444482,502481,445055,"53.7671","null","null","null","null","null","null","null",33,"4","4-Seam Fastball",0,6,6,0,6,0,6,0,"Infield shift","Standard"
"FF","2018-06-30","95.0","-1.8942","5.2447","Shelby Miller",474832,571946,"null","ball",,,,,"11","null","R","L","R","ARI","SF","B","null","null",0,1,2018,"-0.6165","1.4392","-0.3273","4.7590","null","null","null",2,4,"Top","null","null",,,571974,,"180701_031921","5.5081","-138.1818","1.1891","-9.1995","32.8039","-14.2552","3.2725","1.3735","null","null","null","95.0300","2434","6.4810",530651,571946,571974,502671,518614,571875,606466,444482,502481,445055,"54.0216","null","null","null","null","null","null","null",33,"2","4-Seam Fastball",0,6,6,0,6,0,6,0,"Infield shift","Strategic"
"FC","2018-06-30","89.7","-1.8430","5.3341","Shelby Miller",457705,571946,"null","called_strike",,,,,"9","null","R","R","R","ARI","SF","S","null","null",0,0,2018,"-0.0042","0.7713","0.2838","1.9197","null","null","null",2,4,"Top","null","null",,,571974,,"180701_031747","5.2769","-130.5387","-4.0655","-1.2137","28.8288","-22.7068","3.4097","1.5952","null","null","null","89.6760","2275","6.3840",530651,571946,571974,502671,518614,571875,606466,444482,502481,445055,"54.1182","null","null","null","null","null","null","null",32,"1","Cutter",0,5,5,0,5,0,5,0,"Infield shift","Standard"
"FT","2018-06-30","93.1","-1.5995","5.2498","Shelby Miller",457763,571946,"null","ball",,,,,"13","null","R","R","R","ARI","SF","B","null","null",2,2,2018,"-1.1852","0.9923","-0.6423","0.9892","null","null","null",1,4,"Top","null","null",,,571974,,"180701_031653","5.1248","-135.3772","-7.3781","-15.8561","31.0615","-18.3976","3.3695","1.4608","null","null","null","93.5000","2320","6.6830",530651,571946,571974,502671,518614,571875,606466,444482,502481,445055,"53.8189","null","null","null","null","null","null","null",31,"5","2-Seam Fastball",0,5,5,0,5,0,5,0,"Standard","Standard"
"CH","2018-06-30","88.0","-1.5386","5.4140","Shelby Miller",457763,571946,"null","ball",,,,,"13","null","R","R","R","ARI","SF","B","null","null",1,2,2018,"-1.1685","0.7338","-0.7054","-0.2093","null","null","null",1,4,"Top","null","null",,,571974,,"180701_031629","4.4931","-127.8465","-9.0914","-13.8662","26.5739","-22.3641","3.3124","1.4608","null","null","null","88.3890","2012","6.6420",530651,571946,571974,502671,518614,571875,606466,444482,502481,445055,"53.8597","null","null","null","null","null","null","null",31,"4","Changeup",0,5,5,0,5,0,5,0,"Standard","Standard"
"FF","2018-06-30","94.6","-1.5716","5.3911","Shelby Miller",457763,571946,"null","ball",,,,,"14","null","R","R","R","ARI","SF","B","null","null",0,0,2018,"-0.6813","1.3935","1.0120","1.0356","null","null","null",1,4,"Top","null","null",,,571974,,"180701_031530","8.3202","-137.3334","-8.8498","-10.5512","30.0148","-12.5724","3.5408","1.5180","null","null","null","95.1350","2363","6.7020",530651,571946,571974,502671,518614,571875,606466,444482,502481,445055,"53.8000","null","null","null","null","null","null","null",31,"1","4-Seam Fastball",0,5,5,0,5,0,5,0,"Standard","Standard"
"FC","2018-06-30","90.4","-1.7573","5.3003","Shelby Miller",593700,571946,"null","ball",,,,,"14","null","R","L","R","ARI","SF","B","null","null",0,2,2018,"0.1330","0.6556","1.1696","1.1414","null","null","null",0,4,"Top","null","null",,,571974,,"180701_031442","7.0736","-131.5799","-5.9147","0.1222","26.9662","-23.3972","3.2754","1.5952","null","null","null","91.3750","2117","6.7900",530651,571946,571974,502671,518614,571875,606466,444482,502481,445055,"53.7121","null","null","null","null","null","null","null",30,"3","Cutter",0,5,5,0,5,0,5,0,"Standard","Standard"
"FF","2018-06-30","92.8","-1.8143","5.3294","Shelby Miller",593700,571946,"null","called_strike",,,,,"1","null","R","L","R","ARI","SF","S","null","null",0,0,2018,"-1.0004","1.0915","-0.5047","2.9504","null","null","null",0,4,"Top","null","null",,,571974,,"180701_031405","5.5347","-134.9257","-2.6321","-13.4257","31.4052","-18.5503","3.2653","1.4238","null","null","null","92.5030","2310","6.3190",530651,571946,571974,502671,518614,571875,606466,444482,502481,445055,"54.1829","null","null","null","null","null","null","null",30,"1","4-Seam Fastball",0,5,5,0,5,0,5,0,"Standard","Standard"
"CU","2018-06-30","76.7","-1.1422","5.9972","Dereck Rodriguez",502671,605446,"null","called_strike",,,,,"5","null","R","R","R","ARI","SF","S","null","null",0,1,2018,"1.0762","-1.2842","-0.0043","2.3392","null","null","null",2,3,"Bot","null","null",,,457763,,"180701_031120","0.4838","-111.4458","1.6687","8.6299","23.1578","-43.2123","3.5070","1.7095","null","null","null","75.5900","2771","5.9210",530651,605446,457763,474832,605412,467055,543063,593700,491676,457705,"54.5812","null","null","null","null","null","null","null",29,"2","Curveball",0,5,0,5,5,0,0,5,"Infield shift","Standard"
"FF","2018-06-30","92.8","-1.1869","6.0950","Dereck Rodriguez",502671,605446,"null","called_strike",,,,,"3","null","R","R","R","ARI","SF","S","null","null",0,0,2018,"-0.4126","1.4096","0.4777","3.1567","null","null","null",2,3,"Bot","null","null",,,457763,,"180701_031050","5.1289","-135.0377","-4.7612","-6.1108","29.2625","-14.2896","3.6212","1.6524","null","null","null","92.4510","2031","6.0730",530651,605446,457763,474832,605412,467055,543063,593700,491676,457705,"54.4292","null","null","null","null","null","null","null",29,"1","4-Seam Fastball",0,5,0,5,5,0,0,5,"Infield shift","Standard"
"FT","2018-06-30","92.7","-1.2063","6.1440","Dereck Rodriguez",445055,605446,"null","called_strike",,,,,"4","null","R","L","R","ARI","SF","S","null","null",0,0,2018,"-1.1356","1.2072","-0.4350","2.2955","null","null","null",1,3,"Bot","null","null",,,457763,,"180701_031002","4.3679","-134.8488","-6.5946","-14.5747","28.1085","-16.5036","3.2754","1.6122","null","null","null","92.1220","2193","5.8710",530651,605446,457763,474832,605412,467055,543063,593700,491676,457705,"54.6314","null","null","null","null","null","null","null",28,"1","2-Seam Fastball",0,5,0,5,5,0,0,5,"Standard","Standard"
"FC","2018-06-30","85.7","-1.1443","6.0793","Dereck Rodriguez",571946,605446,"null","ball",,,,,"14","null","R","R","R","ARI","SF","B","null","null",2,2,2018,"0.4087","0.4377","0.9550","2.0851","null","null","null",0,3,"Bot","null","null",,,457763,,"180701_030846","4.1292","-124.7463","-4.0532","3.4330","24.3902","-27.0610","3.3038","1.4456","null","null","null","85.5560","2105","6.1190",530651,605446,457763,474832,605412,467055,543063,593700,491676,457705,"54.3835","null","null","null","null","null","null","null",27,"5","Cutter",0,5,0,5,5,0,0,5,"Standard","Standard"
"FT","2018-06-30","94.8","-1.0190","6.0630","Dereck Rodriguez",571946,605446,"null","ball",,,,,"2","null","R","R","R","ARI","SF","B","null","null",1,2,2018,"-0.9739","1.2474","-0.1409","3.2555","null","null","null",0,3,"Bot","null","null",,,457763,,"180701_030830","4.4081","-137.9101","-4.3654","-13.2355","31.8086","-15.7604","3.3609","1.5050","null","null","null","94.0490","2010","5.9500",530651,605446,457763,474832,605412,467055,543063,593700,491676,457705,"54.5520","null","null","null","null","null","null","null",27,"4","2-Seam Fastball",0,5,0,5,5,0,0,5,"Standard","Standard"
"FF","2018-06-30","93.3","-1.2481","6.1746","Dereck Rodriguez",571946,605446,"null","ball",,,,,"12","null","R","R","R","ARI","SF","B","null","null",0,1,2018,"-0.4220","1.0391","0.5262","3.6160","null","null","null",0,3,"Bot","null","null",,,457763,,"180701_030803","5.4228","-135.6280","-3.0065","-6.3366","30.8819","-19.1770","3.3630","1.3904","null","null","null","92.3160","2000","5.8530",530651,605446,457763,474832,605412,467055,543063,593700,491676,457705,"54.6496","null","null","null","null","null","null","null",27,"2","4-Seam Fastball",0,5,0,5,5,0,0,5,"Standard","Standard"
"FF","2018-06-30","90.8","-1.3558","6.1488","Dereck Rodriguez",571946,605446,"null","called_strike",,,,,"7","null","R","R","R","ARI","SF","S","null","null",0,0,2018,"-0.5221","1.2288","-0.7856","1.7732","null","null","null",0,3,"Bot","null","null",,,457763,,"180701_030750","2.4967","-131.9733","-7.5149","-6.5218","28.7066","-16.7143","3.6787","1.4476","null","null","null","89.8480","1968","5.8220",530651,605446,457763,474832,605412,467055,543063,593700,491676,457705,"54.6803","null","null","null","null","null","null","null",27,"1","4-Seam Fastball",0,5,0,5,5,0,0,5,"Standard","Standard"
"FC","2018-06-30","90.7","-1.8611","5.3168","Shelby Miller",605446,571946,"null","called_strike",,,,,"9","null","R","R","R","ARI","SF","S","null","null",0,0,2018,"0.1024","0.7325","0.4345","1.6597","null","467055.00","491676.00",2,3,"Top","null","null",,,571974,,"180701_030431","5.5243","-131.8840","-4.7632","-0.0186","28.9202","-22.8187","3.6470","1.7013","null","null","null","90.6480","2271","6.3720",530651,571946,571974,502671,518614,571875,606466,444482,502481,445055,"54.1303","null","null","null","null","null","null","null",26,"1","Cutter",0,5,5,0,5,0,5,0,"Standard","Standard"
"FF","2018-06-30","94.1","-1.8393","5.1332","Shelby Miller",543063,571946,"walk","ball",,,,,"13","Brandon Crawford walks.   Buster Posey scores.    Andrew McCutchen to 3rd.    Brandon Belt to 2nd.  ","R","L","R","ARI","SF","B","null","null",3,0,2018,"-0.6404","1.5044","-0.4549","1.1878","457763.00","457705.00","474832.00",1,3,"Top","null","null",,,571974,,"180701_025915","5.0576","-136.9453","-7.9654","-9.2313","29.0390","-11.5114","3.3799","1.4476","null","null","null","94.8480","2307","6.6320",530651,571946,571974,502671,518614,571875,606466,444482,502481,445055,"53.8704","null","null","0.70",1,0,0,"null",22,"4","4-Seam Fastball",0,1,1,0,1,0,1,0,"Standard","Standard"
"FC","2018-06-30","90.3","-1.7743","5.2372","Shelby Miller",543063,571946,"null","ball",,,,,"14","null","R","L","R","ARI","SF","B","null","null",1,0,2018,"0.1371","0.6277","1.6223","0.8875","457763.00","457705.00","474832.00",1,3,"Top","null","null",,,571974,,"180701_025815","8.1935","-131.2183","-6.2414","-0.1026","27.2439","-23.7591","3.4370","1.4476","null","null","null","90.7210","2234","6.5820",530651,571946,571974,502671,518614,571875,606466,444482,502481,445055,"53.9204","null","null","null","null","null","null","null",22,"2","Cutter",0,1,1,0,1,0,1,0,"Standard","Standard"
"FT","2018-06-30","95.2","-1.9067","5.2414","Shelby Miller",543063,571946,"null","ball",,,,,"13","null","R","L","R","ARI","SF","B","null","null",0,0,2018,"-1.4233","0.9789","-0.4601","1.1692","457763.00","457705.00","474832.00",1,3,"Top","null","null",,,571974,,"180701_025753","7.0329","-138.3518","-7.2402","-19.9597","32.0048","-18.1033","3.3228","1.4476","null","null","null","95.3380","2408","6.5270",530651,571946,571974,502671,518614,571875,606466,444482,502481,445055,"53.9754","null","null","null","null","null","null","null",22,"1","2-Seam Fastball",0,1,1,0,1,0,1,0,"Standard","Standard"
"FT","2018-06-30","94.2","-1.8679","5.1503","Shelby Miller",474832,571946,"null","ball",,,,,"13","null","R","L","R","ARI","SF","B","null","null",0,0,2018,"-1.2412","0.8155","-1.4009","2.1190","null","457763.00","457705.00",1,3,"Top","null","null",,,571974,,"180701_025547","3.9999","-137.1391","-4.0095","-16.6227","30.3124","-21.1533","3.2725","1.3164","null","null","null","94.6040","2398","6.5010",530651,571946,571974,502671,518614,571875,606466,444482,502481,445055,"54.0013","null","null","null","null","null","null","null",21,"1","2-Seam Fastball",0,1,1,0,1,0,1,0,"Infield shift","Standard"
"FF","2018-06-30","94.9","-1.7152","5.2784","Shelby Miller",457705,571946,"null","ball",,,,,"14","null","R","R","R","ARI","SF","B","null","null",2,1,2018,"-0.9579","1.1085","0.4622","1.3373","null","null","457763.00",1,3,"Top","null","null",,,571974,,"180701_025434","7.8850","-137.9030","-7.1722","-14.0420","29.7671","-16.5441","3.5239","1.7095","null","null","null","95.3670","2299","6.5720",530651,571946,571974,502671,518614,571875,606466,444482,502481,445055,"53.9296","null","null","null","null","null","null","null",20,"4","4-Seam Fastball",0,1,1,0,1,0,1,0,"Infield shift","Standard"
"FC","2018-06-30","89.8","-1.7578","5.3100","Shelby Miller",457705,571946,"null","called_strike",,,,,"5","null","R","R","R","ARI","SF","S","null","null",0,0,2018,"0.2193","0.6668","0.1945","2.7762","null","null","457763.00",1,3,"Top","null","null",,,571974,,"180701_025312","4.3735","-130.7085","-1.6780","1.5370","28.8609","-24.4180","3.5239","1.6524","null","null","null","89.7290","2198","6.3410",530651,571946,571974,502671,518614,571875,606466,444482,502481,445055,"54.1613","null","null","null","null","null","null","null",20,"1","Cutter",0,1,1,0,1,0,1,0,"Infield shift","Standard"
"FF","2018-06-30","93.9","-1.6248","5.3889","Shelby Miller",457763,571946,"null","ball",,,,,"11","null","R","R","R","ARI","SF","B","null","null",0,0,2018,"-0.4510","1.3066","-0.4111","3.7657","null","null","null",1,3,"Top","null","null",,,571974,,"180701_025210","4.1946","-136.7716","-1.4106","-6.6847","31.5981","-15.4919","3.5408","1.5751","null","null","null","94.5840","2234","6.7450",530651,571946,571974,502671,518614,571875,606466,444482,502481,445055,"53.7568","null","null","null","null","null","null","null",19,"1","4-Seam Fastball",0,1,1,0,1,0,1,0,"Standard","Standard"
"FF","2018-06-30","93.0","-1.1425","6.0543","Dereck Rodriguez",502481,605446,"null","ball",,,,,"14","null","R","L","R","ARI","SF","B","null","null",0,0,2018,"-0.5975","1.3126","0.9546","1.4813","null","571974.00","null",2,2,"Bot","null","null",,,457763,,"180701_024817","6.6716","-135.1197","-8.7907","-8.7444","29.0789","-14.4408","3.4804","1.6222","null","null","null","92.9070","2062","6.2950",530651,605446,457763,474832,605412,467055,543063,593700,491676,457705,"54.2073","null","null","null","null","null","null","null",17,"1","4-Seam Fastball",0,1,0,1,1,0,0,1,"Standard","Standard"
"FT","2018-06-30","92.4","-1.0282","6.0830","Dereck Rodriguez",571974,605446,"null","ball",,,,,"11","null","R","R","R","ARI","SF","B","null","null",1,1,2018,"-1.0438","1.1529","-0.9095","2.4020","null","null","null",2,2,"Bot","null","null",,,457763,,"180701_024643","2.5457","-134.4651","-6.0512","-13.1248","28.1570","-17.2172","3.1313","1.3100","null","null","null","92.2570","2183","6.1260",530651,605446,457763,474832,605412,467055,543063,593700,491676,457705,"54.3764","null","null","null","null","null","null","null",16,"3","2-Seam Fastball",0,1,0,1,1,0,0,1,"Standard","Standard"
"FF","2018-06-30","92.4","-1.0603","6.0657","Dereck Rodriguez",571974,605446,"null","ball",,,,,"14","null","R","R","R","ARI","SF","B","null","null",0,0,2018,"-0.4454","1.4424","1.1594","1.3735","null","null","null",2,2,"Bot","null","null",,,457763,,"180701_024605","6.5919","-134.0772","-9.1622","-6.8305","30.6284","-13.0726","3.0742","1.1957","null","null","null","91.8160","2104","6.2260",530651,605446,457763,474832,605412,467055,543063,593700,491676,457705,"54.2765","null","null","null","null","null","null","null",16,"1","4-Seam Fastball",0,1,0,1,1,0,0,1,"Standard","Standard"
"CH","2018-06-30","85.4","-1.2259","6.0693","Dereck Rodriguez",606466,605446,"null","called_strike",,,,,"1","null","R","L","R","ARI","SF","S","null","null",0,0,2018,"-1.3562","0.7584","-0.3112","3.0716","null","null","null",1,2,"Bot","null","null",,,457763,,"180701_024407","4.7884","-124.2142","-2.2320","-14.7518","25.3377","-24.2607","3.6079","1.3936","null","null","null","84.6200","2018","5.8490",530651,605446,457763,474832,605412,467055,543063,593700,491676,457705,"54.6527","null","null","null","null","null","null","null",15,"1","Changeup",0,1,0,1,1,0,0,1,"Standard","Standard"
"FF","2018-06-30","94.6","-1.2058","6.0561","Dereck Rodriguez",518614,605446,"null","ball",,,,,"11","null","R","L","R","ARI","SF","B","null","null",1,2,2018,"-0.3808","1.2121","-0.5076","5.0551","null","null","null",0,2,"Bot","null","null",,,457763,,"180701_024227","2.6105","-137.5994","0.4633","-5.3044","32.2892","-17.6143","3.3835","1.5217","null","null","null","93.1710","2093","5.5990",530651,605446,457763,474832,605412,467055,543063,593700,491676,457705,"54.9034","null","null","null","null","null","null","null",14,"4","4-Seam Fastball",0,1,0,1,1,0,0,1,"Infield shift","Standard"
"CU","2018-06-30","76.1","-1.1631","6.0745","Dereck Rodriguez",518614,605446,"null","called_strike",,,,,"13","null","R","L","R","ARI","SF","S","null","null",1,1,2018,"0.8264","-1.2871","-0.9341","2.2624","null","null","null",0,2,"Bot","null","null",,,457763,,"180701_024209","-0.9695","-110.6785","1.4185","6.8076","22.4447","-43.0305","3.2122","1.4645","null","null","null","75.0680","2666","5.8730",530651,605446,457763,474832,605412,467055,543063,593700,491676,457705,"54.6292","null","null","null","null","null","null","null",14,"3","Curveball",0,1,0,1,1,0,0,1,"Infield shift","Standard"
"FT","2018-06-30","92.4","-1.2292","6.1331","Dereck Rodriguez",518614,605446,"null","called_strike",,,,,"7","null","R","L","R","ARI","SF","S","null","null",1,0,2018,"-1.0080","1.1084","-0.3685","1.9175","null","null","null",0,2,"Bot","null","null",,,457763,,"180701_024155","4.3116","-134.2934","-7.2084","-12.9370","29.7990","-17.6444","3.3264","1.5217","null","null","null","91.5390","2009","5.8950",530651,605446,457763,474832,605412,467055,543063,593700,491676,457705,"54.6068","null","null","null","null","null","null","null",14,"2","2-Seam Fastball",0,1,0,1,1,0,0,1,"Infield shift","Standard"
"FT","2018-06-30","92.2","-1.3099","6.1917","Dereck Rodriguez",518614,605446,"null","ball",,,,,"11","null","R","L","R","ARI","SF","B","null","null",0,0,2018,"-1.0938","1.1562","-0.9539","3.1495","null","null","null",0,2,"Bot","null","null",,,457763,,"180701_024142","3.2001","-134.0383","-4.3004","-13.6192","29.7811","-17.8239","3.0408","1.4074","null","null","null","91.2040","2058","5.8040",530651,605446,457763,474832,605412,467055,543063,593700,491676,457705,"54.6978","null","null","null","null","null","null","null",14,"1","2-Seam Fastball",0,1,0,1,1,0,0,1,"Infield shift","Standard"
"CU","2018-06-30","77.5","-1.5734","5.3990","Shelby Miller",491676,571946,"null","ball",,,,,"13","null","R","R","R","ARI","SF","B","null","null",2,2,2018,"0.6770","-1.0310","-0.1276","-0.5118","null","null","null",2,2,"Top","null","null",,,571974,,"180701_023627","1.8571","-112.7229","-3.7595","5.2928","22.0443","-40.3066","3.2826","1.5116","null","null","null","76.7350","1138","5.9390",530651,571946,571974,502671,518614,571875,606466,444482,502481,445055,"54.5630","null","null","null","null","null","null","null",12,"6","Curveball",0,1,1,0,1,0,1,0,"Standard","Standard"
"FF","2018-06-30","93.9","-1.4845","5.2976","Shelby Miller",491676,571946,"null","ball",,,,,"7","null","R","R","R","ARI","SF","B","null","null",1,2,2018,"-0.6288","1.5596","-0.8217","1.4257","null","null","null",2,2,"Top","null","null",,,571974,,"180701_023542","3.1590","-136.6746","-7.8634","-8.6932","31.0383","-10.8040","3.2255","1.5116","null","null","null","94.6320","2316","6.7740",530651,571946,571974,502671,518614,571875,606466,444482,502481,445055,"53.7285","null","null","null","null","null","null","null",12,"4","4-Seam Fastball",0,1,1,0,1,0,1,0,"Standard","Standard"
"FF","2018-06-30","93.9","-1.7281","5.3316","Shelby Miller",491676,571946,"null","called_strike",,,,,"4","null","R","R","R","ARI","SF","S","null","null",1,0,2018,"-0.7899","1.4031","-0.4776","2.6882","null","null","null",2,2,"Top","null","null",,,571974,,"180701_023459","5.0170","-136.6452","-4.2636","-11.0547","29.9863","-13.7622","3.3767","1.5688","null","null","null","94.3110","2280","6.5210",530651,571946,571974,502671,518614,571875,606466,444482,502481,445055,"53.9812","null","null","null","null","null","null","null",12,"2","4-Seam Fastball",0,1,1,0,1,0,1,0,"Standard","Standard"
"FF","2018-06-30","93.8","-1.6549","5.3578","Shelby Miller",491676,571946,"null","ball",,,,,"11","null","R","R","R","ARI","SF","B","null","null",0,0,2018,"-0.9857","1.0891","-0.9968","2.4906","null","null","null",2,2,"Top","null","null",,,571974,,"180701_023437","3.9336","-136.5480","-4.1241","-13.3165","31.5950","-17.7225","3.3968","1.5688","null","null","null","94.2470","2177","6.6470",530651,571946,571974,502671,518614,571875,606466,444482,502481,445055,"53.8553","null","null","null","null","null","null","null",12,"1","4-Seam Fastball",0,1,1,0,1,0,1,0,"Standard","Standard"
"FC","2018-06-30","90.2","-1.8977","5.2293","Shelby Miller",605412,571946,"null","ball",,,,,"11","null","R","L","R","ARI","SF","B","null","null",1,2,2018,"0.0163","0.7296","-1.5625","2.6305","null","null","null",1,2,"Top","null","null",,,571974,,"180701_023312","0.8043","-131.5032","-2.1279","0.0283","26.7008","-23.3797","3.1551","1.2999","null","null","null","91.0000","2198","6.5780",530651,571946,571974,502671,518614,571875,606466,444482,502481,445055,"53.9237","null","null","null","null","null","null","null",11,"5","Cutter",0,1,1,0,1,0,1,0,"Standard","Standard"
"CU","2018-06-30","78.6","-1.6110","5.3870","Shelby Miller",605412,571946,"null","called_strike",,,,,"7","null","R","L","R","ARI","SF","S","null","null",1,0,2018,"0.4672","-0.6197","-0.4787","1.8442","null","null","null",1,2,"Top","null","null",,,571974,,"180701_023205","1.5905","-114.4628","0.3335","3.7413","22.6316","-37.8605","3.1921","1.2798","null","null","null","78.2370","2259","6.1540",530651,571946,571974,502671,518614,571875,606466,444482,502481,445055,"54.3476","null","null","null","null","null","null","null",11,"2","Curveball",0,1,1,0,1,0,1,0,"Standard","Standard"
"FF","2018-06-30","93.6","-1.7805","5.3230","Shelby Miller",605412,571946,"null","ball",,,,,"11","null","R","L","R","ARI","SF","B","null","null",0,0,2018,"-0.9051","1.2973","-1.6693","2.8596","null","null","null",1,2,"Top","null","null",,,571974,,"180701_023149","2.3037","-136.3207","-3.4967","-11.8264","31.0347","-15.3938","2.9837","1.1856","null","null","null","93.8680","2300","6.4820",530651,571946,571974,502671,518614,571875,606466,444482,502481,445055,"54.0199","null","null","null","null","null","null","null",11,"1","4-Seam Fastball",0,1,1,0,1,0,1,0,"Standard","Standard"
"FF","2018-06-30","94.4","-1.8628","5.2271","Shelby Miller",467055,571946,"null","ball",,,,,"11","null","R","L","R","ARI","SF","B","null","null",1,2,2018,"-0.7223","1.2559","-2.4475","3.7024","null","null","null",0,2,"Top","null","null",,,571974,,"180701_023056","0.0883","-137.5316","-1.0839","-9.1885","30.9264","-16.2024","2.9234","1.2661","null","null","null","94.6450","2373","6.4000",530651,571946,571974,502671,518614,571875,606466,444482,502481,445055,"54.1021","null","null","null","null","null","null","null",10,"4","4-Seam Fastball",0,1,1,0,1,0,1,0,"Standard","Standard"
"FT","2018-06-30","93.8","-1.9021","5.1805","Shelby Miller",467055,571946,"null","ball",,,,,"11","null","R","L","R","ARI","SF","B","null","null",0,1,2018,"-1.4425","0.6966","-2.8784","2.6414","null","null","null",0,2,"Top","null","null",,,571974,,"180701_023016","0.6553","-136.6259","-2.3494","-18.0683","32.0410","-23.2050","3.1518","1.3232","30","39.9","-9.2994","93.5860","2401","6.2580",530651,571946,571974,502671,518614,571875,606466,444482,502481,445055,"54.2440","null","null","null","null","null","null","null",10,"2","2-Seam Fastball",0,1,1,0,1,0,1,0,"Standard","Standard"
"FF","2018-06-30","94.9","-1.7740","5.3030","Shelby Miller",467055,571946,"null","called_strike",,,,,"4","null","R","L","R","ARI","SF","S","null","null",0,0,2018,"-0.9795","1.1329","-0.6547","2.2353","null","null","null",0,2,"Top","null","null",,,571974,,"180701_023000","5.1317","-138.1630","-4.9152","-13.6986","30.7918","-16.7708","3.1048","1.3232","null","null","null","95.1060","2343","6.3840",530651,571946,571974,502671,518614,571875,606466,444482,502481,445055,"54.1176","null","null","null","null","null","null","null",10,"1","4-Seam Fastball",0,1,1,0,1,0,1,0,"Standard","Standard"
"CU","2018-06-30","77.9","-1.5581","5.4185","Shelby Miller",543063,571946,"null","ball",,,,,"8","null","R","L","R","ARI","SF","B","null","null",0,1,2018,"0.5439","-0.8504","-0.0431","1.2178","null","null","null",0,2,"Top","null","null",,,571974,,"180701_022803","2.2565","-113.4271","-0.5472","4.1915","21.9864","-39.5469","3.3228","1.3333","null","null","null","77.4590","2230","6.0780",530651,571946,571974,502671,518614,571875,606466,444482,502481,445055,"54.4239","null","null","null","null","null","null","null",9,"2","Curveball",0,0,0,0,0,0,0,0,"Infield shift","Standard"
"FF","2018-06-30","93.1","-1.0378","6.1202","Dereck Rodriguez",444482,605446,"null","ball",,,,,"12","null","R","L","R","ARI","SF","B","null","null",1,1,2018,"-0.1847","1.5536","1.4475","3.4549","null","null","571875.00",2,1,"Bot","null","null",,,457763,,"180701_022427","6.7399","-135.3207","-4.3812","-3.7709","30.7806","-12.5925","3.5038","1.5852","null","null","null","92.4320","2143","6.0520",530651,605446,457763,474832,605412,467055,543063,593700,491676,457705,"54.4502","null","null","null","null","null","null","null",8,"3","4-Seam Fastball",0,0,0,0,0,0,0,0,"Standard","Standard"
"CH","2018-06-30","84.4","-1.1210","6.0963","Dereck Rodriguez",444482,605446,"null","called_strike",,,,,"5","null","R","L","R","ARI","SF","S","null","null",1,0,2018,"-1.3839","0.7884","0.0005","2.5801","null","null","571875.00",2,1,"Bot","null","null",,,457763,,"180701_022407","5.3838","-122.7716","-3.4011","-15.1025","23.8922","-23.7115","3.4467","1.4608","null","null","null","84.6670","2075","6.4470",530651,605446,457763,474832,605412,467055,543063,593700,491676,457705,"54.0546","null","null","null","null","null","null","null",8,"2","Changeup",0,0,0,0,0,0,0,0,"Standard","Standard"
"FF","2018-06-30","95.4","-0.9859","6.0553","Dereck Rodriguez",571875,605446,"walk","ball",,,,,"14","Jake Lamb walks.  ","R","L","R","ARI","SF","B","null","null",3,2,2018,"-0.4929","1.4312","1.3170","1.9327","null","null","null",2,1,"Bot","null","null",,,457763,,"180701_022258","7.1155","-138.5934","-8.3447","-7.8659","30.4279","-12.2597","3.4298","1.5952","null","null","null","94.9880","2268","6.1040",530651,605446,457763,474832,605412,467055,543063,593700,491676,457705,"54.3980","null","null","0.70",1,0,0,"null",7,"8","4-Seam Fastball",0,0,0,0,0,0,0,0,"Infield shift","Standard"
"CH","2018-06-30","86.5","-1.1348","5.9710","Dereck Rodriguez",571875,605446,"null","ball",,,,,"11","null","R","L","R","ARI","SF","B","null","null",2,2,2018,"-1.4989","0.7324","-0.9118","3.2788","null","null","null",2,1,"Bot","null","null",,,457763,,"180701_022206","3.5371","-125.9084","-1.6451","-16.4558","27.2064","-24.3974","3.3727","1.5952","null","null","null","85.9060","2144","6.0390",530651,605446,457763,474832,605412,467055,543063,593700,491676,457705,"54.4630","null","null","null","null","null","null","null",7,"6","Changeup",0,0,0,0,0,0,0,0,"Infield shift","Standard"
"CH","2018-06-30","87.3","-1.1423","6.0973","Dereck Rodriguez",571875,605446,"null","ball",,,,,"13","null","R","L","R","ARI","SF","B","null","null",1,2,2018,"-1.5905","0.5917","-0.3583","0.0123","null","null","null",2,1,"Bot","null","null",,,457763,,"180701_022147","5.1119","-126.8100","-9.6483","-18.0938","25.3884","-24.1112","3.4869","1.5381","null","null","null","87.0180","2075","6.1640",530651,605446,457763,474832,605412,467055,543063,593700,491676,457705,"54.3379","null","null","null","null","null","null","null",7,"5","Changeup",0,0,0,0,0,0,0,0,"Infield shift","Standard"
"FF","2018-06-30","95.1","-1.1744","6.0824","Dereck Rodriguez",571875,605446,"null","ball",,,,,"13","null","R","L","R","ARI","SF","B","null","null",0,2,2018,"-0.5533","1.5301","-0.8698","2.1331","null","null","null",2,1,"Bot","null","null",,,457763,,"180701_022129","2.0204","-138.3582","-8.0843","-7.5007","30.2975","-11.1047","3.4298","1.5952","null","null","null","94.8700","2192","6.1270",530651,605446,457763,474832,605412,467055,543063,593700,491676,457705,"54.3750","null","null","null","null","null","null","null",7,"4","4-Seam Fastball",0,0,0,0,0,0,0,0,"Infield shift","Standard"
"FF","2018-06-30","92.4","-1.1770","6.1365","Dereck Rodriguez",571875,605446,"null","called_strike",,,,,"5","null","R","L","R","ARI","SF","S","null","null",0,0,2018,"-0.4643","1.2931","-0.2704","2.4006","null","null","null",2,1,"Bot","null","null",,,457763,,"180701_022034","3.2756","-134.3820","-6.4111","-6.2461","29.2053","-15.6079","3.3055","1.5280","null","null","null","91.6740","2139","5.8920",530651,605446,457763,474832,605412,467055,543063,593700,491676,457705,"54.6104","null","null","null","null","null","null","null",7,"1","4-Seam Fastball",0,0,0,0,0,0,0,0,"Infield shift","Standard"
"FF","2018-06-30","94.3","-1.2306","6.0946","Dereck Rodriguez",502671,605446,"null","called_strike",,,,,"3","null","R","R","R","ARI","SF","S","null","null",0,0,2018,"-0.5747","1.1846","0.2789","2.8777","null","null","null",1,1,"Bot","null","null",,,457763,,"180701_021942","5.1456","-137.1529","-5.2052","-8.3049","31.1012","-16.5219","3.4499","1.5381","null","null","null","93.5800","2185","5.9510",530651,605446,457763,474832,605412,467055,543063,593700,491676,457705,"54.5507","null","null","null","null","null","null","null",6,"1","4-Seam Fastball",0,0,0,0,0,0,0,0,"Infield shift","Standard"
"CH","2018-06-30","85.7","-1.1455","6.0724","Dereck Rodriguez",445055,605446,"null","ball",,,,,"14","null","R","L","R","ARI","SF","B","null","null",0,1,2018,"-1.6003","0.7692","0.3632","0.6623","null","null","null",0,1,"Bot","null","null",,,457763,,"180701_021856","6.7931","-124.4376","-8.0253","-17.9967","25.2735","-22.7735","3.4366","1.6122","null","null","null","85.5970","2119","6.3720",530651,605446,457763,474832,605412,467055,543063,593700,491676,457705,"54.1300","null","null","null","null","null","null","null",5,"2","Changeup",0,0,0,0,0,0,0,0,"Standard","Standard"
"FF","2018-06-30","91.4","-1.4219","6.2039","Dereck Rodriguez",445055,605446,"null","called_strike",,,,,"4","null","R","L","R","ARI","SF","S","null","null",0,0,2018,"-0.5936","1.2609","-0.8133","2.2964","null","null","null",0,1,"Bot","null","null",,,457763,,"180701_021842","2.7428","-132.9044","-6.5244","-7.4534","28.5608","-16.4431","3.4467","1.4407","null","null","null","90.2800","1932","5.6530",530651,605446,457763,474832,605412,467055,543063,593700,491676,457705,"54.8489","null","null","null","null","null","null","null",5,"1","4-Seam Fastball",0,0,0,0,0,0,0,0,"Strategic","Standard"
"FF","2018-06-30","95.2","-1.6775","5.3120","Shelby Miller",474832,571946,"null","ball",,,,,"14","null","R","L","R","ARI","SF","B","null","null",0,0,2018,"-0.8066","1.2470","0.1725","0.9558","null","null","457763.00",2,1,"Top","null","null",,,571974,,"180701_021522","6.7554","-138.3261","-8.6825","-12.0426","31.3228","-14.1481","3.1583","1.3164","null","null","null","95.9330","2336","6.8290",530651,571946,571974,502671,518614,571875,606466,444482,502481,445055,"53.6732","null","null","null","null","null","null","null",4,"1","4-Seam Fastball",0,0,0,0,0,0,0,0,"Infield shift","Standard"
"FF","2018-06-30","96.9","-1.6759","5.2959","Shelby Miller",457705,571946,"strikeout","called_strike",,,,,"14","Andrew McCutchen called out on strikes.  ","R","R","R","ARI","SF","S",2,"null",1,2,2018,"-0.5574","1.2606","0.8780","2.2094","null","null","457763.00",1,1,"Top","null","null",,,571974,,"180701_021447","8.1655","-140.9466","-5.6335","-9.3940","32.7058","-14.1096","3.4668","1.6524","null","null","null","97.4520","2429","6.6740",530651,571946,571974,502671,518614,571875,606466,444482,502481,445055,"53.8278","null","null","0.00",1,0,0,"null",3,"4","4-Seam Fastball",0,0,0,0,0,0,0,0,"Infield shift","Standard"
"FF","2018-06-30","94.9","-1.7034","5.2873","Shelby Miller",457763,571946,"null","ball",,,,,"14","null","R","R","R","ARI","SF","B","null","null",0,0,2018,"-1.0585","1.2393","0.7859","1.4100","null","null","null",1,1,"Top","null","null",,,571974,,"180701_021218","9.0053","-137.8690","-7.3520","-15.7321","30.4891","-14.6485","3.5979","1.5751","null","null","null","95.7470","2308","6.8570",530651,571946,571974,502671,518614,571875,606466,444482,502481,445055,"53.6447","null","null","null","null","null","null","null",2,"1","4-Seam Fastball",0,0,0,0,0,0,0,0,"Standard","Standard"
"FF","2018-06-30","94.5","-1.6659","5.2721","Shelby Miller",593700,571946,"null","ball",,,,,"14","null","R","L","R","ARI","SF","B","null","null",0,2,2018,"-0.9303","1.1947","0.1052","1.2166","null","null","null",0,1,"Top","null","null",,,571974,,"180701_021118","6.7345","-137.4023","-7.5964","-13.3584","29.8886","-15.4468","3.2754","1.5381","null","null","null","95.0020","2321","6.5860",530651,571946,571974,502671,518614,571875,606466,444482,502481,445055,"53.9156","null","null","null","null","null","null","null",1,"3","4-Seam Fastball",0,0,0,0,0,0,0,0,"Standard","Standard"
"CU","2018-06-30","79.4","-1.7434","5.3886","Shelby Miller",593700,571946,"null","called_strike",,,,,"4","null","R","L","R","ARI","SF","S","null","null",0,1,2018,"0.5021","-0.6827","-0.5726","2.0838","null","null","null",0,1,"Top","null","null",,,571974,,"180701_021103","1.6265","-115.5575","0.8008","4.1179","22.1605","-38.5915","3.2415","1.4571","null","null","null","78.8680","2401","5.9760",530651,571946,571974,502671,518614,571875,606466,444482,502481,445055,"54.5259","null","null","null","null","null","null","null",1,"2","Curveball",0,0,0,0,0,0,0,0,"Standard","Standard"
"FF","2018-06-30","92.8","-1.7101","5.4455","Shelby Miller",593700,571946,"null","called_strike",,,,,"1","null","R","L","R","ARI","SF","S","null","null",0,0,2018,"-0.7174","1.3991","-0.4089","2.8421","null","null","null",0,1,"Top","null","null",,,571974,,"180701_021049","4.9629","-135.0650","-3.9995","-9.9837","29.8498","-14.1572","3.1844","1.6739","null","null","null","93.5170","2246","6.7380",530651,571946,571974,502671,518614,571875,606466,444482,502481,445055,"53.7643","null","null","null","null","null","null","null",1,"1","4-Seam Fastball",0,0,0,0,0,0,0,0,"Standard","Standard"