"pitch_type","game_date","release_speed","release_pos_x","release_pos_z","player_name","batter","pitcher","events","description","spin_dir","spin_rate_deprecated","break_angle_deprecated","break_length_deprecated","zone","des","game_type","stand","p_throws","home_team","away_team","type","hit_location","bb_type","balls","strikes","game_year","pfx_x","pfx_z","plate_x","plate_z","on_3b","on_2b","on_1b","outs_when_up","inning","inning_topbot","hc_x","hc_y","tfs_deprecated","tfs_zulu_deprecated","pos2_person_id","umpire","sv_id","vx0","vy0","vz0","ax","ay","az","sz_top","sz_bot","hit_distance_sc","launch_speed","launch_angle","effective_speed","release_spin_rate","release_extension","game_pk","pos1_person_id","pos2_person_id","pos3_person_id","pos4_person_id","pos5_person_id","pos6_person_id","pos7_person_id","pos8_person_id","pos9_person_id","release_pos_y","estimated_ba_using_speedangle","estimated_woba_using_speedangle","woba_value","woba_denom","babip_value","iso_value","launch_speed_angle","at_bat_number","pitch_number","pitch_name","home_score","away_score","bat_score","fld_score","post_away_score","post_home_score","post_bat_score","post_fld_score","if_fielding_alignment","of_fielding_alignment"
"FT","2018-07-07","96.3","-1.2799","5.8018","Bud Norris",596103,502032,"null","ball",,,,,"14","null","R","R","R","SF","STL","B","null","null",0,2,2018,"-0.9605","1.3292","0.0950","1.0965","null","null","null",2,9,"Bot","null","null",,,506747,,"180707_225554","5.7852","-139.8465","-9.8671","-13.8012","29.7894","-12.8899","3.5114","1.5385","null","null","null","96.0980","2515","6.1590",530743,502032,506747,572761,543939,576397,657557,542303,502054,451594,"54.3382","null","null","null","null","null","null","null",72,"3","2-Seam Fastball",2,3,2,3,3,2,2,3,"Standard","Standard"
"FC","2018-07-07","89.1","-1.3336","6.0562","Bud Norris",596103,502032,"null","called_strike",,,,,"3","null","R","R","R","SF","STL","S","null","null",0,0,2018,"0.0119","0.8519","0.6688","3.2944","null","null","null",2,9,"Bot","null","null",,,506747,,"180707_225502","4.8663","-129.6998","-2.5080","-0.8906","27.2757","-22.3946","3.5179","1.5441","null","null","null","88.6180","2484","5.9800",530743,502032,506747,572761,543939,576397,657557,542303,502054,451594,"54.5175","null","null","null","null","null","null","null",72,"1","Cutter",2,3,2,3,3,2,2,3,"Standard","Standard"
"FC","2018-07-07","87.4","-1.2575","5.9275","Bud Norris",467055,502032,"null","ball",,,,,"14","null","R","L","R","SF","STL","B","null","null",0,0,2018,"0.2148","0.3398","1.0020","2.1045","null","null","null",0,9,"Bot","null","null",,,506747,,"180707_225313","4.9535","-127.0714","-3.7025","1.2671","25.8965","-28.0629","2.9967","1.2453","null","null","null","86.4460","2527","5.7130",530743,502032,506747,572761,543939,576397,657557,542303,502054,451594,"54.7842","null","null","null","null","null","null","null",70,"1","Cutter",2,3,2,3,3,2,2,3,"Standard","Standard"
"FC","2018-07-07","89.8","-1.7664","6.1923","Mark Melancon",572761,453343,"null","ball",,,,,"11","null","R","L","R","SF","STL","B","null","null",1,1,2018,"0.0330","0.7101","-0.9040","3.5378","null","null","622168.00",2,9,"Top","null","null",,,460026,,"180707_224654","2.0630","-130.9016","-2.1857","0.0149","23.1979","-23.7791","3.5722","1.7336","null","null","null","90.2870","2358","6.1330",530743,453343,460026,474832,593700,467055,543063,596103,491676,457705,"54.3648","null","null","null","null","null","null","null",69,"3","Cutter",2,3,3,2,3,2,3,2,"Infield shift","Standard"
"FC","2018-07-07","89.4","-1.7360","6.1883","Mark Melancon",572761,453343,"null","called_strike",,,,,"1","null","R","L","R","SF","STL","S","null","null",1,0,2018,"0.3278","0.6437","-0.5668","3.1457","null","null","622168.00",2,9,"Top","null","null",,,460026,,"180707_224607","2.1952","-130.2975","-2.9525","3.3821","22.1778","-24.4803","3.5444","1.7336","null","null","null","89.9540","2287","6.1190",530743,453343,460026,474832,593700,467055,543063,596103,491676,457705,"54.3779","null","null","null","null","null","null","null",69,"2","Cutter",2,3,3,2,3,2,3,2,"Infield shift","Strategic"
"FC","2018-07-07","89.3","-1.7540","6.2719","Mark Melancon",572761,453343,"null","ball",,,,,"11","null","R","L","R","SF","STL","B","null","null",0,0,2018,"-0.1847","0.8165","-1.0574","3.9529","null","null","622168.00",2,9,"Top","null","null",,,460026,,"180707_224540","2.1085","-130.2436","-1.5049","-2.5090","24.0971","-22.7217","3.4285","1.6857","null","null","null","89.9950","2382","6.3220",530743,453343,460026,474832,593700,467055,543063,596103,491676,457705,"54.1750","null","null","null","null","null","null","null",69,"1","Cutter",2,3,3,2,3,2,3,2,"Infield shift","Strategic"
"FC","2018-07-07","89.5","-1.8757","6.2395","Mark Melancon",622168,453343,"walk","ball",,,,,"12","Yairo Munoz walks.  ","R","R","R","SF","STL","B","null","null",3,0,2018,"0.2661","0.5505","0.0592","3.4177","null","null","null",2,9,"Top","null","null",,,460026,,"180707_224457","4.1985","-130.3425","-2.1310","2.1617","26.1251","-25.7589","3.2222","1.3762","null","null","null","89.2220","2281","5.9660",530743,453343,460026,474832,593700,467055,543063,596103,491676,457705,"54.5315","null","null","0.70",1,0,0,"null",68,"4","Cutter",2,3,3,2,3,2,3,2,"Standard","Standard"
"FC","2018-07-07","90.5","-1.6994","6.2589","Mark Melancon",622168,453343,"null","ball",,,,,"12","null","R","R","R","SF","STL","B","null","null",2,0,2018,"0.2584","0.4633","0.1707","4.0526","null","null","null",2,9,"Top","null","null",,,460026,,"180707_224436","4.1140","-131.8592","-0.6209","2.2317","25.1490","-26.8486","3.2222","1.3762","null","null","null","90.7830","2249","6.1590",530743,453343,460026,474832,593700,467055,543063,596103,491676,457705,"54.3381","null","null","null","null","null","null","null",68,"3","Cutter",2,3,3,2,3,2,3,2,"Standard","Standard"
"KC","2018-07-07","83.0","-1.5842","6.2721","Mark Melancon",622168,453343,"null","ball",,,,,"14","null","R","R","R","SF","STL","B","null","null",1,0,2018,"0.2407","-0.9734","1.1171","0.9090","null","null","null",2,9,"Top","null","null",,,460026,,"180707_224410","5.6540","-120.6507","-3.9024","1.2314","22.8934","-40.9936","3.2701","1.3762","null","null","null","82.1590","2628","5.7250",530743,453343,460026,474832,593700,467055,543063,596103,491676,457705,"54.7721","null","null","null","null","null","null","null",68,"2","Knuckle Curve",2,3,3,2,3,2,3,2,"Standard","Standard"
"KC","2018-07-07","82.2","-1.4714","6.3045","Mark Melancon",622168,453343,"null","ball",,,,,"11","null","R","R","R","SF","STL","B","null","null",0,0,2018,"0.6304","-1.2341","-0.6792","3.9685","null","null","null",2,9,"Top","null","null",,,460026,,"180707_224349","0.5939","-119.6380","3.5269","5.8430","22.4429","-44.7272","3.2701","1.3762","null","null","null","81.6130","2668","5.8160",530743,453343,460026,474832,593700,467055,543063,596103,491676,457705,"54.6811","null","null","null","null","null","null","null",68,"1","Knuckle Curve",2,3,3,2,3,2,3,2,"Standard","Standard"
"KC","2018-07-07","82.4","-1.5646","6.3657","Mark Melancon",506747,453343,"null","called_strike",,,,,"1","null","R","R","R","SF","STL","S","null","null",0,0,2018,"0.5810","-0.8512","-0.2977","3.2052","null","null","null",1,9,"Top","null","null",,,460026,,"180707_224142","1.7560","-119.9398","0.9621","5.1592","23.6995","-40.6757","3.3281","1.4972","null","null","null","81.7400","2695","5.8740",530743,453343,460026,474832,593700,467055,543063,596103,491676,457705,"54.6233","null","null","null","null","null","null","null",67,"1","Knuckle Curve",2,3,3,2,3,2,3,2,"Standard","Standard"
"FS","2018-07-07","84.5","-1.8740","6.2699","Mark Melancon",543939,453343,"null","ball",,,,,"14","null","R","L","R","SF","STL","B","null","null",1,2,2018,"-0.9912","0.8671","0.0162","-0.3186","null","null","null",0,9,"Top","null","null",,,460026,,"180707_224011","6.3520","-122.5803","-10.7348","-11.1538","20.4504","-21.7356","2.9565","1.2808","null","null","null","84.8120","1834","6.3140",530743,453343,460026,474832,593700,467055,543063,596103,491676,457705,"54.1835","null","null","null","null","null","null","null",66,"5","Split Finger",2,3,3,2,3,2,3,2,"Standard","Standard"
"FC","2018-07-07","91.7","-1.6927","6.3087","Mark Melancon",543939,453343,"null","ball",,,,,"12","null","R","L","R","SF","STL","B","null","null",0,2,2018,"0.2208","0.6513","1.0457","3.1545","null","null","null",0,9,"Top","null","null",,,460026,,"180707_223950","6.4643","-133.5073","-3.6239","1.5009","24.3112","-23.7942","2.9565","1.2808","null","null","null","92.5540","2339","6.4250",530743,453343,460026,474832,593700,467055,543063,596103,491676,457705,"54.0722","null","null","null","null","null","null","null",66,"4","Cutter",2,3,3,2,3,2,3,2,"Standard","Standard"
"SL","2018-07-07","88.5","-1.7417","6.0808","Jordan Hicks",543063,663855,"null","ball",,,,,"13","null","R","L","R","SF","STL","B","null","null",2,2,2018,"0.7348","-0.0347","-1.1130","1.9642","null","null","474832.00",2,8,"Bot","null","null",,,506747,,"180707_223506","0.0282","-128.9052","-3.9707","8.1484","23.2661","-32.0465","3.1674","1.3511","null","null","null","88.5030","2514","5.9430",530743,663855,506747,572761,543939,576397,657557,542303,502054,451594,"54.5547","null","null","null","null","null","null","null",65,"5","Slider",2,3,2,3,3,2,2,3,"Standard","Standard"
"SI","2018-07-07","101.2","-1.7078","6.0710","Jordan Hicks",543063,663855,"null","ball",,,,,"11","null","R","L","R","SF","STL","B","null","null",1,1,2018,"-1.3391","0.7310","-0.9041","3.7939","null","null","474832.00",2,8,"Bot","null","null",,,506747,,"180707_223407","5.4403","-147.3006","-2.8051","-20.7833","34.0766","-21.0761","3.2632","1.4470","null","null","null","101.4400","2312","6.3450",530743,663855,506747,572761,543939,576397,657557,542303,502054,451594,"54.1526","null","null","null","null","null","null","null",65,"3","Sinker",2,3,2,3,3,2,2,3,"Standard","Standard"
"SL","2018-07-07","87.3","-1.8613","6.0153","Jordan Hicks",543063,663855,"null","ball",,,,,"14","null","R","L","R","SF","STL","B","null","null",0,1,2018,"0.6479","-0.0757","0.8853","0.8693","null","null","474832.00",2,8,"Bot","null","null",,,506747,,"180707_223336","5.2758","-127.0906","-6.1260","6.0466","23.3793","-32.0699","3.2153","1.3511","null","null","null","87.4370","2336","6.1210",530743,663855,506747,572761,543939,576397,657557,542303,502054,451594,"54.3762","null","null","null","null","null","null","null",65,"2","Slider",2,3,2,3,3,2,2,3,"Standard","Standard"
"SI","2018-07-07","102.6","-1.6136","6.1306","Jordan Hicks",474832,663855,"null","ball",,,,,"11","null","R","L","R","SF","STL","B","null","null",1,2,2018,"-1.1966","0.9247","-1.0303","3.5252","null","593700.00","null",2,8,"Bot","null","null",,,506747,,"180707_223110","4.5592","-149.4308","-4.4000","-19.0529","35.4160","-17.4520","3.1172","1.3913","null","null","null","102.9580","2117","6.3940",530743,663855,506747,572761,543939,576397,657557,542303,502054,451594,"54.1038","null","null","null","null","null","null","null",64,"4","Sinker",1,3,1,3,3,1,1,3,"Standard","Standard"
"SI","2018-07-07","100.0","-1.6017","6.1103","Jordan Hicks",474832,663855,"null","ball",,,,,"14","null","R","L","R","SF","STL","B","null","null",0,1,2018,"-1.1019","0.5984","0.6489","1.2024","null","593700.00","null",2,8,"Bot","null","null",,,506747,,"180707_222932","8.8802","-145.2359","-9.6534","-17.7841","31.2988","-21.6569","3.1651","1.4871","null","null","null","100.8630","2207","6.6860",530743,663855,506747,572761,543939,576397,657557,542303,502054,451594,"53.8115","null","null","null","null","null","null","null",64,"2","Sinker",1,3,1,3,3,1,1,3,"Standard","Standard"
"SI","2018-07-07","100.7","-1.7221","6.1792","Jordan Hicks",474832,663855,"null","called_strike",,,,,"13","null","R","L","R","SF","STL","S","null","null",0,0,2018,"-1.0750","0.8872","-0.8327","1.7242","null","593700.00","null",2,8,"Bot","null","null",,,506747,,"180707_222911","5.0368","-146.5421","-9.2245","-16.7168","30.4790","-17.5089","3.1651","1.5830","null","null","null","101.4640","2216","6.4330",530743,663855,506747,572761,543939,576397,657557,542303,502054,451594,"54.0649","null","null","null","null","null","null","null",64,"1","Sinker",1,3,1,3,3,1,1,3,"Standard","Standard"
"SI","2018-07-07","101.7","-1.6820","6.1863","Jordan Hicks",457705,663855,"strikeout","called_strike",,,,,"6","Andrew McCutchen called out on strikes.  ","R","R","R","SF","STL","S",2,"null",3,2,2018,"-1.1078","0.8145","0.7467","2.5454","null","593700.00","null",1,8,"Bot","null","null",,,506747,,"180707_222827","9.5247","-147.8238","-6.9639","-18.5235","31.2266","-18.7426","3.4162","1.4894","null","null","null","102.6080","2156","6.5830",530743,663855,506747,572761,543939,576397,657557,542303,502054,451594,"53.9145","null","null","0.00",1,0,0,"null",63,"6","Sinker",1,3,1,3,3,1,1,3,"Standard","Standard"
"SI","2018-07-07","102.6","-1.5174","6.1954","Jordan Hicks",457705,663855,"null","ball",,,,,"13","null","R","R","R","SF","STL","B","null","null",1,1,2018,"-1.2826","0.9796","-0.2854","1.1863","null","593700.00","null",1,8,"Bot","null","null",,,506747,,"180707_222641","6.6771","-148.9543","-11.3921","-20.9654","35.1198","-14.8666","3.4162","1.5374","null","null","null","103.3290","2053","6.7620",530743,663855,506747,572761,543939,576397,657557,542303,502054,451594,"53.7358","null","null","null","null","null","null","null",63,"3","Sinker",1,3,1,3,3,1,1,3,"Standard","Standard"
"SL","2018-07-07","89.3","-1.5618","6.0983","Jordan Hicks",457705,663855,"null","ball",,,,,"14","null","R","R","R","SF","STL","B","null","null",0,1,2018,"0.5402","-0.1799","0.6690","0.2029","null","null","593700.00",1,8,"Bot","null","null",,,506747,,"180707_222601","4.3458","-129.9831","-8.1965","5.4080","21.2415","-33.0588","3.4162","1.5853","null","null","null","89.4380","2438","5.8700",530743,663855,506747,572761,543939,576397,657557,542303,502054,451594,"54.6272","null","null","null","null","null","null","null",63,"2","Slider",1,3,1,3,3,1,1,3,"Standard","Standard"
"SI","2018-07-07","99.6","-1.5349","5.9933","Jordan Hicks",457705,663855,"null","called_strike",,,,,"5","null","R","R","R","SF","STL","S","null","null",0,0,2018,"-1.1955","0.5225","0.2550","2.6338","null","null","593700.00",1,8,"Bot","null","null",,,506747,,"180707_222538","7.8147","-144.9590","-5.1374","-18.8500","32.0377","-23.7417","3.3683","1.4894","null","null","null","100.5770","1890","6.6910",530743,663855,506747,572761,543939,576397,657557,542303,502054,451594,"53.8060","null","null","null","null","null","null","null",63,"1","Sinker",1,3,1,3,3,1,1,3,"Standard","Standard"
"SL","2018-07-07","87.4","-1.7968","6.0714","Jordan Hicks",593700,663855,"null","ball",,,,,"13","null","R","L","R","SF","STL","B","null","null",2,2,2018,"0.7321","-0.3295","-1.0411","1.2777","null","null","null",1,8,"Bot","null","null",,,506747,,"180707_222421","0.3480","-127.1822","-4.7269","7.7264","24.6530","-35.0008","3.2524","1.5374","null","null","null","86.6470","2467","5.6840",530743,663855,506747,572761,543939,576397,657557,542303,502054,451594,"54.8136","null","null","null","null","null","null","null",62,"5","Slider",1,3,1,3,3,1,1,3,"Standard","Standard"
"SI","2018-07-07","100.5","-1.5860","6.1215","Jordan Hicks",593700,663855,"null","called_strike",,,,,"5","null","R","L","R","SF","STL","S","null","null",2,0,2018,"-1.1056","0.9402","-0.0750","2.2790","null","null","null",1,8,"Bot","null","null",,,506747,,"180707_222334","6.7256","-146.1247","-7.4679","-17.2113","32.7370","-17.3664","3.3381","1.6332","null","null","null","100.1060","2057","6.0040",530743,663855,506747,572761,543939,576397,657557,542303,502054,451594,"54.4931","null","null","null","null","null","null","null",62,"3","Sinker",1,3,1,3,3,1,1,3,"Standard","Standard"
"SI","2018-07-07","100.6","-1.6336","6.0589","Jordan Hicks",593700,663855,"null","ball",,,,,"13","null","R","L","R","SF","STL","B","null","null",1,0,2018,"-1.3489","0.7171","-1.5560","1.7196","null","null","null",1,8,"Bot","null","null",,,506747,,"180707_222312","3.4439","-146.3781","-8.4434","-20.3180","33.8503","-20.0455","3.3482","1.5374","null","null","null","101.0730","2029","6.5040",530743,663855,506747,572761,543939,576397,657557,542303,502054,451594,"53.9934","null","null","null","null","null","null","null",62,"2","Sinker",1,3,1,3,3,1,1,3,"Standard","Standard"
"SI","2018-07-07","101.6","-1.6866","6.1084","Jordan Hicks",593700,663855,"null","ball",,,,,"11","null","R","L","R","SF","STL","B","null","null",0,0,2018,"-1.1432","0.8034","-1.2540","2.6151","null","null","null",1,8,"Bot","null","null",,,506747,,"180707_222253","3.9127","-147.8156","-6.3997","-17.5746","34.0343","-19.1995","3.2045","1.5374","null","null","null","101.4460","1976","6.1380",530743,663855,506747,572761,543939,576397,657557,542303,502054,451594,"54.3599","null","null","null","null","null","null","null",62,"1","Sinker",1,3,1,3,3,1,1,3,"Standard","Standard"
"SI","2018-07-07","101.2","-1.7793","6.1136","Jordan Hicks",491676,663855,"null","ball",,,,,"8","null","R","R","R","SF","STL","B","null","null",0,0,2018,"-1.1662","0.7520","-0.1279","1.4785","null","null","null",0,8,"Bot","null","null",,,506747,,"180707_222153","7.3505","-147.1259","-9.4338","-18.5353","30.5362","-19.4417","3.3667","1.5405","null","null","null","101.4840","2146","6.2130",530743,663855,506747,572761,543939,576397,657557,542303,502054,451594,"54.2839","null","null","null","null","null","null","null",61,"1","Sinker",1,3,1,3,3,1,1,3,"Standard","Standard"
"CH","2018-07-07","84.9","-2.4163","4.4855","Cory Gearrin",451594,518715,"null","ball",,,,,"13","null","R","L","R","SF","STL","B","null","null",0,0,2018,"-1.7808","0.0045","-1.9923","2.1137","null","null","null",2,8,"Top","null","null",,,460026,,"180707_221743","4.3851","-123.4186","0.8010","-18.5435","26.1996","-32.5724","3.4162","1.4917","null","null","null","83.4660","2173","5.5450",530743,518715,460026,474832,593700,467055,543063,596103,491676,457705,"54.9524","null","null","null","null","null","null","null",60,"1","Changeup",1,3,3,1,3,1,3,1,"Standard","Standard"
"SL","2018-07-07","83.7","-2.4429","4.6454","Cory Gearrin",657557,518715,"null","called_strike",,,,,"8","null","R","R","R","SF","STL","S","null","null",0,1,2018,"0.7476","0.3996","-0.0908","1.9917","null","null","null",1,8,"Top","null","null",,,460026,,"180707_221645","3.9309","-121.6488","-0.4739","6.4229","22.8595","-28.5176","3.6053","1.5200","null","null","null","82.1600","2996","5.2250",530743,518715,460026,474832,593700,467055,543063,596103,491676,457705,"55.2723","null","null","null","null","null","null","null",59,"2","Slider",1,3,3,1,3,1,3,1,"Standard","Standard"
"SI","2018-07-07","92.4","-2.4216","4.7624","Cory Gearrin",657557,518715,"null","called_strike",,,,,"5","null","R","R","R","SF","STL","S","null","null",0,0,2018,"-1.7174","-0.1522","0.0051","2.2601","null","null","null",1,8,"Top","null","null",,,460026,,"180707_221623","9.6617","-134.1195","-0.2152","-22.2775","28.8805","-34.1703","3.7011","1.5200","null","null","null","91.0430","2422","5.5940",530743,518715,460026,474832,593700,467055,543063,596103,491676,457705,"54.9033","null","null","null","null","null","null","null",59,"1","Sinker",1,3,3,1,3,1,3,1,"Standard","Standard"
"SL","2018-07-07","83.4","-2.4547","4.6314","Cory Gearrin",542303,518715,"null","ball",,,,,"14","null","R","R","R","SF","STL","B","null","null",0,2,2018,"0.5529","0.0552","2.6650","1.3052","null","null","null",0,8,"Top","null","null",,,460026,,"180707_221520","10.4782","-120.7958","-1.1912","3.0152","25.1251","-31.6942","3.4965","1.5551","null","null","null","81.3350","3009","5.3010",530743,518715,460026,474832,593700,467055,543063,596103,491676,457705,"55.1961","null","null","null","null","null","null","null",58,"3","Slider",1,3,3,1,3,1,3,1,"Standard","Standard"
"SL","2018-07-07","81.5","-2.5602","4.7628","Cory Gearrin",542303,518715,"null","called_strike",,,,,"1","null","R","R","R","SF","STL","S","null","null",0,0,2018,"0.6328","0.4187","-0.4929","3.2113","null","null","null",0,8,"Top","null","null",,,460026,,"180707_221429","3.4048","-118.4637","2.2368","5.1154","21.0259","-29.0493","3.5444","1.6031","null","null","null","79.8050","2925","5.0170",530743,518715,460026,474832,593700,467055,543063,596103,491676,457705,"55.4801","null","null","null","null","null","null","null",58,"1","Slider",1,3,3,1,3,1,3,1,"Standard","Standard"
"FC","2018-07-07","88.1","-1.2977","5.0314","Carlos Martinez",457706,593372,"null","ball",,,,,"14","null","R","R","R","SF","STL","B","null","null",1,2,2018,"0.4490","0.5050","1.8730","2.1087","null","null","596103.00",2,7,"Bot","null","null",,,506747,,"180707_221118","6.6655","-128.0823","-2.0551","3.6528","22.1128","-26.6457","3.3938","1.5250","null","null","null","86.8660","2302","5.1900",530743,593372,506747,572761,543939,576397,657557,542303,502054,451594,"55.3076","null","null","null","null","null","null","null",57,"4","Cutter",1,3,1,3,3,1,1,3,"Standard","Standard"
"FT","2018-07-07","92.4","-1.1816","5.0643","Carlos Martinez",457706,593372,"null","called_strike",,,,,"6","null","R","R","R","SF","STL","S","null","null",1,1,2018,"-1.1216","0.5281","0.8194","2.3052","null","null","596103.00",2,7,"Bot","null","null",,,506747,,"180707_221050","7.2408","-134.3050","-2.3592","-14.4352","23.4449","-25.7861","3.2980","1.4771","null","null","null","91.0150","2057","5.0810",530743,593372,506747,572761,543939,576397,657557,542303,502054,451594,"55.4161","null","null","null","null","null","null","null",57,"3","2-Seam Fastball",1,3,1,3,3,1,1,3,"Standard","Standard"
"SL","2018-07-07","82.9","-1.2306","5.2349","Carlos Martinez",457706,593372,"null","called_strike",,,,,"2","null","R","R","R","SF","STL","S","null","null",1,0,2018,"0.8157","0.2851","0.0990","3.0258","null","null","596103.00",2,7,"Bot","null","null",,,506747,,"180707_221024","1.4981","-120.7144","0.7299","7.4675","18.6088","-29.8247","3.3938","1.5250","null","null","null","81.5910","2080","4.9030",530743,593372,506747,572761,543939,576397,657557,542303,502054,451594,"55.5940","null","null","null","null","null","null","null",57,"2","Slider",1,3,1,3,3,1,1,3,"Standard","Standard"
"SL","2018-07-07","81.6","-1.3609","5.2907","Carlos Martinez",457706,593372,"null","ball",,,,,"13","null","R","R","R","SF","STL","B","null","null",0,0,2018,"1.0375","0.0066","-1.4679","2.1892","null","null","596103.00",2,7,"Bot","null","null",,,506747,,"180707_220913","-2.0451","-118.6855","-0.5209","9.7037","18.6571","-32.2787","3.3459","1.4771","null","null","null","79.8420","2122","4.7020",530743,593372,506747,572761,543939,576397,657557,542303,502054,451594,"55.7954","null","null","null","null","null","null","null",57,"1","Slider",1,3,1,3,3,1,1,3,"Standard","Standard"
"FC","2018-07-07","86.6","-1.4462","5.2389","Carlos Martinez",467055,593372,"null","called_strike",,,,,"1","null","R","L","R","SF","STL","S","null","null",3,1,2018,"0.0214","0.6533","-0.4129","2.8443","null","null","null",0,7,"Bot","null","null",,,506747,,"180707_220618","2.3598","-126.0944","-0.8920","-0.1603","20.3197","-25.5631","3.1025","1.4848","null","null","null","85.0500","2300","4.7880",530743,593372,506747,572761,543939,576397,657557,542303,502054,451594,"55.7098","null","null","null","null","null","null","null",54,"5","Cutter",1,3,1,3,3,1,1,3,"Standard","Standard"
"CH","2018-07-07","83.5","-1.2924","5.3304","Carlos Martinez",467055,593372,"null","ball",,,,,"13","null","R","L","R","SF","STL","B","null","null",2,1,2018,"-1.0106","-0.0638","-2.3356","2.2616","null","null","null",0,7,"Bot","null","null",,,506747,,"180707_220600","-0.4972","-121.5400","-0.6038","-9.6131","20.4903","-32.9232","3.0925","1.4848","null","null","null","82.2520","1677","5.1230",530743,593372,506747,572761,543939,576397,657557,542303,502054,451594,"55.3747","null","null","null","null","null","null","null",54,"4","Changeup",1,3,1,3,3,1,1,3,"Standard","Standard"
"FT","2018-07-07","88.8","-1.5401","5.4115","Carlos Martinez",467055,593372,"null","ball",,,,,"11","null","R","L","R","SF","STL","B","null","null",1,1,2018,"-1.0549","0.5648","-1.8407","3.0545","null","null","null",0,7,"Bot","null","null",,,506747,,"180707_220548","1.2950","-129.1482","-0.8632","-11.4672","24.8234","-26.2774","3.0925","1.4369","null","null","null","86.5460","1941","4.7060",530743,593372,506747,572761,543939,576397,657557,542303,502054,451594,"55.7912","null","null","null","null","null","null","null",54,"3","2-Seam Fastball",1,3,1,3,3,1,1,3,"Standard","Standard"
"CU","2018-07-07","79.8","-1.6090","5.3326","Carlos Martinez",467055,593372,"null","ball",,,,,"11","null","R","L","R","SF","STL","B","null","null",0,1,2018,"1.1980","0.2210","-1.6161","2.6867","null","null","null",0,7,"Bot","null","null",,,506747,,"180707_220537","-2.0673","-115.9625","0.4800","10.6188","21.0113","-30.6606","3.0925","1.4369","null","null","null","77.5890","2092","4.7200",530743,593372,506747,572761,543939,576397,657557,542303,502054,451594,"55.7771","null","null","null","null","null","null","null",54,"2","Curveball",1,3,1,3,3,1,1,3,"Standard","Standard"
"CU","2018-07-07","76.9","-1.2535","5.6790","Carlos Martinez",467055,593372,"null","called_strike",,,,,"4","null","R","L","R","SF","STL","S","null","null",0,0,2018,"1.1984","-0.1251","-0.4990","2.4603","null","null","null",0,7,"Bot","null","null",,,506747,,"180707_220526","-0.4316","-111.8362","0.3267","9.6265","19.4565","-33.5131","3.1025","1.3890","null","null","null","74.9130","1953","4.7750",530743,593372,506747,572761,543939,576397,657557,542303,502054,451594,"55.7227","null","null","null","null","null","null","null",54,"1","Curveball",1,3,1,3,3,1,1,3,"Standard","Standard"
"SL","2018-07-07","86.7","-1.2848","5.4254","Sam Dyson",500874,473879,"null","ball",,,,,"14","null","R","R","R","SF","STL","B","null","null",0,1,2018,"0.4630","0.3494","1.2607","2.6650","null","null","null",2,7,"Top","null","null",,,460026,,"180707_220155","5.0644","-125.9553","-1.0649","3.7323","25.0991","-28.6528","3.8032","1.8920","null","null","null","84.9320","2894","5.1870",530743,473879,460026,474832,593700,467055,543063,596103,491676,457705,"55.3105","null","null","null","null","null","null","null",53,"2","Slider",1,3,3,1,3,1,3,1,"Standard","Standard"
"SL","2018-07-07","85.8","-1.3971","5.2881","Sam Dyson",500874,473879,"null","called_strike",,,,,"5","null","R","R","R","SF","STL","S","null","null",0,0,2018,"0.3880","0.2889","-0.1648","3.1688","null","null","null",2,7,"Top","null","null",,,460026,,"180707_220134","2.1180","-124.8363","0.5908","3.5205","22.1028","-29.6310","3.9214","1.8441","null","null","null","84.1220","3044","4.9250",530743,473879,460026,474832,593700,467055,543063,596103,491676,457705,"55.5728","null","null","null","null","null","null","null",53,"1","Slider",1,3,3,1,3,1,3,1,"Standard","Standard"
"SL","2018-07-07","86.5","-1.1981","5.4435","Sam Dyson",502054,473879,"null","ball",,,,,"14","null","R","R","R","SF","STL","B","null","null",1,0,2018,"0.5570","0.0769","1.2275","2.2445","null","null","null",1,7,"Top","null","null",,,460026,,"180707_220033","4.6009","-125.7901","-1.5501","4.7776","25.1484","-31.3448","3.4036","1.4748","null","null","null","84.8890","2933","5.2420",530743,473879,460026,474832,593700,467055,543063,596103,491676,457705,"55.2552","null","null","null","null","null","null","null",52,"2","Slider",1,3,3,1,3,1,3,1,"Standard","Standard"
"SL","2018-07-07","85.1","-1.3698","5.4511","Sam Dyson",502054,473879,"null","ball",,,,,"9","null","R","R","R","SF","STL","B","null","null",0,0,2018,"0.4845","0.1661","0.4092","1.4884","null","null","null",1,7,"Top","null","null",,,460026,,"180707_220016","3.1793","-123.9025","-3.3381","4.2869","21.1608","-30.1863","3.0194","1.3467","null","null","null","83.8390","2910","5.1030",530743,473879,460026,474832,593700,467055,543063,596103,491676,457705,"55.3945","null","null","null","null","null","null","null",52,"1","Slider",1,3,3,1,3,1,3,1,"Standard","Standard"
"CH","2018-07-07","87.2","-1.3035","5.4863","Sam Dyson",572761,473879,"null","ball",,,,,"13","null","R","L","R","SF","STL","B","null","null",0,1,2018,"-1.2972","0.3167","-0.8594","1.7201","null","null","null",0,7,"Top","null","null",,,460026,,"180707_215918","3.5792","-126.8713","-3.5043","-14.3149","24.4954","-28.4189","3.5722","1.6857","null","null","null","86.0420","2069","5.4260",530743,473879,460026,474832,593700,467055,543063,596103,491676,457705,"55.0716","null","null","null","null","null","null","null",51,"2","Changeup",1,3,3,1,3,1,3,1,"Infield shift","Standard"
"FF","2018-07-07","92.5","-1.3217","5.4862","Sam Dyson",572761,473879,"null","called_strike",,,,,"4","null","R","L","R","SF","STL","S","null","null",0,0,2018,"-0.6341","1.3096","-0.5455","2.4058","null","null","null",0,7,"Top","null","null",,,460026,,"180707_215900","3.2530","-134.4716","-4.7300","-8.1441","28.2721","-16.0275","3.5444","1.6378","null","null","null","91.0560","2310","5.3970",530743,473879,460026,474832,593700,467055,543063,596103,491676,457705,"55.1003","null","null","null","null","null","null","null",51,"1","4-Seam Fastball",1,3,3,1,3,1,3,1,"Infield shift","Standard"
"CH","2018-07-07","85.0","-1.3141","5.2427","Carlos Martinez",474832,593372,"null","ball",,,,,"11","null","R","L","R","SF","STL","B","null","null",0,1,2018,"-1.1901","0.2398","-1.3837","2.5587","null","491676.00","null",2,6,"Bot","null","null",,,506747,,"180707_215441","2.0963","-123.7175","-0.4923","-12.2804","22.4496","-29.9271","3.1172","1.3913","null","null","null","83.9670","1865","5.3930",530743,593372,506747,500874,543939,572761,657557,542303,502054,451594,"55.1048","null","null","null","null","null","null","null",49,"2","Changeup",0,3,0,3,3,0,0,3,"Standard","Standard"
"SL","2018-07-07","81.0","-1.3245","5.2216","Carlos Martinez",474832,593372,"null","called_strike",,,,,"4","null","R","L","R","SF","STL","S","null","null",0,0,2018,"1.1747","0.2687","-0.7291","2.2036","null","491676.00","null",2,6,"Bot","null","null",,,506747,,"180707_215420","-0.7510","-117.8026","-0.6607","10.5578","19.7212","-29.9395","3.1651","1.4392","null","null","null","79.1030","2033","4.7290",530743,593372,506747,500874,543939,572761,657557,542303,502054,451594,"55.7685","null","null","null","null","null","null","null",49,"1","Slider",0,3,0,3,3,0,0,3,"Standard","Standard"
"FT","2018-07-07","90.3","-1.3769","5.0696","Carlos Martinez",457705,593372,"null","ball",,,,,"14","null","R","R","R","SF","STL","B","null","null",0,1,2018,"-1.2362","0.3021","0.8418","1.2098","null","null","491676.00",1,6,"Bot","null","null",,,506747,,"180707_215313","7.9258","-131.0867","-4.1598","-15.5312","28.9869","-28.1591","3.4162","1.4894","null","null","null","88.6070","2066","5.4700",530743,593372,506747,500874,543939,572761,657557,542303,502054,451594,"55.0275","null","null","null","null","null","null","null",48,"2","2-Seam Fastball",0,3,0,3,3,0,0,3,"Strategic","Standard"
"SL","2018-07-07","81.4","-1.3961","5.2042","Carlos Martinez",457705,593372,"null","called_strike",,,,,"4","null","R","R","R","SF","STL","S","null","null",0,0,2018,"0.9595","0.0684","-0.6321","2.0927","null","null","491676.00",1,6,"Bot","null","null",,,506747,,"180707_215252","-0.0286","-118.2752","-0.4929","8.5826","22.5569","-31.7565","3.3683","1.4894","null","null","null","79.3330","2082","4.9310",530743,593372,506747,500874,543939,572761,657557,542303,502054,451594,"55.5667","null","null","null","null","null","null","null",48,"1","Slider",0,3,0,3,3,0,0,3,"Strategic","Standard"
"FT","2018-07-07","89.9","-1.4228","5.2575","Carlos Martinez",593700,593372,"null","called_strike",,,,,"2","null","R","L","R","SF","STL","S","null","null",0,0,2018,"-1.4473","0.4764","-0.2487","3.2927","null","null","491676.00",0,6,"Bot","null","null",,,506747,,"180707_215143","5.7094","-130.5502","0.1461","-17.0964","27.3605","-27.2449","3.3381","1.5374","null","null","null","87.9660","2023","5.1780",530743,593372,506747,500874,543939,572761,657557,542303,502054,451594,"55.3196","null","null","null","null","null","null","null",47,"1","2-Seam Fastball",0,3,0,3,3,0,0,3,"Standard","Standard"
"FT","2018-07-07","90.0","-1.6045","5.2256","Carlos Martinez",491676,593372,"null","ball",,,,,"14","null","R","R","R","SF","STL","B","null","null",0,1,2018,"-1.5787","0.6589","1.2047","1.9121","null","null","null",0,6,"Bot","null","null",,,506747,,"180707_215043","9.8702","-130.3177","-3.3995","-19.3197","29.2525","-24.5739","3.1272","1.3009","null","null","null","87.3180","1974","5.0250",530743,593372,506747,500874,543939,572761,657557,542303,502054,451594,"55.4727","null","null","null","null","null","null","null",46,"2","2-Seam Fastball",0,3,0,3,3,0,0,3,"Standard","Standard"
"SI","2018-07-07","91.4","2.8347","6.1220","Derek Holland",593372,502706,"null","ball",,,,,"11","null","R","R","L","SF","STL","B","null","null",0,2,2018,"1.4525","0.8271","-1.0819","3.0259","null","null","506747.00",2,6,"Top","null","null",,,460026,,"180707_214710","-12.7827","-132.5078","-3.6720","19.3296","23.9859","-22.0223","3.3111","1.4068","null","null","null","90.9370","2316","5.8730",530743,502706,460026,474832,593700,467055,543063,596103,491676,457705,"54.6248","null","null","null","null","null","null","null",45,"4","Sinker",0,3,3,0,3,0,3,0,"Standard","Standard"
"SI","2018-07-07","90.9","2.7553","6.1613","Derek Holland",593372,502706,"null","called_strike",,,,,"1","null","R","R","L","SF","STL","S","null","null",0,0,2018,"1.3123","1.5531","-0.4642","3.0164","null","null","506747.00",2,6,"Top","null","null",,,460026,,"180707_214612","-10.7034","-131.6994","-5.0663","17.4340","31.2682","-13.6133","3.3134","1.4748","null","null","null","89.4150","2525","5.8820",530743,502706,460026,474832,593700,467055,543063,596103,491676,457705,"54.6156","null","null","null","null","null","null","null",45,"1","Sinker",0,3,3,0,3,0,3,0,"Standard","Standard"
"SI","2018-07-07","91.3","2.7938","6.1245","Derek Holland",506747,502706,"null","ball",,,,,"11","null","R","R","L","SF","STL","B","null","null",2,2,2018,"1.4679","0.7660","-0.6103","3.9618","null","null","null",2,6,"Top","null","null",,,460026,,"180707_214453","-11.6299","-132.5008","-1.1809","19.5865","27.0388","-23.1658","3.3080","1.4493","null","null","null","90.9640","2338","6.1310",530743,502706,460026,474832,593700,467055,543063,596103,491676,457705,"54.3668","null","null","null","null","null","null","null",44,"5","Sinker",0,3,3,0,3,0,3,0,"Standard","Standard"
"SL","2018-07-07","80.4","3.0668","6.0758","Derek Holland",506747,502706,"null","ball",,,,,"13","null","R","R","L","SF","STL","B","null","null",1,2,2018,"0.1168","0.5465","-0.2771","0.6730","null","null","null",2,6,"Top","null","null",,,460026,,"180707_214433","-7.5219","-116.6859","-6.2161","2.3983","20.9732","-26.3978","3.3559","1.4493","null","null","null","79.4850","2272","5.6980",530743,502706,460026,474832,593700,467055,543063,596103,491676,457705,"54.7994","null","null","null","null","null","null","null",44,"4","Slider",0,3,3,0,3,0,3,0,"Standard","Standard"
"SL","2018-07-07","80.0","2.9410","6.0868","Derek Holland",506747,502706,"null","ball",,,,,"13","null","R","R","L","SF","STL","B","null","null",0,2,2018,"0.0988","0.5595","-2.3748","-0.8659","null","null","null",2,6,"Top","null","null",,,460026,,"180707_214411","-11.6524","-115.4773","-9.2812","3.2237","23.4711","-25.7228","3.4038","1.4014","null","null","null","78.0720","2299","5.5850",530743,502706,460026,474832,593700,467055,543063,596103,491676,457705,"54.9125","null","null","null","null","null","null","null",44,"3","Slider",0,3,3,0,3,0,3,0,"Standard","Standard"
"SL","2018-07-07","81.2","2.7701","6.0740","Derek Holland",543939,502706,"null","ball",,,,,"11","null","R","L","L","SF","STL","B","null","null",1,2,2018,"0.1633","0.6290","-2.0943","2.6706","null","null","null",1,6,"Top","null","null",,,460026,,"180707_214211","-10.9447","-117.5085","-2.0242","3.6367","23.3838","-26.4273","3.0523","1.3287","null","null","null","79.3270","2136","5.4070",530743,502706,460026,474832,593700,467055,543063,596103,491676,457705,"55.0906","null","null","null","null","null","null","null",43,"5","Slider",0,3,3,0,3,0,3,0,"Standard","Standard"
"SL","2018-07-07","79.2","2.7227","6.2390","Derek Holland",543939,502706,"null","ball",,,,,"13","null","R","L","L","SF","STL","B","null","null",0,2,2018,"0.0059","0.1753","-1.3857","-0.7499","null","null","null",1,6,"Top","null","null",,,460026,,"180707_214120","-8.8212","-114.5319","-8.3958","2.0843","26.4131","-29.0692","3.0044","1.3287","null","null","null","77.0540","2164","5.6740",530743,502706,460026,474832,593700,467055,543063,596103,491676,457705,"54.8230","null","null","null","null","null","null","null",43,"3","Slider",0,3,3,0,3,0,3,0,"Standard","Standard"
"KC","2018-07-07","78.3","2.9624","6.2896","Derek Holland",451594,502706,"null","called_strike",,,,,"12","null","R","R","L","SF","STL","S","null","null",0,0,2018,"-0.1110","0.3132","0.9476","2.8355","null","null","null",0,6,"Top","null","null",,,460026,,"180707_213955","-4.0739","-113.7274","-1.0768","-0.1342","22.1427","-29.6267","3.5699","1.5397","null","null","null","76.7190","2019","5.3930",530743,502706,460026,474832,593700,467055,543063,596103,491676,457705,"55.1046","null","null","null","null","null","null","null",42,"1","Knuckle Curve",0,3,3,0,3,0,3,0,"Standard","Standard"
"FT","2018-07-07","89.3","-1.4415","5.2684","Carlos Martinez",452254,593372,"null","called_strike",,,,,"4","null","R","R","R","SF","STL","S","null","null",3,0,2018,"-1.6115","0.4880","-0.3014","2.6105","null","null","null",2,5,"Bot","null","null",,,506747,,"180707_213706","5.9490","-129.7301","-1.4843","-18.8106","26.7863","-26.8063","3.4038","1.5876","null","null","null","87.6770","1942","5.3280",530743,593372,506747,500874,543939,572761,657557,542303,502054,451594,"55.1690","null","null","null","null","null","null","null",41,"4","2-Seam Fastball",0,3,0,3,3,0,0,3,"Standard","Standard"
"FT","2018-07-07","89.8","-1.5122","5.2664","Carlos Martinez",452254,593372,"null","ball",,,,,"14","null","R","R","R","SF","STL","B","null","null",2,0,2018,"-1.2521","0.6319","1.6586","1.9666","null","null","null",2,5,"Bot","null","null",,,506747,,"180707_213646","10.1300","-130.2349","-3.3917","-15.7344","25.5633","-24.8279","3.3837","1.5876","null","null","null","87.9590","1946","5.1740",530743,593372,506747,500874,543939,572761,657557,542303,502054,451594,"55.3237","null","null","null","null","null","null","null",41,"3","2-Seam Fastball",0,3,0,3,3,0,0,3,"Standard","Standard"
"CH","2018-07-07","83.9","-1.4327","5.2850","Carlos Martinez",452254,593372,"null","ball",,,,,"14","null","R","R","R","SF","STL","B","null","null",1,0,2018,"-1.0942","-0.1971","1.2218","2.1167","null","null","null",2,5,"Bot","null","null",,,506747,,"180707_213634","8.0607","-121.9282","-0.6475","-11.9745","19.5408","-34.2116","3.3837","1.6355","null","null","null","82.9990","1795","5.3520",530743,593372,506747,500874,543939,572761,657557,542303,502054,451594,"55.1458","null","null","null","null","null","null","null",41,"2","Changeup",0,3,0,3,3,0,0,3,"Standard","Standard"
"SL","2018-07-07","80.3","-1.4705","5.2347","Carlos Martinez",452254,593372,"null","ball",,,,,"11","null","R","R","R","SF","STL","B","null","null",0,0,2018,"1.0817","0.2388","-1.0081","2.6839","null","null","null",2,5,"Bot","null","null",,,506747,,"180707_213621","-0.8649","-116.7883","0.5358","9.5399","20.3293","-30.4735","3.4316","1.6355","null","null","null","78.1840","1973","4.6520",530743,593372,506747,500874,543939,572761,657557,542303,502054,451594,"55.8457","null","null","null","null","null","null","null",41,"1","Slider",0,3,0,3,3,0,0,3,"Standard","Standard"
"CU","2018-07-07","80.5","-1.6124","5.2747","Carlos Martinez",596103,593372,"null","ball",,,,,"11","null","R","R","R","SF","STL","B","null","null",1,1,2018,"0.9124","0.3066","-0.9831","3.3161","null","null","null",1,5,"Bot","null","null",,,506747,,"180707_213347","-0.1956","-117.0077","1.6098","7.9482","18.5900","-30.0360","3.6616","1.6399","null","null","null","78.1870","1846","4.3670",530743,593372,506747,500874,543939,572761,657557,542303,502054,451594,"56.1308","null","null","null","null","null","null","null",40,"3","Curveball",0,3,0,3,3,0,0,3,"Standard","Standard"
"CH","2018-07-07","88.0","-1.6147","5.4030","Carlos Martinez",596103,593372,"null","ball",,,,,"4","null","R","R","R","SF","STL","B","null","null",0,0,2018,"-1.4809","0.1532","-0.7539","2.5772","null","null","null",1,5,"Bot","null","null",,,506747,,"180707_213312","4.8806","-128.0356","-1.1193","-16.5766","22.8548","-30.5945","3.4122","1.7145","null","null","null","86.4680","1920","5.0150",530743,593372,506747,500874,543939,572761,657557,542303,502054,451594,"55.4822","null","null","null","null","null","null","null",40,"1","Changeup",0,3,0,3,3,0,0,3,"Standard","Standard"
"FT","2018-07-07","88.5","-1.4085","5.3565","Carlos Martinez",460026,593372,"null","called_strike",,,,,"6","null","R","R","R","SF","STL","S","null","null",0,0,2018,"-1.0327","0.7706","0.5286","2.5697","null","null","null",0,5,"Bot","null","null",,,506747,,"180707_213229","6.6708","-128.6301","-2.2936","-12.3975","23.6698","-23.6519","3.3381","1.5150","null","null","null","87.3370","2004","5.3660",530743,593372,506747,500874,543939,572761,657557,542303,502054,451594,"55.1316","null","null","null","null","null","null","null",39,"1","2-Seam Fastball",0,3,0,3,3,0,0,3,"Standard","Standard"
"FT","2018-07-07","93.7","-2.4010","5.9339","Jeff Samardzija",657557,502188,"null","ball",,,,,"13","null","R","R","R","SF","STL","B","null","null",0,1,2018,"-1.3231","1.0906","-1.7694","2.2606","502054.00","500874.00","null",2,5,"Top","null","null",,,460026,,"180707_212924","4.4981","-136.3148","-6.1042","-17.3110","30.0152","-17.6085","3.6053","1.5200","null","null","null","93.2720","2494","6.0510",530743,502188,460026,474832,593700,467055,543063,596103,491676,457705,"54.4463","null","null","null","null","null","null","null",38,"2","2-Seam Fastball",0,3,3,0,3,0,3,0,"Standard","Standard"
"FT","2018-07-07","94.1","-2.4607","5.8831","Jeff Samardzija",657557,502188,"null","called_strike",,,,,"8","null","R","R","R","SF","STL","S","null","null",0,0,2018,"-1.4086","0.8923","0.2525","2.0535","502054.00","500874.00","null",2,5,"Top","null","null",,,460026,,"180707_212901","10.0685","-136.5442","-6.1430","-19.6444","28.5660","-19.9942","3.4616","1.4721","null","null","null","93.7310","2524","6.1140",530743,502188,460026,474832,593700,467055,543063,596103,491676,457705,"54.3835","null","null","null","null","null","null","null",38,"1","2-Seam Fastball",0,3,3,0,3,0,3,0,"Standard","Standard"
"FT","2018-07-07","92.0","-2.3498","6.0512","Jeff Samardzija",500874,502188,"null","called_strike",,,,,"9","null","R","R","R","SF","STL","S","null","null",0,0,2018,"-1.1709","1.0203","0.6366","2.1574","null","null","502054.00",1,5,"Top","null","null",,,460026,,"180707_212613","9.9803","-133.4351","-6.1581","-15.8770","26.8240","-19.0671","3.8256","1.7962","null","null","null","91.4250","2520","5.9750",530743,502188,460026,474832,593700,467055,543063,596103,491676,457705,"54.5227","null","null","null","null","null","null","null",36,"1","2-Seam Fastball",0,3,3,0,3,0,3,0,"Standard","Standard"
"FT","2018-07-07","93.4","-2.4129","5.9518","Jeff Samardzija",502054,502188,"walk","ball",,,,,"11","Tommy Pham walks.  ","R","R","R","SF","STL","B","null","null",3,2,2018,"-1.3461","1.1878","-0.7203","3.4956","null","null","null",1,5,"Top","null","null",,,460026,,"180707_212454","7.2104","-135.8411","-3.1681","-17.9515","26.7271","-17.1754","3.2887","1.4547","null","null","null","93.0980","2490","5.9100",530743,502188,460026,474832,593700,467055,543063,596103,491676,457705,"54.5877","null","null","0.70",1,0,0,"null",35,"6","2-Seam Fastball",0,3,3,0,3,0,3,0,"Standard","Standard"
"FT","2018-07-07","90.7","-2.5539","5.8944","Jeff Samardzija",502054,502188,"null","called_strike",,,,,"5","null","R","R","R","SF","STL","S","null","null",3,0,2018,"-1.3557","1.0999","-0.1793","2.6199","null","null","null",1,5,"Top","null","null",,,460026,,"180707_212421","8.7220","-131.7957","-4.5681","-17.3917","26.1087","-18.7794","3.3567","1.5227","null","null","null","90.2880","2438","5.9620",530743,502188,460026,474832,593700,467055,543063,596103,491676,457705,"54.5357","null","null","null","null","null","null","null",35,"4","2-Seam Fastball",0,3,3,0,3,0,3,0,"Standard","Standard"
"FT","2018-07-07","91.7","-2.4224","5.9042","Jeff Samardzija",502054,502188,"null","ball",,,,,"11","null","R","R","R","SF","STL","B","null","null",2,0,2018,"-1.3556","1.1818","-1.2309","3.0450","null","null","null",1,5,"Top","null","null",,,460026,,"180707_212404","5.8141","-133.3629","-3.8530","-17.0985","27.1888","-17.7467","3.2408","1.3589","null","null","null","90.9910","2457","5.7710",530743,502188,460026,474832,593700,467055,543063,596103,491676,457705,"54.7261","null","null","null","null","null","null","null",35,"3","2-Seam Fastball",0,3,3,0,3,0,3,0,"Standard","Standard"
"SL","2018-07-07","84.5","-2.2887","6.0712","Jeff Samardzija",502054,502188,"null","ball",,,,,"12","null","R","R","R","SF","STL","B","null","null",1,0,2018,"0.0115","0.5271","1.3298","2.7559","null","null","null",1,5,"Top","null","null",,,460026,,"180707_212350","8.3765","-122.8561","-2.4668","-1.3215","21.0889","-26.5932","3.3366","1.3589","null","null","null","84.6750","2400","6.1510",530743,502188,460026,474832,593700,467055,543063,596103,491676,457705,"54.3465","null","null","null","null","null","null","null",35,"2","Slider",0,3,3,0,3,0,3,0,"Standard","Standard"
"SL","2018-07-07","85.0","-2.2378","6.0780","Jeff Samardzija",502054,502188,"null","ball",,,,,"14","null","R","R","R","SF","STL","B","null","null",0,0,2018,"0.1009","0.5905","0.3055","1.1133","null","null","null",1,5,"Top","null","null",,,460026,,"180707_212334","5.7281","-123.6120","-6.5281","0.0660","20.9020","-25.2134","3.3366","1.4547","null","null","null","85.0730","2413","6.0310",530743,502188,460026,474832,593700,467055,543063,596103,491676,457705,"54.4660","null","null","null","null","null","null","null",35,"1","Slider",0,3,3,0,3,0,3,0,"Standard","Standard"
"SL","2018-07-07","89.7","-2.5234","6.0038","Jeff Samardzija",572761,502188,"null","ball",,,,,"11","null","R","L","R","SF","STL","B","null","null",1,1,2018,"-0.5646","0.8596","-0.6606","4.0247","null","null","null",0,5,"Top","null","null",,,460026,,"180707_212243","5.7143","-130.5194","-0.7455","-7.4373","24.1443","-22.5372","3.5243","1.6857","null","null","null","89.2950","2480","5.7710",530743,502188,460026,474832,593700,467055,543063,596103,491676,457705,"54.7267","null","null","null","null","null","null","null",34,"3","Slider",0,3,3,0,3,0,3,0,"Infield shift","Standard"
"KC","2018-07-07","76.1","-2.1451","6.0669","Jeff Samardzija",572761,502188,"null","ball",,,,,"14","null","R","L","R","SF","STL","B","null","null",0,1,2018,"0.3670","-0.9182","0.8789","1.2195","null","null","null",0,5,"Top","null","null",,,460026,,"180707_212226","5.6227","-110.5725","-1.4969","1.9681","19.1155","-39.5166","3.4285","1.6378","null","null","null","75.1530","2515","5.6060",530743,502188,460026,474832,593700,467055,543063,596103,491676,457705,"54.8914","null","null","null","null","null","null","null",34,"2","Knuckle Curve",0,3,3,0,3,0,3,0,"Infield shift","Standard"
"FF","2018-07-07","90.2","-2.5059","5.9182","Jeff Samardzija",572761,502188,"null","called_strike",,,,,"6","null","R","L","R","SF","STL","S","null","null",0,0,2018,"-0.8037","1.1813","0.8080","2.9248","null","null","null",0,5,"Top","null","null",,,460026,,"180707_212205","9.9246","-131.0005","-4.0230","-11.1728","24.5286","-17.9221","3.4965","1.6857","null","null","null","90.4660","2538","6.3030",530743,502188,460026,474832,593700,467055,543063,596103,491676,457705,"54.1946","null","null","null","null","null","null","null",34,"1","4-Seam Fastball",0,3,3,0,3,0,3,0,"Infield shift","Standard"
"SL","2018-07-07","84.2","-1.3740","5.2103","Carlos Martinez",467055,593372,"null","ball",,,,,"13","null","R","L","R","SF","STL","B","null","null",1,2,2018,"1.1125","0.2754","-1.1351","2.0473","null","null","474832.00",2,4,"Bot","null","null",,,506747,,"180707_211852","-1.4863","-122.5202","-1.5646","11.0298","19.8698","-29.4873","3.1882","1.4848","null","null","null","82.6940","2182","4.8870",530743,593372,506747,500874,543939,572761,657557,542303,502054,451594,"55.6106","null","null","null","null","null","null","null",33,"4","Slider",0,3,0,3,3,0,0,3,"Standard","Standard"
"FT","2018-07-07","91.9","-1.3614","5.1778","Carlos Martinez",467055,593372,"null","ball",,,,,"13","null","R","L","R","SF","STL","B","null","null",0,0,2018,"-1.3683","0.2672","-1.0278","2.2672","null","null","474832.00",2,4,"Bot","null","null",,,506747,,"180707_211728","3.6095","-133.6754","-2.0798","-16.5863","27.1920","-28.9117","3.1882","1.4369","null","null","null","90.3590","2004","5.2410",530743,593372,506747,500874,543939,572761,657557,542303,502054,451594,"55.2564","null","null","null","null","null","null","null",33,"1","2-Seam Fastball",0,3,0,3,3,0,0,3,"Standard","Standard"
"SL","2018-07-07","82.2","-1.3741","5.1112","Carlos Martinez",543063,593372,"null","ball",,,,,"13","null","R","L","R","SF","STL","B","null","null",1,2,2018,"1.4338","0.1571","-1.4924","2.2466","null","null","474832.00",1,4,"Bot","null","null",,,506747,,"180707_211507","-2.7770","-119.5613","-0.3321","13.5575","20.0370","-30.9461","3.0716","1.4470","null","null","null","80.2120","2145","4.6520",530743,593372,506747,500874,543939,572761,657557,542303,502054,451594,"55.8458","null","null","null","null","null","null","null",32,"4","Slider",0,3,0,3,3,0,0,3,"Standard","Standard"
"CH","2018-07-07","87.1","-1.3645","5.1471","Carlos Martinez",543063,593372,"null","ball",,,,,"13","null","R","L","R","SF","STL","B","null","null",0,2,2018,"-1.3775","0.0758","-0.6185","0.8630","null","null","474832.00",1,4,"Bot","null","null",,,506747,,"180707_211439","4.4330","-126.7700","-4.2968","-15.2874","22.0482","-30.8534","3.1674","1.4470","null","null","null","86.2190","1872","5.3800",530743,593372,506747,500874,543939,572761,657557,542303,502054,451594,"55.1171","null","null","null","null","null","null","null",32,"3","Changeup",0,3,0,3,3,0,0,3,"Standard","Standard"
"FT","2018-07-07","92.6","-1.1609","5.3565","Carlos Martinez",474832,593372,"null","ball",,,,,"12","null","R","L","R","SF","STL","B","null","null",1,1,2018,"-1.2687","0.6661","2.0193","2.5906","null","null","null",1,4,"Bot","null","null",,,506747,,"180707_211209","10.4641","-134.2241","-2.5988","-16.8096","26.0280","-24.1607","3.1172","1.4392","null","null","null","90.6180","2060","5.0660",530743,593372,506747,500874,543939,572761,657557,542303,502054,451594,"55.4312","null","null","null","null","null","null","null",31,"3","2-Seam Fastball",0,3,0,3,3,0,0,3,"Infield shift","Standard"
"SL","2018-07-07","81.9","-1.6490","5.3118","Carlos Martinez",474832,593372,"null","ball",,,,,"13","null","R","L","R","SF","STL","B","null","null",0,1,2018,"1.0310","0.0237","-1.1751","1.8844","null","null","null",1,4,"Bot","null","null",,,506747,,"180707_211156","-0.7452","-118.9941","-1.2171","9.3224","21.7109","-32.0413","3.1651","1.4392","null","null","null","79.1860","2150","4.3700",530743,593372,506747,500874,543939,572761,657557,542303,502054,451594,"56.1274","null","null","null","null","null","null","null",31,"2","Slider",0,3,0,3,3,0,0,3,"Infield shift","Standard"
"SL","2018-07-07","80.8","-1.5217","5.3225","Carlos Martinez",457705,593372,"null","ball",,,,,"14","null","R","R","R","SF","STL","B","null","null",0,1,2018,"1.4631","0.0597","1.5515","1.4999","null","null","null",0,4,"Bot","null","null",,,506747,,"180707_211041","4.1038","-117.4290","-1.9678","12.1429","20.5357","-31.5816","3.4641","1.5374","null","null","null","78.6800","2066","4.6990",530743,593372,506747,500874,543939,572761,657557,542303,502054,451594,"55.7989","null","null","null","null","null","null","null",30,"2","Slider",0,3,0,3,3,0,0,3,"Standard","Standard"
"FT","2018-07-07","89.3","-1.4187","5.4418","Carlos Martinez",457705,593372,"null","called_strike",,,,,"1","null","R","R","R","SF","STL","S","null","null",0,0,2018,"-1.0036","0.9290","-0.3565","3.3130","null","null","null",0,4,"Bot","null","null",,,506747,,"180707_211029","4.4822","-129.7532","-1.0986","-11.7006","24.4432","-22.1782","3.4162","1.5374","null","null","null","87.3070","2062","4.8870",530743,593372,506747,500874,543939,572761,657557,542303,502054,451594,"55.6103","null","null","null","null","null","null","null",30,"1","2-Seam Fastball",0,3,0,3,3,0,0,3,"Standard","Standard"
"KC","2018-07-07","78.2","-2.1941","6.2143","Jeff Samardzija",593372,502188,"null","ball",,,,,"14","null","R","R","R","SF","STL","B","null","null",0,0,2018,"0.1409","-0.5737","1.3798","1.6099","543939.00","null","506747.00",2,4,"Top","null","null",,,460026,,"180707_210709","7.3953","-113.5820","-1.9704","-0.1596","20.9568","-36.9492","3.3111","1.4547","null","null","null","77.6530","2515","6.0180",530743,502188,460026,474832,593700,467055,543063,596103,491676,457705,"54.4795","null","null","null","null","null","null","null",29,"1","Knuckle Curve",0,3,3,0,3,0,3,0,"Standard","Standard"
"FF","2018-07-07","91.2","-2.4117","6.0213","Jeff Samardzija",657557,502188,"null","called_strike",,,,,"9","null","R","R","R","SF","STL","S","null","null",1,0,2018,"-0.4990","1.0426","0.7300","1.4788","null","null","542303.00",1,4,"Top","null","null",,,460026,,"180707_210035","8.9520","-132.3479","-7.6798","-7.8733","30.2696","-18.4752","3.5574","1.5200","null","null","null","90.7470","2638","6.3260",530743,502188,460026,474832,593700,467055,543063,596103,491676,457705,"54.1715","null","null","null","null","null","null","null",25,"2","4-Seam Fastball",0,1,1,0,1,0,1,0,"Standard","Standard"
"FT","2018-07-07","92.2","-2.3920","6.1137","Jeff Samardzija",657557,502188,"null","ball",,,,,"13","null","R","R","R","SF","STL","B","null","null",0,0,2018,"-1.7455","0.5157","-0.8390","1.3801","null","null","542303.00",1,4,"Top","null","null",,,460026,,"180707_210014","7.5987","-133.7727","-7.1905","-22.2752","29.4406","-24.7467","3.6532","1.6158","null","null","null","91.2250","2535","5.9060",530743,502188,460026,474832,593700,467055,543063,596103,491676,457705,"54.5918","null","null","null","null","null","null","null",25,"1","2-Seam Fastball",0,1,1,0,1,0,1,0,"Standard","Standard"
"FF","2018-07-07","91.9","-2.4538","5.9475","Jeff Samardzija",542303,502188,"null","ball",,,,,"14","null","R","R","R","SF","STL","B","null","null",0,2,2018,"-0.1615","1.0895","2.7137","1.7226","null","null","null",1,4,"Top","null","null",,,460026,,"180707_205855","13.2911","-133.0943","-7.1009","-4.5031","25.9945","-18.1372","3.5923","1.6031","null","null","null","91.2780","2622","5.9740",530743,502188,460026,474832,593700,467055,543063,596103,491676,457705,"54.5236","null","null","null","null","null","null","null",24,"3","4-Seam Fastball",0,1,1,0,1,0,1,0,"Standard","Standard"
"FF","2018-07-07","91.6","-2.5357","6.0110","Jeff Samardzija",542303,502188,"null","called_strike",,,,,"9","null","R","R","R","SF","STL","S","null","null",0,1,2018,"-0.2386","1.2645","0.6772","1.7466","null","null","null",1,4,"Top","null","null",,,460026,,"180707_205838","8.5599","-133.0472","-7.5964","-4.4145","24.6489","-15.9743","3.5923","1.6989","null","null","null","91.4890","2586","6.0180",530743,502188,460026,474832,593700,467055,543063,596103,491676,457705,"54.4791","null","null","null","null","null","null","null",24,"2","4-Seam Fastball",0,1,1,0,1,0,1,0,"Standard","Standard"
"KC","2018-07-07","76.3","-2.1276","6.0795","Jeff Samardzija",542303,502188,"null","called_strike",,,,,"13","null","R","R","R","SF","STL","S","null","null",0,0,2018,"0.4416","-0.6082","-0.8691","1.9639","null","null","null",1,4,"Top","null","null",,,460026,,"180707_205823","1.8541","-111.1383","-0.6433","3.2932","17.7963","-37.2425","3.6402","1.6031","null","null","null","75.7260","2335","5.5760",530743,502188,460026,474832,593700,467055,543063,596103,491676,457705,"54.9215","null","null","null","null","null","null","null",24,"1","Knuckle Curve",0,1,1,0,1,0,1,0,"Standard","Standard"
"SL","2018-07-07","84.7","-2.3189","6.1282","Jeff Samardzija",500874,502188,"null","ball",,,,,"14","null","R","R","R","SF","STL","B","null","null",1,0,2018,"-0.2366","0.4612","0.4984","1.5951","null","null","null",0,4,"Top","null","null",,,460026,,"180707_205635","6.9669","-123.1326","-5.1964","-3.5106","19.7324","-26.8706","3.8990","1.7962","null","null","null","84.5250","2393","5.7990",530743,502188,460026,474832,593700,467055,543063,596103,491676,457705,"54.6979","null","null","null","null","null","null","null",23,"2","Slider",0,1,1,0,1,0,1,0,"Standard","Standard"
"KC","2018-07-07","74.2","-2.1439","6.1510","Jeff Samardzija",500874,502188,"null","ball",,,,,"11","null","R","R","R","SF","STL","B","null","null",0,0,2018,"0.3342","-0.5372","-0.9960","3.9341","null","null","null",0,4,"Top","null","null",,,460026,,"180707_205615","1.7553","-107.8574","3.5185","2.2678","17.4109","-37.0801","3.8116","1.7088","null","null","null","73.3710","2289","5.5620",530743,502188,460026,474832,593700,467055,543063,596103,491676,457705,"54.9351","null","null","null","null","null","null","null",23,"1","Knuckle Curve",0,1,1,0,1,0,1,0,"Standard","Standard"
"FT","2018-07-07","91.6","-1.5911","5.2272","Carlos Martinez",491676,593372,"null","called_strike",,,,,"3","null","R","R","R","SF","STL","S","null","null",2,1,2018,"-0.9943","0.7038","0.3686","3.2568","null","null","null",1,3,"Bot","null","null",,,506747,,"180707_205237","6.8203","-133.2120","-0.6452","-12.6690","23.5490","-24.1771","3.3467","1.5405","null","null","null","90.1740","2081","5.0560",530743,593372,506747,500874,543939,572761,657557,542303,502054,451594,"55.4419","null","null","null","null","null","null","null",21,"4","2-Seam Fastball",0,1,0,1,1,0,0,1,"Standard","Standard"
"SL","2018-07-07","83.3","-1.4680","5.3720","Carlos Martinez",491676,593372,"null","ball",,,,,"14","null","R","R","R","SF","STL","B","null","null",1,1,2018,"1.2216","0.5791","2.3129","1.9250","null","null","null",1,3,"Bot","null","null",,,506747,,"180707_205210","6.2296","-120.9566","-2.4505","10.1259","23.7097","-26.6127","3.3190","1.4928","null","null","null","80.8550","2158","4.7480",530743,593372,506747,500874,543939,572761,657557,542303,502054,451594,"55.7495","null","null","null","null","null","null","null",21,"3","Slider",0,1,0,1,1,0,0,1,"Standard","Standard"
"SL","2018-07-07","83.2","-1.5440","5.2998","Carlos Martinez",491676,593372,"null","called_strike",,,,,"5","null","R","R","R","SF","STL","S","null","null",1,0,2018,"0.8731","0.5101","-0.1900","2.6431","null","null","null",1,3,"Bot","null","null",,,506747,,"180707_205157","1.4604","-120.9954","-0.6486","7.9039","20.5089","-27.5661","3.3469","1.5407","null","null","null","81.1030","2225","4.6010",530743,593372,506747,500874,543939,572761,657557,542303,502054,451594,"55.8964","null","null","null","null","null","null","null",21,"2","Slider",0,1,0,1,1,0,0,1,"Standard","Standard"
"SL","2018-07-07","82.2","-1.6571","5.3498","Carlos Martinez",491676,593372,"null","ball",,,,,"14","null","R","R","R","SF","STL","B","null","null",0,0,2018,"0.8339","0.5268","1.2954","1.9956","null","null","null",1,3,"Bot","null","null",,,506747,,"180707_205147","5.0235","-119.5693","-2.0773","6.8255","19.3090","-27.2668","3.3585","1.5323","null","null","null","80.3390","2290","4.6680",530743,593372,506747,500874,543939,572761,657557,542303,502054,451594,"55.8290","null","null","null","null","null","null","null",21,"1","Slider",0,1,0,1,1,0,0,1,"Standard","Standard"
"FT","2018-07-07","95.5","-2.5167","5.9453","Jeff Samardzija",502054,502188,"strikeout","called_strike",,,,,"6","Tommy Pham called out on strikes.  ","R","R","R","SF","STL","S",2,"null",2,2,2018,"-1.2344","0.6657","0.7766","2.5233","null","593372.00","null",2,3,"Top","null","null",,,460026,,"180707_204749","11.3231","-138.6683","-4.8975","-18.0272","25.4276","-22.8640","3.3569","1.5230","null","null","null","95.5270","2511","6.0230",530743,502188,460026,474832,593700,467055,543063,596103,491676,457705,"54.4745","null","null","0.00",1,0,0,"null",19,"6","2-Seam Fastball",0,1,1,0,1,0,1,0,"Standard","Standard"
"FT","2018-07-07","92.6","-2.5109","6.1167","Jeff Samardzija",502054,502188,"null","ball",,,,,"13","null","R","R","R","SF","STL","B","null","null",1,2,2018,"-1.2520","0.6494","-1.5269","2.3414","null","593372.00","null",2,3,"Top","null","null",,,460026,,"180707_204725","5.1258","-134.6869","-5.2276","-16.0427","25.9692","-23.5740","3.2889","1.4550","null","null","null","92.1110","2405","5.7690",530743,502188,460026,474832,593700,467055,543063,596103,491676,457705,"54.7284","null","null","null","null","null","null","null",19,"5","2-Seam Fastball",0,1,1,0,1,0,1,0,"Standard","Standard"
"SL","2018-07-07","86.9","-2.2991","6.1534","Jeff Samardzija",502054,502188,"null","ball",,,,,"14","null","R","R","R","SF","STL","B","null","null",0,2,2018,"0.0856","0.5530","1.5685","1.8373","null","593372.00","null",2,3,"Top","null","null",,,460026,,"180707_204630","9.0675","-126.2454","-5.3129","-0.7299","22.9526","-25.4665","3.3368","1.4550","null","null","null","87.0670","2531","6.2450",530743,502188,460026,474832,593700,467055,543063,596103,491676,457705,"54.2523","null","null","null","null","null","null","null",19,"3","Slider",0,1,1,0,1,0,1,0,"Standard","Standard"
"FT","2018-07-07","92.7","-2.5343","5.9726","Jeff Samardzija",502054,502188,"null","called_strike",,,,,"5","null","R","R","R","SF","STL","S","null","null",0,1,2018,"-1.1267","0.7788","-0.0136","2.1313","null","593372.00","null",2,3,"Top","null","null",,,460026,,"180707_204609","8.7991","-134.4716","-5.5900","-15.4667","30.7630","-21.8397","3.3567","1.5228","null","null","null","91.7510","2531","6.0140",530743,502188,460026,474832,593700,467055,543063,596103,491676,457705,"54.4830","null","null","null","null","null","null","null",19,"2","2-Seam Fastball",0,1,1,0,1,0,1,0,"Standard","Standard"
"FF","2018-07-07","91.3","-2.5528","5.9005","Jeff Samardzija",572761,502188,"null","called_strike",,,,,"3","null","R","L","R","SF","STL","S","null","null",3,0,2018,"-0.8788","1.3347","0.5550","3.3386","null","593372.00","null",1,3,"Top","null","null",,,460026,,"180707_204220","9.6884","-132.7059","-3.4620","-12.2902","25.4270","-15.8604","3.6881","1.6857","null","null","null","91.5560","2485","6.2700",530743,502188,460026,474832,593700,467055,543063,596103,491676,457705,"54.2272","null","null","null","null","null","null","null",18,"4","4-Seam Fastball",0,1,1,0,1,0,1,0,"Infield shift","Strategic"
"FF","2018-07-07","91.6","-2.5920","6.0265","Jeff Samardzija",572761,502188,"null","ball",,,,,"12","null","R","L","R","SF","STL","B","null","null",2,0,2018,"-0.7409","1.4271","0.0504","4.7147","null","593372.00","null",1,3,"Top","null","null",,,460026,,"180707_204155","8.2179","-133.2805","-0.5393","-10.4138","26.1420","-15.3244","3.4767","1.6859","null","null","null","91.5650","2525","6.0750",530743,502188,460026,474832,593700,467055,543063,596103,491676,457705,"54.4219","null","null","null","null","null","null","null",18,"3","4-Seam Fastball",0,1,1,0,1,0,1,0,"Infield shift","Strategic"
"KC","2018-07-07","74.6","-2.2098","6.1750","Jeff Samardzija",572761,502188,"null","ball",,,,,"13","null","R","L","R","SF","STL","B","null","null",1,0,2018,"0.1545","-0.9798","-1.3783","1.2021","null","593372.00","null",1,3,"Top","null","null",,,460026,,"180707_204131","1.4279","-108.5963","-1.3902","0.9601","17.9302","-39.7666","3.4287","1.5900","null","null","null","73.8710","2440","5.5930",530743,502188,460026,474832,593700,467055,543063,596103,491676,457705,"54.9047","null","null","null","null","null","null","null",18,"2","Knuckle Curve",0,1,1,0,1,0,1,0,"Infield shift","Strategic"
"KC","2018-07-07","74.1","-2.1771","6.1575","Jeff Samardzija",572761,502188,"null","ball",,,,,"11","null","R","L","R","SF","STL","B","null","null",0,0,2018,"0.0454","-0.8009","-1.1350","3.1385","null","593372.00","null",1,3,"Top","null","null",,,460026,,"180707_204109","2.0280","-107.8058","2.3454","0.0297","16.9450","-38.9137","3.4933","1.6068","null","null","null","73.5780","2287","5.6930",530743,502188,460026,474832,593700,467055,543063,596103,491676,457705,"54.8046","null","null","null","null","null","null","null",18,"1","Knuckle Curve",0,1,1,0,1,0,1,0,"Strategic","Strategic"
"FT","2018-07-07","91.4","-2.3976","6.1330","Jeff Samardzija",506747,502188,"null","ball",,,,,"14","null","R","R","R","SF","STL","B","null","null",1,0,2018,"-1.3380","1.0681","0.3773","1.0263","null","543939.00","null",0,3,"Top","null","null",,,460026,,"180707_203859","9.7362","-132.5405","-9.1604","-17.5910","26.7565","-18.0724","3.3393","1.3848","null","null","null","90.7690","2505","5.9720",530743,502188,460026,474832,593700,467055,543063,596103,491676,457705,"54.5258","null","null","null","null","null","null","null",16,"2","2-Seam Fastball",0,0,0,0,0,0,0,0,"Standard","Standard"
"FT","2018-07-07","91.0","-2.3591","6.1954","Jeff Samardzija",506747,502188,"null","ball",,,,,"13","null","R","R","R","SF","STL","B","null","null",0,0,2018,"-1.4466","0.8994","-0.8227","0.7046","null","null","543939.00",0,3,"Top","null","null",,,460026,,"180707_203826","6.8393","-132.1278","-9.7102","-18.1293","25.3710","-20.0673","3.3082","1.4015","null","null","null","90.5700","2472","5.9270",530743,502188,460026,474832,593700,467055,543063,596103,491676,457705,"54.5705","null","null","null","null","null","null","null",16,"1","2-Seam Fastball",0,0,0,0,0,0,0,0,"Standard","Standard"
"KC","2018-07-07","74.4","-2.2231","6.1027","Jeff Samardzija",543939,502188,"null","called_strike",,,,,"4","null","R","L","R","SF","STL","S","null","null",1,1,2018,"0.3075","-0.6474","-0.4490","2.2746","null","null","null",0,3,"Top","null","null",,,460026,,"180707_203711","3.0846","-108.3799","0.3094","1.9781","15.0788","-37.4819","3.0524","1.3768","null","null","null","74.3500","2179","5.7400",530743,502188,460026,474832,593700,467055,543063,596103,491676,457705,"54.7570","null","null","null","null","null","null","null",15,"3","Knuckle Curve",0,0,0,0,0,0,0,0,"Standard","Standard"
"FT","2018-07-07","91.0","-2.5150","5.8837","Jeff Samardzija",543939,502188,"null","called_strike",,,,,"8","null","R","L","R","SF","STL","S","null","null",1,0,2018,"-1.3244","0.9949","0.1565","1.7596","null","null","null",0,3,"Top","null","null",,,460026,,"180707_203654","9.4288","-132.1150","-6.5127","-17.2680","26.0655","-19.5293","3.1003","1.2810","null","null","null","90.6040","2420","6.0080",530743,502188,460026,474832,593700,467055,543063,596103,491676,457705,"54.4895","null","null","null","null","null","null","null",15,"2","2-Seam Fastball",0,0,0,0,0,0,0,0,"Standard","Standard"
"FS","2018-07-07","80.2","-2.4900","6.0855","Jeff Samardzija",543939,502188,"null","ball",,,,,"14","null","R","L","R","SF","STL","B","null","null",0,0,2018,"-0.9354","1.1261","1.2495","1.2608","null","null","null",0,3,"Top","null","null",,,460026,,"180707_203640","9.8632","-116.2338","-5.9739","-10.0641","20.0022","-21.2959","3.0524","1.3768","null","null","null","79.4380","1570","5.7990",530743,502188,460026,474832,593700,467055,543063,596103,491676,457705,"54.6989","null","null","null","null","null","null","null",15,"1","Split Finger",0,0,0,0,0,0,0,0,"Standard","Standard"
"FT","2018-07-07","92.1","-1.4309","5.2805","Carlos Martinez",596103,593372,"null","called_strike",,,,,"2","null","R","R","R","SF","STL","S","null","null",0,0,2018,"-1.1484","0.4868","0.0270","3.3487","null","null","460026.00",2,2,"Bot","null","null",,,506747,,"180707_203310","5.9743","-133.8916","-0.1197","-14.5878","27.0809","-26.7304","3.4223","1.4963","null","null","null","90.6170","2105","5.2950",530743,593372,506747,500874,543939,572761,657557,542303,502054,451594,"55.2023","null","null","null","null","null","null","null",14,"1","2-Seam Fastball",0,0,0,0,0,0,0,0,"Standard","Standard"
"CH","2018-07-07","86.8","-1.3519","5.4463","Carlos Martinez",460026,593372,"null","ball",,,,,"14","null","R","R","R","SF","STL","B","null","null",0,2,2018,"-1.2586","-0.0847","0.0436","0.9566","null","null","null",2,2,"Bot","null","null",,,506747,,"180707_203213","5.8172","-126.2579","-4.3776","-14.4138","24.3843","-32.4500","3.2804","1.4672","null","null","null","86.3040","1917","5.8770",530743,593372,506747,500874,543939,572761,657557,542303,502054,451594,"54.6208","null","null","null","null","null","null","null",13,"3","Changeup",0,0,0,0,0,0,0,0,"Standard","Standard"
"FT","2018-07-07","91.5","-1.5915","5.4532","Carlos Martinez",460026,593372,"null","called_strike",,,,,"8","null","R","R","R","SF","STL","S","null","null",0,0,2018,"-1.1017","0.4803","0.0586","1.9471","null","null","null",2,2,"Bot","null","null",,,506747,,"180707_203140","6.2523","-132.9780","-3.9492","-13.7456","23.7140","-26.1990","3.3383","1.5151","null","null","null","89.9130","2114","5.0110",530743,593372,506747,500874,543939,572761,657557,542303,502054,451594,"55.4869","null","null","null","null","null","null","null",13,"1","2-Seam Fastball",0,0,0,0,0,0,0,0,"Standard","Standard"
"FT","2018-07-07","90.8","-1.6276","5.6291","Carlos Martinez",467055,593372,"null","called_strike",,,,,"5","null","R","L","R","SF","STL","S","null","null",0,0,2018,"-1.1340","0.6727","-0.0123","2.5509","null","null","null",1,2,"Bot","null","null",,,506747,,"180707_203044","6.1865","-131.9917","-3.1327","-13.9317","25.4093","-24.2699","3.1110","1.3976","null","null","null","88.9820","2030","5.0030",530743,593372,506747,500874,543939,572761,657557,542303,502054,451594,"55.4942","null","null","null","null","null","null","null",12,"1","2-Seam Fastball",0,0,0,0,0,0,0,0,"Strategic","Standard"
"SL","2018-07-07","80.7","-1.3925","5.8463","Carlos Martinez",543063,593372,"null","called_strike",,,,,"5","null","R","L","R","SF","STL","S","null","null",0,0,2018,"0.8963","0.2643","0.0610","2.6043","null","null","null",0,2,"Bot","null","null",,,506747,,"180707_202956","1.5977","-117.4103","-1.0965","7.5664","19.2402","-29.9588","3.3692","1.5430","null","null","null","78.4340","2154","4.4020",530743,593372,506747,500874,543939,572761,657557,542303,502054,451594,"56.0957","null","null","null","null","null","null","null",11,"1","Slider",0,0,0,0,0,0,0,0,"Standard","Standard"
"FT","2018-07-07","92.6","-2.5122","6.0206","Jeff Samardzija",451594,502188,"null","ball",,,,,"12","null","R","L","R","SF","STL","B","null","null",1,2,2018,"-1.1214","1.1604","1.5677","2.8453","null","null","null",2,2,"Top","null","null",,,460026,,"180707_202700","12.7732","-134.2490","-4.8024","-16.0813","26.2568","-17.3808","3.5121","1.5399","null","null","null","92.4700","2568","6.1980",530743,502188,460026,474832,593700,467055,543063,596103,491676,457705,"54.2992","null","null","null","null","null","null","null",10,"4","2-Seam Fastball",0,0,0,0,0,0,0,0,"Infield shift","Standard"
"SL","2018-07-07","89.9","-2.5002","6.0176","Jeff Samardzija",451594,502188,"null","ball",,,,,"8","null","R","L","R","SF","STL","B","null","null",0,1,2018,"-0.2771","1.1248","0.1825","1.5236","null","null","null",2,2,"Top","null","null",,,460026,,"180707_202620","7.1647","-130.6517","-7.5082","-4.4513","23.5642","-18.1988","3.5244","1.6400","null","null","null","89.7100","2589","5.9210",530743,502188,460026,474832,593700,467055,543063,596103,491676,457705,"54.5767","null","null","null","null","null","null","null",10,"2","Slider",0,0,0,0,0,0,0,0,"Standard","Standard"
"KC","2018-07-07","74.9","-2.3291","6.1202","Jeff Samardzija",451594,502188,"null","called_strike",,,,,"6","null","R","L","R","SF","STL","S","null","null",0,0,2018,"0.4058","-0.7566","0.3912","2.4671","null","null","null",2,2,"Top","null","null",,,460026,,"180707_202607","4.8679","-108.9922","0.8621","2.4008","17.6046","-38.4804","3.6180","1.5399","null","null","null","74.4310","2401","5.7580",530743,502188,460026,474832,593700,467055,543063,596103,491676,457705,"54.7399","null","null","null","null","null","null","null",10,"1","Knuckle Curve",0,0,0,0,0,0,0,0,"Standard","Standard"
"FF","2018-07-07","92.4","-2.6051","5.9433","Jeff Samardzija",657557,502188,"null","ball",,,,,"11","null","R","R","R","SF","STL","B","null","null",0,0,2018,"-0.7033","1.3296","-0.1788","3.6445","null","null","null",1,2,"Top","null","null",,,460026,,"180707_202511","7.6201","-134.3704","-2.8761","-9.9974","28.1045","-15.9150","3.5097","1.5681","null","null","null","91.8030","2526","5.8850",530743,502188,460026,474832,593700,467055,543063,596103,491676,457705,"54.6121","null","null","null","null","null","null","null",9,"1","4-Seam Fastball",0,0,0,0,0,0,0,0,"Standard","Standard"
"FF","2018-07-07","91.1","-2.4690","5.9166","Jeff Samardzija",542303,502188,"null","ball",,,,,"12","null","R","R","R","SF","STL","B","null","null",0,0,2018,"-0.8222","1.2447","0.5616","3.9028","null","null","null",0,2,"Top","null","null",,,460026,,"180707_202307","9.3179","-132.3979","-1.7946","-11.5632","27.8857","-17.4841","3.4967","1.6033","null","null","null","90.7620","2397","6.1210",530743,502188,460026,474832,593700,467055,543063,596103,491676,457705,"54.3765","null","null","null","null","null","null","null",8,"1","4-Seam Fastball",0,0,0,0,0,0,0,0,"Standard","Standard"
"CH","2018-07-07","87.7","-1.4781","5.2711","Carlos Martinez",474832,593372,"null","ball",,,,,"11","null","R","L","R","SF","STL","B","null","null",2,2,2018,"-1.0032","-0.3819","-1.3458","2.7507","457705.00","null","null",2,1,"Bot","null","null",,,506747,,"180707_201918","2.2733","-127.5394","0.7444","-11.0637","24.9037","-36.6145","3.1174","1.3915","null","null","null","86.3790","1925","5.3630",530743,593372,506747,500874,543939,572761,657557,542303,502054,451594,"55.1345","null","null","null","null","null","null","null",7,"6","Changeup",0,0,0,0,0,0,0,0,"Standard","Standard"
"FC","2018-07-07","88.6","-1.5021","5.2861","Carlos Martinez",474832,593372,"null","ball",,,,,"1","null","R","L","R","SF","STL","B","null","null",1,1,2018,"0.0474","0.5096","-0.7775","2.8375","null","null","457705.00",2,1,"Bot","null","null",,,506747,,"180707_201738","1.6333","-129.0151","-1.0194","0.2266","22.2532","-26.7704","3.0930","1.4414","null","null","null","86.9930","2391","4.8500",530743,593372,506747,500874,543939,572761,657557,542303,502054,451594,"55.6476","null","null","null","null","null","null","null",7,"3","Cutter",0,0,0,0,0,0,0,0,"Infield shift","Standard"
"FT","2018-07-07","91.8","-1.6227","5.2022","Carlos Martinez",474832,593372,"null","ball",,,,,"11","null","R","L","R","SF","STL","B","null","null",0,0,2018,"-1.3055","0.4748","-2.2455","3.2597","null","null","457705.00",2,1,"Bot","null","null",,,506747,,"180707_201639","1.0958","-133.6490","-0.1362","-15.3749","24.9361","-26.8690","3.1653","1.3915","null","null","null","90.5220","2093","5.1810",530743,593372,506747,500874,543939,572761,657557,542303,502054,451594,"55.3164","null","null","null","null","null","null","null",7,"1","2-Seam Fastball",0,0,0,0,0,0,0,0,"Infield shift","Standard"
"FT","2018-07-07","92.7","-1.3483","5.1710","Carlos Martinez",457705,593372,"null","ball",,,,,"12","null","R","R","R","SF","STL","B","null","null",0,1,2018,"-1.0404","0.7026","1.3283","2.7382","null","null","null",2,1,"Bot","null","null",,,506747,,"180707_201517","8.8174","-134.6302","-1.8787","-14.0084","27.1418","-23.7880","3.4642","1.4896","null","null","null","91.0270","2099","5.2220",530743,593372,506747,500874,543939,572761,657557,542303,502054,451594,"55.2758","null","null","null","null","null","null","null",6,"2","2-Seam Fastball",0,0,0,0,0,0,0,0,"Standard","Standard"
"SL","2018-07-07","82.3","-1.4851","5.3366","Carlos Martinez",457705,593372,"null","called_strike",,,,,"5","null","R","R","R","SF","STL","S","null","null",0,0,2018,"1.2555","0.1083","0.0245","2.6643","null","null","null",2,1,"Bot","null","null",,,506747,,"180707_201505","1.1155","-119.6855","0.1928","11.2228","21.2386","-31.5044","3.4247","1.4501","null","null","null","80.0350","2326","4.5780",530743,593372,506747,500874,543939,572761,657557,542303,502054,451594,"55.9195","null","null","null","null","null","null","null",6,"1","Slider",0,0,0,0,0,0,0,0,"Standard","Standard"
"FF","2018-07-07","93.6","-1.4642","5.2931","Carlos Martinez",593700,593372,"null","ball",,,,,"11","null","R","L","R","SF","STL","B","null","null",0,0,2018,"-0.4684","1.1457","-1.4805","2.9338","null","null","null",1,1,"Bot","null","null",,,506747,,"180707_201343","0.9311","-136.1485","-2.7689","-5.8374","27.5918","-18.0455","3.3568","1.7376","null","null","null","92.1960","2203","5.2960",530743,593372,506747,500874,543939,572761,657557,542303,502054,451594,"55.2010","null","null","null","null","null","null","null",5,"1","4-Seam Fastball",0,0,0,0,0,0,0,0,"Standard","Standard"
"FT","2018-07-07","92.4","-1.5189","5.1526","Carlos Martinez",491676,593372,"null","ball",,,,,"14","null","R","R","R","SF","STL","B","null","null",1,1,2018,"-1.1704","0.2696","0.4173","1.3792","null","null","null",0,1,"Bot","null","null",,,506747,,"180707_201252","7.2092","-134.2910","-4.3392","-15.0956","25.1061","-28.4324","3.3261","1.5398","null","null","null","91.0140","2146","5.2110",530743,593372,506747,500874,543939,572761,657557,542303,502054,451594,"55.2865","null","null","null","null","null","null","null",4,"3","2-Seam Fastball",0,0,0,0,0,0,0,0,"Standard","Standard"
"FF","2018-07-07","93.0","-1.4759","5.4235","Carlos Martinez",491676,593372,"null","ball",,,,,"11","null","R","R","R","SF","STL","B","null","null",0,0,2018,"-0.6141","1.5544","-2.1572","3.0680","null","null","null",0,1,"Bot","null","null",,,506747,,"180707_201214","-0.4493","-135.1060","-3.4154","-7.0993","30.4351","-13.4645","3.4376","1.3718","null","null","null","90.8620","2260","5.1560",530743,593372,506747,500874,543939,572761,657557,542303,502054,451594,"55.3410","null","null","null","null","null","null","null",4,"1","4-Seam Fastball",0,0,0,0,0,0,0,0,"Standard","Standard"
"KC","2018-07-07","75.3","-2.2458","6.0918","Jeff Samardzija",500874,502188,"null","ball",,,,,"14","null","R","R","R","SF","STL","B","null","null",0,0,2018,"0.2499","-0.6565","0.6452","1.4262","null","null","null",2,1,"Top","null","null",,,460026,,"180707_200913","5.5018","-109.5390","-1.4273","1.0324","18.6563","-37.3456","3.9016","1.7988","null","null","null","74.5410","2385","5.6620",530743,502188,460026,474832,593700,467055,543063,596103,491676,457705,"54.8356","null","null","null","null","null","null","null",3,"1","Knuckle Curve",0,0,0,0,0,0,0,0,"Standard","Standard"
"KC","2018-07-07","81.6","-2.4410","6.0495","Jeff Samardzija",502054,502188,"null","ball",,,,,"14","null","R","R","R","SF","STL","B","null","null",2,1,2018,"0.1046","0.5408","2.2747","1.1926","null","null","null",1,1,"Top","null","null",,,460026,,"180707_200758","10.3175","-118.3815","-5.3466","-0.7882","20.2672","-26.4103","3.2889","1.3591","null","null","null","81.2460","2313","5.9840",530743,502188,460026,474832,593700,467055,543063,596103,491676,457705,"54.5131","null","null","null","null","null","null","null",2,"4","Knuckle Curve",0,0,0,0,0,0,0,0,"Standard","Standard"
"FT","2018-07-07","92.3","-2.6138","5.9507","Jeff Samardzija",502054,502188,"null","ball",,,,,"11","null","R","R","R","SF","STL","B","null","null",1,1,2018,"-1.2727","0.9717","-1.4473","2.4406","null","null","null",1,1,"Top","null","null",,,460026,,"180707_200740","5.6171","-134.2596","-5.1935","-16.2984","25.5116","-19.7723","3.3368","1.5028","null","null","null","91.8960","2496","5.7930",530743,502188,460026,474832,593700,467055,543063,596103,491676,457705,"54.7044","null","null","null","null","null","null","null",2,"3","2-Seam Fastball",0,0,0,0,0,0,0,0,"Standard","Standard"
"KC","2018-07-07","74.1","-2.2962","6.0991","Jeff Samardzija",502054,502188,"null","called_strike",,,,,"5","null","R","R","R","SF","STL","S","null","null",1,0,2018,"0.6133","-0.8853","0.2617","2.3818","null","null","null",1,1,"Top","null","null",,,460026,,"180707_200724","4.1164","-107.7194","1.0865","3.9465","17.7732","-39.2847","3.4283","1.4516","null","null","null","72.9110","2289","5.3300",530743,502188,460026,474832,593700,467055,543063,596103,491676,457705,"55.1677","null","null","null","null","null","null","null",2,"2","Knuckle Curve",0,0,0,0,0,0,0,0,"Standard","Standard"
"KC","2018-07-07","73.6","-2.3177","6.1649","Jeff Samardzija",502054,502188,"null","ball",,,,,"1","null","R","R","R","SF","STL","B","null","null",0,0,2018,"0.6476","-0.8783","-0.4708","3.2282","null","null","null",1,1,"Top","null","null",,,460026,,"180707_200711","2.6195","-106.9844","2.7265","4.4512","16.9953","-39.4430","3.3793","1.5529","null","null","null","72.8020","2263","5.5650",530743,502188,460026,474832,593700,467055,543063,596103,491676,457705,"54.9324","null","null","null","null","null","null","null",2,"1","Knuckle Curve",0,0,0,0,0,0,0,0,"Standard","Standard"
"KC","2018-07-07","74.7","-2.2773","6.0751","Jeff Samardzija",572761,502188,"null","called_strike",,,,,"8","null","R","L","R","SF","STL","S","null","null",0,1,2018,"0.4822","-0.8741","-0.0322","2.2531","null","null","null",0,1,"Top","null","null",,,460026,,"180707_200610","3.7481","-108.6839","0.7839","3.0823","18.6813","-39.3131","3.5340","1.6753","null","null","null","73.8090","2434","5.5850",530743,502188,460026,474832,593700,467055,543063,596103,491676,457705,"54.9123","null","null","null","null","null","null","null",1,"2","Knuckle Curve",0,0,0,0,0,0,0,0,"Infield shift","Strategic"