"pitch_type","game_date","release_speed","release_pos_x","release_pos_z","player_name","batter","pitcher","events","description","spin_dir","spin_rate_deprecated","break_angle_deprecated","break_length_deprecated","zone","des","game_type","stand","p_throws","home_team","away_team","type","hit_location","bb_type","balls","strikes","game_year","pfx_x","pfx_z","plate_x","plate_z","on_3b","on_2b","on_1b","outs_when_up","inning","inning_topbot","hc_x","hc_y","tfs_deprecated","tfs_zulu_deprecated","pos2_person_id","umpire","sv_id","vx0","vy0","vz0","ax","ay","az","sz_top","sz_bot","hit_distance_sc","launch_speed","launch_angle","effective_speed","release_spin_rate","release_extension","game_pk","pos1_person_id","pos2_person_id","pos3_person_id","pos4_person_id","pos5_person_id","pos6_person_id","pos7_person_id","pos8_person_id","pos9_person_id","release_pos_y","estimated_ba_using_speedangle","estimated_woba_using_speedangle","woba_value","woba_denom","babip_value","iso_value","launch_speed_angle","at_bat_number","pitch_number","pitch_name","home_score","away_score","bat_score","fld_score","post_away_score","post_home_score","post_bat_score","post_fld_score","if_fielding_alignment","of_fielding_alignment"
"SL","2018-06-03","79.3","-1.0681","5.2875","Reyes Moronta",622226,606625,"null","ball",,,,,"12","null","R","L","R","SF","PHI","B","null","null",0,0,2018,"1.0682","0.1058","0.9259","3.4590","null","null","null",2,9,"Top","null","null",,,457763,,"180603_223940","2.3822","-115.4310","2.5336","8.9758","20.8314","-31.9330","3.3155","1.6541","null","null","null","78.8010","2602","5.8510",530294,606625,457763,467055,605412,446334,543063,607776,491676,457705,"54.6464","null","null","null","null","null","null","null",67,"1","Slider",6,1,1,6,1,6,1,6,"Infield shift","Standard"
"SL","2018-06-03","84.3","-1.3689","5.0148","Reyes Moronta",571437,606625,"null","ball",,,,,"14","null","R","R","R","SF","PHI","B","null","null",0,2,2018,"1.3461","-0.5253","0.6302","0.1523","null","null","null",1,9,"Top","null","null",,,457763,,"180603_223850","2.0072","-122.6004","-3.8325","12.8343","25.4554","-36.8059","3.8511","1.8653","null","null","null","83.2910","2621","5.7630",530294,606625,457763,467055,605412,446334,543063,607776,491676,457705,"54.7344","null","null","null","null","null","null","null",66,"3","Slider",6,1,1,6,1,6,1,6,"Standard","Standard"
"FF","2018-06-03","97.6","-0.7919","5.4045","Reyes Moronta",571437,606625,"null","called_strike",,,,,"5","null","R","R","R","SF","PHI","S","null","null",0,0,2018,"-0.3074","1.1466","0.2733","3.0192","null","null","null",1,9,"Top","null","null",,,457763,,"180603_223818","3.5613","-142.2333","-3.5974","-4.9008","28.8947","-16.0632","3.8611","2.0685","null","null","null","97.9420","2349","6.1440",530294,606625,457763,467055,605412,446334,543063,607776,491676,457705,"54.3535","null","null","null","null","null","null","null",66,"1","4-Seam Fastball",6,1,1,6,1,6,1,6,"Standard","Standard"
"FF","2018-06-03","94.7","-2.0642","5.4296","Hector Neris",457705,593576,"null","ball",,,,,"11","null","R","R","R","SF","PHI","B","null","null",2,1,2018,"-0.7278","1.4990","-0.5210","3.9698","null","null","null",2,8,"Bot","null","null",,,595751,,"180603_223320","5.6229","-137.8328","-1.4785","-10.4298","29.2060","-13.0480","3.3518","1.6069","null","null","null","94.6430","2520","6.1370",530294,593576,595751,467793,514917,596748,664068,608384,546318,571437,"54.3602","null","null","null","null","null","null","null",63,"4","4-Seam Fastball",6,1,6,1,1,6,6,1,"Infield shift","Strategic"
"FS","2018-06-03","86.3","-1.8280","5.8495","Hector Neris",457705,593576,"null","ball",,,,,"14","null","R","R","R","SF","PHI","B","null","null",1,1,2018,"-0.7260","-0.2519","1.1479","1.5222","null","null","null",2,8,"Bot","null","null",,,595751,,"180603_223300","8.3329","-125.3705","-3.5503","-8.9785","23.1744","-34.3423","3.3067","1.6521","null","null","null","84.9890","1370","5.3370",530294,593576,595751,467793,514917,596748,664068,608384,546318,571437,"55.1605","null","null","null","null","null","null","null",63,"3","Split Finger",6,1,6,1,1,6,6,1,"Infield shift","Strategic"
"FT","2018-06-03","94.9","-1.9410","5.6631","Hector Neris",457705,593576,"null","called_strike",,,,,"11","null","R","R","R","SF","PHI","S","null","null",1,0,2018,"-1.3732","1.0246","-0.8537","2.6203","null","null","null",2,8,"Bot","null","null",,,595751,,"180603_223245","5.9241","-138.0765","-4.6465","-18.9006","27.7769","-18.2186","3.2841","1.5618","null","null","null","95.4250","2346","6.3830",530294,593576,595751,467793,514917,596748,664068,608384,546318,571437,"54.1149","null","null","null","null","null","null","null",63,"2","2-Seam Fastball",6,1,6,1,1,6,6,1,"Infield shift","Strategic"
"FF","2018-06-03","95.7","-2.1694","5.5859","Hector Neris",457705,593576,"null","ball",,,,,"11","null","R","R","R","SF","PHI","B","null","null",0,0,2018,"-0.9255","1.4450","-2.1874","2.7073","null","null","null",2,8,"Bot","null","null",,,595751,,"180603_223228","2.0052","-139.4269","-5.2568","-12.4447","27.6719","-12.5243","3.2841","1.6069","null","null","null","95.8570","2545","6.0500",530294,593576,595751,467793,514917,596748,664068,608384,546318,571437,"54.4476","null","null","null","null","null","null","null",63,"1","4-Seam Fastball",6,1,6,1,1,6,6,1,"Infield shift","Strategic"
"FS","2018-06-03","85.8","-1.8985","5.9754","Hector Neris",457763,593576,"null","ball",,,,,"7","null","R","R","R","SF","PHI","B","null","null",2,0,2018,"-1.0879","-0.6142","-0.6740","1.5030","null","null","null",2,8,"Bot","null","null",,,595751,,"180603_223121","4.9100","-124.6097","-3.0295","-11.9259","25.7950","-37.9821","3.4528","1.5475","null","null","null","84.0410","1308","5.3090",530294,593576,595751,467793,514917,596748,664068,608384,546318,571437,"55.1889","null","null","null","null","null","null","null",62,"3","Split Finger",5,1,5,1,1,5,5,1,"Standard","Standard"
"FF","2018-06-03","94.5","-2.2215","5.6245","Hector Neris",457763,593576,"null","ball",,,,,"11","null","R","R","R","SF","PHI","B","null","null",1,0,2018,"-0.8657","1.2588","-2.0467","3.4496","null","null","null",2,8,"Bot","null","null",,,595751,,"180603_223100","2.3107","-137.5649","-2.7373","-11.2863","28.1652","-16.1196","3.4980","1.6378","null","null","null","93.8610","2510","5.7170",530294,593576,595751,467793,514917,596748,664068,608384,546318,571437,"54.7800","null","null","null","null","null","null","null",62,"2","4-Seam Fastball",5,1,5,1,1,5,5,1,"Standard","Standard"
"FF","2018-06-03","94.4","-2.3236","5.7482","Hector Neris",457763,593576,"null","ball",,,,,"11","null","R","R","R","SF","PHI","B","null","null",0,0,2018,"-0.8564","1.4234","-2.2184","3.2712","null","null","null",2,8,"Bot","null","null",,,595751,,"180603_223042","2.1252","-137.3492","-3.8279","-11.1204","30.6876","-13.8663","3.3626","1.5926","null","null","null","93.6180","2482","5.8530",530294,593576,595751,467793,514917,596748,664068,608384,546318,571437,"54.6446","null","null","null","null","null","null","null",62,"1","4-Seam Fastball",5,1,5,1,1,5,5,1,"Standard","Standard"
"FF","2018-06-03","91.3","1.8587","6.3857","Will Smith",664068,519293,"null","ball",,,,,"14","null","R","R","L","SF","PHI","B","null","null",1,0,2018,"0.7410","1.2966","1.5695","1.8183","null","546318.00","467793.00",2,8,"Top","null","null",,,457763,,"180603_222519","-2.3218","-132.7767","-8.4448","9.2766","25.9260","-15.2814","3.0553","1.3734","null","null","null","91.6900","2186","6.3580",530294,519293,457763,467055,605412,446334,543063,607776,491676,457705,"54.1393","null","null","null","null","null","null","null",59,"2","4-Seam Fastball",5,1,1,5,1,5,1,5,"Standard","Standard"
"FF","2018-06-03","91.8","1.8019","6.4230","Will Smith",664068,519293,"null","ball",,,,,"14","null","R","R","L","SF","PHI","B","null","null",0,0,2018,"0.7386","1.4512","0.0322","0.9151","null","546318.00","467793.00",2,8,"Top","null","null",,,457763,,"180603_222453","-6.0785","-133.2881","-11.2315","10.0942","27.1975","-12.6863","3.1230","1.4186","null","null","null","91.9920","2246","6.4110",530294,519293,457763,467055,605412,446334,543063,607776,491676,457705,"54.0869","null","null","null","null","null","null","null",59,"1","4-Seam Fastball",5,1,1,5,1,5,1,5,"Standard","Standard"
"FF","2018-06-03","92.6","1.8388","6.4871","Will Smith",595751,519293,"null","called_strike",,,,,"7","null","R","R","L","SF","PHI","S","null","null",0,0,2018,"0.5807","1.2798","-0.7198","1.4709","null","546318.00","467793.00",1,8,"Top","null","null",,,457763,,"180603_222314","-7.7151","-134.4111","-9.6792","8.5552","27.4721","-15.0367","3.3978","1.5626","null","null","null","92.0760","2197","5.9840",530294,519293,457763,467055,605412,446334,543063,607776,491676,457705,"54.5134","null","null","null","null","null","null","null",58,"1","4-Seam Fastball",5,1,1,5,1,5,1,5,"Standard","Standard"
"FF","2018-06-03","91.6","2.0044","6.4482","Will Smith",608384,519293,"null","ball",,,,,"14","null","R","L","L","SF","PHI","B","null","null",0,0,2018,"0.7303","1.3928","1.4576","1.8369","null","546318.00","467793.00",0,8,"Top","null","null",,,457763,,"180603_222100","-2.8806","-133.1597","-8.6403","9.1109","26.3650","-14.4035","3.1547","1.5611","null","null","null","90.8240","2116","5.6970",530294,519293,457763,467055,605412,446334,543063,607776,491676,457705,"54.8009","null","null","null","null","null","null","null",57,"1","4-Seam Fastball",5,1,1,5,1,5,1,5,"Standard","Standard"
"FF","2018-06-03","92.7","1.8931","6.2752","Will Smith",467793,519293,"walk","ball",,,,,"13","Carlos Santana walks.  ","R","R","L","SF","PHI","B","null","null",3,2,2018,"0.6795","1.4023","-0.0433","1.2988","null","546318.00","null",0,8,"Top","null","null",,,457763,,"180603_222020","-6.4141","-134.5417","-9.9538","9.5881","27.5965","-13.2656","3.3927","1.6078","null","null","null","92.7000","2188","6.3080",530294,519293,457763,467055,605412,446334,543063,607776,491676,457705,"54.1890","null","null","0.70",1,0,0,"null",56,"6","4-Seam Fastball",5,1,1,5,1,5,1,5,"Standard","Standard"
"SL","2018-06-03","82.1","2.1066","6.1743","Will Smith",467793,519293,"null","ball",,,,,"13","null","R","R","L","SF","PHI","B","null","null",2,2,2018,"-0.7992","0.1598","-1.6867","1.2075","null","null","546318.00",0,8,"Top","null","null",,,457763,,"180603_221931","-6.9946","-119.2776","-4.9147","-6.0885","23.5779","-29.9571","3.3476","1.6529","null","null","null","81.1780","2401","5.8120",530294,519293,457763,467055,605412,446334,543063,607776,491676,457705,"54.6856","null","null","null","null","null","null","null",56,"5","Slider",5,1,1,5,1,5,1,5,"Standard","Standard"
"FF","2018-06-03","93.3","1.5913","6.4285","Will Smith",467793,519293,"null","called_strike",,,,,"8","null","R","R","L","SF","PHI","S","null","null",0,0,2018,"0.8809","1.5646","-0.1035","1.5693","null","null","546318.00",0,8,"Top","null","null",,,457763,,"180603_221743","-6.2230","-135.4836","-10.0931","12.0242","26.5504","-11.2128","3.5056","1.6755","null","null","null","93.0430","2174","6.0200",530294,519293,457763,467055,605412,446334,543063,607776,491676,457705,"54.4772","null","null","null","null","null","null","null",56,"1","4-Seam Fastball",5,1,1,5,1,5,1,5,"Standard","Standard"
"FT","2018-06-03","93.8","-1.7416","6.1323","Tommy Hunter",491676,488984,"null","ball",,,,,"2","null","R","R","R","SF","PHI","B","null","null",0,1,2018,"-0.8031","1.2319","0.0764","3.2038","null","null","null",2,7,"Bot","null","null",,,595751,,"180603_221253","6.4363","-136.4275","-4.5429","-11.3405","28.9035","-16.1262","3.2523","1.5175","null","null","null","93.6220","2519","6.1260",530294,488984,595751,467793,514917,596748,664068,608384,546318,571437,"54.3717","null","null","null","null","null","null","null",54,"2","2-Seam Fastball",5,1,5,1,1,5,5,1,"Standard","Standard"
"FC","2018-06-03","91.6","-1.9149","6.1201","Tommy Hunter",491676,488984,"null","called_strike",,,,,"8","null","R","R","R","SF","PHI","S","null","null",0,0,2018,"0.2051","0.6215","-0.0361","1.6086","null","null","null",2,7,"Bot","null","null",,,595751,,"180603_221237","4.2923","-133.3874","-6.9161","1.6545","24.7269","-23.6658","3.2322","1.5175","null","null","null","91.8300","2461","6.0790",530294,488984,595751,467793,514917,596748,664068,608384,546318,571437,"54.4188","null","null","null","null","null","null","null",54,"1","Cutter",5,1,5,1,1,5,5,1,"Standard","Standard"
"FF","2018-06-03","95.3","-1.7549","6.1873","Tommy Hunter",607776,488984,"null","ball",,,,,"11","null","R","R","R","SF","PHI","B","null","null",1,2,2018,"-0.4085","1.4821","-0.4647","5.6176","null","null","null",1,7,"Bot","null","null",,,595751,,"180603_221139","4.3262","-138.8729","0.7693","-6.2424","29.7264","-13.2492","3.4078","1.5150","null","null","null","95.8550","2489","6.4300",530294,488984,595751,467793,514917,596748,664068,608384,546318,571437,"54.0677","null","null","null","null","null","null","null",53,"4","4-Seam Fastball",5,1,5,1,1,5,5,1,"Standard","Standard"
"FC","2018-06-03","92.6","-1.8134","6.1138","Tommy Hunter",607776,488984,"null","ball",,,,,"14","null","R","R","R","SF","PHI","B","null","null",0,1,2018,"0.4178","0.9640","1.5980","1.3996","null","null","null",1,7,"Bot","null","null",,,595751,,"180603_221101","7.7833","-134.5328","-8.3261","3.5033","27.2772","-18.9657","3.5658","1.5601","null","null","null","92.6570","2376","6.2630",530294,488984,595751,467793,514917,596748,664068,608384,546318,571437,"54.2349","null","null","null","null","null","null","null",53,"2","Cutter",5,1,5,1,1,5,5,1,"Standard","Standard"
"FF","2018-06-03","95.8","-1.8817","6.1106","Tommy Hunter",467055,488984,"null","ball",,,,,"12","null","R","L","R","SF","PHI","B","null","null",2,2,2018,"-0.4637","1.3719","0.7578","4.5416","null","null","null",0,7,"Bot","null","null",,,595751,,"180603_220943","7.9796","-139.3817","-1.6423","-7.6715","28.6162","-14.1926","3.2121","1.6028","null","null","null","95.8320","2402","6.1210",530294,488984,595751,467793,514917,596748,664068,608384,546318,571437,"54.3764","null","null","null","null","null","null","null",52,"8","4-Seam Fastball",5,1,5,1,1,5,5,1,"Strategic","Strategic"
"CU","2018-06-03","82.0","-2.0014","6.0408","Tommy Hunter",467055,488984,"null","ball",,,,,"14","null","R","L","R","SF","PHI","B","null","null",1,2,2018,"1.2489","-0.8682","0.6964","0.1069","null","null","null",0,7,"Bot","null","null",,,595751,,"180603_220800","3.7020","-119.3647","-5.2126","11.0939","21.9671","-39.6291","3.0992","1.4899","null","null","null","81.5470","2926","5.8630",530294,488984,595751,467793,514917,596748,664068,608384,546318,571437,"54.6347","null","null","null","null","null","null","null",52,"4","Curveball",5,1,5,1,1,5,5,1,"Strategic","Standard"
"FT","2018-06-03","94.9","-1.7610","6.2813","Tommy Hunter",467055,488984,"null","ball",,,,,"11","null","R","L","R","SF","PHI","B","null","null",0,0,2018,"-0.9540","0.9920","-0.9035","3.6497","null","null","null",0,7,"Bot","null","null",,,595751,,"180603_220700","4.2993","-138.0716","-3.4116","-12.9474","28.5244","-19.1527","3.2572","1.5125","null","null","null","94.4330","2470","5.8620",530294,488984,595751,467793,514917,596748,664068,608384,546318,571437,"54.6355","null","null","null","null","null","null","null",52,"1","2-Seam Fastball",5,1,5,1,1,5,5,1,"Strategic","Standard"
"FC","2018-06-03","90.2","-1.8568","6.2089","Mark Melancon",514917,453343,"null","ball",,,,,"11","null","R","L","R","SF","PHI","B","null","null",1,2,2018,"0.0968","0.6127","-0.8278","3.9116","null","null","null",2,7,"Top","null","null",,,457763,,"180603_220248","2.3400","-131.3228","-1.0479","0.6157","27.3839","-25.2034","3.0818","1.4322","null","null","null","89.6690","2429","5.8970",530294,453343,457763,467055,605412,446334,543063,607776,491676,457705,"54.6002","null","null","null","null","null","null","null",51,"4","Cutter",5,1,1,5,1,5,1,5,"Standard","Strategic"
"FC","2018-06-03","88.6","-1.7060","6.2532","Mark Melancon",514917,453343,"null","ball",,,,,"12","null","R","L","R","SF","PHI","B","null","null",0,1,2018,"0.3866","0.5239","1.8106","2.4673","null","null","null",2,7,"Top","null","null",,,457763,,"180603_220206","7.7242","-128.8069","-4.2727","2.8412","23.6869","-25.8266","3.2398","1.5451","null","null","null","88.1980","2612","5.8310",530294,453343,457763,467055,605412,446334,543063,607776,491676,457705,"54.6661","null","null","null","null","null","null","null",51,"2","Cutter",5,1,1,5,1,5,1,5,"Standard","Standard"
"FF","2018-06-03","91.0","-1.7147","6.2802","Mark Melancon",514917,453343,"null","called_strike",,,,,"1","null","R","L","R","SF","PHI","S","null","null",0,0,2018,"-0.5251","1.0855","-0.7729","2.9182","null","null","null",2,7,"Top","null","null",,,457763,,"180603_220150","3.4469","-132.4184","-4.8488","-6.7966","25.3496","-18.7696","3.2824","1.5903","null","null","null","90.8200","2529","5.9470",530294,453343,457763,467055,605412,446334,543063,607776,491676,457705,"54.5499","null","null","null","null","null","null","null",51,"1","4-Seam Fastball",5,1,1,5,1,5,1,5,"Standard","Standard"
"FC","2018-06-03","90.4","-1.7371","6.2892","Mark Melancon",605520,453343,"null","ball",,,,,"3","null","R","L","R","SF","PHI","B","null","null",1,0,2018,"0.0029","0.7355","0.5925","3.4641","null","null","null",1,7,"Top","null","null",,,457763,,"180603_215945","5.7490","-131.4888","-2.6546","-1.0886","25.6574","-23.4430","3.4030","1.6515","null","null","null","89.9460","2535","5.8550",530294,453343,457763,467055,605412,446334,543063,607776,491676,457705,"54.6428","null","null","null","null","null","null","null",50,"2","Cutter",5,1,1,5,1,5,1,5,"Infield shift","Standard"
"FF","2018-06-03","90.2","-1.7137","6.3218","Mark Melancon",605520,453343,"null","ball",,,,,"11","null","R","L","R","SF","PHI","B","null","null",0,0,2018,"-0.4703","0.8924","-0.9391","3.2320","null","null","null",1,7,"Top","null","null",,,457763,,"180603_215929","2.9069","-131.2948","-3.6302","-5.9978","26.2883","-21.3845","3.2902","1.5160","null","null","null","90.1440","2373","6.1140",530294,453343,457763,467055,605412,446334,543063,607776,491676,457705,"54.3831","null","null","null","null","null","null","null",50,"1","4-Seam Fastball",5,1,1,5,1,5,1,5,"Infield shift","Standard"
"FC","2018-06-03","89.1","-1.6202","6.3051","Mark Melancon",571437,453343,"null","ball",,,,,"14","null","R","R","R","SF","PHI","B","null","null",0,1,2018,"0.4428","0.4583","2.3179","2.8354","null","null","null",0,7,"Top","null","null",,,457763,,"180603_215814","8.6766","-129.5160","-3.4427","3.2675","24.7281","-26.6408","3.7272","1.9446","null","null","null","88.5750","2676","5.8270",530294,453343,457763,467055,605412,446334,543063,607776,491676,457705,"54.6702","null","null","null","null","null","null","null",49,"2","Cutter",5,1,1,5,1,5,1,5,"Standard","Standard"
"FC","2018-06-03","90.4","-1.5835","6.3025","Mark Melancon",571437,453343,"null","called_strike",,,,,"9","null","R","R","R","SF","PHI","S","null","null",0,0,2018,"0.3526","0.6072","0.6354","1.8658","null","null","null",0,7,"Top","null","null",,,457763,,"180603_215759","4.7685","-131.5708","-6.4205","3.1576","25.4960","-24.1089","3.9334","1.8037","null","null","null","90.3920","2584","6.0780",530294,453343,457763,467055,605412,446334,543063,607776,491676,457705,"54.4191","null","null","null","null","null","null","null",49,"1","Cutter",5,1,1,5,1,5,1,5,"Standard","Standard"
"CU","2018-06-03","81.4","-3.2059","6.1736","Jake Arrieta",543063,453562,"null","ball",,,,,"14","null","R","L","R","SF","PHI","B","null","null",1,1,2018,"0.9867","-0.8765","1.3212","0.5620","null","null","null",1,6,"Bot","null","null",,,595751,,"180603_215403","8.1743","-118.1088","-4.2594","7.3921","22.5093","-39.5736","3.2303","1.5281","null","null","null","79.9460","2757","5.4450",530294,453562,595751,467793,514917,596748,664068,608384,546318,571437,"55.0521","null","null","null","null","null","null","null",47,"3","Curveball",5,1,5,1,1,5,5,1,"Infield shift","Standard"
"SI","2018-06-03","92.9","-3.1492","6.0217","Jake Arrieta",543063,453562,"null","ball",,,,,"14","null","R","L","R","SF","PHI","B","null","null",0,1,2018,"-1.3883","0.7923","0.9593","1.2117","null","null","null",1,6,"Bot","null","null",,,595751,,"180603_215348","13.3792","-134.4124","-8.1448","-19.3999","26.6211","-21.2120","3.1852","1.5056","null","null","null","92.2770","2226","6.0390",530294,453562,595751,467793,514917,596748,664068,608384,546318,571437,"54.4586","null","null","null","null","null","null","null",47,"2","Sinker",5,1,5,1,1,5,5,1,"Infield shift","Standard"
"SI","2018-06-03","90.8","-3.0308","6.0759","Jake Arrieta",457705,453562,"null","called_strike",,,,,"8","null","R","R","R","SF","PHI","S","null","null",0,0,2018,"-1.2996","0.6287","0.1606","1.9746","null","605412.00","457763.00",1,6,"Bot","null","null",,,595751,,"180603_215206","10.6273","-131.7543","-5.6613","-17.0487","24.5226","-24.0348","3.2730","1.5959","null","null","null","90.4710","2126","5.9670",530294,453562,595751,467793,514917,596748,664068,608384,546318,571437,"54.5301","null","null","null","null","null","null","null",46,"1","Sinker",2,1,2,1,1,2,2,1,"Infield shift","Strategic"
"SI","2018-06-03","92.5","-3.2275","5.9689","Jake Arrieta",457763,453562,"null","called_strike",,,,,"8","null","R","R","R","SF","PHI","S","null","null",0,0,2018,"-1.2941","0.4110","0.1711","2.0269","593700.00","null","605412.00",1,6,"Bot","null","null",,,595751,,"180603_215012","11.3017","-134.0161","-4.9602","-17.9107","31.8496","-26.4224","3.4561","1.6435","null","null","null","91.0460","2227","5.8760",530294,453562,595751,467793,514917,596748,664068,608384,546318,571437,"54.6213","null","null","null","null","null","null","null",45,"1","Sinker",1,1,1,1,1,1,1,1,"Standard","Standard"
"SI","2018-06-03","92.4","-3.2110","6.1453","Jake Arrieta",491676,453562,"null","ball",,,,,"11","null","R","R","R","SF","PHI","B","null","null",2,2,2018,"-1.3304","0.8776","-1.5826","4.4387","null","null","null",1,6,"Bot","null","null",,,595751,,"180603_214404","6.9779","-134.4400","-0.4429","-17.4651","27.9440","-21.7382","3.0999","1.4102","null","null","null","92.1560","2213","6.0550",530294,453562,595751,467793,514917,596748,664068,608384,546318,571437,"54.4425","null","null","null","null","null","null","null",42,"5","Sinker",0,1,0,1,1,0,0,1,"Standard","Standard"
"SL","2018-06-03","89.2","-3.2717","6.0862","Jake Arrieta",491676,453562,"null","ball",,,,,"14","null","R","R","R","SF","PHI","B","null","null",1,2,2018,"0.4099","0.4059","2.1903","1.1028","null","null","null",1,6,"Bot","null","null",,,595751,,"180603_214350","12.3846","-129.2552","-6.9780","2.2993","23.2327","-26.6563","3.1902","1.5457","null","null","null","88.2560","2699","5.6250",530294,453562,595751,467793,514917,596748,664068,608384,546318,571437,"54.8726","null","null","null","null","null","null","null",42,"4","Slider",0,1,0,1,1,0,0,1,"Standard","Standard"
"SI","2018-06-03","93.2","-3.1434","6.1196","Jake Arrieta",491676,453562,"null","ball",,,,,"12","null","R","R","R","SF","PHI","B","null","null",0,2,2018,"-1.2317","0.7161","0.9347","2.6709","null","null","null",1,6,"Bot","null","null",,,595751,,"180603_214325","13.0516","-135.0411","-4.5756","-17.7578","29.0610","-22.7222","3.1450","1.5457","11","39.0","-11.0996","92.5300","2275","6.0990",530294,453562,595751,467793,514917,596748,664068,608384,546318,571437,"54.3988","null","null","null","null","null","null","null",42,"3","Sinker",0,1,0,1,1,0,0,1,"Standard","Standard"
"SI","2018-06-03","93.1","-3.0419","6.1892","Jake Arrieta",491676,453562,"null","called_strike",,,,,"1","null","R","R","R","SF","PHI","S","null","null",0,0,2018,"-1.1160","0.9106","-0.3319","2.9889","null","null","null",1,6,"Bot","null","null",,,595751,,"180603_214240","9.2769","-135.1545","-4.3737","-15.4439","27.8503","-20.4537","3.0798","1.4554","null","null","null","92.4900","2193","5.9320",530294,453562,595751,467793,514917,596748,664068,608384,546318,571437,"54.5653","null","null","null","null","null","null","null",42,"1","Sinker",0,1,0,1,1,0,0,1,"Standard","Standard"
"SI","2018-06-03","93.0","-3.0944","6.0835","Jake Arrieta",607776,453562,"strikeout","called_strike",,,,,"6","Mac Williamson called out on strikes.  ","R","R","R","SF","PHI","S",2,"null",0,2,2018,"-1.5920","0.7806","0.7622","2.7387","null","null","null",0,6,"Bot","null","null",,,595751,,"180603_214211","13.1462","-134.6636","-4.4046","-21.8235","27.3970","-22.1111","3.4385","1.5307","null","null","null","92.1170","2205","5.8910",530294,453562,595751,467793,514917,596748,664068,608384,546318,571437,"54.6064","null","null","0.00",1,0,0,"null",41,"3","Sinker",0,1,0,1,1,0,0,1,"Standard","Standard"
"FC","2018-06-03","88.0","-0.9962","6.1698","Dereck Rodriguez",596748,605446,"null","ball",,,,,"14","null","R","R","R","SF","PHI","B","null","null",0,1,2018,"0.0981","0.6937","1.7288","1.2921","null","null","null",2,6,"Top","null","null",,,457763,,"180603_213845","6.3588","-127.8293","-7.1146","-0.1391","24.2385","-23.4953","3.1049","1.5106","null","null","null","87.6110","2291","5.9600",530294,605446,457763,467055,605412,446334,543063,607776,491676,457705,"54.5377","null","null","null","null","null","null","null",40,"2","Cutter",0,1,1,0,1,0,1,0,"Standard","Standard"
"FC","2018-06-03","85.5","-1.2893","6.0527","Dereck Rodriguez",596748,605446,"null","called_strike",,,,,"4","null","R","R","R","SF","PHI","S","null","null",0,0,2018,"0.3536","0.5148","-0.6374","2.1177","null","null","null",2,6,"Top","null","null",,,457763,,"180603_213832","0.8339","-124.4692","-4.0544","3.4879","21.5284","-26.3982","3.0924","1.3751","null","null","null","85.1350","2143","5.7190",530294,605446,457763,467055,605412,446334,543063,607776,491676,457705,"54.7783","null","null","null","null","null","null","null",40,"1","Cutter",0,1,1,0,1,0,1,0,"Standard","Standard"
"FC","2018-06-03","84.4","-1.1476","6.1702","Dereck Rodriguez",664068,605446,"null","called_strike",,,,,"6","null","R","R","R","SF","PHI","S","null","null",0,0,2018,"0.3189","0.5444","0.8236","2.0698","null","null","null",1,6,"Top","null","null",,,457763,,"180603_213739","3.9339","-122.8839","-4.2690","2.4864","22.1560","-26.1676","3.1287","1.3566","null","null","null","84.0850","2133","5.8480",530294,605446,457763,467055,605412,446334,543063,607776,491676,457705,"54.6494","null","null","null","null","null","null","null",39,"1","Cutter",0,1,1,0,1,0,1,0,"Standard","Standard"
"SI","2018-06-03","93.5","-3.0888","6.1258","Jake Arrieta",467055,453562,"null","ball",,,,,"11","null","R","L","R","SF","PHI","B","null","null",1,0,2018,"-1.3854","0.7427","-0.8172","4.3665","null","null","null",2,5,"Bot","null","null",,,595751,,"180603_213342","8.7492","-135.8444","-0.3897","-18.7285","28.9123","-23.2850","3.1500","1.4956","null","null","null","92.6570","2208","5.8080",530294,453562,595751,467793,514917,596748,664068,608384,546318,571437,"54.6893","null","null","null","null","null","null","null",37,"2","Sinker",0,1,0,1,1,0,0,1,"Strategic","Standard"
"CU","2018-06-03","79.2","-3.2728","6.2010","Jake Arrieta",467055,453562,"null","ball",,,,,"12","null","R","L","R","SF","PHI","B","null","null",0,0,2018,"1.3687","-0.9999","0.1364","3.6697","null","null","null",2,5,"Bot","null","null",,,595751,,"180603_213329","4.8751","-114.8918","3.1389","10.6205","24.2938","-41.6434","2.8792","1.4052","null","null","null","77.4080","2740","5.5050",530294,453562,595751,467793,514917,596748,664068,608384,546318,571437,"54.9922","null","null","null","null","null","null","null",37,"1","Curveball",0,1,0,1,1,0,0,1,"Strategic","Standard"
"SI","2018-06-03","94.0","-2.9267","6.0687","Jake Arrieta",446334,453562,"null","ball",,,,,"14","null","R","R","R","SF","PHI","B","null","null",2,2,2018,"-1.3517","0.8828","0.6324","1.1953","null","null","543063.00",0,5,"Bot","null","null",,,595751,,"180603_213227","12.0470","-136.0667","-8.7311","-19.1329","27.6837","-19.7177","3.4362","1.6963","null","null","null","93.3180","2310","6.0130",530294,453562,595751,467793,514917,596748,664068,608384,546318,571437,"54.4849","null","null","null","null","null","null","null",36,"6","Sinker",0,1,0,1,1,0,0,1,"Infield shift","Standard"
"SL","2018-06-03","89.8","-3.2263","6.0500","Jake Arrieta",446334,453562,"null","ball",,,,,"1","null","R","R","R","SF","PHI","B","null","null",1,0,2018,"0.0901","0.2898","-0.4991","3.4295","null","null","543063.00",0,5,"Bot","null","null",,,595751,,"180603_213014","6.4884","-130.6669","-1.1630","-0.1845","24.1982","-28.9081","3.4362","1.6737","null","null","null","89.2320","2554","5.6690",530294,453562,595751,467793,514917,596748,664068,608384,546318,571437,"54.8287","null","null","null","null","null","null","null",36,"2","Slider",0,1,0,1,1,0,0,1,"Standard","Standard"
"SI","2018-06-03","93.5","-2.9197","6.1148","Jake Arrieta",446334,453562,"null","ball",,,,,"14","null","R","R","R","SF","PHI","B","null","null",0,0,2018,"-1.2396","1.0188","1.2906","1.8404","null","null","543063.00",0,5,"Bot","null","null",,,595751,,"180603_212948","13.3378","-135.3176","-7.3120","-17.8536","29.3487","-18.5328","3.5265","1.7188","null","null","null","92.2480","2303","5.8280",530294,453562,595751,467793,514917,596748,664068,608384,546318,571437,"54.6696","null","null","null","null","null","null","null",36,"1","Sinker",0,1,0,1,1,0,0,1,"Standard","Standard"
"CH","2018-06-03","87.3","-3.4424","6.1117","Jake Arrieta",543063,453562,"null","ball",,,,,"13","null","R","L","R","SF","PHI","B","null","null",1,1,2018,"-1.1035","0.3475","-0.3324","1.3434","null","null","null",0,5,"Bot","null","null",,,595751,,"180603_212820","9.5511","-126.5627","-5.8861","-13.5421","25.9636","-27.5688","3.2755","1.5733","null","null","null","86.0160","1424","5.6830",530294,453562,595751,467793,514917,596748,664068,608384,546318,571437,"54.8145","null","null","null","null","null","null","null",35,"3","Changeup",0,1,0,1,1,0,0,1,"Infield shift","Standard"
"CU","2018-06-03","80.6","-3.0668","6.2499","Jake Arrieta",543063,453562,"null","ball",,,,,"14","null","R","L","R","SF","PHI","B","null","null",0,1,2018,"0.9912","-1.1448","1.7692","0.7093","null","null","null",0,5,"Bot","null","null",,,595751,,"180603_212805","8.7260","-116.7777","-3.3499","6.8220","24.6233","-41.7741","3.1852","1.5508","null","null","null","78.4200","2863","5.2690",530294,453562,595751,467793,514917,596748,664068,608384,546318,571437,"55.2285","null","null","null","null","null","null","null",35,"2","Curveball",0,1,0,1,1,0,0,1,"Infield shift","Standard"
"CU","2018-06-03","76.4","-1.0259","5.9675","Dereck Rodriguez",608384,605446,"null","ball",,,,,"11","null","R","L","R","SF","PHI","B","null","null",1,2,2018,"1.0423","-1.0639","-2.3974","4.4727","null","514917.00","467793.00",2,5,"Top","null","null",,,457763,,"180603_212456","-4.6697","-110.8426","5.7278","9.2663","19.8654","-42.0474","3.1604","1.4765","null","null","null","75.5090","2676","5.8080",530294,605446,457763,467055,605412,446334,543063,607776,491676,457705,"54.6891","null","null","null","null","null","null","null",34,"4","Curveball",0,1,1,0,1,0,1,0,"Standard","Standard"
"CU","2018-06-03","75.8","-1.1951","6.0295","Dereck Rodriguez",608384,605446,"null","called_strike",,,,,"4","null","R","L","R","SF","PHI","S","null","null",0,0,2018,"1.3295","-0.7415","-0.3883","2.3373","null","514917.00","467793.00",2,5,"Top","null","null",,,457763,,"180603_212322","-0.6591","-110.3971","0.6468","10.8937","19.1463","-38.5225","3.1604","1.4539","null","null","null","75.6300","2741","6.0560",530294,605446,457763,467055,605412,446334,543063,607776,491676,457705,"54.4410","null","null","null","null","null","null","null",34,"1","Curveball",0,1,1,0,1,0,1,0,"Standard","Standard"
"FF","2018-06-03","92.1","-1.1664","5.9027","Dereck Rodriguez",467793,605446,"walk","ball",,,,,"13","Carlos Santana walks.   Cesar Hernandez to 2nd.  ","R","L","R","SF","PHI","B","null","null",3,0,2018,"-0.4386","1.3000","-2.1379","1.4485","null","null","514917.00",2,5,"Top","null","null",,,457763,,"180603_212214","-1.5198","-134.0948","-8.3528","-5.0352","25.0871","-15.0343","3.2855","1.6360","null","null","null","92.5470","1993","6.2230",530294,605446,457763,467055,605412,446334,543063,607776,491676,457705,"54.2743","null","null","0.70",1,0,0,"null",33,"4","4-Seam Fastball",0,1,1,0,1,0,1,0,"Infield shift","Standard"
"FT","2018-06-03","90.9","-0.8741","6.0227","Dereck Rodriguez",467793,605446,"null","ball",,,,,"11","null","R","L","R","SF","PHI","B","null","null",2,0,2018,"-1.3135","1.0072","-1.1645","2.9602","null","null","514917.00",2,5,"Top","null","null",,,457763,,"180603_212148","2.0405","-132.3952","-3.9020","-15.7164","27.6704","-19.8611","3.2178","1.5457","null","null","null","90.6160","1977","6.0160",530294,605446,457763,467055,605412,446334,543063,607776,491676,457705,"54.4816","null","null","null","null","null","null","null",33,"3","2-Seam Fastball",0,1,1,0,1,0,1,0,"Infield shift","Standard"
"CH","2018-06-03","83.8","-1.0479","6.1059","Dereck Rodriguez",467793,605446,"null","ball",,,,,"13","null","R","L","R","SF","PHI","B","null","null",1,0,2018,"-1.0477","0.6030","-0.5411","1.0402","null","null","514917.00",2,5,"Top","null","null",,,457763,,"180603_212121","3.2444","-122.0639","-6.6033","-11.1398","20.2472","-25.1564","3.2855","1.6134","null","null","null","84.5460","1905","6.3700",530294,605446,457763,467055,605412,446334,543063,607776,491676,457705,"54.1272","null","null","null","null","null","null","null",33,"2","Changeup",0,1,1,0,1,0,1,0,"Infield shift","Standard"
"FF","2018-06-03","91.0","-1.0150","6.0714","Dereck Rodriguez",467793,605446,"null","ball",,,,,"11","null","R","L","R","SF","PHI","B","null","null",0,0,2018,"-0.4208","1.2694","-0.3123","3.7084","null","null","514917.00",2,5,"Top","null","null",,,457763,,"180603_212059","2.6761","-132.6328","-2.8171","-5.5330","26.3484","-16.7219","3.3532","1.5908","null","null","null","91.6100","2058","6.4070",530294,605446,457763,467055,605412,446334,543063,607776,491676,457705,"54.0905","null","null","null","null","null","null","null",33,"1","4-Seam Fastball",0,1,1,0,1,0,1,0,"Infield shift","Standard"
"CU","2018-06-03","76.4","-0.7486","6.0519","Dereck Rodriguez",546318,605446,"null","ball",,,,,"14","null","R","L","R","SF","PHI","B","null","null",1,1,2018,"1.1008","-0.4721","1.9146","2.0389","null","null","514917.00",1,5,"Top","null","null",,,457763,,"180603_211847","3.6292","-111.1710","-0.5279","8.4074","21.0896","-36.1999","3.1676","1.5407","null","null","null","76.3470","2671","6.3820",530294,605446,457763,467055,605412,446334,543063,607776,491676,457705,"54.1150","null","null","null","null","null","null","null",32,"3","Curveball",0,1,1,0,1,0,1,0,"Standard","Standard"
"CU","2018-06-03","74.1","-0.7480","6.1258","Dereck Rodriguez",546318,605446,"null","ball",,,,,"13","null","R","L","R","SF","PHI","B","null","null",0,0,2018,"0.8128","-1.2613","-0.7226","1.0180","null","null","514917.00",1,5,"Top","null","null",,,457763,,"180603_211738","-1.3343","-107.7299","-0.8894","6.4232","21.5735","-41.8238","3.0548","1.5632","null","null","null","73.0400","2593","5.8850",530294,605446,457763,467055,605412,446334,543063,607776,491676,457705,"54.6126","null","null","null","null","null","null","null",32,"1","Curveball",0,1,1,0,1,0,1,0,"Standard","Standard"
"FF","2018-06-03","92.3","-1.0398","6.1408","Dereck Rodriguez",514917,605446,"null","ball",,,,,"14","null","R","L","R","SF","PHI","B","null","null",0,0,2018,"-0.5728","1.4924","1.0544","2.0027","null","null","null",1,5,"Top","null","null",,,457763,,"180603_211602","6.5503","-134.1583","-7.9416","-8.2382","26.9858","-12.7508","3.2679","1.5507","null","null","null","92.3470","2114","6.2210",530294,605446,457763,467055,605412,446334,543063,607776,491676,457705,"54.2764","null","null","null","null","null","null","null",31,"1","4-Seam Fastball",0,1,1,0,1,0,1,0,"Standard","Standard"
"CU","2018-06-03","74.0","-0.9150","6.1005","Dereck Rodriguez",453562,605446,"null","called_strike",,,,,"7","null","R","R","R","SF","PHI","S","null","null",0,1,2018,"1.0294","-0.9622","-0.3141","1.9166","null","null","null",0,5,"Top","null","null",,,457763,,"180603_211505","-0.5414","-107.7862","0.3691","8.0063","18.9872","-39.8705","3.4160","1.6008","null","null","null","73.6150","2644","5.9750",530294,605446,457763,467055,605412,446334,543063,607776,491676,457705,"54.5228","null","null","null","null","null","null","null",30,"2","Curveball",0,1,1,0,1,0,1,0,"Standard","Standard"
"SI","2018-06-03","94.5","-2.8211","6.1428","Jake Arrieta",457705,453562,"null","ball",,,,,"9","null","R","R","R","SF","PHI","B","null","null",0,1,2018,"-1.3233","0.7576","0.4219","1.7017","null","null","605412.00",1,4,"Bot","null","null",,,595751,,"180603_210904","11.2915","-137.0556","-7.5099","-18.9429","28.0267","-21.3240","3.3181","1.5732","null","null","null","94.1900","2102","6.1220",530294,453562,595751,467793,514917,596748,664068,608384,546318,571437,"54.3755","null","null","null","null","null","null","null",29,"2","Sinker",0,1,0,1,1,0,0,1,"Infield shift","Strategic"
"SI","2018-06-03","93.1","-3.1730","6.0730","Jake Arrieta",457763,453562,"null","called_strike",,,,,"2","null","R","R","R","SF","PHI","S","null","null",1,0,2018,"-1.1959","0.7936","0.1673","3.2268","null","null","605412.00",0,4,"Bot","null","null",,,595751,,"180603_210643","11.0648","-135.2621","-3.3127","-16.6308","23.6648","-22.0304","3.4560","1.6209","null","null","null","93.1550","2166","5.9690",530294,453562,595751,467793,514917,596748,664068,608384,546318,571437,"54.5288","null","null","null","null","null","null","null",28,"2","Sinker",0,1,0,1,1,0,0,1,"Standard","Standard"
"SI","2018-06-03","93.6","-2.9789","6.0991","Jake Arrieta",457763,453562,"null","ball",,,,,"11","null","R","R","R","SF","PHI","B","null","null",0,0,2018,"-1.4060","0.9376","-0.9407","3.7114","null","null","605412.00",0,4,"Bot","null","null",,,595751,,"180603_210615","8.2667","-136.0608","-2.4345","-19.0708","30.0087","-20.3693","3.5036","1.6886","null","null","null","93.0100","2235","6.0070",530294,453562,595751,467793,514917,596748,664068,608384,546318,571437,"54.4908","null","null","null","null","null","null","null",28,"1","Sinker",0,1,0,1,1,0,0,1,"Standard","Standard"
"CH","2018-06-03","88.7","-3.3765","5.9640","Jake Arrieta",605412,453562,"null","ball",,,,,"13","null","R","L","R","SF","PHI","B","null","null",0,2,2018,"-1.2100","0.3696","-0.9896","0.2120","null","null","null",0,4,"Bot","null","null",,,595751,,"180603_210515","8.2045","-128.6703","-8.6700","-14.8202","24.4406","-26.6990","3.0747","1.3925","null","null","null","87.9330","1757","5.7900",530294,453562,595751,467793,514917,596748,664068,608384,546318,571437,"54.7075","null","null","null","null","null","null","null",27,"3","Changeup",0,1,0,1,1,0,0,1,"Strategic","Standard"
"SI","2018-06-03","93.3","-3.0455","6.1646","Jake Arrieta",605412,453562,"null","called_strike",,,,,"4","null","R","L","R","SF","PHI","S","null","null",0,0,2018,"-1.1443","0.7972","-0.5106","2.3701","null","null","null",0,4,"Bot","null","null",,,595751,,"180603_210436","9.0271","-135.6284","-5.8025","-15.9745","26.0547","-21.3278","2.9869","1.3499","null","null","null","93.7450","2078","6.3340",530294,453562,595751,467793,514917,596748,664068,608384,546318,571437,"54.1634","null","null","null","null","null","null","null",27,"1","Sinker",0,1,0,1,1,0,0,1,"Strategic","Standard"
"CU","2018-06-03","74.8","-0.6193","6.1154","Dereck Rodriguez",571437,605446,"strikeout","called_strike",,,,,"12","Aaron Altherr called out on strikes.  ","R","R","R","SF","PHI","S",2,"null",2,2,2018,"0.8488","-1.0025","0.8385","3.1606","null","null","596748.00",2,4,"Top","null","null",,,457763,,"180603_210154","1.5169","-108.8999","2.7784","6.5325","17.4147","-40.8194","3.8273","1.9444","null","null","null","75.0650","2717","6.2550",530294,605446,457763,467055,605412,446334,543063,607776,491676,457705,"54.2425","null","null","0.00",1,0,0,"null",26,"5","Curveball",0,1,1,0,1,0,1,0,"Standard","Standard"
"FF","2018-06-03","91.8","-1.0633","6.0983","Dereck Rodriguez",571437,605446,"null","ball",,,,,"1","null","R","R","R","SF","PHI","B","null","null",1,0,2018,"-0.2370","1.2673","-0.7675","3.4094","null","null","596748.00",2,4,"Top","null","null",,,457763,,"180603_210044","1.2549","-133.7144","-3.7166","-3.0899","26.7757","-16.4633","3.8173","2.0347","null","null","null","91.9310","2041","6.1520",530294,605446,457763,467055,605412,446334,543063,607776,491676,457705,"54.3450","null","null","null","null","null","null","null",26,"2","4-Seam Fastball",0,1,1,0,1,0,1,0,"Standard","Standard"
"CU","2018-06-03","75.0","-0.8471","6.1175","Dereck Rodriguez",571437,605446,"null","ball",,,,,"11","null","R","R","R","SF","PHI","B","null","null",0,0,2018,"0.9833","-0.8255","-0.1062","4.1631","null","null","596748.00",2,4,"Top","null","null",,,457763,,"180603_210025","-0.1854","-109.1222","4.5061","7.8423","18.1271","-39.6963","3.7722","1.8541","null","null","null","74.8710","2702","6.0740",530294,605446,457763,467055,605412,446334,543063,607776,491676,457705,"54.4237","null","null","null","null","null","null","null",26,"1","Curveball",0,1,1,0,1,0,1,0,"Standard","Standard"
"FC","2018-06-03","88.1","-1.2153","6.1280","Dereck Rodriguez",596748,605446,"null","ball",,,,,"14","null","R","R","R","SF","PHI","B","null","null",2,0,2018,"0.1877","1.0888","1.5015","1.3757","null","null","null",2,4,"Top","null","null",,,457763,,"180603_205922","6.1885","-128.0492","-7.7004","0.9171","23.7816","-18.9618","3.1786","1.4940","null","null","null","88.1470","2395","6.1570",530294,605446,457763,467055,605412,446334,543063,607776,491676,457705,"54.3405","null","null","null","null","null","null","null",25,"3","Cutter",0,1,1,0,1,0,1,0,"Standard","Standard"
"FF","2018-06-03","91.6","-1.0577","6.2158","Dereck Rodriguez",596748,605446,"null","ball",,,,,"11","null","R","R","R","SF","PHI","B","null","null",1,0,2018,"-0.4163","1.3124","-1.2204","2.5895","null","null","null",2,4,"Top","null","null",,,457763,,"180603_205908","0.4827","-133.3805","-6.1337","-5.0601","27.6721","-15.4798","3.2203","1.5356","null","null","null","91.6890","2143","6.2250",530294,605446,457763,467055,605412,446334,543063,607776,491676,457705,"54.2726","null","null","null","null","null","null","null",25,"2","4-Seam Fastball",0,1,1,0,1,0,1,0,"Standard","Standard"
"FF","2018-06-03","91.5","-1.1400","6.2281","Dereck Rodriguez",596748,605446,"null","ball",,,,,"11","null","R","R","R","SF","PHI","B","null","null",0,0,2018,"-0.4432","1.4158","-1.3940","2.6721","null","null","null",2,4,"Top","null","null",,,457763,,"180603_205855","0.3091","-133.2338","-6.1540","-5.3289","27.6868","-14.2921","3.2011","1.4938","null","null","null","91.5540","2210","6.2100",530294,605446,457763,467055,605412,446334,543063,607776,491676,457705,"54.2871","null","null","null","null","null","null","null",25,"1","4-Seam Fastball",0,1,1,0,1,0,1,0,"Standard","Standard"
"FF","2018-06-03","91.5","-1.1352","6.2691","Dereck Rodriguez",664068,605446,"null","ball",,,,,"11","null","R","R","R","SF","PHI","B","null","null",1,1,2018,"-0.3325","1.4680","-2.1797","3.4559","null","null","null",1,4,"Top","null","null",,,457763,,"180603_205652","-1.9193","-133.2912","-4.3793","-3.5486","26.8581","-14.1333","3.1796","1.4301","null","null","null","91.3850","2016","6.0180",530294,605446,457763,467055,605412,446334,543063,607776,491676,457705,"54.4798","null","null","null","null","null","null","null",24,"3","4-Seam Fastball",0,1,1,0,1,0,1,0,"Standard","Standard"
"FC","2018-06-03","86.5","-1.1297","6.1050","Dereck Rodriguez",664068,605446,"null","called_strike",,,,,"3","null","R","R","R","SF","PHI","S","null","null",1,0,2018,"0.3681","0.8267","0.6320","2.8492","null","null","null",1,4,"Top","null","null",,,457763,,"180603_205633","3.4409","-125.9398","-3.2595","3.2639","22.8289","-23.0644","3.2248","1.5430","null","null","null","86.3270","2183","5.9070",530294,605446,457763,467055,605412,446334,543063,607776,491676,457705,"54.5904","null","null","null","null","null","null","null",24,"2","Cutter",0,1,1,0,1,0,1,0,"Standard","Standard"
"FC","2018-06-03","86.4","-0.9998","6.1519","Dereck Rodriguez",664068,605446,"null","ball",,,,,"14","null","R","R","R","SF","PHI","B","null","null",0,0,2018,"0.5466","0.8274","1.6247","1.7286","null","null","null",1,4,"Top","null","null",,,457763,,"180603_205617","5.1234","-125.6579","-5.9878","4.8033","23.3760","-22.5603","3.1119","1.3849","null","null","null","86.2050","2189","6.0090",530294,605446,457763,467055,605412,446334,543063,607776,491676,457705,"54.4883","null","null","null","null","null","null","null",24,"1","Cutter",0,1,1,0,1,0,1,0,"Standard","Standard"
"FF","2018-06-03","90.3","-1.0606","6.2635","Dereck Rodriguez",595751,605446,"null","called_strike",,,,,"7","null","R","R","R","SF","PHI","S","null","null",0,0,2018,"-0.4904","1.6009","-0.5838","2.0601","null","null","null",0,4,"Top","null","null",,,457763,,"180603_205456","2.2150","-131.4288","-7.9665","-6.1062","23.2155","-12.2986","3.4319","1.6418","null","null","null","90.7180","2142","6.1600",530294,605446,457763,467055,605412,446334,543063,607776,491676,457705,"54.3375","null","null","null","null","null","null","null",23,"1","4-Seam Fastball",0,1,1,0,1,0,1,0,"Standard","Standard"
"SI","2018-06-03","94.5","-2.9500","6.2616","Jake Arrieta",605446,453562,"null","called_strike",,,,,"6","null","R","R","R","SF","PHI","S","null","null",0,1,2018,"-1.2279","1.1519","0.2854","2.3159","null","null","null",2,3,"Bot","null","null",,,595751,,"180603_205204","11.0255","-137.0674","-7.0718","-17.6126","27.7006","-16.5250","3.4706","1.5590","null","null","null","94.0310","2265","6.0000",530294,453562,595751,467793,514917,596748,664068,608384,546318,571437,"54.4974","null","null","null","null","null","null","null",22,"2","Sinker",0,1,0,1,1,0,0,1,"Standard","Strategic"
"SI","2018-06-03","93.2","-2.9174","6.1692","Jake Arrieta",605446,453562,"null","called_strike",,,,,"9","null","R","R","R","SF","PHI","S","null","null",0,0,2018,"-1.2766","1.0894","0.3987","1.8516","null","null","null",2,3,"Bot","null","null",,,595751,,"180603_205152","11.1914","-135.1651","-7.6882","-17.6797","24.0489","-17.6064","3.2674","1.5364","null","null","null","93.1600","2095","6.0420",530294,453562,595751,467793,514917,596748,664068,608384,546318,571437,"54.4555","null","null","null","null","null","null","null",22,"1","Sinker",0,1,0,1,1,0,0,1,"Standard","Strategic"
"SI","2018-06-03","93.6","-3.0884","6.0549","Jake Arrieta",491676,453562,"null","ball",,,,,"14","null","R","R","R","SF","PHI","B","null","null",0,0,2018,"-1.1403","1.0256","0.8528","1.5575","null","null","607776.00",0,3,"Bot","null","null",,,595751,,"180603_205100","12.5401","-135.4642","-7.9884","-16.5826","28.4455","-18.1704","3.3540","1.5967","null","null","null","92.9020","2286","6.0870",530294,453562,595751,467793,514917,596748,664068,608384,546318,571437,"54.4105","null","null","null","null","null","null","null",21,"1","Sinker",0,1,0,1,1,0,0,1,"Standard","Standard"
"SI","2018-06-03","92.9","-2.9357","6.2076","Jake Arrieta",607776,453562,"null","called_strike",,,,,"5","null","R","R","R","SF","PHI","S","null","null",0,0,2018,"-0.9928","1.1828","0.2212","2.3582","null","null","null",0,3,"Bot","null","null",,,595751,,"180603_205003","10.1415","-134.7792","-6.5733","-14.0806","27.5712","-16.7449","3.3315","1.4913","null","null","null","92.3680","2180","6.0040",530294,453562,595751,467793,514917,596748,664068,608384,546318,571437,"54.4936","null","null","null","null","null","null","null",20,"1","Sinker",0,1,0,1,1,0,0,1,"Standard","Standard"
"CH","2018-06-03","84.8","-1.0102","6.2374","Dereck Rodriguez",608384,605446,"null","ball",,,,,"7","null","R","L","R","SF","PHI","B","null","null",0,0,2018,"-1.3189","0.8287","-0.4882","1.5107","null","514917.00","467793.00",1,3,"Top","null","null",,,457763,,"180603_204501","3.8615","-123.4758","-6.4817","-14.3077","20.8099","-22.6810","3.1210","1.5500","null","null","null","85.5260","2019","6.3800",530294,605446,457763,467055,605412,446334,543063,607776,491676,457705,"54.1176","null","null","null","null","null","null","null",19,"1","Changeup",0,1,1,0,1,0,1,0,"Standard","Standard"
"FF","2018-06-03","93.1","-1.0194","6.2101","Dereck Rodriguez",467793,605446,"walk","ball",,,,,"11","Carlos Santana walks.   Cesar Hernandez to 2nd.  ","R","L","R","SF","PHI","B","null","null",3,2,2018,"-0.7864","1.4763","-1.3499","2.9002","null","null","514917.00",1,3,"Top","null","null",,,457763,,"180603_204422","0.8779","-135.6037","-6.0287","-9.9398","27.2851","-12.8295","3.2913","1.5966","null","null","null","93.6220","2152","6.3640",530294,605446,457763,467055,605412,446334,543063,607776,491676,457705,"54.1331","null","null","0.70",1,0,0,"null",18,"6","4-Seam Fastball",0,1,1,0,1,0,1,0,"Infield shift","Standard"
"FF","2018-06-03","93.0","-0.8673","6.2125","Dereck Rodriguez",467793,605446,"null","called_strike",,,,,"9","null","R","L","R","SF","PHI","S","null","null",2,0,2018,"-0.3699","1.3630","0.8286","2.0867","null","null","514917.00",1,3,"Top","null","null",,,457763,,"180603_204231","5.1462","-135.2823","-7.8012","-5.5804","27.0562","-14.0476","3.2687","1.6192","null","null","null","93.1910","2026","6.2330",530294,605446,457763,467055,605412,446334,543063,607776,491676,457705,"54.2640","null","null","null","null","null","null","null",18,"3","4-Seam Fastball",0,1,1,0,1,0,1,0,"Infield shift","Standard"
"FT","2018-06-03","91.5","-0.8819","6.2666","Dereck Rodriguez",467793,605446,"null","ball",,,,,"13","null","R","L","R","SF","PHI","B","null","null",1,0,2018,"-1.0422","0.9771","-1.4696","1.6291","null","null","514917.00",1,3,"Top","null","null",,,457763,,"180603_204204","0.7696","-133.1855","-7.9813","-12.6227","27.3511","-19.0511","3.2687","1.5289","null","null","null","91.8850","2024","6.4040",530294,605446,457763,467055,605412,446334,543063,607776,491676,457705,"54.0929","null","null","null","null","null","null","null",18,"2","2-Seam Fastball",0,1,1,0,1,0,1,0,"Infield shift","Standard"
"FF","2018-06-03","92.7","-0.8101","6.2830","Dereck Rodriguez",467793,605446,"null","ball",,,,,"12","null","R","L","R","SF","PHI","B","null","null",0,0,2018,"-0.3302","1.3377","1.1353","3.8954","null","null","514917.00",1,3,"Top","null","null",,,457763,,"180603_204141","5.6781","-134.9902","-3.2529","-5.1739","27.0832","-15.3806","3.4267","1.6869","null","null","null","92.8730","2139","6.1750",530294,605446,457763,467055,605412,446334,543063,607776,491676,457705,"54.3222","null","null","null","null","null","null","null",18,"1","4-Seam Fastball",0,1,1,0,1,0,1,0,"Infield shift","Standard"
"FC","2018-06-03","87.9","-1.1486","6.1128","Dereck Rodriguez",546318,605446,"null","ball",,,,,"11","null","R","L","R","SF","PHI","B","null","null",2,2,2018,"0.0731","0.7504","-2.1346","2.8825","null","null","514917.00",0,3,"Top","null","null",,,457763,,"180603_204031","-2.5304","-127.9943","-3.3071","1.2736","23.8669","-23.5359","3.1057","1.4787","null","null","null","87.9740","2255","6.0810",530294,605446,457763,467055,605412,446334,543063,607776,491676,457705,"54.4167","null","null","null","null","null","null","null",17,"6","Cutter",0,1,1,0,1,0,1,0,"Standard","Standard"
"CU","2018-06-03","76.5","-0.6970","6.2661","Dereck Rodriguez",546318,605446,"null","called_strike",,,,,"2","null","R","L","R","SF","PHI","S","null","null",2,1,2018,"0.7370","-1.0453","0.2758","3.0796","null","null","514917.00",0,3,"Top","null","null",,,457763,,"180603_203854","0.7349","-111.3083","2.1570","5.9236","20.1017","-41.3859","3.1182","1.4586","null","null","null","76.1300","2553","6.0380",530294,605446,457763,467055,605412,446334,543063,607776,491676,457705,"54.4595","null","null","null","null","null","null","null",17,"4","Curveball",0,1,1,0,1,0,1,0,"Standard","Standard"
"FT","2018-06-03","91.7","-0.8760","6.2609","Dereck Rodriguez",546318,605446,"null","called_strike",,,,,"8","null","R","L","R","SF","PHI","S","null","null",2,0,2018,"-1.1134","1.0898","0.0930","1.9851","null","null","514917.00",0,3,"Top","null","null",,,457763,,"180603_203824","4.8281","-133.3754","-7.2820","-14.2496","27.9564","-17.9071","3.2085","1.5715","null","null","null","91.5930","2023","6.1910",530294,605446,457763,467055,605412,446334,543063,607776,491676,457705,"54.3060","null","null","null","null","null","null","null",17,"3","2-Seam Fastball",0,1,1,0,1,0,1,0,"Standard","Standard"
"CU","2018-06-03","77.0","-0.9874","6.2293","Dereck Rodriguez",546318,605446,"null","ball",,,,,"9","null","R","L","R","SF","PHI","B","null","null",1,0,2018,"0.9335","-0.8879","0.3325","1.5929","null","null","514917.00",0,3,"Top","null","null",,,457763,,"180603_203756","1.1185","-112.0519","-1.2376","7.5628","21.0776","-39.5708","3.2185","1.6367","null","null","null","76.6280","2581","6.1090",530294,605446,457763,467055,605412,446334,543063,607776,491676,457705,"54.3881","null","null","null","null","null","null","null",17,"2","Curveball",0,1,1,0,1,0,1,0,"Standard","Standard"
"CH","2018-06-03","85.6","-0.8322","6.2466","Dereck Rodriguez",546318,605446,"null","ball",,,,,"14","null","R","L","R","SF","PHI","B","null","null",0,0,2018,"-1.2793","1.0464","1.0074","1.0191","null","null","514917.00",0,3,"Top","null","null",,,457763,,"180603_203705","6.9547","-124.3624","-8.2254","-14.7183","23.1085","-19.8547","3.2185","1.6367","null","null","null","86.0880","1955","6.5230",530294,605446,457763,467055,605412,446334,543063,607776,491676,457705,"53.9743","null","null","null","null","null","null","null",17,"1","Changeup",0,1,1,0,1,0,1,0,"Standard","Standard"
"CU","2018-06-03","76.8","-1.2186","6.2384","Dereck Rodriguez",514917,605446,"null","called_strike",,,,,"8","null","R","L","R","SF","PHI","S","null","null",0,1,2018,"0.7845","-0.9279","-0.2548","1.9914","null","null","null",0,3,"Top","null","null",,,457763,,"180603_203554","0.6423","-111.8291","-0.3908","6.3877","19.2207","-40.0199","3.2034","1.5564","null","null","null","76.4380","2637","5.8840",530294,605446,457763,467055,605412,446334,543063,607776,491676,457705,"54.6133","null","null","null","null","null","null","null",16,"2","Curveball",0,1,1,0,1,0,1,0,"Standard","Standard"
"FF","2018-06-03","91.3","-1.0593","6.3515","Dereck Rodriguez",453562,605446,"null","ball",,,,,"9","null","R","R","R","SF","PHI","B","null","null",0,0,2018,"-0.5787","1.3409","0.7496","1.6699","null","null","null",0,3,"Top","null","null",,,457763,,"180603_203433","5.8150","-132.7265","-8.8637","-8.0271","25.1332","-14.6304","3.4569","1.6768","null","null","null","91.9440","2120","6.4700",530294,605446,457763,467055,605412,446334,543063,607776,491676,457705,"54.0273","null","null","null","null","null","null","null",15,"1","4-Seam Fastball",0,0,0,0,0,0,0,0,"Standard","Standard"
"SI","2018-06-03","94.4","-3.0870","6.2955","Jake Arrieta",467055,453562,"null","called_strike",,,,,"4","null","R","L","R","SF","PHI","S","null","null",0,0,2018,"-1.3970","0.6768","-0.5777","2.1728","null","null","null",2,2,"Bot","null","null",,,595751,,"180603_203207","9.5081","-136.8855","-6.4011","-19.4759","31.5869","-22.5679","3.1799","1.5832","null","null","null","93.3870","2397","5.9860",530294,453562,595751,467793,514917,596748,664068,608384,546318,571437,"54.5110","null","null","null","null","null","null","null",14,"1","Sinker",0,0,0,0,0,0,0,0,"Strategic","Standard"
"SI","2018-06-03","93.1","-3.0803","6.3064","Jake Arrieta",446334,453562,"null","called_strike",,,,,"14","null","R","R","R","SF","PHI","S","null","null",1,0,2018,"-1.0356","0.6019","0.8396","2.2372","null","null","null",1,2,"Bot","null","null",,,595751,,"180603_203115","12.2459","-135.0988","-5.9879","-15.0446","25.7217","-23.8416","3.4761","1.6935","null","null","null","93.0980","2207","6.1580",530294,453562,595751,467793,514917,596748,664068,608384,546318,571437,"54.3391","null","null","null","null","null","null","null",13,"2","Sinker",0,0,0,0,0,0,0,0,"Standard","Standard"
"SI","2018-06-03","93.6","-2.9942","6.3402","Jake Arrieta",446334,453562,"null","ball",,,,,"12","null","R","R","R","SF","PHI","B","null","null",0,0,2018,"-1.0888","0.8681","0.8616","3.1082","null","null","null",1,2,"Bot","null","null",,,595751,,"180603_203101","12.2134","-135.7905","-4.4766","-15.8028","26.5292","-20.8094","3.5012","1.6484","null","null","null","93.2600","2265","6.0130",530294,453562,595751,467793,514917,596748,664068,608384,546318,571437,"54.4843","null","null","null","null","null","null","null",13,"1","Sinker",0,0,0,0,0,0,0,0,"Standard","Standard"
"CU","2018-06-03","80.2","-3.2056","6.2524","Jake Arrieta",543063,453562,"null","ball",,,,,"14","null","R","L","R","SF","PHI","B","null","null",1,2,2018,"0.8946","-1.4142","0.3669","0.1135","null","null","null",0,2,"Bot","null","null",,,595751,,"180603_203004","6.1599","-116.4106","-4.1199","6.6310","23.8253","-44.0788","3.1373","1.5029","null","null","null","78.8290","2708","5.6730",530294,453562,595751,467793,514917,596748,664068,608384,546318,571437,"54.8248","null","null","null","null","null","null","null",12,"5","Curveball",0,0,0,0,0,0,0,0,"Infield shift","Standard"
"SI","2018-06-03","92.2","-3.1686","6.2412","Jake Arrieta",543063,453562,"null","ball",,,,,"11","null","R","L","R","SF","PHI","B","null","null",0,2,2018,"-1.2102","0.9646","-0.5492","4.2621","null","null","null",0,2,"Bot","null","null",,,595751,,"180603_202925","9.1687","-134.0113","-1.2734","-16.3011","27.4436","-20.6407","3.1599","1.4577","null","null","null","91.6920","2253","5.9280",530294,453562,595751,467793,514917,596748,664068,608384,546318,571437,"54.5698","null","null","null","null","null","null","null",12,"3","Sinker",0,0,0,0,0,0,0,0,"Infield shift","Standard"
"SI","2018-06-03","92.6","-2.9671","6.3667","Jake Arrieta",543063,453562,"null","called_strike",,,,,"11","null","R","L","R","SF","PHI","S","null","null",0,0,2018,"-1.2782","0.9448","-0.8787","2.5295","null","null","null",0,2,"Bot","null","null",,,595751,,"180603_202844","7.9168","-134.4193","-5.9252","-16.7712","26.9360","-19.9969","3.3731","1.5480","null","null","null","91.5310","2251","5.6090",530294,453562,595751,467793,514917,596748,664068,608384,546318,571437,"54.8883","null","null","null","null","null","null","null",12,"1","Sinker",0,0,0,0,0,0,0,0,"Infield shift","Standard"
"FF","2018-06-03","92.7","-1.1518","6.3565","Dereck Rodriguez",571437,605446,"null","called_strike",,,,,"14","null","R","R","R","SF","PHI","S","null","null",0,0,2018,"-0.5401","1.5811","1.0307","2.1634","null","null","null",2,2,"Top","null","null",,,457763,,"180603_202557","6.6977","-134.6461","-8.3097","-7.8573","26.3475","-11.5912","4.0691","1.8393","null","null","null","92.4930","2094","6.0440",530294,605446,457763,467055,605412,446334,543063,607776,491676,457705,"54.4531","null","null","null","null","null","null","null",11,"1","4-Seam Fastball",0,0,0,0,0,0,0,0,"Standard","Standard"
"SI","2018-06-03","93.3","-2.9926","6.4070","Jake Arrieta",457705,453562,"null","ball",,,,,"11","null","R","R","R","SF","PHI","B","null","null",0,0,2018,"-1.3620","1.1694","-1.3292","3.7217","null","null","null",2,1,"Bot","null","null",,,595751,,"180603_202148","7.1188","-135.4778","-3.5805","-17.9942","30.6175","-17.5503","3.3071","1.5848","null","null","null","92.0820","2212","5.7530",530294,453562,595751,467793,514917,596748,664068,608384,546318,571437,"54.7445","null","null","null","null","null","null","null",8,"1","Sinker",0,0,0,0,0,0,0,0,"Infield shift","Strategic"
"SI","2018-06-03","93.5","-2.9993","6.3335","Jake Arrieta",457763,453562,"strikeout","called_strike",,,,,"3","Buster Posey called out on strikes.  ","R","R","R","SF","PHI","S",2,"null",0,2,2018,"-1.2376","0.8926","0.5431","3.0916","null","null","null",1,1,"Bot","null","null",,,595751,,"180603_202117","11.7633","-135.6722","-4.5338","-17.6547","27.9209","-20.4663","3.3999","1.6550","null","null","null","93.2020","2130","6.1340",530294,453562,595751,467793,514917,596748,664068,608384,546318,571437,"54.3631","null","null","0.00",1,0,0,"null",7,"3","Sinker",0,0,0,0,0,0,0,0,"Standard","Standard"
"SI","2018-06-03","92.6","-2.9860","6.4263","Jake Arrieta",457763,453562,"null","called_strike",,,,,"4","null","R","R","R","SF","PHI","S","null","null",0,0,2018,"-1.4493","1.0355","-0.5982","2.7362","null","null","null",1,1,"Bot","null","null",,,595751,,"180603_202046","9.0750","-134.4877","-5.7933","-19.1316","26.2948","-18.8606","3.4450","1.5647","null","null","null","91.9210","2228","5.7670",530294,453562,595751,467793,514917,596748,664068,608384,546318,571437,"54.7308","null","null","null","null","null","null","null",7,"1","Sinker",0,0,0,0,0,0,0,0,"Standard","Standard"
"SI","2018-06-03","92.3","-3.0565","6.3512","Jake Arrieta",605412,453562,"null","called_strike",,,,,"4","null","R","L","R","SF","PHI","S","null","null",0,0,2018,"-1.1978","0.9805","-0.8062","1.9020","null","null","null",0,1,"Bot","null","null",,,595751,,"180603_201931","8.2357","-134.0110","-7.5659","-15.9955","26.8507","-19.1299","2.9533","1.3163","null","null","null","91.9300","2187","6.0260",530294,453562,595751,467793,514917,596748,664068,608384,546318,571437,"54.4718","null","null","null","null","null","null","null",6,"1","Sinker",0,0,0,0,0,0,0,0,"Strategic","Standard"
"FF","2018-06-03","91.4","-0.7382","6.3945","Dereck Rodriguez",595751,605446,"null","called_strike",,,,,"4","null","R","R","R","SF","PHI","S","null","null",0,1,2018,"-0.5630","1.5469","-0.7829","2.1224","null","467793.00","608384.00",2,1,"Top","null","null",,,457763,,"180603_201635","1.0820","-132.9183","-8.1834","-6.8657","26.3152","-12.4905","3.3247","1.5797","null","null","null","91.3070","2117","6.0950",530294,605446,457763,467055,605412,446334,543063,607776,491676,457705,"54.4025","null","null","null","null","null","null","null",5,"2","4-Seam Fastball",0,0,0,0,0,0,0,0,"Standard","Standard"
"FC","2018-06-03","88.8","-1.1028","6.1872","Dereck Rodriguez",467793,605446,"null","ball",,,,,"12","null","R","L","R","SF","PHI","B","null","null",0,1,2018,"0.0783","0.5623","1.5512","2.6606","null","null","null",2,1,"Top","null","null",,,457763,,"180603_201350","6.2892","-129.2909","-3.8213","-0.1995","22.0906","-25.4346","3.3363","1.6640","null","null","null","88.8180","2158","5.8670",530294,605446,457763,467055,605412,446334,543063,607776,491676,457705,"54.6302","null","null","null","null","null","null","null",3,"2","Cutter",0,0,0,0,0,0,0,0,"Infield shift","Standard"
"FF","2018-06-03","93.4","-0.8543","6.3300","Dereck Rodriguez",546318,605446,"null","ball",,,,,"12","null","R","L","R","SF","PHI","B","null","null",0,1,2018,"-0.1753","1.6503","1.8479","2.5347","null","null","null",1,1,"Top","null","null",,,457763,,"180603_201236","7.3631","-135.7983","-7.7224","-3.6568","27.0032","-10.1848","3.2326","1.5153","null","null","null","93.9860","2255","6.4720",530294,605446,457763,467055,605412,446334,543063,607776,491676,457705,"54.0257","null","null","null","null","null","null","null",2,"2","4-Seam Fastball",0,0,0,0,0,0,0,0,"Standard","Standard"
"FF","2018-06-03","89.8","-1.2862","6.3822","Dereck Rodriguez",514917,605446,"null","called_strike",,,,,"2","null","R","L","R","SF","PHI","S","null","null",0,0,2018,"-0.4123","1.2993","-0.1127","2.9234","null","null","null",0,1,"Top","null","null",,,457763,,"180603_201124","3.7450","-130.7551","-5.3609","-5.3892","23.1569","-16.5256","3.1725","1.4577","null","null","null","89.9650","2153","5.9990",530294,605446,457763,467055,605412,446334,543063,607776,491676,457705,"54.4988","null","null","null","null","null","null","null",1,"1","4-Seam Fastball",0,0,0,0,0,0,0,0,"Standard","Standard"