"pitch_type","game_date","release_speed","release_pos_x","release_pos_z","player_name","batter","pitcher","events","description","spin_dir","spin_rate_deprecated","break_angle_deprecated","break_length_deprecated","zone","des","game_type","stand","p_throws","home_team","away_team","type","hit_location","bb_type","balls","strikes","game_year","pfx_x","pfx_z","plate_x","plate_z","on_3b","on_2b","on_1b","outs_when_up","inning","inning_topbot","hc_x","hc_y","tfs_deprecated","tfs_zulu_deprecated","pos2_person_id","umpire","sv_id","vx0","vy0","vz0","ax","ay","az","sz_top","sz_bot","hit_distance_sc","launch_speed","launch_angle","effective_speed","release_spin_rate","release_extension","game_pk","pos1_person_id","pos2_person_id","pos3_person_id","pos4_person_id","pos5_person_id","pos6_person_id","pos7_person_id","pos8_person_id","pos9_person_id","release_pos_y","estimated_ba_using_speedangle","estimated_woba_using_speedangle","woba_value","woba_denom","babip_value","iso_value","launch_speed_angle","at_bat_number","pitch_number","pitch_name","home_score","away_score","bat_score","fld_score","post_away_score","post_home_score","post_bat_score","post_fld_score","if_fielding_alignment","of_fielding_alignment"
"FF","2018-05-25","99.8","-1.7291","6.1787","Brandon Morrow",607776,453344,"null","called_strike",,,,,"9","null","R","R","R","CHC","SF","S","null","null",0,1,2018,"-1.0964","1.1426","0.4955","1.9975","null","446334.00","543063.00",2,9,"Top","null","null",,,575929,,"180525_210813","8.6337","-144.9096","-8.7734","-17.2621","30.2319","-14.4313","3.4769","1.5071","null","null","null","99.7760","2521","6.1560",530165,453344,575929,519203,595879,592178,608365,664023,546991,518792,"54.3431","null","null","null","null","null","null","null",70,"2","4-Seam Fastball",6,2,2,6,2,6,2,6,"Standard","Standard"
"FF","2018-05-25","93.2","2.3689","6.2530","Brian Duensing",543063,488846,"null","ball",,,,,"14","null","R","L","L","CHC","SF","B","null","null",2,2,2018,"0.3907","1.2356","0.0194","0.9901","null","446334.00","null",2,9,"Top","null","null",,,575929,,"180525_210202","-6.8044","-135.2312","-10.3191","6.1156","27.3335","-15.3196","3.2451","1.4685","null","null","null","92.5160","2071","5.8770",530165,488846,575929,519203,595879,592178,608365,664023,546991,518792,"54.6222","null","null","null","null","null","null","null",69,"5","4-Seam Fastball",6,2,2,6,2,6,2,6,"Standard","Standard"
"CU","2018-05-25","69.8","2.0084","6.3241","Brian Duensing",543063,488846,"null","ball",,,,,"12","null","R","L","L","CHC","SF","B","null","null",1,0,2018,"-0.7217","-1.2035","1.5304","3.0178","null","446334.00","null",2,9,"Top","null","null",,,575929,,"180525_210047","0.2307","-101.3770","3.2842","-4.8586","17.8163","-41.0592","3.2862","1.4480","null","null","null","68.5740","2461","5.5790",530165,488846,575929,519203,595879,592178,608365,664023,546991,518792,"54.9210","null","null","null","null","null","null","null",69,"2","Curveball",6,2,2,6,2,6,2,6,"Standard","Standard"
"FF","2018-05-25","91.0","2.3535","6.2728","Brian Duensing",543063,488846,"null","ball",,,,,"13","null","R","L","L","CHC","SF","B","null","null",0,0,2018,"0.2669","1.1683","-1.7866","1.7189","null","null","446334.00",2,9,"Top","null","null",,,575929,,"180525_210029","-10.8335","-131.9099","-7.9102","5.1834","25.4543","-17.3251","3.3682","1.5506","null","null","null","90.4210","2096","5.9420",530165,488846,575929,519203,595879,592178,608365,664023,546991,518792,"54.5574","null","null","null","null","null","null","null",69,"1","4-Seam Fastball",6,2,2,6,2,6,2,6,"Standard","Standard"
"SL","2018-05-25","83.9","-0.8560","6.0722","Pedro Strop",446334,467008,"null","ball",,,,,"13","null","R","R","R","CHC","SF","B","null","null",0,0,2018,"0.3207","-0.5953","-0.4049","1.3098","null","null","474832.00",2,9,"Top","null","null",,,575929,,"180525_205652","0.4215","-122.2123","-3.5010","3.0840","22.0563","-37.6360","3.5703","1.5523","null","null","null","83.3720","2483","5.6950",530165,467008,575929,519203,595879,592178,608365,664023,546991,518792,"54.8047","null","null","null","null","null","null","null",68,"1","Slider",6,1,1,6,1,6,1,6,"Standard","Standard"
"SL","2018-05-25","83.0","-1.0905","6.1346","Pedro Strop",474832,467008,"null","ball",,,,,"13","null","R","L","R","CHC","SF","B","null","null",2,1,2018,"0.1815","-0.3883","-1.0320","1.7197","null","null","null",2,9,"Top","null","null",,,575929,,"180525_205556","-0.2224","-121.0028","-2.9815","1.8428","20.6156","-35.7102","3.1735","1.3847","null","null","null","83.8000","2382","6.4320",530165,467008,575929,519203,595879,592178,608365,664023,546991,518792,"54.0674","null","null","null","null","null","null","null",67,"4","Slider",6,1,1,6,1,6,1,6,"Infield shift","Standard"
"FS","2018-05-25","90.4","-1.0322","6.0597","Pedro Strop",474832,467008,"null","ball",,,,,"14","null","R","L","R","CHC","SF","B","null","null",1,1,2018,"-1.0904","0.6641","1.0037","-0.4477","null","null","null",2,9,"Top","null","null",,,575929,,"180525_205533","7.2795","-131.1612","-11.6119","-13.8295","22.9769","-22.6899","2.7557","1.2541","null","null","null","90.1590","1325","5.9230",530165,467008,575929,519203,595879,592178,608365,664023,546991,518792,"54.5764","null","null","null","null","null","null","null",67,"3","Split Finger",6,1,1,6,1,6,1,6,"Infield shift","Standard"
"SL","2018-05-25","83.7","-1.1038","6.1019","Pedro Strop",474832,467008,"null","ball",,,,,"13","null","R","L","R","CHC","SF","B","null","null",0,1,2018,"0.2768","-0.2830","-1.8317","1.6864","null","null","null",2,9,"Top","null","null",,,575929,,"180525_205520","-2.1732","-121.8859","-3.3113","3.0606","19.6830","-34.6242","3.0877","1.3194","null","null","null","83.1210","2328","5.4690",530165,467008,575929,519203,595879,592178,608365,664023,546991,518792,"55.0306","null","null","null","null","null","null","null",67,"2","Slider",6,1,1,6,1,6,1,6,"Infield shift","Standard"
"SL","2018-05-25","84.7","-1.0970","5.9987","Pedro Strop",474832,467008,"null","called_strike",,,,,"7","null","R","L","R","CHC","SF","S","null","null",0,0,2018,"0.6045","-0.0384","-0.5853","1.4948","null","null","null",2,9,"Top","null","null",,,575929,,"180525_205505","0.0256","-123.3045","-4.1548","6.0688","20.6667","-32.0770","3.1936","1.3432","null","null","null","84.2010","2452","5.5900",530165,467008,575929,519203,595879,592178,608365,664023,546991,518792,"54.9096","null","null","null","null","null","null","null",67,"1","Slider",6,1,1,6,1,6,1,6,"Infield shift","Standard"
"FC","2018-05-25","89.6","-1.0528","5.9558","Pedro Strop",457763,467008,"null","ball",,,,,"14","null","R","R","R","CHC","SF","B","null","null",0,0,2018,"0.2339","0.4297","1.1998","2.3176","null","null","null",1,9,"Top","null","null",,,575929,,"180525_205415","5.0495","-130.5154","-3.9662","1.7751","23.0219","-26.7750","3.4047","1.4760","null","null","null","89.6980","2381","5.9340",530165,467008,575929,519203,595879,592178,608365,664023,546991,518792,"54.5654","null","null","null","null","null","null","null",66,"1","Cutter",6,1,1,6,1,6,1,6,"Standard","Standard"
"SL","2018-05-25","80.2","-2.8783","6.1729","Hunter Strickland",518792,519326,"null","called_strike",,,,,"11","null","R","L","R","CHC","SF","S","null","null",0,0,2018,"0.9850","-0.4267","-0.9430","2.9358","null","null","608365.00",1,8,"Bot","null","null",,,457763,,"180525_204920","2.4507","-116.5814","0.2644","8.1338","21.0078","-36.2132","3.4458","1.5904","null","null","null","78.3070","2670","4.9190",530165,519326,457763,474832,605509,446334,543063,607776,491676,457705,"55.5803","null","null","null","null","null","null","null",64,"1","Slider",6,1,6,1,1,6,6,1,"Standard","Standard"
"FF","2018-05-25","96.7","-2.9818","5.8573","Hunter Strickland",608365,519326,"null","ball",,,,,"14","null","R","R","R","CHC","SF","B","null","null",2,1,2018,"-0.6794","1.2981","1.0466","1.0890","null","664023.00","null",1,8,"Bot","null","null",,,457763,,"180525_204800","12.2527","-140.0148","-10.0597","-11.6028","29.8927","-13.0555","3.5626","1.7587","null","null","null","96.6360","2585","6.4050",530165,519326,457763,474832,605509,446334,543063,607776,491676,457705,"54.0943","null","null","null","null","null","null","null",63,"4","4-Seam Fastball",5,1,5,1,1,5,5,1,"Standard","Standard"
"FF","2018-05-25","96.0","-3.0647","5.8612","Hunter Strickland",608365,519326,"null","ball",,,,,"11","null","R","R","R","CHC","SF","B","null","null",1,1,2018,"-0.4956","1.2157","-1.3278","3.1091","null","null","664023.00",1,8,"Bot","null","null",,,457763,,"180525_204710","5.7025","-139.7293","-4.4571","-7.6828","29.0741","-15.5176","3.5588","1.6729","null","null","null","96.1840","2476","6.2100",530165,519326,457763,474832,605509,446334,543063,607776,491676,457705,"54.2896","null","null","null","null","null","null","null",63,"3","4-Seam Fastball",5,1,5,1,1,5,5,1,"Standard","Standard"
"FF","2018-05-25","95.9","-3.0753","5.8401","Hunter Strickland",608365,519326,"null","called_strike",,,,,"8","null","R","R","R","CHC","SF","S","null","null",1,0,2018,"-0.4725","1.1548","0.1554","2.0964","null","null","664023.00",1,8,"Bot","null","null",,,457763,,"180525_204643","9.6036","-139.3525","-6.9320","-8.1537","28.3770","-15.8092","3.5383","1.7550","null","null","null","96.2390","2475","6.3520",530165,519326,457763,474832,605509,446334,543063,607776,491676,457705,"54.1478","null","null","null","null","null","null","null",63,"2","4-Seam Fastball",5,1,5,1,1,5,5,1,"Standard","Standard"
"FF","2018-05-25","94.2","-2.8981","5.9871","Hunter Strickland",608365,519326,"null","ball",,,,,"14","null","R","R","R","CHC","SF","B","null","null",0,0,2018,"-0.6234","1.2766","1.0044","0.8723","null","null","664023.00",1,8,"Bot","null","null",,,457763,,"180525_204621","11.4273","-136.3133","-10.2475","-10.2863","30.6341","-14.2922","3.5793","1.7139","null","null","null","93.4520","2429","6.2070",530165,519326,457763,474832,605509,446334,543063,607776,491676,457705,"54.2923","null","null","null","null","null","null","null",63,"1","4-Seam Fastball",5,1,5,1,1,5,5,1,"Standard","Standard"
"FF","2018-05-25","96.0","-2.9952","5.8819","Hunter Strickland",664023,519326,"walk","ball",,,,,"13","Ian Happ walks.  ","R","L","R","CHC","SF","B","null","null",3,1,2018,"-0.6001","1.2764","-1.2495","2.1891","null","null","null",1,8,"Bot","null","null",,,457763,,"180525_204545","5.9558","-139.5952","-7.0404","-9.1241","30.4649","-14.2104","3.4452","1.6348","null","null","null","95.9180","2524","6.2130",530165,519326,457763,474832,605509,446334,543063,607776,491676,457705,"54.2863","null","null","0.70",1,0,0,"null",62,"5","4-Seam Fastball",5,1,5,1,1,5,5,1,"Strategic","Standard"
"SL","2018-05-25","83.3","-3.0835","6.0596","Hunter Strickland",664023,519326,"null","ball",,,,,"14","null","R","L","R","CHC","SF","B","null","null",2,1,2018,"0.7028","-0.4103","0.8259","0.0647","null","null","null",1,8,"Bot","null","null",,,457763,,"180525_204516","7.4964","-120.9497","-6.4981","5.5161","19.5736","-35.2752","3.5067","1.6142","null","null","null","82.1880","2854","5.2870",530165,519326,457763,474832,605509,446334,543063,607776,491676,457705,"55.2122","null","null","null","null","null","null","null",62,"4","Slider",5,1,5,1,1,5,5,1,"Standard","Standard"
"FF","2018-05-25","94.3","-2.8787","6.0695","Hunter Strickland",664023,519326,"null","called_strike",,,,,"7","null","R","L","R","CHC","SF","S","null","null",2,0,2018,"-0.3130","1.2611","-0.5121","1.9322","null","null","null",1,8,"Bot","null","null",,,457763,,"180525_204453","6.8002","-137.1178","-7.8452","-5.2454","26.2343","-14.9807","3.4050","1.5945","null","null","null","94.3210","2532","6.0430",530165,519326,457763,474832,605509,446334,543063,607776,491676,457705,"54.4563","null","null","null","null","null","null","null",62,"3","4-Seam Fastball",5,1,5,1,1,5,5,1,"Standard","Standard"
"CH","2018-05-25","88.9","-2.9463","6.3044","Hunter Strickland",664023,519326,"null","ball",,,,,"11","null","R","L","R","CHC","SF","B","null","null",1,0,2018,"-1.1561","0.8005","-0.9955","3.1216","null","null","null",1,8,"Bot","null","null",,,457763,,"180525_204431","6.9894","-129.2439","-3.3967","-13.9194","22.9625","-23.0167","3.4871","1.5945","null","null","null","87.9520","1685","5.4180",530165,519326,457763,474832,605509,446334,543063,607776,491676,457705,"55.0816","null","null","null","null","null","null","null",62,"2","Changeup",5,1,5,1,1,5,5,1,"Standard","Standard"
"CH","2018-05-25","88.6","-2.7655","6.3287","Hunter Strickland",664023,519326,"null","ball",,,,,"14","null","R","L","R","CHC","SF","B","null","null",0,0,2018,"-0.5668","1.3838","0.7071","0.7021","null","null","null",1,8,"Bot","null","null",,,457763,,"180525_204408","9.5095","-128.2882","-10.3626","-7.9771","24.1507","-15.3374","3.4871","1.6356","null","null","null","87.7590","1876","5.8350",530165,519326,457763,474832,605509,446334,543063,607776,491676,457705,"54.6640","null","null","null","null","null","null","null",62,"1","Changeup",5,1,5,1,1,5,5,1,"Standard","Standard"
"FF","2018-05-25","96.3","-2.8669","5.8674","Hunter Strickland",595879,519326,"null","ball",,,,,"14","null","R","R","R","CHC","SF","B","null","null",0,1,2018,"-0.7339","1.2415","0.9484","1.3401","null","null","null",0,8,"Bot","null","null",,,457763,,"180525_204303","11.7009","-139.6853","-9.2160","-11.8666","26.5687","-14.3041","3.4707","1.6129","null","null","null","96.3130","2663","6.1270",530165,519326,457763,474832,605509,446334,543063,607776,491676,457705,"54.3724","null","null","null","null","null","null","null",61,"2","4-Seam Fastball",5,1,5,1,1,5,5,1,"Strategic","Standard"
"FF","2018-05-25","94.4","-1.7494","6.3335","Carl Edwards Jr.",491676,605218,"null","ball",,,,,"14","null","R","R","R","CHC","SF","B","null","null",1,1,2018,"-0.0704","1.2228","1.9074","0.5170","null","null","null",2,8,"Top","null","null",,,575929,,"180525_203844","9.6666","-136.8338","-12.2104","-2.6600","24.9202","-14.5021","3.3237","1.4755","null","null","null","95.0040","2815","6.4660",530165,605218,575929,519203,595879,592178,608365,664023,546991,518792,"54.0337","null","null","null","null","null","null","null",60,"3","4-Seam Fastball",5,1,1,5,1,5,1,5,"Standard","Standard"
"CU","2018-05-25","79.2","-1.5576","6.4377","Carl Edwards Jr.",491676,605218,"null","ball",,,,,"13","null","R","R","R","CHC","SF","B","null","null",0,1,2018,"0.8770","-1.0710","-1.1040","1.6985","null","null","null",2,8,"Top","null","null",,,575929,,"180525_203827","-0.6231","-115.1840","-1.5076","7.7795","23.5624","-41.4667","3.2621","1.4755","null","null","null","78.4170","2200","5.9990",530165,605218,575929,519203,595879,592178,608365,664023,546991,518792,"54.5000","null","null","null","null","null","null","null",60,"2","Curveball",5,1,1,5,1,5,1,5,"Standard","Standard"
"FF","2018-05-25","95.0","-1.8475","6.4671","Carl Edwards Jr.",491676,605218,"null","called_strike",,,,,"3","null","R","R","R","CHC","SF","S","null","null",0,0,2018,"0.1593","1.2325","0.3473","2.8650","null","null","null",2,8,"Top","null","null",,,575929,,"180525_203804","5.4022","-138.2971","-6.5993","0.9549","28.2737","-15.0918","3.2010","1.3934","null","null","null","95.5250","2607","6.3830",530165,605218,575929,519203,595879,592178,608365,664023,546991,518792,"54.1161","null","null","null","null","null","null","null",60,"1","4-Seam Fastball",5,1,1,5,1,5,1,5,"Standard","Standard"
"FF","2018-05-25","94.2","-1.9521","6.3482","Carl Edwards Jr.",605509,605218,"null","ball",,,,,"14","null","R","R","R","CHC","SF","B","null","null",1,1,2018,"0.2761","1.2635","1.3351","1.0391","null","null","null",0,8,"Top","null","null",,,575929,,"180525_203516","7.9212","-136.8027","-10.9657","2.1375","23.9259","-14.3031","3.3426","1.5467","null","null","null","94.9550","2763","6.3790",530165,605218,575929,519203,595879,592178,608365,664023,546991,518792,"54.1208","null","null","null","null","null","null","null",58,"3","4-Seam Fastball",5,1,1,5,1,5,1,5,"Standard","Standard"
"FF","2018-05-25","94.9","-1.8866","6.4016","Carl Edwards Jr.",605509,605218,"null","called_strike",,,,,"7","null","R","R","R","CHC","SF","S","null","null",1,0,2018,"-0.2095","1.4045","-0.4522","1.8157","null","null","null",0,8,"Top","null","null",,,575929,,"180525_203456","4.2089","-138.0152","-9.5178","-3.4764","25.5153","-12.5130","3.3220","1.5056","null","null","null","95.3690","2664","6.2170",530165,605218,575929,519203,595879,592178,608365,664023,546991,518792,"54.2827","null","null","null","null","null","null","null",58,"2","4-Seam Fastball",5,1,1,5,1,5,1,5,"Standard","Standard"
"FF","2018-05-25","94.6","-1.7893","6.3990","Carl Edwards Jr.",605509,605218,"null","ball",,,,,"14","null","R","R","R","CHC","SF","B","null","null",0,0,2018,"0.2017","1.2839","1.7245","2.3460","null","null","null",0,8,"Top","null","null",,,575929,,"180525_203439","8.6958","-137.4856","-7.7708","0.8873","26.6224","-14.4942","3.2551","1.4386","null","null","null","94.8770","2593","6.2370",530165,605218,575929,519203,595879,592178,608365,664023,546991,518792,"54.2621","null","null","null","null","null","null","null",58,"1","4-Seam Fastball",5,1,1,5,1,5,1,5,"Standard","Standard"
"SL","2018-05-25","84.4","-2.4667","4.7513","Cory Gearrin",575929,518715,"null","ball",,,,,"14","null","R","R","R","CHC","SF","B","null","null",1,2,2018,"0.5920","0.0900","2.2559","1.0737","null","592178.00","519203.00",2,7,"Bot","null","null",,,457763,,"180525_203114","9.6265","-122.3242","-2.2542","3.7599","24.7680","-31.1291","3.0680","1.3138","null","null","null","82.4090","null","5.2400",530165,518715,457763,474832,605509,446334,543063,607776,491676,457705,"55.2597","null","null","null","null","null","null","null",57,"4","Slider",5,1,5,1,1,5,5,1,"Standard","Standard"
"SL","2018-05-25","84.3","-2.4936","4.7351","Cory Gearrin",575929,518715,"null","ball",,,,,"14","null","R","R","R","CHC","SF","B","null","null",0,2,2018,"0.6036","0.1881","2.1613","1.4295","null","592178.00","519203.00",2,7,"Bot","null","null",,,457763,,"180525_203048","9.4476","-122.3053","-1.6507","4.1325","22.3022","-30.3007","3.1911","1.4164","null","null","null","82.6860","2781","5.2090",530165,518715,457763,474832,605509,446334,543063,607776,491676,457705,"55.2901","null","null","null","null","null","null","null",57,"3","Slider",5,1,5,1,1,5,5,1,"Standard","Standard"
"SI","2018-05-25","92.0","-2.3430","4.7539","Cory Gearrin",575929,518715,"null","called_strike",,,,,"8","null","R","R","R","CHC","SF","S","null","null",0,1,2018,"-1.4401","0.2445","0.0005","1.7286","null","592178.00","519203.00",2,7,"Bot","null","null",,,457763,,"180525_203021","8.9644","-133.6710","-2.3890","-18.9272","25.5166","-28.9993","3.3041","1.4369","null","null","null","91.8590","2272","6.0340",530165,518715,457763,474832,605509,446334,543063,607776,491676,457705,"54.4657","null","null","null","null","null","null","null",57,"2","Sinker",5,1,5,1,1,5,5,1,"Standard","Standard"
"SL","2018-05-25","83.4","-2.4510","4.8147","Cory Gearrin",575929,518715,"null","called_strike",,,,,"14","null","R","R","R","CHC","SF","S","null","null",0,0,2018,"0.3346","0.1655","0.8613","2.0289","null","592178.00","519203.00",2,7,"Bot","null","null",,,457763,,"180525_202958","6.8399","-121.2189","-0.3198","1.9690","21.6874","-30.7864","3.2631","1.3959","null","null","null","82.0140","2680","5.2320",530165,518715,457763,474832,605509,446334,543063,607776,491676,457705,"55.2677","null","null","null","null","null","null","null",57,"1","Slider",5,1,5,1,1,5,5,1,"Standard","Standard"
"CH","2018-05-25","86.2","-2.3955","4.6456","Cory Gearrin",519203,518715,"walk","ball",,,,,"13","Anthony Rizzo walks.   Kris Bryant to 2nd.  ","R","L","R","CHC","SF","B","null","null",3,2,2018,"-1.3037","-0.1385","-2.2980","2.0122","null","null","592178.00",2,7,"Bot","null","null",,,457763,,"180525_202919","2.7790","-125.4567","0.2084","-14.0316","24.1745","-33.8853","3.2687","1.5258","null","null","null","85.4390","2015","5.6810",530165,518715,457763,474832,605509,446334,543063,607776,491676,457705,"54.8187","null","null","0.70",1,0,0,"null",56,"6","Changeup",5,1,5,1,1,5,5,1,"Infield shift","Standard"
"CH","2018-05-25","84.7","-2.2893","4.6395","Cory Gearrin",519203,518715,"null","ball",,,,,"13","null","R","L","R","CHC","SF","B","null","null",2,1,2018,"-1.3277","0.4012","-1.8109","2.2377","null","null","592178.00",2,7,"Bot","null","null",,,457763,,"180525_202818","3.8317","-123.4561","-0.0973","-14.4882","24.4199","-28.2028","3.4122","1.6078","null","null","null","85.4490","1929","6.6680",530165,518715,457763,474832,605509,446334,543063,607776,491676,457705,"53.8317","null","null","null","null","null","null","null",56,"4","Changeup",5,1,5,1,1,5,5,1,"Infield shift","Standard"
"CH","2018-05-25","84.3","-2.3666","4.7020","Cory Gearrin",519203,518715,"null","ball",,,,,"13","null","R","L","R","CHC","SF","B","null","null",0,0,2018,"-1.4178","-0.1781","-1.2452","0.7930","null","null","592178.00",2,7,"Bot","null","null",,,457763,,"180525_202617","5.2947","-122.6193","-2.3872","-15.0415","22.4269","-33.7333","3.5763","1.5873","null","null","null","83.6750","2028","5.7320",530165,518715,457763,474832,605509,446334,543063,607776,491676,457705,"54.7674","null","null","null","null","null","null","null",56,"1","Changeup",5,1,5,1,1,5,5,1,"Infield shift","Standard"
"SI","2018-05-25","92.6","-2.2212","4.9746","Cory Gearrin",592178,518715,"null","called_strike",,,,,"8","null","R","R","R","CHC","SF","S","null","null",0,0,2018,"-1.3601","0.6470","-0.1829","1.5960","600303.00","450314.00","null",2,7,"Bot","null","null",,,457763,,"180525_202432","7.9121","-134.3786","-4.0892","-17.6614","28.8229","-23.9628","3.1810","1.4147","null","null","null","90.9440","2329","5.4140",530165,518715,457763,474832,605509,446334,543063,607776,491676,457705,"55.0853","null","null","null","null","null","null","null",55,"1","Sinker",3,1,3,1,1,3,3,1,"Standard","Standard"
"SL","2018-05-25","82.3","-2.5337","4.9457","Cory Gearrin",546991,518715,"null","called_strike",,,,,"9","null","R","R","R","CHC","SF","S","null","null",0,0,2018,"0.3917","0.1360","0.6320","1.9085","600303.00","450314.00","null",1,7,"Bot","null","null",,,457763,,"180525_202246","6.3152","-119.6983","-0.6930","2.5893","19.9900","-31.0339","3.5687","1.5714","null","null","null","80.9860","2854","5.1220",530165,518715,457763,474832,605509,446334,543063,607776,491676,457705,"55.3774","null","null","null","null","null","null","null",54,"1","Slider",3,1,3,1,1,3,3,1,"Strategic","Standard"
"FF","2018-05-25","91.4","1.7237","6.7156","Will Smith",600303,519293,"walk","ball",,,,,"12","Tommy La Stella walks.  ","R","L","L","CHC","SF","B","null","null",3,0,2018,"0.6091","1.1834","0.9936","3.0034","595879.00","664023.00","null",1,7,"Bot","null","null",,,457763,,"180525_201737","-3.0880","-133.0264","-5.9494","7.7316","26.5185","-17.3917","3.3563","1.4989","null","null","null","90.7740","2068","5.7400",530165,519293,457763,474832,605509,446334,543063,607776,491676,457705,"54.7597","null","null","0.70",1,0,0,"null",52,"4","4-Seam Fastball",1,1,1,1,1,1,1,1,"Strategic","Standard"
"FF","2018-05-25","92.4","1.6009","6.8613","Will Smith",600303,519293,"null","ball",,,,,"11","null","R","L","L","CHC","SF","B","null","null",2,0,2018,"0.2605","1.1081","-0.0414","4.5270","595879.00","664023.00","null",1,7,"Bot","null","null",,,457763,,"180525_201713","-4.7058","-134.5018","-2.5462","4.0504","26.1414","-18.5551","3.2743","1.4578","null","null","null","92.1610","1968","5.8950",530165,519293,457763,474832,605509,446334,543063,607776,491676,457705,"54.6041","null","null","null","null","null","null","null",52,"3","4-Seam Fastball",1,1,1,1,1,1,1,1,"Strategic","Standard"
"CU","2018-05-25","77.4","1.9114","6.7608","Will Smith",600303,519293,"null","ball",,,,,"13","null","R","L","L","CHC","SF","B","null","null",1,0,2018,"-0.6394","-0.2090","-0.9400","1.4715","595879.00","664023.00","null",1,7,"Bot","null","null",,,457763,,"180525_201648","-4.8620","-112.4877","-3.9306","-4.4082","19.2507","-33.4724","3.1734","1.4187","null","null","null","75.9940","2121","5.2110",530165,519293,457763,474832,605509,446334,543063,607776,491676,457705,"55.2886","null","null","null","null","null","null","null",52,"2","Curveball",1,1,1,1,1,1,1,1,"Strategic","Standard"
"CU","2018-05-25","76.8","1.9552","6.7296","Will Smith",600303,519293,"null","ball",,,,,"8","null","R","L","L","CHC","SF","B","null","null",0,0,2018,"-0.3229","-0.4827","-0.1868","1.7089","595879.00","664023.00","null",1,7,"Bot","null","null",,,457763,,"180525_201624","-3.9031","-111.7265","-2.8077","-1.9825","18.5127","-35.8834","3.2554","1.4597","null","null","null","75.7670","1746","5.3710",530165,519293,457763,474832,605509,446334,543063,607776,491676,457705,"55.1282","null","null","null","null","null","null","null",52,"1","Curveball",1,1,1,1,1,1,1,1,"Strategic","Standard"
"FF","2018-05-25","89.6","1.9003","6.5058","Will Smith",608365,519293,"null","called_strike",,,,,"3","null","R","R","L","CHC","SF","S","null","null",2,0,2018,"0.4630","1.1950","0.7783","2.7355","null","595879.00","664023.00",0,7,"Bot","null","null",,,457763,,"180525_201432","-3.6880","-130.2889","-5.7650","5.9126","25.1893","-17.8650","3.0379","1.1724","null","null","null","89.0040","1991","5.7810",530165,519293,457763,474832,605509,446334,543063,607776,491676,457705,"54.7186","null","null","null","null","null","null","null",51,"3","4-Seam Fastball",1,1,1,1,1,1,1,1,"Strategic","Standard"
"FF","2018-05-25","90.3","1.8684","6.5136","Will Smith",608365,519293,"null","ball",,,,,"14","null","R","R","L","CHC","SF","B","null","null",1,0,2018,"0.4625","1.3729","0.8183","1.2322","null","595879.00","664023.00",0,7,"Bot","null","null",,,457763,,"180525_201404","-3.5427","-131.0893","-9.9630","5.9757","26.4150","-14.7752","3.3661","1.5624","null","null","null","89.5790","2063","5.8720",530165,519293,457763,474832,605509,446334,543063,607776,491676,457705,"54.6275","null","null","null","null","null","null","null",51,"2","4-Seam Fastball",1,1,1,1,1,1,1,1,"Strategic","Standard"
"FF","2018-05-25","90.3","1.9705","6.5279","Will Smith",608365,519293,"null","ball",,,,,"14","null","R","R","L","CHC","SF","B","null","null",0,0,2018,"0.5585","1.1915","0.7033","0.8321","null","595879.00","664023.00",0,7,"Bot","null","null",,,457763,,"180525_201334","-4.2941","-131.0785","-10.6592","7.2437","25.9100","-16.6413","3.0638","1.2393","null","null","null","89.8810","1940","6.0230",530165,519293,457763,474832,605509,446334,543063,607776,491676,457705,"54.4768","null","null","null","null","null","null","null",51,"1","4-Seam Fastball",1,1,1,1,1,1,1,1,"Strategic","Standard"
"SI","2018-05-25","90.3","1.6255","6.0892","Derek Holland",664023,502706,"walk","ball",,,,,"11","Ian Happ walks.  ","R","R","L","CHC","SF","B","null","null",3,2,2018,"1.2257","0.6264","-0.3427","3.6898","null","595879.00","null",0,7,"Bot","null","null",,,457763,,"180525_200957","-7.3942","-131.3514","-1.3690","15.4697","25.3719","-24.9514","3.4087","1.4545","null","null","null","89.9050","2295","5.8710",530165,502706,457763,474832,605509,446334,543063,607776,491676,457705,"54.6288","null","null","0.70",1,0,0,"null",50,"6","Sinker",1,1,1,1,1,1,1,1,"Standard","Standard"
"SL","2018-05-25","81.7","1.9408","6.1037","Derek Holland",664023,502706,"null","ball",,,,,"11","null","R","R","L","CHC","SF","B","null","null",2,2,2018,"0.0549","0.8622","-1.9255","2.5481","null","null","595879.00",0,7,"Bot","null","null",,,457763,,"180525_200913","-8.6976","-118.5212","-2.9368","2.2903","24.3428","-23.9137","3.3304","1.4378","null","null","null","80.4500","2114","5.7720",530165,502706,457763,474832,605509,446334,543063,607776,491676,457705,"54.7273","null","null","null","null","null","null","null",50,"5","Slider",1,1,1,1,1,1,1,1,"Standard","Standard"
"SL","2018-05-25","81.1","1.8383","6.0027","Derek Holland",664023,502706,"null","ball",,,,,"13","null","R","R","L","CHC","SF","B","null","null",1,2,2018,"-0.1213","0.5535","-1.5546","1.6137","null","null","595879.00",0,7,"Bot","null","null",,,457763,,"180525_200812","-7.2505","-117.7156","-4.0918","0.3651","23.7071","-26.6190","3.3304","1.3967","null","null","null","79.7560","2135","5.6380",530165,502706,457763,474832,605509,446334,543063,607776,491676,457705,"54.8613","null","null","null","null","null","null","null",50,"4","Slider",1,1,1,1,1,1,1,1,"Standard","Standard"
"SI","2018-05-25","90.7","1.5293","6.1811","Derek Holland",664023,502706,"null","ball",,,,,"11","null","R","R","L","CHC","SF","B","null","null",0,1,2018,"1.0699","0.9740","-0.4743","3.7375","null","null","595879.00",0,7,"Bot","null","null",,,457763,,"180525_200719","-7.1823","-131.9646","-2.2684","13.7333","25.0145","-20.6965","3.3304","1.4994","null","null","null","90.3300","2314","5.8270",530165,502706,457763,474832,605509,446334,543063,607776,491676,457705,"54.6725","null","null","null","null","null","null","null",50,"2","Sinker",1,1,1,1,1,1,1,1,"Standard","Standard"
"KC","2018-05-25","77.9","1.5165","6.1920","Derek Holland",664023,502706,"null","called_strike",,,,,"3","null","R","R","L","CHC","SF","S","null","null",0,0,2018,"-0.0604","0.0291","0.2949","3.2790","null","null","595879.00",0,7,"Bot","null","null",,,457763,,"180525_200655","-2.4638","-113.2931","0.5781","-0.0428","20.9745","-32.3186","3.3715","1.4994","null","null","null","76.2900","2037","5.1850",530165,502706,457763,474832,605509,446334,543063,607776,491676,457705,"55.3149","null","null","null","null","null","null","null",50,"1","Knuckle Curve",1,1,1,1,1,1,1,1,"Standard","Standard"
"SI","2018-05-25","91.7","1.7624","6.1521","Derek Holland",595879,502706,"null","ball",,,,,"11","null","R","R","L","CHC","SF","B","null","null",1,1,2018,"0.8989","1.1750","-1.6081","2.6482","null","null","null",0,7,"Bot","null","null",,,457763,,"180525_200433","-10.3200","-132.9936","-5.4402","12.6197","26.5444","-17.5059","3.4879","1.5891","null","null","null","91.0390","2378","5.9180",530165,502706,457763,474832,605509,446334,543063,607776,491676,457705,"54.5814","null","null","null","null","null","null","null",49,"3","Sinker",1,1,1,1,1,1,1,1,"Strategic","Standard"
"SL","2018-05-25","81.1","1.7636","6.0986","Derek Holland",595879,502706,"null","ball",,,,,"13","null","R","R","L","CHC","SF","B","null","null",0,1,2018,"-0.0821","0.9883","-2.4760","0.9667","null","null","null",0,7,"Bot","null","null",,,457763,,"180525_200409","-9.1781","-117.4581","-6.4363","1.2713","25.6685","-22.2099","3.4590","1.5191","null","null","null","79.3740","2142","5.7050",530165,502706,457763,474832,605509,446334,543063,607776,491676,457705,"54.7948","null","null","null","null","null","null","null",49,"2","Slider",1,1,1,1,1,1,1,1,"Strategic","Standard"
"SI","2018-05-25","89.3","1.7532","6.2888","Derek Holland",595879,502706,"null","called_strike",,,,,"4","null","R","R","L","CHC","SF","S","null","null",0,0,2018,"1.1447","1.3271","-0.6043","2.8589","null","null","null",0,7,"Bot","null","null",,,457763,,"180525_200350","-8.0923","-129.6225","-5.0981","14.3960","27.0525","-16.6152","3.5510","1.6212","null","null","null","88.4730","2350","5.9080",530165,502706,457763,474832,605509,446334,543063,607776,491676,457705,"54.5914","null","null","null","null","null","null","null",49,"1","Sinker",1,1,1,1,1,1,1,1,"Strategic","Standard"
"CH","2018-05-25","77.9","-2.3350","6.3123","Kyle Hendricks",607776,543294,"null","ball",,,,,"14","null","R","R","R","CHC","SF","B","null","null",0,2,2018,"-0.7626","1.3770","1.0054","0.7035","null","null","543063.00",2,7,"Top","null","null",,,575929,,"180525_200031","8.4259","-112.9008","-7.5056","-7.8662","19.3639","-19.5227","3.5444","1.5852","null","null","null","77.0620","2050","5.7840",530165,543294,575929,519203,595879,592178,608365,664023,546991,450314,"54.7159","null","null","null","null","null","null","null",48,"3","Changeup",1,1,1,1,1,1,1,1,"Standard","Standard"
"SI","2018-05-25","87.4","-2.1330","6.3313","Kyle Hendricks",607776,543294,"null","called_strike",,,,,"6","null","R","R","R","CHC","SF","S","null","null",0,1,2018,"-1.0440","1.0482","0.5945","2.2703","null","null","543063.00",2,7,"Top","null","null",,,575929,,"180525_200010","8.5118","-126.9066","-5.6655","-12.6295","23.8223","-20.2689","3.5653","1.6774","null","null","null","86.3240","1907","5.5370",530165,543294,575929,519203,595879,592178,608365,664023,546991,450314,"54.9628","null","null","null","null","null","null","null",48,"2","Sinker",1,1,1,1,1,1,1,1,"Standard","Standard"
"SI","2018-05-25","87.5","-2.3058","6.2685","Kyle Hendricks",607776,543294,"null","called_strike",,,,,"9","null","R","R","R","CHC","SF","S","null","null",0,0,2018,"-1.0733","1.0771","0.5977","1.8737","null","null","543063.00",2,7,"Top","null","null",,,575929,,"180525_195953","9.0347","-127.0334","-6.5810","-13.0906","22.9799","-19.7060","3.6474","1.6979","null","null","null","86.7800","1896","5.6980",530165,543294,575929,519203,595879,592178,608365,664023,546991,450314,"54.8010","null","null","null","null","null","null","null",48,"1","Sinker",1,1,1,1,1,1,1,1,"Standard","Standard"
"CH","2018-05-25","79.3","-2.2473","6.3708","Kyle Hendricks",543063,543294,"walk","ball",,,,,"13","Brandon Crawford walks.  ","R","L","R","CHC","SF","B","null","null",3,1,2018,"-0.6679","1.4312","-0.0539","1.1645","null","null","null",2,7,"Top","null","null",,,575929,,"180525_195917","5.9398","-115.1864","-7.1537","-6.8801","20.0191","-18.6295","3.3973","1.4771","null","null","null","78.5850","2063","5.7430",530165,543294,575929,519203,595879,592178,608365,664023,546991,450314,"54.7566","null","null","0.70",1,0,0,"null",47,"5","Changeup",1,1,1,1,1,1,1,1,"Standard","Standard"
"FF","2018-05-25","88.5","-2.3812","6.2608","Kyle Hendricks",543063,543294,"null","ball",,,,,"12","null","R","L","R","CHC","SF","B","null","null",2,1,2018,"-0.4196","1.3327","1.1137","3.8942","null","null","null",2,7,"Top","null","null",,,575929,,"180525_195901","9.2386","-128.4964","-2.3909","-6.3340","24.7207","-17.4764","3.3517","1.4930","null","null","null","87.5080","2073","5.6270",530165,543294,575929,519203,595879,592178,608365,664023,546991,450314,"54.8728","null","null","null","null","null","null","null",47,"4","4-Seam Fastball",1,1,1,1,1,1,1,1,"Standard","Standard"
"CH","2018-05-25","79.0","-2.3133","6.3829","Kyle Hendricks",543063,543294,"null","ball",,,,,"14","null","R","L","R","CHC","SF","B","null","null",1,0,2018,"-0.5959","1.3445","0.2649","1.4131","null","null","null",2,7,"Top","null","null",,,575929,,"180525_195829","6.6365","-114.7336","-6.4680","-6.3042","18.7255","-19.5489","3.3973","1.6002","null","null","null","78.6350","2097","5.8790",530165,543294,575929,519203,595879,592178,608365,664023,546991,450314,"54.6208","null","null","null","null","null","null","null",47,"2","Changeup",1,1,1,1,1,1,1,1,"Standard","Standard"
"CU","2018-05-25","71.6","-2.4203","6.3358","Kyle Hendricks",543063,543294,"null","ball",,,,,"14","null","R","L","R","CHC","SF","B","null","null",0,0,2018,"1.0606","-0.8481","0.7401","0.7720","null","null","null",2,7,"Top","null","null",,,575929,,"180525_195813","4.4267","-104.0076","-2.0474","6.6699","17.5263","-38.0301","3.3560","1.4768","null","null","null","70.1800","2939","5.2800",530165,543294,575929,519203,595879,592178,608365,664023,546991,450314,"55.2193","null","null","null","null","null","null","null",47,"1","Curveball",1,1,1,1,1,1,1,1,"Strategic","Standard"
"CH","2018-05-25","79.4","-2.2157","6.3233","Kyle Hendricks",446334,543294,"null","ball",,,,,"14","null","R","R","R","CHC","SF","B","null","null",1,2,2018,"-0.3466","1.2595","1.9977","0.3619","null","null","null",1,7,"Top","null","null",,,575929,,"180525_195715","9.7728","-115.0121","-8.5431","-4.6795","18.9523","-19.8178","3.5818","1.6049","null","null","null","79.0590","2193","6.0560",530165,543294,575929,519203,595879,592178,608365,664023,546991,450314,"54.4440","null","null","null","null","null","null","null",46,"4","Changeup",1,1,1,1,1,1,1,1,"Standard","Standard"
"SI","2018-05-25","87.7","-2.3659","6.2727","Kyle Hendricks",446334,543294,"null","called_strike",,,,,"9","null","R","R","R","CHC","SF","S","null","null",1,1,2018,"-1.1315","0.8238","0.7529","1.9173","null","null","null",1,7,"Top","null","null",,,575929,,"180525_195702","9.6698","-127.3208","-6.0510","-13.8004","21.5486","-22.5006","3.6029","1.6674","null","null","null","87.1080","1876","5.6540",530165,543294,575929,519203,595879,592178,608365,664023,546991,450314,"54.8453","null","null","null","null","null","null","null",46,"3","Sinker",1,1,1,1,1,1,1,1,"Standard","Standard"
"SI","2018-05-25","87.5","-2.5072","6.3103","Kyle Hendricks",446334,543294,"null","ball",,,,,"11","null","R","R","R","CHC","SF","B","null","null",0,0,2018,"-0.9341","0.7812","-1.1229","3.7119","null","null","null",1,7,"Top","null","null",,,575929,,"180525_195620","5.1365","-127.3950","-1.8163","-10.8794","19.9522","-23.6574","3.6238","1.6058","null","null","null","87.2710","1907","5.5910",530165,543294,575929,519203,595879,592178,608365,664023,546991,450314,"54.9087","null","null","null","null","null","null","null",46,"1","Sinker",1,1,1,1,1,1,1,1,"Standard","Standard"
"SI","2018-05-25","88.1","-2.2194","6.3357","Kyle Hendricks",474832,543294,"null","ball",,,,,"12","null","R","L","R","CHC","SF","B","null","null",1,2,2018,"-1.1016","0.8854","0.5653","3.5261","null","null","null",0,7,"Top","null","null",,,575929,,"180525_195457","8.8409","-127.9422","-2.5227","-13.4835","23.1887","-22.3902","3.1655","1.3972","null","null","null","87.2280","1926","5.5790",530165,543294,575929,519203,595879,592178,608365,664023,546991,450314,"54.9208","null","null","null","null","null","null","null",45,"4","Sinker",1,1,1,1,1,1,1,1,"Infield shift","Standard"
"CU","2018-05-25","71.1","-2.4347","6.3649","Kyle Hendricks",474832,543294,"null","ball",,,,,"13","null","R","L","R","CHC","SF","B","null","null",0,2,2018,"1.0851","-1.1465","-0.3617","-0.6461","null","null","null",0,7,"Top","null","null",,,575929,,"180525_195434","2.2735","-103.2005","-4.1590","6.9158","18.7519","-39.4777","3.0621","1.3143","null","null","null","68.9300","2908","4.9010",530165,543294,575929,519203,595879,592178,608365,664023,546991,450314,"55.5983","null","null","null","null","null","null","null",45,"3","Curveball",1,1,1,1,1,1,1,1,"Infield shift","Standard"
"KC","2018-05-25","78.2","1.8777","6.3135","Derek Holland",575929,502706,"null","ball",,,,,"14","null","R","R","L","CHC","SF","B","null","null",2,2,2018,"-0.0034","0.0784","1.4541","0.8933","null","null","null",2,6,"Bot","null","null",,,457763,,"180525_195028","-0.8940","-113.7068","-4.8270","0.1492","22.6204","-30.8316","3.1539","1.3176","null","null","null","76.8820","2038","5.5770",530165,502706,457763,474832,605509,446334,543063,607776,491676,457705,"54.9222","null","null","null","null","null","null","null",44,"6","Knuckle Curve",1,1,1,1,1,1,1,1,"Standard","Standard"
"SI","2018-05-25","91.6","1.5809","6.1995","Derek Holland",575929,502706,"null","ball",,,,,"11","null","R","R","L","CHC","SF","B","null","null",1,2,2018,"1.4263","0.6920","-1.4401","2.7349","null","null","null",2,6,"Bot","null","null",,,457763,,"180525_194939","-10.5846","-132.8708","-4.3273","18.9124","26.5644","-23.3751","3.1911","1.3549","null","null","null","91.1580","2204","6.0470",530165,502706,457763,474832,605509,446334,543063,607776,491676,457705,"54.4525","null","null","null","null","null","null","null",44,"4","Sinker",1,1,1,1,1,1,1,1,"Standard","Standard"
"SL","2018-05-25","82.2","1.8990","6.0956","Derek Holland",575929,502706,"null","ball",,,,,"13","null","R","R","L","CHC","SF","B","null","null",0,2,2018,"0.1171","0.3252","-1.4694","0.6979","null","null","null",2,6,"Bot","null","null",,,457763,,"180525_194906","-7.7426","-119.1619","-6.0661","2.8290","26.9584","-28.0988","3.1501","1.3754","null","null","null","80.4880","2186","5.7330",530165,502706,457763,474832,605509,446334,543063,607776,491676,457705,"54.7661","null","null","null","null","null","null","null",44,"3","Slider",1,1,1,1,1,1,1,1,"Standard","Standard"
"SI","2018-05-25","91.9","1.7311","6.2020","Derek Holland",575929,502706,"null","called_strike",,,,,"1","null","R","R","L","CHC","SF","S","null","null",0,0,2018,"1.1396","1.1188","-0.3209","2.6840","null","null","null",2,6,"Bot","null","null",,,457763,,"180525_194826","-7.6047","-133.5369","-5.4497","15.1267","27.4314","-17.9536","3.2752","1.3465","null","null","null","91.6460","2324","6.1120",530165,502706,457763,474832,605509,446334,543063,607776,491676,457705,"54.3872","null","null","null","null","null","null","null",44,"1","Sinker",1,1,1,1,1,1,1,1,"Standard","Standard"
"SI","2018-05-25","90.2","1.5659","6.2049","Derek Holland",592178,502706,"null","called_strike",,,,,"2","null","R","R","L","CHC","SF","S","null","null",0,0,2018,"1.1335","1.2732","0.0723","2.8640","null","null","null",0,6,"Bot","null","null",,,457763,,"180525_194509","-5.9670","-131.1092","-4.9264","13.9816","26.5725","-17.0724","3.2719","1.5056","null","null","null","89.1290","2250","5.5950",530165,502706,457763,474832,605509,446334,543063,607776,491676,457705,"54.9050","null","null","null","null","null","null","null",42,"1","Sinker",1,1,1,1,1,1,1,1,"Infield shift","Standard"
"SI","2018-05-25","87.5","-2.1146","6.2833","Kyle Hendricks",457763,543294,"null","ball",,,,,"14","null","R","R","R","CHC","SF","B","null","null",0,0,2018,"-1.1619","0.9100","1.1522","1.5862","null","491676.00","457705.00",2,6,"Top","null","null",,,575929,,"180525_194152","10.0552","-126.8687","-6.8989","-14.2564","24.7891","-21.4374","3.4963","1.6087","null","null","null","86.3680","2008","5.6660",530165,543294,575929,519203,595879,592178,608365,664023,546991,450314,"54.8336","null","null","null","null","null","null","null",41,"1","Sinker",1,1,1,1,1,1,1,1,"Standard","Standard"
"CH","2018-05-25","78.3","-2.2912","6.3695","Kyle Hendricks",457705,543294,"walk","ball",,,,,"14","Andrew McCutchen walks.   Gorkys Hernandez to 2nd.  ","R","R","R","CHC","SF","B","null","null",3,2,2018,"-0.5407","0.9663","0.5637","1.2895","null","null","491676.00",2,6,"Top","null","null",,,575929,,"180525_194054","7.0568","-113.7341","-5.8433","-5.7766","18.2621","-23.1496","3.4134","1.5467","null","null","null","77.8510","2046","5.7930",530165,543294,575929,519203,595879,592178,608365,664023,546991,450314,"54.7062","null","null","0.70",1,0,0,"null",40,"6","Changeup",1,1,1,1,1,1,1,1,"Standard","Standard"
"SI","2018-05-25","86.9","-2.2862","6.3311","Kyle Hendricks",457705,543294,"null","called_strike",,,,,"9","null","R","R","R","CHC","SF","S","null","null",3,1,2018,"-1.1250","0.7147","0.5850","2.0926","null","null","491676.00",2,6,"Top","null","null",,,575929,,"180525_194026","8.9567","-126.2107","-5.3625","-13.3750","22.2541","-23.9580","3.3929","1.5467","null","null","null","86.0050","1924","5.5240",530165,543294,575929,519203,595879,592178,608365,664023,546991,450314,"54.9751","null","null","null","null","null","null","null",40,"5","Sinker",1,1,1,1,1,1,1,1,"Standard","Standard"
"SI","2018-05-25","85.5","-2.2480","6.3552","Kyle Hendricks",457705,543294,"null","called_strike",,,,,"5","null","R","R","R","CHC","SF","S","null","null",3,0,2018,"-1.1079","0.7774","-0.1192","2.3283","null","null","491676.00",2,6,"Top","null","null",,,575929,,"180525_193946","7.0870","-124.2771","-4.7373","-12.5358","21.6011","-23.6378","3.3519","1.5877","null","null","null","84.8450","1884","5.6300",530165,543294,575929,519203,595879,592178,608365,664023,546991,450314,"54.8694","null","null","null","null","null","null","null",40,"4","Sinker",1,1,1,1,1,1,1,1,"Standard","Standard"
"SI","2018-05-25","87.5","-2.2363","6.2710","Kyle Hendricks",457705,543294,"null","ball",,,,,"14","null","R","R","R","CHC","SF","B","null","null",2,0,2018,"-1.0739","0.6533","1.2708","1.6597","null","null","491676.00",2,6,"Top","null","null",,,575929,,"180525_193923","10.4488","-126.9208","-6.2604","-13.2491","21.6887","-24.3403","3.4750","1.6083","null","null","null","86.7970","1968","5.6530",530165,543294,575929,519203,595879,592178,608365,664023,546991,450314,"54.8465","null","null","null","null","null","null","null",40,"3","Sinker",1,1,1,1,1,1,1,1,"Standard","Standard"
"SI","2018-05-25","86.9","-2.1367","6.3314","Kyle Hendricks",457705,543294,"null","ball",,,,,"14","null","R","R","R","CHC","SF","B","null","null",1,0,2018,"-1.0688","0.7668","0.6802","1.0095","null","null","491676.00",2,6,"Top","null","null",,,575929,,"180525_193854","8.7992","-126.1113","-8.0652","-12.8847","22.4204","-22.8281","3.4134","1.6083","null","null","null","86.4570","1958","5.8770",530165,543294,575929,519203,595879,592178,608365,664023,546991,450314,"54.6229","null","null","null","null","null","null","null",40,"2","Sinker",1,1,1,1,1,1,1,1,"Standard","Standard"
"SI","2018-05-25","86.5","-2.2747","6.3709","Kyle Hendricks",457705,543294,"null","ball",,,,,"14","null","R","R","R","CHC","SF","B","null","null",0,0,2018,"-1.0049","0.8667","1.1392","1.8738","null","null","491676.00",2,6,"Top","null","null",,,575929,,"180525_193835","9.9660","-125.4026","-6.0994","-12.3315","24.9668","-22.2842","3.3967","1.5505","null","null","null","85.1960","2031","5.6180",530165,543294,575929,519203,595879,592178,608365,664023,546991,450314,"54.8819","null","null","null","null","null","null","null",40,"1","Sinker",1,1,1,1,1,1,1,1,"Standard","Standard"
"SI","2018-05-25","86.3","-2.2289","6.3832","Kyle Hendricks",491676,543294,"null","called_strike",,,,,"6","null","R","R","R","CHC","SF","S","null","null",0,0,2018,"-1.1106","0.9646","0.4874","2.5975","null","null","null",2,6,"Top","null","null",,,575929,,"180525_193711","8.5260","-125.3760","-4.6749","-13.0260","22.2759","-21.5680","3.2340","1.4059","null","null","null","85.5100","1965","5.6000",530165,543294,575929,519203,595879,592178,608365,664023,546991,450314,"54.8998","null","null","null","null","null","null","null",39,"1","Sinker",1,1,1,1,1,1,1,1,"Standard","Standard"
"CH","2018-05-25","78.0","-2.3297","6.3970","Kyle Hendricks",502706,543294,"null","ball",,,,,"13","null","R","L","R","CHC","SF","B","null","null",0,2,2018,"-1.0825","0.9640","-1.7687","0.9413","null","null","null",1,6,"Top","null","null",,,575929,,"180525_193620","3.0981","-113.4081","-6.5762","-9.6973","17.5768","-23.1589","3.5019","1.6286","null","null","null","77.5160","2040","5.6520",530165,543294,575929,519203,595879,592178,608365,664023,546991,450314,"54.8474","null","null","null","null","null","null","null",38,"3","Changeup",1,1,1,1,1,1,1,1,"Standard","Standard"
"FF","2018-05-25","86.1","-2.4691","6.2810","Kyle Hendricks",502706,543294,"null","called_strike",,,,,"5","null","R","L","R","CHC","SF","S","null","null",0,0,2018,"-0.1680","1.6263","-0.1733","2.8709","null","null","null",1,6,"Top","null","null",,,575929,,"180525_193551","5.7075","-125.0987","-5.0286","-2.8142","23.7230","-14.6905","3.4050","1.6983","null","null","null","85.2600","2073","5.6960",530165,543294,575929,519203,595879,592178,608365,664023,546991,450314,"54.8040","null","null","null","null","null","null","null",38,"1","4-Seam Fastball",1,1,1,1,1,1,1,1,"Standard","Standard"
"SI","2018-05-25","86.1","-2.3527","6.3559","Kyle Hendricks",605509,543294,"null","ball",,,,,"12","null","R","R","R","CHC","SF","B","null","null",0,0,2018,"-0.9610","0.8956","0.5423","3.4487","null","null","null",0,6,"Top","null","null",,,575929,,"180525_193507","8.5930","-125.0465","-2.4252","-11.3780","22.2371","-22.7942","3.0709","1.2543","null","null","null","85.0210","1965","5.4340",530165,543294,575929,519203,595879,592178,608365,664023,546991,450314,"55.0658","null","null","null","null","null","null","null",37,"1","Sinker",1,1,1,1,1,1,1,1,"Standard","Standard"
"SL","2018-05-25","81.7","2.0153","6.1049","Derek Holland",546991,502706,"null","ball",,,,,"13","null","R","R","L","CHC","SF","B","null","null",2,2,2018,"0.0792","0.2996","-1.4637","1.7604","null","null","null",2,5,"Bot","null","null",,,457763,,"180525_193202","-7.7859","-118.4128","-3.5796","2.3222","24.4942","-29.0393","3.4586","1.4809","null","null","null","79.5160","2144","5.1860",530165,502706,457763,474832,605509,446334,543063,607776,491676,457705,"55.3133","null","null","null","null","null","null","null",36,"5","Slider",1,1,1,1,1,1,1,1,"Standard","Standard"
"SI","2018-05-25","91.9","1.6914","6.2260","Derek Holland",546991,502706,"null","ball",,,,,"12","null","R","R","L","CHC","SF","B","null","null",1,0,2018,"1.3490","0.8257","0.9051","3.6288","null","null","null",2,5,"Bot","null","null",,,457763,,"180525_193054","-4.7702","-133.7377","-2.4762","16.8169","27.4277","-22.2117","3.3845","1.4683","null","null","null","90.9850","2227","5.6200",530165,502706,457763,474832,605509,446334,543063,607776,491676,457705,"54.8794","null","null","null","null","null","null","null",36,"2","Sinker",1,1,1,1,1,1,1,1,"Standard","Standard"
"CH","2018-05-25","83.0","1.5491","6.1084","Derek Holland",546991,502706,"null","ball",,,,,"12","null","R","R","L","CHC","SF","B","null","null",0,0,2018,"1.1150","1.1832","1.2063","2.6232","null","null","null",2,5,"Bot","null","null",,,457763,,"180525_193037","-2.8846","-120.7611","-3.7405","11.2488","23.0333","-20.3486","3.4870","1.4888","null","null","null","82.2510","2050","5.7480",530165,502706,457763,474832,605509,446334,543063,607776,491676,457705,"54.7513","null","null","null","null","null","null","null",36,"1","Changeup",1,1,1,1,1,1,1,1,"Standard","Standard"
"CH","2018-05-25","83.3","1.4804","6.1028","Derek Holland",450314,502706,"null","called_strike",,,,,"5","null","R","R","L","CHC","SF","S","null","null",1,0,2018,"1.1276","1.2436","0.2024","2.2184","null","null","null",1,5,"Bot","null","null",,,457763,,"180525_192917","-5.0488","-121.1580","-4.8338","11.8688","22.7477","-19.4568","3.5420","1.5730","null","null","null","82.6440","2077","5.7890",530165,502706,457763,474832,605509,446334,543063,607776,491676,457705,"54.7103","null","null","null","null","null","null","null",35,"2","Changeup",1,1,1,1,1,1,1,1,"Standard","Standard"
"SI","2018-05-25","91.0","1.7172","6.2111","Derek Holland",450314,502706,"null","ball",,,,,"13","null","R","R","L","CHC","SF","B","null","null",0,0,2018,"1.1545","1.2097","-1.4423","1.5769","null","null","null",1,5,"Bot","null","null",,,457763,,"180525_192902","-10.2452","-131.9798","-8.2312","15.2790","23.7263","-16.8149","3.4666","1.5794","null","null","null","90.6440","2352","5.9120",530165,502706,457763,474832,605509,446334,543063,607776,491676,457705,"54.5877","null","null","null","null","null","null","null",35,"1","Sinker",1,1,1,1,1,1,1,1,"Strategic","Standard"
"SI","2018-05-25","90.9","1.6551","6.2314","Derek Holland",543294,502706,"null","called_strike",,,,,"5","null","R","R","L","CHC","SF","S","null","null",0,0,2018,"1.1491","1.1235","0.2202","2.2613","null","null","null",0,5,"Bot","null","null",,,457763,,"180525_192812","-5.9338","-132.0491","-6.3342","14.4256","26.6099","-18.1939","3.3263","1.4278","null","null","null","90.1110","2302","5.7800",530165,502706,457763,474832,605509,446334,543063,607776,491676,457705,"54.7192","null","null","null","null","null","null","null",34,"1","Sinker",1,1,1,1,1,1,1,1,"Standard","Standard"
"SI","2018-05-25","86.2","-2.2323","6.2991","Kyle Hendricks",607776,543294,"null","ball",,,,,"9","null","R","R","R","CHC","SF","B","null","null",1,0,2018,"-0.9085","0.6483","0.5705","1.5680","null","null","null",2,5,"Top","null","null",,,575929,,"180525_192533","8.3454","-125.1003","-6.2217","-10.9487","23.5919","-24.5420","3.6072","1.5865","null","null","null","85.3120","1923","5.7170",530165,543294,575929,519203,595879,592178,608365,664023,546991,450314,"54.7822","null","null","null","null","null","null","null",33,"2","Sinker",1,1,1,1,1,1,1,1,"Standard","Standard"
"FF","2018-05-25","87.1","-2.3211","6.2916","Kyle Hendricks",607776,543294,"null","ball",,,,,"14","null","R","R","R","CHC","SF","B","null","null",0,0,2018,"-0.0209","1.4017","1.5685","2.3671","null","null","null",2,5,"Top","null","null",,,575929,,"180525_192520","9.2131","-126.2838","-5.8754","-2.1770","26.8714","-16.6628","3.6072","1.5660","null","null","null","85.4530","2041","5.5300",530165,543294,575929,519203,595879,592178,608365,664023,546991,450314,"54.9690","null","null","null","null","null","null","null",33,"1","4-Seam Fastball",1,1,1,1,1,1,1,1,"Standard","Standard"
"SI","2018-05-25","86.2","-2.2968","6.3771","Kyle Hendricks",446334,543294,"null","called_strike",,,,,"6","null","R","R","R","CHC","SF","S","null","null",0,0,2018,"-0.8678","0.7021","0.5236","2.7525","null","null","null",0,5,"Top","null","null",,,575929,,"180525_192345","8.2644","-125.1411","-3.7272","-10.4377","23.1165","-24.5122","3.6597","1.6422","null","null","null","85.0930","1885","5.5130",530165,543294,575929,519203,595879,592178,608365,664023,546991,450314,"54.9870","null","null","null","null","null","null","null",31,"1","Sinker",1,1,1,1,1,1,1,1,"Standard","Standard"
"SI","2018-05-25","90.8","1.8283","6.1439","Derek Holland",608365,502706,"null","ball",,,,,"3","null","R","R","L","CHC","SF","B","null","null",1,1,2018,"1.4081","0.7543","0.8165","3.6925","null","null","null",2,4,"Bot","null","null",,,457763,,"180525_192027","-5.3587","-131.9962","-1.7903","17.1215","26.0345","-23.4550","3.5959","1.6279","null","null","null","89.6900","2206","5.4970",530165,502706,457763,474832,605509,446334,543063,607776,491676,457705,"55.0023","null","null","null","null","null","null","null",30,"3","Sinker",1,1,1,1,1,1,1,1,"Standard","Standard"
"CH","2018-05-25","82.9","1.5107","6.1398","Derek Holland",608365,502706,"null","called_strike",,,,,"14","null","R","R","L","CHC","SF","S","null","null",1,0,2018,"1.2450","1.1447","0.8654","2.2716","null","null","null",2,4,"Bot","null","null",,,457763,,"180525_192011","-3.7916","-120.5862","-4.5440","12.6060","21.0050","-20.6242","3.5356","1.5883","null","null","null","82.2690","2073","5.6550",530165,502706,457763,474832,605509,446334,543063,607776,491676,457705,"54.8447","null","null","null","null","null","null","null",30,"2","Changeup",1,1,1,1,1,1,1,1,"Standard","Standard"
"SI","2018-05-25","92.4","1.8343","6.1986","Derek Holland",608365,502706,"null","ball",,,,,"3","null","R","R","L","CHC","SF","B","null","null",0,0,2018,"1.2600","1.2385","0.7027","3.2585","null","null","null",2,4,"Bot","null","null",,,457763,,"180525_191956","-5.4597","-134.3853","-4.2710","16.0225","26.8220","-16.8786","3.5354","1.6087","null","null","null","91.4200","2348","5.5500",530165,502706,457763,474832,605509,446334,543063,607776,491676,457705,"54.9496","null","null","null","null","null","null","null",30,"1","Sinker",1,1,1,1,1,1,1,1,"Standard","Standard"
"KC","2018-05-25","79.2","1.7448","6.2702","Derek Holland",664023,502706,"null","called_strike",,,,,"3","null","R","R","L","CHC","SF","S","null","null",2,0,2018,"0.0135","0.1177","0.5123","3.0511","null","null","null",1,4,"Bot","null","null",,,457763,,"180525_191832","-2.6695","-115.3055","-0.5118","0.5797","19.9812","-31.3131","3.4631","1.5089","null","null","null","78.1490","2008","5.3660",530165,502706,457763,474832,605509,446334,543063,607776,491676,457705,"55.1335","null","null","null","null","null","null","null",29,"3","Knuckle Curve",1,1,1,1,1,1,1,1,"Standard","Standard"
"CH","2018-05-25","83.5","1.5306","6.2112","Derek Holland",664023,502706,"null","ball",,,,,"12","null","R","R","L","CHC","SF","B","null","null",1,0,2018,"1.3530","1.0843","1.4336","3.0208","null","null","null",1,4,"Bot","null","null",,,457763,,"180525_191818","-2.7746","-121.5605","-3.0073","13.6526","21.9721","-21.3236","3.4427","1.4885","null","null","null","82.7960","2076","5.6200",530165,502706,457763,474832,605509,446334,543063,607776,491676,457705,"54.8793","null","null","null","null","null","null","null",29,"2","Changeup",1,1,1,1,1,1,1,1,"Standard","Standard"
"SI","2018-05-25","91.9","1.8163","6.2675","Derek Holland",664023,502706,"null","ball",,,,,"14","null","R","R","L","CHC","SF","B","null","null",0,0,2018,"1.1090","1.3684","1.0389","2.4999","null","null","null",1,4,"Bot","null","null",,,457763,,"180525_191804","-4.2711","-133.6148","-6.5640","13.9448","26.5918","-14.9354","3.5201","1.5865","null","null","null","91.2630","2403","5.7810",530165,502706,457763,474832,605509,446334,543063,607776,491676,457705,"54.7188","null","null","null","null","null","null","null",29,"1","Sinker",1,1,1,1,1,1,1,1,"Strategic","Standard"
"CH","2018-05-25","79.1","-2.2996","6.3755","Kyle Hendricks",474832,543294,"null","ball",,,,,"13","null","R","L","R","CHC","SF","B","null","null",1,0,2018,"-1.0431","0.9992","-0.4341","1.0510","null","null","null",2,4,"Top","null","null",,,575929,,"180525_191429","5.8919","-114.8137","-6.5377","-10.1185","20.9003","-22.5603","3.1742","1.3649","null","null","null","78.1930","2067","5.7510",530165,543294,575929,519203,595879,592178,608365,664023,546991,450314,"54.7484","null","null","null","null","null","null","null",27,"2","Changeup",1,1,1,1,1,1,1,1,"Infield shift","Standard"
"CU","2018-05-25","71.4","-2.3740","6.3648","Kyle Hendricks",474832,543294,"null","ball",,,,,"11","null","R","L","R","CHC","SF","B","null","null",0,0,2018,"0.9191","-1.1073","-1.0099","2.3659","null","null","null",2,4,"Top","null","null",,,575929,,"180525_191414","1.1764","-103.6301","1.4900","6.0958","18.9236","-40.3511","3.1582","1.3693","null","null","null","69.5130","2801","5.1460",530165,543294,575929,519203,595879,592178,608365,664023,546991,450314,"55.3534","null","null","null","null","null","null","null",27,"1","Curveball",1,1,1,1,1,1,1,1,"Infield shift","Standard"
"CU","2018-05-25","70.0","-2.3960","6.3640","Kyle Hendricks",457763,543294,"null","ball",,,,,"11","null","R","R","R","CHC","SF","B","null","null",0,0,2018,"1.0177","-1.2100","-0.8988","2.8704","null","null","null",1,4,"Top","null","null",,,575929,,"180525_191222","1.2570","-101.5703","2.8235","6.4885","17.5557","-40.9332","3.0702","1.2849","null","null","null","68.1020","2801","5.0360",530165,543294,575929,519203,595879,592178,608365,664023,546991,450314,"55.4639","null","null","null","null","null","null","null",26,"1","Curveball",1,1,1,1,1,1,1,1,"Standard","Standard"
"CH","2018-05-25","78.8","-2.3496","6.4238","Kyle Hendricks",457705,543294,"null","ball",,,,,"13","null","R","R","R","CHC","SF","B","null","null",1,2,2018,"-0.8668","0.6782","-1.0647","1.4013","null","null","null",0,4,"Top","null","null",,,575929,,"180525_191123","4.3256","-114.6026","-5.3252","-8.2783","19.4929","-25.5891","3.4097","1.5019","null","null","null","78.3500","1980","5.8250",530165,543294,575929,519203,595879,592178,608365,664023,546991,450314,"54.6746","null","null","null","null","null","null","null",25,"5","Changeup",1,1,1,1,1,1,1,1,"Standard","Standard"
"CH","2018-05-25","78.6","-2.1306","6.4282","Kyle Hendricks",457705,543294,"null","ball",,,,,"13","null","R","R","R","CHC","SF","B","null","null",0,2,2018,"-1.0223","0.8680","-0.7055","1.0301","null","null","null",0,4,"Top","null","null",,,575929,,"180525_191107","4.8759","-114.2196","-6.3853","-9.6369","19.6180","-23.8363","3.3687","1.5840","null","null","null","77.9170","1999","5.7300",530165,543294,575929,519203,595879,592178,608365,664023,546991,450314,"54.7698","null","null","null","null","null","null","null",25,"4","Changeup",1,1,1,1,1,1,1,1,"Standard","Standard"
"SI","2018-05-25","86.8","-2.2884","6.3355","Kyle Hendricks",457705,543294,"null","called_strike",,,,,"4","null","R","R","R","CHC","SF","S","null","null",0,0,2018,"-0.9863","0.9164","-0.3291","2.5961","null","null","null",0,4,"Top","null","null",,,575929,,"180525_190958","6.5513","-126.1563","-4.5235","-11.5723","24.9016","-21.9767","3.3557","1.5505","null","null","null","85.7130","1886","5.5890",530165,543294,575929,519203,595879,592178,608365,664023,546991,450314,"54.9107","null","null","null","null","null","null","null",25,"1","Sinker",1,1,1,1,1,1,1,1,"Standard","Standard"
"SI","2018-05-25","87.7","-2.2909","6.3564","Kyle Hendricks",491676,543294,"null","called_strike",,,,,"2","null","R","R","R","CHC","SF","S","null","null",0,0,2018,"-1.0366","1.4480","0.1770","3.0610","null","null","null",0,4,"Top","null","null",,,575929,,"180525_190841","7.8753","-127.2643","-4.6407","-12.4743","24.7928","-16.2374","3.1068","1.3607","null","null","null","86.2510","1890","5.4030",530165,543294,575929,519203,595879,592178,608365,664023,546991,450314,"55.0964","null","null","null","null","null","null","null",24,"1","Sinker",1,0,0,1,0,1,0,1,"Standard","Standard"
"SI","2018-05-25","92.9","1.4744","6.1754","Derek Holland",519203,502706,"walk","ball",,,,,"11","Anthony Rizzo walks.   Kris Bryant to 2nd.  ","R","L","L","CHC","SF","B","null","null",3,1,2018,"1.1801","1.1173","-1.6215","3.0491","null","null","592178.00",2,3,"Bot","null","null",,,457763,,"180525_190516","-10.2865","-134.7215","-4.4899","16.2959","30.0336","-18.1712","3.4533","1.5669","null","null","null","91.4460","2399","5.6620",530165,502706,457763,474832,605509,446334,543063,607776,491676,457705,"54.8378","null","null","0.70",1,0,0,"null",22,"5","Sinker",1,0,1,0,0,1,1,0,"Infield shift","Standard"
"SI","2018-05-25","91.7","1.4100","6.1754","Derek Holland",519203,502706,"null","called_strike",,,,,"4","null","R","L","L","CHC","SF","S","null","null",3,0,2018,"1.2059","1.2761","-0.4442","2.4536","null","null","592178.00",2,3,"Bot","null","null",,,457763,,"180525_190452","-7.0890","-133.1504","-6.0898","15.4588","29.0477","-16.3857","3.5195","1.7357","null","null","null","90.1610","2437","5.5030",530165,502706,457763,474832,605509,446334,543063,607776,491676,457705,"54.9963","null","null","null","null","null","null","null",22,"4","Sinker",1,0,1,0,0,1,1,0,"Infield shift","Standard"
"SL","2018-05-25","81.2","1.6427","6.1714","Derek Holland",519203,502706,"null","ball",,,,,"11","null","R","L","L","CHC","SF","B","null","null",2,0,2018,"-0.1761","0.2669","-1.8076","2.5828","null","null","592178.00",2,3,"Bot","null","null",,,457763,,"180525_190430","-7.2410","-117.9048","-1.8485","-0.1982","22.5122","-29.6976","3.4617","1.5958","null","null","null","79.5200","2258","5.2530",530165,502706,457763,474832,605509,446334,543063,607776,491676,457705,"55.2466","null","null","null","null","null","null","null",22,"3","Slider",1,0,1,0,0,1,1,0,"Infield shift","Standard"
"SI","2018-05-25","91.6","1.4487","6.2832","Derek Holland",519203,502706,"null","ball",,,,,"13","null","R","L","L","CHC","SF","B","null","null",1,0,2018,"1.0792","1.2162","-1.3314","1.8319","null","null","592178.00",2,3,"Bot","null","null",,,457763,,"180525_190404","-9.1381","-132.7359","-7.7733","14.3858","27.8153","-16.7353","3.3797","1.6574","null","null","null","90.2590","2371","5.6550",530165,502706,457763,474832,605509,446334,543063,607776,491676,457705,"54.8441","null","null","null","null","null","null","null",22,"2","Sinker",1,0,1,0,0,1,1,0,"Infield shift","Standard"
"SI","2018-05-25","92.5","1.4574","6.1925","Derek Holland",519203,502706,"null","ball",,,,,"13","null","R","L","L","CHC","SF","B","null","null",0,0,2018,"1.1757","1.0696","-1.3350","2.4258","null","null","592178.00",2,3,"Bot","null","null",,,457763,,"180525_190345","-9.4671","-134.1994","-5.9702","15.8620","27.7332","-18.5295","3.4873","1.6008","null","null","null","91.3220","2357","5.6430",530165,502706,457763,474832,605509,446334,543063,607776,491676,457705,"54.8566","null","null","null","null","null","null","null",22,"1","Sinker",1,0,1,0,0,1,1,0,"Infield shift","Standard"
"SI","2018-05-25","92.0","1.7226","6.1588","Derek Holland",592178,502706,"null","ball",,,,,"13","null","R","R","L","CHC","SF","B","null","null",0,0,2018,"0.9329","1.2076","-1.1464","1.9553","null","null","null",2,3,"Bot","null","null",,,457763,,"180525_190246","-9.1778","-133.4680","-7.3195","12.9164","27.4582","-16.6168","3.2619","1.4236","null","null","null","91.3200","2256","5.9480",530165,502706,457763,474832,605509,446334,543063,607776,491676,457705,"54.5515","null","null","null","null","null","null","null",21,"1","Sinker",1,0,1,0,0,1,1,0,"Infield shift","Standard"
"SL","2018-05-25","80.2","1.7480","6.2521","Derek Holland",546991,502706,"null","called_strike",,,,,"6","null","R","R","L","CHC","SF","S","null","null",0,0,2018,"0.0563","0.0440","0.5081","2.5097","null","null","null",1,3,"Bot","null","null",,,457763,,"180525_190143","-2.7803","-116.5352","-1.5767","1.0434","23.1760","-31.7674","3.4758","1.4785","null","null","null","78.3330","1947","5.1850",530165,502706,457763,474832,605509,446334,543063,607776,491676,457705,"55.3144","null","null","null","null","null","null","null",20,"1","Slider",1,0,1,0,0,1,1,0,"Standard","Standard"
"KC","2018-05-25","79.7","1.6857","6.2240","Derek Holland",450314,502706,"null","called_strike",,,,,"9","null","R","R","L","CHC","SF","S","null","null",1,1,2018,"-0.0400","0.2515","0.6383","1.7368","null","null","null",0,3,"Bot","null","null",,,457763,,"180525_190043","-2.1907","-115.8544","-3.4225","0.1192","24.5787","-29.5720","3.4931","1.5857","null","null","null","77.9810","1980","5.4390",530165,502706,457763,474832,605509,446334,543063,607776,491676,457705,"55.0607","null","null","null","null","null","null","null",19,"3","Knuckle Curve",1,0,1,0,0,1,1,0,"Strategic","Standard"
"CH","2018-05-25","82.4","1.6556","6.1973","Derek Holland",450314,502706,"null","called_strike",,,,,"9","null","R","R","L","CHC","SF","S","null","null",1,0,2018,"0.9626","1.3778","0.2866","1.9485","null","null","null",0,3,"Bot","null","null",,,457763,,"180525_190025","-4.8340","-119.6156","-5.5478","9.9221","25.0293","-18.5407","3.4931","1.5446","null","null","null","80.7370","2070","5.4790",530165,502706,457763,474832,605509,446334,543063,607776,491676,457705,"55.0202","null","null","null","null","null","null","null",19,"2","Changeup",1,0,1,0,0,1,1,0,"Strategic","Standard"
"KC","2018-05-25","78.6","1.7251","6.3035","Derek Holland",450314,502706,"null","ball",,,,,"12","null","R","R","L","CHC","SF","B","null","null",0,0,2018,"-0.2523","-0.1044","1.0297","3.5719","null","null","null",0,3,"Bot","null","null",,,457763,,"180525_190013","-1.0300","-113.8871","1.2868","-1.8000","26.6707","-33.6952","3.5039","1.5756","null","null","null","75.3720","1985","4.8010",530165,502706,457763,474832,605509,446334,543063,607776,491676,457705,"55.6983","null","null","null","null","null","null","null",19,"1","Knuckle Curve",1,0,1,0,0,1,1,0,"Strategic","Standard"
"FF","2018-05-25","86.9","-2.4247","6.3247","Kyle Hendricks",502706,543294,"null","ball",,,,,"8","null","R","L","R","CHC","SF","B","null","null",0,0,2018,"-0.1616","1.6226","-0.2345","1.5089","null","null","null",2,3,"Top","null","null",,,575929,,"180525_185703","5.4811","-126.0610","-8.3953","-2.8394","26.8077","-13.8444","3.3992","1.5464","null","null","null","85.4320","2037","5.6180",530165,543294,575929,519203,595879,592178,608365,664023,546991,450314,"54.8812","null","null","null","null","null","null","null",18,"1","4-Seam Fastball",1,0,0,1,0,1,0,1,"Strategic","Standard"
"SI","2018-05-25","87.7","-2.0560","6.3616","Kyle Hendricks",605509,543294,"strikeout","called_strike",,,,,"6","Kelby Tomlinson called out on strikes.  ","R","R","R","CHC","SF","S",2,"null",0,2,2018,"-1.2306","0.9239","0.5234","2.0907","null","null","null",1,3,"Top","null","null",,,575929,,"180525_185635","8.6009","-127.2756","-5.9655","-14.8359","25.6899","-21.3777","3.2927","1.4557","null","null","null","86.6330","1951","5.7210",530165,543294,575929,519203,595879,592178,608365,664023,546991,450314,"54.7781","null","null","0.00",1,0,0,"null",17,"3","Sinker",1,0,0,1,0,1,0,1,"Standard","Standard"
"FF","2018-05-25","87.2","-2.3202","6.3430","Kyle Hendricks",605509,543294,"null","called_strike",,,,,"9","null","R","R","R","CHC","SF","S","null","null",0,0,2018,"-0.2149","1.2823","0.6826","1.9799","null","null","null",1,3,"Top","null","null",,,575929,,"180525_185602","7.5434","-126.7169","-6.8625","-3.6141","22.4004","-17.5685","3.2274","1.4930","null","null","null","86.5390","1985","5.6430",530165,543294,575929,519203,595879,592178,608365,664023,546991,450314,"54.8563","null","null","null","null","null","null","null",17,"1","4-Seam Fastball",1,0,0,1,0,1,0,1,"Standard","Standard"
"FF","2018-05-25","86.4","-2.3383","6.3275","Kyle Hendricks",607776,543294,"null","called_strike",,,,,"3","null","R","R","R","CHC","SF","S","null","null",0,0,2018,"-0.1277","1.2893","0.6349","3.1667","null","null","null",0,3,"Top","null","null",,,575929,,"180525_185445","7.2366","-125.5658","-3.8481","-2.6805","23.5119","-18.3016","3.5666","1.5966","null","null","null","85.5620","2014","5.6510",530165,543294,575929,519203,595879,592178,608365,664023,546991,450314,"54.8484","null","null","null","null","null","null","null",16,"1","4-Seam Fastball",1,0,0,1,0,1,0,1,"Standard","Standard"
"SL","2018-05-25","80.1","1.7886","6.2012","Derek Holland",543294,502706,"null","ball",,,,,"11","null","R","R","L","CHC","SF","B","null","null",1,2,2018,"-0.2408","0.3623","-1.9646","2.3481","null","null","608365.00",2,2,"Bot","null","null",,,457763,,"180525_185107","-7.6647","-116.1789","-2.3605","-0.6369","22.0530","-28.8566","3.2776","1.3995","null","null","null","78.2240","2101","5.1770",530165,502706,457763,474832,605509,446334,543063,607776,491676,457705,"55.3222","null","null","null","null","null","null","null",15,"4","Slider",1,0,1,0,0,1,1,0,"Standard","Standard"
"SI","2018-05-25","90.5","1.4751","6.2208","Derek Holland",543294,502706,"null","ball",,,,,"11","null","R","R","L","CHC","SF","B","null","null",0,2,2018,"1.0933","1.0725","-1.3113","4.1502","null","null","608365.00",2,2,"Bot","null","null",,,457763,,"180525_185048","-9.0576","-131.3857","-1.4454","14.1501","25.6980","-19.9845","3.3391","1.5227","null","null","null","89.3540","2212","5.5390",530165,502706,457763,474832,605509,446334,543063,607776,491676,457705,"54.9608","null","null","null","null","null","null","null",15,"3","Sinker",1,0,1,0,0,1,1,0,"Standard","Standard"
"KC","2018-05-25","77.8","1.5307","6.3473","Derek Holland",543294,502706,"null","called_strike",,,,,"1","null","R","R","L","CHC","SF","S","null","null",0,1,2018,"-0.1071","0.0131","-0.3279","2.9118","null","null","608365.00",2,2,"Bot","null","null",,,457763,,"180525_185014","-3.7008","-113.1454","-0.5492","-0.2718","18.6413","-32.2372","3.1863","1.3288","null","null","null","76.1440","2032","4.9040",530165,502706,457763,474832,605509,446334,543063,607776,491676,457705,"55.5952","null","null","null","null","null","null","null",15,"2","Knuckle Curve",1,0,1,0,0,1,1,0,"Standard","Standard"
"CH","2018-05-25","83.2","1.4592","6.1974","Derek Holland",608365,502706,"null","ball",,,,,"14","null","R","R","L","CHC","SF","B","null","null",1,0,2018,"1.0749","1.0379","1.6475","2.3918","null","null","null",2,2,"Bot","null","null",,,457763,,"180525_184901","-1.6185","-121.1142","-4.2480","10.7064","23.2755","-21.5585","3.5527","1.6465","null","null","null","82.5790","2083","5.8170",530165,502706,457763,474832,605509,446334,543063,607776,491676,457705,"54.6821","null","null","null","null","null","null","null",14,"2","Changeup",1,0,1,0,0,1,1,0,"Standard","Standard"
"SI","2018-05-25","90.9","1.6002","6.2277","Derek Holland",608365,502706,"null","ball",,,,,"12","null","R","R","L","CHC","SF","B","null","null",0,0,2018,"1.3334","0.9966","0.1863","3.6444","null","null","null",2,2,"Bot","null","null",,,457763,,"180525_184847","-6.2673","-132.1382","-2.6174","16.6413","28.0766","-20.4193","3.3681","1.6055","null","null","null","89.9710","2253","5.7700",530165,502706,457763,474832,605509,446334,543063,607776,491676,457705,"54.7299","null","null","null","null","null","null","null",14,"1","Sinker",1,0,1,0,0,1,1,0,"Standard","Standard"
"SL","2018-05-25","81.3","1.8017","6.1416","Derek Holland",664023,502706,"null","ball",,,,,"12","null","R","R","L","CHC","SF","B","null","null",0,2,2018,"-0.0174","0.6319","0.9699","3.6617","null","null","null",1,2,"Bot","null","null",,,457763,,"180525_184643","-1.7962","-118.1714","-0.0371","0.2260","25.1275","-26.8046","3.3932","1.4800","null","null","null","79.4080","2169","5.2990",530165,502706,457763,474832,605509,446334,543063,607776,491676,457705,"55.2005","null","null","null","null","null","null","null",13,"4","Slider",1,0,1,0,0,1,1,0,"Standard","Standard"
"KC","2018-05-25","78.7","1.6208","6.2794","Derek Holland",664023,502706,"null","called_strike",,,,,"8","null","R","R","L","CHC","SF","S","null","null",0,0,2018,"-0.0560","0.2006","-0.0231","1.7917","null","null","null",1,2,"Bot","null","null",,,457763,,"180525_184546","-3.3839","-114.2737","-3.0888","0.2379","23.7767","-30.1762","3.2336","1.3614","null","null","null","76.4980","2062","5.1140",530165,502706,457763,474832,605509,446334,543063,607776,491676,457705,"55.3852","null","null","null","null","null","null","null",13,"1","Knuckle Curve",1,0,1,0,0,1,1,0,"Strategic","Standard"
"CU","2018-05-25","72.4","-2.3968","6.3672","Kyle Hendricks",543063,543294,"null","ball",,,,,"13","null","R","L","R","CHC","SF","B","null","null",0,0,2018,"1.0023","-1.1632","-0.5319","0.5469","null","null","null",2,2,"Top","null","null",,,575929,,"180525_184224","2.0436","-105.2144","-2.2235","6.7255","18.5626","-40.3011","3.3894","1.5308","null","null","null","70.5440","2793","5.0000",530165,543294,575929,519203,595879,592178,608365,664023,546991,450314,"55.4998","null","null","null","null","null","null","null",11,"1","Curveball",1,0,0,1,0,1,0,1,"Strategic","Standard"
"CH","2018-05-25","78.3","-2.2057","6.3991","Kyle Hendricks",446334,543294,"null","ball",,,,,"14","null","R","R","R","CHC","SF","B","null","null",0,2,2018,"-0.4749","1.0958","1.2467","1.5688","null","null","null",1,2,"Top","null","null",,,575929,,"180525_184132","8.2263","-113.7138","-5.5298","-5.4447","18.8940","-22.0635","3.6166","1.6397","null","null","null","77.8350","2070","5.8600",530165,543294,575929,519203,595879,592178,608365,664023,546991,450314,"54.6400","null","null","null","null","null","null","null",10,"3","Changeup",1,0,0,1,0,1,0,1,"Standard","Standard"
"SI","2018-05-25","86.8","-2.2148","6.3689","Kyle Hendricks",446334,543294,"null","called_strike",,,,,"9","null","R","R","R","CHC","SF","S","null","null",0,1,2018,"-0.9540","0.8639","0.7145","1.7523","null","null","null",1,2,"Top","null","null",,,575929,,"180525_184115","8.7325","-126.0357","-6.5092","-11.4845","22.0755","-22.2435","3.6573","1.6602","null","null","null","85.7960","1829","5.4560",530165,543294,575929,519203,595879,592178,608365,664023,546991,450314,"55.0432","null","null","null","null","null","null","null",10,"2","Sinker",1,0,0,1,0,1,0,1,"Standard","Standard"
"FF","2018-05-25","87.4","-2.3683","6.3208","Kyle Hendricks",446334,543294,"null","called_strike",,,,,"14","null","R","R","R","CHC","SF","S","null","null",0,0,2018,"-0.3190","1.3681","0.8621","2.0911","null","null","null",1,2,"Top","null","null",,,575929,,"180525_184103","8.2827","-126.8837","-6.7002","-4.9035","23.4181","-16.6938","3.6778","1.6602","null","null","null","86.3830","2073","5.5510",530165,543294,575929,519203,595879,592178,608365,664023,546991,450314,"54.9486","null","null","null","null","null","null","null",10,"1","4-Seam Fastball",1,0,0,1,0,1,0,1,"Standard","Standard"
"FF","2018-05-25","86.9","-2.4243","6.3916","Kyle Hendricks",474832,543294,"null","ball",,,,,"13","null","R","L","R","CHC","SF","B","null","null",1,0,2018,"-0.4321","1.1737","-1.8366","2.0646","null","null","null",0,2,"Top","null","null",,,575929,,"180525_184012","2.2218","-126.4431","-6.4583","-4.9250","23.1554","-18.9563","3.1295","1.4022","null","null","null","85.8660","1992","5.4020",530165,543294,575929,519203,595879,592178,608365,664023,546991,450314,"55.0979","null","null","null","null","null","null","null",9,"2","4-Seam Fastball",1,0,0,1,0,1,0,1,"Standard","Standard"
"FF","2018-05-25","87.7","-2.4579","6.3223","Kyle Hendricks",474832,543294,"null","ball",,,,,"13","null","R","L","R","CHC","SF","B","null","null",0,0,2018,"-0.4354","1.2647","-1.8052","2.2071","null","null","null",0,2,"Top","null","null",,,575929,,"180525_184000","2.4070","-127.5403","-6.3090","-5.0852","23.3872","-17.7599","3.1751","1.3658","null","null","null","86.7320","2034","5.4650",530165,543294,575929,519203,595879,592178,608365,664023,546991,450314,"55.0346","null","null","null","null","null","null","null",9,"1","4-Seam Fastball",1,0,0,1,0,1,0,1,"Standard","Standard"
"KC","2018-05-25","79.0","1.5547","6.3326","Derek Holland",575929,502706,"null","ball",,,,,"13","null","R","R","L","CHC","SF","B","null","null",0,0,2018,"0.0399","0.1130","-0.7767","1.1095","null","519203.00","null",2,1,"Bot","null","null",,,457763,,"180525_183700","-5.0079","-114.4324","-4.4226","1.4976","26.7084","-30.5650","3.1312","1.3976","null","null","null","76.1100","2010","5.0620",530165,502706,457763,474832,605509,446334,543063,607776,491676,457705,"55.4371","null","null","null","null","null","null","null",8,"1","Knuckle Curve",1,0,1,0,0,1,1,0,"Standard","Standard"
"SL","2018-05-25","80.1","1.7000","6.1678","Derek Holland",519203,502706,"null","called_strike",,,,,"1","null","R","L","L","CHC","SF","S","null","null",0,0,2018,"-0.2604","0.4340","-0.7733","3.1670","450314.00","546991.00","null",1,1,"Bot","null","null",,,457763,,"180525_183539","-4.8662","-116.1963","-0.5470","-1.1630","25.5437","-28.6597","3.5399","1.6330","null","null","null","77.6440","2169","5.1140",530165,502706,457763,474832,605509,446334,543063,607776,491676,457705,"55.3858","null","null","null","null","null","null","null",7,"1","Slider",0,0,0,0,0,0,0,0,"Strategic","Standard"
"SI","2018-05-25","91.0","1.6209","6.1784","Derek Holland",592178,502706,"null","ball",,,,,"12","null","R","R","L","CHC","SF","B","null","null",2,2,2018,"1.4333","0.8336","1.5133","3.6138","null","450314.00","546991.00",0,1,"Bot","null","null",,,457763,,"180525_183419","-3.1468","-132.3353","-2.2170","16.8838","27.4394","-22.5390","3.1718","1.4156","null","null","null","89.3240","2247","5.2240",530165,502706,457763,474832,605509,446334,543063,607776,491676,457705,"55.2752","null","null","null","null","null","null","null",6,"7","Sinker",0,0,0,0,0,0,0,0,"Standard","Standard"
"CH","2018-05-25","83.3","1.6055","6.2189","Derek Holland",592178,502706,"null","ball",,,,,"14","null","R","R","L","CHC","SF","B","null","null",1,0,2018,"1.2545","0.9620","0.1954","0.7332","null","450314.00","546991.00",0,1,"Bot","null","null",,,457763,,"180525_183136","-5.5551","-120.9298","-7.8797","13.0913","22.4472","-21.7014","3.1862","1.4097","null","null","null","82.3330","2065","5.6640",530165,502706,457763,474832,605509,446334,543063,607776,491676,457705,"54.8359","null","null","null","null","null","null","null",6,"2","Changeup",0,0,0,0,0,0,0,0,"Standard","Standard"
"KC","2018-05-25","77.9","1.5663","6.3853","Derek Holland",592178,502706,"null","ball",,,,,"9","null","R","R","L","CHC","SF","B","null","null",0,0,2018,"0.0601","0.2207","0.4663","1.7034","null","450314.00","546991.00",0,1,"Bot","null","null",,,457763,,"180525_183111","-2.4118","-113.2223","-3.4457","0.9482","21.2715","-29.9947","3.1657","1.5329","null","null","null","76.1330","1952","5.1390",530165,502706,457763,474832,605509,446334,543063,607776,491676,457705,"55.3608","null","null","null","null","null","null","null",6,"1","Knuckle Curve",0,0,0,0,0,0,0,0,"Standard","Standard"
"SI","2018-05-25","90.8","1.6611","6.3253","Derek Holland",450314,502706,"null","ball",,,,,"12","null","R","R","L","CHC","SF","B","null","null",0,0,2018,"1.1148","1.2880","1.0354","3.9708","null","null","null",0,1,"Bot","null","null",,,457763,,"180525_182831","-3.8425","-132.0336","-2.6233","13.5511","28.3566","-17.1590","3.5000","1.5306","null","null","null","89.7000","2312","5.6710",530165,502706,457763,474832,605509,446334,543063,607776,491676,457705,"54.8282","null","null","null","null","null","null","null",4,"1","Sinker",0,0,0,0,0,0,0,0,"Strategic","Standard"
"CH","2018-05-25","78.7","-2.1940","6.3419","Kyle Hendricks",457763,543294,"null","ball",,,,,"14","null","R","R","R","CHC","SF","B","null","null",1,2,2018,"-0.3684","1.3873","1.0294","-0.7459","null","null","null",2,1,"Top","null","null",,,575929,,"180525_182523","7.5335","-113.9838","-10.8813","-4.4110","18.9514","-18.6965","3.0904","1.3873","null","null","null","77.7680","2120","5.6760",530165,543294,575929,519203,595879,592178,608365,664023,546991,450314,"54.8232","null","null","null","null","null","null","null",3,"5","Changeup",0,0,0,0,0,0,0,0,"Standard","Standard"
"SI","2018-05-25","86.9","-2.1710","6.2982","Kyle Hendricks",457763,543294,"null","ball",,,,,"14","null","R","R","R","CHC","SF","B","null","null",0,2,2018,"-0.7366","1.0851","1.3684","1.3605","null","null","null",2,1,"Top","null","null",,,575929,,"180525_182447","9.8143","-126.0364","-7.7186","-9.5699","23.6501","-19.5685","3.2751","1.4489","null","null","null","86.0240","1854","5.7390",530165,543294,575929,519203,595879,592178,608365,664023,546991,450314,"54.7604","null","null","null","null","null","null","null",3,"3","Sinker",0,0,0,0,0,0,0,0,"Standard","Standard"
"FF","2018-05-25","86.8","-2.3838","6.2809","Kyle Hendricks",457763,543294,"null","called_strike",,,,,"8","null","R","R","R","CHC","SF","S","null","null",0,0,2018,"-0.4704","1.1558","-0.0295","1.7387","null","null","null",2,1,"Top","null","null",,,575929,,"180525_182408","6.5010","-126.1116","-6.9669","-6.1323","22.6747","-18.9404","3.4137","1.4854","null","null","null","86.2900","1971","5.7910",530165,543294,575929,519203,595879,592178,608365,664023,546991,450314,"54.7083","null","null","null","null","null","null","null",3,"1","4-Seam Fastball",0,0,0,0,0,0,0,0,"Standard","Standard"
"SI","2018-05-25","86.4","-2.2495","6.3750","Kyle Hendricks",491676,543294,"null","called_strike",,,,,"3","null","R","R","R","CHC","SF","S","null","null",0,1,2018,"-0.9971","0.9703","0.4040","2.6389","null","null","null",0,1,"Top","null","null",,,575929,,"180525_182236","8.2183","-125.5730","-4.6349","-11.8904","21.9337","-21.4007","3.1773","1.4313","null","null","null","86.0220","1964","5.8080",530165,543294,575929,519203,595879,592178,608365,664023,546991,450314,"54.6911","null","null","null","null","null","null","null",1,"2","Sinker",0,0,0,0,0,0,0,0,"Standard","Standard"