"pitch_type","game_date","release_speed","release_pos_x","release_pos_z","player_name","batter","pitcher","events","description","spin_dir","spin_rate_deprecated","break_angle_deprecated","break_length_deprecated","zone","des","game_type","stand","p_throws","home_team","away_team","type","hit_location","bb_type","balls","strikes","game_year","pfx_x","pfx_z","plate_x","plate_z","on_3b","on_2b","on_1b","outs_when_up","inning","inning_topbot","hc_x","hc_y","tfs_deprecated","tfs_zulu_deprecated","pos2_person_id","umpire","sv_id","vx0","vy0","vz0","ax","ay","az","sz_top","sz_bot","hit_distance_sc","launch_speed","launch_angle","effective_speed","release_spin_rate","release_extension","game_pk","pos1_person_id","pos2_person_id","pos3_person_id","pos4_person_id","pos5_person_id","pos6_person_id","pos7_person_id","pos8_person_id","pos9_person_id","release_pos_y","estimated_ba_using_speedangle","estimated_woba_using_speedangle","woba_value","woba_denom","babip_value","iso_value","launch_speed_angle","at_bat_number","pitch_number","pitch_name","home_score","away_score","bat_score","fld_score","post_away_score","post_home_score","post_bat_score","post_fld_score","if_fielding_alignment","of_fielding_alignment"
"CH","2018-06-01","89.5","-2.7486","6.2667","Hunter Strickland",608384,519326,"null","ball",,,,,"14","null","R","L","R","SF","PHI","B","null","null",0,0,2018,"-1.1989","0.9354","0.3806","1.0349","664068.00","546318.00","null",2,9,"Top","null","null",,,457763,,"180602_050456","9.9980","-129.6669","-8.6352","-15.2387","26.5442","-20.3619","3.2791","1.6167","null","null","null","88.0720","1692","5.5900",530264,519326,457763,467055,605412,446334,543063,453923,491676,457705,"54.9079","null","null","null","null","null","null","null",71,"1","Changeup",4,0,0,4,0,4,0,4,"Standard","Standard"
"FF","2018-06-01","96.1","-2.6213","6.1588","Hunter Strickland",596748,519326,"null","called_strike",,,,,"7","null","R","R","R","SF","PHI","S","null","null",0,1,2018,"-0.2160","1.3293","-0.3022","1.8390","664068.00","546318.00","null",1,9,"Top","null","null",,,457763,,"180602_050356","6.5222","-139.4358","-8.6488","-4.1701","30.1751","-13.5694","3.3121","1.5032","null","null","null","94.8850","2454","5.6570",530264,519326,457763,467055,605412,446334,543063,453923,491676,457705,"54.8401","null","null","null","null","null","null","null",70,"2","4-Seam Fastball",4,0,0,4,0,4,0,4,"Standard","Standard"
"SL","2018-06-01","82.2","-2.8809","6.1573","Hunter Strickland",596748,519326,"null","called_strike",,,,,"9","null","R","R","R","SF","PHI","S","null","null",0,0,2018,"0.8269","-0.7669","0.2988","1.8321","664068.00","546318.00","null",1,9,"Top","null","null",,,457763,,"180602_050339","5.5368","-119.3580","-1.7486","6.3887","24.5380","-39.0944","3.3856","1.5151","null","null","null","80.0400","2678","5.0710",530264,519326,457763,467055,605412,446334,543063,453923,491676,457705,"55.4267","null","null","null","null","null","null","null",70,"1","Slider",4,0,0,4,0,4,0,4,"Standard","Standard"
"FF","2018-06-01","96.5","-2.9570","5.8077","Hunter Strickland",467793,519326,"null","ball",,,,,"3","null","R","L","R","SF","PHI","B","null","null",0,1,2018,"-0.2548","1.2303","0.5552","3.5091","664068.00","546318.00","null",0,9,"Top","null","null",,,457763,,"180602_050223","9.7728","-140.0726","-3.2397","-5.3693","29.7667","-15.8181","3.4343","1.5736","null","null","null","95.4710","2514","5.6990",530264,519326,457763,467055,605412,446334,543063,453923,491676,457705,"54.7989","null","null","null","null","null","null","null",69,"2","4-Seam Fastball",4,0,0,4,0,4,0,4,"Infield shift","Standard"
"SL","2018-06-01","83.7","-2.8429","6.1956","Hunter Strickland",664068,519326,"null","ball",,,,,"14","null","R","R","R","SF","PHI","B","null","null",0,1,2018,"0.8749","-0.2716","0.5573","0.8800","null","null","null",0,9,"Top","null","null",,,457763,,"180602_045920","6.0375","-121.5304","-5.2101","7.1363","22.6120","-34.0468","3.3991","1.4559","null","null","null","81.5420","2656","4.8350",530264,519326,457763,467055,605412,446334,543063,453923,491676,457705,"55.6622","null","null","null","null","null","null","null",67,"2","Slider",4,0,0,4,0,4,0,4,"Standard","Standard"
"FF","2018-06-01","95.9","-2.5829","6.1834","Hunter Strickland",664068,519326,"null","called_strike",,,,,"8","null","R","R","R","SF","PHI","S","null","null",0,0,2018,"-0.3315","1.5579","0.0393","1.6455","null","null","null",0,9,"Top","null","null",,,457763,,"180602_045900","7.5571","-139.0322","-9.6593","-5.9114","31.3293","-10.4695","3.1406","1.2349","null","null","null","94.5940","2461","5.7440",530264,519326,457763,467055,605412,446334,543063,453923,491676,457705,"54.7537","null","null","null","null","null","null","null",67,"1","4-Seam Fastball",4,0,0,4,0,4,0,4,"Standard","Standard"
"SL","2018-06-01","85.8","-1.5567","5.7335","Victor Arano",457763,644364,"null","ball",,,,,"11","null","R","R","R","SF","PHI","B","null","null",1,1,2018,"0.3889","0.2306","-1.1241","4.1576","null","null","null",2,8,"Bot","null","null",,,595284,,"180602_045524","0.2661","-125.0800","1.8632","3.9751","18.4798","-30.2657","3.5101","1.5932","null","null","null","85.3660","2510","5.3180",530264,644364,595284,467793,514917,596748,664068,608384,546318,622226,"55.1793","null","null","null","null","null","null","null",66,"3","Slider",4,0,4,0,0,4,4,0,"Standard","Standard"
"SL","2018-06-01","87.2","-1.6083","5.7477","Victor Arano",457763,644364,"null","ball",,,,,"14","null","R","R","R","SF","PHI","B","null","null",0,0,2018,"-0.0236","0.5916","0.4715","0.7164","null","null","null",2,8,"Bot","null","null",,,595284,,"180602_045434","4.9689","-126.7360","-7.0468","-1.1751","23.6156","-24.8579","3.5005","1.6069","null","null","null","86.2260","2651","5.5340",530264,644364,595284,467793,514917,596748,664068,608384,546318,622226,"54.9635","null","null","null","null","null","null","null",66,"1","Slider",4,0,4,0,0,4,4,0,"Standard","Standard"
"SL","2018-06-01","85.6","-1.5970","5.7258","Victor Arano",605412,644364,"null","ball",,,,,"12","null","R","L","R","SF","PHI","B","null","null",1,2,2018,"0.2855","0.3293","1.6539","2.2591","null","null","null",1,8,"Bot","null","null",,,595284,,"180602_045338","6.9743","-124.3986","-2.5460","1.6182","22.4352","-28.6404","3.0510","1.4046","null","null","null","84.2740","2712","5.2660",530264,644364,595284,467793,514917,596748,664068,608384,546318,622226,"55.2310","null","null","null","null","null","null","null",65,"4","Slider",4,0,4,0,0,4,4,0,"Strategic","Standard"
"SL","2018-06-01","84.9","-1.4549","5.7359","Victor Arano",605412,644364,"null","ball",,,,,"14","null","R","L","R","SF","PHI","B","null","null",0,2,2018,"0.2208","-0.0447","0.6755","0.3234","null","null","null",1,8,"Bot","null","null",,,595284,,"180602_045312","4.4927","-123.3583","-6.1807","1.3503","23.4779","-31.6852","3.1072","1.4529","null","null","null","83.9120","2670","5.6230",530264,644364,595284,467793,514917,596748,664068,608384,546318,622226,"54.8741","null","null","null","null","null","null","null",65,"3","Slider",4,0,4,0,0,4,4,0,"Strategic","Standard"
"SL","2018-06-01","84.7","-1.7116","5.7492","Victor Arano",605412,644364,"null","called_strike",,,,,"6","null","R","L","R","SF","PHI","S","null","null",0,0,2018,"0.2334","0.4147","0.4821","2.0975","null","null","null",1,8,"Bot","null","null",,,595284,,"180602_045235","4.5989","-123.2666","-3.0168","1.5173","21.6344","-27.7447","3.2249","1.4213","null","null","null","83.8140","2538","5.4360",530264,644364,595284,467793,514917,596748,664068,608384,546318,622226,"55.0615","null","null","null","null","null","null","null",65,"1","Slider",4,0,4,0,0,4,4,0,"Strategic","Standard"
"SL","2018-06-01","88.3","-1.5468","5.7194","Victor Arano",453923,644364,"null","ball",,,,,"14","null","R","L","R","SF","PHI","B","null","null",1,2,2018,"0.1443","0.7274","1.7032","-0.3046","null","null","null",0,8,"Bot","null","null",,,595284,,"180602_045135","7.5114","-128.1017","-9.9132","0.0855","25.1366","-22.6050","3.1296","1.5466","null","null","null","87.2910","2692","5.7050",530264,644364,595284,467793,514917,596748,664068,608384,546318,622226,"54.7920","null","null","null","null","null","null","null",64,"4","Slider",4,0,4,0,0,4,4,0,"Standard","Standard"
"SL","2018-06-01","85.7","-1.6794","5.6977","Victor Arano",453923,644364,"null","ball",,,,,"14","null","R","L","R","SF","PHI","B","null","null",0,1,2018,"-0.0369","0.6223","1.3678","0.0583","null","null","null",0,8,"Bot","null","null",,,595284,,"180602_045054","7.1829","-124.4406","-8.2583","-1.5776","20.7492","-24.5895","3.0808","1.5451","null","null","null","85.2760","2480","5.7570",530264,644364,595284,467793,514917,596748,664068,608384,546318,622226,"54.7409","null","null","null","null","null","null","null",64,"2","Slider",4,0,4,0,0,4,4,0,"Standard","Standard"
"SL","2018-06-01","89.7","-1.3937","5.4187","Sam Dyson",514917,473879,"null","ball",,,,,"13","null","R","L","R","SF","PHI","B","null","null",2,2,2018,"0.3086","0.4754","-0.9697","1.0420","null","null","null",2,8,"Top","null","null",,,457763,,"180602_044714","0.4161","-130.5440","-5.7594","3.3448","24.3325","-26.0703","3.1998","1.5400","null","null","null","88.4220","2463","5.2260",530264,473879,457763,467055,605412,446334,543063,453923,491676,457705,"55.2710","null","null","null","null","null","null","null",63,"5","Slider",4,0,0,4,0,4,0,4,"Standard","Standard"
"FT","2018-06-01","92.4","-1.2957","5.3425","Sam Dyson",514917,473879,"null","called_strike",,,,,"6","null","R","L","R","SF","PHI","S","null","null",2,0,2018,"-1.5378","0.3190","0.7231","2.1570","null","null","null",2,8,"Top","null","null",,,457763,,"180602_044629","8.2899","-134.1318","-2.9263","-19.9224","28.4016","-28.0299","3.4106","1.5356","null","null","null","91.2610","2200","5.6850",530264,473879,457763,467055,605412,446334,543063,453923,491676,457705,"54.8120","null","null","null","null","null","null","null",63,"3","2-Seam Fastball",4,0,0,4,0,4,0,4,"Standard","Standard"
"FT","2018-06-01","93.5","-1.4888","5.3535","Sam Dyson",514917,473879,"null","ball",,,,,"13","null","R","L","R","SF","PHI","B","null","null",1,0,2018,"-1.5613","0.5842","-1.6910","2.1469","null","null","null",2,8,"Top","null","null",,,457763,,"180602_044606","2.7760","-136.0150","-3.7537","-19.5184","27.9871","-24.5505","3.3300","1.5417","null","null","null","92.5040","2304","5.5710",530264,473879,457763,467055,605412,446334,543063,453923,491676,457705,"54.9260","null","null","null","null","null","null","null",63,"2","2-Seam Fastball",4,0,0,4,0,4,0,4,"Standard","Standard"
"CH","2018-06-01","88.0","-1.3816","5.3581","Sam Dyson",514917,473879,"null","ball",,,,,"13","null","R","L","R","SF","PHI","B","null","null",0,0,2018,"-1.3409","-0.1080","-1.2020","1.4830","null","null","null",2,8,"Top","null","null",,,457763,,"180602_044538","3.0679","-127.9442","-3.0308","-14.9023","26.2402","-32.9621","3.3845","1.5422","null","null","null","86.6050","2062","5.4320",530264,473879,457763,467055,605412,446334,543063,453923,491676,457705,"55.0657","null","null","null","null","null","null","null",63,"1","Changeup",4,0,0,4,0,4,0,4,"Standard","Standard"
"FS","2018-06-01","85.8","-1.7816","5.8751","Hector Neris",491676,593576,"null","ball",,,,,"13","null","R","R","R","SF","PHI","B","null","null",0,2,2018,"-1.2226","0.0078","-0.1992","1.2621","467055.00","543063.00","null",2,7,"Bot","null","null",,,595284,,"180602_043937","5.9963","-124.6203","-4.5475","-13.5009","25.5589","-31.4368","3.3999","1.5337","null","null","null","84.0820","1143","5.3100",530264,593576,595284,467793,514917,596748,664068,608384,546318,622226,"55.1878","null","null","null","null","null","null","null",60,"5","Split Finger",4,0,4,0,0,4,4,0,"Standard","Standard"
"FS","2018-06-01","84.8","-1.8268","5.8512","Hector Neris",457706,593576,"null","called_strike",,,,,"2","null","R","R","R","SF","PHI","S","null","null",1,0,2018,"-0.9179","0.1556","0.1925","2.9252","467055.00","null","543063.00",1,7,"Bot","null","null",,,595284,,"180602_043617","6.3483","-123.1512","-0.7949","-10.2458","23.6376","-30.7511","3.2024","1.3383","null","null","null","83.2490","1506","5.2950",530264,593576,595284,467793,514917,596748,664068,608384,546318,622226,"55.2028","null","null","null","null","null","null","null",59,"2","Split Finger",4,0,4,0,0,4,4,0,"Strategic","Standard"
"FS","2018-06-01","85.7","-1.8198","5.8201","Hector Neris",457706,593576,"null","ball",,,,,"13","null","R","R","R","SF","PHI","B","null","null",0,0,2018,"-1.1145","-0.5687","-1.2283","1.8392","467055.00","null","543063.00",1,7,"Bot","null","null",,,595284,,"180602_043558","3.4948","-124.4683","-1.9164","-11.8722","27.4774","-37.7091","3.2556","1.3344","null","null","null","83.7310","1092","5.3230",530264,593576,595284,467793,514917,596748,664068,608384,546318,622226,"55.1748","null","null","null","null","null","null","null",59,"1","Split Finger",4,0,4,0,0,4,4,0,"Strategic","Standard"
"FT","2018-06-01","94.0","-2.0137","5.4922","Hector Neris",543063,593576,"null","called_strike",,,,,"7","null","R","L","R","SF","PHI","S","null","null",1,0,2018,"-1.4207","0.8859","-0.6367","1.8277","null","467055.00","null",1,7,"Bot","null","null",,,595284,,"180602_043427","6.5550","-136.5160","-5.6014","-18.8191","30.3504","-20.3516","3.3560","1.5498","null","null","null","92.8130","2461","5.7130",530264,593576,595284,467793,514917,596748,664068,608384,546318,622226,"54.7845","null","null","null","null","null","null","null",58,"2","2-Seam Fastball",4,0,4,0,0,4,4,0,"Strategic","Standard"
"FS","2018-06-01","86.3","-1.7923","5.8960","Hector Neris",446334,593576,"null","ball",,,,,"14","null","R","R","R","SF","PHI","B","null","null",2,2,2018,"-1.1195","-0.1490","2.4189","-1.4649","null","null","467055.00",0,7,"Bot","null","null",,,595284,,"180602_043153","11.8685","-124.5564","-10.5862","-13.6571","25.8946","-31.7433","3.7288","1.6745","null","null","null","83.8980","1548","5.2480",530264,593576,595284,467793,514917,596748,664068,608384,546318,622226,"55.2499","null","null","null","null","null","null","null",57,"5","Split Finger",4,0,4,0,0,4,4,0,"Standard","Standard"
"FF","2018-06-01","93.3","-1.9726","5.5951","Hector Neris",446334,593576,"null","called_strike",,,,,"6","null","R","R","R","SF","PHI","S","null","null",0,0,2018,"-0.7467","1.2233","0.4647","2.5341","null","null","467055.00",0,7,"Bot","null","null",,,595284,,"180602_043014","7.7346","-135.6045","-4.6812","-10.5619","27.3616","-16.7201","3.7953","1.7455","null","null","null","92.2000","2565","5.5220",530264,593576,595284,467793,514917,596748,664068,608384,546318,622226,"54.9755","null","null","null","null","null","null","null",57,"1","4-Seam Fastball",4,0,4,0,0,4,4,0,"Standard","Standard"
"FS","2018-06-01","85.3","-2.1971","5.6793","Hector Neris",467055,593576,"null","ball",,,,,"14","null","R","L","R","SF","PHI","B","null","null",2,1,2018,"-1.0007","-0.0153","0.1982","-0.9954","457705.00","null","null",0,7,"Bot","null","null",,,595284,,"180602_043713","7.4003","-123.5478","-9.1139","-11.3723","24.5899","-30.7773","3.1893","1.3025","null","null","null","83.4840","1319","5.3460",530264,593576,595284,467793,514917,596748,664068,608384,546318,622226,"55.1519","null","null","null","null","null","null","null",56,"4","Split Finger",3,0,3,0,0,3,3,0,"Strategic","Standard"
"FS","2018-06-01","82.8","-1.8440","5.8549","Hector Neris",467055,593576,"null","ball",,,,,"14","null","R","L","R","SF","PHI","B","null","null",1,1,2018,"-1.0495","-0.2161","0.8452","1.0437","457705.00","null","null",0,7,"Bot","null","null",,,595284,,"180602_043701","7.8826","-119.9673","-3.8968","-11.2985","24.9675","-33.6508","3.2184","1.5364","null","null","null","80.4790","1127","5.1100",530264,593576,595284,467793,514917,596748,664068,608384,546318,622226,"55.3875","null","null","null","null","null","null","null",56,"3","Split Finger",3,0,3,0,0,3,3,0,"Strategic","Standard"
"FS","2018-06-01","85.5","-1.9187","5.7481","Hector Neris",467055,593576,"null","ball",,,,,"13","null","R","L","R","SF","PHI","B","null","null",0,0,2018,"-1.1112","0.1782","-0.4884","0.9047","457705.00","null","null",0,7,"Bot","null","null",,,595284,,"180602_043701","5.4212","-124.0743","-5.3184","-12.1957","26.0142","-29.5627","3.2885","1.5208","null","null","null","83.7220","1284","5.3770",530264,593576,595284,467793,514917,596748,664068,608384,546318,622226,"55.1205","null","null","null","null","null","null","null",56,"1","Split Finger",3,0,3,0,0,3,3,0,"Strategic","Standard"
"SI","2018-06-01","91.6","3.4592","5.0207","Tony Watson",595284,453265,"null","called_strike",,,,,"7","null","R","R","L","SF","PHI","S","null","null",1,0,2018,"1.6399","0.5313","-0.3941","1.8926","null","null","null",2,7,"Top","null","null",,,457763,,"180602_042412","-13.0133","-132.7722","-3.1284","21.6672","25.5961","-25.5830","3.4468","1.6342","null","null","null","90.7880","2213","5.7890",530264,453265,457763,467055,605412,446334,543063,453923,491676,457705,"54.7088","null","null","null","null","null","null","null",54,"2","Sinker",3,0,0,3,0,3,0,3,"Standard","Standard"
"CH","2018-06-01","84.9","3.4572","5.0532","Tony Watson",595284,453265,"null","ball",,,,,"13","null","R","R","L","SF","PHI","B","null","null",0,0,2018,"1.9403","0.6703","-0.5149","0.6327","null","null","null",2,7,"Top","null","null",,,457763,,"180602_042350","-12.9223","-122.6567","-5.1334","21.9017","25.8142","-24.7201","3.4382","1.6583","null","null","null","83.4740","2381","5.8920",530264,453265,457763,467055,605412,446334,543063,453923,491676,457705,"54.6057","null","null","null","null","null","null","null",54,"1","Changeup",3,0,0,3,0,3,0,3,"Standard","Standard"
"SL","2018-06-01","83.9","3.4802","5.1034","Tony Watson",608384,453265,"null","ball",,,,,"13","null","R","L","L","SF","PHI","B","null","null",1,2,2018,"-0.1248","0.5895","-1.1370","0.8510","null","null","null",1,7,"Top","null","null",,,457763,,"180602_042247","-10.2899","-121.7083","-4.5351","0.5804","21.3148","-25.8291","3.2684","1.5822","null","null","null","83.1140","2320","5.6980",530264,453265,457763,467055,605412,446334,543063,453923,491676,457705,"54.7996","null","null","null","null","null","null","null",53,"5","Slider",3,0,0,3,0,3,0,3,"Standard","Standard"
"SL","2018-06-01","83.4","3.4006","5.0727","Tony Watson",608384,453265,"null","ball",,,,,"13","null","R","L","L","SF","PHI","B","null","null",0,2,2018,"-0.1811","0.5444","-1.4183","1.1180","null","null","null",1,7,"Top","null","null",,,457763,,"180602_042204","-10.5719","-121.0290","-3.6896","0.0321","20.4388","-26.4989","3.2942","1.6154","null","null","null","82.6430","2322","5.6340",530264,453265,457763,467055,605412,446334,543063,453923,491676,457705,"54.8636","null","null","null","null","null","null","null",53,"3","Slider",3,0,0,3,0,3,0,3,"Standard","Standard"
"SL","2018-06-01","83.7","3.4522","5.1510","Tony Watson",608384,453265,"null","called_strike",,,,,"4","null","R","L","L","SF","PHI","S","null","null",0,0,2018,"-0.0673","0.4438","-0.6684","2.2410","null","null","null",1,7,"Top","null","null",,,457763,,"180602_042117","-9.2251","-121.6088","-1.1980","0.9002","20.5043","-27.8770","3.2906","1.6154","null","null","null","82.8480","2306","5.4940",530264,453265,457763,467055,605412,446334,543063,453923,491676,457705,"55.0034","null","null","null","null","null","null","null",53,"1","Slider",3,0,0,3,0,3,0,3,"Standard","Standard"
"SL","2018-06-01","84.6","3.4065","5.0940","Tony Watson",596748,453265,"null","ball",,,,,"13","null","R","R","L","SF","PHI","B","null","null",2,2,2018,"-0.4311","0.3420","-1.8694","1.0388","null","null","null",0,7,"Top","null","null",,,457763,,"180602_042021","-11.3099","-122.7523","-3.7467","-2.2594","22.0568","-28.3202","3.2775","1.4977","null","null","null","83.8030","2307","5.7160",530264,453265,457763,467055,605412,446334,543063,453923,491676,457705,"54.7813","null","null","null","null","null","null","null",52,"5","Slider",3,0,0,3,0,3,0,3,"Standard","Standard"
"CH","2018-06-01","84.3","3.5738","5.0140","Tony Watson",596748,453265,"null","ball",,,,,"14","null","R","R","L","SF","PHI","B","null","null",1,2,2018,"1.5672","0.6689","1.9007","2.1364","null","null","null",0,7,"Top","null","null",,,457763,,"180602_042001","-6.8142","-122.4620","-1.5611","16.7145","24.5159","-25.5661","3.3366","1.5088","null","null","null","83.0840","2430","5.6040",530264,453265,457763,467055,605412,446334,543063,453923,491676,457705,"54.8932","null","null","null","null","null","null","null",52,"4","Changeup",3,0,0,3,0,3,0,3,"Standard","Standard"
"SI","2018-06-01","91.6","3.3817","5.1501","Tony Watson",596748,453265,"null","ball",,,,,"3","null","R","R","L","SF","PHI","B","null","null",0,1,2018,"1.3061","0.6329","0.7479","3.1414","null","null","null",0,7,"Top","null","null",,,457763,,"180602_041919","-9.3093","-132.9680","-0.5422","17.1728","27.1989","-24.8942","3.1796","1.4727","null","null","null","90.8040","2351","5.8350",530264,453265,457763,467055,605412,446334,543063,453923,491676,457705,"54.6623","null","null","null","null","null","null","null",52,"2","Sinker",3,0,0,3,0,3,0,3,"Standard","Standard"
"FT","2018-06-01","91.1","-1.3130","5.8138","Mark Leiter Jr.",457763,643410,"null","ball",,,,,"13","null","R","R","R","SF","PHI","B","null","null",0,1,2018,"-0.9737","1.2342","-1.1889","1.6066","null","null","605412.00",2,6,"Bot","null","null",,,595284,,"180602_041548","2.3915","-132.5184","-7.3248","-11.9642","26.9339","-16.3437","3.5814","1.7202","null","null","null","91.2160","1889","6.2670",530264,643410,595284,467793,514917,596748,664068,608384,546318,622226,"54.2307","null","null","null","null","null","null","null",51,"2","2-Seam Fastball",3,0,3,0,0,3,3,0,"Strategic","Standard"
"FF","2018-06-01","91.1","-1.1035","5.8894","Mark Leiter Jr.",457763,643410,"null","called_strike",,,,,"3","null","R","R","R","SF","PHI","S","null","null",0,0,2018,"-0.5108","1.4313","0.3229","3.0516","null","null","605412.00",2,6,"Bot","null","null",,,595284,,"180602_041526","4.6786","-132.5988","-4.3422","-6.9741","26.1841","-14.5622","3.5034","1.6048","null","null","null","91.4470","1808","6.3110",530264,643410,595284,467793,514917,596748,664068,608384,546318,622226,"54.1863","null","null","null","null","null","null","null",51,"1","4-Seam Fastball",3,0,3,0,0,3,3,0,"Standard","Standard"
"CU","2018-06-01","72.3","-1.3649","5.7529","Mark Leiter Jr.",605412,643410,"null","ball",,,,,"13","null","R","L","R","SF","PHI","B","null","null",0,0,2018,"0.4680","-1.4418","-1.4355","2.2889","null","null","null",2,6,"Bot","null","null",,,595284,,"180602_041405","-0.8872","-104.9947","2.9150","3.4723","19.6628","-43.2066","3.2333","1.4711","null","null","null","70.5140","2120","5.2430",530264,643410,595284,467793,514917,596748,664068,608384,546318,622226,"55.2541","null","null","null","null","null","null","null",50,"1","Curveball",3,0,3,0,0,3,3,0,"Strategic","Standard"
"CH","2018-06-01","83.8","-0.9451","6.0087","Mark Leiter Jr.",453923,643410,"null","ball",,,,,"11","null","R","L","R","SF","PHI","B","null","null",1,2,2018,"-0.3494","0.8720","-0.9277","3.2873","null","null","null",1,6,"Bot","null","null",,,595284,,"180602_041302","0.7023","-122.0138","-1.5964","-3.5515","22.0339","-23.5699","3.1486","1.5562","null","null","null","83.1410","773","5.6330",530264,643410,595284,467793,514917,596748,664068,608384,546318,622226,"54.8647","null","null","null","null","null","null","null",49,"4","Changeup",3,0,3,0,0,3,3,0,"Standard","Standard"
"CH","2018-06-01","84.3","-1.0800","5.8526","Mark Leiter Jr.",453923,643410,"null","ball",,,,,"11","null","R","L","R","SF","PHI","B","null","null",0,2,2018,"-0.4989","0.9640","-1.4502","3.2164","null","null","null",1,6,"Bot","null","null",,,595284,,"180602_041243","0.1046","-122.6960","-1.6595","-4.9750","22.3850","-22.5220","3.0164","1.4376","null","null","null","83.7100","1597","5.7120",530264,643410,595284,467793,514917,596748,664068,608384,546318,622226,"54.7856","null","null","null","null","null","null","null",49,"3","Changeup",3,0,3,0,0,3,3,0,"Standard","Standard"
"FF","2018-06-01","90.7","-1.6480","6.1319","Chris Stratton",467793,608717,"null","ball",,,,,"11","null","R","L","R","SF","PHI","B","null","null",1,2,2018,"-0.1476","1.2214","-0.5454","4.8981","null","514917.00","null",2,6,"Top","null","null",,,457763,,"180602_040805","3.0576","-132.1577","0.1794","-2.3025","24.9248","-18.1348","3.3351","1.4328","null","null","null","90.8360","2486","6.0400",530264,608717,457763,467055,605412,446334,543063,607776,491676,457705,"54.4573","null","null","null","null","null","null","null",47,"5","4-Seam Fastball",3,0,0,3,0,3,0,3,"Infield shift","Standard"
"FF","2018-06-01","90.5","-1.5375","6.1303","Chris Stratton",467793,608717,"null","ball",,,,,"12","null","R","L","R","SF","PHI","B","null","null",0,2,2018,"-0.2822","1.3347","0.3939","4.4371","null","514917.00","null",2,6,"Top","null","null",,,457763,,"180602_040647","5.3967","-131.8209","-1.1650","-4.3198","25.3669","-16.6347","3.4642","1.5831","null","null","null","90.5990","2566","6.0820",530264,608717,457763,467055,605412,446334,543063,607776,491676,457705,"54.4155","null","null","null","null","null","null","null",47,"3","4-Seam Fastball",3,0,0,3,0,3,0,3,"Infield shift","Standard"
"CH","2018-06-01","84.4","-1.5698","6.0748","Chris Stratton",467793,608717,"null","called_strike",,,,,"8","null","R","L","R","SF","PHI","S","null","null",0,1,2018,"-1.2455","0.3368","-0.0573","2.0165","null","514917.00","null",2,6,"Top","null","null",,,457763,,"180602_040619","6.0450","-122.9117","-3.8291","-13.8858","22.3449","-28.2083","3.4713","1.7901","null","null","null","85.1490","2028","6.5450",530264,608717,457763,467055,605412,446334,543063,607776,491676,457705,"53.9526","null","null","null","null","null","null","null",47,"2","Changeup",3,0,0,3,0,3,0,3,"Infield shift","Standard"
"FF","2018-06-01","89.5","-1.5543","6.0800","Chris Stratton",546318,608717,"null","ball",,,,,"11","null","R","L","R","SF","PHI","B","null","null",1,0,2018,"-0.3449","1.4265","-1.0312","2.7104","null","514917.00","null",1,6,"Top","null","null",,,457763,,"180602_040314","2.0179","-130.3855","-5.3787","-4.3390","25.0475","-14.9972","3.2134","1.6054","null","null","null","89.9330","2475","6.2970",530264,608717,457763,467055,605412,446334,543063,607776,491676,457705,"54.2004","null","null","null","null","null","null","null",46,"2","4-Seam Fastball",3,0,0,3,0,3,0,3,"Standard","Standard"
"FF","2018-06-01","90.0","-1.6517","6.1519","Chris Stratton",514917,608717,"null","called_strike",,,,,"8","null","R","L","R","SF","PHI","S","null","null",2,1,2018,"-0.3550","1.4361","-0.0682","1.8696","null","null","null",0,6,"Top","null","null",,,457763,,"180602_035906","4.6369","-130.7852","-7.6369","-4.9411","25.1960","-14.5393","3.2613","1.5532","null","null","null","89.7070","2488","5.9890",530264,608717,457763,467055,605412,446334,543063,607776,491676,457705,"54.5080","null","null","null","null","null","null","null",44,"4","4-Seam Fastball",3,0,0,3,0,3,0,3,"Standard","Standard"
"CU","2018-06-01","75.8","-1.3505","6.2738","Chris Stratton",514917,608717,"null","ball",,,,,"14","null","R","L","R","SF","PHI","B","null","null",1,1,2018,"1.4513","-1.0213","0.2622","0.5287","null","null","null",0,6,"Top","null","null",,,457763,,"180602_035849","0.8284","-110.2201","-3.0380","11.3296","21.2299","-39.9433","3.3190","1.5218","null","null","null","74.6790","3038","5.6880",530264,608717,457763,467055,605412,446334,543063,607776,491676,457705,"54.8090","null","null","null","null","null","null","null",44,"3","Curveball",3,0,0,3,0,3,0,3,"Standard","Standard"
"FF","2018-06-01","89.4","-1.5909","6.1651","Chris Stratton",514917,608717,"null","called_strike",,,,,"4","null","R","L","R","SF","PHI","S","null","null",1,0,2018,"-0.1651","1.2696","-0.4587","2.6159","null","null","null",0,6,"Top","null","null",,,457763,,"180602_035837","3.1174","-130.2075","-5.4208","-2.4526","24.3724","-16.9940","3.3244","1.5442","null","null","null","89.3890","2441","5.9890",530264,608717,457763,467055,605412,446334,543063,607776,491676,457705,"54.5083","null","null","null","null","null","null","null",44,"2","4-Seam Fastball",3,0,0,3,0,3,0,3,"Standard","Standard"
"FF","2018-06-01","89.5","-1.6364","6.1021","Chris Stratton",514917,608717,"null","ball",,,,,"14","null","R","L","R","SF","PHI","B","null","null",0,0,2018,"-0.3016","1.0767","0.3628","1.0719","null","null","null",0,6,"Top","null","null",,,457763,,"180602_035823","5.5407","-130.1089","-8.6831","-4.4492","23.9182","-18.5267","3.4299","1.5473","null","null","null","89.6210","2410","6.1400",530264,608717,457763,467055,605412,446334,543063,607776,491676,457705,"54.3573","null","null","null","null","null","null","null",44,"1","4-Seam Fastball",3,0,0,3,0,3,0,3,"Standard","Standard"
"CH","2018-06-01","82.9","-1.4110","5.6260","Mark Leiter Jr.",607776,643410,"null","ball",,,,,"14","null","R","R","R","SF","PHI","B","null","null",2,1,2018,"-0.4115","0.6106","1.1920","2.1772","null","null","446334.00",2,5,"Bot","null","null",,,595284,,"180602_035554","6.7697","-120.6852","-2.6867","-5.2105","20.3620","-25.8675","3.5715","1.5709","null","null","null","83.5620","1232","6.4050",530264,643410,595284,467793,514917,596748,664068,608384,546318,622226,"54.0929","null","null","null","null","null","null","null",43,"4","Changeup",3,0,3,0,0,3,3,0,"Standard","Standard"
"FF","2018-06-01","91.6","-0.9617","5.9176","Mark Leiter Jr.",607776,643410,"null","ball",,,,,"11","null","R","R","R","SF","PHI","B","null","null",1,1,2018,"-0.3424","1.5199","-1.6026","2.8038","null","null","446334.00",2,5,"Bot","null","null",,,595284,,"180602_035531","-0.8825","-133.3547","-5.2875","-3.9000","27.2767","-13.1897","3.6606","1.5332","null","null","null","91.7080","2120","6.2170",530264,643410,595284,467793,514917,596748,664068,608384,546318,622226,"54.2808","null","null","null","null","null","null","null",43,"3","4-Seam Fastball",3,0,3,0,0,3,3,0,"Standard","Standard"
"FF","2018-06-01","92.5","-1.0091","5.7841","Mark Leiter Jr.",607776,643410,"null","called_strike",,,,,"9","null","R","R","R","SF","PHI","S","null","null",1,0,2018,"-0.4385","1.4961","0.7036","1.6716","null","null","446334.00",2,5,"Bot","null","null",,,595284,,"180602_035509","5.3329","-134.4816","-7.9841","-6.4369","27.1313","-12.4691","3.7229","1.5840","null","null","null","92.9050","2102","6.4210",530264,643410,595284,467793,514917,596748,664068,608384,546318,622226,"54.0764","null","null","null","null","null","null","null",43,"2","4-Seam Fastball",3,0,3,0,0,3,3,0,"Standard","Standard"
"CU","2018-06-01","73.5","-1.1434","5.8955","Mark Leiter Jr.",607776,643410,"null","ball",,,,,"14","null","R","R","R","SF","PHI","B","null","null",0,0,2018,"0.3555","-1.4473","0.0275","1.0197","null","null","446334.00",2,5,"Bot","null","null",,,595284,,"180602_035449","1.7513","-106.8876","-0.0509","2.3315","19.8962","-43.2472","3.6384","1.6394","null","null","null","72.5800","2359","5.8030",530264,643410,595284,467793,514917,596748,664068,608384,546318,622226,"54.6942","null","null","null","null","null","null","null",43,"1","Curveball",3,0,3,0,0,3,3,0,"Standard","Standard"
"FC","2018-06-01","87.2","-1.4773","5.7674","Mark Leiter Jr.",446334,643410,"null","ball",,,,,"12","null","R","R","R","SF","PHI","B","null","null",1,0,2018,"0.5362","0.2466","0.5011","3.9384","null","null","null",1,5,"Bot","null","null",,,595284,,"180602_035251","3.6508","-126.9127","1.2084","5.0701","23.9918","-29.9674","3.7084","1.6774","null","null","null","87.0670","1952","6.0220",530264,643410,595284,467793,514917,596748,664068,608384,546318,622226,"54.4751","null","null","null","null","null","null","null",41,"2","Cutter",3,0,3,0,0,3,3,0,"Infield shift","Standard"
"FF","2018-06-01","91.4","-0.9436","5.6737","Mark Leiter Jr.",446334,643410,"null","ball",,,,,"13","null","R","R","R","SF","PHI","B","null","null",0,0,2018,"-0.4696","1.3760","-0.0277","-0.1413","null","null","null",1,5,"Bot","null","null",,,595284,,"180602_035226","3.3367","-132.8720","-11.8841","-6.2604","23.2364","-13.6301","3.7658","1.7236","null","null","null","92.4240","1985","6.5440",530264,643410,595284,467793,514917,596748,664068,608384,546318,622226,"53.9532","null","null","null","null","null","null","null",41,"1","4-Seam Fastball",3,0,3,0,0,3,3,0,"Infield shift","Standard"
"FT","2018-06-01","91.6","-1.4949","5.7156","Mark Leiter Jr.",467055,643410,"null","called_strike",,,,,"8","null","R","L","R","SF","PHI","S","null","null",0,0,2018,"-1.0599","1.2003","-0.0680","1.9941","null","null","null",0,5,"Bot","null","null",,,595284,,"180602_035104","5.8610","-133.1458","-6.1062","-13.7853","27.1752","-16.8821","3.2151","1.5231","null","null","null","91.5530","1941","6.2090",530264,643410,595284,467793,514917,596748,664068,608384,546318,622226,"54.2885","null","null","null","null","null","null","null",40,"1","2-Seam Fastball",3,0,3,0,0,3,3,0,"Strategic","Standard"
"FF","2018-06-01","91.2","-1.7036","6.0867","Chris Stratton",605520,608717,"null","ball",,,,,"11","null","R","L","R","SF","PHI","B","null","null",0,2,2018,"-0.2654","1.3421","-1.5622","3.6204","null","null","608384.00",2,5,"Top","null","null",,,457763,,"180602_034813","0.9270","-132.9406","-3.2366","-3.3436","27.4699","-15.7766","3.3329","1.6080","null","null","null","91.5490","2565","6.3210",530264,608717,457763,467055,605412,446334,543063,607776,491676,457705,"54.1767","null","null","null","null","null","null","null",39,"3","4-Seam Fastball",3,0,0,3,0,3,0,3,"Infield shift","Standard"
"FF","2018-06-01","91.5","-1.7113","6.0830","Chris Stratton",605520,608717,"null","called_strike",,,,,"4","null","R","L","R","SF","PHI","S","null","null",0,0,2018,"-0.2917","1.0772","-0.7401","2.9353","null","null","608384.00",2,5,"Top","null","null",,,457763,,"180602_034716","3.0496","-133.3214","-4.4323","-4.0165","23.9950","-18.7672","3.5368","1.6702","null","null","null","91.6190","2502","5.9250",530264,608717,457763,467055,605412,446334,543063,607776,491676,457705,"54.5725","null","null","null","null","null","null","null",39,"1","4-Seam Fastball",3,0,0,3,0,3,0,3,"Strategic","Standard"
"CU","2018-06-01","77.2","-1.5551","6.1973","Chris Stratton",622226,608717,"strikeout","called_strike",,,,,"5","Dylan Cozens called out on strikes.  ","R","L","R","SF","PHI","S",2,"null",3,2,2018,"1.3928","-0.7144","-0.2125","3.0126","null","null","608384.00",1,5,"Top","null","null",,,457763,,"180602_034637","0.3824","-112.2823","1.4792","11.3587","21.8556","-38.5957","3.6476","1.7165","null","null","null","76.0430","3073","5.6440",530264,608717,457763,467055,605412,446334,543063,607776,491676,457705,"54.8530","null","null","0.00",1,0,0,"null",38,"6","Curveball",3,0,0,3,0,3,0,3,"Infield shift","Standard"
"CU","2018-06-01","78.6","-1.4326","6.1650","Chris Stratton",622226,608717,"null","ball",,,,,"14","null","R","L","R","SF","PHI","B","null","null",2,2,2018,"1.4368","-0.4047","1.6039","2.5762","null","null","608384.00",1,5,"Top","null","null",,,457763,,"180602_034612","3.9317","-114.3024","-0.1830","11.6078","21.6139","-35.8653","3.6599","1.9023","null","null","null","77.8470","2996","5.8470",530264,608717,457763,467055,605412,446334,543063,607776,491676,457705,"54.6508","null","null","null","null","null","null","null",38,"5","Curveball",3,0,0,3,0,3,0,3,"Infield shift","Standard"
"FT","2018-06-01","91.3","-1.6189","6.0476","Chris Stratton",622226,608717,"null","ball",,,,,"13","null","R","L","R","SF","PHI","B","null","null",0,0,2018,"-1.3675","0.8224","-1.5808","1.3949","null","null","608384.00",1,5,"Top","null","null",,,457763,,"180602_034426","3.0144","-132.7036","-7.5455","-16.7133","28.7377","-21.1054","3.7928","1.9269","null","null","null","91.0220","2343","6.2090",530264,608717,457763,467055,605412,446334,543063,607776,491676,457705,"54.2882","null","null","null","null","null","null","null",38,"1","2-Seam Fastball",3,0,0,3,0,3,0,3,"Infield shift","Standard"
"FF","2018-06-01","90.4","-1.7227","6.0936","Chris Stratton",595284,608717,"null","ball",,,,,"11","null","R","L","R","SF","PHI","B","null","null",2,2,2018,"-0.2898","1.3862","-1.4611","3.9337","null","null","608384.00",0,5,"Top","null","null",,,457763,,"180602_034310","1.2533","-131.7013","-2.4077","-3.5926","25.2086","-15.8880","3.3185","1.6749","null","null","null","90.3540","2568","5.9730",530264,608717,457763,467055,605412,446334,543063,607776,491676,457705,"54.5241","null","null","null","null","null","null","null",37,"6","4-Seam Fastball",3,0,0,3,0,3,0,3,"Standard","Standard"
"FT","2018-06-01","90.5","-1.6840","6.0592","Chris Stratton",595284,608717,"null","called_strike",,,,,"13","null","R","L","R","SF","PHI","S","null","null",0,0,2018,"-0.6917","1.2212","-1.0731","2.2228","null","null","608384.00",0,5,"Top","null","null",,,457763,,"180602_034058","3.0080","-131.7881","-6.3099","-8.7079","25.7539","-16.8010","3.1467","1.4491","null","null","null","91.0410","2438","6.3950",530264,608717,457763,467055,605412,446334,543063,607776,491676,457705,"54.1023","null","null","null","null","null","null","null",37,"1","2-Seam Fastball",3,0,0,3,0,3,0,3,"Standard","Standard"
"CU","2018-06-01","75.9","-1.4390","6.1898","Chris Stratton",608384,608717,"null","called_strike",,,,,"1","null","R","L","R","SF","PHI","S","null","null",0,0,2018,"1.0940","-1.0484","-0.4776","2.8624","null","null","null",0,5,"Top","null","null",,,457763,,"180602_034006","0.1192","-110.2124","1.9631","8.5562","21.1308","-41.0563","3.3169","1.7109","null","null","null","74.3100","3101","5.4030",530264,608717,457763,467055,605412,446334,543063,607776,491676,457705,"55.0946","null","null","null","null","null","null","null",36,"1","Curveball",3,0,0,3,0,3,0,3,"Standard","Standard"
"FF","2018-06-01","95.7","-2.7563","5.9762","Nick Pivetta",457763,601713,"null","called_strike",,,,,"8","null","R","R","R","SF","PHI","S","null","null",0,0,2018,"-0.8964","1.3004","-0.0821","2.2152","null","491676.00","605412.00",2,4,"Bot","null","null",,,595284,,"180602_033528","9.0818","-138.9686","-7.2680","-13.5757","28.4735","-13.8830","3.5324","1.6424","null","null","null","96.0650","2382","6.4200",530264,601713,595284,467793,514917,596748,664068,608384,546318,622226,"54.0777","null","null","null","null","null","null","null",34,"1","4-Seam Fastball",3,0,3,0,0,3,3,0,"Standard","Standard"
"FF","2018-06-01","96.0","-2.5565","6.3019","Nick Pivetta",605412,601713,"null","called_strike",,,,,"6","null","R","L","R","SF","PHI","S","null","null",2,1,2018,"-0.6805","1.7023","0.7160","2.2964","null","491676.00","null",2,4,"Bot","null","null",,,595284,,"180602_033219","10.2095","-139.2807","-8.8457","-11.1647","30.8958","-8.1540","3.2261","1.4225","null","null","null","96.0790","2374","6.4680",530264,601713,595284,467793,514917,596748,664068,608384,546318,622226,"54.0293","null","null","null","null","null","null","null",33,"4","4-Seam Fastball",3,0,3,0,0,3,3,0,"Strategic","Standard"
"FT","2018-06-01","94.2","-3.3153","5.5993","Nick Pivetta",605412,601713,"null","ball",,,,,"13","null","R","L","R","SF","PHI","B","null","null",1,1,2018,"-1.5815","0.9420","-1.8551","1.2436","null","491676.00","null",2,4,"Bot","null","null",,,595284,,"180602_033156","7.2636","-136.8418","-7.6974","-21.3821","27.4297","-18.9620","3.2225","1.4426","null","null","null","94.3120","2202","6.2420",530264,601713,595284,467793,514917,596748,664068,608384,546318,622226,"54.2553","null","null","null","null","null","null","null",33,"3","2-Seam Fastball",3,0,3,0,0,3,3,0,"Strategic","Standard"
"FF","2018-06-01","95.0","-2.6930","6.3632","Nick Pivetta",605412,601713,"null","ball",,,,,"11","null","R","L","R","SF","PHI","B","null","null",0,1,2018,"-0.8791","1.4149","-1.4484","4.3571","null","491676.00","null",2,4,"Bot","null","null",,,595284,,"180602_033136","5.1901","-138.3184","-2.7681","-12.3187","28.7913","-13.7214","3.2189","1.4713","null","null","null","94.9840","2336","6.0970",530264,601713,595284,467793,514917,596748,664068,608384,546318,622226,"54.4006","null","null","null","null","null","null","null",33,"2","4-Seam Fastball",3,0,3,0,0,3,3,0,"Strategic","Standard"
"KC","2018-06-01","79.5","-3.0587","5.9108","Nick Pivetta",605412,601713,"null","called_strike",,,,,"7","null","R","L","R","SF","PHI","S","null","null",0,0,2018,"1.2394","-1.0260","-0.7114","1.7046","null","491676.00","null",2,4,"Bot","null","null",,,595284,,"180602_033119","2.8355","-115.7122","-0.5149","10.3611","23.2627","-41.3707","3.2410","1.4225","null","null","null","78.8450","2899","5.9910",530264,601713,595284,467793,514917,596748,664068,608384,546318,622226,"54.5067","null","null","null","null","null","null","null",33,"1","Knuckle Curve",3,0,3,0,0,3,3,0,"Strategic","Standard"
"FT","2018-06-01","94.7","-2.9091","6.0481","Nick Pivetta",491676,601713,"null","ball",,,,,"11","null","R","R","R","SF","PHI","B","null","null",0,1,2018,"-1.1600","1.1463","-1.9630","2.4028","543063.00","null","null",1,4,"Bot","null","null",,,595284,,"180602_032718","5.0348","-137.7426","-6.3932","-15.8150","29.3413","-16.4559","3.3079","1.4832","null","null","null","94.7030","2199","6.2210",530264,601713,595284,467793,514917,596748,664068,608384,546318,622226,"54.2761","null","null","null","null","null","null","null",31,"2","2-Seam Fastball",2,0,2,0,0,2,2,0,"Strategic","Standard"
"SL","2018-06-01","80.9","-3.3142","5.5129","Nick Pivetta",607776,601713,"null","ball",,,,,"14","null","R","R","R","SF","PHI","B","null","null",0,0,2018,"0.9744","-0.3983","0.9827","1.2303","null","543063.00","null",0,4,"Bot","null","null",,,595284,,"180602_032443","7.7112","-117.6045","-2.1807","7.6546","20.7891","-35.6852","3.6385","1.6108","null","null","null","80.8170","2657","6.1340",530264,601713,595284,467793,514917,596748,664068,608384,546318,622226,"54.3637","null","null","null","null","null","null","null",30,"1","Slider",2,0,2,0,0,2,2,0,"Standard","Standard"
"SL","2018-06-01","82.5","-3.3386","5.6609","Nick Pivetta",543063,601713,"null","ball",,,,,"11","null","R","L","R","SF","PHI","B","null","null",0,0,2018,"0.4981","0.1912","-1.1125","3.3810","null","null","null",0,4,"Bot","null","null",,,595284,,"180602_032330","4.0845","-120.2142","0.8174","4.1593","18.9137","-30.6575","3.3584","1.5452","null","null","null","82.4970","null","5.7930",530264,601713,595284,467793,514917,596748,664068,608384,546318,622226,"54.7045","null","null","null","null","null","null","null",29,"1","Slider",2,0,2,0,0,2,2,0,"Infield shift","Standard"
"FF","2018-06-01","90.6","-1.4059","6.1849","Chris Stratton",596748,608717,"null","ball",,,,,"13","null","R","R","R","SF","PHI","B","null","null",0,1,2018,"-0.3832","1.2095","-0.5414","0.6487","null","null","null",2,4,"Top","null","null",,,457763,,"180602_032056","2.9594","-131.5613","-10.4335","-5.0324","26.0306","-16.2814","3.3073","1.4980","null","null","null","90.5000","2428","6.1910",530264,608717,457763,467055,605412,446334,543063,607776,491676,457705,"54.3062","null","null","null","null","null","null","null",28,"2","4-Seam Fastball",2,0,0,2,0,2,0,2,"Standard","Standard"
"FF","2018-06-01","91.3","-1.4993","6.2021","Chris Stratton",596748,608717,"null","called_strike",,,,,"7","null","R","R","R","SF","PHI","S","null","null",0,0,2018,"-0.4768","1.2195","-0.3791","1.8533","null","null","null",2,4,"Top","null","null",,,457763,,"180602_032044","3.8293","-132.8372","-7.6993","-6.3964","25.8693","-16.4254","3.3775","1.4980","null","null","null","91.4630","2530","6.1900",530264,608717,457763,467055,605412,446334,543063,607776,491676,457705,"54.3072","null","null","null","null","null","null","null",28,"1","4-Seam Fastball",2,0,0,2,0,2,0,2,"Standard","Standard"
"FT","2018-06-01","90.2","-1.5502","6.1406","Chris Stratton",467793,608717,"null","called_strike",,,,,"4","null","R","L","R","SF","PHI","S","null","null",1,0,2018,"-0.5440","0.9330","-0.6695","2.8726","null","null","null",1,4,"Top","null","null",,,457763,,"180602_032000","3.3116","-131.3372","-4.1958","-6.8836","23.6676","-20.8347","3.4558","1.5902","null","null","null","90.3240","2414","5.9970",530264,608717,457763,467055,605412,446334,543063,607776,491676,457705,"54.5004","null","null","null","null","null","null","null",27,"2","2-Seam Fastball",2,0,0,2,0,2,0,2,"Infield shift","Strategic"
"CH","2018-06-01","84.2","-1.5919","6.0810","Chris Stratton",467793,608717,"null","ball",,,,,"13","null","R","L","R","SF","PHI","B","null","null",0,0,2018,"-1.2594","0.3980","-0.7417","0.9151","null","null","null",1,4,"Top","null","null",,,457763,,"180602_031949","4.4455","-122.5752","-6.4765","-13.5117","20.7707","-27.2355","3.4437","1.5842","null","null","null","84.5800","1928","6.1950",530264,608717,457763,467055,605412,446334,543063,607776,491676,457705,"54.3025","null","null","null","null","null","null","null",27,"1","Changeup",2,0,0,2,0,2,0,2,"Infield shift","Standard"
"CU","2018-06-01","78.3","-1.3802","6.2135","Chris Stratton",546318,608717,"null","ball",,,,,"13","null","R","L","R","SF","PHI","B","null","null",2,2,2018,"1.3500","-0.9536","-0.6079","0.4044","null","null","null",0,4,"Top","null","null",,,457763,,"180602_031726","-0.7560","-113.8740","-3.8648","11.5670","22.4086","-39.7455","3.3002","1.6251","null","null","null","77.1940","3147","5.6900",530264,608717,457763,467055,605412,446334,543063,607776,491676,457705,"54.8079","null","null","null","null","null","null","null",26,"5","Curveball",2,0,0,2,0,2,0,2,"Standard","Standard"
"FT","2018-06-01","90.6","-1.5507","6.1072","Chris Stratton",546318,608717,"null","called_strike",,,,,"11","null","R","L","R","SF","PHI","S","null","null",2,1,2018,"-0.8968","0.7603","-1.0800","2.6418","null","null","null",0,4,"Top","null","null",,,457763,,"180602_031706","3.0496","-131.8658","-4.3544","-11.0007","25.8850","-22.7139","2.9990","1.4800","null","null","null","90.4740","2321","6.0260",530264,608717,457763,467055,605412,446334,543063,607776,491676,457705,"54.4709","null","null","null","null","null","null","null",26,"4","2-Seam Fastball",2,0,0,2,0,2,0,2,"Standard","Standard"
"FF","2018-06-01","90.7","-1.5344","6.1450","Chris Stratton",546318,608717,"null","called_strike",,,,,"4","null","R","L","R","SF","PHI","S","null","null",2,0,2018,"-0.4263","1.3574","-0.8223","2.1225","null","null","null",0,4,"Top","null","null",,,457763,,"180602_031646","2.6917","-131.9879","-7.0594","-5.5411","26.8888","-15.0424","3.1596","1.6208","null","null","null","90.9250","2495","6.3250",530264,608717,457763,467055,605412,446334,543063,607776,491676,457705,"54.1719","null","null","null","null","null","null","null",26,"3","4-Seam Fastball",2,0,0,2,0,2,0,2,"Standard","Standard"
"CH","2018-06-01","83.0","-1.4135","6.1217","Chris Stratton",546318,608717,"null","ball",,,,,"11","null","R","L","R","SF","PHI","B","null","null",1,0,2018,"-0.9192","0.5187","-1.6624","3.8568","null","null","null",0,4,"Top","null","null",,,457763,,"180602_031626","1.2172","-121.0024","0.1795","-9.2824","20.5758","-27.2760","3.1892","1.4723","null","null","null","83.4950","1955","6.2270",530264,608717,457763,467055,605412,446334,543063,607776,491676,457705,"54.2709","null","null","null","null","null","null","null",26,"2","Changeup",2,0,0,2,0,2,0,2,"Standard","Standard"
"CH","2018-06-01","84.1","-1.7225","6.1361","Chris Stratton",546318,608717,"null","ball",,,,,"11","null","R","L","R","SF","PHI","B","null","null",0,0,2018,"-0.8812","0.1601","-1.2106","2.7060","null","null","null",0,4,"Top","null","null",,,457763,,"180602_031608","2.9173","-122.5390","-1.9709","-9.4131","21.1982","-30.4092","3.3375","1.6273","null","null","null","84.4860","1770","6.1900",530264,608717,457763,467055,605412,446334,543063,607776,491676,457705,"54.3075","null","null","null","null","null","null","null",26,"1","Changeup",2,0,0,2,0,2,0,2,"Standard","Standard"
"FF","2018-06-01","94.8","-2.9430","5.9089","Nick Pivetta",446334,601713,"null","called_strike",,,,,"8","null","R","R","R","SF","PHI","S","null","null",0,0,2018,"-1.0803","1.5688","-0.2578","2.2464","null","null","null",2,3,"Bot","null","null",,,595284,,"180602_031329","9.4483","-137.5685","-7.3346","-15.9850","34.0567","-10.7752","3.7812","1.6749","null","null","null","94.3830","2486","6.4610",530264,601713,595284,467793,514917,596748,664068,608384,546318,622226,"54.0368","null","null","null","null","null","null","null",25,"1","4-Seam Fastball",2,0,2,0,0,2,2,0,"Infield shift","Standard"
"FF","2018-06-01","94.2","-2.7671","5.9801","Nick Pivetta",467055,601713,"null","ball",,,,,"12","null","R","L","R","SF","PHI","B","null","null",1,2,2018,"-0.7839","1.5742","0.4827","4.9325","null","null","null",1,3,"Bot","null","null",,,595284,,"180602_031218","10.2327","-136.9529","-0.5469","-12.1350","29.0987","-12.2507","3.2006","1.5011","null","null","null","94.7180","2297","6.5530",530264,601713,595284,467793,514917,596748,664068,608384,546318,622226,"53.9441","null","null","null","null","null","null","null",24,"4","4-Seam Fastball",2,0,2,0,0,2,2,0,"Strategic","Standard"
"KC","2018-06-01","80.4","-3.3221","5.6665","Nick Pivetta",467055,601713,"null","ball",,,,,"13","null","R","L","R","SF","PHI","B","null","null",0,1,2018,"1.0318","-1.0349","-0.9831","0.9480","null","null","null",1,3,"Bot","null","null",,,595284,,"180602_031141","3.2341","-116.9887","-1.7864","8.6952","23.4556","-41.4296","3.3334","1.5520","null","null","null","79.9040","2922","6.0890",530264,601713,595284,467793,514917,596748,664068,608384,546318,622226,"54.4080","null","null","null","null","null","null","null",24,"2","Knuckle Curve",2,0,2,0,0,2,2,0,"Strategic","Standard"
"FT","2018-06-01","93.8","-2.8102","5.9721","Nick Pivetta",467055,601713,"null","called_strike",,,,,"5","null","R","L","R","SF","PHI","S","null","null",0,0,2018,"-1.0344","1.2944","0.1952","2.4339","null","null","null",1,3,"Bot","null","null",,,595284,,"180602_031122","10.0474","-136.2063","-6.2660","-15.0476","29.0970","-14.8990","3.1158","1.4625","null","null","null","93.8230","2407","6.3550",530264,601713,595284,467793,514917,596748,664068,608384,546318,622226,"54.1422","null","null","null","null","null","null","null",24,"1","2-Seam Fastball",2,0,2,0,0,2,2,0,"Strategic","Standard"
"FF","2018-06-01","94.4","-2.7275","6.2808","Nick Pivetta",457705,601713,"null","ball",,,,,"2","null","R","R","R","SF","PHI","B","null","null",0,0,2018,"-0.6400","1.4703","-0.0112","3.4293","null","null","null",0,3,"Bot","null","null",,,595284,,"180602_031031","8.5524","-137.2936","-5.0876","-9.9677","28.1907","-12.4510","3.3498","1.6671","null","null","null","95.1930","2454","6.6140",530264,601713,595284,467793,514917,596748,664068,608384,546318,622226,"53.8838","null","null","null","null","null","null","null",23,"1","4-Seam Fastball",2,0,2,0,0,2,2,0,"Infield shift","Strategic"
"FF","2018-06-01","92.0","-1.5645","6.0369","Chris Stratton",664068,608717,"null","ball",,,,,"14","null","R","R","R","SF","PHI","B","null","null",1,2,2018,"-0.0026","1.3939","1.3370","1.4412","null","622226.00","514917.00",2,3,"Top","null","null",,,457763,,"180602_030706","7.3556","-133.5903","-8.8162","-1.5702","27.9479","-13.8183","3.4332","1.5122","null","null","null","92.0080","2495","6.3440",530264,608717,457763,467055,605412,446334,543063,607776,491676,457705,"54.1530","null","null","null","null","null","null","null",22,"4","4-Seam Fastball",2,0,0,2,0,2,0,2,"Standard","Standard"
"FF","2018-06-01","93.1","-1.6783","6.1307","Chris Stratton",664068,608717,"null","ball",,,,,"12","null","R","R","R","SF","PHI","B","null","null",0,2,2018,"-0.0527","1.3794","1.3934","2.7456","null","622226.00","514917.00",2,3,"Top","null","null",,,457763,,"180602_030643","8.0366","-135.3314","-6.0053","-2.3320","28.2385","-13.9696","3.4110","1.6139","null","null","null","93.6810","2623","6.5890",530264,608717,457763,467055,605412,446334,543063,607776,491676,457705,"53.9082","null","null","null","null","null","null","null",22,"3","4-Seam Fastball",2,0,0,2,0,2,0,2,"Standard","Standard"
"FF","2018-06-01","92.4","-1.7038","6.1201","Chris Stratton",664068,608717,"null","called_strike",,,,,"9","null","R","R","R","SF","PHI","S","null","null",0,1,2018,"0.0596","1.2076","0.7562","1.9824","null","622226.00","514917.00",2,3,"Top","null","null",,,457763,,"180602_030555","6.1198","-134.2864","-7.3246","-0.5581","28.0298","-16.2820","3.4185","1.5630","null","null","null","92.2930","2528","6.2120",530264,608717,457763,467055,605412,446334,543063,607776,491676,457705,"54.2854","null","null","null","null","null","null","null",22,"2","4-Seam Fastball",2,0,0,2,0,2,0,2,"Standard","Standard"
"SL","2018-06-01","83.2","-1.7867","6.1702","Chris Stratton",664068,608717,"null","called_strike",,,,,"6","null","R","R","R","SF","PHI","S","null","null",0,0,2018,"0.4801","-0.1823","0.4660","2.6806","null","622226.00","514917.00",2,3,"Top","null","null",,,457763,,"180602_030528","4.2007","-121.0506","-1.2179","3.8453","22.5514","-33.9420","3.3593","1.4215","null","null","null","82.4490","2937","5.6900",530264,608717,457763,467055,605412,446334,543063,607776,491676,457705,"54.8073","null","null","null","null","null","null","null",22,"1","Slider",2,0,0,2,0,2,0,2,"Standard","Standard"
"FC","2018-06-01","91.4","-1.6575","6.0758","Chris Stratton",514917,608717,"walk","ball",,,,,"1","Cesar Hernandez walks.  ","R","L","R","SF","PHI","B","null","null",3,1,2018,"0.0248","1.2531","-0.7531","3.2191","null","622226.00","null",2,3,"Top","null","null",,,457763,,"180602_030449","2.2407","-133.2111","-4.1175","-0.1541","26.9585","-16.4276","3.2112","1.5262","null","null","null","92.2580","2519","6.5840",530264,608717,457763,467055,605412,446334,543063,607776,491676,457705,"53.9130","null","null","0.70",1,0,0,"null",21,"5","Cutter",2,0,0,2,0,2,0,2,"Standard","Standard"
"FF","2018-06-01","90.9","-1.7000","6.1074","Chris Stratton",514917,608717,"null","called_strike",,,,,"2","null","R","L","R","SF","PHI","S","null","null",3,0,2018,"-0.0111","1.0251","-0.2269","3.0655","null","622226.00","null",2,3,"Top","null","null",,,457763,,"180602_030428","3.7250","-132.3709","-3.9772","-0.8554","25.7089","-19.4463","3.3428","1.5333","null","null","null","91.4770","2499","6.3940",530264,608717,457763,467055,605412,446334,543063,607776,491676,457705,"54.1036","null","null","null","null","null","null","null",21,"4","4-Seam Fastball",2,0,0,2,0,2,0,2,"Standard","Standard"
"FF","2018-06-01","91.2","-1.7604","6.1264","Chris Stratton",514917,608717,"null","ball",,,,,"11","null","R","L","R","SF","PHI","B","null","null",2,0,2018,"-0.2186","1.0525","-1.6481","2.5225","null","622226.00","null",2,3,"Top","null","null",,,457763,,"180602_030404","0.7524","-132.8852","-5.5236","-2.7529","24.8087","-18.7521","3.3485","1.5873","null","null","null","91.8720","2435","6.3320",530264,608717,457763,467055,605412,446334,543063,607776,491676,457705,"54.1656","null","null","null","null","null","null","null",21,"3","4-Seam Fastball",2,0,0,2,0,2,0,2,"Standard","Standard"
"CH","2018-06-01","84.1","-1.7357","6.0313","Chris Stratton",514917,608717,"null","ball",,,,,"7","null","R","L","R","SF","PHI","B","null","null",0,0,2018,"-1.1012","0.6645","-0.5035","1.7457","null","622226.00","null",2,3,"Top","null","null",,,457763,,"180602_030230","5.0931","-122.4844","-4.9955","-12.1709","21.0841","-24.6733","3.3636","1.5475","null","null","null","85.1250","1930","6.6180",530264,608717,457763,467055,605412,446334,543063,607776,491676,457705,"53.8792","null","null","null","null","null","null","null",21,"1","Changeup",2,0,0,2,0,2,0,2,"Standard","Standard"
"FF","2018-06-01","91.8","-1.6483","6.1349","Chris Stratton",595284,608717,"null","ball",,,,,"13","null","R","L","R","SF","PHI","B","null","null",2,1,2018,"-0.5797","1.2916","-0.8741","0.9362","null","null","null",0,3,"Top","null","null",,,457763,,"180602_025959","3.1997","-133.4598","-10.0931","-7.5733","26.5692","-14.9129","3.4518","1.4714","null","null","null","91.9060","2448","6.2340",530264,608717,457763,467055,605412,446334,543063,607776,491676,457705,"54.2635","null","null","null","null","null","null","null",18,"4","4-Seam Fastball",2,0,0,2,0,2,0,2,"Strategic","Standard"
"FF","2018-06-01","91.1","-1.7532","6.1863","Chris Stratton",595284,608717,"null","ball",,,,,"12","null","R","L","R","SF","PHI","B","null","null",1,1,2018,"0.0287","1.2098","1.2021","2.3124","null","null","null",0,3,"Top","null","null",,,457763,,"180602_025942","7.3370","-132.4880","-6.4603","-0.9941","24.0844","-16.8870","3.2470","1.2902","null","null","null","91.3750","2520","6.1540",530264,608717,457763,467055,605412,446334,543063,607776,491676,457705,"54.3435","null","null","null","null","null","null","null",18,"3","4-Seam Fastball",2,0,0,2,0,2,0,2,"Strategic","Standard"
"FF","2018-06-01","91.3","-1.5846","6.1965","Chris Stratton",595284,608717,"null","called_strike",,,,,"4","null","R","L","R","SF","PHI","S","null","null",1,0,2018,"-0.2498","1.5246","-0.5868","2.4247","null","null","null",0,3,"Top","null","null",,,457763,,"180602_025923","3.0374","-132.8619","-6.8864","-3.5617","26.5581","-12.9772","3.3144","1.3844","null","null","null","91.3560","2419","6.1680",530264,608717,457763,467055,605412,446334,543063,607776,491676,457705,"54.3292","null","null","null","null","null","null","null",18,"2","4-Seam Fastball",2,0,0,2,0,2,0,2,"Strategic","Standard"
"FF","2018-06-01","91.7","-1.5754","6.1618","Chris Stratton",595284,608717,"null","ball",,,,,"14","null","R","L","R","SF","PHI","B","null","null",0,0,2018,"-0.3412","1.4371","0.5085","1.2711","null","null","null",0,3,"Top","null","null",,,457763,,"180602_025909","5.9700","-133.2030","-9.5540","-5.2488","26.7367","-13.4059","3.3453","1.4601","null","null","null","91.5320","2427","6.1370",530264,608717,457763,467055,605412,446334,543063,607776,491676,457705,"54.3609","null","null","null","null","null","null","null",18,"1","4-Seam Fastball",2,0,0,2,0,2,0,2,"Strategic","Standard"
"FF","2018-06-01","95.8","-2.6003","6.3019","Nick Pivetta",605412,601713,"null","ball",,,,,"13","null","R","L","R","SF","PHI","B","null","null",0,0,2018,"-0.8347","1.5481","-0.9146","1.4109","null","607776.00","null",2,2,"Bot","null","null",,,595284,,"180602_025022","6.3832","-139.1266","-10.8867","-12.3484","29.7439","-9.6663","3.2274","1.5242","null","null","null","96.3970","2354","6.6330",530264,601713,595284,467793,514917,596748,664068,608384,546318,622226,"53.8649","null","null","null","null","null","null","null",16,"1","4-Seam Fastball",1,0,1,0,0,1,1,0,"Strategic","Standard"
"FT","2018-06-01","94.7","-2.7143","6.1256","Nick Pivetta",491676,601713,"strikeout","called_strike",,,,,"13","Gorkys Hernandez called out on strikes.  ","R","R","R","SF","PHI","S",2,"null",1,2,2018,"-1.0589","1.1838","-1.1040","1.7290","null","null","607776.00",0,2,"Bot","null","null",,,595284,,"180602_024842","6.5723","-137.5625","-8.4496","-14.9092","29.5070","-15.4751","3.2792","1.5748","null","null","null","94.8600","2237","6.4020",530264,601713,595284,467793,514917,596748,664068,608384,546318,622226,"54.0953","null","null","0.00",1,0,0,"null",14,"5","2-Seam Fastball",1,0,1,0,0,1,1,0,"Standard","Standard"
"FF","2018-06-01","95.2","-2.5119","6.2791","Nick Pivetta",491676,601713,"null","ball",,,,,"11","null","R","R","R","SF","PHI","B","null","null",0,2,2018,"-0.5045","1.4019","-0.0226","3.8839","null","null","607776.00",0,2,"Bot","null","null",,,595284,,"180602_024747","7.6755","-138.5477","-3.8141","-8.1669","29.7763","-13.4487","3.4534","1.4973","null","null","null","95.4920","2308","6.3640",530264,601713,595284,467793,514917,596748,664068,608384,546318,622226,"54.1335","null","null","null","null","null","null","null",14,"3","4-Seam Fastball",1,0,1,0,0,1,1,0,"Standard","Standard"
"FT","2018-06-01","94.9","-2.7440","6.2905","Nick Pivetta",491676,601713,"null","called_strike",,,,,"7","null","R","R","R","SF","PHI","S","null","null",0,0,2018,"-1.1333","1.0864","-0.5264","2.0189","null","null","607776.00",0,2,"Bot","null","null",,,595284,,"180602_024705","8.3658","-137.8303","-7.9799","-16.3335","28.8389","-16.7192","3.4511","1.4824","null","null","null","95.3210","2250","6.5050",530264,601713,595284,467793,514917,596748,664068,608384,546318,622226,"53.9927","null","null","null","null","null","null","null",14,"1","2-Seam Fastball",1,0,1,0,0,1,1,0,"Standard","Standard"
"SL","2018-06-01","81.4","-3.2763","5.6127","Nick Pivetta",607776,601713,"walk","ball",,,,,"12","Mac Williamson walks.  ","R","R","R","SF","PHI","B","null","null",3,2,2018,"0.9546","-0.3547","1.2417","2.6040","null","null","null",0,2,"Bot","null","null",,,595284,,"180602_024626","8.2853","-118.3316","0.4868","7.4511","21.0559","-35.7908","3.4834","1.6382","null","null","null","81.2290","2775","6.0750",530264,601713,595284,467793,514917,596748,664068,608384,546318,622226,"54.4222","null","null","0.70",1,0,0,"null",13,"6","Slider",1,0,1,0,0,1,1,0,"Standard","Standard"
"FF","2018-06-01","94.1","-2.7860","6.2443","Nick Pivetta",607776,601713,"null","called_strike",,,,,"3","null","R","R","R","SF","PHI","S","null","null",3,0,2018,"-0.7170","1.5394","0.6872","3.1695","null","null","null",0,2,"Bot","null","null",,,595284,,"180602_024549","10.6248","-136.5584","-5.6461","-11.4536","31.8055","-11.7991","3.6178","1.4842","null","null","null","94.0000","2313","6.5090",530264,601713,595284,467793,514917,596748,664068,608384,546318,622226,"53.9880","null","null","null","null","null","null","null",13,"4","4-Seam Fastball",1,0,1,0,0,1,1,0,"Standard","Standard"
"FF","2018-06-01","94.7","-3.0207","5.9353","Nick Pivetta",607776,601713,"null","ball",,,,,"14","null","R","R","R","SF","PHI","B","null","null",2,0,2018,"-0.5774","1.3897","1.3157","2.5016","null","null","null",0,2,"Bot","null","null",,,595284,,"180602_024533","12.6478","-137.3345","-6.3767","-10.2310","31.3001","-13.2426","3.7475","1.7278","null","null","null","94.7770","2320","6.5850",530264,601713,595284,467793,514917,596748,664068,608384,546318,622226,"53.9122","null","null","null","null","null","null","null",13,"3","4-Seam Fastball",1,0,1,0,0,1,1,0,"Standard","Standard"
"SL","2018-06-01","80.9","-3.1350","5.7701","Nick Pivetta",607776,601713,"null","ball",,,,,"14","null","R","R","R","SF","PHI","B","null","null",1,0,2018,"0.8071","-0.1854","0.8990","2.3903","null","null","null",0,2,"Bot","null","null",,,595284,,"180602_024518","7.4608","-117.7192","-0.5836","6.1893","20.9516","-34.0020","3.5269","1.5951","null","null","null","81.0830","2525","6.2730",530264,601713,595284,467793,514917,596748,664068,608384,546318,622226,"54.2242","null","null","null","null","null","null","null",13,"2","Slider",1,0,1,0,0,1,1,0,"Standard","Standard"
"FF","2018-06-01","93.0","-2.8086","6.3452","Nick Pivetta",607776,601713,"null","ball",,,,,"11","null","R","R","R","SF","PHI","B","null","null",0,0,2018,"-0.5240","1.7097","-0.2021","4.0632","null","null","null",0,2,"Bot","null","null",,,595284,,"180602_024504","7.8551","-135.1769","-3.8173","-8.2003","30.3607","-10.5299","3.5988","1.6017","null","null","null","93.1020","2446","6.4790",530264,601713,595284,467793,514917,596748,664068,608384,546318,622226,"54.0188","null","null","null","null","null","null","null",13,"1","4-Seam Fastball",1,0,1,0,0,1,1,0,"Standard","Standard"
"FF","2018-06-01","92.0","-1.6260","6.1579","Chris Stratton",608384,608717,"null","called_strike",,,,,"5","null","R","L","R","SF","PHI","S","null","null",0,0,2018,"-0.3915","1.5226","-0.2669","2.1364","null","null","null",2,2,"Top","null","null",,,457763,,"180602_024153","4.2698","-133.7730","-7.5760","-5.5968","29.6323","-12.6416","3.2855","1.5021","null","null","null","91.5300","2482","6.1060",530264,608717,457763,474832,605412,446334,543063,607776,491676,457705,"54.3912","null","null","null","null","null","null","null",12,"1","4-Seam Fastball",1,0,0,1,0,1,0,1,"Standard","Standard"
"SL","2018-06-01","82.2","-1.6747","6.1440","Chris Stratton",596748,608717,"null","ball",,,,,"12","null","R","R","R","SF","PHI","B","null","null",0,0,2018,"0.6264","-0.3516","0.9750","2.7635","null","null","null",1,2,"Top","null","null",,,457763,,"180602_024105","4.7550","-119.6501","-0.5423","5.0329","20.7004","-35.6055","3.3529","1.4955","null","null","null","81.1910","2969","5.3530",530264,608717,457763,474832,605412,446334,543063,607776,491676,457705,"55.1444","null","null","null","null","null","null","null",11,"1","Slider",1,0,0,1,0,1,0,1,"Standard","Standard"
"SL","2018-06-01","84.7","-1.6319","6.3179","Chris Stratton",467793,608717,"null","ball",,,,,"14","null","R","L","R","SF","PHI","B","null","null",0,2,2018,"0.4360","-0.1269","1.8111","1.6951","null","null","null",0,2,"Top","null","null",,,457763,,"180602_024013","7.0892","-123.1008","-4.1688","2.9986","23.1485","-32.8921","3.4381","1.5805","null","null","null","83.6930","2907","5.5730",530264,608717,457763,474832,605412,446334,543063,607776,491676,457705,"54.9245","null","null","null","null","null","null","null",10,"4","Slider",1,0,0,1,0,1,0,1,"Infield shift","Standard"
"CH","2018-06-01","84.6","-1.6051","6.1322","Chris Stratton",467793,608717,"null","called_strike",,,,,"8","null","R","L","R","SF","PHI","S","null","null",0,1,2018,"-1.2292","0.2222","0.1780","2.2117","null","null","null",0,2,"Top","null","null",,,457763,,"180602_023934","6.5716","-123.0850","-3.2626","-13.6895","22.8206","-29.5246","3.4457","1.6802","null","null","null","84.6210","1948","6.1630",530264,608717,457763,474832,605412,446334,543063,607776,491676,457705,"54.3347","null","null","null","null","null","null","null",10,"2","Changeup",1,0,0,1,0,1,0,1,"Infield shift","Standard"
"FT","2018-06-01","91.1","-1.7344","6.2725","Chris Stratton",467793,608717,"null","called_strike",,,,,"13","null","R","L","R","SF","PHI","S","null","null",0,0,2018,"-1.1177","1.1460","-1.0651","2.0270","null","null","null",0,2,"Top","null","null",,,457763,,"180602_023919","3.9901","-132.5067","-7.1638","-13.7871","25.2865","-17.6675","3.4507","1.5754","null","null","null","90.6800","2352","5.8170",530264,608717,457763,474832,605412,446334,543063,607776,491676,457705,"54.6799","null","null","null","null","null","null","null",10,"1","2-Seam Fastball",1,0,0,1,0,1,0,1,"Infield shift","Standard"
"FF","2018-06-01","94.9","-2.6270","6.2065","Nick Pivetta",543063,601713,"null","called_strike",,,,,"7","null","R","L","R","SF","PHI","S","null","null",3,0,2018,"-0.9505","1.6519","-0.7779","2.0592","null","457705.00","446334.00",2,1,"Bot","null","null",,,595284,,"180602_023546","6.9472","-137.6920","-8.7952","-13.6607","32.4481","-9.4351","3.4438","1.5699","null","null","null","94.4560","2381","6.3280",530264,601713,595284,467793,514917,596748,664068,608384,546318,622226,"54.1694","null","null","null","null","null","null","null",9,"4","4-Seam Fastball",1,0,1,0,0,1,1,0,"Infield shift","Standard"
"FF","2018-06-01","95.9","-2.5190","6.3920","Nick Pivetta",543063,601713,"null","ball",,,,,"12","null","R","L","R","SF","PHI","B","null","null",2,0,2018,"-0.7642","1.6190","0.9717","3.4013","null","457705.00","446334.00",2,1,"Bot","null","null",,,595284,,"180602_023522","10.9294","-139.1120","-5.9144","-12.3598","31.0405","-10.0508","3.3773","1.5854","null","null","null","95.7110","2416","6.3400",530264,601713,595284,467793,514917,596748,664068,608384,546318,622226,"54.1579","null","null","null","null","null","null","null",9,"3","4-Seam Fastball",1,0,1,0,0,1,1,0,"Infield shift","Standard"
"CH","2018-06-01","87.6","-2.8788","6.0602","Nick Pivetta",543063,601713,"null","ball",,,,,"13","null","R","L","R","SF","PHI","B","null","null",1,0,2018,"-1.0347","1.1719","-0.8135","0.8863","null","457705.00","446334.00",2,1,"Bot","null","null",,,595284,,"180602_023502","7.1541","-127.1649","-8.8089","-12.7413","25.0059","-17.8009","3.4659","1.6408","null","null","null","87.9430","1945","6.5430",530264,601713,595284,467793,514917,596748,664068,608384,546318,622226,"53.9548","null","null","null","null","null","null","null",9,"2","Changeup",1,0,1,0,0,1,1,0,"Infield shift","Standard"
"FF","2018-06-01","95.1","-2.5361","6.3231","Nick Pivetta",543063,601713,"null","ball",,,,,"13","null","R","L","R","SF","PHI","B","null","null",0,0,2018,"-0.5887","1.6155","-1.4955","2.0874","null","457705.00","446334.00",2,1,"Bot","null","null",,,595284,,"180602_023442","4.0607","-138.2273","-9.1020","-8.4739","30.3372","-9.5724","3.3849","1.5855","null","null","null","95.3520","2421","6.4610",530264,601713,595284,467793,514917,596748,664068,608384,546318,622226,"54.0361","null","null","null","null","null","null","null",9,"1","4-Seam Fastball",1,0,1,0,0,1,1,0,"Infield shift","Standard"
"FF","2018-06-01","96.0","-2.5094","6.3578","Nick Pivetta",474832,601713,"null","called_strike",,,,,"3","null","R","L","R","SF","PHI","S","null","null",1,1,2018,"-0.7736","1.5785","0.4151","3.2929","605412.00","null","457705.00",1,1,"Bot","null","null",,,595284,,"180602_023237","9.5003","-139.3778","-6.0590","-12.2855","32.2189","-10.4019","3.2973","1.5771","null","null","null","95.9320","2363","6.4380",530264,601713,595284,467793,514917,596748,664068,608384,546318,622226,"54.0596","null","null","null","null","null","null","null",7,"3","4-Seam Fastball",0,0,0,0,0,0,0,0,"Infield shift","Standard"
"FF","2018-06-01","95.8","-2.6674","6.3248","Nick Pivetta",474832,601713,"null","ball",,,,,"12","null","R","L","R","SF","PHI","B","null","null",0,0,2018,"-0.7013","1.5742","0.3106","4.2610","605412.00","null","457705.00",1,1,"Bot","null","null",,,595284,,"180602_023146","9.4492","-139.2138","-3.3716","-11.2732","31.9005","-11.1757","3.2605","1.5756","null","null","null","95.7240","2456","6.3650",530264,601713,595284,467793,514917,596748,664068,608384,546318,622226,"54.1320","null","null","null","null","null","null","null",7,"1","4-Seam Fastball",0,0,0,0,0,0,0,0,"Infield shift","Standard"
"FF","2018-06-01","95.0","-2.5354","6.2994","Nick Pivetta",457705,601713,"null","ball",,,,,"14","null","R","R","R","SF","PHI","B","null","null",0,0,2018,"-0.4455","1.6557","0.4690","1.5501","null","605412.00","457763.00",0,1,"Bot","null","null",,,595284,,"180602_022926","8.8933","-137.7698","-10.5213","-7.6415","29.5515","-8.8008","3.5390","1.6960","null","null","null","95.3320","2352","6.5890",530264,601713,595284,467793,514917,596748,664068,608384,546318,622226,"53.9086","null","null","null","null","null","null","null",6,"1","4-Seam Fastball",0,0,0,0,0,0,0,0,"Infield shift","Strategic"
"FF","2018-06-01","95.7","-2.4065","6.3153","Nick Pivetta",457763,601713,"null","ball",,,,,"9","null","R","R","R","SF","PHI","B","null","null",1,2,2018,"-0.4783","1.7001","0.7784","1.8095","null","null","605412.00",0,1,"Bot","null","null",,,595284,,"180602_022735","9.4292","-138.7287","-10.0044","-8.2398","30.6705","-8.2995","3.5244","1.6043","null","null","null","95.2930","2512","6.2360",530264,601713,595284,467793,514917,596748,664068,608384,546318,622226,"54.2617","null","null","null","null","null","null","null",5,"5","4-Seam Fastball",0,0,0,0,0,0,0,0,"Standard","Standard"
"KC","2018-06-01","78.1","-2.9317","5.9271","Nick Pivetta",457763,601713,"null","called_strike",,,,,"13","null","R","R","R","SF","PHI","S","null","null",0,1,2018,"1.4250","-1.0270","-0.8952","2.4275","null","null","605412.00",0,1,"Bot","null","null",,,595284,,"180602_022621","1.8032","-113.5337","1.2370","11.5874","22.6533","-41.3038","3.4544","1.6200","null","null","null","76.8460","2890","5.6460",530264,601713,595284,467793,514917,596748,664068,608384,546318,622226,"54.8518","null","null","null","null","null","null","null",5,"2","Knuckle Curve",0,0,0,0,0,0,0,0,"Standard","Standard"
"FT","2018-06-01","94.3","-2.6986","6.2031","Nick Pivetta",605412,601713,"walk","ball",,,,,"11","Joe Panik walks.  ","R","L","R","SF","PHI","B","null","null",3,1,2018,"-1.0753","1.0428","-1.3739","3.1945","null","null","null",0,1,"Bot","null","null",,,595284,,"180602_022521","5.8114","-137.2529","-4.4566","-14.7955","28.6140","-18.2800","3.1959","1.5047","null","null","null","94.4230","2090","6.2160",530264,601713,595284,467793,514917,596748,664068,608384,546318,622226,"54.2813","null","null","0.70",1,0,0,"null",4,"5","2-Seam Fastball",0,0,0,0,0,0,0,0,"Infield shift","Standard"
"FF","2018-06-01","94.7","-2.6628","6.3304","Nick Pivetta",605412,601713,"null","ball",,,,,"11","null","R","L","R","SF","PHI","B","null","null",2,1,2018,"-0.7786","1.4982","-1.0398","4.2359","null","null","null",0,1,"Bot","null","null",,,595284,,"180602_022501","5.9379","-137.8051","-3.1172","-11.1367","29.5270","-12.7443","3.1922","1.4538","null","null","null","94.5440","2227","6.1150",530264,601713,595284,467793,514917,596748,664068,608384,546318,622226,"54.3823","null","null","null","null","null","null","null",4,"4","4-Seam Fastball",0,0,0,0,0,0,0,0,"Infield shift","Standard"
"FF","2018-06-01","94.5","-2.8445","6.1808","Nick Pivetta",605412,601713,"null","ball",,,,,"11","null","R","L","R","SF","PHI","B","null","null",1,1,2018,"-0.7097","1.5204","-0.8413","4.2196","null","null","null",0,1,"Bot","null","null",,,595284,,"180602_022445","6.7714","-137.4880","-2.8144","-10.3893","28.3660","-12.5362","3.2217","1.4382","null","null","null","94.5680","2282","6.1810",530264,601713,595284,467793,514917,596748,664068,608384,546318,622226,"54.3161","null","null","null","null","null","null","null",4,"3","4-Seam Fastball",0,0,0,0,0,0,0,0,"Infield shift","Standard"
"FT","2018-06-01","93.5","-3.0841","6.1249","Nick Pivetta",605412,601713,"null","ball",,,,,"11","null","R","L","R","SF","PHI","B","null","null",0,0,2018,"-1.0950","1.2155","-1.2480","2.4472","null","null","null",0,1,"Bot","null","null",,,595284,,"180602_022411","7.1386","-135.8640","-6.3773","-15.1237","30.3667","-15.9510","3.1442","1.4362","null","null","null","93.3640","2278","6.3310",530264,601713,595284,467793,514917,596748,664068,608384,546318,622226,"54.1668","null","null","null","null","null","null","null",4,"1","2-Seam Fastball",0,0,0,0,0,0,0,0,"Infield shift","Standard"
"CU","2018-06-01","76.5","-1.4438","6.2108","Chris Stratton",546318,608717,"null","called_strike",,,,,"1","null","R","L","R","SF","PHI","S","null","null",0,0,2018,"1.8187","-0.7837","-0.5651","2.9989","null","null","664068.00",1,1,"Top","null","null",,,457763,,"180602_022047","-1.2957","-111.1118","1.7303","14.6553","23.6513","-39.0513","3.3951","1.5922","null","null","null","74.5810","3149","5.4020",530264,608717,457763,474832,605412,446334,543063,607776,491676,457705,"55.0958","null","null","null","null","null","null","null",3,"1","Curveball",0,0,0,0,0,0,0,0,"Standard","Standard"
"FF","2018-06-01","91.1","-1.5043","6.1843","Chris Stratton",664068,608717,"null","ball",,,,,"12","null","R","R","R","SF","PHI","B","null","null",0,2,2018,"-0.1584","1.2280","0.4607","3.9910","null","null","null",1,1,"Top","null","null",,,457763,,"180602_021949","5.2664","-132.6896","-2.2761","-2.9188","26.4483","-17.4341","3.3659","1.3689","null","null","null","91.2720","2430","6.1860",530264,608717,457763,474832,605412,446334,543063,607776,491676,457705,"54.3116","null","null","null","null","null","null","null",2,"3","4-Seam Fastball",0,0,0,0,0,0,0,0,"Strategic","Standard"
"FF","2018-06-01","92.5","-1.5854","6.1365","Chris Stratton",664068,608717,"null","called_strike",,,,,"8","null","R","R","R","SF","PHI","S","null","null",0,0,2018,"-0.2305","0.9497","-0.0544","1.7687","null","null","null",1,1,"Top","null","null",,,457763,,"180602_021903","4.4145","-134.6742","-7.4948","-3.6594","25.1214","-19.2747","3.2293","1.4067","null","null","null","93.2210","2464","6.3710",530264,608717,457763,474832,605412,446334,543063,607776,491676,457705,"54.1263","null","null","null","null","null","null","null",2,"1","4-Seam Fastball",0,0,0,0,0,0,0,0,"Strategic","Standard"
"FF","2018-06-01","92.3","-1.6566","6.0973","Chris Stratton",514917,608717,"strikeout","called_strike",,,,,"4","Cesar Hernandez called out on strikes.  ","R","L","R","SF","PHI","S",2,"null",2,2,2018,"-0.2547","0.8598","-0.7408","2.2390","null","null","null",0,1,"Top","null","null",,,457763,,"180602_021830","2.8797","-134.4197","-5.9562","-3.6317","24.1454","-20.7747","3.2072","1.5579","null","null","null","92.9280","2482","6.2360",530264,608717,457763,474832,605412,446334,543063,607776,491676,457705,"54.2615","null","null","0.00",1,0,0,"null",1,"9","4-Seam Fastball",0,0,0,0,0,0,0,0,"Standard","Standard"
"FF","2018-06-01","92.7","-1.5853","6.1708","Chris Stratton",514917,608717,"null","ball",,,,,"11","null","R","L","R","SF","PHI","B","null","null",1,2,2018,"-0.4786","1.2195","-1.8253","2.7114","null","null","null",0,1,"Top","null","null",,,457763,,"180602_021727","0.4183","-134.9684","-5.6810","-5.8902","28.4640","-16.4144","3.2184","1.5435","null","null","null","92.4810","2566","6.0560",530264,608717,457763,474832,605412,446334,543063,607776,491676,457705,"54.4418","null","null","null","null","null","null","null",1,"6","4-Seam Fastball",0,0,0,0,0,0,0,0,"Standard","Standard"
"FF","2018-06-01","92.3","-1.5552","6.1944","Chris Stratton",514917,608717,"null","ball",,,,,"11","null","R","L","R","SF","PHI","B","null","null",0,2,2018,"-0.4339","1.2495","-2.2493","3.2860","null","null","null",0,1,"Top","null","null",,,457763,,"180602_021711","-0.8331","-134.4467","-4.2864","-5.0507","26.9345","-16.5085","3.2552","1.5480","null","null","null","92.1080","2626","5.9460",530264,608717,457763,474832,605412,446334,543063,607776,491676,457705,"54.5509","null","null","null","null","null","null","null",1,"5","4-Seam Fastball",0,0,0,0,0,0,0,0,"Standard","Standard"
"FF","2018-06-01","92.4","-1.6647","6.2129","Chris Stratton",514917,608717,"null","called_strike",,,,,"13","null","R","L","R","SF","PHI","S","null","null",0,1,2018,"-0.1121","1.4457","-0.8365","1.7546","null","null","null",0,1,"Top","null","null",,,457763,,"180602_021616","2.3266","-134.2724","-8.5595","-1.8190","27.7971","-13.3870","3.3439","1.5898","null","null","null","91.7220","2467","5.8570",530264,608717,457763,474832,605412,446334,543063,607776,491676,457705,"54.6408","null","null","null","null","null","null","null",1,"2","4-Seam Fastball",0,0,0,0,0,0,0,0,"Standard","Standard"
"FF","2018-06-01","91.7","-1.6878","6.1752","Chris Stratton",514917,608717,"null","called_strike",,,,,"8","null","R","L","R","SF","PHI","S","null","null",0,0,2018,"-0.4159","1.1332","-0.1330","1.8209","null","null","null",0,1,"Top","null","null",,,457763,,"180602_021602","4.8185","-133.4304","-7.6168","-5.9339","26.5425","-17.3072","3.2367","1.5975","null","null","null","91.8900","2391","6.2350",530264,608717,457763,474832,605412,446334,543063,607776,491676,457705,"54.2620","null","null","null","null","null","null","null",1,"1","4-Seam Fastball",0,0,0,0,0,0,0,0,"Standard","Standard"