"pitch_type","game_date","release_speed","release_pos_x","release_pos_z","player_name","batter","pitcher","events","description","spin_dir","spin_rate_deprecated","break_angle_deprecated","break_length_deprecated","zone","des","game_type","stand","p_throws","home_team","away_team","type","hit_location","bb_type","balls","strikes","game_year","pfx_x","pfx_z","plate_x","plate_z","on_3b","on_2b","on_1b","outs_when_up","inning","inning_topbot","hc_x","hc_y","tfs_deprecated","tfs_zulu_deprecated","pos2_person_id","umpire","sv_id","vx0","vy0","vz0","ax","ay","az","sz_top","sz_bot","hit_distance_sc","launch_speed","launch_angle","effective_speed","release_spin_rate","release_extension","game_pk","pos1_person_id","pos2_person_id","pos3_person_id","pos4_person_id","pos5_person_id","pos6_person_id","pos7_person_id","pos8_person_id","pos9_person_id","release_pos_y","estimated_ba_using_speedangle","estimated_woba_using_speedangle","woba_value","woba_denom","babip_value","iso_value","launch_speed_angle","at_bat_number","pitch_number","pitch_name","home_score","away_score","bat_score","fld_score","post_away_score","post_home_score","post_bat_score","post_fld_score","if_fielding_alignment","of_fielding_alignment"
"SL","2018-08-14","83.7","2.0653","6.3356","Will Smith",571970,519293,"null","ball",,,,,"13","null","R","L","L","LAD","SF","B","null","null",1,2,2018,"-0.5560","0.6740","-2.7434","1.5098","null","641355.00","null",2,9,"Bot","null","null",,,457763,,"180815_051848","-9.9014","-121.2773","-5.8799","-3.3730","24.6663","-24.6950","3.2954","1.6812","null","null","null","82.6430","2587","5.9110",531205,519293,457763,474832,488818,446334,593700,596103,621453,457705,"54.5880","null","null","null","null","null","null","null",71,"4","Slider",1,2,1,2,2,1,1,2,"Standard","Standard"
"SL","2018-08-14","82.3","2.2019","6.4606","Will Smith",571970,519293,"null","ball",,,,,"13","null","R","L","L","LAD","SF","B","null","null",0,0,2018,"-0.9395","-0.1602","-1.4012","2.1172","null","null","641355.00",2,9,"Bot","null","null",,,457763,,"180815_051702","-6.2991","-119.4824","-2.8768","-7.3100","25.8235","-33.3183","3.3431","1.8003","null","null","null","80.6120","2424","5.5390",531205,519293,457763,474832,488818,446334,593700,596103,621453,457705,"54.9597","null","null","null","null","null","null","null",71,"1","Slider",1,2,1,2,2,1,1,2,"Standard","Standard"
"CU","2018-08-14","78.6","1.8053","6.5870","Will Smith",518735,519293,"null","called_strike",,,,,"6","null","R","R","L","LAD","SF","S","null","null",0,1,2018,"-0.8122","-0.7701","0.5439","2.5210","null","null","641355.00",1,9,"Bot","null","null",,,457763,,"180815_051517","-1.2747","-114.2244","-0.6044","-6.5139","21.3011","-38.7570","3.2716","1.5383","null","null","null","76.4930","2122","4.8690",531205,519293,457763,474832,488818,446334,593700,596103,621453,457705,"55.6304","null","null","null","null","null","null","null",70,"2","Curveball",1,2,1,2,2,1,1,2,"Standard","Standard"
"FF","2018-08-14","93.9","1.9040","6.6255","Will Smith",518735,519293,"null","called_strike",,,,,"8","null","R","R","L","LAD","SF","S","null","null",0,0,2018,"0.6223","1.4965","-0.0708","1.9675","null","null","641355.00",1,9,"Bot","null","null",,,457763,,"180815_051456","-6.4380","-136.2465","-9.5372","9.0927","29.5374","-11.8190","3.3431","1.6102","null","null","null","93.4120","2292","6.1300",531205,519293,457763,474832,488818,446334,593700,596103,621453,457705,"54.3691","null","null","null","null","null","null","null",70,"1","4-Seam Fastball",1,2,1,2,2,1,1,2,"Standard","Standard"
"FF","2018-08-14","94.2","1.4685","6.6932","Will Smith",641355,519293,"null","ball",,,,,"13","null","R","L","L","LAD","SF","B","null","null",1,2,2018,"0.6663","1.3523","-0.8833","1.4843","null","null","null",1,9,"Bot","null","null",,,457763,,"180815_051341","-7.4836","-136.4955","-10.6221","9.8590","29.9815","-13.4024","3.9634","1.8480","null","null","null","93.2460","2246","5.9550",531205,519293,457763,474832,488818,446334,593700,596103,621453,457705,"54.5437","null","null","null","null","null","null","null",69,"4","4-Seam Fastball",1,2,1,2,2,1,1,2,"Standard","Standard"
"SL","2018-08-14","81.0","2.0170","6.3531","Will Smith",641355,519293,"null","ball",,,,,"13","null","R","L","L","LAD","SF","B","null","null",0,2,2018,"-0.7278","-0.1907","-1.8662","0.4912","null","null","null",1,9,"Bot","null","null",,,457763,,"180815_051315","-7.2039","-117.5368","-5.9551","-5.1405","23.0564","-32.9856","3.9156","1.8241","null","null","null","79.6560","2427","5.5930",531205,519293,457763,474832,488818,446334,593700,596103,621453,457705,"54.9058","null","null","null","null","null","null","null",69,"3","Slider",1,2,1,2,2,1,1,2,"Standard","Standard"
"SL","2018-08-14","83.1","2.2607","6.2735","Will Smith",641355,519293,"null","called_strike",,,,,"13","null","R","L","L","LAD","SF","S","null","null",0,1,2018,"-0.7463","-0.1943","-0.9083","2.3419","null","null","null",1,9,"Bot","null","null",,,457763,,"180815_051246","-5.7632","-120.8469","-2.1389","-6.0063","23.7166","-33.8638","3.8222","1.9177","null","null","null","82.1040","2401","5.6700",531205,519293,457763,474832,488818,446334,593700,596103,621453,457705,"54.8292","null","null","null","null","null","null","null",69,"2","Slider",1,2,1,2,2,1,1,2,"Infield shift","Standard"
"SL","2018-08-14","80.9","2.1930","6.4177","Will Smith",641355,519293,"null","called_strike",,,,,"7","null","R","L","L","LAD","SF","S","null","null",0,0,2018,"-0.6033","-0.2025","-0.4994","1.8887","null","null","null",1,9,"Bot","null","null",,,457763,,"180815_051223","-4.8123","-117.5325","-2.9686","-4.4141","24.2327","-33.6543","3.9634","1.8003","null","null","null","79.4460","2426","5.5680",531205,519293,457763,474832,488818,446334,593700,596103,621453,457705,"54.9313","null","null","null","null","null","null","null",69,"1","Slider",1,2,1,2,2,1,1,2,"Infield shift","Standard"
"CU","2018-08-14","76.8","2.0246","6.6615","Will Smith",461314,519293,"null","ball",,,,,"14","null","R","R","L","LAD","SF","B","null","null",1,0,2018,"-0.6534","-0.4275","0.5810","1.1448","null","null","null",0,9,"Bot","null","null",,,457763,,"180815_051110","-1.8832","-111.5832","-3.8081","-4.8227","21.1534","-35.1439","3.7009","1.8480","null","null","null","74.6930","2202","4.9380",531205,519293,457763,474832,488818,446334,593700,596103,621453,457705,"55.5608","null","null","null","null","null","null","null",68,"2","Curveball",1,2,1,2,2,1,1,2,"Infield shift","Standard"
"CU","2018-08-14","76.5","1.9538","6.6417","Will Smith",461314,519293,"null","ball",,,,,"13","null","R","R","L","LAD","SF","B","null","null",0,0,2018,"-1.1244","-0.3843","-0.9781","1.1769","null","null","null",0,9,"Bot","null","null",,,457763,,"180815_051049","-4.1466","-111.1005","-3.7036","-8.1393","21.0355","-34.8102","3.7963","1.8003","null","null","null","74.7530","2158","5.2370",531205,519293,457763,474832,488818,446334,593700,596103,621453,457705,"55.2620","null","null","null","null","null","null","null",68,"1","Curveball",1,2,1,2,2,1,1,2,"Infield shift","Standard"
"CH","2018-08-14","83.6","-2.2171","5.7751","Kenta Maeda",593700,628317,"null","ball",,,,,"11","null","R","L","R","LAD","SF","B","null","null",1,0,2018,"-0.9147","0.7153","-1.4060","2.8480","null","474832.00","596103.00",2,9,"Top","null","null",,,518735,,"180815_050650","3.5517","-121.6376","-1.6953","-9.4950","22.5875","-25.1975","3.4147","1.7527","null","null","null","82.5160","1485","5.4500",531205,628317,518735,641355,572821,457759,592518,592626,571771,461314,"55.0490","null","null","null","null","null","null","null",67,"2","Changeup",1,1,1,1,1,1,1,1,"Standard","Standard"
"CU","2018-08-14","78.4","-1.9461","6.0526","Kenta Maeda",593700,628317,"null","ball",,,,,"13","null","R","L","R","LAD","SF","B","null","null",0,0,2018,"0.9445","-0.9062","-1.2090","1.8142","null","474832.00","596103.00",2,9,"Top","null","null",,,518735,,"180815_050608","-0.0929","-114.1179","-0.7211","8.0503","20.1081","-40.0034","3.5593","1.6553","null","null","null","77.4330","2715","5.4870",531205,628317,518735,641355,572821,457759,592518,592626,571771,461314,"55.0116","null","null","null","null","null","null","null",67,"1","Curveball",1,1,1,1,1,1,1,1,"Standard","Standard"
"FF","2018-08-14","91.5","-2.2013","5.7592","Kenta Maeda",621453,628317,"null","ball",,,,,"11","null","R","L","R","LAD","SF","B","null","null",0,2,2018,"-0.5346","1.3314","-0.5898","4.3781","null","474832.00","596103.00",1,9,"Top","null","null",,,518735,,"180815_050413","5.1799","-133.2629","-0.5015","-7.3566","26.2509","-16.5072","3.5339","1.7289","null","null","null","91.4550","2332","6.0270",531205,628317,518735,641355,572821,457759,592518,592626,571771,461314,"54.4722","null","null","null","null","null","null","null",66,"3","4-Seam Fastball",1,1,1,1,1,1,1,1,"Standard","Standard"
"FT","2018-08-14","95.1","-1.3817","5.3249","Sam Dyson",571771,473879,"strikeout","called_strike",,,,,"14","Enrique Hernandez called out on strikes.  ","R","R","R","LAD","SF","S",2,"null",2,2,2018,"-1.5921","0.2665","0.8660","2.0770","null","592518.00","null",2,8,"Bot","null","null",,,457763,,"180815_045701","9.1791","-138.0329","-3.3748","-21.7811","30.0626","-28.3807","3.1288","1.5314","null","null","null","93.5810","2177","5.4860",531205,473879,457763,474832,488818,446334,593700,596103,621453,457705,"55.0126","null","null","0.00",1,0,0,"null",62,"5","2-Seam Fastball",1,1,1,1,1,1,1,1,"Standard","Standard"
"FT","2018-08-14","95.6","-1.4333","5.3862","Sam Dyson",571771,473879,"null","called_strike",,,,,"3","null","R","R","R","LAD","SF","S","null","null",2,0,2018,"-1.4038","0.3180","0.4715","2.8720","null","592518.00","null",2,8,"Bot","null","null",,,457763,,"180815_045558","8.0247","-139.0011","-1.7198","-19.6022","29.1220","-27.9831","3.2239","1.5580","null","null","null","94.8910","2169","5.7740",531205,473879,457763,474832,488818,446334,593700,596103,621453,457705,"54.7246","null","null","null","null","null","null","null",62,"3","2-Seam Fastball",1,1,1,1,1,1,1,1,"Standard","Standard"
"FT","2018-08-14","95.8","-1.4170","5.3771","Sam Dyson",571771,473879,"null","ball",,,,,"1","null","R","R","R","LAD","SF","B","null","null",1,0,2018,"-1.2216","0.3359","-0.4159","3.2927","null","592518.00","null",2,8,"Bot","null","null",,,457763,,"180815_045459","5.2808","-139.4366","-0.6800","-16.7845","28.9219","-27.9454","3.2001","1.5580","null","null","null","95.1800","2223","5.7430",531205,473879,457763,474832,488818,446334,593700,596103,621453,457705,"54.7565","null","null","null","null","null","null","null",62,"2","2-Seam Fastball",1,1,1,1,1,1,1,1,"Standard","Standard"
"FT","2018-08-14","95.8","-1.4493","5.3739","Sam Dyson",571771,473879,"null","ball",,,,,"12","null","R","R","R","LAD","SF","B","null","null",0,0,2018,"-1.4177","0.6120","0.1394","3.5141","null","null","592518.00",2,8,"Bot","null","null",,,457763,,"180815_045415","7.2361","-139.2826","-0.6886","-19.6635","28.4619","-24.4068","3.0808","1.4907","null","null","null","95.1240","2186","5.7430",531205,473879,457763,474832,488818,446334,593700,596103,621453,457705,"54.7560","null","null","null","null","null","null","null",62,"1","2-Seam Fastball",1,1,1,1,1,1,1,1,"Standard","Standard"
"FT","2018-08-14","94.9","-1.4506","5.4000","Sam Dyson",572821,473879,"null","ball",,,,,"11","null","R","R","R","LAD","SF","B","null","null",0,0,2018,"-1.4462","0.3929","-1.3420","3.2168","null","null","null",1,8,"Bot","null","null",,,457763,,"180815_044944","3.3046","-137.9725","-0.8983","-18.5075","29.3526","-27.4078","2.8425","1.3717","null","null","null","93.1380","2204","5.1950",531205,473879,457763,474832,488818,446334,593700,596103,621453,457705,"55.3044","null","null","null","null","null","null","null",59,"1","2-Seam Fastball",0,1,0,1,1,0,0,1,"Infield shift","Standard"
"FT","2018-08-14","93.9","-1.3002","5.4580","Sam Dyson",592626,473879,"null","called_strike",,,,,"3","null","R","L","R","LAD","SF","S","null","null",2,0,2018,"-1.4796","0.2653","0.3368","3.2576","null","null","null",0,8,"Bot","null","null",,,457763,,"180815_044754","7.3140","-136.5422","-0.5828","-19.6181","27.4913","-29.0349","3.5101","1.7527","null","null","null","93.0020","2177","5.6040",531205,473879,457763,474832,488818,446334,593700,596103,621453,457705,"54.8952","null","null","null","null","null","null","null",58,"3","2-Seam Fastball",0,1,0,1,1,0,0,1,"Standard","Standard"
"FT","2018-08-14","94.4","-1.4186","5.4543","Sam Dyson",592626,473879,"null","ball",,,,,"11","null","R","L","R","LAD","SF","B","null","null",1,0,2018,"-1.4953","0.2269","-1.3491","3.3447","null","null","null",0,8,"Bot","null","null",,,457763,,"180815_044730","3.3569","-137.2934","-0.3145","-19.1723","28.7948","-29.5476","3.6532","1.9432","null","null","null","93.3160","2122","5.5590",531205,473879,457763,474832,488818,446334,593700,596103,621453,457705,"54.9404","null","null","null","null","null","null","null",58,"2","2-Seam Fastball",0,1,0,1,1,0,0,1,"Standard","Standard"
"FT","2018-08-14","95.1","-1.3878","5.4632","Sam Dyson",592626,473879,"null","ball",,,,,"11","null","R","L","R","LAD","SF","B","null","null",0,0,2018,"-1.4537","0.1088","-1.3030","2.9527","null","null","null",0,8,"Bot","null","null",,,457763,,"180815_044707","3.3473","-138.4415","-1.1860","-18.9926","29.8089","-30.7937","3.6055","1.7765","null","null","null","94.1370","2209","5.6210",531205,473879,457763,474832,488818,446334,593700,596103,621453,457705,"54.8780","null","null","null","null","null","null","null",58,"1","2-Seam Fastball",0,1,0,1,1,0,0,1,"Standard","Standard"
"SI","2018-08-14","94.1","-3.1440","5.9441","Dylan Floro",457763,571670,"null","ball",,,,,"13","null","R","R","R","LAD","SF","B","null","null",1,1,2018,"-1.4586","0.7156","-1.5015","1.5855","null","488818.00","null",2,8,"Top","null","null",,,518735,,"180815_044225","7.4969","-136.7048","-7.1732","-19.9508","29.6751","-21.8378","3.4624","1.6812","null","null","null","94.1570","2202","6.3790",531205,571670,518735,641355,572821,457759,592518,592626,571771,461314,"54.1204","null","null","null","null","null","null","null",57,"3","Sinker",0,1,1,0,1,0,1,0,"Standard","Standard"
"SL","2018-08-14","87.5","-3.3024","5.9068","Dylan Floro",457763,571670,"null","ball",,,,,"14","null","R","R","R","LAD","SF","B","null","null",0,0,2018,"-0.0971","0.4198","1.1739","1.2935","null","488818.00","null",2,8,"Top","null","null",,,518735,,"180815_044138","10.9133","-126.8613","-5.7771","-3.2027","25.1261","-26.7480","3.4147","1.7527","null","null","null","86.9850","2112","6.0930",531205,571670,518735,641355,572821,457759,592518,592626,571771,461314,"54.4058","null","null","null","null","null","null","null",57,"1","Slider",0,1,1,0,1,0,1,0,"Standard","Standard"
"SL","2018-08-14","89.1","-3.0962","5.9163","Dylan Floro",488818,571670,"null","ball",,,,,"14","null","R","R","R","LAD","SF","B","null","null",1,2,2018,"0.3380","0.5685","2.8472","1.7169","null","null","null",2,8,"Top","null","null",,,518735,,"180815_043908","13.8129","-129.0064","-5.4112","1.0445","25.5007","-24.9627","3.3431","1.6336","null","null","null","88.7890","2227","6.2610",531205,571670,518735,641355,572821,457759,592518,592626,571771,461314,"54.2385","null","null","null","null","null","null","null",56,"4","Slider",0,1,1,0,1,0,1,0,"Standard","Standard"
"SL","2018-08-14","90.1","-3.3203","5.9204","Dylan Floro",488818,571670,"null","called_strike",,,,,"5","null","R","R","R","LAD","SF","S","null","null",1,1,2018,"0.1584","0.7851","0.2639","2.3600","null","null","null",2,8,"Top","null","null",,,518735,,"180815_043846","8.5153","-130.9539","-4.5125","0.0973","26.2967","-22.5289","3.4147","1.7289","null","null","null","89.7260","2283","6.0150",531205,571670,518735,641355,572821,457759,592518,592626,571771,461314,"54.4845","null","null","null","null","null","null","null",56,"3","Slider",0,1,1,0,1,0,1,0,"Standard","Standard"
"SI","2018-08-14","95.7","-3.2144","6.0919","Dylan Floro",488818,571670,"null","ball",,,,,"13","null","R","R","R","LAD","SF","B","null","null",0,0,2018,"-1.2135","0.9004","-0.2501","1.2721","null","null","null",2,8,"Top","null","null",,,518735,,"180815_043756","10.5487","-138.7556","-9.1238","-17.9812","28.6549","-18.7596","3.4862","1.6574","null","null","null","95.8880","2172","6.4240",531205,571670,518735,641355,572821,457759,592518,592626,571771,461314,"54.0752","null","null","null","null","null","null","null",56,"1","Sinker",0,1,1,0,1,0,1,0,"Standard","Standard"
"SL","2018-08-14","87.5","-3.3875","6.0190","Dylan Floro",457705,571670,"null","called_strike",,,,,"5","null","R","R","R","LAD","SF","S","null","null",0,0,2018,"0.2847","0.3537","-0.2256","2.8149","null","null","null",1,8,"Top","null","null",,,518735,,"180815_043643","7.0065","-127.3357","-2.3549","1.7828","23.5524","-28.1245","3.3908","1.7054","null","null","null","87.3550","2197","5.9720",531205,571670,518735,641355,572821,457759,592518,592626,571771,461314,"54.5274","null","null","null","null","null","null","null",55,"1","Slider",0,1,1,0,1,0,1,0,"Infield shift","Standard"
"SL","2018-08-14","86.1","3.5202","5.2100","Tony Watson",605131,453265,"null","ball",,,,,"11","null","R","R","L","LAD","SF","B","null","null",2,2,2018,"-0.4263","0.4295","-1.4066","2.5267","null","null","null",2,7,"Bot","null","null",,,457763,,"180815_043222","-10.6471","-124.9167","-0.9560","-2.3038","23.8279","-27.8738","3.2239","1.5249","null","null","null","84.6600","2363","5.3980",531205,453265,457763,474832,488818,446334,593700,596103,621453,457705,"55.1015","null","null","null","null","null","null","null",53,"6","Slider",0,1,0,1,1,0,0,1,"Standard","Standard"
"CH","2018-08-14","86.1","3.5356","5.1711","Tony Watson",605131,453265,"null","ball",,,,,"12","null","R","R","L","LAD","SF","B","null","null",1,2,2018,"1.7962","0.7220","1.5507","2.8918","null","null","null",2,7,"Bot","null","null",,,457763,,"180815_043141","-8.1308","-124.8954","-0.4811","19.9967","28.2919","-25.0515","3.0570","1.5249","null","null","null","84.3620","2488","5.6120",531205,453265,457763,474832,488818,446334,593700,596103,621453,457705,"54.8872","null","null","null","null","null","null","null",53,"4","Changeup",0,1,0,1,1,0,0,1,"Standard","Standard"
"SI","2018-08-14","92.9","3.4970","5.0752","Tony Watson",624577,453265,"null","called_strike",,,,,"2","null","R","R","L","LAD","SF","S","null","null",1,0,2018,"1.3146","0.6774","0.1861","3.3308","null","null","null",2,7,"Bot","null","null",,,460026,,"180815_042245","-11.2694","-134.7258","-0.1003","18.3882","30.2104","-24.2100","3.6770","1.6342","null","null","null","92.2460","2327","6.1590",531205,453265,460026,457763,488818,446334,593700,596103,621453,457705,"54.3404","null","null","null","null","null","null","null",53,"2","Sinker",0,1,0,1,1,0,0,1,"Standard","Standard"
"SI","2018-08-14","92.6","3.5161","5.0871","Tony Watson",624577,453265,"null","ball",,,,,"2","null","R","R","L","LAD","SF","B","null","null",0,0,2018,"1.2590","0.8908","0.1392","3.4183","null","null","null",2,7,"Bot","null","null",,,460026,,"180815_042228","-11.2888","-134.3716","-0.3408","17.6303","29.8810","-21.6298","3.4220","1.6313","null","null","null","92.0340","2215","6.1640",531205,453265,460026,457763,488818,446334,593700,596103,621453,457705,"54.3355","null","null","null","null","null","null","null",53,"1","Sinker",0,1,0,1,1,0,0,1,"Standard","Standard"
"SI","2018-08-14","93.1","3.4779","5.1539","Tony Watson",518735,453265,"null","ball",,,,,"1","null","R","R","L","LAD","SF","B","null","null",2,2,2018,"1.4576","1.0852","-0.7056","3.2764","null","null","null",1,7,"Bot","null","null",,,460026,,"180815_042002","-13.6602","-134.7029","-1.2908","20.3955","29.6668","-19.1917","3.2716","1.5145","null","null","null","91.7010","2423","5.7970",531205,453265,460026,457763,488818,446334,593700,596103,621453,457705,"54.7022","null","null","null","null","null","null","null",52,"5","Sinker",0,1,0,1,1,0,0,1,"Standard","Standard"
"SI","2018-08-14","93.1","3.5740","5.1877","Tony Watson",518735,453265,"null","ball",,,,,"12","null","R","R","L","LAD","SF","B","null","null",1,2,2018,"1.5536","0.8943","1.2440","2.6461","null","null","null",1,7,"Bot","null","null",,,460026,,"180815_041943","-9.2314","-135.2273","-2.6319","20.7509","29.6336","-21.0582","3.2716","1.6102","null","null","null","92.1920","2430","5.8580",531205,453265,460026,457763,488818,446334,593700,596103,621453,457705,"54.6409","null","null","null","null","null","null","null",52,"4","Sinker",0,1,0,1,1,0,0,1,"Standard","Standard"
"SI","2018-08-14","92.7","3.6141","5.1020","Tony Watson",518735,453265,"null","called_strike",,,,,"4","null","R","R","L","LAD","SF","S","null","null",1,0,2018,"1.6218","1.0307","-0.2777","2.2738","null","null","null",1,7,"Bot","null","null",,,460026,,"180815_041910","-13.1868","-134.1737","-3.5347","21.9650","28.0046","-19.4650","3.2477","1.6102","null","null","null","91.3960","2393","5.7200",531205,453265,460026,457763,488818,446334,593700,596103,621453,457705,"54.7788","null","null","null","null","null","null","null",52,"2","Sinker",0,1,0,1,1,0,0,1,"Standard","Standard"
"CH","2018-08-14","86.0","3.6112","5.0317","Tony Watson",518735,453265,"null","ball",,,,,"14","null","R","R","L","LAD","SF","B","null","null",0,0,2018,"1.7974","0.6828","1.3223","2.3044","null","null","null",1,7,"Bot","null","null",,,460026,,"180815_041855","-8.8381","-124.7307","-1.5071","20.0942","25.1877","-25.1650","3.1285","1.5383","null","null","null","84.7360","2472","5.6590",531205,453265,460026,457763,488818,446334,593700,596103,621453,457705,"54.8405","null","null","null","null","null","null","null",52,"1","Changeup",0,1,0,1,1,0,0,1,"Standard","Standard"
"CU","2018-08-14","76.6","1.8768","6.1448","Caleb Ferguson",593700,657571,"null","ball",,,,,"12","null","R","R","L","LAD","SF","B","null","null",1,2,2018,"-0.7097","-1.3283","1.9751","3.5437","null","null","null",2,7,"Top","null","null",,,518735,,"180815_041520","1.4443","-111.2644","3.8600","-6.0309","20.5350","-43.9268","3.3908","1.6553","null","null","null","75.6620","2934","5.7690",531205,657571,518735,641355,572821,457759,592518,461314,571771,624577,"54.7297","null","null","null","null","null","null","null",50,"5","Curveball",0,1,1,0,1,0,1,0,"Standard","Standard"
"FF","2018-08-14","95.8","1.9286","6.1125","Caleb Ferguson",593700,657571,"null","ball",,,,,"12","null","R","R","L","LAD","SF","B","null","null",0,2,2018,"0.7290","1.2956","0.6266","4.2729","null","null","null",2,7,"Top","null","null",,,518735,,"180815_041448","-5.0365","-139.3670","-2.1465","10.5080","30.1215","-15.1914","3.5101","1.6553","null","null","null","95.4750","2377","6.0290",531205,657571,518735,641355,572821,457759,592518,461314,571771,624577,"54.4696","null","null","null","null","null","null","null",50,"4","4-Seam Fastball",0,1,1,0,1,0,1,0,"Standard","Standard"
"CU","2018-08-14","77.7","1.8218","6.0532","Caleb Ferguson",593700,657571,"null","called_strike",,,,,"6","null","R","R","L","LAD","SF","S","null","null",0,0,2018,"-0.6043","-1.3577","0.5372","2.6876","null","null","null",2,7,"Top","null","null",,,518735,,"180815_041351","-1.6485","-112.8126","2.2067","-4.6227","23.4808","-44.0822","3.4624","1.7050","null","null","null","76.0550","2982","5.5480",531205,657571,518735,641355,572821,457759,592518,461314,571771,624577,"54.9506","null","null","null","null","null","null","null",50,"1","Curveball",0,1,1,0,1,0,1,0,"Standard","Standard"
"FF","2018-08-14","96.6","1.8496","6.1151","Caleb Ferguson",621453,657571,"null","ball",,,,,"13","null","R","L","L","LAD","SF","B","null","null",1,1,2018,"0.5387","1.5105","-1.6848","2.3110","null","null","null",1,7,"Top","null","null",,,518735,,"180815_041245","-10.5208","-140.0663","-7.8490","9.3703","31.5458","-11.0083","3.6293","1.8241","null","null","null","95.7370","2383","5.9840",531205,657571,518735,641355,572821,457759,592518,461314,571771,624577,"54.5155","null","null","null","null","null","null","null",49,"3","4-Seam Fastball",0,1,1,0,1,0,1,0,"Standard","Strategic"
"CU","2018-08-14","77.3","1.9072","6.1118","Caleb Ferguson",621453,657571,"null","called_strike",,,,,"6","null","R","L","L","LAD","SF","S","null","null",1,0,2018,"-0.6537","-1.4875","0.3629","2.5187","null","null","null",1,7,"Top","null","null",,,518735,,"180815_041227","-2.1008","-112.4145","2.0347","-4.9690","23.0178","-45.1459","3.4385","1.7527","null","null","null","76.2760","2912","5.8770",531205,657571,518735,641355,572821,457759,592518,461314,571771,624577,"54.6221","null","null","null","null","null","null","null",49,"2","Curveball",0,1,1,0,1,0,1,0,"Standard","Strategic"
"FF","2018-08-14","95.4","1.6621","6.1887","Caleb Ferguson",621453,657571,"null","ball",,,,,"11","null","R","L","L","LAD","SF","B","null","null",0,0,2018,"0.6563","1.3941","-0.3448","4.1272","null","null","null",1,7,"Top","null","null",,,518735,,"180815_041212","-6.6861","-138.6552","-2.8338","9.8800","32.0042","-14.0511","3.4624","1.7765","null","null","null","94.6400","2288","5.9850",531205,657571,518735,641355,572821,457759,592518,461314,571771,624577,"54.5137","null","null","null","null","null","null","null",49,"1","4-Seam Fastball",0,1,1,0,1,0,1,0,"Standard","Strategic"
"SL","2018-08-14","86.0","-1.9634","4.9691","JT Chargois",596103,608638,"null","ball",,,,,"14","null","R","R","R","LAD","SF","B","null","null",0,2,2018,"0.2364","-0.4375","1.9281","1.8106","null","null","null",0,7,"Top","null","null",,,518735,,"180815_040843","8.7370","-125.0838","-0.4335","0.9716","21.8316","-36.9097","3.3431","1.5622","null","null","null","86.3580","2476","6.2440",531205,608638,518735,641355,572821,457759,592518,461314,571771,624577,"54.2548","null","null","null","null","null","null","null",48,"3","Slider",0,1,1,0,1,0,1,0,"Standard","Strategic"
"FF","2018-08-14","90.1","2.0283","6.5205","Andrew Suarez",461314,605498,"null","ball",,,,,"13","null","R","R","L","LAD","SF","B","null","null",1,1,2018,"1.1612","0.9155","-0.3190","1.1745","null","null","571771.00",2,6,"Bot","null","null",,,460026,,"180815_040358","-7.9641","-130.5602","-8.9168","14.3635","26.3264","-20.5848","3.5816","1.8241","null","null","null","87.9780","1960","5.0980",531205,605498,460026,457763,488818,446334,593700,596103,621453,457705,"55.4006","null","null","null","null","null","null","null",47,"3","4-Seam Fastball",0,1,0,1,1,0,0,1,"Standard","Standard"
"CU","2018-08-14","74.6","2.0593","6.5773","Andrew Suarez",461314,605498,"null","ball",,,,,"12","null","R","R","L","LAD","SF","B","null","null",0,0,2018,"-0.6508","-0.7030","1.9782","3.8517","null","null","571771.00",2,6,"Bot","null","null",,,460026,,"180815_040307","0.8889","-108.4363","2.6359","-5.0497","17.6935","-38.1733","3.6532","1.7527","null","null","null","72.8620","2211","4.8830",531205,605498,460026,457763,488818,446334,593700,596103,621453,457705,"55.6163","null","null","null","null","null","null","null",47,"1","Curveball",0,1,0,1,1,0,0,1,"Standard","Standard"
"SL","2018-08-14","87.2","1.8509","6.5417","Andrew Suarez",571771,605498,"walk","ball",,,,,"11","Enrique Hernandez walks.  ","R","R","L","LAD","SF","B","null","null",3,2,2018,"-0.5227","0.2511","-0.0692","3.9336","null","null","null",2,6,"Bot","null","null",,,460026,,"180815_040229","-3.5093","-126.7931","-0.6187","-4.7287","24.7489","-29.7207","3.1524","1.6336","null","null","null","85.4170","2005","5.0770",531205,605498,460026,457763,488818,446334,593700,596103,621453,457705,"55.4225","null","null","0.70",1,0,0,"null",46,"7","Slider",0,1,0,1,1,0,0,1,"Standard","Standard"
"CU","2018-08-14","74.0","1.9791","6.5243","Andrew Suarez",571771,605498,"null","ball",,,,,"14","null","R","R","L","LAD","SF","B","null","null",2,2,2018,"-0.6301","-1.3457","2.0709","2.0966","null","null","null",2,6,"Bot","null","null",,,460026,,"180815_040124","1.1795","-107.2706","0.5513","-4.7778","21.2593","-42.3338","3.2716","1.6812","null","null","null","71.1940","2482","4.6610",531205,605498,460026,457763,488818,446334,593700,596103,621453,457705,"55.8384","null","null","null","null","null","null","null",46,"5","Curveball",0,1,0,1,1,0,0,1,"Standard","Standard"
"CU","2018-08-14","76.0","1.9491","6.5914","Andrew Suarez",571771,605498,"null","ball",,,,,"12","null","R","R","L","LAD","SF","B","null","null",1,1,2018,"-0.9218","-0.8150","1.3922","3.0864","null","null","null",2,6,"Bot","null","null",,,460026,,"180815_040052","0.3575","-110.2124","1.1241","-7.0621","21.3737","-38.9161","3.2001","1.6098","null","null","null","73.0200","2498","4.4360",531205,605498,460026,457763,488818,446334,593700,596103,621453,457705,"56.0631","null","null","null","null","null","null","null",46,"3","Curveball",0,1,0,1,1,0,0,1,"Standard","Standard"
"FF","2018-08-14","90.6","1.9682","6.4413","Andrew Suarez",571771,605498,"null","ball",,,,,"14","null","R","R","L","LAD","SF","B","null","null",0,1,2018,"1.4341","0.6724","1.4955","1.6017","null","null","null",2,6,"Bot","null","null",,,460026,,"180815_040038","-3.9747","-131.3577","-7.2321","16.6454","30.3166","-23.4427","3.2239","1.6812","null","null","null","87.8400","2091","4.9620",531205,605498,460026,457763,488818,446334,593700,596103,621453,457705,"55.5372","null","null","null","null","null","null","null",46,"2","4-Seam Fastball",0,1,0,1,1,0,0,1,"Standard","Standard"
"FF","2018-08-14","91.0","1.8685","6.4811","Andrew Suarez",571771,605498,"null","called_strike",,,,,"8","null","R","R","L","LAD","SF","S","null","null",0,0,2018,"0.8765","1.4761","-0.0435","1.7941","null","null","null",2,6,"Bot","null","null",,,460026,,"180815_040024","-6.3875","-131.8492","-8.5303","11.1386","29.7744","-14.2234","3.2716","1.6574","null","null","null","88.2300","2045","4.9390",531205,605498,460026,457763,488818,446334,593700,596103,621453,457705,"55.5599","null","null","null","null","null","null","null",46,"1","4-Seam Fastball",0,1,0,1,1,0,0,1,"Standard","Standard"
"CU","2018-08-14","74.8","2.0406","6.5309","Andrew Suarez",592518,605498,"null","ball",,,,,"12","null","R","R","L","LAD","SF","B","null","null",2,2,2018,"-1.0201","-0.7668","1.5524","3.2985","null","null","null",1,6,"Bot","null","null",,,460026,,"180815_035854","0.6339","-108.6503","1.6446","-7.6929","17.6168","-38.4389","3.6293","1.7289","null","null","null","72.3700","2562","4.3690",531205,605498,460026,457763,488818,446334,593700,596103,621453,457705,"56.1301","null","null","null","null","null","null","null",45,"5","Curveball",0,1,0,1,1,0,0,1,"Standard","Standard"
"FF","2018-08-14","91.0","1.7333","6.4938","Andrew Suarez",592518,605498,"null","ball",,,,,"13","null","R","R","L","LAD","SF","B","null","null",1,2,2018,"0.6903","1.5755","-1.3932","1.4953","null","null","null",1,6,"Bot","null","null",,,460026,,"180815_035836","-8.9479","-131.6532","-9.4970","9.4572","26.4242","-13.0564","3.6770","1.7765","null","null","null","88.4150","2065","4.8800",531205,605498,460026,457763,488818,446334,593700,596103,621453,457705,"55.6191","null","null","null","null","null","null","null",45,"4","4-Seam Fastball",0,1,0,1,1,0,0,1,"Standard","Standard"
"SL","2018-08-14","88.0","1.9295","6.5663","Andrew Suarez",592518,605498,"null","called_strike",,,,,"6","null","R","R","L","LAD","SF","S","null","null",1,0,2018,"-0.4221","0.5426","0.4679","2.3736","null","null","null",1,6,"Bot","null","null",,,460026,,"180815_035755","-2.6454","-127.9714","-5.0456","-3.9292","24.0399","-25.8046","3.6532","1.7050","null","null","null","85.9500","2297","4.8070",531205,605498,460026,457763,488818,446334,593700,596103,621453,457705,"55.6919","null","null","null","null","null","null","null",45,"2","Slider",0,1,0,1,1,0,0,1,"Standard","Standard"
"FF","2018-08-14","92.1","1.7779","6.5475","Andrew Suarez",592518,605498,"null","ball",,,,,"13","null","R","R","L","LAD","SF","B","null","null",0,0,2018,"0.7121","1.2749","-1.5526","0.9728","null","null","null",1,6,"Bot","null","null",,,460026,,"180815_035743","-9.6581","-133.1396","-10.6082","10.1775","28.1427","-15.6377","3.7009","1.8157","null","null","null","89.7090","2090","5.1540",531205,605498,460026,457763,488818,446334,593700,596103,621453,457705,"55.3451","null","null","null","null","null","null","null",45,"1","4-Seam Fastball",0,1,0,1,1,0,0,1,"Standard","Standard"
"FF","2018-08-14","91.2","1.7110","6.5887","Andrew Suarez",457759,605498,"strikeout","called_strike",,,,,"7","Justin Turner called out on strikes.  ","R","R","L","LAD","SF","S",2,"null",1,2,2018,"0.7000","1.4678","-0.5588","1.5303","null","null","null",0,6,"Bot","null","null",,,460026,,"180815_035657","-6.9642","-132.1696","-9.5747","9.3329","27.4073","-13.9152","3.4862","1.5580","null","null","null","89.1030","2063","5.1580",531205,605498,460026,457763,488818,446334,593700,596103,621453,457705,"55.3409","null","null","0.00",1,0,0,"null",44,"4","4-Seam Fastball",0,1,0,1,1,0,0,1,"Standard","Standard"
"CU","2018-08-14","76.7","2.0277","6.6074","Andrew Suarez",457759,605498,"null","ball",,,,,"13","null","R","R","L","LAD","SF","B","null","null",0,1,2018,"-0.8099","-0.7459","-1.2153","0.8788","null","null","null",0,6,"Bot","null","null",,,460026,,"180815_035620","-5.3153","-111.3661","-3.7464","-5.4954","19.1347","-37.7148","3.5339","1.6336","null","null","null","74.6480","2542","4.7970",531205,605498,460026,457763,488818,446334,593700,596103,621453,457705,"55.7025","null","null","null","null","null","null","null",44,"2","Curveball",0,1,0,1,1,0,0,1,"Standard","Standard"
"FF","2018-08-14","90.8","2.0250","6.5171","Andrew Suarez",457759,605498,"null","called_strike",,,,,"9","null","R","R","L","LAD","SF","S","null","null",0,0,2018,"0.8796","1.5245","0.6499","2.2461","null","null","null",0,6,"Bot","null","null",,,460026,,"180815_035607","-5.0960","-131.7570","-7.6560","10.8737","27.9292","-13.8589","3.5816","1.6812","null","null","null","88.5470","2185","5.0370",531205,605498,460026,457763,488818,446334,593700,596103,621453,457705,"55.4623","null","null","null","null","null","null","null",44,"1","4-Seam Fastball",0,1,0,1,1,0,0,1,"Standard","Standard"
"SI","2018-08-14","94.7","-1.8372","5.1565","JT Chargois",596103,608638,"caught_stealing_2b","called_strike",,,,,"5","With Austin Slater batting, Nick Hundley caught stealing 2nd base, catcher Yasmani Grandal to second baseman Brian Dozier.  ","R","R","R","LAD","SF","S",2,"null",0,0,2018,"-1.2991","0.5978","0.2593","2.4156","null","null","460026.00",2,6,"Top","null","null",,,518735,,"180815_035308","8.3649","-137.6231","-2.8102","-18.3389","29.8739","-24.1709","3.5578","1.7050","null","null","null","94.7410","2449","6.3360",531205,608638,518735,641355,572821,457759,592518,461314,571771,624577,"54.1634","null","null","0.00",0,0,0,"null",43,"1","Sinker",0,1,1,0,1,0,1,0,"Standard","Strategic"
"SL","2018-08-14","86.8","-2.0123","4.9858","JT Chargois",460026,608638,"walk","ball",,,,,"13","Nick Hundley walks.  ","R","R","R","LAD","SF","B","null","null",3,2,2018,"0.1831","-0.1003","-0.9584","2.5142","null","null","null",2,6,"Top","null","null",,,518735,,"180815_035228","2.1451","-126.5815","0.3408","1.6090","21.2106","-33.5018","3.5101","1.6052","null","null","null","87.1170","2563","5.9740",531205,608638,518735,641355,572821,457759,592518,461314,571771,624577,"54.5254","null","null","0.70",1,0,0,"null",42,"7","Slider",0,1,1,0,1,0,1,0,"Standard","Standard"
"SI","2018-08-14","95.5","-1.8088","5.1469","JT Chargois",460026,608638,"null","ball",,,,,"14","null","R","R","R","LAD","SF","B","null","null",2,1,2018,"-1.2828","0.8330","1.4078","1.2245","null","null","null",2,6,"Top","null","null",,,518735,,"180815_035102","11.3139","-138.5585","-6.5590","-18.9191","28.5682","-20.2513","3.3193","1.6052","null","null","null","95.5400","2455","6.3020",531205,608638,518735,641355,572821,457759,592518,461314,571771,624577,"54.1973","null","null","null","null","null","null","null",42,"4","Sinker",0,1,1,0,1,0,1,0,"Standard","Standard"
"SL","2018-08-14","87.1","-2.0194","4.9700","JT Chargois",460026,608638,"null","ball",,,,,"13","null","R","R","R","LAD","SF","B","null","null",1,1,2018,"0.0768","-0.2152","-0.9618","2.4668","null","null","null",2,6,"Top","null","null",,,518735,,"180815_035034","2.3794","-126.9867","0.4723","0.4266","21.7416","-34.7808","3.4862","1.7050","null","null","null","87.5470","2455","6.1020",531205,608638,518735,641355,572821,457759,592518,461314,571771,624577,"54.3971","null","null","null","null","null","null","null",42,"3","Slider",0,1,1,0,1,0,1,0,"Standard","Standard"
"SL","2018-08-14","86.1","-2.0371","4.9173","JT Chargois",460026,608638,"null","called_strike",,,,,"4","null","R","R","R","LAD","SF","S","null","null",1,0,2018,"0.1335","-0.2580","-0.3719","2.2412","null","null","null",2,6,"Top","null","null",,,518735,,"180815_035018","3.6705","-125.4108","0.3133","0.7572","22.1790","-35.1483","3.4385","1.6052","null","null","null","86.2200","2549","6.0330",531205,608638,518735,641355,572821,457759,592518,461314,571771,624577,"54.4663","null","null","null","null","null","null","null",42,"2","Slider",0,1,1,0,1,0,1,0,"Standard","Standard"
"SL","2018-08-14","86.4","-2.0107","4.9873","JT Chargois",460026,608638,"null","ball",,,,,"14","null","R","R","R","LAD","SF","B","null","null",0,0,2018,"0.0410","-0.2834","1.5411","0.8679","null","null","null",2,6,"Top","null","null",,,518735,,"180815_035000","8.3643","-125.6606","-3.0673","-1.0931","22.9701","-34.8245","3.2954","1.6052","null","null","null","86.6310","2667","6.2460",531205,608638,518735,641355,572821,457759,592518,461314,571771,624577,"54.2534","null","null","null","null","null","null","null",42,"1","Slider",0,1,1,0,1,0,1,0,"Standard","Standard"
"SL","2018-08-14","86.1","-2.0127","5.0388","JT Chargois",446334,608638,"null","called_strike",,,,,"14","null","R","R","R","LAD","SF","S","null","null",1,0,2018,"-0.1088","-0.3285","0.8721","1.5990","null","null","null",1,6,"Top","null","null",,,518735,,"180815_034847","7.0691","-125.3038","-1.3084","-2.4681","23.3448","-35.6040","3.6786","1.7158","null","null","null","86.4050","null","6.3030",531205,608638,518735,641355,572821,457759,592518,461314,571771,624577,"54.1965","null","null","null","null","null","null","null",41,"2","Slider",0,1,1,0,1,0,1,0,"Infield shift","Standard"
"SL","2018-08-14","87.3","-2.0765","4.9060","JT Chargois",446334,608638,"null","ball",,,,,"14","null","R","R","R","LAD","SF","B","null","null",0,0,2018,"-0.0359","-0.3376","0.8543","1.2209","null","null","null",1,6,"Top","null","null",,,518735,,"180815_034831","7.1298","-127.0374","-2.0733","-1.7257","23.7778","-35.6578","3.6532","1.7656","null","null","null","87.6510","1274","6.3160",531205,608638,518735,641355,572821,457759,592518,461314,571771,624577,"54.1829","null","null","null","null","null","null","null",41,"1","Slider",0,1,1,0,1,0,1,0,"Infield shift","Standard"
"SI","2018-08-14","95.5","-1.8047","5.1956","JT Chargois",457763,608638,"strikeout","called_strike",,,,,"3","Buster Posey called out on strikes.  ","R","R","R","LAD","SF","S",2,"null",0,2,2018,"-1.3480","0.5604","0.5896","2.9858","null","null","null",0,6,"Top","null","null",,,518735,,"180815_034756","9.4181","-138.9517","-1.4995","-19.6794","29.3463","-24.6934","3.4147","1.6252","null","null","null","96.2680","2327","6.6070",531205,608638,518735,641355,572821,457759,592518,461314,571771,624577,"53.8923","null","null","0.00",1,0,0,"null",40,"3","Sinker",0,1,1,0,1,0,1,0,"Standard","Standard"
"SL","2018-08-14","86.8","-2.1254","4.9045","JT Chargois",457763,608638,"null","called_strike",,,,,"8","null","R","R","R","LAD","SF","S","null","null",0,0,2018,"-0.1722","-0.1854","-0.2732","1.6072","null","null","null",0,6,"Top","null","null",,,518735,,"180815_034708","4.7728","-126.4668","-1.4096","-2.7073","22.7191","-34.1115","3.2954","1.6252","null","null","null","87.0980","2316","6.1430",531205,608638,518735,641355,572821,457759,592518,461314,571771,624577,"54.3563","null","null","null","null","null","null","null",40,"1","Slider",0,1,1,0,1,0,1,0,"Standard","Standard"
"SL","2018-08-14","88.5","1.8843","6.6514","Andrew Suarez",572821,605498,"null","called_strike",,,,,"12","null","R","R","L","LAD","SF","S","null","null",2,0,2018,"-0.2808","0.6780","0.4270","3.2445","null","null","null",2,5,"Bot","null","null",,,460026,,"180815_034401","-2.9282","-128.7749","-3.5752","-2.4647","23.7866","-24.5094","2.9615","1.4163","null","null","null","86.8530","2072","4.9980",531205,605498,460026,457763,488818,446334,593700,596103,621453,457705,"55.5009","null","null","null","null","null","null","null",39,"3","Slider",0,1,0,1,1,0,0,1,"Infield shift","Standard"
"FF","2018-08-14","91.3","1.7854","6.4966","Andrew Suarez",572821,605498,"null","ball",,,,,"14","null","R","R","L","LAD","SF","B","null","null",1,0,2018,"1.0244","1.3338","1.1993","1.6763","null","null","null",2,5,"Bot","null","null",,,460026,,"180815_034346","-3.4387","-132.3888","-8.6566","12.1481","27.7997","-15.7708","3.0808","1.5860","null","null","null","88.6120","1965","4.7750",531205,605498,460026,457763,488818,446334,593700,596103,621453,457705,"55.7240","null","null","null","null","null","null","null",39,"2","4-Seam Fastball",0,1,0,1,1,0,0,1,"Infield shift","Standard"
"CU","2018-08-14","76.8","1.7206","6.6491","Andrew Suarez",572821,605498,"null","ball",,,,,"12","null","R","R","L","LAD","SF","B","null","null",0,0,2018,"-0.7247","-0.7753","1.4062","3.4440","null","null","null",2,5,"Bot","null","null",,,460026,,"180815_034333","0.5210","-111.5399","1.3754","-5.7492","18.2755","-38.7531","2.9855","1.5860","null","null","null","74.1690","2446","4.2400",531205,605498,460026,457763,488818,446334,593700,596103,621453,457705,"56.2590","null","null","null","null","null","null","null",39,"1","Curveball",0,1,0,1,1,0,0,1,"Infield shift","Standard"
"FF","2018-08-14","91.4","1.7641","6.5321","Andrew Suarez",621035,605498,"null","called_strike",,,,,"13","null","R","R","L","LAD","SF","S","null","null",2,1,2018,"0.6788","1.4972","-0.9060","2.1513","null","null","null",1,5,"Bot","null","null",,,460026,,"180815_034151","-7.8945","-132.5194","-7.9929","9.2830","27.2897","-13.9111","3.4873","1.7027","null","null","null","89.1400","2095","5.0110",531205,605498,460026,457763,488818,446334,593700,596103,621453,457705,"55.4880","null","null","null","null","null","null","null",38,"4","4-Seam Fastball",0,1,0,1,1,0,0,1,"Standard","Standard"
"SL","2018-08-14","88.8","1.8184","6.5458","Andrew Suarez",621035,605498,"null","called_strike",,,,,"7","null","R","R","L","LAD","SF","S","null","null",2,0,2018,"-0.3274","0.6165","-0.6042","1.7806","null","null","null",1,5,"Bot","null","null",,,460026,,"180815_034134","-5.1518","-129.0415","-6.7383","-2.5729","23.8889","-24.5363","3.5578","1.6574","null","null","null","87.1340","2108","5.0640",531205,605498,460026,457763,488818,446334,593700,596103,621453,457705,"55.4354","null","null","null","null","null","null","null",38,"3","Slider",0,1,0,1,1,0,0,1,"Standard","Standard"
"SL","2018-08-14","87.8","2.0193","6.5751","Andrew Suarez",621035,605498,"null","ball",,,,,"13","null","R","R","L","LAD","SF","B","null","null",1,0,2018,"-0.4019","0.4826","-0.5476","0.8589","null","null","null",1,5,"Bot","null","null",,,460026,,"180815_034117","-5.2617","-127.2768","-8.3800","-3.0966","25.5380","-25.7925","3.5816","1.7050","null","null","null","85.2950","2016","4.8310",531205,605498,460026,457763,488818,446334,593700,596103,621453,457705,"55.6677","null","null","null","null","null","null","null",38,"2","Slider",0,1,0,1,1,0,0,1,"Standard","Standard"
"CU","2018-08-14","78.0","1.8011","6.7250","Andrew Suarez",621035,605498,"null","ball",,,,,"13","null","R","R","L","LAD","SF","B","null","null",0,0,2018,"-0.6101","-0.4018","-0.7599","0.4607","null","null","null",1,5,"Bot","null","null",,,460026,,"180815_034101","-4.3106","-113.1992","-5.6841","-4.1607","20.7766","-34.6940","3.5578","1.7765","null","null","null","75.5790","2511","4.6820",531205,605498,460026,457763,488818,446334,593700,596103,621453,457705,"55.8166","null","null","null","null","null","null","null",38,"1","Curveball",0,1,0,1,1,0,0,1,"Standard","Standard"
"KC","2018-08-14","80.5","2.4477","5.5747","Alex Wood",488818,622072,"null","called_strike",,,,,"3","null","R","R","L","LAD","SF","S","null","null",2,1,2018,"-0.7499","-0.1251","0.4130","3.2505","null","605498.00","null",2,5,"Top","null","null",,,518735,,"180815_033512","-3.0916","-117.1037","1.7195","-6.1648","21.9750","-33.8688","3.5339","1.6812","null","null","null","79.6270","1990","5.6860",531205,622072,518735,641355,572821,457759,592518,461314,571771,624577,"54.8128","null","null","null","null","null","null","null",36,"4","Knuckle Curve",0,1,1,0,1,0,1,0,"Standard","Standard"
"CH","2018-08-14","83.6","2.2363","5.6211","Alex Wood",488818,622072,"null","ball",,,,,"13","null","R","R","L","LAD","SF","B","null","null",1,0,2018,"1.2820","0.7166","-0.7807","1.1239","null","605498.00","null",2,5,"Top","null","null",,,518735,,"180815_033357","-9.4571","-121.3431","-5.3485","14.4400","22.0414","-24.2906","3.5339","1.6574","null","null","null","83.7010","1711","6.3340",531205,622072,518735,641355,572821,457759,592518,461314,571771,624577,"54.1646","null","null","null","null","null","null","null",36,"2","Changeup",0,1,1,0,1,0,1,0,"Standard","Standard"
"CH","2018-08-14","84.7","2.3102","5.5808","Alex Wood",488818,622072,"null","ball",,,,,"14","null","R","R","L","LAD","SF","B","null","null",0,0,2018,"1.1924","0.2611","1.9360","2.1906","null","605498.00","null",2,5,"Top","null","null",,,518735,,"180815_033320","-3.1911","-123.3680","-2.1354","12.6448","22.6043","-29.3607","3.4624","1.7050","null","null","null","84.4740","1571","5.9120",531205,622072,518735,641355,572821,457759,592518,461314,571771,624577,"54.5867","null","null","null","null","null","null","null",36,"1","Changeup",0,1,1,0,1,0,1,0,"Standard","Standard"
"KC","2018-08-14","82.5","2.3929","5.5548","Alex Wood",457705,622072,"null","ball",,,,,"13","null","R","R","L","LAD","SF","B","null","null",2,2,2018,"-0.4849","-0.3155","-0.8383","1.1569","null","null","605498.00",1,5,"Top","null","null",,,518735,,"180815_033135","-6.3713","-119.8599","-2.8032","-3.2773","24.7467","-34.8319","3.5101","1.7054","null","null","null","81.7080","2150","5.9970",531205,622072,518735,641355,572821,457759,592518,461314,571771,624577,"54.5024","null","null","null","null","null","null","null",35,"5","Knuckle Curve",0,1,1,0,1,0,1,0,"Standard","Standard"
"CH","2018-08-14","84.0","2.3594","5.5939","Alex Wood",457705,622072,"null","ball",,,,,"14","null","R","R","L","LAD","SF","B","null","null",1,0,2018,"1.0614","0.2851","1.6091","2.2860","null","null","605498.00",1,5,"Top","null","null",,,518735,,"180815_033021","-3.7799","-122.2741","-1.8527","11.2423","22.6575","-29.2201","3.4147","1.7054","null","null","null","83.7080","1558","5.9430",531205,622072,518735,641355,572821,457759,592518,461314,571771,624577,"54.5564","null","null","null","null","null","null","null",35,"2","Changeup",0,1,1,0,1,0,1,0,"Standard","Standard"
"FT","2018-08-14","90.1","2.1747","5.6985","Alex Wood",457705,622072,"null","ball",,,,,"7","null","R","R","L","LAD","SF","B","null","null",0,0,2018,"0.9754","1.0726","-0.6874","1.5851","null","null","605498.00",1,5,"Top","null","null",,,518735,,"180815_033002","-9.1320","-130.7912","-6.4969","13.0054","26.0151","-18.7872","3.4158","1.6550","null","null","null","89.9760","1760","6.2190",531205,622072,518735,641355,572821,457759,592518,461314,571771,624577,"54.2798","null","null","null","null","null","null","null",35,"1","2-Seam Fastball",0,1,1,0,1,0,1,0,"Standard","Standard"
"FT","2018-08-14","89.0","2.1063","5.9173","Alex Wood",605498,622072,"null","called_strike",,,,,"5","null","R","L","L","LAD","SF","S","null","null",0,0,2018,"0.9717","1.3727","-0.0248","2.3822","null","null","null",1,5,"Top","null","null",,,518735,,"180815_032850","-7.2783","-129.4049","-5.5112","12.4578","27.2393","-15.7938","3.5339","1.6812","null","null","null","89.0730","2099","6.3980",531205,622072,518735,641355,572821,457759,592518,461314,571771,624577,"54.1011","null","null","null","null","null","null","null",34,"1","2-Seam Fastball",0,1,1,0,1,0,1,0,"Standard","Standard"
"CH","2018-08-14","83.2","2.4473","5.6028","Alex Wood",593700,622072,"null","ball",,,,,"13","null","R","R","L","LAD","SF","B","null","null",1,2,2018,"1.3162","0.5756","-0.0444","0.3264","null","null","null",0,5,"Top","null","null",,,518735,,"180815_032727","-8.2188","-120.8394","-6.7493","14.3241","21.6333","-25.5543","3.4862","1.6812","null","null","null","83.0170","1723","6.0900",531205,622072,518735,641355,572821,457759,592518,461314,571771,624577,"54.4086","null","null","null","null","null","null","null",33,"4","Changeup",0,1,1,0,1,0,1,0,"Standard","Standard"
"FT","2018-08-14","89.1","2.1431","5.7472","Alex Wood",593700,622072,"null","ball",,,,,"14","null","R","R","L","LAD","SF","B","null","null",0,0,2018,"0.8200","0.9406","0.2681","1.2104","null","null","null",0,5,"Top","null","null",,,518735,,"180815_032629","-6.3260","-129.5881","-7.1151","10.5157","25.4645","-20.3410","3.5101","1.6812","null","null","null","89.3470","1697","6.3360",531205,622072,518735,641355,572821,457759,592518,461314,571771,624577,"54.1632","null","null","null","null","null","null","null",33,"1","2-Seam Fastball",0,1,1,0,1,0,1,0,"Standard","Standard"
"CH","2018-08-14","85.7","1.9819","6.4321","Andrew Suarez",518735,605498,"null","called_strike",,,,,"4","null","R","R","L","LAD","SF","S","null","null",0,0,2018,"1.0413","0.8519","-0.4460","2.6461","null","null","null",2,4,"Bot","null","null",,,460026,,"180815_032339","-7.6137","-124.5450","-4.3113","11.9167","22.2127","-23.0028","3.3431","1.6102","null","null","null","84.5610","1646","5.3680",531205,605498,460026,457763,488818,446334,593700,596103,621453,457705,"55.1309","null","null","null","null","null","null","null",32,"1","Changeup",0,1,0,1,1,0,0,1,"Standard","Standard"
"FF","2018-08-14","92.1","1.6694","6.5696","Andrew Suarez",641355,605498,"strikeout","called_strike",,,,,"7","Cody Bellinger called out on strikes.  ","R","L","L","LAD","SF","S",2,"null",2,2,2018,"0.8630","1.2420","-0.6932","1.8521","null","null","null",1,4,"Bot","null","null",,,460026,,"180815_032308","-7.6208","-133.6121","-8.5801","11.4847","25.1834","-16.3329","3.8918","1.8241","null","null","null","90.6100","2064","5.2730",531205,605498,460026,457763,488818,446334,593700,596103,621453,457705,"55.2263","null","null","0.00",1,0,0,"null",31,"5","4-Seam Fastball",0,1,0,1,1,0,0,1,"Infield shift","Standard"
"FF","2018-08-14","92.1","1.4762","6.5787","Andrew Suarez",641355,605498,"null","ball",,,,,"13","null","R","L","L","LAD","SF","B","null","null",1,2,2018,"0.7438","1.3196","-0.6205","0.6278","null","null","null",1,4,"Bot","null","null",,,460026,,"180815_032251","-6.6822","-133.4646","-11.7197","9.8635","25.5174","-14.9482","3.8441","1.9671","null","null","null","90.2070","2146","5.1140",531205,605498,460026,457763,488818,446334,593700,596103,621453,457705,"55.3848","null","null","null","null","null","null","null",31,"4","4-Seam Fastball",0,1,0,1,1,0,0,1,"Infield shift","Standard"
"SL","2018-08-14","87.6","1.4362","6.5376","Andrew Suarez",641355,605498,"null","ball",,,,,"13","null","R","L","L","LAD","SF","B","null","null",0,2,2018,"-0.4302","0.1945","-0.9889","1.0636","null","null","null",1,4,"Bot","null","null",,,460026,,"180815_032237","-4.8843","-127.1913","-7.3192","-3.5817","23.6470","-29.0406","3.8918","1.9432","null","null","null","85.7580","2145","5.0180",531205,605498,460026,457763,488818,446334,593700,596103,621453,457705,"55.4814","null","null","null","null","null","null","null",31,"3","Slider",0,1,0,1,1,0,0,1,"Infield shift","Standard"
"CU","2018-08-14","77.4","1.6994","6.6709","Andrew Suarez",641355,605498,"null","called_strike",,,,,"5","null","R","L","L","LAD","SF","S","null","null",0,0,2018,"-0.6141","-0.8274","-0.1989","2.7027","null","null","null",1,4,"Bot","null","null",,,460026,,"180815_032207","-2.9006","-112.3874","-0.1601","-4.3880","19.2682","-39.0271","3.8202","1.7527","null","null","null","74.8250","2415","4.3880",531205,605498,460026,457763,488818,446334,593700,596103,621453,457705,"56.1110","null","null","null","null","null","null","null",31,"1","Curveball",0,1,0,1,1,0,0,1,"Infield shift","Standard"
"SL","2018-08-14","89.0","1.9360","6.5604","Andrew Suarez",461314,605498,"null","ball",,,,,"13","null","R","R","L","LAD","SF","B","null","null",0,1,2018,"-0.3003","0.4083","-1.2153","0.7566","null","null","null",0,4,"Bot","null","null",,,460026,,"180815_032114","-6.9539","-129.1280","-8.8463","-1.9868","23.4079","-26.3982","3.6770","1.7765","null","null","null","87.3160","2178","5.1010",531205,605498,460026,457763,488818,446334,593700,596103,621453,457705,"55.3981","null","null","null","null","null","null","null",30,"2","Slider",0,1,0,1,1,0,0,1,"Infield shift","Standard"
"CU","2018-08-14","77.4","2.0160","6.6358","Andrew Suarez",461314,605498,"null","called_strike",,,,,"14","null","R","R","L","LAD","SF","S","null","null",0,0,2018,"-0.5127","-0.6304","0.8898","2.1697","null","null","null",0,4,"Bot","null","null",,,460026,,"180815_032102","-1.4810","-112.5166","-1.5261","-3.8446","19.1167","-37.2443","3.6071","1.7744","null","null","null","74.9890","2491","4.4260",531205,605498,460026,457763,488818,446334,593700,596103,621453,457705,"56.0727","null","null","null","null","null","null","null",30,"1","Curveball",0,1,0,1,1,0,0,1,"Infield shift","Standard"
"KC","2018-08-14","82.4","2.4555","5.6038","Alex Wood",621453,622072,"null","ball",,,,,"13","null","R","L","L","LAD","SF","B","null","null",0,0,2018,"-0.2568","0.1781","-1.0498","1.4552","null","null","446334.00",2,4,"Top","null","null",,,518735,,"180815_031746","-7.4052","-119.6869","-3.1730","-0.9433","23.9414","-30.1031","3.4624","1.6342","null","null","null","81.5830","2132","5.9200",531205,622072,518735,641355,572821,457759,592518,461314,571771,624577,"54.5793","null","null","null","null","null","null","null",29,"1","Knuckle Curve",0,1,1,0,1,0,1,0,"Standard","Standard"
"KC","2018-08-14","81.3","2.4303","5.6853","Alex Wood",596103,622072,"null","ball",,,,,"13","null","R","R","L","LAD","SF","B","null","null",1,1,2018,"-0.1558","-0.0099","-1.2419","1.4524","null","null","446334.00",1,4,"Top","null","null",,,518735,,"180815_031634","-7.8466","-118.0560","-2.8057","0.0650","22.4755","-31.9736","3.4147","1.7050","null","null","null","80.4070","2138","5.7930",531205,622072,518735,641355,572821,457759,592518,461314,571771,624577,"54.7064","null","null","null","null","null","null","null",28,"3","Knuckle Curve",0,1,1,0,1,0,1,0,"Standard","Standard"
"FT","2018-08-14","88.4","1.8821","6.0491","Alex Wood",596103,622072,"null","ball",,,,,"11","null","R","R","L","LAD","SF","B","null","null",0,1,2018,"0.7256","1.5464","-0.2002","4.0365","null","null","446334.00",1,4,"Top","null","null",,,518735,,"180815_031610","-6.5022","-128.4937","-1.9603","9.2634","26.8985","-15.1624","3.5162","1.7765","null","null","null","87.6290","2044","5.8880",531205,622072,518735,641355,572821,457759,592518,461314,571771,624577,"54.6112","null","null","null","null","null","null","null",28,"2","2-Seam Fastball",0,1,1,0,1,0,1,0,"Standard","Standard"
"FT","2018-08-14","89.7","1.9821","5.7095","Alex Wood",460026,622072,"null","ball",,,,,"13","null","R","R","L","LAD","SF","B","null","null",0,0,2018,"0.6711","1.3109","-0.6995","0.8229","null","null","446334.00",0,4,"Top","null","null",,,518735,,"180815_031227","-8.0514","-130.1561","-8.8298","9.3465","27.5670","-15.5892","3.4624","1.6574","null","null","null","89.6420","1853","6.4310",531205,622072,518735,641355,572821,457759,592518,461314,571771,624577,"54.0684","null","null","null","null","null","null","null",27,"1","2-Seam Fastball",0,1,1,0,1,0,1,0,"Standard","Standard"
"KC","2018-08-14","82.3","2.3124","5.5652","Alex Wood",446334,622072,"walk","ball",,,,,"13","Evan Longoria walks.  ","R","R","L","LAD","SF","B","null","null",3,2,2018,"-0.3199","-0.4869","-1.0250","2.6615","null","null","null",0,4,"Top","null","null",,,518735,,"180815_031142","-6.8919","-119.5814","0.8680","-1.6897","22.9743","-37.1690","3.6770","1.7656","null","null","null","81.5080","2123","5.8260",531205,622072,518735,641355,572821,457759,592518,461314,571771,624577,"54.6727","null","null","0.70",1,0,0,"null",26,"7","Knuckle Curve",0,1,1,0,1,0,1,0,"Infield shift","Standard"
"KC","2018-08-14","82.5","2.3061","5.6186","Alex Wood",446334,622072,"null","ball",,,,,"13","null","R","R","L","LAD","SF","B","null","null",2,2,2018,"-0.2195","-0.3290","-1.8313","-0.1860","null","null","null",0,4,"Top","null","null",,,518735,,"180815_031054","-8.9096","-119.6961","-5.9132","-0.1964","25.1662","-34.2863","3.7486","1.7656","null","null","null","81.5140","2248","5.9880",531205,622072,518735,641355,572821,457759,592518,461314,571771,624577,"54.5106","null","null","null","null","null","null","null",26,"5","Knuckle Curve",0,1,1,0,1,0,1,0,"Infield shift","Standard"
"KC","2018-08-14","82.1","2.3016","5.7223","Alex Wood",446334,622072,"null","ball",,,,,"13","null","R","R","L","LAD","SF","B","null","null",1,1,2018,"-0.1641","-0.0903","-1.9523","1.7426","null","null","null",0,4,"Top","null","null",,,518735,,"180815_031015","-9.2375","-119.1479","-2.1876","0.3873","24.7828","-32.8155","3.7725","1.8003","null","null","null","81.1810","2116","6.0010",531205,622072,518735,641355,572821,457759,592518,461314,571771,624577,"54.4980","null","null","null","null","null","null","null",26,"3","Knuckle Curve",0,1,1,0,1,0,1,0,"Infield shift","Standard"
"FT","2018-08-14","89.5","2.0358","6.0145","Alex Wood",446334,622072,"null","ball",,,,,"13","null","R","R","L","LAD","SF","B","null","null",0,1,2018,"0.8681","1.4788","-1.1295","2.6093","null","null","null",0,4,"Top","null","null",,,518735,,"180815_030957","-9.5532","-129.9341","-5.4312","11.7037","26.6251","-14.6827","3.7963","1.8003","null","null","null","88.9950","2115","6.0550",531205,622072,518735,641355,572821,457759,592518,461314,571771,624577,"54.4442","null","null","null","null","null","null","null",26,"2","2-Seam Fastball",0,1,1,0,1,0,1,0,"Infield shift","Standard"
"CU","2018-08-14","74.7","2.0259","6.5680","Andrew Suarez",571771,605498,"null","ball",,,,,"12","null","R","R","L","LAD","SF","B","null","null",0,0,2018,"-0.4698","-0.9606","1.1537","3.0696","null","457759.00","null",2,3,"Bot","null","null",,,460026,,"180815_030658","-0.9899","-108.5021","1.4987","-3.3110","18.8575","-39.8650","3.2001","1.6098","null","null","null","72.2250","2373","4.4830",531205,605498,460026,457763,488818,446334,593700,596103,621453,457705,"56.0160","null","null","null","null","null","null","null",25,"1","Curveball",0,1,0,1,1,0,0,1,"Standard","Standard"
"FF","2018-08-14","92.1","1.7974","6.3884","Andrew Suarez",457759,605498,"null","called_strike",,,,,"8","null","R","R","L","LAD","SF","S","null","null",0,1,2018,"0.5842","1.4821","-0.2251","1.8990","null","null","null",1,3,"Bot","null","null",,,460026,,"180815_030452","-6.2704","-133.7604","-8.5787","8.1288","26.9854","-13.2670","3.6055","1.6812","null","null","null","91.0220","2062","5.5980",531205,605498,460026,457763,488818,446334,593700,596103,621453,457705,"54.9009","null","null","null","null","null","null","null",23,"2","4-Seam Fastball",0,1,0,1,1,0,0,1,"Standard","Standard"
"CH","2018-08-14","85.6","1.8945","6.4317","Andrew Suarez",457759,605498,"null","called_strike",,,,,"6","null","R","R","L","LAD","SF","S","null","null",0,0,2018,"1.2112","0.9085","0.7879","2.5015","null","null","null",1,3,"Bot","null","null",,,460026,,"180815_030438","-4.8434","-124.3426","-4.6823","13.0523","23.2521","-22.4419","3.4862","1.6812","null","null","null","84.0710","1652","5.2320",531205,605498,460026,457763,488818,446334,593700,596103,621453,457705,"55.2670","null","null","null","null","null","null","null",23,"1","Changeup",0,1,0,1,1,0,0,1,"Standard","Standard"
"SL","2018-08-14","89.4","1.7553","6.5639","Andrew Suarez",572821,605498,"null","ball",,,,,"13","null","R","R","L","LAD","SF","B","null","null",2,1,2018,"-0.2692","0.8199","-1.3771","0.8086","null","null","null",0,3,"Bot","null","null",,,460026,,"180815_030307","-6.9801","-129.6173","-9.5915","-1.6873","22.9452","-21.8150","3.0332","1.5145","null","null","null","87.4990","2192","4.9550",531205,605498,460026,457763,488818,446334,593700,596103,621453,457705,"55.5444","null","null","null","null","null","null","null",22,"4","Slider",0,1,0,1,1,0,0,1,"Infield shift","Standard"
"SL","2018-08-14","89.4","1.9692","6.5300","Andrew Suarez",572821,605498,"null","ball",,,,,"14","null","R","R","L","LAD","SF","B","null","null",1,1,2018,"-0.3356","0.4470","0.1583","1.1279","null","null","null",0,3,"Bot","null","null",,,460026,,"180815_030254","-3.6871","-129.7851","-8.0123","-2.9486","24.0700","-26.1085","3.0332","1.5383","null","null","null","87.3310","2128","4.8590",531205,605498,460026,457763,488818,446334,593700,596103,621453,457705,"55.6397","null","null","null","null","null","null","null",22,"3","Slider",0,1,0,1,1,0,0,1,"Infield shift","Standard"
"CH","2018-08-14","84.7","2.0956","6.4009","Andrew Suarez",572821,605498,"null","called_strike",,,,,"8","null","R","R","L","LAD","SF","S","null","null",1,0,2018,"1.0569","0.8321","0.2051","1.5676","null","null","null",0,3,"Bot","null","null",,,460026,,"180815_030241","-6.3705","-123.0990","-6.5295","11.6749","21.4156","-22.9398","3.0808","1.5383","null","null","null","83.9860","1675","5.6130",531205,605498,460026,457763,488818,446334,593700,596103,621453,457705,"54.8861","null","null","null","null","null","null","null",22,"2","Changeup",0,1,0,1,1,0,0,1,"Infield shift","Standard"
"CH","2018-08-14","85.1","1.9590","6.3925","Andrew Suarez",572821,605498,"null","ball",,,,,"14","null","R","R","L","LAD","SF","B","null","null",0,0,2018,"1.0860","0.8555","0.9029","1.5789","null","null","null",0,3,"Bot","null","null",,,460026,,"180815_030227","-4.5085","-123.6530","-6.5949","11.7049","21.6612","-22.6468","3.0093","1.5145","null","null","null","84.2020","1730","5.5110",531205,605498,460026,457763,488818,446334,593700,596103,621453,457705,"54.9884","null","null","null","null","null","null","null",22,"1","Changeup",0,1,0,1,1,0,0,1,"Infield shift","Standard"
"CH","2018-08-14","83.3","2.4156","5.6494","Alex Wood",488818,622072,"null","ball",,,,,"12","null","R","R","L","LAD","SF","B","null","null",1,1,2018,"1.0326","0.7601","2.2317","3.1211","null","null","null",1,3,"Top","null","null",,,518735,,"180815_025825","-2.4067","-121.3494","-0.9096","10.5754","21.0107","-24.7449","3.3670","1.6812","null","null","null","83.3280","1572","5.9890",531205,622072,518735,641355,572821,457759,592518,461314,571771,624577,"54.5097","null","null","null","null","null","null","null",20,"3","Changeup",0,1,1,0,1,0,1,0,"Standard","Standard"
"KC","2018-08-14","81.8","2.3529","5.6519","Alex Wood",488818,622072,"null","called_strike",,,,,"2","null","R","R","L","LAD","SF","S","null","null",1,0,2018,"0.0075","-0.2673","0.2139","2.8375","null","null","null",1,3,"Top","null","null",,,518735,,"180815_025806","-4.7986","-118.8868","0.7717","1.0426","24.1109","-35.0671","3.3908","1.6098","null","null","null","80.9870","2182","5.9330",531205,622072,518735,641355,572821,457759,592518,461314,571771,624577,"54.5659","null","null","null","null","null","null","null",20,"2","Knuckle Curve",0,1,1,0,1,0,1,0,"Standard","Standard"
"FT","2018-08-14","89.2","2.0748","5.8734","Alex Wood",488818,622072,"null","ball",,,,,"12","null","R","R","L","LAD","SF","B","null","null",0,0,2018,"1.0228","1.0298","1.3827","3.8014","null","null","null",1,3,"Top","null","null",,,518735,,"180815_025747","-3.7984","-129.8789","-1.2460","12.2227","25.3964","-20.5900","3.5101","1.6336","null","null","null","88.9920","1835","5.9770",531205,622072,518735,641355,572821,457759,592518,461314,571771,624577,"54.5218","null","null","null","null","null","null","null",20,"1","2-Seam Fastball",0,1,1,0,1,0,1,0,"Standard","Standard"
"KC","2018-08-14","82.4","2.3950","5.5610","Alex Wood",457705,622072,"strikeout","called_strike",,,,,"12","Andrew McCutchen called out on strikes.  ","R","R","L","LAD","SF","S",2,"null",3,2,2018,"-0.3750","-0.1679","0.9140","3.0649","null","null","null",0,3,"Top","null","null",,,518735,,"180815_025711","-2.6259","-119.9802","1.0978","-3.0786","21.6979","-34.1975","3.4159","1.5840","null","null","null","81.7490","2055","5.6680",531205,622072,518735,641355,572821,457759,592518,461314,571771,624577,"54.8313","null","null","0.00",1,0,0,"null",19,"7","Knuckle Curve",0,1,1,0,1,0,1,0,"Infield shift","Standard"
"KC","2018-08-14","83.8","2.3649","5.5499","Alex Wood",457705,622072,"null","ball",,,,,"13","null","R","R","L","LAD","SF","B","null","null",2,2,2018,"-0.0601","-0.0153","-1.3769","0.7170","null","null","null",0,3,"Top","null","null",,,518735,,"180815_025615","-8.4951","-121.6609","-4.6205","1.2282","26.0349","-31.5761","3.4624","1.7054","null","null","null","83.2040","2120","6.2280",531205,622072,518735,641355,572821,457759,592518,461314,571771,624577,"54.2713","null","null","null","null","null","null","null",19,"5","Knuckle Curve",0,1,1,0,1,0,1,0,"Infield shift","Standard"
"KC","2018-08-14","82.5","2.4580","5.6427","Alex Wood",457705,622072,"null","ball",,,,,"13","null","R","R","L","LAD","SF","B","null","null",1,2,2018,"-0.3481","-0.2823","-1.1844","1.7046","null","null","null",0,3,"Top","null","null",,,518735,,"180815_025554","-7.5494","-119.8846","-1.8648","-1.8156","23.5389","-34.7247","3.6495","1.7054","null","null","null","81.7340","2199","5.8830",531205,622072,518735,641355,572821,457759,592518,461314,571771,624577,"54.6158","null","null","null","null","null","null","null",19,"4","Knuckle Curve",0,1,1,0,1,0,1,0,"Infield shift","Standard"
"FT","2018-08-14","90.6","2.2167","5.6979","Alex Wood",457705,622072,"null","ball",,,,,"14","null","R","R","L","LAD","SF","B","null","null",0,2,2018,"0.9650","0.7836","1.5180","1.6620","null","null","null",0,3,"Top","null","null",,,518735,,"180815_025534","-3.7517","-131.8990","-5.8187","11.9140","25.7772","-22.1737","3.5339","1.7054","null","null","null","90.4180","1932","5.9700",531205,622072,518735,641355,572821,457759,592518,461314,571771,624577,"54.5290","null","null","null","null","null","null","null",19,"3","2-Seam Fastball",0,1,1,0,1,0,1,0,"Infield shift","Standard"
"FT","2018-08-14","89.6","1.9466","6.0086","Alex Wood",457705,622072,"null","called_strike",,,,,"7","null","R","R","L","LAD","SF","S","null","null",0,1,2018,"0.7904","1.2572","-0.7778","2.1294","null","null","null",0,3,"Top","null","null",,,518735,,"180815_025515","-8.3075","-130.1274","-6.1382","10.5954","27.0494","-17.0234","3.4624","1.7054","null","null","null","88.9570","2123","5.9770",531205,622072,518735,641355,572821,457759,592518,461314,571771,624577,"54.5217","null","null","null","null","null","null","null",19,"2","2-Seam Fastball",0,1,1,0,1,0,1,0,"Infield shift","Standard"
"KC","2018-08-14","82.4","2.3758","5.7518","Alex Wood",457705,622072,"null","called_strike",,,,,"7","null","R","R","L","LAD","SF","S","null","null",0,0,2018,"-0.1176","-0.2893","-0.6839","1.6099","null","null","null",0,3,"Top","null","null",,,518735,,"180815_025455","-6.6859","-119.8367","-2.3020","0.2029","23.6689","-34.7064","3.5339","1.5860","null","null","null","81.8810","2073","6.0200",531205,622072,518735,641355,572821,457759,592518,461314,571771,624577,"54.4791","null","null","null","null","null","null","null",19,"1","Knuckle Curve",0,1,1,0,1,0,1,0,"Infield shift","Standard"
"SL","2018-08-14","87.2","1.9685","6.6344","Andrew Suarez",622072,605498,"null","ball",,,,,"12","null","R","R","L","LAD","SF","B","null","null",0,1,2018,"-0.4047","0.3849","0.3189","4.4847","null","null","null",2,2,"Bot","null","null",,,460026,,"180815_025104","-3.0975","-126.8511","0.1728","-3.6080","23.6435","-28.4883","3.7725","1.6812","null","null","null","85.3660","1992","4.9210",531205,605498,460026,457763,488818,446334,593700,596103,621453,457705,"55.5785","null","null","null","null","null","null","null",18,"2","Slider",0,1,0,1,1,0,0,1,"Standard","Strategic"
"FF","2018-08-14","91.7","1.7341","6.5753","Andrew Suarez",622072,605498,"null","called_strike",,,,,"2","null","R","R","L","LAD","SF","S","null","null",0,0,2018,"0.8183","1.0404","0.1765","3.2719","null","null","null",2,2,"Bot","null","null",,,460026,,"180815_025053","-5.4342","-133.2463","-4.5184","10.3577","26.2872","-19.7489","3.8918","1.7765","null","null","null","89.4020","1909","4.7670",531205,605498,460026,457763,488818,446334,593700,596103,621453,457705,"55.7321","null","null","null","null","null","null","null",18,"1","4-Seam Fastball",0,1,0,1,1,0,0,1,"Standard","Standard"
"FF","2018-08-14","92.6","1.8419","6.4405","Andrew Suarez",624577,605498,"strikeout","called_strike",,,,,"7","Yasiel Puig called out on strikes.  ","R","R","L","LAD","SF","S",2,"null",3,2,2018,"0.8089","1.1997","-0.5063","1.6646","null","null","null",1,2,"Bot","null","null",,,460026,,"180815_025023","-7.5356","-134.2310","-8.7028","11.0736","28.6145","-16.5371","3.7009","1.6336","null","null","null","90.8150","2111","5.3850",531205,605498,460026,457763,488818,446334,593700,596103,621453,457705,"55.1141","null","null","0.00",1,0,0,"null",17,"8","4-Seam Fastball",0,1,0,1,1,0,0,1,"Standard","Standard"
"CU","2018-08-14","74.0","2.0349","6.5414","Andrew Suarez",624577,605498,"null","ball",,,,,"12","null","R","R","L","LAD","SF","B","null","null",2,2,2018,"-1.0847","-1.1485","1.3577","2.8538","null","null","null",1,2,"Bot","null","null",,,460026,,"180815_025003","0.3731","-107.3980","1.5976","-7.9314","19.5538","-41.1138","3.6293","1.6812","null","null","null","71.4030","2365","4.5440",531205,605498,460026,457763,488818,446334,593700,596103,621453,457705,"55.9547","null","null","null","null","null","null","null",17,"7","Curveball",0,1,0,1,1,0,0,1,"Standard","Standard"
"FF","2018-08-14","92.1","1.7478","6.5609","Andrew Suarez",624577,605498,"null","ball",,,,,"13","null","R","R","L","LAD","SF","B","null","null",1,2,2018,"0.5865","1.4294","-1.5684","1.9510","null","null","null",1,2,"Bot","null","null",,,460026,,"180815_024911","-9.3824","-133.4757","-8.6146","8.5992","26.1521","-14.2639","3.6293","1.7765","null","null","null","90.1330","2060","5.1120",531205,605498,460026,457763,488818,446334,593700,596103,621453,457705,"55.3869","null","null","null","null","null","null","null",17,"4","4-Seam Fastball",0,1,0,1,1,0,0,1,"Standard","Standard"
"SL","2018-08-14","88.1","1.7734","6.5013","Andrew Suarez",624577,605498,"null","ball",,,,,"13","null","R","R","L","LAD","SF","B","null","null",0,2,2018,"-0.3120","0.5048","-0.4656","0.4957","null","null","null",1,2,"Bot","null","null",,,460026,,"180815_024859","-4.6997","-127.8153","-9.2479","-2.3482","25.4361","-25.2899","3.5578","1.6574","null","null","null","86.1070","2132","5.1020",531205,605498,460026,457763,488818,446334,593700,596103,621453,457705,"55.3972","null","null","null","null","null","null","null",17,"3","Slider",0,1,0,1,1,0,0,1,"Standard","Standard"
"FF","2018-08-14","92.4","1.8516","6.4962","Andrew Suarez",624577,605498,"null","called_strike",,,,,"7","null","R","R","L","LAD","SF","S","null","null",0,1,2018,"0.6333","1.2815","-0.3965","2.1742","null","null","null",1,2,"Bot","null","null",,,460026,,"180815_024848","-6.8443","-133.8776","-7.5767","8.7945","30.0869","-16.0828","3.6770","1.7765","null","null","null","89.8060","1942","5.0290",531205,605498,460026,457763,488818,446334,593700,596103,621453,457705,"55.4697","null","null","null","null","null","null","null",17,"2","4-Seam Fastball",0,1,0,1,1,0,0,1,"Standard","Standard"
"FF","2018-08-14","91.5","1.6367","6.5951","Andrew Suarez",624577,605498,"null","called_strike",,,,,"11","null","R","R","L","LAD","SF","S","null","null",0,0,2018,"0.5954","1.3701","-0.8891","3.1764","null","null","null",1,2,"Bot","null","null",,,460026,,"180815_024838","-7.4757","-132.7952","-5.4902","8.4274","28.2554","-15.5320","3.7265","1.7267","null","null","null","89.9520","1916","5.4720",531205,605498,460026,457763,488818,446334,593700,596103,621453,457705,"55.0268","null","null","null","null","null","null","null",17,"1","4-Seam Fastball",0,1,0,1,1,0,0,1,"Standard","Standard"
"SL","2018-08-14","88.4","1.9217","6.6582","Andrew Suarez",518735,605498,"null","called_strike",,,,,"7","null","R","R","L","LAD","SF","S","null","null",3,1,2018,"-0.3258","0.6862","-0.3513","2.1020","null","null","null",0,2,"Bot","null","null",,,460026,,"180815_024747","-4.7751","-128.5370","-6.3077","-2.6237","23.0593","-23.9577","3.2477","1.6102","null","null","null","86.7820","2028","5.0030",531205,605498,460026,457763,488818,446334,593700,596103,621453,457705,"55.4959","null","null","null","null","null","null","null",16,"5","Slider",0,1,0,1,1,0,0,1,"Standard","Standard"
"FF","2018-08-14","92.0","1.7772","6.5330","Andrew Suarez",518735,605498,"null","ball",,,,,"13","null","R","R","L","LAD","SF","B","null","null",2,1,2018,"0.7064","1.4735","-1.9931","2.2464","null","null","null",0,2,"Bot","null","null",,,460026,,"180815_024733","-10.7290","-133.1169","-7.8057","10.3904","29.0818","-13.9660","3.2954","1.6102","null","null","null","89.5610","2103","5.1450",531205,605498,460026,457763,488818,446334,593700,596103,621453,457705,"55.3544","null","null","null","null","null","null","null",16,"4","4-Seam Fastball",0,1,0,1,1,0,0,1,"Standard","Standard"
"SL","2018-08-14","88.9","1.8596","6.5643","Andrew Suarez",518735,605498,"null","called_strike",,,,,"7","null","R","R","L","LAD","SF","S","null","null",2,0,2018,"-0.3088","0.6351","-0.6743","1.7167","null","null","null",0,2,"Bot","null","null",,,460026,,"180815_024721","-5.4506","-129.0796","-6.9507","-2.2698","24.7410","-24.2865","3.3670","1.5622","null","null","null","86.9620","2087","5.0050",531205,605498,460026,457763,488818,446334,593700,596103,621453,457705,"55.4944","null","null","null","null","null","null","null",16,"3","Slider",0,1,0,1,1,0,0,1,"Standard","Standard"
"FF","2018-08-14","90.7","1.8505","6.4784","Andrew Suarez",518735,605498,"null","ball",,,,,"13","null","R","R","L","LAD","SF","B","null","null",1,0,2018,"0.9113","1.2889","-1.6102","0.0783","null","null","null",0,2,"Bot","null","null",,,460026,,"180815_024708","-10.1331","-131.0266","-12.2488","11.9341","24.3346","-15.9395","3.3908","1.6102","null","null","null","88.1670","1933","4.8440",531205,605498,460026,457763,488818,446334,593700,596103,621453,457705,"55.6553","null","null","null","null","null","null","null",16,"2","4-Seam Fastball",0,1,0,1,1,0,0,1,"Standard","Standard"
"CU","2018-08-14","75.4","1.8750","6.5594","Andrew Suarez",518735,605498,"null","ball",,,,,"14","null","R","R","L","LAD","SF","B","null","null",0,0,2018,"-0.7357","-0.5047","1.3126","1.8264","null","null","null",0,2,"Bot","null","null",,,460026,,"180815_024656","0.0451","-109.6260","-1.8990","-5.6119","17.4902","-35.9962","3.2477","1.6102","null","null","null","73.2440","2384","4.4920",531205,605498,460026,457763,488818,446334,593700,596103,621453,457705,"56.0068","null","null","null","null","null","null","null",16,"1","Curveball",0,1,0,1,1,0,0,1,"Standard","Standard"
"CH","2018-08-14","85.0","2.2792","5.5779","Alex Wood",621453,622072,"null","ball",,,,,"13","null","R","L","L","LAD","SF","B","null","null",1,2,2018,"1.0045","0.6212","-0.6305","1.5352","null","446334.00","460026.00",1,2,"Top","null","null",,,518735,,"180815_024108","-8.7676","-123.5029","-4.3716","11.8990","23.5581","-25.2337","3.5816","1.7050","null","null","null","84.7530","1640","6.1160",531205,622072,518735,641355,572821,457759,592518,461314,571771,624577,"54.3827","null","null","null","null","null","null","null",13,"4","Changeup",0,0,0,0,0,0,0,0,"Standard","Standard"
"FT","2018-08-14","89.8","1.9797","5.8735","Alex Wood",621453,622072,"null","ball",,,,,"12","null","R","L","L","LAD","SF","B","null","null",0,2,2018,"0.8734","1.3367","0.6948","3.8966","null","446334.00","460026.00",1,2,"Top","null","null",,,518735,,"180815_024039","-5.0116","-130.7165","-1.7224","11.0179","27.7296","-16.7984","3.5578","1.7050","null","null","null","89.6660","1907","6.2020",531205,622072,518735,641355,572821,457759,592518,461314,571771,624577,"54.2967","null","null","null","null","null","null","null",13,"3","2-Seam Fastball",0,0,0,0,0,0,0,0,"Standard","Standard"
"FT","2018-08-14","89.8","1.9200","5.8699","Alex Wood",621453,622072,"null","called_strike",,,,,"4","null","R","L","L","LAD","SF","S","null","null",0,0,2018,"1.0907","0.9204","-0.4942","2.5921","null","446334.00","460026.00",1,2,"Top","null","null",,,518735,,"180815_023944","-8.2210","-130.4676","-4.0676","14.0205","25.3123","-21.1081","3.5578","1.8241","null","null","null","89.6690","2020","6.1210",531205,622072,518735,641355,572821,457759,592518,461314,571771,624577,"54.3780","null","null","null","null","null","null","null",13,"1","2-Seam Fastball",0,0,0,0,0,0,0,0,"Standard","Standard"
"FT","2018-08-14","90.8","1.9304","5.9990","Alex Wood",596103,622072,"strikeout","called_strike",,,,,"7","Austin Slater called out on strikes.  ","R","R","L","LAD","SF","S",2,"null",2,2,2018,"1.1132","1.0227","-0.5072","1.8599","null","446334.00","460026.00",0,2,"Top","null","null",,,518735,,"180815_023902","-8.4287","-131.8818","-6.5608","14.7017","28.3059","-19.1476","3.4385","1.8003","null","null","null","90.3850","2093","6.1600",531205,622072,518735,641355,572821,457759,592518,461314,571771,624577,"54.3396","null","null","0.00",1,0,0,"null",12,"6","2-Seam Fastball",0,0,0,0,0,0,0,0,"Standard","Standard"
"FT","2018-08-14","90.3","1.9001","5.9810","Alex Wood",596103,622072,"null","ball",,,,,"11","null","R","R","L","LAD","SF","B","null","null",0,1,2018,"0.5923","1.5093","-1.4692","2.7752","null","446334.00","460026.00",0,2,"Top","null","null",,,518735,,"180815_023643","-9.5133","-131.0622","-5.1454","8.5706","25.0652","-14.2061","3.4385","1.7050","null","null","null","89.6750","1978","5.8350",531205,622072,518735,641355,572821,457759,592518,461314,571771,624577,"54.6643","null","null","null","null","null","null","null",12,"2","2-Seam Fastball",0,0,0,0,0,0,0,0,"Standard","Standard"
"CH","2018-08-14","84.2","2.2308","5.6539","Alex Wood",596103,622072,"null","called_strike",,,,,"12","null","R","R","L","LAD","SF","S","null","null",0,0,2018,"1.1136","0.8397","1.0219","2.4916","null","446334.00","460026.00",0,2,"Top","null","null",,,518735,,"180815_023618","-4.9273","-122.5864","-2.6514","11.9800","21.3927","-23.5395","3.3441","1.6317","null","null","null","83.9460","1554","5.8320",531205,622072,518735,641355,572821,457759,592518,461314,571771,624577,"54.6668","null","null","null","null","null","null","null",12,"1","Changeup",0,0,0,0,0,0,0,0,"Standard","Standard"
"FT","2018-08-14","90.4","1.9837","6.0101","Alex Wood",460026,622072,"null","ball",,,,,"11","null","R","R","L","LAD","SF","B","null","null",0,2,2018,"0.9398","1.2327","-0.5027","4.0711","null","null","446334.00",0,2,"Top","null","null",,,518735,,"180815_023428","-8.1135","-131.4333","-1.4811","12.4364","26.8135","-17.9554","3.5339","1.6574","null","null","null","89.9580","2164","5.9810",531205,622072,518735,641355,572821,457759,592518,461314,571771,624577,"54.5180","null","null","null","null","null","null","null",11,"3","2-Seam Fastball",0,0,0,0,0,0,0,0,"Standard","Standard"
"CH","2018-08-14","83.0","2.2969","5.7565","Alex Wood",446334,622072,"null","ball",,,,,"14","null","R","R","L","LAD","SF","B","null","null",0,1,2018,"1.3168","0.4430","0.4002","0.5698","null","null","null",0,2,"Top","null","null",,,518735,,"180815_023201","-6.7938","-120.5459","-6.1883","13.9172","22.3708","-26.9972","3.7963","1.7656","null","null","null","82.3360","1677","5.8490",531205,622072,518735,641355,572821,457759,592518,461314,571771,624577,"54.6504","null","null","null","null","null","null","null",10,"2","Changeup",0,0,0,0,0,0,0,0,"Infield shift","Standard"
"FF","2018-08-14","92.1","1.7097","6.5301","Andrew Suarez",641355,605498,"null","called_strike",,,,,"8","null","R","L","L","LAD","SF","S","null","null",1,1,2018,"0.6591","1.2996","0.0103","2.1036","457759.00","571771.00","461314.00",2,1,"Bot","null","null",,,460026,,"180815_022845","-5.5334","-133.6743","-7.9005","8.7205","27.3294","-15.8590","3.9156","1.8003","null","null","null","90.0710","2071","5.0740",531205,605498,460026,457763,488818,446334,593700,596103,621453,457705,"55.4247","null","null","null","null","null","null","null",9,"3","4-Seam Fastball",0,0,0,0,0,0,0,0,"Strategic","Standard"
"FF","2018-08-14","91.6","1.7941","6.6136","Andrew Suarez",641355,605498,"null","ball",,,,,"11","null","R","L","L","LAD","SF","B","null","null",0,0,2018,"0.6888","1.4779","-0.4863","4.1428","457759.00","571771.00","461314.00",2,1,"Bot","null","null",,,460026,,"180815_022749","-7.0464","-133.0817","-3.3797","9.3883","27.8692","-14.7487","3.8441","1.8718","null","null","null","89.9710","1982","5.3230",531205,605498,460026,457763,488818,446334,593700,596103,621453,457705,"55.1761","null","null","null","null","null","null","null",9,"1","4-Seam Fastball",0,0,0,0,0,0,0,0,"Standard","Standard"
"FF","2018-08-14","90.8","2.1051","6.5485","Andrew Suarez",461314,605498,"walk","ball",,,,,"12","Matt Kemp walks.   Enrique Hernandez to 2nd.  ","R","R","L","LAD","SF","B","null","null",3,0,2018,"0.8508","1.4314","1.0908","3.9194","457759.00","null","571771.00",2,1,"Bot","null","null",,,460026,,"180815_022658","-4.1391","-131.8250","-3.4233","10.3168","29.4014","-15.9109","3.5983","1.8480","null","null","null","88.1450","1989","4.8650",531205,605498,460026,457763,488818,446334,593700,596103,621453,457705,"55.6337","null","null","0.70",1,0,0,"null",8,"4","4-Seam Fastball",0,0,0,0,0,0,0,0,"Standard","Standard"
"SL","2018-08-14","88.8","1.8903","6.6013","Andrew Suarez",461314,605498,"null","ball",,,,,"13","null","R","R","L","LAD","SF","B","null","null",2,0,2018,"-0.5468","0.2974","-1.5986","1.6140","457759.00","null","571771.00",2,1,"Bot","null","null",,,460026,,"180815_022637","-7.2542","-128.9372","-6.6078","-4.4775","24.3207","-28.0095","3.6293","1.7527","null","null","null","86.7910","2281","4.9250",531205,605498,460026,457763,488818,446334,593700,596103,621453,457705,"55.5738","null","null","null","null","null","null","null",8,"3","Slider",0,0,0,0,0,0,0,0,"Standard","Standard"
"CU","2018-08-14","74.6","2.1569","6.5876","Andrew Suarez",461314,605498,"null","ball",,,,,"14","null","R","R","L","LAD","SF","B","null","null",1,0,2018,"-1.0950","-0.7578","1.5172","1.8473","457759.00","null","571771.00",2,1,"Bot","null","null",,,460026,,"180815_022617","0.4567","-108.4310","-1.3050","-8.1920","18.2135","-37.8715","3.6532","1.8480","null","null","null","72.2220","2404","4.4450",531205,605498,460026,457763,488818,446334,593700,596103,621453,457705,"56.0541","null","null","null","null","null","null","null",8,"2","Curveball",0,0,0,0,0,0,0,0,"Standard","Standard"
"CU","2018-08-14","76.2","2.3174","6.4798","Andrew Suarez",461314,605498,"null","ball",,,,,"14","null","R","R","L","LAD","SF","B","null","null",0,0,2018,"-0.9569","-1.0671","1.3391","2.4927","457759.00","null","571771.00",2,1,"Bot","null","null",,,460026,,"180815_022602","-0.4473","-110.7172","0.3813","-7.3059","18.6135","-40.7687","3.7725","1.8480","null","null","null","73.6820","2514","4.3540",531205,605498,460026,457763,488818,446334,593700,596103,621453,457705,"56.1447","null","null","null","null","null","null","null",8,"1","Curveball",0,0,0,0,0,0,0,0,"Standard","Standard"
"SL","2018-08-14","89.1","1.9717","6.5593","Andrew Suarez",571771,605498,"null","ball",,,,,"13","null","R","R","L","LAD","SF","B","null","null",1,1,2018,"-0.3905","0.5829","-0.7148","1.3405","null","457759.00","592518.00",1,1,"Bot","null","null",,,460026,,"180815_022415","-5.6799","-129.4146","-7.8253","-3.1943","23.8069","-24.6516","3.2239","1.6336","null","null","null","87.4840","2157","5.1090",531205,605498,460026,457763,488818,446334,593700,596103,621453,457705,"55.3903","null","null","null","null","null","null","null",7,"3","Slider",0,0,0,0,0,0,0,0,"Standard","Standard"
"FF","2018-08-14","92.4","1.9837","6.5193","Andrew Suarez",571771,605498,"null","ball",,,,,"13","null","R","R","L","LAD","SF","B","null","null",0,1,2018,"0.9380","1.1356","-1.1327","1.4598","null","457759.00","592518.00",1,1,"Bot","null","null",,,460026,,"180815_022351","-9.6744","-133.7223","-9.1818","12.9552","28.8666","-17.3031","3.2716","1.7050","null","null","null","90.3430","2048","5.3410",531205,605498,460026,457763,488818,446334,593700,596103,621453,457705,"55.1577","null","null","null","null","null","null","null",7,"2","4-Seam Fastball",0,0,0,0,0,0,0,0,"Standard","Standard"
"CU","2018-08-14","76.2","2.0288","6.6084","Andrew Suarez",571771,605498,"null","called_strike",,,,,"6","null","R","R","L","LAD","SF","S","null","null",0,0,2018,"-0.7618","-0.5565","0.8152","2.4193","null","457759.00","592518.00",1,1,"Bot","null","null",,,460026,,"180815_022329","-1.2309","-110.6675","-0.8189","-5.6835","18.9692","-36.6364","3.2477","1.5580","null","null","null","73.7980","2464","4.5120",531205,605498,460026,457763,488818,446334,593700,596103,621453,457705,"55.9872","null","null","null","null","null","null","null",7,"1","Curveball",0,0,0,0,0,0,0,0,"Standard","Standard"
"FF","2018-08-14","92.5","1.9756","6.5171","Andrew Suarez",592518,605498,"walk","ball",,,,,"13","Manny Machado walks.  ","R","R","L","LAD","SF","B","null","null",3,1,2018,"1.2040","1.0209","-0.4225","1.1182","null","457759.00","null",1,1,"Bot","null","null",,,460026,,"180815_022251","-8.3001","-133.8411","-9.6708","15.5070","29.0601","-18.7507","3.7248","1.8157","null","null","null","89.5080","2058","4.7770",531205,605498,460026,457763,488818,446334,593700,596103,621453,457705,"55.7219","null","null","0.70",1,0,0,"null",6,"5","4-Seam Fastball",0,0,0,0,0,0,0,0,"Standard","Standard"
"FF","2018-08-14","92.1","2.0757","6.5084","Andrew Suarez",592518,605498,"null","called_strike",,,,,"14","null","R","R","L","LAD","SF","S","null","null",3,0,2018,"1.1896","1.2322","0.0609","1.4875","null","457759.00","null",1,1,"Bot","null","null",,,460026,,"180815_022222","-7.4677","-133.4962","-9.2697","15.4219","29.4802","-16.1280","3.6551","1.6708","null","null","null","90.3140","1936","5.4740",531205,605498,460026,457763,488818,446334,593700,596103,621453,457705,"55.0247","null","null","null","null","null","null","null",6,"4","4-Seam Fastball",0,0,0,0,0,0,0,0,"Standard","Standard"
"SL","2018-08-14","88.8","2.1615","6.6149","Andrew Suarez",592518,605498,"null","ball",,,,,"13","null","R","R","L","LAD","SF","B","null","null",2,0,2018,"-0.4746","0.5978","-0.8381","1.2886","null","457759.00","null",1,1,"Bot","null","null",,,460026,,"180815_022158","-6.2228","-128.8969","-7.9641","-3.8416","25.1193","-24.5277","3.7963","1.8157","null","null","null","86.6100","2141","4.8920",531205,605498,460026,457763,488818,446334,593700,596103,621453,457705,"55.6066","null","null","null","null","null","null","null",6,"3","Slider",0,0,0,0,0,0,0,0,"Standard","Standard"
"FF","2018-08-14","92.4","2.1174","6.5501","Andrew Suarez",592518,605498,"null","ball",,,,,"14","null","R","R","L","LAD","SF","B","null","null",1,0,2018,"0.7998","1.2102","0.9519","1.7224","null","457759.00","null",1,1,"Bot","null","null",,,460026,,"180815_022138","-4.4894","-134.0521","-8.7340","10.1453","27.7804","-16.6956","3.8202","1.8157","null","null","null","90.0830","1989","4.9450",531205,605498,460026,457763,488818,446334,593700,596103,621453,457705,"55.5537","null","null","null","null","null","null","null",6,"2","4-Seam Fastball",0,0,0,0,0,0,0,0,"Standard","Standard"
"SL","2018-08-14","89.0","1.8400","6.6233","Andrew Suarez",592518,605498,"null","ball",,,,,"14","null","R","R","L","LAD","SF","B","null","null",0,0,2018,"-0.4495","0.7091","0.0026","1.5816","null","457759.00","null",1,1,"Bot","null","null",,,460026,,"180815_022117","-3.5166","-129.2655","-7.5929","-4.2100","22.9096","-23.4519","3.7725","1.8157","null","null","null","87.0620","2077","4.8330",531205,605498,460026,457763,488818,446334,593700,596103,621453,457705,"55.6663","null","null","null","null","null","null","null",6,"1","Slider",0,0,0,0,0,0,0,0,"Standard","Standard"
"FF","2018-08-14","91.8","1.9768","6.5870","Andrew Suarez",457759,605498,"null","called_strike",,,,,"5","null","R","R","L","LAD","SF","S","null","null",1,0,2018,"1.0295","1.1585","0.0566","2.5442","null","null","null",1,1,"Bot","null","null",,,460026,,"180815_021937","-6.7697","-133.1383","-6.5674","13.0825","27.0991","-17.9380","3.6532","1.6098","null","null","null","89.4900","1993","4.9350",531205,605498,460026,457763,488818,446334,593700,596103,621453,457705,"55.5642","null","null","null","null","null","null","null",5,"2","4-Seam Fastball",0,0,0,0,0,0,0,0,"Standard","Standard"
"FF","2018-08-14","91.7","1.9775","6.6589","Andrew Suarez",457759,605498,"null","ball",,,,,"12","null","R","R","L","LAD","SF","B","null","null",0,0,2018,"1.0985","1.0587","1.1475","2.8665","null","null","null",1,1,"Bot","null","null",,,460026,,"180815_021924","-4.2330","-133.1234","-5.7057","13.3591","29.7583","-19.2339","3.6770","1.6574","null","null","null","89.1790","2062","4.9530",531205,605498,460026,457763,488818,446334,593700,596103,621453,457705,"55.5459","null","null","null","null","null","null","null",5,"1","4-Seam Fastball",0,0,0,0,0,0,0,0,"Standard","Standard"
"SL","2018-08-14","88.3","1.9215","6.5927","Andrew Suarez",572821,605498,"null","ball",,,,,"13","null","R","R","L","LAD","SF","B","null","null",0,2,2018,"-0.3402","0.4221","-1.8089","0.7840","null","null","null",0,1,"Bot","null","null",,,460026,,"180815_021824","-8.1320","-128.0076","-8.6006","-2.0057","24.2654","-26.4195","3.0570","1.5145","null","null","null","85.6990","2151","4.6430",531205,605498,460026,457763,488818,446334,593700,596103,621453,457705,"55.8565","null","null","null","null","null","null","null",4,"3","Slider",0,0,0,0,0,0,0,0,"Infield shift","Standard"
"FF","2018-08-14","91.5","1.9044","6.5932","Andrew Suarez",572821,605498,"null","called_strike",,,,,"6","null","R","R","L","LAD","SF","S","null","null",0,0,2018,"1.0300","1.1444","0.3469","2.3736","null","null","null",0,1,"Bot","null","null",,,460026,,"180815_021754","-5.8530","-132.8217","-6.9202","12.8169","26.8478","-18.1237","2.8901","1.4431","null","null","null","89.1940","2029","4.8720",531205,605498,460026,457763,488818,446334,593700,596103,621453,457705,"55.6269","null","null","null","null","null","null","null",4,"1","4-Seam Fastball",0,0,0,0,0,0,0,0,"Infield shift","Standard"
"KC","2018-08-14","83.6","2.3250","5.7274","Alex Wood",457763,622072,"null","ball",,,,,"13","null","R","R","L","LAD","SF","B","null","null",1,2,2018,"-0.2179","-0.2379","-1.8357","0.0239","null","null","null",2,1,"Top","null","null",,,518735,,"180815_021509","-9.0609","-121.2459","-6.1161","-0.2433","24.9064","-33.4675","3.1285","1.5860","null","null","null","82.5050","2142","5.8570",531205,622072,518735,641355,572821,457759,592518,461314,571771,624577,"54.6424","null","null","null","null","null","null","null",3,"4","Knuckle Curve",0,0,0,0,0,0,0,0,"Standard","Standard"
"FT","2018-08-14","90.8","1.8509","6.0428","Alex Wood",457763,622072,"null","ball",,,,,"11","null","R","R","L","LAD","SF","B","null","null",0,1,2018,"0.9736","1.3042","-0.2299","3.7231","null","null","null",2,1,"Top","null","null",,,518735,,"180815_021423","-7.2292","-132.0465","-2.6503","12.7827","27.0503","-16.7119","3.3193","1.5383","null","null","null","90.4980","2092","6.0540",531205,622072,518735,641355,572821,457759,592518,461314,571771,624577,"54.4452","null","null","null","null","null","null","null",3,"2","2-Seam Fastball",0,0,0,0,0,0,0,0,"Standard","Standard"
"FT","2018-08-14","90.6","2.0763","5.7972","Alex Wood",457763,622072,"null","called_strike",,,,,"2","null","R","R","L","LAD","SF","S","null","null",0,0,2018,"0.9634","1.1425","0.2365","2.8862","null","null","null",2,1,"Top","null","null",,,518735,,"180815_021406","-6.6252","-131.8052","-3.7948","12.5375","26.0131","-18.3135","3.2477","1.6252","null","null","null","90.7040","1747","6.2060",531205,622072,518735,641355,572821,457759,592518,461314,571771,624577,"54.2934","null","null","null","null","null","null","null",3,"1","2-Seam Fastball",0,0,0,0,0,0,0,0,"Standard","Standard"
"FT","2018-08-14","90.9","1.7192","6.0507","Alex Wood",488818,622072,"null","ball",,,,,"13","null","R","R","L","LAD","SF","B","null","null",2,2,2018,"1.2004","1.1616","-1.2640","2.1401","null","null","null",1,1,"Top","null","null",,,518735,,"180815_021309","-9.9213","-131.9123","-6.2660","15.9216","27.5851","-17.6947","3.4385","1.6336","null","null","null","90.1980","2142","5.9730",531205,622072,518735,641355,572821,457759,592518,461314,571771,624577,"54.5260","null","null","null","null","null","null","null",2,"5","2-Seam Fastball",0,0,0,0,0,0,0,0,"Standard","Standard"
"CH","2018-08-14","84.9","2.1691","5.6908","Alex Wood",488818,622072,"null","ball",,,,,"14","null","R","R","L","LAD","SF","B","null","null",1,2,2018,"1.0598","0.7284","1.0114","1.4605","null","null","null",1,1,"Top","null","null",,,518735,,"180815_021251","-4.7529","-123.5917","-5.0373","11.6135","22.0442","-24.0899","3.4385","1.5860","null","null","null","84.6640","1748","5.8790",531205,622072,518735,641355,572821,457759,592518,461314,571771,624577,"54.6201","null","null","null","null","null","null","null",2,"4","Changeup",0,0,0,0,0,0,0,0,"Standard","Standard"
"FT","2018-08-14","90.8","2.0939","5.8872","Alex Wood",488818,622072,"null","ball",,,,,"12","null","R","R","L","LAD","SF","B","null","null",0,2,2018,"0.8524","1.3073","0.4359","4.8971","null","null","null",1,1,"Top","null","null",,,518735,,"180815_021232","-5.8842","-132.1038","0.6519","11.0204","26.2621","-17.4212","3.3431","1.6336","null","null","null","90.2870","1863","5.8360",531205,622072,518735,641355,572821,457759,592518,461314,571771,624577,"54.6631","null","null","null","null","null","null","null",2,"3","2-Seam Fastball",0,0,0,0,0,0,0,0,"Standard","Standard"
"FT","2018-08-14","90.8","2.1223","5.8297","Alex Wood",488818,622072,"null","called_strike",,,,,"6","null","R","R","L","LAD","SF","S","null","null",0,0,2018,"0.9933","1.1588","0.6092","2.6645","null","null","null",1,1,"Top","null","null",,,518735,,"180815_021151","-5.9310","-132.0696","-4.5140","12.9052","27.1749","-17.8169","3.3670","1.6098","null","null","null","91.1250","1816","6.4340",531205,622072,518735,641355,572821,457759,592518,461314,571771,624577,"54.0652","null","null","null","null","null","null","null",2,"1","2-Seam Fastball",0,0,0,0,0,0,0,0,"Standard","Standard"