"pitch_type","game_date","release_speed","release_pos_x","release_pos_z","player_name","batter","pitcher","events","description","spin_dir","spin_rate_deprecated","break_angle_deprecated","break_length_deprecated","zone","des","game_type","stand","p_throws","home_team","away_team","type","hit_location","bb_type","balls","strikes","game_year","pfx_x","pfx_z","plate_x","plate_z","on_3b","on_2b","on_1b","outs_when_up","inning","inning_topbot","hc_x","hc_y","tfs_deprecated","tfs_zulu_deprecated","pos2_person_id","umpire","sv_id","vx0","vy0","vz0","ax","ay","az","sz_top","sz_bot","hit_distance_sc","launch_speed","launch_angle","effective_speed","release_spin_rate","release_extension","game_pk","pos1_person_id","pos2_person_id","pos3_person_id","pos4_person_id","pos5_person_id","pos6_person_id","pos7_person_id","pos8_person_id","pos9_person_id","release_pos_y","estimated_ba_using_speedangle","estimated_woba_using_speedangle","woba_value","woba_denom","babip_value","iso_value","launch_speed_angle","at_bat_number","pitch_number","pitch_name","home_score","away_score","bat_score","fld_score","post_away_score","post_home_score","post_bat_score","post_fld_score","if_fielding_alignment","of_fielding_alignment"
"KC","2018-07-05","83.0","0.6853","6.4288","Brett Cecil",460026,446399,"null","ball",,,,,"14","null","R","R","L","SF","STL","B","null","null",1,2,2018,"-0.0235","-0.6582","0.6201","0.2941","null","null","null",2,9,"Bot","null","null",,,506747,,"180706_045029","-0.1027","-120.5101","-6.1532","-0.1985","23.9205","-37.3622","3.3272","1.6687","null","null","null","80.9200","2334","5.0400",530714,446399,506747,425877,543939,576397,622168,664056,502054,451594,"55.4573","null","null","null","null","null","null","null",76,"5","Knuckle Curve",2,11,2,11,11,2,2,11,"Standard","Standard"
"KC","2018-07-05","82.0","0.5918","6.3875","Brett Cecil",460026,446399,"null","ball",,,,,"13","null","R","R","L","SF","STL","B","null","null",0,2,2018,"-0.0702","-0.4787","-0.7723","-1.0075","null","null","null",2,9,"Bot","null","null",,,506747,,"180706_044931","-2.8829","-119.0439","-9.0888","-0.1278","21.2592","-35.1929","3.3272","1.6190","null","null","null","80.3300","2310","5.1140",530714,446399,506747,425877,543939,576397,622168,664056,502054,451594,"55.3831","null","null","null","null","null","null","null",76,"3","Knuckle Curve",2,11,2,11,11,2,2,11,"Standard","Standard"
"SI","2018-07-05","90.0","0.6505","6.3857","Brett Cecil",460026,446399,"null","called_strike",,,,,"4","null","R","R","L","SF","STL","S","null","null",0,0,2018,"1.2062","0.7435","-0.4599","2.5076","null","null","null",2,9,"Bot","null","null",,,506747,,"180706_044850","-5.0971","-130.9006","-5.1309","14.4061","24.3543","-23.1643","3.3372","1.5693","null","null","null","88.6940","2111","5.2370",530714,446399,506747,425877,543939,576397,622168,664056,502054,451594,"55.2608","null","null","null","null","null","null","null",76,"1","Sinker",2,11,2,11,11,2,2,11,"Standard","Standard"
"CH","2018-07-05","83.4","0.9969","6.4933","Brett Cecil",593700,446399,"null","called_strike",,,,,"8","null","R","R","L","SF","STL","S","null","null",0,0,2018,"0.4670","1.1790","-0.0755","1.8732","null","null","null",1,9,"Bot","null","null",,,506747,,"180706_044747","-3.2789","-121.1122","-6.2643","5.0717","23.5750","-20.0298","3.2378","1.4407","null","null","null","81.7790","1372","5.2990",530714,446399,506747,425877,543939,576397,622168,664056,502054,451594,"55.1982","null","null","null","null","null","null","null",75,"1","Changeup",2,11,2,11,11,2,2,11,"Standard","Standard"
"SL","2018-07-05","82.1","2.9104","6.0376","Derek Holland",664056,502706,"null","ball",,,,,"13","null","R","R","L","SF","STL","B","null","null",0,2,2018,"0.3371","0.7282","-2.0583","1.6307","null","null","null",0,9,"Top","null","null",,,460026,,"180706_044113","-11.6828","-118.7827","-4.6128","5.5007","24.3756","-24.7890","3.2660","1.5939","null","null","null","80.5380","2231","5.7010",530714,502706,460026,474832,605412,467055,593700,457706,491676,452254,"54.7967","null","null","null","null","null","null","null",71,"3","Slider",2,11,11,2,11,2,11,2,"Standard","Standard"
"CH","2018-07-05","82.4","2.6036","6.0262","Derek Holland",664056,502706,"null","called_strike",,,,,"14","null","R","R","L","SF","STL","S","null","null",0,1,2018,"0.9631","1.3837","0.8552","2.4357","null","null","null",0,9,"Top","null","null",,,460026,,"180706_044057","-5.7441","-119.7046","-4.2220","10.1918","22.6168","-18.5284","3.3654","1.5939","null","null","null","81.6570","2201","5.8300",530714,502706,460026,474832,605412,467055,593700,457706,491676,452254,"54.6674","null","null","null","null","null","null","null",71,"2","Changeup",2,11,11,2,11,2,11,2,"Standard","Standard"
"SI","2018-07-05","92.0","2.7879","6.0083","Derek Holland",664056,502706,"null","called_strike",,,,,"2","null","R","R","L","SF","STL","S","null","null",0,0,2018,"1.1425","1.2258","0.2668","3.2126","null","null","null",0,9,"Top","null","null",,,460026,,"180706_044042","-8.8752","-133.7651","-3.9236","15.5968","27.6240","-16.8013","3.3654","1.5939","null","null","null","92.2150","2333","6.3650",530714,502706,460026,474832,605412,467055,593700,457706,491676,452254,"54.1325","null","null","null","null","null","null","null",71,"1","Sinker",2,11,11,2,11,2,11,2,"Standard","Standard"
"CH","2018-07-05","87.0","-1.3477","5.3357","Luke Weaver",491676,596133,"null","ball",,,,,"14","null","R","R","R","SF","STL","B","null","null",1,2,2018,"-0.9907","0.9279","0.5901","0.2297","null","null","null",2,8,"Bot","null","null",,,506747,,"180706_043757","6.6071","-126.3228","-7.8789","-11.8277","25.3545","-20.9830","3.2257","1.4990","null","null","null","86.4720","1649","6.0380",530714,596133,506747,425877,543939,576397,622168,664056,502054,451594,"54.4597","null","null","null","null","null","null","null",70,"4","Changeup",2,11,2,11,11,2,2,11,"Standard","Standard"
"FF","2018-07-05","94.8","-1.1732","5.5461","Luke Weaver",491676,596133,"null","ball",,,,,"12","null","R","R","R","SF","STL","B","null","null",0,2,2018,"-1.0053","1.3192","1.1616","2.4747","null","null","null",2,8,"Bot","null","null",,,506747,,"180706_043735","8.2260","-137.6716","-5.2048","-14.3684","29.3597","-14.7404","3.1760","1.5487","null","null","null","94.0740","2416","5.8840",530714,596133,506747,425877,543939,576397,622168,664056,502054,451594,"54.6130","null","null","null","null","null","null","null",70,"3","4-Seam Fastball",2,11,2,11,11,2,2,11,"Standard","Standard"
"FF","2018-07-05","94.1","-1.2726","5.4611","Luke Weaver",491676,596133,"null","called_strike",,,,,"1","null","R","R","R","SF","STL","S","null","null",0,0,2018,"-0.6683","1.5106","-0.5249","2.8585","null","null","null",2,8,"Bot","null","null",,,506747,,"180706_043647","3.3731","-136.8875","-4.3196","-9.0208","29.4844","-12.7264","3.3547","1.5487","null","null","null","93.5580","2323","5.9300",530714,596133,506747,425877,543939,576397,622168,664056,502054,451594,"54.5674","null","null","null","null","null","null","null",70,"1","4-Seam Fastball",2,11,2,11,11,2,2,11,"Standard","Standard"
"CH","2018-07-05","84.3","-1.3646","5.3612","Luke Weaver",605412,596133,"null","ball",,,,,"9","null","R","L","R","SF","STL","B","null","null",1,1,2018,"-1.1767","0.8209","0.6927","1.6623","null","null","null",1,8,"Bot","null","null",,,506747,,"180706_043546","6.9813","-122.5234","-3.7946","-12.9541","22.9256","-23.5707","3.0814","1.5286","null","null","null","83.5530","1879","5.7410",530714,596133,506747,425877,543939,576397,622168,664056,502054,451594,"54.7561","null","null","null","null","null","null","null",69,"3","Changeup",2,11,2,11,11,2,2,11,"Standard","Standard"
"FF","2018-07-05","94.2","-1.3764","5.3684","Luke Weaver",605412,596133,"null","called_strike",,,,,"13","null","R","L","R","SF","STL","S","null","null",1,0,2018,"-0.8081","1.1658","-1.1906","1.8729","null","null","null",1,8,"Bot","null","null",,,506747,,"180706_043529","2.2366","-137.0724","-5.9306","-10.5698","28.1384","-16.5868","3.0586","1.5329","null","null","null","93.9610","2268","5.9880",530714,596133,506747,425877,543939,576397,622168,664056,502054,451594,"54.5090","null","null","null","null","null","null","null",69,"2","4-Seam Fastball",2,11,2,11,11,2,2,11,"Standard","Standard"
"FF","2018-07-05","94.0","-1.3458","5.4106","Luke Weaver",605412,596133,"null","ball",,,,,"13","null","R","L","R","SF","STL","B","null","null",0,0,2018,"-0.8066","1.1516","-1.9916","1.7388","null","null","null",1,8,"Bot","null","null",,,506747,,"180706_043514","0.0912","-136.7937","-6.3323","-10.0927","28.1087","-16.7035","3.0560","1.3096","null","null","null","93.8810","2250","6.0600",530714,596133,506747,425877,543939,576397,622168,664056,502054,451594,"54.4373","null","null","null","null","null","null","null",69,"1","4-Seam Fastball",2,11,2,11,11,2,2,11,"Standard","Standard"
"SI","2018-07-05","92.2","2.7772","6.0013","Derek Holland",543939,502706,"null","called_strike",,,,,"6","null","R","L","L","SF","STL","S","null","null",0,0,2018,"1.1096","0.9575","0.5941","2.4058","null","425877.00","576397.00",2,8,"Top","null","null",,,460026,,"180706_043037","-7.8418","-133.8845","-5.3123","14.7929","27.4510","-19.9327","3.0550","1.4789","null","null","null","91.5550","2374","5.9020",530714,502706,460026,474832,605412,467055,593700,457706,491676,452254,"54.5955","null","null","null","null","null","null","null",67,"1","Sinker",2,11,11,2,11,2,11,2,"Standard","Standard"
"SL","2018-07-05","80.2","2.9022","6.1697","Derek Holland",622168,502706,"null","ball",,,,,"7","null","R","R","L","SF","STL","B","null","null",0,0,2018,"-0.0169","0.2367","-0.4758","1.6096","null","425877.00","576397.00",1,8,"Top","null","null",,,460026,,"180706_042928","-7.2720","-116.4446","-3.7173","1.2058","21.6788","-29.6814","3.3901","1.6025","null","null","null","78.5200","2281","5.2110",530714,502706,460026,474832,605412,467055,593700,457706,491676,452254,"55.2866","null","null","null","null","null","null","null",66,"1","Slider",2,11,11,2,11,2,11,2,"Standard","Standard"
"SI","2018-07-05","92.9","2.8630","5.9786","Derek Holland",451594,502706,"null","called_strike",,,,,"7","null","R","R","L","SF","STL","S","null","null",0,0,2018,"1.1926","1.4295","-0.5053","2.0529","null","null","425877.00",0,8,"Top","null","null",,,460026,,"180706_042713","-11.1112","-134.6046","-7.2448","16.7860","29.7615","-13.6295","3.5762","1.6898","null","null","null","92.0520","2504","6.0590",530714,502706,460026,474832,605412,467055,593700,457706,491676,452254,"54.4379","null","null","null","null","null","null","null",64,"1","Sinker",2,11,11,2,11,2,11,2,"Standard","Standard"
"SL","2018-07-05","80.9","2.9043","6.0848","Derek Holland",425877,502706,"null","called_strike",,,,,"5","null","R","R","L","SF","STL","S","null","null",2,1,2018,"-0.2230","0.1855","0.1898","2.5569","null","null","null",0,8,"Top","null","null",,,460026,,"180706_042613","-5.5707","-117.6344","-1.5433","-0.9532","22.5643","-30.4477","3.4466","1.5698","null","null","null","79.9330","1934","5.6860",530714,502706,460026,474832,605412,467055,593700,457706,491676,452254,"54.8119","null","null","null","null","null","null","null",63,"4","Slider",2,11,11,2,11,2,11,2,"Standard","Standard"
"SI","2018-07-05","92.2","2.9492","6.0887","Derek Holland",425877,502706,"null","called_strike",,,,,"1","null","R","R","L","SF","STL","S","null","null",2,0,2018,"1.1323","1.2361","-0.3919","3.0529","null","null","null",0,8,"Top","null","null",,,460026,,"180706_042545","-10.8115","-133.8327","-4.5323","15.5794","25.2442","-16.7433","3.4466","1.4703","null","null","null","91.8710","2361","5.9470",530714,502706,460026,474832,605412,467055,593700,457706,491676,452254,"54.5509","null","null","null","null","null","null","null",63,"3","Sinker",2,11,11,2,11,2,11,2,"Standard","Standard"
"KC","2018-07-05","79.2","2.9064","6.1005","Derek Holland",425877,502706,"null","ball",,,,,"12","null","R","R","L","SF","STL","B","null","null",1,0,2018,"-0.2988","0.2938","0.5548","3.9174","null","null","null",0,8,"Top","null","null",,,460026,,"180706_042529","-4.5161","-115.0660","1.4680","-1.7406","21.2408","-30.1729","3.3869","1.5698","null","null","null","77.9170","1976","5.4550",530714,502706,460026,474832,605412,467055,593700,457706,491676,452254,"55.0427","null","null","null","null","null","null","null",63,"2","Knuckle Curve",2,11,11,2,11,2,11,2,"Standard","Standard"
"CH","2018-07-05","83.5","2.9665","6.0187","Derek Holland",425877,502706,"null","ball",,,,,"12","null","R","R","L","SF","STL","B","null","null",0,0,2018,"1.1363","1.2007","1.0639","4.2410","null","null","null",0,8,"Top","null","null",,,460026,,"180706_042513","-6.5185","-121.3142","0.0333","12.3190","23.6585","-20.7436","3.5360","1.5698","null","null","null","82.8000","2120","5.9010",530714,502706,460026,474832,605412,467055,593700,457706,491676,452254,"54.5966","null","null","null","null","null","null","null",63,"1","Changeup",2,11,11,2,11,2,11,2,"Standard","Standard"
"FF","2018-07-05","95.3","-1.1873","5.4293","Luke Weaver",502706,596133,"strikeout","called_strike",,,,,"4","Derek Holland called out on strikes.  ","R","L","R","SF","STL","S",2,"null",1,2,2018,"-0.6910","1.4807","-0.4238","2.4268","null","null","null",2,7,"Bot","null","null",,,506747,,"180706_042227","3.5133","-138.6542","-5.5417","-9.5738","28.2733","-12.2763","3.2769","1.6009","null","null","null","95.1100","2476","5.9890",530714,596133,506747,425877,543939,576397,622168,664056,502054,451594,"54.5086","null","null","0.00",1,0,0,"null",62,"5","4-Seam Fastball",2,11,2,11,11,2,2,11,"Standard","Strategic"
"CH","2018-07-05","84.3","-1.5302","5.3276","Luke Weaver",502706,596133,"null","ball",,,,,"8","null","R","L","R","SF","STL","B","null","null",0,2,2018,"-1.2028","0.7390","-0.1241","1.4943","null","null","null",2,7,"Bot","null","null",,,506747,,"180706_042208","5.5433","-122.6767","-4.0275","-12.9611","20.5443","-24.3138","3.2846","1.5887","null","null","null","84.0280","1676","5.7640",530714,596133,506747,425877,543939,576397,622168,664056,502054,451594,"54.7332","null","null","null","null","null","null","null",62,"4","Changeup",2,11,2,11,11,2,2,11,"Standard","Strategic"
"CU","2018-07-05","79.6","-1.3380","5.3726","Luke Weaver",502706,596133,"null","called_strike",,,,,"1","null","R","L","R","SF","STL","S","null","null",0,1,2018,"0.5314","-0.3800","-0.4110","2.9534","null","null","null",2,7,"Bot","null","null",,,506747,,"180706_042129","1.0624","-115.7743","1.9781","4.4291","19.0465","-36.0409","3.2769","1.5511","null","null","null","78.1450","2184","5.0210",530714,596133,506747,425877,543939,576397,622168,664056,502054,451594,"55.4764","null","null","null","null","null","null","null",62,"2","Curveball",2,11,2,11,11,2,2,11,"Standard","Standard"
"FF","2018-07-05","92.1","-1.4725","5.4054","Luke Weaver",502706,596133,"null","called_strike",,,,,"11","null","R","L","R","SF","STL","S","null","null",0,0,2018,"-0.7063","1.3861","-0.9569","2.6310","null","null","null",2,7,"Bot","null","null",,,506747,,"180706_042114","2.7849","-134.0454","-4.1826","-8.9633","26.0110","-15.0492","3.3763","1.5511","null","null","null","91.7310","2276","5.8260",530714,596133,506747,425877,543939,576397,622168,664056,502054,451594,"54.6712","null","null","null","null","null","null","null",62,"1","4-Seam Fastball",2,11,2,11,11,2,2,11,"Standard","Standard"
"CH","2018-07-05","84.5","-1.4979","5.3632","Luke Weaver",474832,596133,"null","ball",,,,,"13","null","R","L","R","SF","STL","B","null","null",0,0,2018,"-1.3306","0.8976","-1.0878","0.4336","null","null","null",1,7,"Bot","null","null",,,506747,,"180706_041936","3.5020","-122.7985","-6.7690","-13.8641","24.7412","-22.1844","3.2654","1.5894","null","null","null","83.4890","1771","5.7320",530714,596133,506747,425877,543939,576397,622168,664056,502054,451594,"54.7658","null","null","null","null","null","null","null",61,"1","Changeup",2,11,2,11,11,2,2,11,"Infield shift","Standard"
"CU","2018-07-05","78.9","-1.1772","5.5050","Luke Weaver",457706,596133,"null","called_strike",,,,,"8","null","R","R","R","SF","STL","S","null","null",0,0,2018,"0.6137","-0.6438","0.1350","1.5499","null","null","null",0,7,"Bot","null","null",,,506747,,"180706_041838","1.7206","-114.6693","-0.5787","4.8842","22.5167","-37.8165","3.1976","1.3804","null","null","null","77.4140","2180","5.4360",530714,596133,506747,425877,543939,576397,622168,664056,502054,451594,"55.0610","null","null","null","null","null","null","null",60,"1","Curveball",2,11,2,11,11,2,2,11,"Standard","Standard"
"SI","2018-07-05","93.1","2.8819","6.0601","Derek Holland",502054,502706,"strikeout","called_strike",,,,,"2","Tommy Pham called out on strikes.  ","R","R","L","SF","STL","S",2,"null",2,2,2018,"1.6541","0.9954","-0.2219","3.2268","null","null","null",2,7,"Top","null","null",,,460026,,"180706_041607","-11.4159","-134.9973","-3.5789","22.4049","29.1758","-19.6371","3.2654","1.4794","null","null","null","92.1970","2385","5.9270",530714,502706,460026,474832,605412,467055,593700,457706,491676,452254,"54.5707","null","null","0.00",1,0,0,"null",59,"5","Sinker",2,11,11,2,11,2,11,2,"Standard","Standard"
"SL","2018-07-05","80.7","2.8497","6.1178","Derek Holland",502054,502706,"null","ball",,,,,"13","null","R","R","L","SF","STL","B","null","null",1,1,2018,"-0.0097","0.2097","-0.2946","0.9064","null","null","null",2,7,"Top","null","null",,,460026,,"180706_041522","-6.8904","-117.1991","-5.2963","1.0992","20.1942","-29.5819","3.2453","1.4593","null","null","null","80.0280","2225","5.7360",530714,502706,460026,474832,605412,467055,593700,457706,491676,452254,"54.7610","null","null","null","null","null","null","null",59,"3","Slider",2,11,11,2,11,2,11,2,"Standard","Standard"
"SL","2018-07-05","82.5","3.1342","6.0370","Derek Holland",502054,502706,"null","ball",,,,,"13","null","R","R","L","SF","STL","B","null","null",0,1,2018,"0.3182","0.4844","-0.4871","1.2183","null","null","null",2,7,"Top","null","null",,,460026,,"180706_041454","-8.7273","-119.6874","-5.2906","4.6248","22.1988","-26.8517","3.2950","1.5090","null","null","null","81.6180","2246","5.7710",530714,502706,460026,474832,605412,467055,593700,457706,491676,452254,"54.7260","null","null","null","null","null","null","null",59,"2","Slider",2,11,11,2,11,2,11,2,"Standard","Standard"
"SL","2018-07-05","80.6","2.7882","6.2149","Derek Holland",572761,502706,"null","ball",,,,,"13","null","R","L","L","SF","STL","B","null","null",2,2,2018,"-0.0012","0.1908","-1.1079","0.5127","null","null","null",1,7,"Top","null","null",,,460026,,"180706_041336","-8.4719","-116.7732","-6.1524","1.6387","22.7283","-29.5641","3.4275","1.6902","null","null","null","78.8620","1969","5.3920",530714,502706,460026,474832,605412,467055,593700,457706,491676,452254,"55.1054","null","null","null","null","null","null","null",58,"5","Slider",2,11,11,2,11,2,11,2,"Infield shift","Standard"
"SI","2018-07-05","92.5","2.7666","6.1011","Derek Holland",572761,502706,"null","ball",,,,,"3","null","R","L","L","SF","STL","B","null","null",1,2,2018,"1.1424","1.1758","0.7246","3.3385","null","null","null",1,7,"Top","null","null",,,460026,,"180706_041313","-7.6673","-134.4287","-3.7839","15.4344","28.0819","-17.3591","3.4429","1.8779","null","null","null","92.4370","2290","6.2390",530714,502706,460026,474832,605412,467055,593700,457706,491676,452254,"54.2585","null","null","null","null","null","null","null",58,"4","Sinker",2,11,11,2,11,2,11,2,"Infield shift","Standard"
"KC","2018-07-05","79.1","2.7389","6.2445","Derek Holland",572761,502706,"null","called_strike",,,,,"4","null","R","L","L","SF","STL","S","null","null",1,0,2018,"-0.1439","0.1151","-0.5044","2.8461","null","null","null",1,7,"Top","null","null",,,460026,,"180706_041227","-6.6936","-114.8605","-0.7864","0.0205","21.5256","-31.3026","3.4973","1.6902","null","null","null","77.7410","1964","5.4660",530714,502706,460026,474832,605412,467055,593700,457706,491676,452254,"55.0312","null","null","null","null","null","null","null",58,"2","Knuckle Curve",2,11,11,2,11,2,11,2,"Infield shift","Standard"
"SL","2018-07-05","81.6","2.9950","6.0685","Derek Holland",572761,502706,"null","ball",,,,,"13","null","R","L","L","SF","STL","B","null","null",0,0,2018,"0.0871","0.3777","-1.0435","1.5147","null","null","null",1,7,"Top","null","null",,,460026,,"180706_041211","-9.1189","-118.3337","-4.2617","2.5633","22.8820","-28.1307","3.5766","1.7399","null","null","null","80.4650","2191","5.7300",530714,502706,460026,474832,605412,467055,593700,457706,491676,452254,"54.7671","null","null","null","null","null","null","null",58,"1","Slider",2,11,11,2,11,2,11,2,"Strategic","Standard"
"SI","2018-07-05","93.3","2.8369","6.0937","Derek Holland",596133,502706,"null","ball",,,,,"13","null","R","R","L","SF","STL","B","null","null",2,2,2018,"1.3571","1.3835","-1.4223","2.5535","null","null","null",0,7,"Top","null","null",,,460026,,"180706_041120","-13.7160","-135.0888","-6.2546","19.1862","26.7080","-14.3584","3.5480","1.5998","null","null","null","92.5510","2459","5.9120",530714,502706,460026,474832,605412,467055,593700,457706,491676,452254,"54.5859","null","null","null","null","null","null","null",57,"6","Sinker",2,11,11,2,11,2,11,2,"Standard","Standard"
"SI","2018-07-05","92.4","2.8440","6.0975","Derek Holland",596133,502706,"null","ball",,,,,"13","null","R","R","L","SF","STL","B","null","null",1,2,2018,"1.4039","1.1090","-1.1528","1.9794","null","null","null",0,7,"Top","null","null",,,460026,,"180706_041102","-13.0202","-133.7698","-6.9375","19.3114","27.1834","-17.8225","3.4486","1.5501","null","null","null","91.5120","2286","5.9060",530714,502706,460026,474832,605412,467055,593700,457706,491676,452254,"54.5911","null","null","null","null","null","null","null",57,"5","Sinker",2,11,11,2,11,2,11,2,"Standard","Standard"
"SL","2018-07-05","81.5","3.1529","6.1175","Derek Holland",596133,502706,"null","ball",,,,,"13","null","R","R","L","SF","STL","B","null","null",0,2,2018,"0.2221","0.5383","-1.4295","1.0907","null","null","null",0,7,"Top","null","null",,,460026,,"180706_041025","-10.4903","-118.0530","-5.6036","3.8090","20.0333","-26.5382","3.5480","1.6993","null","null","null","80.2650","2235","5.4520",530714,502706,460026,474832,605412,467055,593700,457706,491676,452254,"55.0455","null","null","null","null","null","null","null",57,"3","Slider",2,11,11,2,11,2,11,2,"Standard","Standard"
"KC","2018-07-05","79.3","3.0374","6.1291","Derek Holland",596133,502706,"null","called_strike",,,,,"9","null","R","R","L","SF","STL","S","null","null",0,1,2018,"-0.1724","-0.0207","0.5987","1.8450","null","null","null",0,7,"Top","null","null",,,460026,,"180706_041011","-4.9355","-115.2182","-2.4869","-0.5514","21.8564","-32.1458","3.3799","1.5305","null","null","null","77.9730","2124","5.4800",530714,502706,460026,474832,605412,467055,593700,457706,491676,452254,"55.0179","null","null","null","null","null","null","null",57,"2","Knuckle Curve",2,11,11,2,11,2,11,2,"Standard","Standard"
"SI","2018-07-05","93.1","3.0499","6.0632","Derek Holland",596133,502706,"null","called_strike",,,,,"9","null","R","R","L","SF","STL","S","null","null",0,0,2018,"1.2903","1.2460","0.7946","1.8685","null","null","null",0,7,"Top","null","null",,,460026,,"180706_040959","-8.5370","-135.1202","-7.6361","17.5113","28.8401","-15.6162","3.5787","1.5305","null","null","null","92.6160","2513","6.0980",530714,502706,460026,474832,605412,467055,593700,457706,491676,452254,"54.3991","null","null","null","null","null","null","null",57,"1","Sinker",2,11,11,2,11,2,11,2,"Standard","Standard"
"FF","2018-07-05","94.2","-1.3796","5.4320","Luke Weaver",457763,596133,"null","ball",,,,,"12","null","R","R","R","SF","STL","B","null","null",0,0,2018,"-0.4763","1.4298","0.2811","3.8540","null","null","null",2,6,"Bot","null","null",,,425877,,"180706_040514","5.3079","-137.0275","-1.5223","-7.0454","28.9857","-14.3010","3.5259","1.6691","null","null","null","93.6510","2465","5.8870",530714,596133,425877,572761,543939,576397,622168,542303,502054,664056,"54.6102","null","null","null","null","null","null","null",54,"1","4-Seam Fastball",2,9,2,9,9,2,2,9,"Standard","Standard"
"FF","2018-07-05","93.9","-1.2915","5.4150","Luke Weaver",593700,596133,"null","ball",,,,,"14","null","R","L","R","SF","STL","B","null","null",0,0,2018,"-0.5711","1.4229","0.9203","2.1922","null","null","491676.00",2,6,"Bot","null","null",,,425877,,"180706_040357","6.9533","-136.5143","-5.7115","-8.6254","30.2158","-13.4820","3.3472","1.5401","null","null","null","93.5530","2385","6.1450",530714,596133,425877,572761,543939,576397,622168,542303,502054,664056,"54.3522","null","null","null","null","null","null","null",53,"1","4-Seam Fastball",0,9,0,9,9,0,0,9,"Standard","Standard"
"FF","2018-07-05","94.3","-1.3433","5.4525","Luke Weaver",452254,596133,"null","called_strike",,,,,"8","null","R","R","R","SF","STL","S","null","null",0,0,2018,"-0.5451","1.5353","0.1771","2.0538","null","null","491676.00",1,6,"Bot","null","null",,,425877,,"180706_042321","5.0893","-137.0303","-6.3712","-7.9120","32.4131","-12.0297","3.5058","1.7394","null","null","null","93.1290","2407","5.8300",530714,596133,425877,572761,543939,576397,622168,542303,502054,664056,"54.6675","null","null","null","null","null","null","null",52,"1","4-Seam Fastball",0,9,0,9,9,0,0,9,"Standard","Standard"
"FF","2018-07-05","93.3","-1.3489","5.4536","Luke Weaver",491676,596133,"null","ball",,,,,"12","null","R","R","R","SF","STL","B","null","null",0,1,2018,"-0.4474","1.4222","1.1351","3.1093","null","null","null",1,6,"Bot","null","null",,,425877,,"180706_040040","7.2792","-135.6164","-3.2785","-7.0470","30.5569","-14.4979","3.1262","1.4989","null","null","null","92.2940","2369","5.8150",530714,596133,425877,572761,543939,576397,622168,542303,502054,664056,"54.6822","null","null","null","null","null","null","null",51,"2","4-Seam Fastball",0,9,0,9,9,0,0,9,"Standard","Standard"
"CH","2018-07-05","83.1","-1.4919","5.3704","Luke Weaver",605412,596133,"null","ball",,,,,"13","null","R","L","R","SF","STL","B","null","null",1,1,2018,"-1.4045","0.4844","-1.0335","1.2507","null","null","null",0,6,"Bot","null","null",,,425877,,"180706_035918","3.6931","-120.8886","-3.8450","-14.1819","24.0531","-27.0242","3.0559","1.4090","null","null","null","82.1460","1805","5.7080",530714,596133,425877,572761,543939,576397,622168,542303,502054,664056,"54.7894","null","null","null","null","null","null","null",50,"3","Changeup",0,9,0,9,9,0,0,9,"Standard","Standard"
"CH","2018-07-05","83.6","-1.4531","5.4388","Luke Weaver",605412,596133,"null","ball",,,,,"13","null","R","L","R","SF","STL","B","null","null",0,1,2018,"-1.1609","0.7834","-1.3864","1.1966","null","null","null",0,6,"Bot","null","null",,,425877,,"180706_035902","2.3591","-121.6540","-4.8339","-11.7523","22.9561","-23.8689","3.0559","1.3593","null","null","null","82.8730","1739","5.7160",530714,596133,425877,572761,543939,576397,622168,542303,502054,664056,"54.7814","null","null","null","null","null","null","null",50,"2","Changeup",0,9,0,9,9,0,0,9,"Standard","Standard"
"CU","2018-07-05","80.0","-1.3845","5.5181","Luke Weaver",605412,596133,"null","called_strike",,,,,"11","null","R","L","R","SF","STL","S","null","null",0,0,2018,"0.4511","-0.6308","-0.8384","2.3342","null","null","null",0,6,"Bot","null","null",,,425877,,"180706_035846","0.3809","-116.3162","0.7953","3.8846","21.1471","-38.1092","2.9364","1.2895","null","null","null","78.5820","2102","5.2680",530714,596133,425877,572761,543939,576397,622168,542303,502054,664056,"55.2294","null","null","null","null","null","null","null",50,"1","Curveball",0,9,0,9,9,0,0,9,"Standard","Standard"
"SI","2018-07-05","92.6","2.9246","6.0850","Derek Holland",622168,502706,"strikeout","called_strike",,,,,"1","Yairo Munoz called out on strikes.  ","R","R","L","SF","STL","S",2,"null",0,2,2018,"1.3833","0.9692","-0.6037","3.1889","null","576397.00","null",2,6,"Top","null","null",,,457763,,"180706_035612","-11.8704","-134.2362","-3.6437","18.9841","26.7850","-20.0204","3.2067","1.4748","null","null","null","92.0640","2320","6.0020",530714,502706,457763,474832,605412,467055,593700,452254,491676,457705,"54.4958","null","null","0.00",1,0,0,"null",49,"3","Sinker",0,9,9,0,9,0,9,0,"Standard","Standard"
"SI","2018-07-05","90.4","3.0528","6.2811","Ty Blach",576397,621389,"null","ball",,,,,"12","null","R","R","L","SF","STL","B","null","null",1,2,2018,"0.7087","1.1308","0.8957","4.1053","502054.00","null","542303.00",2,6,"Top","null","null",,,457763,,"180706_035125","-6.6092","-131.2703","-1.6990","9.1874","27.8453","-19.6831","3.0158","1.3287","null","null","null","87.9390","2028","4.8640",530714,621389,457763,474832,605412,467055,543063,593700,491676,457705,"55.6334","null","null","null","null","null","null","null",48,"4","Sinker",0,7,7,0,7,0,7,0,"Standard","Standard"
"SI","2018-07-05","91.0","3.0197","6.2968","Ty Blach",576397,621389,"null","called_strike",,,,,"6","null","R","R","L","SF","STL","S","null","null",1,0,2018,"1.2730","0.8602","0.5345","2.1992","502054.00","null","542303.00",2,6,"Top","null","null",,,457763,,"180706_035042","-8.5806","-131.8487","-5.9182","16.0068","28.2562","-21.6173","3.0158","1.3287","null","null","null","88.5240","2170","5.0040",530714,621389,457763,474832,605412,467055,543063,593700,491676,457705,"55.4934","null","null","null","null","null","null","null",48,"2","Sinker",0,7,7,0,7,0,7,0,"Standard","Standard"
"CU","2018-07-05","75.4","2.9798","6.3654","Ty Blach",576397,621389,"null","ball",,,,,"11","null","R","R","L","SF","STL","B","null","null",0,0,2018,"-1.1745","-1.2218","-1.0012","2.3154","502054.00","null","542303.00",2,6,"Top","null","null",,,457763,,"180706_035027","-6.1104","-109.4274","0.7103","-7.8440","18.9489","-41.8564","3.0655","1.3287","null","null","null","73.0390","2610","4.6090",530714,621389,457763,474832,605412,467055,543063,593700,491676,457705,"55.8881","null","null","null","null","null","null","null",48,"1","Curveball",0,7,7,0,7,0,7,0,"Standard","Standard"
"SI","2018-07-05","90.9","3.2649","6.0881","Ty Blach",542303,621389,"null","called_strike",,,,,"9","null","R","R","L","SF","STL","S","null","null",3,1,2018,"1.4493","0.8533","0.5673","1.6501","572761.00","null","502054.00",2,6,"Top","null","null",,,457763,,"180706_034929","-9.4313","-131.8316","-6.8074","18.0027","24.0320","-21.5905","3.4193","1.7056","null","null","null","89.0000","2192","4.9800",530714,621389,457763,474832,605412,467055,543063,593700,491676,457705,"55.5175","null","null","null","null","null","null","null",47,"5","Sinker",0,6,6,0,6,0,6,0,"Standard","Standard"
"SI","2018-07-05","90.3","3.0669","6.2964","Ty Blach",502054,621389,"null","ball",,,,,"11","null","R","R","L","SF","STL","B","null","null",1,1,2018,"1.4510","0.9431","-0.4725","3.5583","null","664056.00","572761.00",1,6,"Top","null","null",,,457763,,"180706_034534","-11.3754","-130.6865","-2.6458","18.2093","27.0980","-21.6062","3.3446","1.5090","null","null","null","87.7040","2199","4.9240",530714,621389,457763,474832,605412,467055,543063,593700,491676,457705,"55.5730","null","null","null","null","null","null","null",45,"3","Sinker",0,5,5,0,5,0,5,0,"Standard","Strategic"
"SI","2018-07-05","91.5","3.0167","6.2976","Ty Blach",502054,621389,"null","ball",,,,,"11","null","R","R","L","SF","STL","B","null","null",0,1,2018,"1.2932","1.0909","-1.3344","2.3996","null","664056.00","572761.00",1,6,"Top","null","null",,,457763,,"180706_034516","-13.2066","-132.2859","-5.9611","17.2618","27.5077","-18.9669","3.0961","1.4592","null","null","null","88.9100","2296","4.9880",530714,621389,457763,474832,605412,467055,543063,593700,491676,457705,"55.5093","null","null","null","null","null","null","null",45,"2","Sinker",0,5,5,0,5,0,5,0,"Standard","Strategic"
"CH","2018-07-05","80.9","2.9869","6.4796","Ty Blach",572761,621389,"walk","ball",,,,,"13","Matt Carpenter walks.  ","R","L","L","SF","STL","B","null","null",3,2,2018,"1.5955","1.0088","-0.5162","1.0593","null","664056.00","null",1,6,"Top","null","null",,,457763,,"180706_034421","-10.2369","-116.9079","-6.9389","15.6245","20.6309","-22.4998","3.3778","1.6902","null","null","null","78.0880","2016","4.5500",530714,621389,457763,474832,605412,467055,543063,593700,491676,457705,"55.9478","null","null","0.70",1,0,0,"null",44,"6","Changeup",0,5,5,0,5,0,5,0,"Strategic","Strategic"
"SI","2018-07-05","91.1","3.0742","6.2976","Ty Blach",572761,621389,"null","called_strike",,,,,"8","null","R","L","L","SF","STL","S","null","null",3,1,2018,"1.3612","1.1526","-0.1385","2.0348","null","664056.00","null",1,6,"Top","null","null",,,457763,,"180706_034355","-10.4940","-131.9022","-6.9197","17.2697","26.3370","-18.2159","3.5969","1.7898","null","null","null","88.6140","2159","4.8840",530714,621389,457763,474832,605412,467055,543063,593700,491676,457705,"55.6139","null","null","null","null","null","null","null",44,"5","Sinker",0,5,5,0,5,0,5,0,"Strategic","Strategic"
"SI","2018-07-05","91.0","3.0713","6.3015","Ty Blach",572761,621389,"null","called_strike",,,,,"9","null","R","L","L","SF","STL","S","null","null",3,0,2018,"1.4262","1.0213","0.3883","2.0910","null","664056.00","null",1,6,"Top","null","null",,,457763,,"180706_034332","-9.2710","-131.7209","-6.4610","17.6337","27.1328","-19.8736","3.5472","1.8395","null","null","null","88.1010","2197","4.7020",530714,621389,457763,474832,605412,467055,543063,593700,491676,457705,"55.7958","null","null","null","null","null","null","null",44,"4","Sinker",0,5,5,0,5,0,5,0,"Strategic","Strategic"
"SL","2018-07-05","79.6","3.0885","6.2518","Ty Blach",572761,621389,"null","ball",,,,,"13","null","R","L","L","SF","STL","B","null","null",2,0,2018,"-0.7993","0.1692","-1.6490","1.5378","null","664056.00","null",1,6,"Top","null","null",,,457763,,"180706_034311","-8.7132","-115.4626","-3.8016","-5.3103","20.0154","-30.3434","3.4277","1.7401","null","null","null","77.5320","2464","4.8390",530714,621389,457763,474832,605412,467055,543063,593700,491676,457705,"55.6586","null","null","null","null","null","null","null",44,"3","Slider",0,5,5,0,5,0,5,0,"Strategic","Strategic"
"SI","2018-07-05","90.5","3.0773","6.4907","Ty Blach",572761,621389,"null","ball",,,,,"12","null","R","L","L","SF","STL","B","null","null",1,0,2018,"1.2989","1.0652","1.6922","2.9617","null","664056.00","null",1,6,"Top","null","null",,,457763,,"180706_034248","-5.8637","-131.3615","-4.8838","15.4392","25.3525","-19.7699","3.5768","1.7898","null","null","null","88.0860","2222","4.7170",530714,621389,457763,474832,605412,467055,543063,593700,491676,457705,"55.7807","null","null","null","null","null","null","null",44,"2","Sinker",0,5,5,0,5,0,5,0,"Strategic","Strategic"
"SI","2018-07-05","90.7","3.0182","6.3148","Ty Blach",596133,621389,"null","ball",,,,,"13","null","R","R","L","SF","STL","B","null","null",0,1,2018,"1.1273","1.1097","-0.9035","1.9279","null","null","664056.00",0,6,"Top","null","null",,,457763,,"180706_034047","-11.8082","-131.1921","-7.0818","15.0146","27.5036","-18.6144","3.0015","1.2519","null","null","null","88.5210","2206","5.2460",530714,621389,457763,474832,605412,467055,543063,593700,491676,457705,"55.2517","null","null","null","null","null","null","null",43,"2","Sinker",0,5,5,0,5,0,5,0,"Strategic","Strategic"
"SI","2018-07-05","90.5","2.8443","6.2342","Ty Blach",664056,621389,"null","ball",,,,,"12","null","R","R","L","SF","STL","B","null","null",2,2,2018,"1.3670","1.0219","0.8215","4.1677","null","null","null",0,6,"Top","null","null",,,457763,,"180706_033922","-7.5803","-131.3264","-1.2358","16.6438","27.5040","-20.9467","3.3158","1.5443","null","null","null","88.0600","2234","4.8880",530714,621389,457763,474832,605412,467055,543063,593700,491676,457705,"55.6093","null","null","null","null","null","null","null",42,"5","Sinker",0,5,5,0,5,0,5,0,"Standard","Standard"
"SI","2018-07-05","90.0","2.8704","6.3387","Ty Blach",664056,621389,"null","called_strike",,,,,"1","null","R","R","L","SF","STL","S","null","null",2,0,2018,"1.3830","1.1866","-0.3617","2.8144","null","null","null",0,6,"Top","null","null",,,457763,,"180706_033850","-10.4616","-130.2414","-4.9584","17.1629","26.9834","-18.5649","3.2661","1.4945","null","null","null","87.3770","2224","4.9120",530714,621389,457763,474832,605412,467055,543063,593700,491676,457705,"55.5859","null","null","null","null","null","null","null",42,"3","Sinker",0,5,5,0,5,0,5,0,"Standard","Standard"
"SI","2018-07-05","89.6","3.0137","6.2059","Ty Blach",664056,621389,"null","ball",,,,,"14","null","R","R","L","SF","STL","B","null","null",1,0,2018,"1.3871","1.1736","0.3221","1.2863","null","null","null",0,6,"Top","null","null",,,457763,,"180706_033837","-9.1138","-129.6854","-8.1999","16.7462","26.2355","-18.1881","3.3158","1.5443","null","null","null","86.9790","2273","4.8530",530714,621389,457763,474832,605412,467055,543063,593700,491676,457705,"55.6448","null","null","null","null","null","null","null",42,"2","Sinker",0,5,5,0,5,0,5,0,"Standard","Standard"
"CU","2018-07-05","75.5","2.9315","6.4297","Ty Blach",664056,621389,"null","ball",,,,,"13","null","R","R","L","SF","STL","B","null","null",0,0,2018,"-0.7674","-1.0875","-0.7435","0.6121","null","null","null",0,6,"Top","null","null",,,457763,,"180706_033822","-6.1426","-109.4710","-3.0319","-4.6609","19.9007","-40.1299","3.4152","1.4448","null","null","null","72.7670","2558","4.4830",530714,621389,457763,474832,605412,467055,543063,593700,491676,457705,"56.0146","null","null","null","null","null","null","null",42,"1","Curveball",0,5,5,0,5,0,5,0,"Standard","Standard"
"CU","2018-07-05","81.8","-1.3570","5.3391","Luke Weaver",467055,596133,"null","ball",,,,,"11","null","R","L","R","SF","STL","B","null","null",2,2,2018,"0.8006","-0.3969","-1.7064","3.6453","null","null","null",2,5,"Bot","null","null",,,425877,,"180706_033330","-2.2406","-118.9242","3.3871","7.8035","21.2179","-36.6912","2.9958","1.3403","null","null","null","80.7460","2226","5.4610",530714,596133,425877,572761,543939,576397,622168,542303,502054,664056,"55.0367","null","null","null","null","null","null","null",41,"10","Curveball",0,5,0,5,5,0,0,5,"Standard","Standard"
"FF","2018-07-05","95.4","-1.3134","5.5812","Luke Weaver",467055,596133,"null","ball",,,,,"11","null","R","L","R","SF","STL","B","null","null",1,2,2018,"-0.6358","1.3900","-0.9009","3.8397","null","null","null",2,5,"Bot","null","null",,,425877,,"180706_033306","2.4557","-138.8558","-2.0231","-8.6077","29.0751","-14.2858","2.9958","1.4895","null","null","null","94.7550","2365","5.7520",530714,596133,425877,572761,543939,576397,622168,542303,502054,664056,"54.7452","null","null","null","null","null","null","null",41,"9","4-Seam Fastball",0,5,0,5,5,0,0,5,"Standard","Standard"
"CU","2018-07-05","79.5","-1.4143","5.4052","Luke Weaver",467055,596133,"null","ball",,,,,"11","null","R","L","R","SF","STL","B","null","null",0,0,2018,"0.5554","-0.4208","-1.1746","3.0297","null","null","null",2,5,"Bot","null","null",,,425877,,"180706_032949","-0.4515","-115.6526","2.1420","4.8861","18.5190","-36.4059","2.9958","1.5392","null","null","null","78.1750","2129","5.0530",530714,596133,425877,572761,543939,576397,622168,542303,502054,664056,"55.4448","null","null","null","null","null","null","null",41,"1","Curveball",0,5,0,5,5,0,0,5,"Standard","Standard"
"FF","2018-07-05","94.9","-1.4089","5.4679","Luke Weaver",543063,596133,"null","called_strike",,,,,"2","null","R","L","R","SF","STL","S","null","null",0,0,2018,"-0.4665","1.5096","0.2253","2.7503","null","null","null",1,5,"Bot","null","null",,,425877,,"180706_032845","5.2575","-138.0711","-4.7814","-6.9656","27.5585","-12.2889","3.1766","1.4996","null","null","null","94.6010","2288","5.8910",530714,596133,425877,572761,543939,576397,622168,542303,502054,664056,"54.6067","null","null","null","null","null","null","null",40,"1","4-Seam Fastball",0,5,0,5,5,0,0,5,"Standard","Standard"
"FF","2018-07-05","90.4","-2.3350","5.5064","Johnny Cueto",543939,456501,"null","ball",,,,,"11","null","R","L","R","SF","STL","B","null","null",1,2,2018,"-0.8020","1.4664","-1.5438","3.3596","null","576397.00","622168.00",2,5,"Top","null","null",,,457763,,"180706_032512","3.5488","-131.6200","-2.4571","-9.7385","24.1776","-15.3392","3.0054","1.4790","null","null","null","89.3930","2177","5.3340",530714,456501,457763,474832,605412,467055,543063,593700,491676,457705,"55.1630","null","null","null","null","null","null","null",38,"4","4-Seam Fastball",0,5,5,0,5,0,5,0,"Standard","Strategic"
"FF","2018-07-05","89.2","-2.2809","5.5684","Johnny Cueto",543939,456501,"null","ball",,,,,"11","null","R","L","R","SF","STL","B","null","null",0,1,2018,"-0.6205","1.4750","-0.7611","4.7389","null","576397.00","622168.00",2,5,"Top","null","null",,,457763,,"180706_032429","4.9306","-129.6971","0.9631","-7.8474","27.2203","-16.4386","3.1545","1.4790","null","null","null","87.9610","2151","5.5610",530714,456501,457763,474832,605412,467055,543063,593700,491676,457705,"54.9359","null","null","null","null","null","null","null",38,"2","4-Seam Fastball",0,5,5,0,5,0,5,0,"Standard","Strategic"
"SL","2018-07-05","82.3","-2.3056","5.5808","Johnny Cueto",576397,456501,"walk","ball",,,,,"14","Jedd Gyorko walks.  ","R","R","R","SF","STL","B","null","null",3,1,2018,"0.3211","0.1951","0.2765","1.0710","null","null","null",2,5,"Top","null","null",,,457763,,"180706_032203","5.1456","-119.5756","-4.0292","2.0810","20.8207","-29.9121","3.0159","1.3288","null","null","null","80.8450","2326","5.1630",530714,456501,457763,474832,605412,467055,543063,593700,491676,457705,"55.3346","null","null","0.70",1,0,0,"null",36,"5","Slider",0,5,5,0,5,0,5,0,"Standard","Standard"
"FF","2018-07-05","89.3","-2.1109","5.7296","Johnny Cueto",576397,456501,"null","ball",,,,,"12","null","R","R","R","SF","STL","B","null","null",2,1,2018,"-0.4283","1.3602","0.6785","4.0019","null","null","null",2,5,"Top","null","null",,,457763,,"180706_032142","7.5846","-129.7243","-0.9934","-6.1897","25.6507","-17.3349","3.0159","1.3786","null","null","null","87.8530","2210","5.3500",530714,456501,457763,474832,605412,467055,543063,593700,491676,457705,"55.1473","null","null","null","null","null","null","null",36,"4","4-Seam Fastball",0,5,5,0,5,0,5,0,"Standard","Standard"
"FT","2018-07-05","89.4","-2.1590","5.6077","Johnny Cueto",576397,456501,"null","ball",,,,,"7","null","R","R","R","SF","STL","B","null","null",1,0,2018,"-1.3865","0.6315","-0.4936","1.2132","null","null","null",2,5,"Top","null","null",,,457763,,"180706_032115","6.7702","-129.8141","-6.0079","-16.5208","24.9931","-24.3323","3.1153","1.3288","null","null","null","87.9620","2100","5.3240",530714,456501,457763,474832,605412,467055,543063,593700,491676,457705,"55.1734","null","null","null","null","null","null","null",36,"2","2-Seam Fastball",0,5,5,0,5,0,5,0,"Standard","Standard"
"SL","2018-07-05","80.9","-2.2999","5.6943","Johnny Cueto",576397,456501,"null","ball",,,,,"13","null","R","R","R","SF","STL","B","null","null",0,0,2018,"0.4680","-0.3101","-0.4770","1.1659","null","null","null",2,5,"Top","null","null",,,457763,,"180706_032101","3.1383","-117.6534","-2.8498","3.5673","21.8387","-34.6744","3.0159","1.3288","null","null","null","79.0250","null","4.9600",530714,456501,457763,474832,605412,467055,543063,593700,491676,457705,"55.5374","null","null","null","null","null","null","null",36,"1","Slider",0,5,5,0,5,0,5,0,"Standard","Standard"
"FT","2018-07-05","87.1","-2.3181","5.7873","Johnny Cueto",425877,456501,"null","ball",,,,,"11","null","R","R","R","SF","STL","B","null","null",0,1,2018,"-1.5113","0.7609","-0.9659","2.7308","null","null","null",0,5,"Top","null","null",,,457763,,"180706_031934","6.0851","-126.5338","-2.6662","-16.8584","23.0203","-24.0001","3.4864","1.5201","null","null","null","85.7210","2115","5.2500",530714,456501,457763,474832,605412,467055,543063,593700,491676,457705,"55.2470","null","null","null","null","null","null","null",34,"2","2-Seam Fastball",0,5,5,0,5,0,5,0,"Standard","Standard"
"FF","2018-07-05","94.3","-1.3367","5.4258","Luke Weaver",457763,596133,"null","ball",,,,,"13","null","R","R","R","SF","STL","B","null","null",1,1,2018,"-0.8427","1.3721","-1.2909","1.2319","null","null","null",1,4,"Bot","null","null",,,425877,,"180706_031543","1.9448","-137.0563","-8.1472","-10.9066","29.1578","-13.5840","3.3272","1.5698","null","null","null","93.7150","2333","5.9250",530714,596133,425877,572761,543939,576397,622168,542303,502054,664056,"54.5721","null","null","null","null","null","null","null",32,"3","4-Seam Fastball",0,5,0,5,5,0,0,5,"Standard","Standard"
"CH","2018-07-05","85.5","-1.5533","5.2795","Luke Weaver",457763,596133,"null","ball",,,,,"13","null","R","R","R","SF","STL","B","null","null",0,1,2018,"-1.0147","0.4741","-0.0262","0.4290","null","null","null",1,4,"Bot","null","null",,,425877,,"180706_031522","5.5943","-124.3782","-6.1483","-11.5044","21.4401","-26.3854","3.3272","1.6693","null","null","null","85.6400","1677","6.0820",530714,596133,425877,572761,543939,576397,622168,542303,502054,664056,"54.4158","null","null","null","null","null","null","null",32,"2","Changeup",0,5,0,5,5,0,0,5,"Standard","Standard"
"CU","2018-07-05","79.4","-1.2939","5.4618","Luke Weaver",457763,596133,"null","called_strike",,,,,"9","null","R","R","R","SF","STL","S","null","null",0,0,2018,"1.0016","-0.3509","0.6277","2.0324","null","null","null",1,4,"Bot","null","null",,,425877,,"180706_031506","2.3605","-115.5028","-0.1679","8.3238","19.7034","-35.4441","3.2479","1.6196","null","null","null","78.3770","2230","5.3960",530714,596133,425877,572761,543939,576397,622168,542303,502054,664056,"55.1017","null","null","null","null","null","null","null",32,"1","Curveball",0,5,0,5,5,0,0,5,"Standard","Standard"
"FF","2018-07-05","93.6","-1.4634","5.4414","Luke Weaver",593700,596133,"null","ball",,,,,"13","null","R","L","R","SF","STL","B","null","null",1,0,2018,"-0.8807","1.2207","-0.4025","0.4921","null","null","null",0,4,"Bot","null","null",,,425877,,"180706_031407","4.5773","-135.8382","-9.5225","-11.6805","29.3471","-15.5398","3.2976","1.4905","null","null","null","92.5150","2316","5.7580",530714,596133,425877,572761,543939,576397,622168,542303,502054,664056,"54.7392","null","null","null","null","null","null","null",31,"2","4-Seam Fastball",0,5,0,5,5,0,0,5,"Standard","Standard"
"CU","2018-07-05","77.6","-1.3656","5.4808","Luke Weaver",593700,596133,"null","ball",,,,,"8","null","R","L","R","SF","STL","B","null","null",0,0,2018,"0.6244","-0.6641","0.1349","1.3326","null","null","null",0,4,"Bot","null","null",,,425877,,"180706_031352","2.0748","-112.9163","-0.8260","4.8433","19.1146","-37.8039","2.9994","1.3413","null","null","null","76.5830","2088","5.3980",530714,596133,425877,572761,543939,576397,622168,542303,502054,664056,"55.0991","null","null","null","null","null","null","null",31,"1","Curveball",0,5,0,5,5,0,0,5,"Standard","Standard"
"FT","2018-07-05","91.7","-2.0228","5.6472","Johnny Cueto",502054,456501,"null","called_strike",,,,,"3","null","R","R","R","SF","STL","S","null","null",0,0,2018,"-1.2069","1.0044","0.3450","3.1949","664056.00","null","596133.00",2,4,"Top","null","null",,,457763,,"180706_030840","8.3867","-133.0979","-2.3957","-15.7653","28.2310","-20.2770","3.3649","1.4795","null","null","null","90.3780","2094","5.5960",530714,456501,457763,474832,605412,467055,543063,593700,491676,457705,"54.9017","null","null","null","null","null","null","null",30,"1","2-Seam Fastball",0,5,5,0,5,0,5,0,"Standard","Standard"
"CH","2018-07-05","80.1","-2.3480","5.5669","Johnny Cueto",572761,456501,"null","called_strike",,,,,"1","null","R","L","R","SF","STL","S","null","null",0,0,2018,"-0.8987","0.7086","-0.7705","3.3397","664056.00","null","596133.00",1,4,"Top","null","null",,,457763,,"180706_030739","5.0259","-116.5066","0.4370","-8.8278","20.1765","-26.2197","3.5969","1.7401","null","null","null","79.0110","1282","5.3750",530714,456501,457763,474832,605412,467055,543063,593700,491676,457705,"55.1221","null","null","null","null","null","null","null",29,"1","Changeup",0,5,5,0,5,0,5,0,"Standard","Strategic"
"CH","2018-07-05","79.0","-2.3024","5.7229","Johnny Cueto",543939,456501,"null","called_strike",,,,,"1","null","R","L","R","SF","STL","S","null","null",0,0,2018,"-0.8654","0.0968","-0.4268","2.9610","null","null","null",0,4,"Top","null","null",,,457763,,"180706_030435","5.5274","-114.9208","0.4902","-8.3482","17.8991","-31.6372","3.1048","1.4790","null","null","null","78.1240","1293","5.3320",530714,456501,457763,474832,605412,467055,543063,593700,491676,457705,"55.1655","null","null","null","null","null","null","null",26,"1","Changeup",0,5,5,0,5,0,5,0,"Standard","Standard"
"CH","2018-07-05","82.3","-1.3826","5.3559","Luke Weaver",456501,596133,"strikeout","called_strike",,,,,"3","Johnny Cueto called out on strikes.  ","R","R","R","SF","STL","S",2,"null",1,2,2018,"-1.2133","0.6465","0.4663","3.1931","null","null","null",2,3,"Bot","null","null",,,425877,,"180706_030158","6.4977","-119.8395","0.2218","-12.7451","17.4711","-26.0916","3.2369","1.5598","null","null","null","82.8900","1548","6.1030",530714,596133,425877,572761,543939,576397,622168,542303,502054,664056,"54.3948","null","null","0.00",1,0,0,"null",25,"5","Changeup",0,5,0,5,5,0,0,5,"Standard","Strategic"
"FF","2018-07-05","92.3","-1.5030","5.3158","Luke Weaver",456501,596133,"null","called_strike",,,,,"4","null","R","R","R","SF","STL","S","null","null",1,0,2018,"-0.8343","1.4062","-0.3172","2.3899","null","null","null",2,3,"Bot","null","null",,,425877,,"180706_030100","4.7408","-134.3675","-4.6331","-10.8911","25.9953","-14.6860","3.2866","1.7587","null","null","null","91.8410","2258","5.7490",530714,596133,425877,572761,543939,576397,622168,542303,502054,664056,"54.7484","null","null","null","null","null","null","null",25,"2","4-Seam Fastball",0,5,0,5,5,0,0,5,"Standard","Standard"
"FF","2018-07-05","93.3","-1.4328","5.3707","Luke Weaver",456501,596133,"null","ball",,,,,"14","null","R","R","R","SF","STL","B","null","null",0,0,2018,"-0.6707","1.5441","1.2290","2.0539","null","null","null",2,3,"Bot","null","null",,,425877,,"180706_030047","8.2179","-135.5909","-6.0963","-9.8066","26.4454","-12.3094","3.2966","1.6492","null","null","null","92.9090","2280","5.8860",530714,596133,425877,572761,543939,576397,622168,542303,502054,664056,"54.6118","null","null","null","null","null","null","null",25,"1","4-Seam Fastball",0,5,0,5,5,0,0,5,"Standard","Standard"
"FF","2018-07-05","96.3","-1.3044","5.6153","Luke Weaver",491676,596133,"null","ball",,,,,"12","null","R","R","R","SF","STL","B","null","null",1,2,2018,"-0.5432","1.3874","0.6006","4.4507","null","null","null",1,3,"Bot","null","null",,,425877,,"180706_025958","6.2518","-140.1677","-0.6312","-8.5011","31.6085","-14.1484","3.1761","1.4991","null","null","null","95.9570","2313","6.0700",530714,596133,425877,572761,543939,576397,622168,542303,502054,664056,"54.4273","null","null","null","null","null","null","null",24,"4","4-Seam Fastball",0,5,0,5,5,0,0,5,"Standard","Standard"
"CH","2018-07-05","83.3","-1.3401","5.4014","Luke Weaver",491676,596133,"null","called_strike",,,,,"14","null","R","R","R","SF","STL","S","null","null",1,0,2018,"-0.9622","0.5715","0.8494","1.8990","null","null","null",1,3,"Bot","null","null",,,425877,,"180706_025916","6.8286","-121.2924","-2.8036","-10.5523","19.1124","-26.2959","3.1063","1.4991","null","null","null","83.3920","1589","5.8820",530714,596133,425877,572761,543939,576397,622168,542303,502054,664056,"54.6150","null","null","null","null","null","null","null",24,"2","Changeup",0,5,0,5,5,0,0,5,"Standard","Standard"
"FF","2018-07-05","93.8","-1.4739","5.4507","Luke Weaver",491676,596133,"null","ball",,,,,"14","null","R","R","R","SF","STL","B","null","null",0,0,2018,"-0.6847","1.4428","1.0274","2.2205","null","null","null",1,3,"Bot","null","null",,,425877,,"180706_025900","7.8796","-136.1731","-5.6820","-10.1187","29.9386","-13.4905","3.2755","1.4991","null","null","null","92.9360","2357","5.9070",530714,596133,425877,572761,543939,576397,622168,542303,502054,664056,"54.5903","null","null","null","null","null","null","null",24,"1","4-Seam Fastball",0,5,0,5,5,0,0,5,"Standard","Standard"
"CU","2018-07-05","78.5","-1.3499","5.5367","Luke Weaver",605412,596133,"null","ball",,,,,"12","null","R","L","R","SF","STL","B","null","null",0,0,2018,"0.2155","-0.5522","0.8396","2.2887","null","null","null",0,3,"Bot","null","null",,,425877,,"180706_025808","4.2705","-114.0188","0.8259","0.9907","21.8866","-37.2497","2.9645","1.3176","null","null","null","76.9290","2174","5.3620",530714,596133,425877,572761,543939,576397,622168,542303,502054,664056,"55.1350","null","null","null","null","null","null","null",23,"1","Curveball",0,5,0,5,5,0,0,5,"Standard","Standard"
"SL","2018-07-05","80.8","-2.4062","5.7410","Johnny Cueto",576397,456501,"null","called_strike",,,,,"4","null","R","R","R","SF","STL","S","null","null",0,0,2018,"0.5368","0.0661","-0.7901","2.1780","null","542303.00","null",1,3,"Top","null","null",,,457763,,"180706_025350","2.5675","-117.5703","-1.4261","4.3228","21.0653","-31.5945","3.1154","1.3786","null","null","null","79.2280","2225","5.0700",530714,456501,457763,474832,605412,467055,543063,593700,491676,457705,"55.4270","null","null","null","null","null","null","null",21,"1","Slider",0,5,5,0,5,0,5,0,"Standard","Standard"
"FF","2018-07-05","87.2","-2.1292","5.8398","Johnny Cueto",542303,456501,"null","ball",,,,,"12","null","R","R","R","SF","STL","B","null","null",0,0,2018,"-0.3921","1.5268","1.0368","3.3550","null","null","null",1,3,"Top","null","null",,,457763,,"180706_025254","8.2182","-126.5685","-2.7616","-5.7359","25.5935","-16.0145","3.6466","1.7587","null","null","null","85.5620","2136","5.3510",530714,456501,457763,474832,605412,467055,543063,593700,491676,457705,"55.1461","null","null","null","null","null","null","null",20,"1","4-Seam Fastball",0,5,5,0,5,0,5,0,"Standard","Standard"
"FF","2018-07-05","93.8","-1.4371","5.3504","Luke Weaver",467055,596133,"null","called_strike",,,,,"4","null","R","L","R","SF","STL","S","null","null",1,0,2018,"-0.6941","1.5215","-0.3781","2.3628","null","null","null",2,2,"Bot","null","null",,,425877,,"180706_024926","4.2192","-136.4975","-5.2855","-9.4740","29.4550","-12.4940","3.0059","1.4398","null","null","null","93.2790","2368","5.9330",530714,596133,425877,572761,543939,576397,622168,542303,502054,664056,"54.5642","null","null","null","null","null","null","null",18,"2","4-Seam Fastball",0,5,0,5,5,0,0,5,"Standard","Standard"
"FF","2018-07-05","94.9","-1.4926","5.4319","Luke Weaver",467055,596133,"null","ball",,,,,"11","null","R","L","R","SF","STL","B","null","null",0,0,2018,"-0.8358","1.3908","-1.5041","2.8614","null","null","null",2,2,"Bot","null","null",,,425877,,"180706_024911","1.7729","-138.1040","-4.0508","-10.8423","31.1996","-14.1344","2.9959","1.4896","null","null","null","93.8390","2326","5.6910",530714,596133,425877,572761,543939,576397,622168,542303,502054,664056,"54.8063","null","null","null","null","null","null","null",18,"1","4-Seam Fastball",0,5,0,5,5,0,0,5,"Standard","Standard"
"CU","2018-07-05","79.2","-1.3168","5.4377","Luke Weaver",543063,596133,"null","ball",,,,,"11","null","R","L","R","SF","STL","B","null","null",0,0,2018,"0.4112","-0.1147","-0.9755","3.4371","null","null","null",1,2,"Bot","null","null",,,425877,,"180706_024818","0.0099","-115.1671","2.5434","3.5257","20.7981","-33.8823","3.3654","1.4499","null","null","null","77.7390","2139","5.2270",530714,596133,425877,572761,543939,576397,622168,542303,502054,664056,"55.2707","null","null","null","null","null","null","null",17,"1","Curveball",0,5,0,5,5,0,0,5,"Standard","Standard"
"CH","2018-07-05","86.4","-1.4904","5.3593","Luke Weaver",474832,596133,"null","ball",,,,,"14","null","R","L","R","SF","STL","B","null","null",1,2,2018,"-0.8200","1.1234","0.5451","1.1464","null","null","null",0,2,"Bot","null","null",,,425877,,"180706_024717","6.4121","-125.5772","-6.0345","-9.7455","23.0840","-19.5486","3.1164","1.3906","null","null","null","85.8550","1889","5.7960",530714,596133,425877,572761,543939,576397,622168,542303,502054,664056,"54.7014","null","null","null","null","null","null","null",16,"4","Changeup",0,5,0,5,5,0,0,5,"Infield shift","Standard"
"CH","2018-07-05","85.5","-1.5325","5.3664","Luke Weaver",474832,596133,"null","ball",,,,,"13","null","R","L","R","SF","STL","B","null","null",0,2,2018,"-1.1361","0.8039","-1.0420","0.4465","null","null","null",0,2,"Bot","null","null",,,425877,,"180706_024657","3.3830","-124.3625","-6.9024","-12.3139","22.9557","-22.8462","3.1164","1.3906","null","null","null","85.2040","1822","5.9410",530714,596133,425877,572761,543939,576397,622168,542303,502054,664056,"54.5565","null","null","null","null","null","null","null",16,"3","Changeup",0,5,0,5,5,0,0,5,"Infield shift","Standard"
"CH","2018-07-05","80.7","-2.1885","5.6851","Johnny Cueto",502054,456501,"strikeout","called_strike",,,,,"7","Tommy Pham called out on strikes.  ","R","R","R","SF","STL","S",2,"null",0,2,2018,"-0.9932","0.0843","-0.8230","1.7427","null","null","null",2,2,"Top","null","null",,,457763,,"180706_024321","4.8421","-117.4357","-2.3148","-9.9131","20.1780","-31.2248","3.2158","1.4298","null","null","null","80.3190","1359","5.8160",530714,456501,457763,474832,605412,467055,543063,593700,491676,457705,"54.6810","null","null","0.00",1,0,0,"null",15,"3","Changeup",0,5,5,0,5,0,5,0,"Standard","Standard"
"SL","2018-07-05","80.4","-2.4780","5.7777","Johnny Cueto",502054,456501,"null","called_strike",,,,,"14","null","R","R","R","SF","STL","S","null","null",0,0,2018,"0.2782","0.1363","0.2357","1.3527","null","null","null",2,2,"Top","null","null",,,457763,,"180706_024258","5.3777","-116.7862","-3.2617","1.3842","22.7300","-30.6376","3.3356","1.5260","null","null","null","78.4270","2279","5.0730",530714,456501,457763,474832,605412,467055,543063,593700,491676,457705,"55.4245","null","null","null","null","null","null","null",15,"1","Slider",0,5,5,0,5,0,5,0,"Standard","Standard"
"SL","2018-07-05","83.2","-2.3844","5.7580","Johnny Cueto",572761,456501,"null","ball",,,,,"14","null","R","L","R","SF","STL","B","null","null",0,1,2018,"-0.2058","0.6329","1.5627","2.2901","null","null","null",2,2,"Top","null","null",,,457763,,"180706_024208","9.2265","-120.6807","-2.6292","-3.6484","22.3086","-25.9702","3.5104","1.6737","null","null","null","81.5670","2184","5.2490",530714,456501,457763,474832,605412,467055,543063,593700,491676,457705,"55.2481","null","null","null","null","null","null","null",14,"2","Slider",0,4,4,0,4,0,4,0,"Infield shift","Strategic"
"CH","2018-07-05","86.0","-2.5680","5.7068","Johnny Cueto",572761,456501,"null","called_strike",,,,,"8","null","R","L","R","SF","STL","S","null","null",0,0,2018,"-1.5079","0.7783","-0.2354","1.9321","null","null","null",2,2,"Top","null","null",,,457763,,"180706_024152","8.3023","-124.8713","-4.1952","-16.8462","21.9830","-23.7271","3.5473","1.6905","null","null","null","84.8270","2144","5.3660",530714,456501,457763,474832,605412,467055,543063,593700,491676,457705,"55.1318","null","null","null","null","null","null","null",14,"1","Changeup",0,4,4,0,4,0,4,0,"Infield shift","Standard"
"FF","2018-07-05","87.6","-2.4412","5.8494","Johnny Cueto",596133,456501,"null","called_strike",,,,,"6","null","R","R","R","SF","STL","S","null","null",2,0,2018,"-0.8469","1.3236","0.4945","2.3521","null","null","null",1,2,"Top","null","null",,,457763,,"180706_024100","8.5452","-127.0473","-4.8258","-10.4574","23.7744","-17.6792","3.3305","1.4811","null","null","null","85.8600","2152","5.1620",530714,456501,457763,474832,605412,467055,543063,593700,491676,457705,"55.3357","null","null","null","null","null","null","null",13,"3","4-Seam Fastball",0,4,4,0,4,0,4,0,"Standard","Standard"
"FT","2018-07-05","86.5","-2.2425","5.9022","Johnny Cueto",596133,456501,"null","ball",,,,,"1","null","R","R","R","SF","STL","B","null","null",1,0,2018,"-1.5698","1.0537","-0.8148","3.3033","null","null","null",1,2,"Top","null","null",,,457763,,"180706_024047","6.2968","-125.6326","-1.9893","-17.1895","24.8986","-21.3526","3.3314","1.6282","null","null","null","84.5750","2067","5.0880",530714,456501,457763,474832,605412,467055,543063,593700,491676,457705,"55.4097","null","null","null","null","null","null","null",13,"2","2-Seam Fastball",0,4,4,0,4,0,4,0,"Standard","Standard"
"CH","2018-07-05","85.7","-2.2475","6.0021","Johnny Cueto",596133,456501,"null","ball",,,,,"12","null","R","R","R","SF","STL","B","null","null",0,0,2018,"-1.0770","1.5115","0.9298","2.9240","null","null","null",1,2,"Top","null","null",,,457763,,"180706_024036","9.3246","-124.1577","-3.7891","-12.4986","24.0389","-16.7040","3.3653","1.4667","null","null","null","83.6290","2164","5.0940",530714,456501,457763,474832,605412,467055,543063,593700,491676,457705,"55.4033","null","null","null","null","null","null","null",13,"1","Changeup",0,4,4,0,4,0,4,0,"Standard","Standard"
"CU","2018-07-05","79.0","-1.2761","5.5357","Luke Weaver",457705,596133,"null","called_strike",,,,,"3","null","R","R","R","SF","STL","S","null","null",0,0,2018,"0.6683","-0.5735","0.4624","2.7028","null","null","null",2,1,"Bot","null","null",,,425877,,"180706_023706","2.5449","-114.9115","1.5130","5.3659","18.0295","-37.5882","3.2682","1.4410","null","null","null","78.0030","2225","5.2640",530714,596133,425877,572761,543939,576397,622168,542303,502054,664056,"55.2337","null","null","null","null","null","null","null",11,"1","Curveball",0,4,0,4,4,0,0,4,"Standard","Standard"
"FF","2018-07-05","93.8","-1.4109","5.4835","Luke Weaver",457763,596133,"null","ball",,,,,"11","null","R","R","R","SF","STL","B","null","null",1,1,2018,"-0.6888","1.4637","-1.5244","3.5922","null","null","null",1,1,"Bot","null","null",,,425877,,"180706_023524","1.1815","-136.5802","-2.3784","-8.7509","26.3990","-13.8190","3.3275","1.5204","null","null","null","93.4380","2283","5.7650",530714,596133,425877,572761,543939,576397,622168,542303,502054,664056,"54.7321","null","null","null","null","null","null","null",10,"3","4-Seam Fastball",0,4,0,4,4,0,0,4,"Standard","Standard"
"FF","2018-07-05","94.2","-1.3775","5.4880","Luke Weaver",457763,596133,"null","ball",,,,,"13","null","R","R","R","SF","STL","B","null","null",0,1,2018,"-0.5133","1.6404","-1.3482","1.6391","null","null","null",1,1,"Bot","null","null",,,425877,,"180706_023506","1.1773","-137.1142","-7.8541","-6.6341","26.2111","-10.4016","3.3275","1.4209","null","null","null","93.8700","2333","5.7760",530714,596133,425877,572761,543939,576397,622168,542303,502054,664056,"54.7213","null","null","null","null","null","null","null",10,"2","4-Seam Fastball",0,4,0,4,4,0,0,4,"Standard","Standard"
"FF","2018-07-05","93.2","-1.4189","5.5632","Luke Weaver",457763,596133,"null","called_strike",,,,,"6","null","R","R","R","SF","STL","S","null","null",0,0,2018,"-0.8476","1.7581","0.4969","2.5117","null","null","null",1,1,"Bot","null","null",,,425877,,"180706_023451","6.6945","-135.4771","-5.8553","-11.6841","27.2324","-9.7710","3.3476","1.6695","null","null","null","92.7690","2460","5.9100",530714,596133,425877,572761,543939,576397,622168,542303,502054,664056,"54.5870","null","null","null","null","null","null","null",10,"1","4-Seam Fastball",0,4,0,4,4,0,0,4,"Standard","Standard"
"FF","2018-07-05","92.1","-1.5780","5.5608","Luke Weaver",593700,596133,"null","called_strike",,,,,"13","null","R","L","R","SF","STL","S","null","null",0,0,2018,"-0.6686","1.5564","-0.8322","1.9846","null","null","null",0,1,"Bot","null","null",,,425877,,"180706_023339","3.3377","-134.0261","-6.6585","-8.7468","26.4176","-12.2301","3.3375","1.6399","null","null","null","92.4200","2215","6.2790",530714,596133,425877,572761,543939,576397,622168,542303,502054,664056,"54.2186","null","null","null","null","null","null","null",9,"1","4-Seam Fastball",0,4,0,4,4,0,0,4,"Standard","Standard"
"FF","2018-07-05","90.0","-2.2070","5.7914","Johnny Cueto",664056,456501,"null","ball",,,,,"12","null","R","R","R","SF","STL","B","null","null",1,2,2018,"-1.1285","1.1991","1.0639","3.3558","null","null","543939.00",2,1,"Top","null","null",,,457763,,"180706_022640","10.2706","-130.6356","-2.5201","-14.6508","25.4937","-18.4805","3.2663","1.3953","null","null","null","88.8970","2297","5.5770",530714,456501,457763,474832,605412,467055,543063,593700,491676,457705,"54.9199","null","null","null","null","null","null","null",8,"4","4-Seam Fastball",0,4,4,0,4,0,4,0,"Standard","Standard"
"FT","2018-07-05","90.3","-2.3595","5.7768","Johnny Cueto",664056,456501,"null","called_strike",,,,,"3","null","R","R","R","SF","STL","S","null","null",0,0,2018,"-1.2101","1.1381","0.2889","2.8992","null","null","543939.00",2,1,"Top","null","null",,,457763,,"180706_022544","8.9172","-131.1159","-3.5584","-15.2828","23.4408","-18.8831","3.3657","1.5445","null","null","null","89.3360","2320","5.4700",530714,456501,457763,474832,605412,467055,543063,593700,491676,457705,"55.0278","null","null","null","null","null","null","null",8,"1","2-Seam Fastball",0,4,4,0,4,0,4,0,"Standard","Standard"
"FT","2018-07-05","87.0","-2.3653","5.7720","Johnny Cueto",543939,456501,"null","called_strike",,,,,"1","null","R","L","R","SF","STL","S","null","null",0,0,2018,"-1.2100","0.6188","-0.8219","2.7052","null","null","null",2,1,"Top","null","null",,,457763,,"180706_022456","5.9845","-126.6518","-2.4995","-13.7512","20.3310","-25.4392","3.1050","1.5787","null","null","null","86.3740","2191","5.3910",530714,456501,457763,474832,605412,467055,543063,593700,491676,457705,"55.1059","null","null","null","null","null","null","null",7,"1","2-Seam Fastball",0,4,4,0,4,0,4,0,"Standard","Standard"
"SL","2018-07-05","81.2","-2.3198","5.7375","Johnny Cueto",576397,456501,"null","ball",,,,,"14","null","R","R","R","SF","STL","B","null","null",2,0,2018,"0.2706","0.4485","0.7857","1.0683","502054.00","425877.00","null",1,1,"Top","null","null",,,457763,,"180706_022318","6.3124","-117.9429","-4.6103","1.3746","19.9905","-27.5856","3.0161","1.3291","null","null","null","79.8070","2261","5.1830",530714,456501,457763,474832,605412,467055,543063,593700,491676,457705,"55.3143","null","null","null","null","null","null","null",5,"3","Slider",0,1,1,0,1,0,1,0,"Strategic","Standard"
"FF","2018-07-05","89.2","-2.3467","5.7990","Johnny Cueto",576397,456501,"null","ball",,,,,"12","null","R","R","R","SF","STL","B","null","null",1,0,2018,"-0.9278","1.2485","1.6282","2.4992","502054.00","425877.00","null",1,1,"Top","null","null",,,457763,,"180706_022257","11.4101","-129.3120","-4.5706","-12.2031","22.9815","-17.8942","3.0376","1.3946","null","null","null","87.9580","2199","5.3900",530714,456501,457763,474832,605412,467055,543063,593700,491676,457705,"55.1074","null","null","null","null","null","null","null",5,"2","4-Seam Fastball",0,1,1,0,1,0,1,0,"Strategic","Standard"
"SL","2018-07-05","83.2","-2.2733","5.6999","Johnny Cueto",542303,456501,"null","called_strike",,,,,"9","null","R","R","R","SF","STL","S","null","null",0,1,2018,"0.0912","0.7676","0.3156","2.0456","572761.00","502054.00","425877.00",0,1,"Top","null","null",,,457763,,"180706_022106","5.6690","-121.0892","-3.4386","-0.0248","19.3164","-24.4427","3.5973","1.7583","null","null","null","82.4700","2309","5.3840",530714,456501,457763,474832,605412,467055,543063,593700,491676,457705,"55.1137","null","null","null","null","null","null","null",4,"2","Slider",0,0,0,0,0,0,0,0,"Standard","Standard"
"FT","2018-07-05","88.2","-2.1448","5.8868","Johnny Cueto",542303,456501,"null","called_strike",,,,,"8","null","R","R","R","SF","STL","S","null","null",0,0,2018,"-1.4127","0.9242","0.2337","1.8123","572761.00","502054.00","425877.00",0,1,"Top","null","null",,,457763,,"180706_022051","8.4824","-128.0383","-5.6193","-16.7916","23.7873","-21.4070","3.6468","1.7583","null","null","null","87.1580","2218","5.5370",530714,456501,457763,474832,605412,467055,543063,593700,491676,457705,"54.9608","null","null","null","null","null","null","null",4,"1","2-Seam Fastball",0,0,0,0,0,0,0,0,"Standard","Standard"
"FF","2018-07-05","87.7","-2.4070","5.9184","Johnny Cueto",572761,456501,"walk","ball",,,,,"14","Matt Carpenter walks.  ","R","L","R","SF","STL","B","null","null",3,2,2018,"-1.0073","1.6614","0.8983","1.8905","null","null","null",0,1,"Top","null","null",,,457763,,"180706_021749","9.7382","-126.9910","-6.6700","-12.5079","26.6831","-13.7975","3.6428","1.6590","null","null","null","85.5230","2283","5.2170",530714,456501,457763,474832,605412,467055,543063,593700,491676,457705,"55.2804","null","null","0.70",1,0,0,"null",1,"7","4-Seam Fastball",0,0,0,0,0,0,0,0,"Infield shift","Standard"
"CH","2018-07-05","84.3","-2.5306","6.0494","Johnny Cueto",572761,456501,"null","called_strike",,,,,"9","null","R","L","R","SF","STL","S","null","null",3,1,2018,"-0.9930","1.3632","0.7614","2.1595","null","null","null",0,1,"Top","null","null",,,457763,,"180706_021704","9.2999","-122.3029","-5.1765","-11.2472","21.0174","-18.2794","3.7123","1.8074","null","null","null","82.7710","2116","5.1480",530714,456501,457763,474832,605412,467055,543063,593700,491676,457705,"55.3489","null","null","null","null","null","null","null",1,"5","Changeup",0,0,0,0,0,0,0,0,"Infield shift","Standard"
"CH","2018-07-05","82.2","-2.5524","6.0532","Johnny Cueto",572761,456501,"null","called_strike",,,,,"11","null","R","L","R","SF","STL","S","null","null",3,0,2018,"-0.9386","1.6224","-1.0300","3.1005","null","null","null",0,1,"Top","null","null",,,457763,,"180706_021648","5.0229","-119.3386","-3.0595","-9.4788","21.8039","-17.0914","3.6134","1.8074","null","null","null","80.1540","2150","4.8930",530714,456501,457763,474832,605412,467055,543063,593700,491676,457705,"55.6042","null","null","null","null","null","null","null",1,"4","Changeup",0,0,0,0,0,0,0,0,"Infield shift","Standard"
"FF","2018-07-05","86.6","-2.6496","5.9208","Johnny Cueto",572761,456501,"null","ball",,,,,"14","null","R","L","R","SF","STL","B","null","null",2,0,2018,"-0.7842","1.4734","1.1679","2.4033","null","null","null",0,1,"Top","null","null",,,457763,,"180706_021628","10.4045","-125.6385","-5.0152","-9.8835","21.8441","-16.3646","3.5438","1.7579","null","null","null","85.2140","2139","5.2420",530714,456501,457763,474832,605412,467055,543063,593700,491676,457705,"55.2551","null","null","null","null","null","null","null",1,"3","4-Seam Fastball",0,0,0,0,0,0,0,0,"Infield shift","Standard"
"FF","2018-07-05","86.8","-2.3910","5.9844","Johnny Cueto",572761,456501,"null","ball",,,,,"3","null","R","L","R","SF","STL","B","null","null",1,0,2018,"-0.6816","1.5965","0.7635","3.0284","null","null","null",0,1,"Top","null","null",,,457763,,"180706_021614","8.6465","-125.8816","-3.9026","-8.6098","23.8848","-15.3704","3.5482","1.7632","null","null","null","84.8810","2182","5.0820",530714,456501,457763,474832,605412,467055,543063,593700,491676,457705,"55.4150","null","null","null","null","null","null","null",1,"2","4-Seam Fastball",0,0,0,0,0,0,0,0,"Infield shift","Standard"
"CH","2018-07-05","85.3","-2.6338","5.9517","Johnny Cueto",572761,456501,"null","ball",,,,,"13","null","R","L","R","SF","STL","B","null","null",0,0,2018,"-1.3152","0.7654","-0.3818","1.3787","null","null","null",0,1,"Top","null","null",,,457763,,"180706_021601","7.6631","-123.7843","-5.8176","-14.5264","23.2541","-23.7186","3.6471","1.8519","null","null","null","83.7440","2196","5.2830",530714,456501,457763,474832,605412,467055,543063,593700,491676,457705,"55.2145","null","null","null","null","null","null","null",1,"1","Changeup",0,0,0,0,0,0,0,0,"Infield shift","Standard"