"pitch_type","game_date","release_speed","release_pos_x","release_pos_z","player_name","batter","pitcher","events","description","spin_dir","spin_rate_deprecated","break_angle_deprecated","break_length_deprecated","zone","des","game_type","stand","p_throws","home_team","away_team","type","hit_location","bb_type","balls","strikes","game_year","pfx_x","pfx_z","plate_x","plate_z","on_3b","on_2b","on_1b","outs_when_up","inning","inning_topbot","hc_x","hc_y","tfs_deprecated","tfs_zulu_deprecated","pos2_person_id","umpire","sv_id","vx0","vy0","vz0","ax","ay","az","sz_top","sz_bot","hit_distance_sc","launch_speed","launch_angle","effective_speed","release_spin_rate","release_extension","game_pk","pos1_person_id","pos2_person_id","pos3_person_id","pos4_person_id","pos5_person_id","pos6_person_id","pos7_person_id","pos8_person_id","pos9_person_id","release_pos_y","estimated_ba_using_speedangle","estimated_woba_using_speedangle","woba_value","woba_denom","babip_value","iso_value","launch_speed_angle","at_bat_number","pitch_number","pitch_name","home_score","away_score","bat_score","fld_score","post_away_score","post_home_score","post_bat_score","post_fld_score","if_fielding_alignment","of_fielding_alignment"
"SL","2018-08-05","82.7","2.2699","6.1740","Will Smith",572041,519293,"null","ball",,,,,"13","null","R","R","L","ARI","SF","B","null","null",1,2,2018,"-0.3874","0.3784","-0.0887","1.0274","null","null","null",2,9,"Bot","null","null",,,460026,,"180805_232552","-4.5884","-120.3130","-5.9405","-2.8806","21.4573","-27.7304","3.4852","1.5463","null","null","null","82.0630","2440","5.6960",531091,519293,460026,457763,605412,446334,543063,596103,491676,457705,"54.8061","null","null","null","null","null","null","null",71,"4","Slider",2,3,2,3,3,2,2,3,"Infield shift","Standard"
"FF","2018-08-05","94.1","1.6519","6.5615","Will Smith",572041,519293,"null","ball",,,,,"12","null","R","R","L","ARI","SF","B","null","null",0,2,2018,"0.5243","1.4902","0.5741","3.8577","null","null","null",2,9,"Bot","null","null",,,460026,,"180805_232526","-3.8790","-136.9201","-4.4832","7.2827","29.5682","-13.1317","3.4852","1.6362","null","null","null","93.0940","2268","5.6490",531091,519293,460026,457763,605412,446334,543063,596103,491676,457705,"54.8526","null","null","null","null","null","null","null",71,"3","4-Seam Fastball",2,3,2,3,3,2,2,3,"Infield shift","Standard"
"SL","2018-08-05","81.7","2.2828","6.1541","Will Smith",445055,519293,"null","ball",,,,,"12","null","R","L","L","ARI","SF","B","null","null",0,1,2018,"-0.7015","-0.0752","1.0218","2.8675","null","null","null",1,9,"Bot","null","null",,,460026,,"180805_232046","-1.5221","-118.9808","-0.7907","-6.2016","19.5156","-32.9733","3.5154","1.6662","null","null","null","80.5280","2399","5.1210",531091,519293,460026,457763,605412,446334,543063,596103,491676,457705,"55.3811","null","null","null","null","null","null","null",70,"2","Slider",2,3,2,3,3,2,2,3,"Standard","Standard"
"SL","2018-08-05","79.9","2.3698","6.2269","Will Smith",605113,519293,"null","ball",,,,,"13","null","R","R","L","ARI","SF","B","null","null",0,1,2018,"-0.9225","0.3506","-0.8080","1.4573","null","null","null",0,9,"Bot","null","null",,,460026,,"180805_231843","-5.2235","-116.1813","-4.3667","-7.1459","20.0585","-28.6188","3.5758","1.6362","null","null","null","78.4070","2482","5.1060",531091,519293,460026,457763,605412,446334,543063,596103,491676,457705,"55.3964","null","null","null","null","null","null","null",69,"2","Slider",2,3,2,3,3,2,2,3,"Standard","Standard"
"SI","2018-08-05","93.6","4.4921","5.4042","Jake Diekman",593700,518617,"null","called_strike",,,,,"2","null","R","R","L","ARI","SF","S","null","null",0,0,2018,"0.9115","0.9532","0.0363","3.1885","null","null","null",2,9,"Top","null","null",,,571974,,"180805_231449","-13.3461","-135.6310","-2.0263","13.8677","27.3807","-20.2944","3.3947","1.6362","null","null","null","93.0060","2125","6.0000",531091,518617,571974,502671,606466,500871,605113,444482,445055,519306,"54.5019","null","null","null","null","null","null","null",68,"1","Sinker",2,3,3,2,3,2,3,2,"Standard","Standard"
"SI","2018-08-05","93.1","4.4258","5.3683","Jake Diekman",491676,518617,"null","ball",,,,,"12","null","R","R","L","ARI","SF","B","null","null",0,0,2018,"1.1297","0.9863","1.7854","3.5285","null","null","null",1,9,"Top","null","null",,,571974,,"180805_231350","-9.2306","-135.3520","-1.1313","15.7894","27.5438","-20.0019","3.1835","1.3965","null","null","null","93.2330","2274","6.2690",531091,518617,571974,502671,606466,500871,605113,444482,445055,519306,"54.2331","null","null","null","null","null","null","null",67,"1","Sinker",2,3,3,2,3,2,3,2,"Standard","Standard"
"SL","2018-08-05","82.7","4.5019","5.3052","Jake Diekman",605412,518617,"null","ball",,,,,"13","null","R","L","L","ARI","SF","B","null","null",1,2,2018,"-0.6428","-0.3727","-2.3066","0.7953","null","null","null",0,9,"Top","null","null",,,571974,,"180805_231248","-14.0749","-119.6586","-2.9872","-3.4679","22.1154","-35.3749","3.1835","1.3965","null","null","null","81.5970","2653","5.7680",531091,518617,571974,502671,606466,500871,605113,444482,445055,519306,"54.7339","null","null","null","null","null","null","null",66,"4","Slider",2,3,3,2,3,2,3,2,"Standard","Standard"
"SL","2018-08-05","84.1","4.6070","5.3658","Jake Diekman",605412,518617,"null","ball",,,,,"13","null","R","L","L","ARI","SF","B","null","null",0,2,2018,"-0.4604","-0.4011","-0.1478","1.0354","null","null","null",0,9,"Top","null","null",,,571974,,"180805_231229","-9.9554","-122.0092","-2.8277","-2.5953","23.0179","-35.7870","3.1835","1.3666","null","null","null","82.7580","2722","5.4730",531091,518617,571974,502671,606466,500871,605113,444482,445055,519306,"55.0288","null","null","null","null","null","null","null",66,"3","Slider",2,3,3,2,3,2,3,2,"Standard","Standard"
"SI","2018-08-05","93.4","4.2998","5.5274","Jake Diekman",605412,518617,"null","called_strike",,,,,"5","null","R","L","L","ARI","SF","S","null","null",0,0,2018,"1.0085","1.0342","-0.1448","2.5220","null","null","null",0,9,"Top","null","null",,,571974,,"180805_231151","-13.6111","-135.3517","-4.2261","15.2396","27.8980","-18.7552","3.0931","1.3367","null","null","null","93.2910","2209","6.3300",531091,518617,571974,502671,606466,500871,605113,444482,445055,519306,"54.1716","null","null","null","null","null","null","null",66,"1","Sinker",2,3,3,2,3,2,3,2,"Standard","Standard"
"CH","2018-08-05","87.9","-1.3592","5.0620","Sam Dyson",606466,473879,"null","ball",,,,,"13","null","R","L","R","ARI","SF","B","null","null",1,2,2018,"-1.4789","0.0652","-1.2934","2.6063","518614.00","502671.00","519306.00",2,8,"Bot","null","null",,,460026,,"180805_230836","3.0201","-127.7805","0.0094","-16.1984","25.4217","-31.7538","3.6967","1.7861","null","null","null","86.2010","1975","5.1810",531091,473879,460026,457763,605412,446334,593700,596103,491676,457705,"55.3206","null","null","null","null","null","null","null",65,"5","Changeup",2,3,2,3,3,2,2,3,"Standard","Standard"
"CH","2018-08-05","88.1","-1.4683","5.2398","Sam Dyson",606466,473879,"null","ball",,,,,"11","null","R","L","R","ARI","SF","B","null","null",0,1,2018,"-1.3933","0.1206","-1.4905","2.9800","518614.00","502671.00","519306.00",2,8,"Bot","null","null",,,460026,,"180805_230656","2.6798","-128.0696","0.3475","-15.3821","25.7510","-31.2181","3.6664","1.7561","null","null","null","86.6460","1872","5.3620",531091,473879,460026,457763,605412,446334,593700,596103,491676,457705,"55.1400","null","null","null","null","null","null","null",65,"2","Changeup",2,3,2,3,3,2,2,3,"Standard","Standard"
"CH","2018-08-05","85.1","3.5315","5.0306","Tony Watson",502671,453265,"walk","ball",,,,,"14","Paul Goldschmidt walks.   Daniel Descalso to 2nd.  ","R","R","L","ARI","SF","B","null","null",3,1,2018,"1.7353","0.4871","2.0819","1.8557","null","null","518614.00",2,8,"Bot","null","null",,,460026,,"180805_230152","-6.6568","-123.5233","-1.9973","18.5814","25.6882","-27.2007","3.3645","1.4864","null","null","null","83.5550","2399","5.5110",531091,453265,460026,457763,605412,446334,593700,596103,491676,457705,"54.9915","null","null","0.70",1,0,0,"null",63,"5","Changeup",2,3,2,3,3,2,2,3,"Strategic","Standard"
"SL","2018-08-05","85.0","3.5322","4.9987","Tony Watson",502671,453265,"null","ball",,,,,"13","null","R","R","L","ARI","SF","B","null","null",2,1,2018,"-0.2065","0.4292","-1.3274","0.8688","null","null","518614.00",2,8,"Bot","null","null",,,460026,,"180805_230127","-10.7994","-123.1529","-4.0811","0.0767","24.2488","-27.3593","3.5456","1.6062","null","null","null","83.6510","2341","5.6250",531091,453265,460026,457763,605412,446334,593700,596103,491676,457705,"54.8774","null","null","null","null","null","null","null",63,"4","Slider",2,3,2,3,3,2,2,3,"Standard","Standard"
"CH","2018-08-05","84.7","3.5140","4.9641","Tony Watson",502671,453265,"null","ball",,,,,"14","null","R","R","L","ARI","SF","B","null","null",1,0,2018,"1.7927","0.5809","1.1183","0.9416","null","null","518614.00",2,8,"Bot","null","null",,,460026,,"180805_230019","-9.0429","-122.7482","-4.0244","19.7493","27.5110","-25.7929","3.4852","1.5463","null","null","null","83.4590","2324","6.0010",531091,453265,460026,457763,605412,446334,593700,596103,491676,457705,"54.5007","null","null","null","null","null","null","null",63,"2","Changeup",2,3,2,3,3,2,2,3,"Standard","Standard"
"SL","2018-08-05","84.3","3.4979","5.0532","Tony Watson",502671,453265,"null","ball",,,,,"13","null","R","R","L","ARI","SF","B","null","null",0,0,2018,"-0.3565","0.2253","-1.7393","1.6380","null","null","518614.00",2,8,"Bot","null","null",,,460026,,"180805_225957","-11.2688","-122.1819","-1.9221","-1.2592","23.9453","-29.8627","3.5154","1.6362","null","null","null","82.7950","2390","5.4990",531091,453265,460026,457763,605412,446334,593700,596103,491676,457705,"55.0027","null","null","null","null","null","null","null",63,"1","Slider",2,3,2,3,3,2,2,3,"Standard","Standard"
"CH","2018-08-05","86.1","3.6289","4.9956","Tony Watson",500871,453265,"null","ball",,,,,"9","null","R","R","L","ARI","SF","B","null","null",0,0,2018,"1.7579","0.7574","0.6120","1.2782","null","null","518614.00",1,8,"Bot","null","null",,,460026,,"180805_225639","-10.3476","-124.6140","-3.8766","19.8069","26.5895","-24.0485","3.0661","1.3367","null","null","null","83.9600","2279","5.3290",531091,453265,460026,457763,605412,446334,593700,596103,491676,457705,"55.1734","null","null","null","null","null","null","null",62,"1","Changeup",2,3,2,3,3,2,2,3,"Standard","Standard"
"SI","2018-08-05","92.3","3.5772","4.9805","Tony Watson",444482,453265,"null","called_strike",,,,,"8","null","R","L","L","ARI","SF","S","null","null",0,0,2018,"1.6733","0.4443","0.0849","1.8371","null","null","518614.00",0,8,"Bot","null","null",,,460026,,"180805_225513","-12.4120","-133.6941","-3.0520","22.6312","29.3705","-26.4471","3.3343","1.4564","null","null","null","91.5980","2401","6.1670",531091,453265,460026,457763,605412,446334,593700,596103,491676,457705,"54.3353","null","null","null","null","null","null","null",61,"1","Sinker",2,3,2,3,3,2,2,3,"Strategic","Standard"
"FF","2018-08-05","96.0","-2.0730","5.7814","Archie Bradley",596103,605151,"strikeout","called_strike",,,,,"9","Austin Slater called out on strikes.  ","R","R","R","ARI","SF","S",2,"null",3,2,2018,"-0.2954","1.4287","0.7616","1.6558","null","null","null",2,8,"Top","null","null",,,571974,,"180805_225005","8.2041","-139.4401","-8.5927","-5.7143","31.0817","-11.6668","3.4248","1.5763","null","null","null","96.3620","2334","6.5800",531091,605151,571974,502671,606466,500871,605113,444482,445055,519306,"53.9223","null","null","0.00",1,0,0,"null",59,"6","4-Seam Fastball",2,3,3,2,3,2,3,2,"Standard","Standard"
"FT","2018-08-05","94.5","-2.1305","5.6474","Archie Bradley",596103,605151,"null","ball",,,,,"13","null","R","R","R","ARI","SF","B","null","null",2,2,2018,"-1.2406","0.9370","-1.6493","1.8422","null","null","null",2,8,"Top","null","null",,,571974,,"180805_224947","4.0285","-137.5466","-6.3378","-16.6637","30.1810","-19.0757","3.3947","1.5463","null","null","null","94.7450","2091","6.3970",531091,605151,571974,502671,606466,500871,605113,444482,445055,519306,"54.1055","null","null","null","null","null","null","null",59,"5","2-Seam Fastball",2,3,3,2,3,2,3,2,"Standard","Standard"
"FT","2018-08-05","96.3","-2.1661","5.7205","Archie Bradley",596103,605151,"null","ball",,,,,"13","null","R","R","R","ARI","SF","B","null","null",1,2,2018,"-1.1172","1.1131","-0.4715","0.8038","null","null","null",2,8,"Top","null","null",,,571974,,"180805_224930","7.0545","-139.8456","-10.0244","-16.2898","30.0733","-15.4982","3.4248","1.5163","null","null","null","96.6200","2167","6.4830",531091,605151,571974,502671,606466,500871,605113,444482,445055,519306,"54.0194","null","null","null","null","null","null","null",59,"4","2-Seam Fastball",2,3,3,2,3,2,3,2,"Standard","Standard"
"FT","2018-08-05","95.4","-2.1275","5.7492","Archie Bradley",596103,605151,"null","ball",,,,,"13","null","R","R","R","ARI","SF","B","null","null",0,1,2018,"-1.1601","0.9599","-1.3228","1.9514","null","null","null",2,8,"Top","null","null",,,571974,,"180805_224846","4.7355","-138.7212","-6.5247","-16.0630","30.6245","-18.5169","3.4852","1.6662","null","null","null","95.5850","2212","6.4090",531091,605151,571974,502671,606466,500871,605113,444482,445055,519306,"54.0932","null","null","null","null","null","null","null",59,"2","2-Seam Fastball",2,3,3,2,3,2,3,2,"Standard","Standard"
"FT","2018-08-05","95.6","-2.1481","5.7465","Archie Bradley",596103,605151,"null","called_strike",,,,,"13","null","R","R","R","ARI","SF","S","null","null",0,0,2018,"-1.2465","0.9264","-0.6184","1.3728","null","null","null",2,8,"Top","null","null",,,571974,,"180805_224829","6.8272","-138.9628","-7.9909","-17.6391","29.9292","-18.6448","3.3343","1.5163","null","null","null","95.6830","2085","6.3120",531091,605151,571974,502671,606466,500871,605113,444482,445055,519306,"54.1904","null","null","null","null","null","null","null",59,"1","2-Seam Fastball",2,3,3,2,3,2,3,2,"Standard","Standard"
"KC","2018-08-05","82.8","-1.8770","5.8431","Archie Bradley",446334,605151,"null","ball",,,,,"13","null","R","R","R","ARI","SF","B","null","null",1,1,2018,"0.4578","-0.8148","-0.8582","0.4718","null","null","null",1,8,"Top","null","null",,,571974,,"180805_224512","1.4364","-120.5301","-4.2141","4.1688","22.5534","-39.5023","3.6967","1.7161","null","null","null","82.7020","1994","6.1230",531091,605151,571974,502671,606466,500871,605113,444482,445055,519306,"54.3793","null","null","null","null","null","null","null",57,"3","Knuckle Curve",2,2,2,2,2,2,2,2,"Infield shift","Standard"
"FF","2018-08-05","96.4","-2.1158","5.8088","Archie Bradley",446334,605151,"null","called_strike",,,,,"5","null","R","R","R","ARI","SF","S","null","null",1,0,2018,"-0.7381","1.2265","0.1550","2.7772","null","null","null",1,8,"Top","null","null",,,571974,,"180805_224458","7.7165","-140.2105","-5.3023","-11.4129","29.5500","-14.9926","3.7873","1.7861","null","null","null","96.7540","2205","6.3680",531091,605151,571974,502671,606466,500871,605113,444482,445055,519306,"54.1342","null","null","null","null","null","null","null",57,"2","4-Seam Fastball",2,2,2,2,2,2,2,2,"Infield shift","Standard"
"KC","2018-08-05","80.6","-1.8861","5.8884","Archie Bradley",446334,605151,"null","ball",,,,,"13","null","R","R","R","ARI","SF","B","null","null",0,0,2018,"0.3573","-1.0293","-1.3446","2.2701","null","null","null",1,8,"Top","null","null",,,571974,,"180805_224439","0.5241","-117.3876","0.6046","3.1976","23.1036","-42.0211","3.7873","1.8161","null","null","null","80.7360","2062","6.4270",531091,605151,571974,502671,606466,500871,605113,444482,445055,519306,"54.0750","null","null","null","null","null","null","null",57,"1","Knuckle Curve",2,2,2,2,2,2,2,2,"Infield shift","Standard"
"KC","2018-08-05","82.4","-1.8360","5.8298","Archie Bradley",457763,605151,"null","ball",,,,,"14","null","R","R","R","ARI","SF","B","null","null",0,2,2018,"0.5956","-0.6968","0.7796","1.0850","null","null","null",0,8,"Top","null","null",,,571974,,"180805_224257","4.7920","-120.0020","-2.9699","4.9172","21.4400","-38.5987","3.3343","1.5763","null","null","null","82.7210","2073","6.2900",531091,605151,571974,502671,606466,500871,605113,444482,445055,519306,"54.2121","null","null","null","null","null","null","null",56,"5","Knuckle Curve",2,2,2,2,2,2,2,2,"Standard","Standard"
"FF","2018-08-05","99.2","-2.0594","5.3156","Ray Black",571974,605143,"null","ball",,,,,"14","null","R","R","R","ARI","SF","B","null","null",1,1,2018,"-0.6646","1.1435","2.5273","0.7956","null","null","null",2,7,"Bot","null","null",,,460026,,"180805_223754","14.0178","-143.4756","-9.4900","-12.4452","33.6262","-14.4071","3.2661","1.4265","null","null","null","98.6140","2731","6.3300",531091,605143,460026,457763,605412,446334,593700,596103,491676,457705,"54.1718","null","null","null","null","null","null","null",55,"3","4-Seam Fastball",2,2,2,2,2,2,2,2,"Standard","Standard"
"SL","2018-08-05","82.2","-1.9120","5.4435","Ray Black",571974,605143,"null","ball",,,,,"9","null","R","R","R","ARI","SF","B","null","null",0,0,2018,"1.1584","-0.8438","0.5589","1.2961","null","null","null",2,7,"Bot","null","null",,,460026,,"180805_223710","3.3645","-119.5513","-1.1833","10.1207","25.2545","-40.0786","3.0931","1.3367","null","null","null","81.1670","3261","5.8350",531091,605143,460026,457763,605412,446334,593700,596103,491676,457705,"54.6667","null","null","null","null","null","null","null",55,"1","Slider",2,2,2,2,2,2,2,2,"Standard","Standard"
"FF","2018-08-05","98.3","-2.1765","5.3320","Ray Black",445055,605143,"null","ball",,,,,"13","null","R","L","R","ARI","SF","B","null","null",0,0,2018,"-0.6811","1.1833","-1.9665","2.3559","null","null","null",1,7,"Bot","null","null",,,460026,,"180805_223456","2.1350","-143.0245","-5.3117","-9.7917","33.2861","-15.0135","3.5456","1.6662","null","null","null","98.1180","2615","6.2170",531091,605143,460026,457763,605412,446334,593700,596103,491676,457705,"54.2854","null","null","null","null","null","null","null",54,"1","4-Seam Fastball",2,2,2,2,2,2,2,2,"Standard","Standard"
"FF","2018-08-05","96.7","-1.9441","5.8734","Archie Bradley",457705,605151,"strikeout","called_strike",,,,,"9","Andrew McCutchen called out on strikes.  ","R","R","R","ARI","SF","S",2,"null",0,2,2018,"-0.6586","1.3955","0.6465","1.8891","null","null","null",2,7,"Top","null","null",,,571974,,"180805_222939","8.3776","-140.4008","-8.2176","-10.5047","29.8625","-12.1482","3.4248","1.6662","null","null","null","96.6900","2266","6.2730",531091,605151,571974,502671,606466,500871,605113,444482,445055,519306,"54.2287","null","null","0.00",1,0,0,"null",52,"3","4-Seam Fastball",2,2,2,2,2,2,2,2,"Infield shift","Standard"
"FF","2018-08-05","94.8","-1.9503","6.0292","Archie Bradley",457705,605151,"null","called_strike",,,,,"4","null","R","R","R","ARI","SF","S","null","null",0,0,2018,"-0.7653","1.2577","-0.5844","2.0532","null","null","null",2,7,"Top","null","null",,,571974,,"180805_222858","5.2378","-137.8194","-7.4502","-10.8369","31.2825","-14.8591","3.2740","1.4864","null","null","null","94.2940","2253","6.0950",531091,605151,571974,502671,606466,500871,605113,444482,445055,519306,"54.4066","null","null","null","null","null","null","null",52,"1","4-Seam Fastball",2,2,2,2,2,2,2,2,"Infield shift","Standard"
"SL","2018-08-05","82.9","2.0114","6.0085","Andrew Chafin",452254,605177,"null","ball",,,,,"13","null","R","R","L","ARI","SF","B","null","null",1,1,2018,"0.0712","0.2671","-0.6049","-0.1182","null","null","null",1,7,"Top","null","null",,,571974,,"180805_222551","-6.0611","-120.3483","-7.8933","1.9351","24.9550","-28.2436","3.4550","1.6062","null","null","null","81.9600","2253","5.9450",531091,605177,571974,502671,606466,500871,605113,444482,445055,519306,"54.5569","null","null","null","null","null","null","null",51,"3","Slider",2,2,2,2,2,2,2,2,"Standard","Standard"
"SI","2018-08-05","90.9","1.9773","6.2227","Andrew Chafin",452254,605177,"null","ball",,,,,"14","null","R","R","L","ARI","SF","B","null","null",0,0,2018,"1.3718","1.0165","0.6068","0.8145","null","null","null",1,7,"Top","null","null",,,571974,,"180805_222507","-6.3347","-131.9328","-9.7276","17.2982","28.7413","-18.4849","3.4248","1.5763","null","null","null","90.4740","2034","6.2290",531091,605177,571974,502671,606466,500871,605113,444482,445055,519306,"54.2731","null","null","null","null","null","null","null",51,"1","Sinker",2,2,2,2,2,2,2,2,"Standard","Standard"
"SI","2018-08-05","91.0","1.9048","6.0841","Andrew Chafin",593700,605177,"null","ball",,,,,"14","null","R","R","L","ARI","SF","B","null","null",1,1,2018,"1.3851","0.9987","1.7915","1.8613","null","null","null",0,7,"Top","null","null",,,571974,,"180805_222317","-3.2761","-132.4199","-6.8538","17.0451","28.5278","-19.1266","3.3645","1.5163","null","null","null","91.2430","2036","6.4580",531091,605177,571974,502671,606466,500871,605113,444482,445055,519306,"54.0436","null","null","null","null","null","null","null",50,"3","Sinker",2,2,2,2,2,2,2,2,"Standard","Standard"
"SL","2018-08-05","82.5","2.1393","5.9453","Andrew Chafin",593700,605177,"null","ball",,,,,"13","null","R","R","L","ARI","SF","B","null","null",0,1,2018,"0.0272","0.0243","-0.0372","0.2755","null","null","null",0,7,"Top","null","null",,,571974,,"180805_222249","-4.9696","-119.9383","-6.3788","1.2200","23.1908","-30.9420","3.4550","1.5463","null","null","null","81.9960","2401","6.0040",531091,605177,571974,502671,606466,500871,605113,444482,445055,519306,"54.4982","null","null","null","null","null","null","null",50,"2","Slider",2,2,2,2,2,2,2,2,"Standard","Standard"
"FF","2018-08-05","97.4","-1.3504","5.4364","Reyes Moronta",606466,606625,"null","ball",,,,,"11","null","R","L","R","ARI","SF","B","null","null",1,2,2018,"-0.4224","1.4244","-1.2069","3.2078","null","null","502671.00",2,6,"Bot","null","null",,,460026,,"180805_221903","1.3508","-141.9399","-3.7595","-6.0006","31.2781","-12.3278","3.6664","1.8161","null","null","null","97.6080","2590","6.2450",531091,606625,460026,457763,605412,446334,593700,596103,491676,457705,"54.2567","null","null","null","null","null","null","null",49,"4","4-Seam Fastball",2,2,2,2,2,2,2,2,"Standard","Standard"
"FF","2018-08-05","96.2","-1.3037","5.2881","Reyes Moronta",606466,606625,"null","called_strike",,,,,"8","null","R","L","R","ARI","SF","S","null","null",1,1,2018,"-0.4661","1.3968","-0.2439","1.9171","null","null","502671.00",2,6,"Bot","null","null",,,460026,,"180805_221837","3.8672","-140.0334","-6.5341","-6.9857","30.9286","-12.5676","3.5456","1.6662","null","null","null","96.3530","2548","6.3120",531091,606625,460026,457763,605412,446334,593700,596103,491676,457705,"54.1904","null","null","null","null","null","null","null",49,"3","4-Seam Fastball",2,2,2,2,2,2,2,2,"Standard","Standard"
"FF","2018-08-05","97.0","-1.3754","5.2460","Reyes Moronta",606466,606625,"null","called_strike",,,,,"4","null","R","L","R","ARI","SF","S","null","null",1,0,2018,"-0.1823","1.2717","-0.5676","2.6483","null","null","502671.00",2,6,"Bot","null","null",,,460026,,"180805_221817","2.5824","-141.3529","-4.3732","-3.0036","30.0129","-14.3148","3.5261","1.6362","null","null","null","97.5170","2562","6.3520",531091,606625,460026,457763,605412,446334,593700,596103,491676,457705,"54.1496","null","null","null","null","null","null","null",49,"2","4-Seam Fastball",2,2,2,2,2,2,2,2,"Standard","Standard"
"SL","2018-08-05","83.3","-1.6874","5.0645","Reyes Moronta",606466,606625,"null","ball",,,,,"14","null","R","L","R","ARI","SF","B","null","null",0,0,2018,"1.2744","0.0770","0.3154","1.2384","null","null","502671.00",2,6,"Bot","null","null",,,460026,,"180805_221740","2.1377","-121.3017","-2.4946","11.9222","22.9350","-31.1981","3.4852","1.6662","null","null","null","82.5840","null","5.6980",531091,606625,460026,457763,605412,446334,593700,596103,491676,457705,"54.8042","null","null","null","null","null","null","null",49,"1","Slider",2,2,2,2,2,2,2,2,"Standard","Standard"
"FF","2018-08-05","96.4","-1.3400","5.3450","Reyes Moronta",519306,606625,"null","ball",,,,,"11","null","R","R","R","ARI","SF","B","null","null",0,0,2018,"-0.2123","1.3303","-1.9196","4.1037","null","null","502671.00",1,6,"Bot","null","null",,,460026,,"180805_221625","-1.0608","-140.4412","-0.7824","-2.5906","28.9710","-14.6144","3.6362","1.6661","null","null","null","96.6450","2513","6.1680",531091,606625,460026,457763,605412,446334,593700,596103,491676,457705,"54.3340","null","null","null","null","null","null","null",48,"1","4-Seam Fastball",2,2,2,2,2,2,2,2,"Standard","Standard"
"SL","2018-08-05","83.7","-1.5683","5.0084","Reyes Moronta",502671,606625,"walk","ball",,,,,"14","Paul Goldschmidt walks.  ","R","R","R","ARI","SF","B","null","null",3,2,2018,"1.3410","0.2509","1.0348","1.6171","null","null","null",1,6,"Bot","null","null",,,460026,,"180805_221544","3.3852","-121.7903","-1.8809","12.4257","23.7770","-29.6009","3.3645","1.5163","null","null","null","82.9480","2706","5.7800",531091,606625,460026,457763,605412,446334,593700,596103,491676,457705,"54.7218","null","null","0.70",1,0,0,"null",47,"6","Slider",2,2,2,2,2,2,2,2,"Standard","Standard"
"SL","2018-08-05","83.4","-1.5663","4.9986","Reyes Moronta",502671,606625,"null","ball",,,,,"14","null","R","R","R","ARI","SF","B","null","null",2,2,2018,"1.3565","0.1522","0.8253","0.3272","null","null","null",1,6,"Bot","null","null",,,460026,,"180805_221523","2.8571","-121.3181","-4.5184","12.5129","24.9392","-30.0292","3.3947","1.5763","null","null","null","82.5020","null","5.8250",531091,606625,460026,457763,605412,446334,593700,596103,491676,457705,"54.6772","null","null","null","null","null","null","null",47,"5","Slider",2,2,2,2,2,2,2,2,"Standard","Standard"
"FF","2018-08-05","96.9","-1.2352","5.4245","Reyes Moronta",502671,606625,"null","ball",,,,,"13","null","R","R","R","ARI","SF","B","null","null",1,2,2018,"-0.3259","1.3625","-1.7052","2.4379","null","null","null",1,6,"Bot","null","null",,,460026,,"180805_221504","-0.5158","-140.9610","-5.4934","-4.1906","32.1525","-13.1390","3.3947","1.5463","null","null","null","96.5590","2460","6.1210",531091,606625,460026,457763,605412,446334,593700,596103,491676,457705,"54.3806","null","null","null","null","null","null","null",47,"4","4-Seam Fastball",2,2,2,2,2,2,2,2,"Standard","Standard"
"FF","2018-08-05","96.4","-1.3127","5.4559","Reyes Moronta",502671,606625,"null","ball",,,,,"13","null","R","R","R","ARI","SF","B","null","null",0,1,2018,"-0.2268","1.4533","-1.1802","1.9449","null","null","null",1,6,"Bot","null","null",,,460026,,"180805_221425","0.8618","-140.2347","-7.0205","-3.1699","31.5201","-11.7499","3.5154","1.6062","null","null","null","96.2110","2645","6.1860",531091,606625,460026,457763,605412,446334,593700,596103,491676,457705,"54.3157","null","null","null","null","null","null","null",47,"2","4-Seam Fastball",2,2,2,2,2,2,2,2,"Standard","Standard"
"SL","2018-08-05","85.1","-1.7194","5.1636","Reyes Moronta",502671,606625,"null","called_strike",,,,,"9","null","R","R","R","ARI","SF","S","null","null",0,0,2018,"1.1377","0.4030","0.3559","1.9759","null","null","null",1,6,"Bot","null","null",,,460026,,"180805_221411","2.6194","-123.8100","-1.9300","10.8519","24.5648","-28.0189","3.3645","1.5463","null","null","null","83.9290","2673","5.5180",531091,606625,460026,457763,605412,446334,593700,596103,491676,457705,"54.9841","null","null","null","null","null","null","null",47,"1","Slider",2,2,2,2,2,2,2,2,"Standard","Standard"
"SL","2018-08-05","82.1","3.0999","5.9904","Derek Holland",500871,502706,"null","ball",,,,,"13","null","R","R","L","ARI","SF","B","null","null",2,2,2018,"0.1891","0.4169","-1.3777","0.6683","null","null","null",0,6,"Bot","null","null",,,460026,,"180805_220922","-10.3260","-118.7934","-6.0403","3.9746","25.7491","-27.3145","3.1233","1.3666","null","null","null","80.4150","2275","5.7520",531091,502706,460026,457763,605412,446334,593700,596103,491676,457705,"54.7497","null","null","null","null","null","null","null",46,"7","Slider",2,2,2,2,2,2,2,2,"Standard","Standard"
"CH","2018-08-05","80.5","3.0270","6.0171","Derek Holland",500871,502706,"null","ball",,,,,"14","null","R","R","L","ARI","SF","B","null","null",1,1,2018,"1.0944","1.1901","1.1511","1.5490","null","null","null",0,6,"Bot","null","null",,,460026,,"180805_220755","-6.1029","-116.9750","-5.3690","10.9532","21.6744","-20.7432","3.0931","1.2768","null","null","null","79.5450","2066","5.6680",531091,502706,460026,457763,605412,446334,593700,596103,491676,457705,"54.8345","null","null","null","null","null","null","null",46,"3","Changeup",2,2,2,2,2,2,2,2,"Standard","Standard"
"SI","2018-08-05","88.7","2.8389","6.1288","Derek Holland",500871,502706,"null","ball",,,,,"11","null","R","R","L","ARI","SF","B","null","null",0,0,2018,"1.1432","1.3611","-1.0086","2.6699","null","null","null",0,6,"Bot","null","null",,,460026,,"180805_220721","-11.7475","-128.5427","-5.1363","15.1727","28.2382","-16.2846","3.1835","1.3965","null","null","null","88.1390","2396","6.3040",531091,502706,460026,457763,605412,446334,593700,596103,491676,457705,"54.1983","null","null","null","null","null","null","null",46,"1","Sinker",2,2,2,2,2,2,2,2,"Standard","Standard"
"FF","2018-08-05","93.5","-2.2758","5.9359","Yoshihisa Hirano",491676,673633,"strikeout","called_strike",,,,,"14","Gorkys Hernandez called out on strikes.  ","R","R","R","ARI","SF","S",2,"null",3,2,2018,"-0.7757","1.3893","0.9144","1.6304","596103.00","null","null",2,6,"Top","null","null",,,571974,,"180805_220446","9.9181","-135.6722","-8.3838","-11.7117","28.8190","-13.3984","3.3645","1.5763","null","null","null","93.4840","2301","6.3730",531091,673633,571974,502671,606466,500871,605113,444482,445055,519306,"54.1287","null","null","0.00",1,0,0,"null",45,"9","4-Seam Fastball",2,2,2,2,2,2,2,2,"Standard","Standard"
"FS","2018-08-05","84.3","-2.2592","6.0080","Yoshihisa Hirano",491676,673633,"null","ball",,,,,"14","null","R","R","R","ARI","SF","B","null","null",1,2,2018,"-0.7185","0.2066","0.8044","1.0206","596103.00","null","null",2,6,"Top","null","null",,,571974,,"180805_220228","8.4049","-122.3491","-5.5625","-8.6458","22.4464","-29.3387","3.3343","1.5463","null","null","null","83.5100","1126","5.7580",531091,673633,571974,502671,606466,500871,605113,444482,445055,519306,"54.7438","null","null","null","null","null","null","null",45,"5","Split Finger",2,2,2,2,2,2,2,2,"Standard","Standard"
"FS","2018-08-05","81.8","-2.3262","6.0328","Yoshihisa Hirano",491676,673633,"null","ball",,,,,"14","null","R","R","R","ARI","SF","B","null","null",0,1,2018,"-0.6798","0.1386","1.6155","-0.4541","null","596103.00","null",2,6,"Top","null","null",,,571974,,"180805_220044","10.0090","-118.4727","-8.2037","-8.0234","20.2757","-29.7043","3.3645","1.5163","null","null","null","80.9260","1093","5.7250",531091,673633,571974,502671,606466,500871,605113,444482,445055,519306,"54.7771","null","null","null","null","null","null","null",45,"2","Split Finger",2,2,2,2,2,2,2,2,"Standard","Standard"
"FS","2018-08-05","81.9","-2.3427","6.0010","Yoshihisa Hirano",605412,673633,"null","ball",,,,,"11","null","R","L","R","ARI","SF","B","null","null",0,0,2018,"-0.5947","-0.0727","-1.2586","2.4451","null","null","596103.00",1,6,"Top","null","null",,,571974,,"180805_215855","3.5261","-119.2436","-1.3761","-6.2012","21.3183","-32.8405","3.2461","1.4265","null","null","null","81.2830","879","5.6840",531091,673633,571974,502671,606466,500871,605113,444482,445055,519306,"54.8176","null","null","null","null","null","null","null",44,"1","Split Finger",2,2,2,2,2,2,2,2,"Standard","Standard"
"CU","2018-08-05","84.2","2.2035","5.9143","Robbie Ray",596103,592662,"null","ball",,,,,"13","null","R","R","L","ARI","SF","B","null","null",1,2,2018,"0.0937","-0.2800","-0.3796","-1.0599","null","null","null",1,6,"Top","null","null",,,571974,,"180805_215448","-6.1108","-122.0988","-9.0399","2.2690","27.0818","-33.1672","3.3645","1.4864","null","null","null","82.8800","1968","5.8950",531091,592662,571974,502671,606466,500871,605113,444482,445055,519306,"54.6066","null","null","null","null","null","null","null",43,"4","Curveball",2,2,2,2,2,2,2,2,"Standard","Standard"
"FF","2018-08-05","94.9","2.2712","5.8525","Robbie Ray",596103,592662,"null","ball",,,,,"1","null","R","R","L","ARI","SF","B","null","null",0,2,2018,"0.7465","1.4964","-0.6661","3.0434","null","null","null",1,6,"Top","null","null",,,571974,,"180805_215422","-9.2902","-137.8026","-4.9425","11.5370","31.4837","-12.4035","3.4631","1.5763","null","null","null","94.3130","2290","6.1290",531091,592662,571974,502671,606466,500871,605113,444482,445055,519306,"54.3730","null","null","null","null","null","null","null",43,"3","4-Seam Fastball",2,2,2,2,2,2,2,2,"Standard","Standard"
"FF","2018-08-05","92.7","1.9790","6.2811","Robbie Ray",460026,592662,"null","ball",,,,,"12","null","R","R","L","ARI","SF","B","null","null",0,1,2018,"0.5463","1.5044","0.0889","3.8402","null","446334.00","null",0,6,"Top","null","null",,,571974,,"180805_215206","-6.0093","-134.8582","-3.7072","7.9424","29.2457","-13.3078","3.3343","1.5163","null","null","null","92.5950","2200","6.2370",531091,592662,571974,502671,606466,500871,605113,444482,445055,519306,"54.2647","null","null","null","null","null","null","null",42,"2","4-Seam Fastball",2,1,1,2,1,2,1,2,"Standard","Standard"
"CU","2018-08-05","80.2","2.4574","6.1345","Robbie Ray",446334,592662,"null","called_strike",,,,,"9","null","R","R","L","ARI","SF","S","null","null",1,0,2018,"0.0814","-0.3746","0.7431","2.0047","null","null","null",0,6,"Top","null","null",,,571974,,"180805_214947","-3.8880","-116.5899","-1.7172","1.4528","21.8417","-35.4371","3.6362","1.7161","null","null","null","79.2120","1623","5.6490",531091,592662,571974,502671,606466,500871,605113,444482,445055,519306,"54.8531","null","null","null","null","null","null","null",41,"2","Curveball",2,1,1,2,1,2,1,2,"Infield shift","Standard"
"SL","2018-08-05","84.4","2.1661","6.1947","Robbie Ray",446334,592662,"null","ball",,,,,"13","null","R","R","L","ARI","SF","B","null","null",0,0,2018,"-0.1090","0.6702","-1.1868","0.3441","null","null","null",0,6,"Top","null","null",,,571974,,"180805_214922","-7.5256","-122.4997","-8.4651","0.3968","24.1037","-24.0739","3.7461","1.7262","null","null","null","83.7580","1776","6.0020",531091,592662,571974,502671,606466,500871,605113,444482,445055,519306,"54.4996","null","null","null","null","null","null","null",41,"1","Slider",2,1,1,2,1,2,1,2,"Infield shift","Standard"
"SI","2018-08-05","93.2","2.7880","5.9633","Derek Holland",444482,502706,"strikeout","called_strike",,,,,"4","David Peralta called out on strikes.  ","R","L","L","ARI","SF","S",2,"null",3,2,2018,"1.1593","1.3330","-0.4567","2.3696","null","null","null",2,5,"Bot","null","null",,,460026,,"180805_214701","-10.9343","-135.2887","-6.4305","16.6755","28.2606","-14.4766","3.5456","1.6362","null","null","null","93.6240","2532","6.5810",531091,502706,460026,457763,488818,446334,593700,596103,491676,457705,"53.9215","null","null","0.00",1,0,0,"null",40,"8","Sinker",2,1,2,1,1,2,2,1,"Standard","Standard"
"SI","2018-08-05","93.3","2.7576","6.0211","Derek Holland",444482,502706,"null","ball",,,,,"12","null","R","L","L","ARI","SF","B","null","null",2,2,2018,"1.3465","0.8679","0.7175","3.7683","null","null","null",2,5,"Bot","null","null",,,460026,,"180805_214615","-8.1421","-135.6950","-1.9319","18.2463","28.6238","-21.3324","3.6060","1.7262","null","null","null","93.0640","2259","6.1000",531091,502706,460026,457763,488818,446334,593700,596103,491676,457705,"54.4023","null","null","null","null","null","null","null",40,"6","Sinker",2,1,2,1,1,2,2,1,"Standard","Standard"
"SL","2018-08-05","81.2","2.9811","6.0016","Derek Holland",444482,502706,"null","ball",,,,,"13","null","R","L","L","ARI","SF","B","null","null",1,2,2018,"0.0630","0.2170","-1.4733","1.6747","null","null","null",2,5,"Bot","null","null",,,460026,,"180805_214555","-9.8827","-117.7821","-3.4167","2.3062","20.6966","-29.8549","3.5758","1.6962","null","null","null","79.8660","2313","5.3810",531091,502706,460026,457763,488818,446334,593700,596103,491676,457705,"55.1212","null","null","null","null","null","null","null",40,"5","Slider",2,1,2,1,1,2,2,1,"Strategic","Standard"
"SI","2018-08-05","94.0","2.7268","5.9570","Derek Holland",444482,502706,"null","ball",,,,,"11","null","R","L","L","ARI","SF","B","null","null",0,2,2018,"1.0685","1.1512","-0.9731","3.0118","null","null","null",2,5,"Bot","null","null",,,460026,,"180805_214539","-11.8919","-136.3469","-4.4101","15.8557","29.4125","-17.1189","3.5456","1.7561","null","null","null","93.6860","2416","6.2410",531091,502706,460026,457763,488818,446334,593700,596103,491676,457705,"54.2607","null","null","null","null","null","null","null",40,"4","Sinker",2,1,2,1,1,2,2,1,"Standard","Standard"
"SI","2018-08-05","92.3","2.8437","6.0887","Derek Holland",592662,502706,"null","ball",,,,,"1","null","R","L","L","ARI","SF","B","null","null",1,2,2018,"1.1465","1.2871","-0.6801","3.5505","null","null","null",1,5,"Bot","null","null",,,460026,,"180805_214340","-11.3832","-133.9001","-3.3759","16.1395","28.3985","-16.2679","3.5255","1.7523","null","null","null","91.9060","2464","6.1850",531091,502706,460026,457763,488818,446334,593700,596103,491676,457705,"54.3175","null","null","null","null","null","null","null",39,"5","Sinker",2,1,2,1,1,2,2,1,"Strategic","Standard"
"SI","2018-08-05","91.8","2.7398","6.0541","Derek Holland",592662,502706,"null","called_strike",,,,,"4","null","R","L","L","ARI","SF","S","null","null",1,1,2018,"1.1550","1.3920","-0.4545","2.9700","null","null","null",1,5,"Bot","null","null",,,460026,,"180805_214300","-10.3980","-133.0435","-4.7916","15.7156","28.9483","-15.1627","3.6362","1.6662","null","null","null","90.6170","2417","5.8290",531091,502706,460026,457763,488818,446334,593700,596103,491676,457705,"54.6730","null","null","null","null","null","null","null",39,"3","Sinker",2,1,2,1,1,2,2,1,"Standard","Standard"
"SL","2018-08-05","79.3","2.8943","6.1039","Derek Holland",592662,502706,"null","ball",,,,,"13","null","R","L","L","ARI","SF","B","null","null",0,1,2018,"-0.0262","0.2904","-1.7776","1.9021","null","null","null",1,5,"Bot","null","null",,,460026,,"180805_214244","-9.9210","-114.9224","-2.8287","1.5917","21.0212","-29.4494","3.5456","1.6362","null","null","null","77.5080","2147","5.2160",531091,502706,460026,457763,488818,446334,593700,596103,491676,457705,"55.2860","null","null","null","null","null","null","null",39,"2","Slider",2,1,2,1,1,2,2,1,"Standard","Standard"
"SI","2018-08-05","89.6","2.9466","6.1043","Derek Holland",592662,502706,"null","called_strike",,,,,"3","null","R","L","L","ARI","SF","S","null","null",0,0,2018,"1.0569","1.3625","0.3301","3.1622","null","null","null",1,5,"Bot","null","null",,,460026,,"180805_214231","-8.7203","-130.2457","-4.1544","13.9001","27.2840","-15.9482","3.7269","1.6962","null","null","null","89.7890","2366","6.4600",531091,502706,460026,457763,488818,446334,593700,596103,491676,457705,"54.0425","null","null","null","null","null","null","null",39,"1","Sinker",2,1,2,1,1,2,2,1,"Standard","Standard"
"FF","2018-08-05","94.0","2.5109","5.7399","Robbie Ray",457763,592662,"strikeout_double_play","called_strike",,,,,"7","Buster Posey called out on strikes and Andrew McCutchen caught stealing 2nd, catcher John Ryan Murphy to shortstop Nick Ahmed.  ","R","R","L","ARI","SF","S",2,"null",3,2,2018,"0.8696","1.5775","-0.3857","1.8817","null","null","457705.00",1,5,"Top","null","null",,,571974,,"180805_214858","-9.3544","-136.3952","-7.6744","12.7952","29.4237","-11.1908","3.2438","1.4564","null","null","null","93.5040","2250","6.1140",531091,592662,571974,502671,606466,500871,605113,444482,445055,519306,"54.3883","null","null","0.00",1,0,0,"null",37,"7","4-Seam Fastball",2,1,1,2,1,2,1,2,"Standard","Standard"
"FF","2018-08-05","92.4","1.7947","6.2226","Robbie Ray",457763,592662,"null","ball",,,,,"13","null","R","R","L","ARI","SF","B","null","null",2,2,2018,"0.6716","1.4589","-1.6130","2.2357","null","null","457705.00",1,5,"Top","null","null",,,571974,,"180805_214858","-10.0764","-134.0329","-7.4158","10.2287","29.1196","-13.3251","3.3343","1.4864","null","null","null","91.8910","2246","6.1720",531091,592662,571974,502671,606466,500871,605113,444482,445055,519306,"54.3296","null","null","null","null","null","null","null",37,"5","4-Seam Fastball",2,1,1,2,1,2,1,2,"Standard","Standard"
"FF","2018-08-05","94.8","2.4080","5.7594","Robbie Ray",457763,592662,"null","ball",,,,,"14","null","R","R","L","ARI","SF","B","null","null",1,2,2018,"0.8405","1.6001","0.1361","1.3748","null","null","457705.00",1,5,"Top","null","null",,,571974,,"180805_214858","-7.8107","-137.6325","-9.3513","12.3955","29.5956","-9.9696","3.3645","1.5163","null","null","null","94.8600","2260","6.3830",531091,592662,571974,502671,606466,500871,605113,444482,445055,519306,"54.1186","null","null","null","null","null","null","null",37,"4","4-Seam Fastball",2,1,1,2,1,2,1,2,"Standard","Standard"
"SL","2018-08-05","84.9","2.0761","6.1599","Robbie Ray",457763,592662,"null","ball",,,,,"11","null","R","R","L","ARI","SF","B","null","null",0,0,2018,"-0.1843","0.7259","-1.6288","3.1813","null","null","457705.00",1,5,"Top","null","null",,,571974,,"180805_214858","-8.2362","-123.2963","-1.9958","-0.1010","26.0925","-24.7387","3.2740","1.4864","null","null","null","83.9840","1830","5.9460",531091,592662,571974,502671,606466,500871,605113,444482,445055,519306,"54.5556","null","null","null","null","null","null","null",37,"1","Slider",2,1,1,2,1,2,1,2,"Standard","Standard"
"FF","2018-08-05","93.8","2.3531","5.9341","Robbie Ray",457705,592662,"walk","ball",,,,,"12","Andrew McCutchen walks.  ","R","R","L","ARI","SF","B","null","null",3,1,2018,"0.9274","1.4617","1.0951","4.6268","null","null","null",1,5,"Top","null","null",,,571974,,"180805_213505","-5.2328","-136.5042","-0.8293","12.5734","30.0960","-14.2297","3.4248","1.6561","null","null","null","93.1810","2211","5.9240",531091,592662,571974,502671,606466,500871,605113,444482,445055,519306,"54.5777","null","null","0.70",1,0,0,"null",36,"5","4-Seam Fastball",2,1,1,2,1,2,1,2,"Infield shift","Standard"
"FF","2018-08-05","94.2","2.2309","6.0781","Robbie Ray",457705,592662,"null","ball",,,,,"12","null","R","R","L","ARI","SF","B","null","null",2,1,2018,"0.9695","1.3635","0.7094","3.7752","null","null","null",1,5,"Top","null","null",,,571974,,"180805_213444","-6.0483","-137.0004","-3.2454","13.4207","30.4832","-14.7011","3.4248","1.6561","null","null","null","93.7250","2119","6.0580",531091,592662,571974,502671,606466,500871,605113,444482,445055,519306,"54.4437","null","null","null","null","null","null","null",36,"4","4-Seam Fastball",2,1,1,2,1,2,1,2,"Infield shift","Standard"
"FF","2018-08-05","93.8","2.1263","6.1039","Robbie Ray",457705,592662,"null","called_strike",,,,,"8","null","R","R","L","ARI","SF","S","null","null",2,0,2018,"0.9622","1.3912","0.0386","2.1973","null","null","null",1,5,"Top","null","null",,,571974,,"180805_213425","-7.4280","-136.1942","-7.3283","13.4237","29.2664","-13.7290","3.4550","1.6561","null","null","null","93.1110","2102","5.9570",531091,592662,571974,502671,606466,500871,605113,444482,445055,519306,"54.5453","null","null","null","null","null","null","null",36,"3","4-Seam Fastball",2,1,1,2,1,2,1,2,"Infield shift","Standard"
"CU","2018-08-05","80.9","2.4256","6.0196","Robbie Ray",457705,592662,"null","ball",,,,,"12","null","R","R","L","ARI","SF","B","null","null",1,0,2018,"-0.1041","-0.0555","0.5922","4.0298","null","null","null",1,5,"Top","null","null",,,571974,,"180805_213406","-3.8437","-117.6201","2.2482","-0.2503","21.2617","-33.3248","3.4248","1.5763","null","null","null","80.0210","1552","5.6280",531091,592662,571974,502671,606466,500871,605113,444482,445055,519306,"54.8736","null","null","null","null","null","null","null",36,"2","Curveball",2,1,1,2,1,2,1,2,"Infield shift","Standard"
"CU","2018-08-05","81.2","2.3880","6.1363","Robbie Ray",457705,592662,"null","ball",,,,,"11","null","R","R","L","ARI","SF","B","null","null",0,0,2018,"-0.1802","-0.3299","-0.2017","3.5701","null","null","null",1,5,"Top","null","null",,,571974,,"180805_213349","-5.3755","-118.1012","1.4140","-0.6812","21.1098","-35.6772","3.3042","1.5463","null","null","null","80.1480","1750","5.4570",531091,592662,571974,502671,606466,500871,605113,444482,445055,519306,"55.0455","null","null","null","null","null","null","null",36,"1","Curveball",2,1,1,2,1,2,1,2,"Infield shift","Standard"
"CU","2018-08-05","79.9","2.3035","6.1088","Robbie Ray",502706,592662,"null","ball",,,,,"13","null","R","R","L","ARI","SF","B","null","null",0,2,2018,"0.0803","-0.3655","-1.0496","1.8029","null","null","null",0,5,"Top","null","null",,,571974,,"180805_213239","-7.4087","-116.0463","-2.0744","2.0302","20.7151","-35.2683","3.4248","1.6362","null","null","null","78.7990","1806","5.5230",531091,592662,571974,502671,606466,500871,605113,444482,445055,519306,"54.9790","null","null","null","null","null","null","null",35,"3","Curveball",2,1,1,2,1,2,1,2,"Standard","Standard"
"FF","2018-08-05","89.5","2.3979","6.2008","Robbie Ray",502706,592662,"null","called_strike",,,,,"1","null","R","R","L","ARI","SF","S","null","null",0,0,2018,"0.6088","1.4625","-0.5227","3.2433","null","null","null",0,5,"Top","null","null",,,571974,,"180805_213203","-8.3305","-129.8470","-4.1876","8.5089","28.1082","-15.4170","3.5758","1.6962","null","null","null","88.1010","2167","5.6590",531091,592662,571974,502671,606466,500871,605113,444482,445055,519306,"54.8432","null","null","null","null","null","null","null",35,"1","4-Seam Fastball",2,1,1,2,1,2,1,2,"Standard","Standard"
"SI","2018-08-05","90.1","2.8586","6.0529","Derek Holland",445055,502706,"null","called_strike",,,,,"14","null","R","L","L","ARI","SF","S","null","null",0,0,2018,"1.5007","0.8649","0.9633","2.0670","502671.00","null","606466.00",2,4,"Bot","null","null",,,460026,,"180805_212921","-7.7540","-130.8403","-5.6678","18.5749","27.2818","-21.4558","3.5154","1.6962","null","null","null","89.2660","2286","5.8640",531091,502706,460026,457763,488818,446334,593700,596103,491676,457705,"54.6381","null","null","null","null","null","null","null",34,"1","Sinker",2,1,2,1,1,2,2,1,"Standard","Standard"
"SI","2018-08-05","92.2","2.9047","5.9908","Derek Holland",606466,502706,"null","called_strike",,,,,"5","null","R","R","L","ARI","SF","S","null","null",0,0,2018,"1.1168","1.3443","-0.1193","2.9293","null","500871.00","502671.00",1,4,"Bot","null","null",,,460026,,"180805_212514","-9.9893","-133.6689","-4.7191","15.4498","30.5939","-15.4969","3.5758","1.6362","null","null","null","91.1520","2438","6.0040",531091,502706,460026,457763,488818,446334,593700,596103,491676,457705,"54.4983","null","null","null","null","null","null","null",32,"1","Sinker",1,1,1,1,1,1,1,1,"Standard","Standard"
"SI","2018-08-05","92.8","2.9786","5.9849","Derek Holland",519306,502706,"null","called_strike",,,,,"7","null","R","R","L","ARI","SF","S","null","null",1,1,2018,"1.1119","1.2452","-0.3418","2.1580","null","500871.00","502671.00",0,4,"Bot","null","null",,,460026,,"180805_212356","-10.7929","-134.4893","-6.5797","15.6807","29.3077","-16.0459","3.6664","1.7262","null","null","null","91.9470","2379","6.0170",531091,502706,460026,457763,488818,446334,593700,596103,491676,457705,"54.4848","null","null","null","null","null","null","null",31,"3","Sinker",1,1,1,1,1,1,1,1,"Standard","Standard"
"SI","2018-08-05","92.2","2.8727","5.9333","Derek Holland",519306,502706,"null","called_strike",,,,,"5","null","R","R","L","ARI","SF","S","null","null",1,0,2018,"1.2763","0.8390","0.1824","2.6972","null","500871.00","502671.00",0,4,"Bot","null","null",,,460026,,"180805_212323","-9.5005","-133.8257","-4.1387","17.2048","28.8592","-21.5503","3.7571","1.7561","null","null","null","91.5160","2443","6.0180",531091,502706,460026,457763,488818,446334,593700,596103,491676,457705,"54.4836","null","null","null","null","null","null","null",31,"2","Sinker",1,1,1,1,1,1,1,1,"Standard","Standard"
"SI","2018-08-05","92.4","2.9119","6.0324","Derek Holland",519306,502706,"null","ball",,,,,"13","null","R","R","L","ARI","SF","B","null","null",0,0,2018,"0.8775","1.4765","-1.4856","2.6423","null","500871.00","502671.00",0,4,"Bot","null","null",,,460026,,"180805_212259","-12.9860","-133.7575","-5.8892","13.2870","29.3796","-13.5539","3.7269","1.7561","null","null","null","91.5800","2405","6.1280",531091,502706,460026,457763,488818,446334,593700,596103,491676,457705,"54.3737","null","null","null","null","null","null","null",31,"1","Sinker",1,1,1,1,1,1,1,1,"Standard","Standard"
"SI","2018-08-05","93.3","2.8792","5.9111","Derek Holland",502671,502706,"walk","ball",,,,,"12","Paul Goldschmidt walks.  ","R","R","L","ARI","SF","B","null","null",3,2,2018,"1.4613","0.7670","1.6752","3.2862","null","500871.00","null",0,4,"Bot","null","null",,,460026,,"180805_212153","-6.2110","-135.6674","-2.6102","19.1378","30.6218","-22.5197","3.4852","1.6062","null","null","null","92.5020","2363","5.9280",531091,502706,460026,457763,488818,446334,593700,596103,491676,457705,"54.5745","null","null","0.70",1,0,0,"null",30,"6","Sinker",1,1,1,1,1,1,1,1,"Standard","Standard"
"SI","2018-08-05","91.3","2.9486","6.0877","Derek Holland",502671,502706,"null","ball",,,,,"13","null","R","R","L","ARI","SF","B","null","null",2,1,2018,"1.0931","1.3664","-0.8511","2.4191","null","500871.00","null",0,4,"Bot","null","null",,,460026,,"180805_212051","-11.7729","-132.3584","-6.1898","15.0911","26.1955","-15.2125","3.4852","1.5763","null","null","null","90.7630","2404","6.0100",531091,502706,460026,457763,488818,446334,593700,596103,491676,457705,"54.4918","null","null","null","null","null","null","null",30,"4","Sinker",1,1,1,1,1,1,1,1,"Standard","Standard"
"KC","2018-08-05","78.1","2.9426","6.1877","Derek Holland",502671,502706,"null","called_strike",,,,,"14","null","R","R","L","ARI","SF","S","null","null",2,0,2018,"0.0036","0.0737","0.8414","1.5904","null","500871.00","null",0,4,"Bot","null","null",,,460026,,"180805_212014","-4.4669","-113.5229","-3.1226","0.8215","20.1045","-31.2428","3.5154","1.6561","null","null","null","77.1640","2168","5.6100",531091,502706,460026,457763,488818,446334,593700,596103,491676,457705,"54.8920","null","null","null","null","null","null","null",30,"3","Knuckle Curve",1,1,1,1,1,1,1,1,"Standard","Standard"
"SI","2018-08-05","91.9","2.9010","6.1109","Derek Holland",502671,502706,"null","ball",,,,,"11","null","R","R","L","ARI","SF","B","null","null",1,0,2018,"0.9335","1.2962","-0.7079","3.7114","null","500871.00","null",0,4,"Bot","null","null",,,460026,,"180805_211948","-10.9984","-133.3511","-2.9471","13.2379","27.4136","-16.5562","3.5154","1.6062","null","null","null","91.0680","2340","5.8460",531091,502706,460026,457763,488818,446334,593700,596103,491676,457705,"54.6558","null","null","null","null","null","null","null",30,"2","Sinker",1,1,1,1,1,1,1,1,"Standard","Standard"
"SI","2018-08-05","91.4","2.9700","6.1058","Derek Holland",502671,502706,"null","ball",,,,,"11","null","R","R","L","ARI","SF","B","null","null",0,0,2018,"0.8515","1.2416","-0.8729","2.9190","null","500871.00","null",0,4,"Bot","null","null",,,460026,,"180805_211926","-11.3182","-132.4964","-4.6843","12.1765","27.1657","-17.0765","3.5154","1.6362","null","null","null","90.3490","2389","5.7710",531091,502706,460026,457763,488818,446334,593700,596103,491676,457705,"54.7312","null","null","null","null","null","null","null",30,"1","Sinker",1,1,1,1,1,1,1,1,"Standard","Standard"
"SL","2018-08-05","82.0","3.0904","5.9697","Derek Holland",500871,502706,"null","ball",,,,,"13","null","R","R","L","ARI","SF","B","null","null",1,2,2018,"0.0893","0.4506","-1.3132","1.2083","null","null","null",0,4,"Bot","null","null",,,460026,,"180805_211753","-10.0234","-118.9298","-4.9856","2.7388","22.5739","-27.2429","3.1233","1.3965","null","null","null","81.2520","2246","5.9440",531091,502706,460026,457763,488818,446334,593700,596103,491676,457705,"54.5580","null","null","null","null","null","null","null",29,"4","Slider",1,1,1,1,1,1,1,1,"Standard","Standard"
"SI","2018-08-05","89.9","2.9383","6.1107","Derek Holland",500871,502706,"null","ball",,,,,"12","null","R","R","L","ARI","SF","B","null","null",0,0,2018,"1.2087","1.2816","0.8257","3.9866","null","null","null",0,4,"Bot","null","null",,,460026,,"180805_211704","-7.7651","-130.7519","-1.9802","15.4270","27.4755","-17.3516","3.1233","1.3666","null","null","null","89.7350","2264","6.2110",531091,502706,460026,457763,488818,446334,593700,596103,491676,457705,"54.2914","null","null","null","null","null","null","null",29,"1","Sinker",1,1,1,1,1,1,1,1,"Standard","Standard"
"FF","2018-08-05","92.7","2.3347","5.8501","Robbie Ray",593700,592662,"strikeout","called_strike",,,,,"7","Alen Hanson called out on strikes.  ","R","R","L","ARI","SF","S",2,"null",2,2,2018,"0.7200","1.2700","-0.6340","1.8428","null","null","null",2,4,"Top","null","null",,,571974,,"180805_211436","-9.1125","-134.5989","-7.1660","10.6394","28.2935","-15.4945","3.3042","1.5163","null","null","null","92.4660","2192","6.2020",531091,592662,571974,502671,606466,500871,605113,444482,445055,519306,"54.3003","null","null","0.00",1,0,0,"null",28,"5","4-Seam Fastball",1,1,1,1,1,1,1,1,"Standard","Standard"
"CU","2018-08-05","83.2","2.4602","5.9823","Robbie Ray",593700,592662,"null","ball",,,,,"13","null","R","R","L","ARI","SF","B","null","null",1,2,2018,"-0.2165","-0.4175","-0.1754","0.8936","null","null","null",2,4,"Top","null","null",,,571974,,"180805_211417","-5.5558","-120.8880","-4.3611","-1.0182","23.0098","-35.5908","3.3042","1.5463","null","null","null","82.2110","1724","5.6580",531091,592662,571974,502671,606466,500871,605113,444482,445055,519306,"54.8442","null","null","null","null","null","null","null",28,"4","Curveball",1,1,1,1,1,1,1,1,"Standard","Standard"
"CU","2018-08-05","83.9","2.0898","5.9724","Robbie Ray",593700,592662,"null","ball",,,,,"13","null","R","R","L","ARI","SF","B","null","null",0,2,2018,"-0.2217","-0.3380","-0.9774","-0.3532","null","null","null",2,4,"Top","null","null",,,571974,,"180805_211354","-6.5650","-121.7777","-7.4357","-0.8584","23.9413","-34.2424","3.3343","1.4564","null","null","null","82.6590","2132","5.6070",531091,592662,571974,502671,606466,500871,605113,444482,445055,519306,"54.8949","null","null","null","null","null","null","null",28,"3","Curveball",1,1,1,1,1,1,1,1,"Standard","Standard"
"FF","2018-08-05","94.4","2.3581","5.9647","Robbie Ray",593700,592662,"null","called_strike",,,,,"8","null","R","R","L","ARI","SF","S","null","null",0,1,2018,"0.9488","1.4010","-0.0747","1.8984","null","null","null",2,4,"Top","null","null",,,571974,,"180805_211336","-8.3470","-137.0134","-7.8669","13.6675","30.8130","-13.2324","3.3947","1.5763","null","null","null","93.6090","2324","6.0090",531091,592662,571974,502671,606466,500871,605113,444482,445055,519306,"54.4935","null","null","null","null","null","null","null",28,"2","4-Seam Fastball",1,1,1,1,1,1,1,1,"Standard","Standard"
"FF","2018-08-05","94.1","2.3791","5.8166","Robbie Ray",488818,592662,"null","ball",,,,,"12","null","R","R","L","ARI","SF","B","null","null",1,2,2018,"0.7998","1.4953","2.2150","2.4837","null","null","null",0,4,"Top","null","null",,,571974,,"180805_211051","-2.2146","-136.9701","-6.3054","10.6041","29.4183","-12.0868","3.2438","1.6662","null","null","null","94.5480","2242","6.4750",531091,592662,571974,502671,606466,500871,605113,444482,445055,519306,"54.0268","null","null","null","null","null","null","null",26,"5","4-Seam Fastball",1,1,1,1,1,1,1,1,"Standard","Standard"
"SL","2018-08-05","83.4","1.9740","6.4013","Robbie Ray",488818,592662,"null","ball",,,,,"13","null","R","R","L","ARI","SF","B","null","null",0,1,2018,"-0.1990","0.4191","-1.1381","2.1576","null","null","null",0,4,"Top","null","null",,,571974,,"180805_210915","-6.7357","-121.2720","-4.1148","-0.6558","23.2676","-27.5069","3.4248","1.6062","null","null","null","83.0930","1902","6.0850",531091,592662,571974,502671,606466,500871,605113,444482,445055,519306,"54.4166","null","null","null","null","null","null","null",26,"2","Slider",1,1,1,1,1,1,1,1,"Standard","Standard"
"FF","2018-08-05","91.4","1.9574","6.2698","Robbie Ray",488818,592662,"null","called_strike",,,,,"13","null","R","R","L","ARI","SF","S","null","null",0,0,2018,"0.6382","1.6163","-0.8602","1.8793","null","null","null",0,4,"Top","null","null",,,571974,,"180805_210855","-8.3871","-132.5252","-8.4736","9.3201","30.4040","-11.7457","3.3947","1.5763","null","null","null","90.3860","2270","6.0390",531091,592662,571974,502671,606466,500871,605113,444482,445055,519306,"54.4632","null","null","null","null","null","null","null",26,"1","4-Seam Fastball",1,1,1,1,1,1,1,1,"Standard","Standard"
"SL","2018-08-05","80.4","3.1432","6.0762","Derek Holland",444482,502706,"null","called_strike",,,,,"2","null","R","L","L","ARI","SF","S","null","null",0,0,2018,"-0.1522","0.4328","0.0273","3.0152","null","null","null",2,3,"Bot","null","null",,,460026,,"180805_210547","-6.4988","-116.6908","-0.7973","-0.0059","23.8901","-28.4970","3.5261","1.6362","null","null","null","78.6290","2114","5.3930",531091,502706,460026,457763,488818,446334,593700,596103,491676,457705,"55.1086","null","null","null","null","null","null","null",25,"1","Slider",1,1,1,1,1,1,1,1,"Standard","Standard"
"SI","2018-08-05","93.3","2.8353","6.0736","Derek Holland",592662,502706,"null","ball",,,,,"13","null","R","L","L","ARI","SF","B","null","null",1,2,2018,"1.1612","1.3458","-1.1147","2.3264","null","null","null",1,3,"Bot","null","null",,,460026,,"180805_210457","-12.6351","-135.1301","-6.7418","16.9187","29.2148","-14.4924","3.7571","1.8161","null","null","null","92.8460","2444","6.2640",531091,502706,460026,457763,488818,446334,593700,596103,491676,457705,"54.2382","null","null","null","null","null","null","null",24,"4","Sinker",1,1,1,1,1,1,1,1,"Standard","Standard"
"SI","2018-08-05","90.6","2.9007","6.1763","Derek Holland",592662,502706,"null","called_strike",,,,,"9","null","R","L","L","ARI","SF","S","null","null",1,0,2018,"1.4132","0.9896","0.7445","2.1096","null","null","null",1,3,"Bot","null","null",,,460026,,"180805_210424","-8.2798","-131.5857","-6.2594","17.9081","26.5412","-19.7649","3.8478","1.8161","null","null","null","90.0300","2173","5.9380",531091,502706,460026,457763,488818,446334,593700,596103,491676,457705,"54.5644","null","null","null","null","null","null","null",24,"2","Sinker",1,1,1,1,1,1,1,1,"Standard","Standard"
"SI","2018-08-05","92.8","2.8430","6.1624","Derek Holland",592662,502706,"null","ball",,,,,"11","null","R","L","L","ARI","SF","B","null","null",0,0,2018,"1.1215","1.3960","-1.1491","3.0552","null","null","null",1,3,"Bot","null","null",,,460026,,"180805_210411","-12.5698","-134.5400","-5.1299","16.2173","28.5035","-14.4330","3.5061","1.6962","null","null","null","92.3440","2431","6.1710",531091,502706,460026,457763,488818,446334,593700,596103,491676,457705,"54.3307","null","null","null","null","null","null","null",24,"1","Sinker",1,1,1,1,1,1,1,1,"Standard","Standard"
"SI","2018-08-05","91.2","2.9640","6.1493","Derek Holland",571974,502706,"null","called_strike",,,,,"1","null","R","R","L","ARI","SF","S","null","null",1,1,2018,"1.1380","1.2876","-0.5492","3.1407","null","null","null",0,3,"Bot","null","null",,,460026,,"180805_210323","-11.2270","-132.2752","-4.3840","15.6918","27.7966","-16.3826","3.1534","1.4265","null","null","null","90.9230","2485","6.2720",531091,502706,460026,457763,488818,446334,593700,596103,491676,457705,"54.2304","null","null","null","null","null","null","null",23,"3","Sinker",1,1,1,1,1,1,1,1,"Infield shift","Standard"
"SI","2018-08-05","89.3","2.9891","6.1097","Derek Holland",571974,502706,"null","ball",,,,,"14","null","R","R","L","ARI","SF","B","null","null",0,0,2018,"1.5060","1.0118","1.1408","1.5815","null","null","null",0,3,"Bot","null","null",,,460026,,"180805_210255","-7.5897","-129.6608","-7.1346","18.3025","26.9453","-19.6911","3.1534","1.3965","null","null","null","88.4950","2304","5.8980",531091,502706,460026,457763,488818,446334,593700,596103,491676,457705,"54.6040","null","null","null","null","null","null","null",23,"1","Sinker",1,1,1,1,1,1,1,1,"Infield shift","Standard"
"SL","2018-08-05","84.8","2.0699","6.1354","Robbie Ray",596103,592662,"null","called_strike",,,,,"4","null","R","R","L","ARI","SF","S","null","null",1,0,2018,"0.3918","0.3979","-0.2964","2.3744","457763.00","446334.00","460026.00",2,3,"Top","null","null",,,571974,,"180805_205914","-6.3348","-123.3251","-3.2584","5.2665","24.3683","-27.6600","3.3645","1.4564","null","null","null","85.0470","1947","6.4700",531091,592662,571974,502671,606466,500871,605113,444482,445055,519306,"54.0319","null","null","null","null","null","null","null",22,"2","Slider",1,1,1,1,1,1,1,1,"Standard","Standard"
"FF","2018-08-05","92.3","1.9775","6.2296","Robbie Ray",596103,592662,"null","ball",,,,,"11","null","R","R","L","ARI","SF","B","null","null",0,0,2018,"0.4707","1.4138","-0.0330","3.8314","457763.00","446334.00","460026.00",2,3,"Top","null","null",,,571974,,"180805_205848","-6.2315","-134.4036","-3.4638","7.1514","28.9228","-14.1627","3.3645","1.5163","null","null","null","93.3720","2106","6.8720",531091,592662,571974,502671,606466,500871,605113,444482,445055,519306,"53.6303","null","null","null","null","null","null","null",22,"1","4-Seam Fastball",1,1,1,1,1,1,1,1,"Standard","Standard"
"FF","2018-08-05","94.2","2.0058","6.0710","Robbie Ray",460026,592662,"walk","ball",,,,,"11","Nick Hundley walks.   Evan Longoria to 2nd.  ","R","R","L","ARI","SF","B","null","null",3,1,2018,"0.4915","1.6724","-0.3928","3.8271","457763.00","null","446334.00",2,3,"Top","null","null",,,571974,,"180805_205731","-7.2912","-136.9173","-3.7784","7.7838","30.9311","-10.6683","3.3710","1.5350","null","null","null","93.8410","2206","6.1970",531091,592662,571974,502671,606466,500871,605113,444482,445055,519306,"54.3049","null","null","0.70",1,0,0,"null",21,"5","4-Seam Fastball",1,1,1,1,1,1,1,1,"Standard","Standard"
"FF","2018-08-05","93.2","2.3257","6.0539","Robbie Ray",460026,592662,"null","ball",,,,,"14","null","R","R","L","ARI","SF","B","null","null",2,0,2018,"0.7515","1.4499","1.1843","2.4010","457763.00","null","446334.00",2,3,"Top","null","null",,,571974,,"180805_205637","-4.5659","-135.6148","-6.7915","10.2164","28.8158","-13.1081","3.3343","1.4864","null","null","null","93.1730","2231","6.2140",531091,592662,571974,502671,606466,500871,605113,444482,445055,519306,"54.2876","null","null","null","null","null","null","null",21,"3","4-Seam Fastball",1,1,1,1,1,1,1,1,"Standard","Standard"
"SL","2018-08-05","86.8","2.1240","6.2011","Robbie Ray",460026,592662,"null","ball",,,,,"13","null","R","R","L","ARI","SF","B","null","null",0,0,2018,"-0.2533","0.5165","-1.5624","1.8409","457763.00","null","446334.00",2,3,"Top","null","null",,,571974,,"180805_205539","-8.2891","-126.2035","-5.3151","-1.1393","23.8999","-25.8486","3.3042","1.5163","null","null","null","86.8870","2024","6.2370",531091,592662,571974,502671,606466,500871,605113,444482,445055,519306,"54.2651","null","null","null","null","null","null","null",21,"1","Slider",1,1,1,1,1,1,1,1,"Standard","Standard"
"SL","2018-08-05","85.3","2.0509","6.0058","Robbie Ray",446334,592662,"null","ball",,,,,"13","null","R","R","L","ARI","SF","B","null","null",1,2,2018,"-0.2311","0.5317","-1.8693","2.7149","null","457705.00","457763.00",2,3,"Top","null","null",,,571974,,"180805_205418","-8.7229","-124.0446","-2.5407","-0.8116","22.3490","-26.4379","3.6664","1.7861","null","null","null","85.3160","1890","6.1160",531091,592662,571974,502671,606466,500871,605113,444482,445055,519306,"54.3858","null","null","null","null","null","null","null",20,"4","Slider",1,0,0,1,0,1,0,1,"Infield shift","Standard"
"SL","2018-08-05","86.1","1.9829","6.1249","Robbie Ray",446334,592662,"null","ball",,,,,"13","null","R","R","L","ARI","SF","B","null","null",0,2,2018,"0.0130","0.5868","-1.5540","2.1217","null","457705.00","457763.00",2,3,"Top","null","null",,,571974,,"180805_205353","-8.4417","-125.2297","-4.5167","1.6753","22.7949","-25.3018","3.6967","1.7561","null","null","null","86.6530","1854","6.4500",531091,592662,571974,502671,606466,500871,605113,444482,445055,519306,"54.0521","null","null","null","null","null","null","null",20,"3","Slider",1,0,0,1,0,1,0,1,"Infield shift","Standard"
"CU","2018-08-05","83.8","2.4567","5.9791","Robbie Ray",446334,592662,"null","called_strike",,,,,"6","null","R","R","L","ARI","SF","S","null","null",0,0,2018,"-0.0079","-0.2448","0.3049","2.9638","null","457705.00","457763.00",2,3,"Top","null","null",,,571974,,"180805_205257","-4.8666","-121.7728","-0.0886","0.8670","23.6039","-34.7760","3.6362","1.7161","null","null","null","82.4070","1732","5.4070",531091,592662,571974,502671,606466,500871,605113,444482,445055,519306,"55.0954","null","null","null","null","null","null","null",20,"1","Curveball",1,0,0,1,0,1,0,1,"Infield shift","Standard"
"FF","2018-08-05","94.7","2.0451","5.9544","Robbie Ray",457763,592662,"null","ball",,,,,"11","null","R","R","L","ARI","SF","B","null","null",2,2,2018,"0.7827","1.4648","-1.1241","2.4141","null","null","457705.00",2,3,"Top","null","null",,,571974,,"180805_205145","-9.9772","-137.4559","-6.7618","12.1211","31.0608","-12.4038","3.2438","1.5163","null","null","null","94.3030","2249","6.2430",531091,592662,571974,502671,606466,500871,605113,444482,445055,519306,"54.2590","null","null","null","null","null","null","null",19,"5","4-Seam Fastball",1,0,0,1,0,1,0,1,"Standard","Standard"
"FF","2018-08-05","94.5","2.2540","6.0005","Robbie Ray",457763,592662,"null","called_strike",,,,,"14","null","R","R","L","ARI","SF","S","null","null",2,1,2018,"0.8815","1.4654","0.8910","1.8316","null","null","457705.00",2,3,"Top","null","null",,,571974,,"180805_205052","-5.4587","-137.2136","-8.3274","12.2359","30.4361","-12.2283","3.3343","1.5763","null","null","null","93.9240","2295","6.0800",531091,592662,571974,502671,606466,500871,605113,444482,445055,519306,"54.4224","null","null","null","null","null","null","null",19,"4","4-Seam Fastball",1,0,0,1,0,1,0,1,"Standard","Standard"
"SL","2018-08-05","85.4","2.1568","6.0762","Robbie Ray",457763,592662,"null","ball",,,,,"13","null","R","R","L","ARI","SF","B","null","null",0,1,2018,"-0.2205","0.5780","-1.1484","1.0722","null","null","457705.00",2,3,"Top","null","null",,,571974,,"180805_204954","-7.3342","-124.0875","-6.6459","-0.8538","24.1689","-25.1074","3.3343","1.5163","null","null","null","85.4600","1947","6.3520",531091,592662,571974,502671,606466,500871,605113,444482,445055,519306,"54.1498","null","null","null","null","null","null","null",19,"2","Slider",1,0,0,1,0,1,0,1,"Standard","Standard"
"FF","2018-08-05","95.2","2.4801","5.9552","Robbie Ray",457763,592662,"null","called_strike",,,,,"12","null","R","R","L","ARI","SF","S","null","null",0,0,2018,"0.9475","1.3326","0.4801","3.3196","null","null","457705.00",2,3,"Top","null","null",,,571974,,"180805_204934","-7.3066","-138.3465","-4.1845","13.6777","31.2684","-14.5461","3.1534","1.4564","null","null","null","94.6130","2310","6.0530",531091,592662,571974,502671,606466,500871,605113,444482,445055,519306,"54.4491","null","null","null","null","null","null","null",19,"1","4-Seam Fastball",1,0,0,1,0,1,0,1,"Standard","Standard"
"FF","2018-08-05","94.3","1.9862","6.1341","Robbie Ray",502706,592662,"null","called_strike",,,,,"13","null","R","R","L","ARI","SF","S","null","null",0,1,2018,"0.7098","1.3585","-0.8641","1.9872","null","null","null",1,3,"Top","null","null",,,571974,,"180805_204753","-8.9740","-136.7879","-8.0316","10.9521","31.4801","-13.5398","3.4631","1.5463","null","null","null","93.9820","2314","6.3780",531091,592662,571974,502671,606466,500871,605113,444482,445055,519306,"54.1239","null","null","null","null","null","null","null",17,"2","4-Seam Fastball",1,0,0,1,0,1,0,1,"Standard","Standard"
"FF","2018-08-05","93.5","2.4690","5.9422","Robbie Ray",502706,592662,"null","called_strike",,,,,"9","null","R","R","L","ARI","SF","S","null","null",0,0,2018,"0.7971","1.3264","0.6236","2.1538","null","null","null",1,3,"Top","null","null",,,571974,,"180805_204738","-6.5160","-135.8686","-6.9144","11.3246","30.5516","-14.4321","3.4550","1.5763","null","null","null","93.4190","2297","6.3800",531091,592662,571974,502671,606466,500871,605113,444482,445055,519306,"54.1221","null","null","null","null","null","null","null",17,"1","4-Seam Fastball",1,0,0,1,0,1,0,1,"Standard","Standard"
"SL","2018-08-05","82.3","3.1708","6.0533","Derek Holland",445055,502706,"null","ball",,,,,"13","null","R","L","L","ARI","SF","B","null","null",0,0,2018,"0.3534","0.0722","-1.2195","0.7610","null","null","null",2,2,"Bot","null","null",,,460026,,"180805_204313","-10.4298","-119.1881","-5.4589","5.2824","22.9182","-30.7105","3.6362","1.6962","null","null","null","80.8430","2190","5.5660",531091,502706,460026,457763,488818,446334,593700,596103,491676,457705,"54.9365","null","null","null","null","null","null","null",15,"1","Slider",1,0,1,0,0,1,1,0,"Standard","Standard"
"SL","2018-08-05","81.9","3.1571","5.9896","Derek Holland",605113,502706,"null","ball",,,,,"13","null","R","R","L","ARI","SF","B","null","null",2,2,2018,"-0.0654","0.6606","-0.9300","1.6121","null","null","null",1,2,"Bot","null","null",,,460026,,"180805_204218","-8.9891","-118.8423","-4.4878","1.0999","22.5727","-25.4257","3.6060","1.7561","null","null","null","80.9390","2309","5.7730",531091,502706,460026,457763,488818,446334,593700,596103,491676,457705,"54.7291","null","null","null","null","null","null","null",14,"5","Slider",1,0,1,0,0,1,1,0,"Standard","Standard"
"SI","2018-08-05","92.0","2.8291","6.0840","Derek Holland",605113,502706,"null","ball",,,,,"1","null","R","R","L","ARI","SF","B","null","null",1,1,2018,"0.9252","1.4901","-0.7190","3.2219","null","null","null",1,2,"Bot","null","null",,,460026,,"180805_204138","-10.9201","-133.4784","-4.5585","13.3301","28.8718","-13.7507","3.6362","1.7561","null","null","null","91.4430","2496","6.1310",531091,502706,460026,457763,488818,446334,593700,596103,491676,457705,"54.3711","null","null","null","null","null","null","null",14,"3","Sinker",1,0,1,0,0,1,1,0,"Standard","Standard"
"SI","2018-08-05","91.6","2.9730","6.1294","Derek Holland",605113,502706,"null","ball",,,,,"1","null","R","R","L","ARI","SF","B","null","null",0,1,2018,"1.0307","1.4035","-0.6066","3.5916","null","null","null",1,2,"Bot","null","null",,,460026,,"180805_204121","-11.1786","-132.8292","-3.4870","14.5161","28.5593","-15.1560","3.6362","1.7861","null","null","null","91.0490","2549","6.1590",531091,502706,460026,457763,488818,446334,593700,596103,491676,457705,"54.3426","null","null","null","null","null","null","null",14,"2","Sinker",1,0,1,0,0,1,1,0,"Standard","Standard"
"SI","2018-08-05","92.1","2.8966","6.0304","Derek Holland",606466,502706,"null","called_strike",,,,,"13","null","R","R","L","ARI","SF","S","null","null",0,1,2018,"0.8408","1.4203","-0.9692","2.2523","null","null","null",0,2,"Bot","null","null",,,460026,,"180805_204007","-11.6375","-133.5349","-6.8096","12.5763","28.4152","-13.8719","3.5758","1.6662","null","null","null","92.0770","2416","6.4510",531091,502706,460026,457763,488818,446334,593700,596103,491676,457705,"54.0506","null","null","null","null","null","null","null",13,"2","Sinker",1,0,1,0,0,1,1,0,"Standard","Standard"
"KC","2018-08-05","78.4","2.9982","6.1170","Derek Holland",519306,502706,"null","called_strike",,,,,"2","null","R","R","L","ARI","SF","S","null","null",1,0,2018,"-0.3214","-0.0736","-0.0531","3.2588","null","null","null",0,2,"Bot","null","null",,,460026,,"180805_203849","-5.9176","-113.7742","0.9095","-1.4599","23.6275","-33.2676","3.6362","1.7561","null","null","null","76.7490","2150","5.5570",531091,502706,460026,457763,488818,446334,593700,596103,491676,457705,"54.9450","null","null","null","null","null","null","null",12,"2","Knuckle Curve",0,0,0,0,0,0,0,0,"Standard","Standard"
"SI","2018-08-05","90.2","2.8914","6.0999","Derek Holland",519306,502706,"null","ball",,,,,"2","null","R","R","L","ARI","SF","B","null","null",0,0,2018,"0.8979","1.3544","-0.0616","3.7730","null","null","null",0,2,"Bot","null","null",,,460026,,"180805_203835","-9.2285","-131.0312","-2.6686","12.2811","28.0326","-16.2767","3.7061","1.6962","null","null","null","89.9910","2407","6.2860",531091,502706,460026,457763,488818,446334,593700,596103,491676,457705,"54.2161","null","null","null","null","null","null","null",12,"1","Sinker",0,0,0,0,0,0,0,0,"Standard","Standard"
"CU","2018-08-05","85.3","2.2991","6.0512","Robbie Ray",491676,592662,"null","called_strike",,,,,"2","null","R","R","L","ARI","SF","S","null","null",0,0,2018,"-0.0778","-0.3301","-0.1549","2.7686","null","null","488818.00",1,2,"Top","null","null",,,571974,,"180805_203327","-5.5384","-124.0227","-0.7583","0.3369","25.0226","-35.5914","3.3042","1.4864","null","null","null","84.1100","1955","5.5760",531091,592662,571974,502671,606466,500871,605113,444482,445055,519306,"54.9257","null","null","null","null","null","null","null",10,"1","Curveball",0,0,0,0,0,0,0,0,"Standard","Standard"
"FF","2018-08-05","94.2","1.9708","6.0605","Robbie Ray",488818,592662,"null","called_strike",,,,,"7","null","R","R","L","ARI","SF","S","null","null",0,0,2018,"0.7724","1.3899","-0.2966","1.8774","null","null","null",1,2,"Top","null","null",,,571974,,"180805_203135","-7.6435","-136.8096","-8.2643","11.4782","30.7784","-12.9606","3.3343","1.5763","null","null","null","94.4340","2315","6.5800",531091,592662,571974,502671,606466,500871,605113,444482,445055,519306,"53.9218","null","null","null","null","null","null","null",9,"1","4-Seam Fastball",0,0,0,0,0,0,0,0,"Standard","Standard"
"FF","2018-08-05","95.0","2.2939","5.8955","Robbie Ray",596103,592662,"strikeout","called_strike",,,,,"8","Austin Slater called out on strikes.  ","R","R","L","ARI","SF","S",2,"null",3,2,2018,"0.8273","1.3254","0.0826","1.5939","null","null","null",0,2,"Top","null","null",,,571974,,"180805_203055","-7.5406","-137.8406","-8.4140","12.0784","30.9550","-13.8846","3.3947","1.5763","null","null","null","94.0840","2323","5.9380",531091,592662,571974,502671,606466,500871,605113,444482,445055,519306,"54.5639","null","null","0.00",1,0,0,"null",8,"7","4-Seam Fastball",0,0,0,0,0,0,0,0,"Standard","Standard"
"CU","2018-08-05","84.4","2.2319","5.9817","Robbie Ray",596103,592662,"null","ball",,,,,"13","null","R","R","L","ARI","SF","B","null","null",2,2,2018,"-0.1297","-0.1101","-0.4693","1.0977","null","null","null",0,2,"Top","null","null",,,571974,,"180805_203034","-5.9924","-122.5466","-4.6434","0.0594","27.4349","-32.4809","3.3645","1.5163","null","null","null","83.4600","1760","6.0950",531091,592662,571974,502671,606466,500871,605113,444482,445055,519306,"54.4071","null","null","null","null","null","null","null",8,"6","Curveball",0,0,0,0,0,0,0,0,"Standard","Standard"
"FF","2018-08-05","95.0","2.0329","6.0317","Robbie Ray",596103,592662,"null","ball",,,,,"11","null","R","R","L","ARI","SF","B","null","null",1,2,2018,"0.7883","1.3400","-0.7298","4.6854","null","null","null",0,2,"Top","null","null",,,571974,,"180805_202947","-8.9213","-137.9324","-0.7879","11.9949","31.9609","-15.3537","3.3947","1.6362","null","null","null","94.2360","2347","6.0630",531091,592662,571974,502671,606466,500871,605113,444482,445055,519306,"54.4395","null","null","null","null","null","null","null",8,"4","4-Seam Fastball",0,0,0,0,0,0,0,0,"Standard","Standard"
"FF","2018-08-05","93.8","2.2462","6.0121","Robbie Ray",596103,592662,"null","called_strike",,,,,"3","null","R","R","L","ARI","SF","S","null","null",1,1,2018,"0.7280","1.3859","0.5186","3.1313","null","null","null",0,2,"Top","null","null",,,571974,,"180805_202927","-6.0296","-136.3187","-4.6907","10.3504","31.4811","-14.2780","3.3947","1.5763","null","null","null","93.1450","2202","6.0890",531091,592662,571974,502671,606466,500871,605113,444482,445055,519306,"54.4131","null","null","null","null","null","null","null",8,"3","4-Seam Fastball",0,0,0,0,0,0,0,0,"Standard","Standard"
"FF","2018-08-05","92.4","1.9989","6.4210","Robbie Ray",596103,592662,"null","ball",,,,,"11","null","R","R","L","ARI","SF","B","null","null",0,0,2018,"0.6232","1.4751","-0.1879","3.8871","null","null","null",0,2,"Top","null","null",,,571974,,"180805_202845","-6.8544","-134.2286","-3.7421","8.9494","30.0438","-14.0283","3.1534","1.3965","null","null","null","91.5890","2204","5.9740",531091,592662,571974,502671,606466,500871,605113,444482,445055,519306,"54.5280","null","null","null","null","null","null","null",8,"1","4-Seam Fastball",0,0,0,0,0,0,0,0,"Standard","Standard"
"SI","2018-08-05","91.3","2.8889","6.0390","Derek Holland",500871,502706,"walk","ball",,,,,"12","Eduardo Escobar walks.  ","R","R","L","ARI","SF","B","null","null",3,1,2018,"1.4836","0.8841","0.9771","3.2365","null","null","null",1,1,"Bot","null","null",,,460026,,"180805_202503","-7.8724","-132.6347","-3.0139","18.8991","27.3385","-21.4875","3.0329","1.3067","null","null","null","90.6260","2212","5.8920",531091,502706,460026,457763,488818,446334,593700,596103,491676,457705,"54.6097","null","null","0.70",1,0,0,"null",6,"5","Sinker",0,0,0,0,0,0,0,0,"Standard","Standard"
"KC","2018-08-05","78.0","2.9487","6.2039","Derek Holland",500871,502706,"null","ball",,,,,"12","null","R","R","L","ARI","SF","B","null","null",2,1,2018,"-0.1747","-0.2268","1.2782","3.1562","null","null","null",1,1,"Bot","null","null",,,460026,,"180805_202447","-3.2132","-113.3391","0.7282","-0.8530","20.9182","-34.4625","3.0630","1.3367","null","null","null","76.3560","2157","5.2050",531091,502706,460026,457763,488818,446334,593700,596103,491676,457705,"55.2970","null","null","null","null","null","null","null",6,"4","Knuckle Curve",0,0,0,0,0,0,0,0,"Standard","Standard"
"CH","2018-08-05","84.7","2.9329","6.0541","Derek Holland",500871,502706,"null","ball",,,,,"8","null","R","R","L","ARI","SF","B","null","null",1,1,2018,"1.1732","1.3606","-0.1714","1.5545","null","null","null",1,1,"Bot","null","null",,,460026,,"180805_202430","-9.4109","-122.7931","-6.6943","13.4856","24.0445","-17.6019","3.0630","1.3965","null","null","null","83.6480","2147","5.7800",531091,502706,460026,457763,488818,446334,593700,596103,491676,457705,"54.7221","null","null","null","null","null","null","null",6,"3","Changeup",0,0,0,0,0,0,0,0,"Standard","Standard"
"SI","2018-08-05","91.5","3.0153","5.9980","Derek Holland",500871,502706,"null","called_strike",,,,,"3","null","R","R","L","ARI","SF","S","null","null",1,0,2018,"1.4665","0.8038","0.7100","2.9520","null","null","null",1,1,"Bot","null","null",,,460026,,"180805_202414","-8.8756","-132.9589","-3.5089","19.0666","27.2847","-22.2230","3.0931","1.4265","null","null","null","91.0830","2251","6.0210",531091,502706,460026,457763,488818,446334,593700,596103,491676,457705,"54.4810","null","null","null","null","null","null","null",6,"2","Sinker",0,0,0,0,0,0,0,0,"Standard","Standard"
"CH","2018-08-05","84.4","3.0746","6.0926","Derek Holland",500871,502706,"null","ball",,,,,"14","null","R","R","L","ARI","SF","B","null","null",0,0,2018,"1.1528","1.2384","1.2340","1.9360","null","null","null",1,1,"Bot","null","null",,,460026,,"180805_202402","-6.4263","-122.5462","-5.6312","12.5987","23.2182","-19.1203","3.1233","1.4564","null","null","null","83.4330","2118","5.6810",531091,502706,460026,457763,488818,446334,593700,596103,491676,457705,"54.8209","null","null","null","null","null","null","null",6,"1","Changeup",0,0,0,0,0,0,0,0,"Standard","Standard"
"SI","2018-08-05","89.5","2.9403","6.1543","Derek Holland",444482,502706,"null","called_strike",,,,,"14","null","R","L","L","ARI","SF","S","null","null",1,0,2018,"1.5131","0.8336","1.0870","2.4513","null","null","null",0,1,"Bot","null","null",,,460026,,"180805_202249","-7.6693","-130.0715","-4.8338","18.5702","26.7859","-22.0461","3.5261","1.6362","null","null","null","88.9970","2269","6.0090",531091,502706,460026,457763,488818,446334,593700,596103,491676,457705,"54.4928","null","null","null","null","null","null","null",5,"2","Sinker",0,0,0,0,0,0,0,0,"Standard","Standard"
"SI","2018-08-05","89.3","2.8616","6.1571","Derek Holland",444482,502706,"null","ball",,,,,"12","null","R","L","L","ARI","SF","B","null","null",0,0,2018,"0.9864","1.2248","0.9841","2.9299","null","null","null",0,1,"Bot","null","null",,,460026,,"180805_202236","-6.6196","-129.8398","-4.4482","12.3737","26.2838","-17.7992","3.5154","1.6062","null","null","null","88.8290","2327","5.9700",531091,502706,460026,457763,488818,446334,593700,596103,491676,457705,"54.5324","null","null","null","null","null","null","null",5,"1","Sinker",0,0,0,0,0,0,0,0,"Standard","Standard"
"FF","2018-08-05","94.7","2.1291","6.0756","Robbie Ray",460026,592662,"null","called_strike",,,,,"5","null","R","R","L","ARI","SF","S","null","null",0,0,2018,"0.4897","1.3310","-0.0406","2.2793","null","457705.00","457763.00",1,1,"Top","null","null",,,571974,,"180805_201916","-6.7228","-137.5254","-7.1307","7.6826","30.9120","-14.0243","3.3671","1.4864","null","null","null","94.2820","2311","6.1890",531091,592662,571974,502671,606466,500871,605113,444482,445055,519306,"54.3129","null","null","null","null","null","null","null",4,"1","4-Seam Fastball",0,0,0,0,0,0,0,0,"Standard","Standard"
"SL","2018-08-05","85.5","2.3021","6.1401","Robbie Ray",446334,592662,"null","ball",,,,,"13","null","R","R","L","ARI","SF","B","null","null",0,1,2018,"-0.1796","0.7850","-0.9091","2.1730","null","457705.00","457763.00",0,1,"Top","null","null",,,571974,,"180805_201757","-7.1986","-124.3419","-4.6316","-0.4196","24.8291","-23.3506","3.6967","1.7262","null","null","null","85.4140","1955","6.2600",531091,592662,571974,502671,606466,500871,605113,444482,445055,519306,"54.2423","null","null","null","null","null","null","null",3,"2","Slider",0,0,0,0,0,0,0,0,"Standard","Standard"
"CU","2018-08-05","84.5","2.4541","5.9701","Robbie Ray",446334,592662,"null","called_strike",,,,,"7","null","R","R","L","ARI","SF","S","null","null",0,0,2018,"0.0362","-0.3994","-0.2820","2.3102","null","457705.00","457763.00",0,1,"Top","null","null",,,571974,,"180805_201733","-6.3728","-122.7769","-1.3585","1.6252","24.3982","-36.1085","3.7571","1.7262","null","null","null","83.6000","2021","5.7890",531091,592662,571974,502671,606466,500871,605113,444482,445055,519306,"54.7130","null","null","null","null","null","null","null",3,"1","Curveball",0,0,0,0,0,0,0,0,"Standard","Standard"
"FF","2018-08-05","94.5","2.0832","6.1020","Robbie Ray",457763,592662,"null","called_strike",,,,,"4","null","R","R","L","ARI","SF","S","null","null",0,1,2018,"0.9093","1.2512","-0.4811","2.1266","null","null","457705.00",0,1,"Top","null","null",,,571974,,"180805_201500","-8.7163","-137.2754","-7.4540","13.4416","30.0909","-14.8820","3.3343","1.5463","null","null","null","94.6060","2263","6.4270",531091,592662,571974,502671,606466,500871,605113,444482,445055,519306,"54.0754","null","null","null","null","null","null","null",2,"2","4-Seam Fastball",0,0,0,0,0,0,0,0,"Standard","Standard"
"CU","2018-08-05","84.1","2.4426","5.9910","Robbie Ray",457763,592662,"null","called_strike",,,,,"14","null","R","R","L","ARI","SF","S","null","null",0,0,2018,"0.1196","-0.3809","1.0771","2.2943","null","null","457705.00",0,1,"Top","null","null",,,571974,,"180805_201423","-3.3545","-122.2966","-1.4300","1.8314","24.0337","-35.8755","3.2137","1.4265","null","null","null","83.1200","2013","5.6700",531091,592662,571974,502671,606466,500871,605113,444482,445055,519306,"54.8319","null","null","null","null","null","null","null",2,"1","Curveball",0,0,0,0,0,0,0,0,"Standard","Standard"
"CU","2018-08-05","84.5","2.3533","6.0052","Robbie Ray",457705,592662,"walk","ball",,,,,"14","Andrew McCutchen walks.  ","R","R","L","ARI","SF","B","null","null",3,2,2018,"-0.1544","-0.2315","0.2099","1.3337","null","null","null",0,1,"Top","null","null",,,571974,,"180805_201345","-4.6480","-122.8706","-4.0264","-0.6092","24.4886","-33.9160","3.3947","1.6362","null","null","null","83.7400","1777","5.8450",531091,592662,571974,502671,606466,500871,605113,444482,445055,519306,"54.6574","null","null","0.70",1,0,0,"null",1,"9","Curveball",0,0,0,0,0,0,0,0,"Infield shift","Standard"
"SL","2018-08-05","86.7","2.2104","5.9492","Robbie Ray",457705,592662,"null","ball",,,,,"13","null","R","R","L","ARI","SF","B","null","null",2,2,2018,"0.1342","0.7364","-0.5156","0.8045","null","null","null",0,1,"Top","null","null",,,571974,,"180805_201150","-6.7312","-125.8821","-7.5107","2.7477","25.0079","-23.1683","3.4852","1.7262","null","null","null","86.1130","1914","5.9910",531091,592662,571974,502671,606466,500871,605113,444482,445055,519306,"54.5113","null","null","null","null","null","null","null",1,"5","Slider",0,0,0,0,0,0,0,0,"Infield shift","Standard"
"SL","2018-08-05","85.1","2.2489","6.0119","Robbie Ray",457705,592662,"null","called_strike",,,,,"1","null","R","R","L","ARI","SF","S","null","null",2,1,2018,"-0.0334","0.4749","-0.6237","2.9039","null","null","null",0,1,"Top","null","null",,,571974,,"180805_201134","-6.6476","-123.8241","-1.9573","0.8899","22.9590","-27.1541","3.4550","1.6561","null","null","null","85.0510","1982","6.1050",531091,592662,571974,502671,606466,500871,605113,444482,445055,519306,"54.3973","null","null","null","null","null","null","null",1,"4","Slider",0,0,0,0,0,0,0,0,"Infield shift","Standard"
"FF","2018-08-05","95.1","1.9185","6.2939","Robbie Ray",457705,592662,"null","ball",,,,,"11","null","R","R","L","ARI","SF","B","null","null",1,1,2018,"0.8456","1.3488","-0.0415","3.6161","null","null","null",0,1,"Top","null","null",,,571974,,"180805_201117","-6.9655","-138.2100","-4.3113","12.2742","31.1392","-14.3617","3.4852","1.6062","null","null","null","94.4850","2259","6.0270",531091,592662,571974,502671,606466,500871,605113,444482,445055,519306,"54.4747","null","null","null","null","null","null","null",1,"3","4-Seam Fastball",0,0,0,0,0,0,0,0,"Infield shift","Standard"
"FF","2018-08-05","94.4","2.3111","6.1008","Robbie Ray",457705,592662,"null","called_strike",,,,,"14","null","R","R","L","ARI","SF","S","null","null",1,0,2018,"0.8576","1.4607","1.0393","2.3339","null","null","null",0,1,"Top","null","null",,,571974,,"180805_201101","-5.2341","-137.3053","-7.3734","12.0384","30.7606","-12.2291","3.4852","1.5763","null","null","null","94.5540","2250","6.4330",531091,592662,571974,502671,606466,500871,605113,444482,445055,519306,"54.0689","null","null","null","null","null","null","null",1,"2","4-Seam Fastball",0,0,0,0,0,0,0,0,"Infield shift","Standard"
"CU","2018-08-05","83.3","2.5876","6.0890","Robbie Ray",457705,592662,"null","ball",,,,,"13","null","R","R","L","ARI","SF","B","null","null",0,0,2018,"-0.0034","-0.2473","-1.5896","-0.7144","null","null","null",0,1,"Top","null","null",,,571974,,"180805_201041","-9.4815","-120.7909","-8.5908","1.7274","22.4242","-33.1968","3.4852","1.6062","null","null","null","82.5890","2025","5.9060",531091,592662,571974,502671,606466,500871,605113,444482,445055,519306,"54.5963","null","null","null","null","null","null","null",1,"1","Curveball",0,0,0,0,0,0,0,0,"Infield shift","Standard"