"pitch_type","game_date","release_speed","release_pos_x","release_pos_z","player_name","batter","pitcher","events","description","spin_dir","spin_rate_deprecated","break_angle_deprecated","break_length_deprecated","zone","des","game_type","stand","p_throws","home_team","away_team","type","hit_location","bb_type","balls","strikes","game_year","pfx_x","pfx_z","plate_x","plate_z","on_3b","on_2b","on_1b","outs_when_up","inning","inning_topbot","hc_x","hc_y","tfs_deprecated","tfs_zulu_deprecated","pos2_person_id","umpire","sv_id","vx0","vy0","vz0","ax","ay","az","sz_top","sz_bot","hit_distance_sc","launch_speed","launch_angle","effective_speed","release_spin_rate","release_extension","game_pk","pos1_person_id","pos2_person_id","pos3_person_id","pos4_person_id","pos5_person_id","pos6_person_id","pos7_person_id","pos8_person_id","pos9_person_id","release_pos_y","estimated_ba_using_speedangle","estimated_woba_using_speedangle","woba_value","woba_denom","babip_value","iso_value","launch_speed_angle","at_bat_number","pitch_number","pitch_name","home_score","away_score","bat_score","fld_score","post_away_score","post_home_score","post_bat_score","post_fld_score","if_fielding_alignment","of_fielding_alignment"
"FC","2018-06-21","89.8","-1.6683","6.2187","Mark Melancon",520471,453343,"strikeout","called_strike",,,,,"7","Freddy Galvis called out on strikes.  ","R","L","R","SF","SD","S",2,"null",0,2,2018,"0.0666","0.5636","-0.7216","1.7012","592669.00","null","null",2,9,"Top","null","null",,,457763,,"180622_043905","2.2034","-130.7817","-6.4370","0.3329","25.7013","-24.6357","3.1269","1.5001","null","null","null","90.0690","2240","6.2540",530524,453343,457763,474832,605412,467055,543063,593700,491676,457705,"54.2438","null","null","0.00",1,0,0,"null",67,"3","Cutter",3,0,0,3,0,3,0,3,"Standard","Standard"
"FF","2018-06-21","90.2","-1.6426","6.3092","Mark Melancon",520471,453343,"null","called_strike",,,,,"11","null","R","L","R","SF","SD","S","null","null",0,0,2018,"-0.5201","1.1457","-0.9556","2.8040","592669.00","null","null",2,9,"Top","null","null",,,457763,,"180622_043813","2.7892","-131.2967","-5.2248","-6.5277","24.1406","-18.1627","3.2172","1.5226","null","null","null","90.3560","2413","6.0720",530524,453343,457763,474832,605412,467055,543063,593700,491676,457705,"54.4252","null","null","null","null","null","null","null",67,"1","4-Seam Fastball",3,0,0,3,0,3,0,3,"Standard","Standard"
"KC","2018-06-21","80.9","-1.4998","6.2781","Mark Melancon",517369,453343,"null","called_strike",,,,,"2","null","R","R","R","SF","SD","S","null","null",0,0,2018,"0.4372","-0.9081","-0.0898","3.0119","null","592669.00","null",1,9,"Top","null","null",,,457763,,"180622_043701","2.3054","-117.6661","1.0133","3.5622","21.5746","-40.8748","3.4556","1.6757","null","null","null","80.1690","2578","5.7350",530524,453343,457763,474832,605412,467055,543063,593700,491676,457705,"54.7628","null","null","null","null","null","null","null",66,"1","Knuckle Curve",3,0,0,3,0,3,0,3,"Standard","Standard"
"FC","2018-06-21","90.3","-1.6119","6.2574","Mark Melancon",570799,453343,"null","ball",,,,,"12","null","R","R","R","SF","SD","B","null","null",0,2,2018,"0.2840","0.5746","1.2520","3.3169","null","null","592669.00",0,9,"Top","null","null",,,457763,,"180622_043543","6.4945","-131.4000","-2.6134","2.0192","25.2680","-25.2716","3.4446","1.7088","null","null","null","90.1180","2314","5.9700",530524,453343,457763,474832,605412,467055,543063,593700,491676,457705,"54.5278","null","null","null","null","null","null","null",65,"3","Cutter",3,0,0,3,0,3,0,3,"Standard","Standard"
"FC","2018-06-21","90.2","-1.6979","6.3036","Mark Melancon",570799,453343,"null","called_strike",,,,,"6","null","R","R","R","SF","SD","S","null","null",0,0,2018,"0.2879","0.7056","0.3189","3.0218","null","null","592669.00",0,9,"Top","null","null",,,457763,,"180622_043455","4.3873","-131.3174","-3.6989","2.4183","26.3823","-23.5661","3.6026","1.8442","null","null","null","89.9170","2338","5.9720",530524,453343,457763,474832,605412,467055,543063,593700,491676,457705,"54.5254","null","null","null","null","null","null","null",65,"1","Cutter",3,0,0,3,0,3,0,3,"Standard","Standard"
"KC","2018-06-21","83.6","-1.4715","6.3248","Mark Melancon",592669,453343,"null","ball",,,,,"14","null","R","R","R","SF","SD","B","null","null",0,1,2018,"0.4654","-0.9101","1.9832","-0.0807","null","null","null",0,9,"Top","null","null",,,457763,,"180622_043302","6.9923","-121.3911","-6.4696","3.1139","24.4125","-39.9557","3.5560","1.6957","null","null","null","82.7430","2635","5.8960",530524,453343,457763,474832,605412,467055,543063,593700,491676,457705,"54.6010","null","null","null","null","null","null","null",64,"2","Knuckle Curve",3,0,0,3,0,3,0,3,"Standard","Standard"
"KC","2018-06-21","81.6","-1.6404","6.3462","Mark Melancon",592669,453343,"null","called_strike",,,,,"5","null","R","R","R","SF","SD","S","null","null",0,0,2018,"0.5935","-1.2099","0.1191","2.7130","null","null","null",0,9,"Top","null","null",,,457763,,"180622_043245","2.8081","-118.6059","0.6883","4.8919","23.3618","-43.6701","3.5284","1.6631","null","null","null","80.4020","2710","5.5950",530524,453343,457763,474832,605412,467055,543063,593700,491676,457705,"54.9021","null","null","null","null","null","null","null",64,"1","Knuckle Curve",3,0,0,3,0,3,0,3,"Standard","Standard"
"SL","2018-06-21","83.7","2.3697","6.1106","Jose Castillo",605412,620454,"caught_stealing_3b","ball",,,,,"13","With Joe Panik batting, Andrew McCutchen caught stealing 3rd base, catcher A.   Ellis to third baseman Christian Villanueva.  ","R","L","L","SF","SD","B",2,"null",2,2,2018,"-0.8614","-0.1596","-1.3891","1.3364","null","457705.00","467055.00",2,8,"Bot","null","null",,,454560,,"180622_042937","-6.9555","-121.7188","-4.2802","-7.1748","22.9634","-33.1621","3.0567","1.4875","null","null","null","83.3720","2735","6.0180",530524,620454,454560,543333,517369,570799,520471,571976,622534,592669,"54.4794","null","null","0.00",0,0,0,"null",63,"6","Slider",3,0,3,0,0,3,3,0,"Strategic","Standard"
"SL","2018-06-21","80.8","2.3877","6.1706","Jose Castillo",605412,620454,"null","called_strike",,,,,"1","null","R","L","L","SF","SD","S","null","null",1,0,2018,"-1.0099","-0.0724","-0.8182","2.5699","null","457705.00","467055.00",2,8,"Bot","null","null",,,454560,,"180622_042748","-5.2140","-117.5397","-1.2375","-8.2959","21.9245","-32.8347","3.0592","1.4223","null","null","null","80.4580","2592","6.0340",530524,620454,454560,543333,517369,570799,520471,571976,622534,592669,"54.4630","null","null","null","null","null","null","null",63,"2","Slider",3,0,3,0,0,3,3,0,"Strategic","Standard"
"FF","2018-06-21","93.8","2.2683","6.3568","Jose Castillo",605412,620454,"null","ball",,,,,"13","null","R","L","L","SF","SD","B","null","null",0,0,2018,"0.5643","1.2389","-0.3808","0.9246","null","457705.00","467055.00",2,8,"Bot","null","null",,,454560,,"180622_042730","-8.0031","-135.9355","-10.8862","8.6311","28.9640","-14.8763","3.1470","1.5101","null","null","null","93.0430","2145","6.0030",530524,620454,454560,543333,517369,570799,520471,571976,622534,592669,"54.4949","null","null","null","null","null","null","null",63,"1","4-Seam Fastball",3,0,3,0,0,3,3,0,"Strategic","Standard"
"FF","2018-06-21","95.1","2.2004","6.4384","Jose Castillo",467055,620454,"null","ball",,,,,"11","null","R","R","L","SF","SD","B","null","null",0,2,2018,"0.3837","1.3942","-0.0225","4.5856","null","457763.00","457705.00",2,8,"Bot","null","null",,,454560,,"180622_042615","-6.6803","-138.3854","-2.3332","6.3768","30.1081","-13.9904","3.0642","1.6581","null","null","null","95.1560","2135","6.2640",530524,620454,454560,543333,517369,570799,520471,571976,622534,592669,"54.2338","null","null","null","null","null","null","null",62,"3","4-Seam Fastball",2,0,2,0,0,2,2,0,"Standard","Standard"
"FF","2018-06-21","96.2","2.1869","6.3236","Jose Castillo",467055,620454,"null","called_strike",,,,,"8","null","R","R","L","SF","SD","S","null","null",0,0,2018,"0.4592","1.5694","-0.1266","1.7800","null","457763.00","457705.00",2,8,"Bot","null","null",,,454560,,"180622_042529","-7.1835","-139.6150","-9.9602","7.7533","34.4325","-9.5045","3.0291","1.5452","null","null","null","95.8510","2275","6.4500",530524,620454,454560,543333,517369,570799,520471,571976,622534,592669,"54.0474","null","null","null","null","null","null","null",62,"1","4-Seam Fastball",2,0,2,0,0,2,2,0,"Standard","Standard"
"FF","2018-06-21","96.4","2.1663","6.3835","Jose Castillo",543063,620454,"null","ball",,,,,"13","null","R","L","L","SF","SD","B","null","null",0,1,2018,"0.4128","1.2859","-1.6513","1.1734","null","457763.00","457705.00",1,8,"Bot","null","null",,,454560,,"180622_042401","-10.9214","-139.4043","-10.8992","7.8954","33.4414","-13.3798","3.1897","1.6004","null","null","null","94.9030","2270","5.9170",530524,620454,454560,543333,517369,570799,520471,571976,622534,592669,"54.5805","null","null","null","null","null","null","null",61,"2","4-Seam Fastball",2,0,2,0,0,2,2,0,"Standard","Standard"
"SL","2018-06-21","81.5","2.4439","6.1684","Jose Castillo",474832,620454,"null","ball",,,,,"13","null","R","L","L","SF","SD","B","null","null",1,1,2018,"-0.9587","0.0905","-1.4006","1.6448","null","457763.00","457705.00",0,8,"Bot","null","null",,,454560,,"180622_042232","-6.7665","-118.4688","-3.6796","-7.5238","23.3139","-30.8612","3.0492","1.5051","null","null","null","80.6920","2677","5.8610",530524,620454,454560,543333,517369,570799,520471,571976,622534,592669,"54.6361","null","null","null","null","null","null","null",60,"3","Slider",2,0,2,0,0,2,2,0,"Standard","Standard"
"SL","2018-06-21","82.2","2.4182","6.2027","Jose Castillo",474832,620454,"null","ball",,,,,"13","null","R","L","L","SF","SD","B","null","null",0,1,2018,"-0.8611","-0.5371","-1.3956","1.6725","null","457763.00","457705.00",0,8,"Bot","null","null",,,454560,,"180622_042209","-6.9335","-119.4975","-2.6798","-6.7532","22.9040","-36.9455","3.0944","1.4373","null","null","null","81.3470","2728","5.7500",530524,620454,454560,543333,517369,570799,520471,571976,622534,592669,"54.7472","null","null","null","null","null","null","null",60,"2","Slider",2,0,2,0,0,2,2,0,"Standard","Standard"
"SL","2018-06-21","80.1","2.6923","6.1978","Jose Castillo",474832,620454,"null","called_strike",,,,,"6","null","R","L","L","SF","SD","S","null","null",0,0,2018,"-0.8009","-0.5059","0.2767","2.4102","null","457763.00","457705.00",0,8,"Bot","null","null",,,454560,,"180622_042148","-3.8109","-116.4640","-0.7168","-6.3784","21.8892","-36.7752","3.1169","1.5728","null","null","null","79.0140","2667","5.5750",530524,620454,454560,543333,517369,570799,520471,571976,622534,592669,"54.9225","null","null","null","null","null","null","null",60,"1","Slider",2,0,2,0,0,2,2,0,"Standard","Standard"
"SL","2018-06-21","79.1","-1.2031","5.3754","Phil Maton",457705,664208,"walk","ball",,,,,"14","Andrew McCutchen walks.   Buster Posey to 2nd.  ","R","R","R","SF","SD","B","null","null",3,1,2018,"1.3300","-0.9489","0.1838","0.3684","null","null","457763.00",0,8,"Bot","null","null",,,454560,,"180622_041911","0.5649","-115.0442","-2.2322","11.3908","25.3194","-40.1721","3.3453","1.6681","null","null","null","78.0920","3063","6.0300",530524,664208,454560,543333,517369,570799,520471,571976,622534,592669,"54.4674","null","null","0.70",1,0,0,"null",59,"5","Slider",2,0,2,0,0,2,2,0,"Standard","Standard"
"FF","2018-06-21","91.7","-0.8087","5.4873","Phil Maton",457705,664208,"null","ball",,,,,"14","null","R","R","R","SF","SD","B","null","null",2,1,2018,"0.2631","1.2407","1.3282","1.6248","null","null","457763.00",0,8,"Bot","null","null",,,454560,,"180622_041845","4.8474","-133.4856","-6.6578","2.2054","26.6337","-16.0801","3.4130","1.7133","null","null","null","92.2710","2757","6.4450",530524,664208,454560,543333,517369,570799,520471,571976,622534,592669,"54.0519","null","null","null","null","null","null","null",59,"4","4-Seam Fastball",2,0,2,0,0,2,2,0,"Standard","Standard"
"FF","2018-06-21","91.7","-0.9024","5.4569","Phil Maton",457705,664208,"null","ball",,,,,"14","null","R","R","R","SF","SD","B","null","null",1,1,2018,"-0.0636","1.2086","0.7700","1.4237","null","null","457763.00",0,8,"Bot","null","null",,,454560,,"180622_041822","4.3892","-133.4753","-7.0541","-1.6299","26.1392","-16.3294","3.3453","1.6907","null","null","null","92.5220","2641","6.5610",530524,664208,454560,543333,517369,570799,520471,571976,622534,592669,"53.9368","null","null","null","null","null","null","null",59,"3","4-Seam Fastball",2,0,2,0,0,2,2,0,"Standard","Standard"
"SL","2018-06-21","79.1","-1.0957","5.3471","Phil Maton",457705,664208,"null","ball",,,,,"14","null","R","R","R","SF","SD","B","null","null",0,1,2018,"1.5113","-0.5432","0.3249","1.0720","null","null","457763.00",0,8,"Bot","null","null",,,454560,,"180622_041758","0.3201","-115.0003","-1.4114","12.9792","24.5610","-36.8365","3.3904","1.6681","null","null","null","77.9810","2969","5.8910",530524,664208,454560,543333,517369,570799,520471,571976,622534,592669,"54.6068","null","null","null","null","null","null","null",59,"2","Slider",2,0,2,0,0,2,2,0,"Standard","Standard"
"SL","2018-06-21","76.9","-0.9751","5.4597","Phil Maton",457705,664208,"null","called_strike",,,,,"7","null","R","R","R","SF","SD","S","null","null",0,0,2018,"1.4997","-0.5855","-0.6707","2.1283","null","null","457763.00",0,8,"Bot","null","null",,,454560,,"180622_041736","-2.0745","-111.8500","1.0807","12.8730","22.7732","-37.4983","3.3453","1.6004","null","null","null","76.5050","2922","6.3210",530524,664208,454560,543333,517369,570799,520471,571976,622534,592669,"54.1760","null","null","null","null","null","null","null",59,"1","Slider",2,0,2,0,0,2,2,0,"Standard","Standard"
"FF","2018-06-21","92.3","-0.6246","5.5912","Phil Maton",457763,664208,"null","ball",,,,,"12","null","R","R","R","SF","SD","B","null","null",2,2,2018,"0.1517","1.2291","0.7090","4.6165","593700.00","null","null",0,8,"Bot","null","null",,,454560,,"180622_041626","3.0818","-134.6524","0.5600","1.2939","25.3239","-17.2799","3.2374","1.5803","null","null","null","93.4010","2576","6.5010",530524,664208,454560,543333,517369,570799,520471,571976,622534,592669,"53.9966","null","null","null","null","null","null","null",58,"5","4-Seam Fastball",1,0,1,0,0,1,1,0,"Strategic","Standard"
"SL","2018-06-21","79.8","-1.1787","5.3771","Phil Maton",457763,664208,"null","called_strike",,,,,"5","null","R","R","R","SF","SD","S","null","null",2,0,2018,"1.8483","-0.3525","0.2667","2.2789","593700.00","null","null",0,8,"Bot","null","null",,,454560,,"180622_041534","-0.2525","-116.1232","0.6554","16.3864","24.7561","-35.6944","3.3188","1.6201","null","null","null","78.9010","2974","5.9730",530524,664208,454560,543333,517369,570799,520471,571976,622534,592669,"54.5245","null","null","null","null","null","null","null",58,"3","Slider",1,0,1,0,0,1,1,0,"Strategic","Standard"
"FF","2018-06-21","91.9","-0.7668","5.5089","Phil Maton",457763,664208,"null","ball",,,,,"3","null","R","R","R","SF","SD","B","null","null",1,0,2018,"0.0957","1.2676","0.4036","2.8529","593700.00","null","null",0,8,"Bot","null","null",,,454560,,"180622_041514","2.7828","-133.9434","-3.7288","0.5774","28.4872","-16.0907","3.3150","1.5826","null","null","null","92.8690","2646","6.7410",530524,664208,454560,543333,517369,570799,520471,571976,622534,592669,"53.7565","null","null","null","null","null","null","null",58,"2","4-Seam Fastball",1,0,1,0,0,1,1,0,"Strategic","Standard"
"FF","2018-06-21","92.8","-0.7843","5.5592","Phil Maton",457763,664208,"null","ball",,,,,"14","null","R","R","R","SF","SD","B","null","null",0,0,2018,"-0.0274","0.9394","1.5048","1.1356","593700.00","null","null",0,8,"Bot","null","null",,,454560,,"180622_041453","5.9250","-134.9199","-7.5979","-1.5979","28.7348","-19.2450","3.3503","1.6707","null","null","null","93.0230","2785","6.4200",530524,664208,454560,543333,517369,570799,520471,571976,622534,592669,"54.0772","null","null","null","null","null","null","null",58,"1","4-Seam Fastball",1,0,1,0,0,1,1,0,"Strategic","Standard"
"SL","2018-06-21","79.3","-1.0897","5.4678","Phil Maton",593700,664208,"null","called_strike",,,,,"5","null","R","L","R","SF","SD","S","null","null",0,0,2018,"1.5745","-0.4005","0.0666","2.4324","null","null","null",0,8,"Bot","null","null",,,454560,,"180622_041339","-0.3515","-115.2509","0.9694","13.6703","24.5469","-36.1193","3.1120","1.4649","null","null","null","77.9790","2814","5.7540",530524,664208,454560,543333,517369,570799,520471,571976,622534,592669,"54.7429","null","null","null","null","null","null","null",57,"1","Slider",1,0,1,0,0,1,1,0,"Standard","Standard"
"CU","2018-06-21","75.8","3.1315","5.7070","Madison Bumgarner",571976,518516,"walk","ball",,,,,"12","Wil Myers walks.  ","R","R","L","SF","SD","B","null","null",3,2,2018,"-0.9824","-0.4088","1.8353","2.9587","null","null","null",2,8,"Top","null","null",,,457763,,"180622_041031","-0.9838","-110.2607","1.9952","-7.7214","18.4398","-36.0195","3.3979","1.5402","null","null","null","75.2450","2131","5.7670",530524,518516,457763,474832,605412,467055,543063,593700,491676,457705,"54.7304","null","null","0.70",1,0,0,"null",55,"7","Curveball",1,0,0,1,0,1,0,1,"Standard","Strategic"
"FT","2018-06-21","90.3","2.9844","5.7558","Madison Bumgarner",571976,518516,"null","ball",,,,,"11","null","R","R","L","SF","SD","B","null","null",2,1,2018,"0.9053","1.1041","-0.8852","3.0583","null","null","null",2,8,"Top","null","null",,,457763,,"180622_040906","-11.6465","-131.2063","-3.1947","12.8680","24.9364","-18.7504","3.3528","1.6079","null","null","null","91.1810","1990","6.6740",530524,518516,457763,474832,605412,467055,543063,593700,491676,457705,"53.8236","null","null","null","null","null","null","null",55,"4","2-Seam Fastball",1,0,0,1,0,1,0,1,"Standard","Strategic"
"FC","2018-06-21","85.1","3.0622","5.7088","Madison Bumgarner",571976,518516,"null","called_strike",,,,,"13","null","R","R","L","SF","SD","S","null","null",2,0,2018,"-0.1294","0.3256","-0.9242","1.6086","null","null","null",2,8,"Top","null","null",,,457763,,"180622_040843","-9.0588","-123.7240","-4.0002","0.2567","21.6761","-28.3233","3.3628","1.6305","null","null","null","85.2020","2171","6.1300",530524,518516,457763,474832,605412,467055,543063,593700,491676,457705,"54.3670","null","null","null","null","null","null","null",55,"3","Cutter",1,0,0,1,0,1,0,1,"Standard","Strategic"
"CU","2018-06-21","75.2","3.2830","5.7056","Madison Bumgarner",571976,518516,"null","ball",,,,,"14","null","R","R","L","SF","SD","B","null","null",1,0,2018,"-1.1238","-0.9530","1.0122","0.7113","null","null","null",2,8,"Top","null","null",,,457763,,"180622_040805","-2.7274","-109.3231","-1.4670","-8.2327","21.0984","-39.5879","3.3528","1.4950","null","null","null","74.0980","2234","5.7350",530524,518516,457763,474832,605412,467055,543063,593700,491676,457705,"54.7629","null","null","null","null","null","null","null",55,"2","Curveball",1,0,0,1,0,1,0,1,"Standard","Standard"
"FT","2018-06-21","89.9","2.9274","5.8005","Madison Bumgarner",571976,518516,"null","ball",,,,,"11","null","R","R","L","SF","SD","B","null","null",0,0,2018,"0.4469","1.0263","-1.5056","2.9252","null","null","null",2,8,"Top","null","null",,,457763,,"180622_040748","-11.9582","-130.4264","-3.3272","7.5644","26.3624","-19.8767","3.4026","1.6136","null","null","null","90.1810","2019","6.5360",530524,518516,457763,474832,605412,467055,543063,593700,491676,457705,"53.9610","null","null","null","null","null","null","null",55,"1","2-Seam Fastball",1,0,0,1,0,1,0,1,"Standard","Standard"
"FC","2018-06-21","84.9","3.3079","5.7763","Madison Bumgarner",519333,518516,"strikeout","called_strike",,,,,"12","Matt Szczur called out on strikes.  ","R","R","L","SF","SD","S",2,"null",0,2,2018,"-0.5819","0.5967","1.2195","2.6640","null","null","null",1,8,"Top","null","null",,,457763,,"180622_040701","-3.7250","-123.6780","-2.1995","-5.2749","22.3289","-25.8876","3.1412","1.5635","null","null","null","84.9290","2084","6.0340",530524,518516,457763,474832,605412,467055,543063,593700,491676,457705,"54.4632","null","null","0.00",1,0,0,"null",54,"3","Cutter",1,0,0,1,0,1,0,1,"Standard","Standard"
"FT","2018-06-21","90.4","3.1236","5.7075","Madison Bumgarner",519333,518516,"null","called_strike",,,,,"14","null","R","R","L","SF","SD","S","null","null",0,0,2018,"0.7202","1.3703","0.9928","1.9884","null","null","null",1,8,"Top","null","null",,,457763,,"180622_040624","-6.8203","-131.3379","-6.1998","9.7444","27.7294","-15.2838","3.3327","1.6029","null","null","null","90.1970","2077","6.2440",530524,518516,457763,474832,605412,467055,543063,593700,491676,457705,"54.2538","null","null","null","null","null","null","null",54,"1","2-Seam Fastball",1,0,0,1,0,1,0,1,"Standard","Standard"
"CH","2018-06-21","82.3","3.1852","5.7342","Madison Bumgarner",454560,518516,"null","ball",,,,,"14","null","R","R","L","SF","SD","B","null","null",1,1,2018,"0.9996","0.6183","1.2233","1.8981","null","null","null",0,8,"Top","null","null",,,457763,,"180622_040530","-6.3869","-119.7332","-3.4109","10.8010","21.5744","-25.7926","3.3377","1.6656","null","null","null","82.5520","1586","6.3180",530524,518516,457763,474832,605412,467055,543063,593700,491676,457705,"54.1794","null","null","null","null","null","null","null",53,"3","Changeup",1,0,0,1,0,1,0,1,"Standard","Standard"
"CU","2018-06-21","76.1","3.3042","5.7516","Madison Bumgarner",454560,518516,"null","called_strike",,,,,"6","null","R","R","L","SF","SD","S","null","null",1,0,2018,"-0.8026","-0.5446","0.4659","2.2465","null","null","null",0,8,"Top","null","null",,,457763,,"180622_040514","-4.4933","-110.5688","0.7037","-5.5839","20.7121","-36.9233","3.3251","1.7108","null","null","null","75.1120","2197","5.7600",530524,518516,457763,474832,605412,467055,543063,593700,491676,457705,"54.7373","null","null","null","null","null","null","null",53,"2","Curveball",1,0,0,1,0,1,0,1,"Standard","Standard"
"FT","2018-06-21","89.3","3.1487","5.7977","Madison Bumgarner",454560,518516,"null","ball",,,,,"13","null","R","R","L","SF","SD","B","null","null",0,0,2018,"0.5618","1.3354","-0.9289","2.1051","null","null","null",0,8,"Top","null","null",,,457763,,"180622_040456","-11.1854","-129.5662","-5.8475","8.5788","26.0069","-16.1541","3.2700","1.5979","null","null","null","89.2010","2011","6.2990",530524,518516,457763,474832,605412,467055,543063,593700,491676,457705,"54.1984","null","null","null","null","null","null","null",53,"1","2-Seam Fastball",1,0,0,1,0,1,0,1,"Standard","Standard"
"SL","2018-06-21","84.5","-2.0460","6.5034","Tyson Ross",518516,475115,"null","called_strike",,,,,"9","null","R","R","R","SF","SD","S","null","null",2,1,2018,"0.5626","-0.1450","0.3280","2.0814","null","605412.00","491676.00",2,7,"Bot","null","null",,,454560,,"180622_040128","4.3578","-122.8261","-3.6188","4.6578","22.9186","-33.1736","3.4030","1.7986","null","null","null","82.7720","2612","5.0650",530524,475115,454560,543333,517369,570799,520471,571976,622534,592669,"55.4321","null","null","null","null","null","null","null",52,"4","Slider",1,0,1,0,0,1,1,0,"Standard","Standard"
"SL","2018-06-21","86.2","-1.9395","6.5701","Tyson Ross",518516,475115,"null","ball",,,,,"14","null","R","R","R","SF","SD","B","null","null",1,1,2018,"0.3889","0.2331","1.6619","2.1683","null","605412.00","491676.00",2,7,"Bot","null","null",,,454560,,"180622_040101","7.6293","-125.2277","-4.6588","2.6683","21.3967","-29.2302","3.3679","1.7083","null","null","null","84.8640","2654","5.1690",530524,475115,454560,543333,517369,570799,520471,571976,622534,592669,"55.3289","null","null","null","null","null","null","null",52,"3","Slider",1,0,1,0,0,1,1,0,"Standard","Standard"
"CH","2018-06-21","85.8","-1.9339","6.5424","Tyson Ross",605412,475115,"null","called_strike",,,,,"11","null","R","L","R","SF","SD","S","null","null",1,0,2018,"-0.4402","0.4881","-0.8735","2.5856","null","null","null",2,7,"Bot","null","null",,,454560,,"180622_035749","3.3132","-124.8508","-4.0474","-5.0984","22.9253","-26.6909","3.1269","1.5126","null","null","null","84.8030","1944","5.4420",530524,475115,454560,543333,517369,570799,520471,571976,622534,592669,"55.0551","null","null","null","null","null","null","null",50,"2","Changeup",1,0,1,0,0,1,1,0,"Standard","Standard"
"FF","2018-06-21","91.6","-2.0746","6.6192","Tyson Ross",605412,475115,"null","ball",,,,,"11","null","R","L","R","SF","SD","B","null","null",0,0,2018,"-0.1475","1.2834","-1.4748","4.0030","null","null","null",2,7,"Bot","null","null",,,454560,,"180622_035736","1.7960","-133.3650","-3.4582","-2.0597","24.8268","-16.7390","3.1696","1.5327","null","null","null","90.8480","2466","5.5010",530524,475115,454560,543333,517369,570799,520471,571976,622534,592669,"54.9968","null","null","null","null","null","null","null",50,"1","4-Seam Fastball",1,0,1,0,0,1,1,0,"Standard","Standard"
"FC","2018-06-21","88.7","-2.0259","6.5210","Tyson Ross",467055,475115,"null","ball",,,,,"11","null","R","L","R","SF","SD","B","null","null",1,2,2018,"0.1012","0.7159","-1.7171","3.5359","null","null","null",1,7,"Bot","null","null",,,454560,,"180622_035621","0.5424","-129.1060","-2.7165","1.0031","23.4584","-24.1225","2.9514","1.5678","null","null","null","87.6150","2516","5.3050",530524,475115,454560,543333,517369,570799,520471,571976,622534,592669,"55.1921","null","null","null","null","null","null","null",49,"4","Cutter",1,0,1,0,0,1,1,0,"Strategic","Standard"
"FF","2018-06-21","88.5","-1.9806","6.5020","Tyson Ross",467055,475115,"null","ball",,,,,"13","null","R","L","R","SF","SD","B","null","null",0,2,2018,"0.0285","0.5239","-1.3480","1.6380","null","null","null",1,7,"Bot","null","null",,,454560,,"180622_035607","1.4566","-128.6431","-6.7663","0.0373","23.8292","-25.5153","3.0417","1.5678","null","null","null","87.1720","2497","5.2670",530524,475115,454560,543333,517369,570799,520471,571976,622534,592669,"55.2304","null","null","null","null","null","null","null",49,"3","4-Seam Fastball",1,0,1,0,0,1,1,0,"Strategic","Standard"
"SL","2018-06-21","82.7","-1.9541","6.5153","Tyson Ross",467055,475115,"null","called_strike",,,,,"8","null","R","L","R","SF","SD","S","null","null",0,0,2018,"0.3858","0.0284","0.0456","1.6141","null","null","null",1,7,"Bot","null","null",,,454560,,"180622_035539","3.7457","-120.1681","-4.6157","2.8517","22.9484","-31.3119","2.9163","1.4775","null","null","null","80.6870","2473","4.9570",530524,475115,454560,543333,517369,570799,520471,571976,622534,592669,"55.5400","null","null","null","null","null","null","null",49,"1","Slider",1,0,1,0,0,1,1,0,"Strategic","Standard"
"FF","2018-06-21","90.0","-1.8561","6.5122","Tyson Ross",543063,475115,"null","ball",,,,,"13","null","R","L","R","SF","SD","B","null","null",0,2,2018,"-0.0069","0.6653","-0.9089","1.1161","null","null","null",0,7,"Bot","null","null",,,454560,,"180622_035456","2.3217","-130.6913","-8.6064","-0.5687","27.6724","-23.2293","3.2123","1.5779","null","null","null","88.4400","2435","5.4400",530524,475115,454560,543333,517369,570799,520471,571976,622534,592669,"55.0575","null","null","null","null","null","null","null",48,"3","4-Seam Fastball",1,0,1,0,0,1,1,0,"Strategic","Standard"
"SL","2018-06-21","83.0","-1.8838","6.5973","Tyson Ross",543063,475115,"null","called_strike",,,,,"13","null","R","L","R","SF","SD","S","null","null",0,1,2018,"0.5919","0.0685","-0.9457","1.9306","null","null","null",0,7,"Bot","null","null",,,454560,,"180622_035443","1.0190","-120.5965","-4.2160","5.3145","23.7062","-30.9925","3.3352","1.6230","null","null","null","80.9960","2538","5.0290",530524,475115,454560,543333,517369,570799,520471,571976,622534,592669,"55.4687","null","null","null","null","null","null","null",48,"2","Slider",1,0,1,0,0,1,1,0,"Strategic","Standard"
"CH","2018-06-21","85.1","-1.9882","6.5781","Tyson Ross",543063,475115,"null","called_strike",,,,,"9","null","R","L","R","SF","SD","S","null","null",0,0,2018,"-0.8846","0.8440","0.3899","1.5862","null","null","null",0,7,"Bot","null","null",,,454560,,"180622_035428","7.1684","-123.4622","-6.9273","-10.1621","22.8642","-22.7016","3.2675","1.6682","null","null","null","83.9150","2058","5.5190",530524,475115,454560,543333,517369,570799,520471,571976,622534,592669,"54.9785","null","null","null","null","null","null","null",48,"1","Changeup",1,0,1,0,0,1,1,0,"Strategic","Standard"
"FC","2018-06-21","84.6","3.1844","5.7379","Madison Bumgarner",520471,518516,"null","called_strike",,,,,"14","null","R","R","L","SF","SD","S","null","null",2,1,2018,"-0.4117","0.4877","1.2398","2.2927","null","null","null",2,7,"Top","null","null",,,457763,,"180622_035037","-3.7203","-123.2856","-2.7206","-3.5277","22.5075","-26.8966","3.2902","1.5451","null","null","null","84.9260","2010","6.2360",530524,518516,457763,474832,605412,467055,543063,593700,491676,457705,"54.2614","null","null","null","null","null","null","null",46,"4","Cutter",1,0,0,1,0,1,0,1,"Standard","Standard"
"CH","2018-06-21","83.8","3.1721","5.6929","Madison Bumgarner",520471,518516,"null","ball",,,,,"14","null","R","R","L","SF","SD","B","null","null",1,1,2018,"0.9664","0.4887","0.7685","-0.1943","null","null","null",2,7,"Top","null","null",,,457763,,"180622_035002","-7.4814","-121.6937","-8.1793","11.0711","22.4770","-25.9594","3.2323","1.5679","null","null","null","84.1350","1394","6.4880",530524,518516,457763,474832,605412,467055,543063,593700,491676,457705,"54.0099","null","null","null","null","null","null","null",46,"3","Changeup",1,0,0,1,0,1,0,1,"Standard","Standard"
"FC","2018-06-21","85.2","3.0830","5.7150","Madison Bumgarner",520471,518516,"null","called_strike",,,,,"2","null","R","R","L","SF","SD","S","null","null",1,0,2018,"-0.4923","0.5191","-0.1197","2.9201","null","null","null",2,7,"Top","null","null",,,457763,,"180622_034944","-6.5393","-124.1199","-1.3921","-3.9928","21.3533","-26.7278","3.3301","1.6356","null","null","null","85.6830","2125","6.2240",530524,518516,457763,474832,605412,467055,543063,593700,491676,457705,"54.2736","null","null","null","null","null","null","null",46,"2","Cutter",1,0,0,1,0,1,0,1,"Standard","Standard"
"FT","2018-06-21","90.0","3.1490","5.7091","Madison Bumgarner",520471,518516,"null","ball",,,,,"12","null","R","R","L","SF","SD","B","null","null",0,0,2018,"0.6132","1.0147","1.1773","3.2192","null","null","null",2,7,"Top","null","null",,,457763,,"180622_034928","-6.1943","-131.0011","-2.3995","8.3062","25.7491","-20.1747","3.1646","1.6582","null","null","null","90.3330","1974","6.3200",530524,518516,457763,474832,605412,467055,543063,593700,491676,457705,"54.1777","null","null","null","null","null","null","null",46,"1","2-Seam Fastball",1,0,0,1,0,1,0,1,"Standard","Standard"
"FC","2018-06-21","84.5","3.1867","5.7473","Madison Bumgarner",517369,518516,"null","called_strike",,,,,"14","null","R","R","L","SF","SD","S","null","null",2,1,2018,"-0.4833","0.4306","1.1001","2.2594","null","null","null",1,7,"Top","null","null",,,457763,,"180622_034825","-3.9039","-123.0505","-2.6669","-4.1882","23.0442","-27.4970","3.4329","1.5029","null","null","null","84.7620","2085","6.2920",530524,518516,457763,474832,605412,467055,543063,593700,491676,457705,"54.2055","null","null","null","null","null","null","null",45,"4","Cutter",1,0,0,1,0,1,0,1,"Standard","Standard"
"FC","2018-06-21","83.6","3.0058","5.7696","Madison Bumgarner",517369,518516,"null","ball",,,,,"13","null","R","R","L","SF","SD","B","null","null",1,1,2018,"-0.4653","0.3910","-1.6737","2.4105","null","null","null",1,7,"Top","null","null",,,457763,,"180622_034801","-9.8520","-121.4819","-2.1118","-2.8543","21.7824","-28.1128","3.3328","1.6532","null","null","null","83.7320","2064","6.2610",530524,518516,457763,474832,605412,467055,543063,593700,491676,457705,"54.2360","null","null","null","null","null","null","null",45,"3","Cutter",1,0,0,1,0,1,0,1,"Standard","Standard"
"CH","2018-06-21","83.8","3.1531","5.7158","Madison Bumgarner",517369,518516,"null","called_strike",,,,,"9","null","R","R","L","SF","SD","S","null","null",1,0,2018,"1.1164","0.9914","0.5517","2.0491","null","null","null",1,7,"Top","null","null",,,457763,,"180622_034727","-8.1661","-121.7277","-3.9606","12.6398","24.1379","-21.8283","3.4105","1.5854","null","null","null","83.4450","1672","6.1720",530524,518516,457763,474832,605412,467055,543063,593700,491676,457705,"54.3250","null","null","null","null","null","null","null",45,"2","Changeup",1,0,0,1,0,1,0,1,"Standard","Standard"
"CU","2018-06-21","76.8","3.0511","5.7596","Madison Bumgarner",517369,518516,"null","ball",,,,,"13","null","R","R","L","SF","SD","B","null","null",0,0,2018,"-1.1646","-0.6683","-0.0824","0.9252","null","null","null",1,7,"Top","null","null",,,457763,,"180622_034704","-4.5200","-111.6083","-1.9632","-8.6534","21.6932","-37.5172","3.4682","1.6306","null","null","null","75.9490","2264","5.9230",530524,518516,457763,474832,605412,467055,543063,593700,491676,457705,"54.5741","null","null","null","null","null","null","null",45,"1","Curveball",1,0,0,1,0,1,0,1,"Standard","Standard"
"FT","2018-06-21","89.7","3.3881","5.7289","Madison Bumgarner",570799,518516,"null","ball",,,,,"14","null","R","R","L","SF","SD","B","null","null",0,1,2018,"0.5813","1.1963","2.0917","2.3865","null","null","null",0,7,"Top","null","null",,,457763,,"180622_034543","-4.4136","-130.6721","-4.8579","7.4815","23.9693","-17.7483","3.5350","1.7766","null","null","null","90.0230","1950","6.1360",530524,518516,457763,474832,605412,467055,543063,593700,491676,457705,"54.3613","null","null","null","null","null","null","null",44,"2","2-Seam Fastball",1,0,0,1,0,1,0,1,"Infield shift","Strategic"
"SL","2018-06-21","85.7","-1.6934","6.6702","Tyson Ross",474832,475115,"null","ball",,,,,"11","null","R","L","R","SF","SD","B","null","null",2,2,2018,"0.5575","0.1881","-0.1498","3.8155","null","null","null",2,6,"Bot","null","null",,,454560,,"180622_034226","2.5192","-124.7417","-0.8985","5.1656","22.5421","-30.3646","3.0268","1.5503","null","null","null","84.3020","2371","5.1290",530524,475115,454560,543333,517369,570799,520471,571976,622534,592669,"55.3684","null","null","null","null","null","null","null",43,"6","Slider",1,0,1,0,0,1,1,0,"Infield shift","Standard"
"FF","2018-06-21","90.8","-1.9577","6.6565","Tyson Ross",474832,475115,"null","called_strike",,,,,"11","null","R","L","R","SF","SD","S","null","null",2,1,2018,"-0.2360","0.8320","-0.9910","3.1870","null","null","null",2,6,"Bot","null","null",,,454560,,"180622_034145","2.8588","-132.1774","-4.5336","-3.2039","22.5434","-22.0341","3.1725","1.4339","null","null","null","90.1310","2451","5.4150",530524,475115,454560,543333,517369,570799,520471,571976,622534,592669,"55.0822","null","null","null","null","null","null","null",43,"4","4-Seam Fastball",1,0,1,0,0,1,1,0,"Infield shift","Standard"
"FF","2018-06-21","90.8","-1.8547","6.6629","Tyson Ross",474832,475115,"null","ball",,,,,"11","null","R","L","R","SF","SD","B","null","null",1,1,2018,"-0.4074","1.1369","-1.0811","3.2586","null","null","null",2,6,"Bot","null","null",,,454560,,"180622_034129","2.7248","-132.1970","-4.9741","-5.1479","22.9404","-18.4822","3.0494","1.5052","null","null","null","89.9820","2441","5.3450",530524,475115,454560,543333,517369,570799,520471,571976,622534,592669,"55.1527","null","null","null","null","null","null","null",43,"3","4-Seam Fastball",1,0,1,0,0,1,1,0,"Infield shift","Standard"
"CH","2018-06-21","86.5","-1.9152","6.6548","Tyson Ross",474832,475115,"null","ball",,,,,"11","null","R","L","R","SF","SD","B","null","null",0,0,2018,"-0.8251","0.7219","-1.1084","3.1307","null","null","null",2,6,"Bot","null","null",,,454560,,"180622_034053","3.5058","-125.7576","-3.5848","-9.2322","24.7212","-24.2409","3.0719","1.5052","null","null","null","85.4350","1951","5.5800",530524,475115,454560,543333,517369,570799,520471,571976,622534,592669,"54.9175","null","null","null","null","null","null","null",43,"1","Changeup",1,0,1,0,0,1,1,0,"Infield shift","Standard"
"FF","2018-06-21","90.8","-1.9145","6.6295","Tyson Ross",457705,475115,"null","called_strike",,,,,"8","null","R","R","R","SF","SD","S","null","null",1,0,2018,"-0.0709","1.1542","-0.0051","1.9204","null","null","null",1,6,"Bot","null","null",,,454560,,"180622_034002","4.8395","-131.8960","-8.1578","-1.7268","25.0285","-17.7000","3.3680","1.7134","null","null","null","89.6680","2440","5.4480",530524,475115,454560,543333,517369,570799,520471,571976,622534,592669,"55.0497","null","null","null","null","null","null","null",42,"2","4-Seam Fastball",1,0,1,0,0,1,1,0,"Standard","Standard"
"FF","2018-06-21","88.8","-1.8272","6.5945","Tyson Ross",457705,475115,"null","ball",,,,,"14","null","R","R","R","SF","SD","B","null","null",0,0,2018,"-0.1587","0.8815","1.0456","0.5701","null","null","null",1,6,"Bot","null","null",,,454560,,"180622_033944","7.2237","-128.7879","-10.3191","-3.0891","24.2792","-20.8670","3.4357","1.6909","null","null","null","87.6180","2397","5.5220",530524,475115,454560,543333,517369,570799,520471,571976,622534,592669,"54.9752","null","null","null","null","null","null","null",42,"1","4-Seam Fastball",1,0,1,0,0,1,1,0,"Standard","Standard"
"FF","2018-06-21","90.2","-1.8162","6.6015","Tyson Ross",457763,475115,"null","ball",,,,,"14","null","R","R","R","SF","SD","B","null","null",0,1,2018,"0.0864","0.7592","2.6820","0.5471","null","null","null",0,6,"Bot","null","null",,,454560,,"180622_033823","10.7261","-130.3321","-10.2801","-1.4096","28.6202","-21.8839","3.4858","1.6708","null","null","null","87.8150","2576","5.2860",530524,475115,454560,543333,517369,570799,520471,571976,622534,592669,"55.2111","null","null","null","null","null","null","null",41,"2","4-Seam Fastball",1,0,1,0,0,1,1,0,"Standard","Standard"
"FF","2018-06-21","89.9","-1.9488","6.6460","Tyson Ross",457763,475115,"null","called_strike",,,,,"9","null","R","R","R","SF","SD","S","null","null",0,0,2018,"-0.1062","1.1834","0.7705","1.7774","null","null","null",0,6,"Bot","null","null",,,454560,,"180622_033809","6.8333","-130.4814","-8.4165","-2.4280","23.6676","-17.6228","3.5285","1.7160","null","null","null","88.8690","2425","5.4840",530524,475115,454560,543333,517369,570799,520471,571976,622534,592669,"55.0138","null","null","null","null","null","null","null",41,"1","4-Seam Fastball",1,0,1,0,0,1,1,0,"Standard","Standard"
"CH","2018-06-21","83.9","3.2269","5.6361","Madison Bumgarner",592669,518516,"null","ball",,,,,"14","null","R","R","L","SF","SD","B","null","null",1,1,2018,"1.0889","0.3145","1.3808","1.0653","null","null","null",2,6,"Top","null","null",,,457763,,"180622_033528","-6.3981","-122.1137","-4.8509","12.0470","21.3367","-28.3666","3.4432","1.6507","null","null","null","84.1790","1434","6.2070",530524,518516,457763,474832,605412,467055,543063,593700,491676,457705,"54.2902","null","null","null","null","null","null","null",40,"3","Changeup",1,0,0,1,0,1,0,1,"Infield shift","Standard"
"CH","2018-06-21","84.2","3.2690","5.6373","Madison Bumgarner",592669,518516,"null","ball",,,,,"14","null","R","R","L","SF","SD","B","null","null",0,0,2018,"1.2336","0.4828","1.7416","0.5064","null","null","null",2,6,"Top","null","null",,,457763,,"180622_033436","-5.9810","-122.4683","-6.5000","13.5525","23.1469","-26.2923","3.5109","1.6507","null","null","null","84.3030","1617","6.2830",530524,518516,457763,474832,605412,467055,543063,593700,491676,457705,"54.2140","null","null","null","null","null","null","null",40,"1","Changeup",1,0,0,1,0,1,0,1,"Infield shift","Standard"
"FC","2018-06-21","85.3","3.0960","5.7002","Madison Bumgarner",543333,518516,"null","called_strike",,,,,"7","null","R","L","L","SF","SD","S","null","null",1,1,2018,"-0.1109","0.3814","-0.6552","1.9388","null","null","null",1,6,"Top","null","null",,,457763,,"180622_033333","-8.5792","-124.0432","-3.3287","0.4704","23.3387","-27.8224","3.5911","1.8639","null","null","null","85.3220","2119","6.2050",530524,518516,457763,474832,605412,467055,543063,593700,491676,457705,"54.2928","null","null","null","null","null","null","null",39,"3","Cutter",1,0,0,1,0,1,0,1,"Standard","Strategic"
"FC","2018-06-21","84.6","3.2290","5.7181","Madison Bumgarner",543333,518516,"null","ball",,,,,"13","null","R","L","L","SF","SD","B","null","null",0,1,2018,"-0.2856","0.4304","-1.6456","1.1073","null","null","null",1,6,"Top","null","null",,,457763,,"180622_033308","-10.7687","-122.8254","-5.2735","-0.9877","21.8355","-27.0594","3.6463","1.7962","null","null","null","84.7030","2057","6.2520",530524,518516,457763,474832,605412,467055,543063,593700,491676,457705,"54.2458","null","null","null","null","null","null","null",39,"2","Cutter",1,0,0,1,0,1,0,1,"Standard","Strategic"
"FT","2018-06-21","91.6","3.1070","5.7603","Madison Bumgarner",543333,518516,"null","called_strike",,,,,"2","null","R","L","L","SF","SD","S","null","null",0,0,2018,"0.5586","1.3919","-0.0756","3.3096","null","null","null",1,6,"Top","null","null",,,457763,,"180622_033249","-9.2517","-133.0778","-3.3438","8.5634","27.1323","-15.0544","3.6814","1.8187","null","null","null","91.8620","2107","6.4210",530524,518516,457763,474832,605412,467055,543063,593700,491676,457705,"54.0762","null","null","null","null","null","null","null",39,"1","2-Seam Fastball",1,0,0,1,0,1,0,1,"Standard","Standard"
"FT","2018-06-21","91.0","3.1769","5.8011","Madison Bumgarner",571976,518516,"null","ball",,,,,"11","null","R","R","L","SF","SD","B","null","null",1,2,2018,"0.8958","1.2333","-0.5908","4.2972","null","null","null",0,6,"Top","null","null",,,457763,,"180622_033150","-11.3908","-132.1512","-0.5437","12.8232","25.7819","-17.6641","3.4206","1.5628","null","null","null","91.4150","2070","6.4600",530524,518516,457763,474832,605412,467055,543063,593700,491676,457705,"54.0373","null","null","null","null","null","null","null",38,"5","2-Seam Fastball",1,0,0,1,0,1,0,1,"Standard","Standard"
"CU","2018-06-21","75.8","3.0544","5.7245","Madison Bumgarner",571976,518516,"null","ball",,,,,"14","null","R","R","L","SF","SD","B","null","null",0,2,2018,"-0.7625","-0.6938","0.7567","0.3463","null","null","null",0,6,"Top","null","null",,,457763,,"180622_033122","-3.4351","-110.2855","-2.8875","-5.4692","20.3280","-37.4427","3.3303","1.4951","null","null","null","75.1120","2186","5.8710",530524,518516,457763,474832,605412,467055,543063,593700,491676,457705,"54.6259","null","null","null","null","null","null","null",38,"4","Curveball",1,0,0,1,0,1,0,1,"Standard","Standard"
"FC","2018-06-21","84.2","3.2485","5.7965","Madison Bumgarner",571976,518516,"null","called_strike",,,,,"6","null","R","R","L","SF","SD","S","null","null",0,1,2018,"-0.4149","0.3992","0.7491","2.2294","null","null","null",0,6,"Top","null","null",,,457763,,"180622_033031","-4.9651","-122.5600","-2.7029","-3.2119","23.0929","-27.8945","3.3629","1.5177","null","null","null","83.9840","2004","6.0250",530524,518516,457763,474832,605412,467055,543063,593700,491676,457705,"54.4728","null","null","null","null","null","null","null",38,"2","Cutter",1,0,0,1,0,1,0,1,"Strategic","Standard"
"FF","2018-06-21","91.0","-2.1030","6.7304","Tyson Ross",593700,475115,"null","ball",,,,,"13","null","R","L","R","SF","SD","B","null","null",0,0,2018,"-0.2907","1.0026","-1.1796","2.0512","null","605412.00","null",2,5,"Bot","null","null",,,454560,,"180622_032714","2.8502","-132.4216","-7.8603","-3.8083","21.8145","-19.5776","3.2350","1.6005","null","null","null","90.0220","2437","5.1830",530524,475115,454560,543333,517369,570799,520471,571976,622534,592669,"55.3148","null","null","null","null","null","null","null",37,"1","4-Seam Fastball",1,0,1,0,0,1,1,0,"Standard","Standard"
"FF","2018-06-21","91.8","-1.9962","6.6710","Tyson Ross",518516,475115,"null","ball",,,,,"14","null","R","R","R","SF","SD","B","null","null",2,1,2018,"-0.2116","1.1032","1.1890","2.0078","467055.00","605412.00","null",1,5,"Bot","null","null",,,454560,,"180622_032551","8.3758","-133.1607","-8.1705","-4.0869","25.6297","-17.9218","3.4131","1.6632","null","null","null","90.8370","2465","5.6470",530524,475115,454560,543333,517369,570799,520471,571976,622534,592669,"54.8505","null","null","null","null","null","null","null",36,"4","4-Seam Fastball",0,0,0,0,0,0,0,0,"Strategic","Standard"
"FF","2018-06-21","90.7","-1.9331","6.7000","Tyson Ross",518516,475115,"null","ball",,,,,"14","null","R","R","R","SF","SD","B","null","null",1,0,2018,"-0.2163","1.1305","0.9900","1.1932","467055.00","605412.00","null",1,5,"Bot","null","null",,,454560,,"180622_032458","7.6128","-131.5349","-10.0233","-3.8953","24.8597","-17.6739","3.5033","1.7309","null","null","null","89.4900","2520","5.4870",530524,475115,454560,543333,517369,570799,520471,571976,622534,592669,"55.0101","null","null","null","null","null","null","null",36,"2","4-Seam Fastball",0,0,0,0,0,0,0,0,"Strategic","Standard"
"FF","2018-06-21","92.3","-1.8862","6.6950","Tyson Ross",491676,475115,"null","ball",,,,,"12","null","R","R","R","SF","SD","B","null","null",1,1,2018,"0.0031","1.0127","0.6543","3.5059","467055.00","605412.00","null",0,5,"Bot","null","null",,,454560,,"180622_032321","6.3525","-134.2208","-4.4183","-1.1631","25.3574","-19.5900","3.1722","1.5729","null","null","null","91.3340","2345","5.4580",530524,475115,454560,543333,517369,570799,520471,571976,622534,592669,"55.0395","null","null","null","null","null","null","null",35,"3","4-Seam Fastball",0,0,0,0,0,0,0,0,"Strategic","Standard"
"FC","2018-06-21","88.4","-1.9750","6.6896","Tyson Ross",491676,475115,"null","ball",,,,,"14","null","R","R","R","SF","SD","B","null","null",0,0,2018,"0.2321","0.7180","2.0345","1.3634","467055.00","605412.00","null",0,5,"Bot","null","null",,,454560,,"180622_032227","9.1197","-128.2651","-8.2209","0.8448","23.2581","-23.1867","3.1663","1.5896","null","null","null","87.1320","2498","5.3700",530524,475115,454560,543333,517369,570799,520471,571976,622534,592669,"55.1271","null","null","null","null","null","null","null",35,"1","Cutter",0,0,0,0,0,0,0,0,"Strategic","Standard"
"FF","2018-06-21","91.1","-1.9813","6.7263","Tyson Ross",467055,475115,"null","ball",,,,,"12","null","R","L","R","SF","SD","B","null","null",0,0,2018,"-0.0654","1.1385","0.9154","3.0857","null","null","null",0,5,"Bot","null","null",,,454560,,"180622_031944","7.2969","-132.3253","-5.5802","-2.1282","24.9213","-18.2198","3.0359","1.5168","null","null","null","90.1890","2471","5.5690",530524,475115,454560,543333,517369,570799,520471,571976,622534,592669,"54.9286","null","null","null","null","null","null","null",33,"1","4-Seam Fastball",0,0,0,0,0,0,0,0,"Strategic","Standard"
"FC","2018-06-21","85.5","3.0783","5.7506","Madison Bumgarner",475115,518516,"null","called_strike",,,,,"7","null","R","R","L","SF","SD","S","null","null",0,1,2018,"0.2177","0.2538","-0.7274","1.9887","null","622534.00","454560.00",2,5,"Top","null","null",,,457763,,"180622_031557","-9.3403","-124.0368","-2.9945","4.2015","26.3585","-29.1956","3.6631","1.7426","null","null","null","84.7230","2094","6.0920",530524,518516,457763,474832,605412,467055,543063,593700,491676,457705,"54.4053","null","null","null","null","null","null","null",32,"2","Cutter",0,0,0,0,0,0,0,0,"Standard","Standard"
"FT","2018-06-21","89.4","3.0403","5.7666","Madison Bumgarner",622534,518516,"null","called_strike",,,,,"14","null","R","R","L","SF","SD","S","null","null",0,0,2018,"0.7935","1.2711","0.9969","1.5283","null","null","517369.00",1,5,"Top","null","null",,,457763,,"180622_031329","-6.6686","-129.8200","-7.0363","10.3216","27.4764","-16.6361","3.3550","1.5740","null","null","null","89.0020","2112","6.1810",530524,518516,457763,474832,605412,467055,543063,593700,491676,457705,"54.3167","null","null","null","null","null","null","null",30,"1","2-Seam Fastball",0,0,0,0,0,0,0,0,"Standard","Standard"
"FT","2018-06-21","88.8","3.1630","5.7774","Madison Bumgarner",520471,518516,"null","called_strike",,,,,"6","null","R","R","L","SF","SD","S","null","null",0,0,2018,"0.6142","1.2162","0.7354","2.5685","null","null","517369.00",0,5,"Top","null","null",,,457763,,"180622_031200","-7.2120","-129.1456","-4.3501","8.3085","25.7716","-17.9157","3.2340","1.5846","null","null","null","88.8390","2071","6.2490",530524,518516,457763,474832,605412,467055,543063,593700,491676,457705,"54.2486","null","null","null","null","null","null","null",29,"1","2-Seam Fastball",0,0,0,0,0,0,0,0,"Standard","Standard"
"CH","2018-06-21","82.0","3.1018","5.8101","Madison Bumgarner",517369,518516,"null","called_strike",,,,,"9","null","R","R","L","SF","SD","S","null","null",0,0,2018,"1.3189","0.7581","0.7919","1.4528","null","null","null",0,5,"Top","null","null",,,457763,,"180622_033807","-7.6986","-119.0596","-4.6783","13.9192","23.3938","-24.3572","3.3854","1.4779","null","null","null","81.4480","1472","6.0890",530524,518516,457763,474832,605412,467055,543063,593700,491676,457705,"54.4087","null","null","null","null","null","null","null",28,"1","Changeup",0,0,0,0,0,0,0,0,"Standard","Standard"
"FF","2018-06-21","92.3","-2.0548","6.6800","Tyson Ross",474832,475115,"null","ball",,,,,"11","null","R","L","R","SF","SD","B","null","null",0,0,2018,"-0.4014","1.0725","-1.3096","2.6100","null","null","457705.00",2,4,"Bot","null","null",,,454560,,"180622_030729","2.6813","-134.1976","-6.7037","-5.2336","25.9832","-18.5203","3.1112","1.4993","null","null","null","90.9980","2460","5.3100",530524,475115,454560,543333,517369,570799,520471,571976,622534,592669,"55.1878","null","null","null","null","null","null","null",26,"1","4-Seam Fastball",0,0,0,0,0,0,0,0,"Infield shift","Standard"
"FC","2018-06-21","90.7","-1.8327","6.5973","Tyson Ross",457705,475115,"walk","ball",,,,,"11","Andrew McCutchen walks.  ","R","R","R","SF","SD","B","null","null",3,2,2018,"0.3179","0.5433","-1.1997","3.3733","null","null","null",2,4,"Bot","null","null",,,454560,,"180622_030655","0.9122","-132.0178","-3.2768","3.4573","25.5565","-25.5636","3.3620","1.6623","null","null","null","89.7840","2547","5.5060",530524,475115,454560,543333,517369,570799,520471,571976,622534,592669,"54.9914","null","null","0.70",1,0,0,"null",25,"7","Cutter",0,0,0,0,0,0,0,0,"Standard","Standard"
"SL","2018-06-21","87.0","-1.7423","6.6014","Tyson Ross",457705,475115,"null","ball",,,,,"14","null","R","R","R","SF","SD","B","null","null",2,2,2018,"0.2881","-0.0575","2.2239","0.8322","null","null","null",2,4,"Bot","null","null",,,454560,,"180622_030623","8.7353","-126.3237","-7.4568","1.5177","21.3185","-31.7429","3.3620","1.6172","null","null","null","85.5780","2815","5.1110",530524,475115,454560,543333,517369,570799,520471,571976,622534,592669,"55.3863","null","null","null","null","null","null","null",25,"6","Slider",0,0,0,0,0,0,0,0,"Standard","Standard"
"FF","2018-06-21","91.5","-1.8308","6.5638","Tyson Ross",457705,475115,"null","ball",,,,,"14","null","R","R","R","SF","SD","B","null","null",1,2,2018,"0.1642","0.6985","1.3840","2.0865","null","null","null",2,4,"Bot","null","null",,,454560,,"180622_030543","7.6184","-132.8759","-6.7965","0.4784","24.7473","-23.0678","3.3395","1.6623","null","null","null","90.2770","2661","5.3620",530524,475115,454560,543333,517369,570799,520471,571976,622534,592669,"55.1354","null","null","null","null","null","null","null",25,"4","4-Seam Fastball",0,0,0,0,0,0,0,0,"Standard","Standard"
"SL","2018-06-21","86.6","-1.9478","6.6659","Tyson Ross",457705,475115,"null","called_strike",,,,,"5","null","R","R","R","SF","SD","S","null","null",1,0,2018,"0.4530","0.2536","0.1226","2.2085","null","null","null",2,4,"Bot","null","null",,,454560,,"180622_030514","3.9772","-125.9822","-4.9489","4.0397","20.8118","-28.9501","3.2943","1.5946","null","null","null","85.5270","2638","5.1960",530524,475115,454560,543333,517369,570799,520471,571976,622534,592669,"55.3009","null","null","null","null","null","null","null",25,"2","Slider",0,0,0,0,0,0,0,0,"Standard","Standard"
"FF","2018-06-21","88.9","-1.8513","6.6235","Tyson Ross",457705,475115,"null","ball",,,,,"14","null","R","R","R","SF","SD","B","null","null",0,0,2018,"-0.0566","0.5091","0.7466","0.6066","null","null","null",2,4,"Bot","null","null",,,454560,,"180622_030455","6.3600","-129.0845","-9.6104","-1.7621","23.2059","-25.1110","3.2943","1.5946","null","null","null","87.7920","2590","5.4070",530524,475115,454560,543333,517369,570799,520471,571976,622534,592669,"55.0900","null","null","null","null","null","null","null",25,"1","4-Seam Fastball",0,0,0,0,0,0,0,0,"Standard","Standard"
"FF","2018-06-21","90.2","-1.9004","6.6333","Tyson Ross",593700,475115,"null","ball",,,,,"13","null","R","L","R","SF","SD","B","null","null",1,2,2018,"0.0457","0.4315","-0.8727","1.0256","null","null","null",0,4,"Bot","null","null",,,454560,,"180622_030320","2.4106","-130.9180","-8.6596","-0.0077","27.9512","-25.8132","3.2065","1.6397","null","null","null","88.3640","2621","5.3090",530524,475115,454560,543333,517369,570799,520471,571976,622534,592669,"55.1881","null","null","null","null","null","null","null",23,"4","4-Seam Fastball",0,0,0,0,0,0,0,0,"Standard","Standard"
"SL","2018-06-21","84.5","-1.9390","6.7212","Tyson Ross",593700,475115,"null","called_strike",,,,,"5","null","R","L","R","SF","SD","S","null","null",1,1,2018,"0.3119","0.2564","-0.2685","2.3080","null","null","null",0,4,"Bot","null","null",,,454560,,"180622_030302","3.2201","-122.7759","-4.3131","2.3999","23.7683","-29.1278","3.0385","1.4591","null","null","null","82.6250","null","5.0680",530524,475115,454560,543333,517369,570799,520471,571976,622534,592669,"55.4291","null","null","null","null","null","null","null",23,"3","Slider",0,0,0,0,0,0,0,0,"Standard","Standard"
"FF","2018-06-21","91.7","-1.9344","6.6918","Tyson Ross",593700,475115,"null","ball",,,,,"11","null","R","L","R","SF","SD","B","null","null",0,1,2018,"-0.0337","1.0219","-1.1994","3.2040","null","null","null",0,4,"Bot","null","null",,,454560,,"180622_030249","1.8967","-133.3949","-5.0433","-0.7766","27.0800","-19.5291","3.2291","1.6849","null","null","null","90.4830","2692","5.4360",530524,475115,454560,543333,517369,570799,520471,571976,622534,592669,"55.0611","null","null","null","null","null","null","null",23,"2","4-Seam Fastball",0,0,0,0,0,0,0,0,"Standard","Standard"
"FC","2018-06-21","85.1","3.2295","5.6785","Madison Bumgarner",592669,518516,"strikeout","called_strike",,,,,"14","Hunter Renfroe called out on strikes.  ","R","R","L","SF","SD","S",2,"null",3,2,2018,"-0.3804","0.4653","0.9054","2.0602","null","null","null",1,4,"Top","null","null",,,457763,,"180622_025940","-4.6826","-123.8544","-3.1371","-3.0358","22.9623","-27.0262","3.4774","1.6121","null","null","null","85.1100","2123","6.1240",530524,518516,457763,474832,605412,467055,543063,593700,491676,457705,"54.3733","null","null","0.00",1,0,0,"null",21,"6","Cutter",0,0,0,0,0,0,0,0,"Infield shift","Standard"
"CU","2018-06-21","77.1","3.0897","5.7061","Madison Bumgarner",592669,518516,"null","ball",,,,,"14","null","R","R","L","SF","SD","B","null","null",2,2,2018,"-0.8639","-0.1630","1.2361","2.3565","null","null","null",1,4,"Top","null","null",,,457763,,"180622_025916","-2.3808","-112.2532","0.1157","-6.7720","19.9952","-33.7864","3.4824","1.6673","null","null","null","76.6430","2268","5.8920",530524,518516,457763,474832,605412,467055,543063,593700,491676,457705,"54.6052","null","null","null","null","null","null","null",21,"5","Curveball",0,0,0,0,0,0,0,0,"Infield shift","Standard"
"FT","2018-06-21","90.5","3.1185","5.7385","Madison Bumgarner",592669,518516,"null","called_strike",,,,,"6","null","R","R","L","SF","SD","S","null","null",2,1,2018,"0.6616","1.1543","0.6125","2.1832","null","null","null",1,4,"Top","null","null",,,457763,,"180622_025856","-7.6635","-131.5190","-5.3961","9.2748","27.0683","-17.8405","3.4549","1.5670","null","null","null","90.6200","2087","6.3660",530524,518516,457763,474832,605412,467055,543063,593700,491676,457705,"54.1313","null","null","null","null","null","null","null",21,"4","2-Seam Fastball",0,0,0,0,0,0,0,0,"Infield shift","Standard"
"CU","2018-06-21","76.7","3.1743","5.7936","Madison Bumgarner",592669,518516,"null","ball",,,,,"12","null","R","R","L","SF","SD","B","null","null",1,1,2018,"-0.8998","-0.4483","1.5465","2.7710","null","null","null",1,4,"Top","null","null",,,457763,,"180622_025837","-1.8389","-111.5633","1.3590","-6.9877","19.6544","-36.3080","3.4681","1.6756","null","null","null","75.6810","2351","5.5200",530524,518516,457763,474832,605412,467055,543063,593700,491676,457705,"54.9770","null","null","null","null","null","null","null",21,"3","Curveball",0,0,0,0,0,0,0,0,"Infield shift","Standard"
"FT","2018-06-21","90.3","2.9141","5.7849","Madison Bumgarner",592669,518516,"null","ball",,,,,"11","null","R","R","L","SF","SD","B","null","null",0,1,2018,"0.6410","1.2644","-1.3510","3.7701","null","null","null",1,4,"Top","null","null",,,457763,,"180622_025820","-11.9888","-131.0836","-1.7593","9.8582","26.4907","-17.3514","3.5359","1.6530","null","null","null","90.4950","2130","6.4400",530524,518516,457763,474832,605412,467055,543063,593700,491676,457705,"54.0573","null","null","null","null","null","null","null",21,"2","2-Seam Fastball",0,0,0,0,0,0,0,0,"Infield shift","Standard"
"FT","2018-06-21","91.0","2.9329","5.7933","Madison Bumgarner",592669,518516,"null","called_strike",,,,,"4","null","R","R","L","SF","SD","S","null","null",0,0,2018,"0.6512","1.2571","-0.2801","2.4217","null","null","null",1,4,"Top","null","null",,,457763,,"180622_025802","-9.4443","-132.2274","-5.2453","9.5826","27.0287","-16.5372","3.3954","1.6430","null","null","null","91.0720","2008","6.3180",530524,518516,457763,474832,605412,467055,543063,593700,491676,457705,"54.1797","null","null","null","null","null","null","null",21,"1","2-Seam Fastball",0,0,0,0,0,0,0,0,"Infield shift","Standard"
"FF","2018-06-21","92.4","-1.9202","6.6942","Tyson Ross",518516,475115,"null","called_strike",,,,,"8","null","R","R","R","SF","SD","S","null","null",1,0,2018,"-0.1673","1.3755","-0.0912","1.8012","null","null","null",2,3,"Bot","null","null",,,454560,,"180622_025355","4.9231","-134.1743","-9.4001","-2.9594","26.9643","-14.3284","3.4449","1.7728","null","null","null","91.1200","2493","5.4700",530524,475115,454560,543333,517369,570799,520471,571976,622534,592669,"55.0278","null","null","null","null","null","null","null",19,"2","4-Seam Fastball",0,0,0,0,0,0,0,0,"Standard","Standard"
"SL","2018-06-21","86.2","-1.8530","6.6602","Tyson Ross",518516,475115,"null","ball",,,,,"14","null","R","R","R","SF","SD","B","null","null",0,0,2018,"0.4619","0.0167","0.7863","1.3742","null","null","null",2,3,"Bot","null","null",,,454560,,"180622_025342","5.2491","-125.1862","-6.2379","3.6821","23.6607","-31.0863","3.5452","1.8179","null","null","null","84.4450","2715","5.1080",530524,475115,454560,543333,517369,570799,520471,571976,622534,592669,"55.3894","null","null","null","null","null","null","null",19,"1","Slider",0,0,0,0,0,0,0,0,"Standard","Standard"
"SL","2018-06-21","86.9","-1.8126","6.4776","Tyson Ross",491676,475115,"null","ball",,,,,"14","null","R","R","R","SF","SD","B","null","null",1,2,2018,"0.7033","0.1036","2.0591","1.0638","null","null","null",1,3,"Bot","null","null",,,454560,,"180622_025251","7.7410","-126.2370","-6.9423","6.0296","21.5326","-30.1305","3.2366","1.5696","null","null","null","85.8630","2695","5.3560",530524,475115,454560,543333,517369,570799,520471,571976,622534,592669,"55.1411","null","null","null","null","null","null","null",18,"4","Slider",0,0,0,0,0,0,0,0,"Standard","Standard"
"FC","2018-06-21","91.3","-1.8230","6.6180","Tyson Ross",491676,475115,"null","ball",,,,,"12","null","R","R","R","SF","SD","B","null","null",0,2,2018,"0.2799","0.7128","1.5680","2.5218","null","null","null",1,3,"Bot","null","null",,,454560,,"180622_025236","7.8106","-132.5337","-5.8244","1.6750","26.1502","-23.0745","3.2592","1.6147","null","null","null","90.0120","2602","5.4610",530524,475115,454560,543333,517369,570799,520471,571976,622534,592669,"55.0362","null","null","null","null","null","null","null",18,"3","Cutter",0,0,0,0,0,0,0,0,"Standard","Standard"
"SL","2018-06-21","85.7","-1.8906","6.6809","Tyson Ross",491676,475115,"null","called_strike",,,,,"3","null","R","R","R","SF","SD","S","null","null",0,0,2018,"0.2774","0.2561","0.3982","2.7524","null","null","null",1,3,"Bot","null","null",,,454560,,"180622_025203","4.7571","-124.6147","-3.5023","1.9538","21.7927","-29.2359","3.1488","1.5696","null","null","null","84.1380","2663","5.0150",530524,475115,454560,543333,517369,570799,520471,571976,622534,592669,"55.4829","null","null","null","null","null","null","null",18,"1","Slider",0,0,0,0,0,0,0,0,"Standard","Standard"
"FT","2018-06-21","91.6","-1.9943","6.5725","Tyson Ross",605412,475115,"null","ball",,,,,"13","null","R","L","R","SF","SD","B","null","null",0,1,2018,"-0.9667","0.6029","-0.1842","0.9781","null","null","null",0,3,"Bot","null","null",,,454560,,"180622_025058","6.4692","-132.9894","-9.4314","-12.4165","23.5471","-23.6886","3.1512","1.5377","null","null","null","90.7060","2391","5.4830",530524,475115,454560,543333,517369,570799,520471,571976,622534,592669,"55.0140","null","null","null","null","null","null","null",17,"2","2-Seam Fastball",0,0,0,0,0,0,0,0,"Standard","Standard"
"FF","2018-06-21","91.6","-2.0765","6.6720","Tyson Ross",605412,475115,"null","called_strike",,,,,"2","null","R","L","R","SF","SD","S","null","null",0,0,2018,"-0.3164","1.1748","0.0365","3.1229","null","null","null",0,3,"Bot","null","null",,,454560,,"180622_025045","5.8591","-133.1091","-5.4782","-4.7279","24.4161","-17.8370","3.1406","1.4951","null","null","null","90.2420","2494","5.2100",530524,475115,454560,543333,517369,570799,520471,571976,622534,592669,"55.2876","null","null","null","null","null","null","null",17,"1","4-Seam Fastball",0,0,0,0,0,0,0,0,"Standard","Standard"
"FT","2018-06-21","90.7","2.9339","5.7847","Madison Bumgarner",571976,518516,"null","ball",,,,,"12","null","R","R","L","SF","SD","B","null","null",1,2,2018,"0.5817","1.2277","0.6503","4.6298","null","622534.00","null",2,3,"Top","null","null",,,457763,,"180622_024812","-6.9631","-132.0086","0.3867","8.2432","26.8850","-18.0539","3.2451","1.5002","null","null","null","91.0030","2051","6.3630",530524,518516,457763,474832,605412,467055,543063,593700,491676,457705,"54.1346","null","null","null","null","null","null","null",16,"4","2-Seam Fastball",0,0,0,0,0,0,0,0,"Standard","Standard"
"FT","2018-06-21","90.5","2.9915","5.8801","Madison Bumgarner",571976,518516,"null","ball",,,,,"11","null","R","R","L","SF","SD","B","null","null",0,2,2018,"0.4117","1.1789","-0.3050","5.2369","null","622534.00","null",2,3,"Top","null","null",,,457763,,"180622_024738","-9.1495","-131.6328","1.8007","6.7213","27.2275","-18.9193","3.3354","1.5679","null","null","null","90.9950","2115","6.5540",530524,518516,457763,474832,605412,467055,543063,593700,491676,457705,"53.9431","null","null","null","null","null","null","null",16,"3","2-Seam Fastball",0,0,0,0,0,0,0,0,"Standard","Standard"
"FC","2018-06-21","85.6","3.2114","5.7667","Madison Bumgarner",571976,518516,"null","called_strike",,,,,"14","null","R","R","L","SF","SD","S","null","null",0,1,2018,"-0.2829","0.6881","0.9951","1.7117","null","622534.00","null",2,3,"Top","null","null",,,457763,,"180622_024711","-4.6483","-124.4540","-4.6373","-1.9699","25.3828","-24.3584","3.3906","1.5228","null","null","null","85.2930","2065","6.1730",530524,518516,457763,474832,605412,467055,543063,593700,491676,457705,"54.3243","null","null","null","null","null","null","null",16,"2","Cutter",0,0,0,0,0,0,0,0,"Strategic","Standard"
"CU","2018-06-21","76.5","3.1161","5.8030","Madison Bumgarner",571976,518516,"null","called_strike",,,,,"9","null","R","R","L","SF","SD","S","null","null",0,0,2018,"-0.6647","-0.5343","0.5519","2.0308","null","622534.00","null",2,3,"Top","null","null",,,457763,,"180622_024629","-4.1816","-111.1963","0.0563","-4.5445","21.2783","-36.7515","3.3680","1.5454","null","null","null","75.2590","2278","5.5910",530524,518516,457763,474832,605412,467055,543063,593700,491676,457705,"54.9069","null","null","null","null","null","null","null",16,"1","Curveball",0,0,0,0,0,0,0,0,"Standard","Standard"
"FT","2018-06-21","90.4","2.9410","5.8569","Madison Bumgarner",475115,518516,"null","ball",,,,,"12","null","R","R","L","SF","SD","B","null","null",2,1,2018,"0.6236","1.3573","0.5376","4.1532","null","622534.00","null",1,3,"Top","null","null",,,457763,,"180622_024519","-7.3541","-131.5143","-1.2506","8.7628","25.8562","-16.1924","3.6641","1.7536","null","null","null","91.0280","2143","6.5180",530524,518516,457763,474832,605412,467055,543063,593700,491676,457705,"53.9794","null","null","null","null","null","null","null",15,"4","2-Seam Fastball",0,0,0,0,0,0,0,0,"Standard","Standard"
"FC","2018-06-21","82.8","3.1075","5.8299","Madison Bumgarner",475115,518516,"null","called_strike",,,,,"8","null","R","R","L","SF","SD","S","null","null",2,0,2018,"-0.2492","0.3738","-0.0974","2.0982","null","622534.00","null",1,3,"Top","null","null",,,457763,,"180622_024458","-6.8088","-120.5504","-2.8287","-1.2789","20.3600","-28.2529","3.6290","1.7536","null","null","null","82.9430","2059","6.0610",530524,518516,457763,474832,605412,467055,543063,593700,491676,457705,"54.4360","null","null","null","null","null","null","null",15,"3","Cutter",0,0,0,0,0,0,0,0,"Standard","Standard"
"FT","2018-06-21","90.6","2.9843","5.8038","Madison Bumgarner",475115,518516,"null","ball",,,,,"12","null","R","R","L","SF","SD","B","null","null",1,0,2018,"0.7953","1.1950","0.8775","3.2729","null","622534.00","null",1,3,"Top","null","null",,,457763,,"180622_024436","-6.9926","-131.8069","-2.9727","10.7831","27.4166","-17.7425","3.7079","1.7534","null","null","null","90.9920","2133","6.4900",530524,518516,457763,474832,605412,467055,543063,593700,491676,457705,"54.0078","null","null","null","null","null","null","null",15,"2","2-Seam Fastball",0,0,0,0,0,0,0,0,"Standard","Standard"
"CU","2018-06-21","75.5","3.0132","5.7363","Madison Bumgarner",475115,518516,"null","ball",,,,,"12","null","R","R","L","SF","SD","B","null","null",0,0,2018,"-0.7857","-0.4697","0.8370","3.1202","null","622534.00","null",1,3,"Top","null","null",,,457763,,"180622_024413","-3.1229","-109.6562","2.4910","-5.5867","20.1317","-36.5762","3.7430","1.6988","null","null","null","74.3270","2258","5.6080",530524,518516,457763,474832,605412,467055,543063,593700,491676,457705,"54.8895","null","null","null","null","null","null","null",15,"1","Curveball",0,0,0,0,0,0,0,0,"Standard","Standard"
"CH","2018-06-21","82.2","3.0241","5.8670","Madison Bumgarner",454560,518516,"null","called_strike",,,,,"4","null","R","R","L","SF","SD","S","null","null",1,0,2018,"1.0210","0.9778","-0.3838","2.4236","null","622534.00","null",0,3,"Top","null","null",,,457763,,"180622_024204","-9.6656","-119.3631","-3.1209","11.5813","22.8704","-22.4763","3.2736","1.5914","null","null","null","81.9980","1602","6.2570",530524,518516,457763,474832,605412,467055,543063,593700,491676,457705,"54.2402","null","null","null","null","null","null","null",14,"2","Changeup",0,0,0,0,0,0,0,0,"Standard","Standard"
"FC","2018-06-21","83.9","3.1016","5.8551","Madison Bumgarner",454560,518516,"null","ball",,,,,"14","null","R","R","L","SF","SD","B","null","null",0,0,2018,"-0.2796","0.6555","0.0418","0.9016","null","622534.00","null",0,3,"Top","null","null",,,457763,,"180622_024143","-6.4807","-121.9310","-6.3134","-1.5935","22.0301","-24.7682","3.2635","1.6366","null","null","null","83.5290","2101","5.9320",530524,518516,457763,474832,605412,467055,543063,593700,491676,457705,"54.5655","null","null","null","null","null","null","null",14,"1","Cutter",0,0,0,0,0,0,0,0,"Standard","Standard"
"FC","2018-06-21","84.4","3.1042","5.8443","Madison Bumgarner",622534,518516,"null","called_strike",,,,,"8","null","R","R","L","SF","SD","S","null","null",0,0,2018,"-0.4523","0.4841","-0.2203","1.9275","null","null","null",0,3,"Top","null","null",,,457763,,"180622_024033","-6.7815","-122.6355","-3.6674","-3.2184","23.0599","-26.9058","3.1482","1.5011","null","null","null","83.7100","2115","5.8030",530524,518516,457763,474832,605412,467055,543063,593700,491676,457705,"54.6944","null","null","null","null","null","null","null",13,"1","Cutter",0,0,0,0,0,0,0,0,"Standard","Standard"
"FF","2018-06-21","94.3","-1.9327","6.6061","Tyson Ross",467055,475115,"null","ball",,,,,"11","null","R","L","R","SF","SD","B","null","null",0,2,2018,"-0.2188","1.1832","-1.2812","2.7493","null","null","null",2,2,"Bot","null","null",,,454560,,"180622_023805","2.1222","-137.0624","-6.7754","-3.1134","27.8443","-16.5373","3.0068","1.6007","null","null","null","92.9620","2362","5.3760",530524,475115,454560,543333,517369,570799,520471,571976,622534,592669,"55.1211","null","null","null","null","null","null","null",12,"3","4-Seam Fastball",0,0,0,0,0,0,0,0,"Standard","Standard"
"FF","2018-06-21","93.2","-1.9693","6.6792","Tyson Ross",467055,475115,"null","called_strike",,,,,"1","null","R","L","R","SF","SD","S","null","null",0,0,2018,"-0.3573","1.1926","-0.6840","2.7229","null","null","null",2,2,"Bot","null","null",,,454560,,"180622_023740","3.9844","-135.5016","-6.8556","-5.0648","26.3966","-16.7581","3.0168","1.5103","null","null","null","92.0060","2436","5.3780",530524,475115,454560,543333,517369,570799,520471,571976,622534,592669,"55.1197","null","null","null","null","null","null","null",12,"1","4-Seam Fastball",0,0,0,0,0,0,0,0,"Standard","Standard"
"FT","2018-06-21","92.2","-2.0384","6.5743","Tyson Ross",543063,475115,"null","ball",,,,,"11","null","R","L","R","SF","SD","B","null","null",0,0,2018,"-0.7563","0.5790","-1.7744","2.8138","null","null","null",1,2,"Bot","null","null",,,454560,,"180622_023649","2.2315","-134.1422","-4.9090","-9.3685","27.8535","-24.5825","3.2226","1.5881","null","null","null","91.1100","2444","5.5460",530524,475115,454560,543333,517369,570799,520471,571976,622534,592669,"54.9512","null","null","null","null","null","null","null",11,"1","2-Seam Fastball",0,0,0,0,0,0,0,0,"Strategic","Standard"
"FF","2018-06-21","90.9","-2.0416","6.4813","Tyson Ross",474832,475115,"null","ball",,,,,"14","null","R","L","R","SF","SD","B","null","null",1,2,2018,"-0.1945","0.9674","0.9781","0.1668","null","null","null",0,2,"Bot","null","null",,,454560,,"180622_023526","7.8333","-131.6038","-11.6800","-3.8377","27.3898","-19.0105","3.0029","1.5265","null","null","null","89.4480","2483","5.6310",530524,475115,454560,543333,517369,570799,520471,571976,622534,592669,"54.8660","null","null","null","null","null","null","null",10,"6","4-Seam Fastball",0,0,0,0,0,0,0,0,"Infield shift","Standard"
"FF","2018-06-21","92.4","-2.1183","6.5622","Tyson Ross",474832,475115,"null","ball",,,,,"11","null","R","L","R","SF","SD","B","null","null",0,2,2018,"-0.4826","1.3132","-0.0916","3.7610","null","null","null",0,2,"Bot","null","null",,,454560,,"180622_023511","6.0528","-134.3330","-4.0273","-6.8853","27.0982","-16.1961","3.0932","1.5491","null","null","null","90.9620","2421","5.3120",530524,475115,454560,543333,517369,570799,520471,571976,622534,592669,"55.1859","null","null","null","null","null","null","null",10,"5","4-Seam Fastball",0,0,0,0,0,0,0,0,"Infield shift","Standard"
"CH","2018-06-21","83.6","3.1543","5.8031","Madison Bumgarner",517369,518516,"null","called_strike",,,,,"6","null","R","R","L","SF","SD","S","null","null",0,0,2018,"0.8534","0.6559","0.7782","2.3753","null","null","null",1,2,"Top","null","null",,,457763,,"180622_023021","-7.1200","-121.5460","-2.7747","9.7506","22.3368","-25.3857","3.4486","1.6235","null","null","null","83.5550","1548","6.1650",530524,518516,457763,474832,605412,467055,543063,593700,491676,457705,"54.3322","null","null","null","null","null","null","null",8,"1","Changeup",0,0,0,0,0,0,0,0,"Standard","Standard"
"FT","2018-06-21","89.9","2.9235","5.9030","Madison Bumgarner",570799,518516,"null","ball",,,,,"11","null","R","R","L","SF","SD","B","null","null",2,1,2018,"0.7607","1.2775","-0.5102","4.1062","null","null","null",0,2,"Top","null","null",,,457763,,"180622_022925","-10.1571","-130.5925","-1.1844","10.8823","27.3038","-17.4224","3.4376","1.7018","null","null","null","90.1490","2141","6.5190",530524,518516,457763,474832,605412,467055,543063,593700,491676,457705,"53.9787","null","null","null","null","null","null","null",7,"4","2-Seam Fastball",0,0,0,0,0,0,0,0,"Infield shift","Standard"
"FC","2018-06-21","86.2","3.0826","5.8008","Madison Bumgarner",570799,518516,"null","called_strike",,,,,"5","null","R","R","L","SF","SD","S","null","null",2,0,2018,"-0.1884","0.9212","-0.1581","2.2564","null","null","null",0,2,"Top","null","null",,,457763,,"180622_022906","-7.3026","-125.3918","-4.0642","-0.5802","24.0804","-21.9107","3.4602","1.6340","null","null","null","86.1800","2064","6.1810",530524,518516,457763,474832,605412,467055,543063,593700,491676,457705,"54.3169","null","null","null","null","null","null","null",7,"3","Cutter",0,0,0,0,0,0,0,0,"Infield shift","Standard"
"CU","2018-06-21","76.6","3.0342","5.8714","Madison Bumgarner",570799,518516,"null","ball",,,,,"14","null","R","R","L","SF","SD","B","null","null",1,0,2018,"-0.4640","-0.7052","0.9925","1.8483","null","null","null",0,2,"Top","null","null",,,457763,,"180622_022847","-3.4413","-111.2868","-0.1640","-3.0365","21.9621","-38.0730","3.5053","1.6792","null","null","null","75.0890","2214","5.4920",530524,518516,457763,474832,605412,467055,543063,593700,491676,457705,"55.0055","null","null","null","null","null","null","null",7,"2","Curveball",0,0,0,0,0,0,0,0,"Infield shift","Standard"
"FT","2018-06-21","90.1","3.0270","5.8101","Madison Bumgarner",570799,518516,"null","ball",,,,,"12","null","R","R","L","SF","SD","B","null","null",0,0,2018,"1.0828","1.0630","1.8543","2.7568","null","null","null",0,2,"Top","null","null",,,457763,,"180622_022831","-5.2330","-131.1038","-3.8852","13.6295","28.1132","-19.2758","3.4828","1.6114","null","null","null","90.2840","1969","6.4340",530524,518516,457763,474832,605412,467055,543063,593700,491676,457705,"54.0632","null","null","null","null","null","null","null",7,"1","2-Seam Fastball",0,0,0,0,0,0,0,0,"Infield shift","Standard"
"FF","2018-06-21","91.6","-1.8833","6.6784","Tyson Ross",457705,475115,"null","called_strike",,,,,"1","null","R","R","R","SF","SD","S","null","null",0,0,2018,"-0.2732","1.3135","-0.5605","2.9946","null","null","457763.00",1,1,"Bot","null","null",,,454560,,"180622_022531","3.8457","-133.2474","-6.1248","-3.9295","26.2002","-15.9540","3.3608","1.6160","null","null","null","90.4930","2532","5.4410",530524,475115,454560,543333,517369,570799,520471,571976,622534,592669,"55.0568","null","null","null","null","null","null","null",6,"1","4-Seam Fastball",0,0,0,0,0,0,0,0,"Standard","Standard"
"SL","2018-06-21","85.4","-2.0307","6.6528","Tyson Ross",457763,475115,"walk","ball",,,,,"11","Buster Posey walks.  ","R","R","R","SF","SD","B","null","null",3,1,2018,"0.4246","0.2629","-1.0896","2.8269","null","null","null",1,1,"Bot","null","null",,,454560,,"180622_022452","1.3710","-124.2526","-3.2071","3.9793","22.9668","-29.2188","3.3433","1.6862","null","null","null","83.8130","2592","5.0760",530524,475115,454560,543333,517369,570799,520471,571976,622534,592669,"55.4218","null","null","0.70",1,0,0,"null",5,"5","Slider",0,0,0,0,0,0,0,0,"Standard","Standard"
"FF","2018-06-21","90.9","-2.0032","6.6341","Tyson Ross",457763,475115,"null","ball",,,,,"14","null","R","R","R","SF","SD","B","null","null",2,1,2018,"-0.3035","1.1746","1.2431","1.8324","null","null","null",1,1,"Bot","null","null",,,454560,,"180622_022438","8.6355","-131.8912","-8.4556","-5.1761","25.9752","-17.2913","3.3884","1.6636","null","null","null","89.8650","2517","5.6470",530524,475115,454560,543333,517369,570799,520471,571976,622534,592669,"54.8506","null","null","null","null","null","null","null",5,"4","4-Seam Fastball",0,0,0,0,0,0,0,0,"Standard","Standard"
"FF","2018-06-21","90.4","-2.0136","6.6073","Tyson Ross",457763,475115,"null","ball",,,,,"14","null","R","R","R","SF","SD","B","null","null",1,1,2018,"-0.1236","0.7367","2.2520","0.3813","null","null","null",1,1,"Bot","null","null",,,454560,,"180622_022414","10.6398","-130.6808","-10.7854","-3.5623","26.8701","-22.0186","3.4110","1.6185","null","null","null","88.5290","2512","5.4360",530524,475115,454560,543333,517369,570799,520471,571976,622534,592669,"55.0612","null","null","null","null","null","null","null",5,"3","4-Seam Fastball",0,0,0,0,0,0,0,0,"Standard","Standard"
"SL","2018-06-21","83.6","-2.0379","6.7335","Tyson Ross",457763,475115,"null","called_strike",,,,,"6","null","R","R","R","SF","SD","S","null","null",1,0,2018,"0.7505","-0.0273","0.3971","2.6081","null","null","null",1,1,"Bot","null","null",,,454560,,"180622_022401","4.1098","-121.5866","-3.0460","6.4871","20.8806","-32.1570","3.4085","1.6636","null","null","null","82.1970","2721","5.0980",530524,475115,454560,543333,517369,570799,520471,571976,622534,592669,"55.3994","null","null","null","null","null","null","null",5,"2","Slider",0,0,0,0,0,0,0,0,"Standard","Standard"
"FF","2018-06-21","91.7","-2.1385","6.6831","Tyson Ross",457763,475115,"null","ball",,,,,"14","null","R","R","R","SF","SD","B","null","null",0,0,2018,"-0.3354","1.4070","1.0921","2.1447","null","null","null",1,1,"Bot","null","null",,,454560,,"180622_022349","8.6848","-133.0010","-8.4019","-5.5343","25.3171","-14.5297","3.4110","1.6410","null","null","null","90.3310","2397","5.3830",530524,475115,454560,543333,517369,570799,520471,571976,622534,592669,"55.1143","null","null","null","null","null","null","null",5,"1","4-Seam Fastball",0,0,0,0,0,0,0,0,"Standard","Standard"
"SL","2018-06-21","84.5","-2.0548","6.7069","Tyson Ross",593700,475115,"null","called_strike",,,,,"2","null","R","L","R","SF","SD","S","null","null",0,1,2018,"0.2121","0.6399","-0.2031","2.9112","null","null","null",0,1,"Bot","null","null",,,454560,,"180622_022304","3.8196","-122.9619","-3.7039","1.4225","20.9805","-25.5293","3.1888","1.6554","null","null","null","83.0300","2571","4.9990",530524,475115,454560,543333,517369,570799,520471,571976,622534,592669,"55.4988","null","null","null","null","null","null","null",4,"2","Slider",0,0,0,0,0,0,0,0,"Standard","Standard"
"FF","2018-06-21","90.3","-2.2416","6.7222","Tyson Ross",593700,475115,"null","called_strike",,,,,"11","null","R","L","R","SF","SD","S","null","null",0,0,2018,"-0.7076","1.3198","-0.5914","3.3142","null","null","null",0,1,"Bot","null","null",,,454560,,"180622_022251","5.4323","-131.2557","-5.1537","-8.9741","25.7181","-16.6649","3.1825","1.6460","null","null","null","88.7590","2427","5.2240",530524,475115,454560,543333,517369,570799,520471,571976,622534,592669,"55.2734","null","null","null","null","null","null","null",4,"1","4-Seam Fastball",0,0,0,0,0,0,0,0,"Standard","Standard"
"CU","2018-06-21","77.5","3.1285","5.8534","Madison Bumgarner",592669,518516,"null","ball",,,,,"13","null","R","R","L","SF","SD","B","null","null",1,1,2018,"-0.7575","-0.7071","-0.5487","1.1442","null","null","null",2,1,"Top","null","null",,,457763,,"180622_021931","-6.4097","-112.5401","-1.8173","-5.0724","20.7302","-37.9364","3.4361","1.5758","null","null","null","76.2700","2251","5.5470",530524,518516,457763,474832,605412,467055,543063,593700,491676,457705,"54.9504","null","null","null","null","null","null","null",3,"3","Curveball",0,0,0,0,0,0,0,0,"Infield shift","Standard"
"FT","2018-06-21","90.4","3.0182","5.8769","Madison Bumgarner",592669,518516,"null","ball",,,,,"11","null","R","R","L","SF","SD","B","null","null",0,1,2018,"0.8500","1.3389","-0.9147","3.3394","null","null","null",2,1,"Top","null","null",,,457763,,"180622_021914","-11.4600","-131.0365","-3.1304","12.0147","26.7501","-16.5213","3.4587","1.6210","null","null","null","89.6060","2113","5.9380",530524,518516,457763,474832,605412,467055,543063,593700,491676,457705,"54.5599","null","null","null","null","null","null","null",3,"2","2-Seam Fastball",0,0,0,0,0,0,0,0,"Infield shift","Standard"
"CU","2018-06-21","76.2","3.0517","5.8445","Madison Bumgarner",592669,518516,"null","called_strike",,,,,"4","null","R","R","L","SF","SD","S","null","null",0,0,2018,"-0.9656","-0.2501","-0.2853","2.1340","null","null","null",2,1,"Top","null","null",,,457763,,"180622_021857","-5.2608","-110.8414","-0.3127","-6.8904","19.5078","-34.3830","3.4537","1.4980","null","null","null","75.5500","2240","5.7980",530524,518516,457763,474832,605412,467055,543063,593700,491676,457705,"54.6990","null","null","null","null","null","null","null",3,"1","Curveball",0,0,0,0,0,0,0,0,"Infield shift","Standard"
"FT","2018-06-21","90.7","3.0342","5.8950","Madison Bumgarner",543333,518516,"null","ball",,,,,"11","null","R","L","L","SF","SD","B","null","null",0,2,2018,"0.8286","1.1456","-0.1821","4.1192","null","null","null",1,1,"Top","null","null",,,457763,,"180622_021725","-9.7136","-131.7938","-0.9678","11.4498","24.9784","-18.9143","3.6167","1.8794","null","null","null","90.4660","2050","5.9820",530524,518516,457763,474832,605412,467055,543063,593700,491676,457705,"54.5154","null","null","null","null","null","null","null",2,"3","2-Seam Fastball",0,0,0,0,0,0,0,0,"Standard","Standard"