"pitch_type","game_date","release_speed","release_pos_x","release_pos_z","player_name","batter","pitcher","events","description","spin_dir","spin_rate_deprecated","break_angle_deprecated","break_length_deprecated","zone","des","game_type","stand","p_throws","home_team","away_team","type","hit_location","bb_type","balls","strikes","game_year","pfx_x","pfx_z","plate_x","plate_z","on_3b","on_2b","on_1b","outs_when_up","inning","inning_topbot","hc_x","hc_y","tfs_deprecated","tfs_zulu_deprecated","pos2_person_id","umpire","sv_id","vx0","vy0","vz0","ax","ay","az","sz_top","sz_bot","hit_distance_sc","launch_speed","launch_angle","effective_speed","release_spin_rate","release_extension","game_pk","pos1_person_id","pos2_person_id","pos3_person_id","pos4_person_id","pos5_person_id","pos6_person_id","pos7_person_id","pos8_person_id","pos9_person_id","release_pos_y","estimated_ba_using_speedangle","estimated_woba_using_speedangle","woba_value","woba_denom","babip_value","iso_value","launch_speed_angle","at_bat_number","pitch_number","pitch_name","home_score","away_score","bat_score","fld_score","post_away_score","post_home_score","post_bat_score","post_fld_score","if_fielding_alignment","of_fielding_alignment"
"CU","2018-07-13","84.2","-1.2897","5.4014","Sam Dyson",656305,473879,"null","ball",,,,,"14","null","R","R","R","SF","OAK","B","null","null",1,2,2018,"0.6910","-0.3094","0.3972","1.2091","null","null","null",2,9,"Top","null","null",,,457763,,"180714_053110","2.5501","-122.4662","-2.7435","6.2230","23.0182","-34.9203","3.3567","1.7693","null","null","null","82.6680","2994","5.1820",530819,473879,457763,474832,593700,488818,543063,491676,621453,457705,"55.3159","null","null","null","null","null","null","null",70,"4","Curveball",7,1,1,7,1,7,1,7,"Standard","Standard"
"FT","2018-07-13","94.5","-1.4221","5.3451","Sam Dyson",656305,473879,"null","called_strike",,,,,"9","null","R","R","R","SF","OAK","S","null","null",1,1,2018,"-1.5338","0.3071","0.4472","1.5112","null","null","null",2,9,"Top","null","null",,,457763,,"180714_053049","7.9362","-137.1243","-4.8568","-20.2967","28.2256","-27.6938","3.4916","1.5669","null","null","null","92.6020","2238","5.1590",530819,473879,457763,474832,593700,488818,543063,491676,621453,457705,"55.3382","null","null","null","null","null","null","null",70,"3","2-Seam Fastball",7,1,1,7,1,7,1,7,"Standard","Standard"
"CU","2018-07-13","83.8","-1.3857","5.3463","Sam Dyson",656305,473879,"null","ball",,,,,"11","null","R","R","R","SF","OAK","B","null","null",0,0,2018,"0.9001","-0.4475","-0.9837","3.1740","null","null","null",2,9,"Top","null","null",,,457763,,"180714_053007","-0.7412","-121.8296","2.1138","8.7598","21.6009","-37.0933","3.4017","1.6794","null","null","null","82.1950","2886","5.0430",530819,473879,457763,474832,593700,488818,543063,491676,621453,457705,"55.4548","null","null","null","null","null","null","null",70,"1","Curveball",7,1,1,7,1,7,1,7,"Standard","Standard"
"FT","2018-07-13","93.8","-1.3311","5.3822","Sam Dyson",621566,473879,"strikeout","called_strike",,,,,"1","Matt Olson called out on strikes.  ","R","L","R","SF","OAK","S",2,"null",1,2,2018,"-1.3302","0.5620","-0.5274","3.2206","null","null","null",1,9,"Top","null","null",,,457763,,"180714_052929","4.7988","-136.3662","-1.0835","-17.0550","27.1916","-25.4017","3.3852","1.8023","null","null","null","92.3670","2249","5.2740",530819,473879,457763,474832,593700,488818,543063,491676,621453,457705,"55.2232","null","null","0.00",1,0,0,"null",69,"4","2-Seam Fastball",7,1,1,7,1,7,1,7,"Infield shift","Standard"
"FT","2018-07-13","93.3","-1.4579","5.3367","Sam Dyson",621566,473879,"null","called_strike",,,,,"13","null","R","L","R","SF","OAK","S","null","null",1,1,2018,"-1.3603","0.4798","-0.8966","2.3699","null","null","null",1,9,"Top","null","null",,,457763,,"180714_052858","4.2483","-135.8060","-2.9269","-17.2443","25.6900","-26.0500","3.4813","1.7628","null","null","null","92.3290","2251","5.3870",530819,473879,457763,474832,593700,488818,543063,491676,621453,457705,"55.1101","null","null","null","null","null","null","null",69,"3","2-Seam Fastball",7,1,1,7,1,7,1,7,"Infield shift","Standard"
"FF","2018-07-13","95.2","-1.3450","5.5047","Sam Dyson",621566,473879,"null","ball",,,,,"14","null","R","L","R","SF","OAK","B","null","null",0,0,2018,"-0.2197","0.9617","2.1009","2.3985","null","null","null",1,9,"Top","null","null",,,457763,,"180714_052756","9.3609","-138.2224","-4.5568","-4.6302","27.6628","-19.4286","3.4340","1.7853","null","null","null","94.0630","2404","5.5160",530819,473879,457763,474832,593700,488818,543063,491676,621453,457705,"54.9814","null","null","null","null","null","null","null",69,"1","4-Seam Fastball",7,1,1,7,1,7,1,7,"Infield shift","Standard"
"FT","2018-07-13","94.6","-1.5216","5.3551","Sam Dyson",572039,473879,"null","ball",,,,,"12","null","R","R","R","SF","OAK","B","null","null",1,2,2018,"-1.2912","0.8063","1.0770","2.6208","null","null","null",0,9,"Top","null","null",,,457763,,"180714_052629","9.2968","-137.3965","-3.1531","-17.6203","26.4564","-21.9219","3.3187","1.6379","null","null","null","92.9750","2378","5.1370",530819,473879,457763,474832,593700,488818,543063,491676,621453,457705,"55.3599","null","null","null","null","null","null","null",68,"5","2-Seam Fastball",7,1,1,7,1,7,1,7,"Standard","Standard"
"SL","2018-07-13","84.7","-1.2918","5.4840","Sam Dyson",572039,473879,"null","ball",,,,,"14","null","R","R","R","SF","OAK","B","null","null",0,2,2018,"0.6478","0.1894","1.1718","2.0360","null","null","null",0,9,"Top","null","null",,,457763,,"180714_052605","4.4244","-123.2412","-2.1359","5.6715","20.4885","-30.1765","3.2513","1.6379","null","null","null","83.5200","2973","5.1500",530819,473879,457763,474832,593700,488818,543063,491676,621453,457705,"55.3479","null","null","null","null","null","null","null",68,"4","Slider",7,1,1,7,1,7,1,7,"Standard","Standard"
"FT","2018-07-13","93.0","-1.6311","5.3818","Sam Dyson",572039,473879,"null","called_strike",,,,,"5","null","R","R","R","SF","OAK","S","null","null",0,0,2018,"-1.6483","0.2690","-0.0134","2.4228","null","null","null",0,9,"Top","null","null",,,457763,,"180714_052445","7.4683","-134.9832","-2.2771","-21.0873","31.0969","-28.7718","3.4287","1.7728","null","null","null","90.9580","2235","5.3230",530819,473879,457763,474832,593700,488818,543063,491676,621453,457705,"55.1742","null","null","null","null","null","null","null",68,"1","2-Seam Fastball",7,1,1,7,1,7,1,7,"Standard","Standard"
"KC","2018-07-13","79.8","-3.2529","5.4979","Santiago Casilla",621453,433586,"null","called_strike",,,,,"5","null","R","L","R","SF","OAK","S","null","null",1,1,2018,"0.4869","-0.6843","0.0936","2.4300","null","null","488818.00",2,8,"Bot","null","null",,,518960,,"180714_052145","6.4135","-116.1023","1.1858","3.2491","20.0846","-38.7244","3.3693","1.6490","null","null","null","79.4700","2419","5.8970",530819,433586,518960,621566,640461,656305,543760,501981,592192,572039,"54.6001","null","null","null","null","null","null","null",67,"3","Knuckle Curve",7,1,7,1,1,7,7,1,"Standard","Standard"
"KC","2018-07-13","79.4","-3.3253","5.4897","Santiago Casilla",621453,433586,"null","ball",,,,,"14","null","R","L","R","SF","OAK","B","null","null",0,0,2018,"0.5692","-0.5974","0.9061","1.8528","null","null","488818.00",2,8,"Bot","null","null",,,518960,,"180714_052026","8.1425","-115.4044","-0.1126","3.5661","20.5800","-37.6499","3.3468","1.5140","null","null","null","78.8570","2494","5.8780",530819,433586,518960,621566,640461,656305,543760,501981,592192,572039,"54.6195","null","null","null","null","null","null","null",67,"1","Knuckle Curve",7,1,7,1,1,7,7,1,"Standard","Standard"
"FT","2018-07-13","93.9","-1.8767","5.4053","Santiago Casilla",488818,433586,"walk","ball",,,,,"14","Chase d'Arnaud walks.  ","R","R","R","SF","OAK","B","null","null",3,2,2018,"-1.3091","0.8593","0.9205","0.7543","null","null","null",2,8,"Bot","null","null",,,518960,,"180714_051941","10.1736","-136.3057","-8.2732","-18.5489","26.8185","-19.8687","3.2521","1.6797","null","null","null","94.4890","2563","6.5310",530819,433586,518960,621566,640461,656305,543760,501981,592192,572039,"53.9665","null","null","0.70",1,0,0,"null",66,"8","2-Seam Fastball",7,1,7,1,1,7,7,1,"Standard","Standard"
"KC","2018-07-13","80.3","-2.3044","5.3817","Santiago Casilla",488818,433586,"null","ball",,,,,"14","null","R","R","R","SF","OAK","B","null","null",2,2,2018,"0.7992","-0.7978","1.7552","1.1532","null","null","null",2,8,"Bot","null","null",,,518960,,"180714_051812","7.4290","-116.6169","-1.1209","5.6934","22.9618","-39.3453","3.2746","1.7247","null","null","null","79.4460","2538","5.9110",530819,433586,518960,621566,640461,656305,543760,501981,592192,572039,"54.5864","null","null","null","null","null","null","null",66,"5","Knuckle Curve",7,1,7,1,1,7,7,1,"Standard","Standard"
"FF","2018-07-13","93.6","-1.9218","5.4706","Santiago Casilla",488818,433586,"null","called_strike",,,,,"9","null","R","R","R","SF","OAK","S","null","null",2,1,2018,"-0.8956","1.4042","0.5545","1.7773","null","null","null",2,8,"Bot","null","null",,,518960,,"180714_051745","8.3872","-135.9241","-6.8417","-13.0679","32.2960","-13.4093","3.3420","1.8272","null","null","null","93.3990","2539","6.4720",530819,433586,518960,621566,640461,656305,543760,501981,592192,572039,"54.0253","null","null","null","null","null","null","null",66,"4","4-Seam Fastball",7,1,7,1,1,7,7,1,"Standard","Standard"
"FT","2018-07-13","94.5","-1.7117","5.5963","Santiago Casilla",488818,433586,"null","ball",,,,,"14","null","R","R","R","SF","OAK","B","null","null",1,1,2018,"-1.3831","0.8847","1.5767","2.0545","null","null","null",2,8,"Bot","null","null",,,518960,,"180714_051720","11.6300","-137.0973","-5.4757","-20.0064","29.9280","-20.0165","3.3870","1.8822","null","null","null","94.4060","2515","6.3710",530819,433586,518960,621566,640461,656305,543760,501981,592192,572039,"54.1266","null","null","null","null","null","null","null",66,"3","2-Seam Fastball",7,1,7,1,1,7,7,1,"Standard","Standard"
"SL","2018-07-13","90.1","-2.2729","5.3582","Santiago Casilla",488818,433586,"null","called_strike",,,,,"5","null","R","R","R","SF","OAK","S","null","null",1,0,2018,"-0.5249","1.2309","0.1908","2.7945","null","null","null",2,8,"Bot","null","null",,,518960,,"180714_051657","7.1871","-130.9768","-3.0038","-7.4328","25.8129","-17.6856","3.3645","1.7822","null","null","null","89.9370","2418","6.0930",530819,433586,518960,621566,640461,656305,543760,501981,592192,572039,"54.4039","null","null","null","null","null","null","null",66,"2","Slider",7,1,7,1,1,7,7,1,"Standard","Standard"
"FT","2018-07-13","93.7","-1.7432","5.5126","Santiago Casilla",488818,433586,"null","ball",,,,,"11","null","R","R","R","SF","OAK","B","null","null",0,0,2018,"-1.1795","1.3140","-1.5598","3.7915","null","null","null",2,8,"Bot","null","null",,,518960,,"180714_051622","3.0818","-136.3710","-1.5727","-15.3471","32.3885","-15.7509","3.2746","1.8147","null","null","null","93.4830","2507","6.3310",530819,433586,518960,621566,640461,656305,543760,501981,592192,572039,"54.1662","null","null","null","null","null","null","null",66,"1","2-Seam Fastball",7,1,7,1,1,7,7,1,"Standard","Standard"
"FF","2018-07-13","93.2","-1.8869","5.3939","Santiago Casilla",491676,433586,"null","ball",,,,,"14","null","R","R","R","SF","OAK","B","null","null",2,2,2018,"-0.9650","1.1823","1.0867","2.0678","null","null","null",1,8,"Bot","null","null",,,518960,,"180714_051516","9.8482","-135.4920","-5.4611","-14.1029","27.8853","-16.4411","3.2176","1.6621","null","null","null","94.0120","2263","6.6850",530819,433586,518960,621566,640461,656305,543760,501981,592192,572039,"53.8120","null","null","null","null","null","null","null",65,"5","4-Seam Fastball",7,1,7,1,1,7,7,1,"Standard","Standard"
"KC","2018-07-13","79.8","-2.4172","5.3123","Santiago Casilla",491676,433586,"null","ball",,,,,"14","null","R","R","R","SF","OAK","B","null","null",1,1,2018,"0.8934","-0.6333","2.4252","0.7829","null","null","null",1,8,"Bot","null","null",,,518960,,"180714_051423","8.9197","-115.8958","-2.0641","6.4109","20.2195","-37.6831","3.2400","1.6621","null","null","null","79.3180","2489","5.9110",530819,433586,518960,621566,640461,656305,543760,501981,592192,572039,"54.5866","null","null","null","null","null","null","null",65,"3","Knuckle Curve",7,1,7,1,1,7,7,1,"Standard","Standard"
"SL","2018-07-13","89.4","-2.3372","5.3654","Santiago Casilla",491676,433586,"null","called_strike",,,,,"6","null","R","R","R","SF","OAK","S","null","null",1,0,2018,"-0.4526","1.2503","0.3940","2.3149","null","null","null",1,8,"Bot","null","null",,,518960,,"180714_051403","7.6620","-130.0286","-4.1976","-6.5256","23.0387","-17.3419","3.3099","1.6846","null","null","null","89.7990","2430","6.2150",530819,433586,518960,621566,640461,656305,543760,501981,592192,572039,"54.2829","null","null","null","null","null","null","null",65,"2","Slider",7,1,7,1,1,7,7,1,"Standard","Standard"
"SL","2018-07-13","89.9","-2.2319","5.2761","Santiago Casilla",491676,433586,"null","ball",,,,,"14","null","R","R","R","SF","OAK","B","null","null",0,0,2018,"-0.6268","1.1905","0.9985","0.8405","null","null","null",1,8,"Bot","null","null",,,518960,,"180714_051345","9.2792","-130.5100","-7.5512","-8.8285","22.7756","-17.3488","3.3525","1.7746","null","null","null","90.1280","2438","6.1780",530819,433586,518960,621566,640461,656305,543760,501981,592192,572039,"54.3192","null","null","null","null","null","null","null",65,"1","Slider",7,1,7,1,1,7,7,1,"Standard","Standard"
"FT","2018-07-13","92.3","-3.0349","5.4332","Santiago Casilla",593700,433586,"null","called_strike",,,,,"8","null","R","L","R","SF","OAK","S","null","null",2,0,2018,"-1.3672","0.9888","-0.1700","1.8271","null","null","null",0,8,"Bot","null","null",,,518960,,"180714_051240","10.3401","-134.0967","-5.5653","-18.8251","27.1742","-19.1348","3.1810","1.5552","null","null","null","92.9600","2257","6.6250",530819,433586,518960,621566,640461,656305,543760,501981,592192,572039,"53.8720","null","null","null","null","null","null","null",64,"3","2-Seam Fastball",7,1,7,1,1,7,7,1,"Standard","Standard"
"KC","2018-07-13","78.5","-3.3477","5.3517","Santiago Casilla",593700,433586,"null","ball",,,,,"11","null","R","L","R","SF","OAK","B","null","null",1,0,2018,"0.7419","-0.6488","-1.2978","3.8017","null","null","null",0,8,"Bot","null","null",,,518960,,"180714_051220","3.0587","-114.0440","4.5977","5.8129","20.2213","-38.7836","3.2135","1.5102","null","null","null","77.7190","2240","5.7430",530819,433586,518960,621566,640461,656305,543760,501981,592192,572039,"54.7548","null","null","null","null","null","null","null",64,"2","Knuckle Curve",7,1,7,1,1,7,7,1,"Standard","Standard"
"KC","2018-07-13","76.8","-3.4269","5.4108","Santiago Casilla",593700,433586,"null","ball",,,,,"11","null","R","L","R","SF","OAK","B","null","null",0,0,2018,"0.4866","-0.7040","-2.1051","3.5837","null","null","null",0,8,"Bot","null","null",,,518960,,"180714_051205","1.9170","-111.6628","4.2633","3.6780","18.5641","-38.8956","3.1910","1.5102","null","null","null","76.1100","2335","5.6620",530819,433586,518960,621566,640461,656305,543760,501981,592192,572039,"54.8358","null","null","null","null","null","null","null",64,"1","Knuckle Curve",7,1,7,1,1,7,7,1,"Standard","Standard"
"FT","2018-07-13","92.6","-1.5672","5.3245","Sam Dyson",543760,473879,"null","ball",,,,,"14","null","R","R","R","SF","OAK","B","null","null",0,0,2018,"-1.3429","0.2215","0.4233","1.3352","null","null","null",0,8,"Top","null","null",,,457763,,"180714_050808","7.7514","-134.5579","-4.7967","-17.4017","26.7546","-28.8480","3.2834","1.6126","null","null","null","91.2510","2210","5.3620",530819,473879,457763,474832,593700,488818,543063,491676,621453,457705,"55.1349","null","null","null","null","null","null","null",61,"1","2-Seam Fastball",7,1,1,7,1,7,1,7,"Standard","Standard"
"KC","2018-07-13","79.8","-3.3310","5.4500","Santiago Casilla",467055,433586,"null","called_strike",,,,,"6","null","R","L","R","SF","OAK","S","null","null",0,0,2018,"0.5523","-0.7309","0.5837","2.3631","null","457763.00","null",2,7,"Bot","null","null",,,518960,,"180714_050426","7.5576","-116.1210","1.2180","3.7504","19.1587","-39.1876","2.8722","1.4323","null","null","null","79.9200","2431","6.1050",530819,433586,518960,621566,640461,656305,543760,501981,592192,572039,"54.3923","null","null","null","null","null","null","null",60,"1","Knuckle Curve",7,1,7,1,1,7,7,1,"Standard","Standard"
"SL","2018-07-13","88.9","-2.4019","5.3910","Santiago Casilla",457763,433586,"null","called_strike",,,,,"9","null","R","R","R","SF","OAK","S","null","null",2,1,2018,"-0.3130","1.1854","0.3963","1.7171","474832.00","null","null",2,7,"Bot","null","null",,,518960,,"180714_050258","7.4933","-129.2643","-5.4252","-5.0204","26.2324","-18.0363","3.3260","1.6701","null","null","null","88.8180","2376","6.2190",530819,433586,518960,621566,640461,656305,543760,501981,592192,572039,"54.2785","null","null","null","null","null","null","null",59,"4","Slider",6,1,6,1,1,6,6,1,"Standard","Standard"
"SL","2018-07-13","88.8","-2.2514","5.2258","Santiago Casilla",457763,433586,"null","ball",,,,,"14","null","R","R","R","SF","OAK","B","null","null",1,0,2018,"-0.2071","1.0695","0.9277","1.6734","474832.00","null","null",2,7,"Bot","null","null",,,518960,,"180714_050205","8.1891","-128.9943","-4.8518","-3.9689","26.1900","-19.4959","3.3659","1.6866","null","null","null","88.6400","2372","6.2290",530819,433586,518960,621566,640461,656305,543760,501981,592192,572039,"54.2682","null","null","null","null","null","null","null",59,"2","Slider",6,1,6,1,1,6,6,1,"Standard","Standard"
"FF","2018-07-13","94.5","-1.9151","5.4169","Santiago Casilla",457763,433586,"null","ball",,,,,"2","null","R","R","R","SF","OAK","B","null","null",0,0,2018,"-0.9931","1.2827","-0.1636","3.3350","474832.00","null","null",2,7,"Bot","null","null",,,518960,,"180714_050139","6.8024","-137.4308","-2.5803","-14.1649","31.9378","-15.5392","3.3404","1.3808","null","null","null","94.5530","2314","6.4610",530819,433586,518960,621566,640461,656305,543760,501981,592192,572039,"54.0362","null","null","null","null","null","null","null",59,"1","4-Seam Fastball",6,1,6,1,1,6,6,1,"Standard","Standard"
"FF","2018-07-13","92.9","-2.9206","5.5203","Santiago Casilla",543063,433586,"null","called_strike",,,,,"13","null","R","L","R","SF","OAK","S","null","null",1,1,2018,"-1.0154","1.2690","-0.9226","2.1126","null","474832.00","null",1,7,"Bot","null","null",,,518960,,"180714_050009","7.4279","-135.0209","-5.7692","-14.2281","30.4302","-15.3857","3.2228","1.6673","null","null","null","93.4220","2205","6.7410",530819,433586,518960,621566,640461,656305,543760,501981,592192,572039,"53.7563","null","null","null","null","null","null","null",58,"3","4-Seam Fastball",6,1,6,1,1,6,6,1,"Standard","Standard"
"FT","2018-07-13","91.9","-3.0459","5.5716","Santiago Casilla",543063,433586,"null","ball",,,,,"11","null","R","L","R","SF","OAK","B","null","null",0,0,2018,"-1.1304","0.9529","-2.2787","3.6287","621453.00","null","474832.00",1,7,"Bot","null","null",,,518960,,"180714_045838","4.4018","-133.8713","-1.2138","-14.5603","25.7405","-20.5695","3.1453","1.5323","null","null","null","92.5600","2348","6.3780",530819,433586,518960,621566,640461,656305,543760,501981,592192,572039,"54.1192","null","null","null","null","null","null","null",58,"1","2-Seam Fastball",5,1,5,1,1,5,5,1,"Standard","Standard"
"FF","2018-07-13","93.3","-2.0770","5.4708","Santiago Casilla",457705,433586,"null","called_strike",,,,,"9","null","R","R","R","SF","OAK","S","null","null",1,1,2018,"-0.8429","1.4081","0.4525","2.0927","488818.00","621453.00","474832.00",0,7,"Bot","null","null",,,518960,,"180714_045651","8.3751","-135.5227","-6.0299","-12.2355","29.1798","-13.6548","3.3460","1.7351","null","null","null","93.4640","2302","6.4500",530819,433586,518960,621566,640461,656305,543760,501981,592192,572039,"54.0477","null","null","null","null","null","null","null",57,"3","4-Seam Fastball",4,1,4,1,1,4,4,1,"Strategic","Standard"
"KC","2018-07-13","77.9","-2.5332","5.3819","Santiago Casilla",457705,433586,"null","called_strike",,,,,"8","null","R","R","R","SF","OAK","S","null","null",1,0,2018,"0.3663","-0.5313","0.2438","1.6942","488818.00","621453.00","474832.00",0,7,"Bot","null","null",,,518960,,"180714_045609","5.2508","-113.2743","-0.0228","2.0634","21.9177","-36.8934","3.3910","1.7126","null","null","null","76.9670","2223","5.7920",530819,433586,518960,621566,640461,656305,543760,501981,592192,572039,"54.7049","null","null","null","null","null","null","null",57,"2","Knuckle Curve",4,1,4,1,1,4,4,1,"Strategic","Standard"
"KC","2018-07-13","76.6","-2.5137","5.5166","Santiago Casilla",457705,433586,"null","ball",,,,,"11","null","R","R","R","SF","OAK","B","null","null",0,0,2018,"0.9830","-0.7522","-2.2601","5.7171","488818.00","621453.00","474832.00",0,7,"Bot","null","null",,,518960,,"180714_045537","-1.1712","-111.0188","8.6519","8.1441","19.5852","-40.0219","3.4360","1.7576","null","null","null","75.4450","2213","5.6330",530819,433586,518960,621566,640461,656305,543760,501981,592192,572039,"54.8641","null","null","null","null","null","null","null",57,"1","Knuckle Curve",4,1,4,1,1,4,4,1,"Strategic","Standard"
"SL","2018-07-13","81.3","3.1841","5.6709","Jeremy Bleich",621453,542946,"null","called_strike",,,,,"12","null","R","L","L","SF","OAK","S","null","null",0,0,2018,"-0.2703","-0.2741","0.9222","2.8263","593700.00","491676.00","488818.00",0,7,"Bot","null","null",,,518960,,"180714_045102","-4.5244","-118.3706","0.6369","-1.7803","19.3448","-35.0411","3.3918","1.6040","null","null","null","81.1160","2297","5.8110",530819,542946,518960,621566,640461,656305,543760,501981,592192,572039,"54.6864","null","null","null","null","null","null","null",55,"1","Slider",2,1,2,1,1,2,2,1,"Strategic","Standard"
"FF","2018-07-13","91.4","-1.6500","5.4751","Ryan Dull",488818,623430,"walk","ball",,,,,"14","Chase d'Arnaud walks.   Alen Hanson to 3rd.    Gorkys Hernandez to 2nd.  ","R","R","R","SF","OAK","B","null","null",3,1,2018,"-0.4940","1.2883","1.1635","1.6740","null","593700.00","491676.00",0,7,"Bot","null","null",,,518960,,"180714_044748","8.0569","-132.8062","-6.4177","-7.3120","24.8672","-16.0462","3.3645","1.7472","null","null","null","91.0560","2472","5.8800",530819,623430,518960,621566,640461,656305,543760,501981,592192,572039,"54.6176","null","null","0.70",1,0,0,"null",54,"5","4-Seam Fastball",2,1,2,1,1,2,2,1,"Strategic","Standard"
"FF","2018-07-13","90.9","-1.6967","5.4287","Ryan Dull",488818,623430,"null","called_strike",,,,,"14","null","R","R","R","SF","OAK","S","null","null",3,0,2018,"-0.4483","1.3010","0.9079","1.9824","null","593700.00","491676.00",0,7,"Bot","null","null",,,518960,,"180714_044720","7.3905","-132.1582","-5.4316","-6.6435","26.1595","-16.2905","3.4994","1.8497","null","null","null","90.2850","2494","5.8000",530819,623430,518960,621566,640461,656305,543760,501981,592192,572039,"54.6972","null","null","null","null","null","null","null",54,"4","4-Seam Fastball",2,1,2,1,1,2,2,1,"Standard","Standard"
"FF","2018-07-13","90.8","-1.7413","5.5002","Ryan Dull",488818,623430,"null","ball",,,,,"14","null","R","R","R","SF","OAK","B","null","null",1,0,2018,"-0.1842","1.4901","1.4868","1.6361","null","593700.00","491676.00",0,7,"Bot","null","null",,,518960,,"180714_044616","8.3484","-131.8768","-6.7964","-3.7380","25.6816","-13.9957","3.0048","1.4323","null","null","null","89.9240","2400","5.6670",530819,623430,518960,621566,640461,656305,543760,501981,592192,572039,"54.8304","null","null","null","null","null","null","null",54,"2","4-Seam Fastball",2,1,2,1,1,2,2,1,"Strategic","Standard"
"SL","2018-07-13","79.8","-1.8997","5.5439","Ryan Dull",488818,623430,"null","ball",,,,,"13","null","R","R","R","SF","OAK","B","null","null",0,0,2018,"0.6293","-0.4484","-0.7892","0.9382","null","593700.00","491676.00",0,7,"Bot","null","null",,,518960,,"180714_044528","1.2842","-116.1415","-2.5754","5.2517","21.1626","-35.8792","3.0273","1.3423","null","null","null","78.3680","2531","5.2070",530819,623430,518960,621566,640461,656305,543760,501981,592192,572039,"55.2901","null","null","null","null","null","null","null",54,"1","Slider",2,1,2,1,1,2,2,1,"Strategic","Standard"
"FF","2018-07-13","89.7","-1.5670","5.5241","Ryan Dull",491676,623430,"null","ball",,,,,"12","null","R","R","R","SF","OAK","B","null","null",1,2,2018,"-0.0936","1.1551","1.0270","4.0771","null","null","593700.00",0,7,"Bot","null","null",,,518960,,"180714_044401","6.5208","-130.5285","-0.0172","-2.3000","25.0333","-19.4539","3.2401","1.6846","null","null","null","88.9140","2376","5.6000",530819,623430,518960,621566,640461,656305,543760,501981,592192,572039,"54.8973","null","null","null","null","null","null","null",53,"6","4-Seam Fastball",2,1,2,1,1,2,2,1,"Standard","Standard"
"FF","2018-07-13","91.8","-1.6660","5.4114","Ryan Dull",491676,623430,"null","called_strike",,,,,"12","null","R","R","R","SF","OAK","S","null","null",0,1,2018,"-0.6103","1.1588","0.8384","2.7678","null","null","593700.00",0,7,"Bot","null","null",,,518960,,"180714_044147","7.5960","-133.5370","-3.3467","-8.7355","25.7506","-17.9306","3.2200","1.5947","null","null","null","91.7010","2338","6.0140",530819,623430,518960,621566,640461,656305,543760,501981,592192,572039,"54.4839","null","null","null","null","null","null","null",53,"2","4-Seam Fastball",2,1,2,1,1,2,2,1,"Strategic","Standard"
"SL","2018-07-13","79.9","-1.7542","5.4965","Ryan Dull",491676,623430,"null","called_strike",,,,,"1","null","R","R","R","SF","OAK","S","null","null",0,0,2018,"0.8273","-0.0515","-0.4907","2.9843","null","null","593700.00",0,7,"Bot","null","null",,,518960,,"180714_044120","1.2704","-116.3399","1.1436","7.0884","18.7094","-33.0472","3.1076","1.4822","null","null","null","78.8430","2529","5.1940",530819,623430,518960,621566,640461,656305,543760,501981,592192,572039,"55.3029","null","null","null","null","null","null","null",53,"1","Slider",2,1,2,1,1,2,2,1,"Strategic","Standard"
"CH","2018-07-13","85.8","-2.0598","5.5304","Ryan Dull",593700,623430,"null","ball",,,,,"14","null","R","L","R","SF","OAK","B","null","null",0,1,2018,"-0.5671","0.0771","0.3537","-0.2884","null","null","null",0,7,"Bot","null","null",,,518960,,"180714_044007","6.6935","-124.5591","-7.5120","-7.0419","24.3379","-30.1803","3.2753","1.6394","null","null","null","84.4180","1210","5.4540",530819,623430,518960,621566,640461,656305,543760,501981,592192,572039,"55.0436","null","null","null","null","null","null","null",52,"2","Changeup",2,1,2,1,1,2,2,1,"Standard","Standard"
"FF","2018-07-13","90.6","-1.9283","5.5060","Ryan Dull",593700,623430,"null","called_strike",,,,,"6","null","R","L","R","SF","OAK","S","null","null",0,0,2018,"-0.4569","1.3963","0.6789","2.4313","null","null","null",0,7,"Bot","null","null",,,518960,,"180714_043948","7.3361","-131.7026","-4.6105","-6.6024","25.1749","-15.6343","3.1303","1.6169","null","null","null","89.5900","2379","5.4980",530819,623430,518960,621566,640461,656305,543760,501981,592192,572039,"54.9990","null","null","null","null","null","null","null",52,"1","4-Seam Fastball",2,1,2,1,1,2,2,1,"Standard","Standard"
"FF","2018-07-13","97.8","-1.1286","5.3965","Reyes Moronta",605361,606625,"null","ball",,,,,"12","null","R","L","R","SF","OAK","B","null","null",1,0,2018,"-0.3324","1.2795","0.3220","3.6347","572039.00","621566.00","656305.00",2,7,"Top","null","null",,,457763,,"180714_043655","4.6484","-142.4039","-2.1826","-5.5236","31.9272","-14.6587","3.2825","1.7020","null","null","null","97.5240","2592","6.0430",530819,606625,457763,474832,593700,467055,543063,491676,621453,457705,"54.4547","null","null","null","null","null","null","null",51,"2","4-Seam Fastball",2,1,1,2,1,2,1,2,"Standard","Standard"
"SL","2018-07-13","81.9","-1.3054","5.1330","Reyes Moronta",518960,606625,"null","called_strike",,,,,"9","null","R","R","R","SF","OAK","S","null","null",0,1,2018,"1.4020","0.0062","0.3404","1.7892","572039.00","621566.00","656305.00",1,7,"Top","null","null",,,457763,,"180714_043451","1.0599","-119.3557","-1.0650","13.0329","21.2768","-32.1502","3.3355","1.6768","null","null","null","81.5630","2531","5.8110",530819,606625,457763,474832,593700,467055,543063,491676,621453,457705,"54.6865","null","null","null","null","null","null","null",50,"2","Slider",2,1,1,2,1,2,1,2,"Standard","Standard"
"FF","2018-07-13","98.5","-1.0996","5.3813","Reyes Moronta",640461,606625,"null","ball",,,,,"14","null","R","R","R","SF","OAK","B","null","null",1,2,2018,"-0.2106","1.4458","0.8977","1.7341","572039.00","621566.00","656305.00",0,7,"Top","null","null",,,457763,,"180714_043253","5.8688","-143.1821","-7.7446","-4.1257","30.3794","-10.9674","3.2958","1.5619","null","null","null","98.2470","2597","6.0220",530819,606625,457763,474832,593700,467055,543063,491676,621453,457705,"54.4753","null","null","null","null","null","null","null",49,"5","4-Seam Fastball",2,1,1,2,1,2,1,2,"Standard","Standard"
"FF","2018-07-13","96.5","-1.1392","5.4667","Reyes Moronta",640461,606625,"null","ball",,,,,"11","null","R","R","R","SF","OAK","B","null","null",0,1,2018,"0.0181","1.3993","-1.3801","3.9963","572039.00","621566.00","656305.00",0,7,"Top","null","null",,,457763,,"180714_043117","-0.6770","-140.6393","-1.5242","0.3785","29.1942","-13.6862","3.2733","1.5394","null","null","null","96.2930","2643","5.8940",530819,606625,457763,474832,593700,467055,543063,491676,621453,457705,"54.6038","null","null","null","null","null","null","null",49,"2","4-Seam Fastball",2,1,1,2,1,2,1,2,"Standard","Standard"
"SL","2018-07-13","80.8","-1.3630","5.2483","Reyes Moronta",640461,606625,"null","called_strike",,,,,"4","null","R","R","R","SF","OAK","S","null","null",0,0,2018,"1.2250","0.2347","-0.7459","2.6226","572039.00","621566.00","656305.00",0,7,"Top","null","null",,,457763,,"180714_043059","-0.8675","-117.5622","0.2979","11.2523","20.2914","-30.3336","3.1910","1.5270","null","null","null","79.9470","2494","5.5050",530819,606625,457763,474832,593700,467055,543063,491676,621453,457705,"54.9926","null","null","null","null","null","null","null",49,"1","Slider",2,1,1,2,1,2,1,2,"Standard","Standard"
"FC","2018-07-13","86.4","3.1144","5.7023","Madison Bumgarner",656305,518516,"null","ball",,,,,"14","null","R","R","L","SF","OAK","B","null","null",2,2,2018,"0.0346","0.3472","1.0380","1.4547","null","572039.00","621566.00",0,7,"Top","null","null",,,457763,,"180714_043838","-5.0002","-125.7570","-4.6162","1.3346","24.3886","-27.8288","3.3122","1.6566","null","null","null","86.3190","2053","6.1230",530819,518516,457763,474832,593700,467055,543063,491676,621453,457705,"54.3741","null","null","null","null","null","null","null",48,"5","Cutter",2,1,1,2,1,2,1,2,"Standard","Standard"
"FC","2018-07-13","85.2","3.1324","5.7613","Madison Bumgarner",656305,518516,"null","ball",,,,,"14","null","R","R","L","SF","OAK","B","null","null",1,1,2018,"-0.0188","0.3285","1.2664","1.5197","null","572039.00","621566.00",0,7,"Top","null","null",,,457763,,"180714_043838","-4.3351","-124.0971","-4.3775","0.5797","22.1664","-28.2005","3.3572","1.6791","null","null","null","85.3920","2172","6.1200",530819,518516,457763,474832,593700,467055,543063,491676,621453,457705,"54.3778","null","null","null","null","null","null","null",48,"3","Cutter",2,1,1,2,1,2,1,2,"Standard","Standard"
"FC","2018-07-13","87.0","2.9981","5.7360","Madison Bumgarner",621566,518516,"walk","ball",,,,,"13","Matt Olson walks.   Stephen Piscotty to 2nd.  ","R","L","L","SF","OAK","B","null","null",3,2,2018,"-0.0148","0.5107","-0.1273","1.2594","null","null","572039.00",0,7,"Top","null","null",,,457763,,"180714_042405","-7.4239","-126.4424","-5.5520","1.3577","25.8039","-25.8481","3.4058","1.8021","null","null","null","86.5370","2177","6.0620",530819,518516,457763,474832,593700,467055,543063,491676,621453,457705,"54.4350","null","null","0.70",1,0,0,"null",47,"9","Cutter",2,1,1,2,1,2,1,2,"Standard","Standard"
"FT","2018-07-13","91.6","2.9212","5.8000","Madison Bumgarner",621566,518516,"null","ball",,,,,"12","null","R","L","L","SF","OAK","B","null","null",2,2,2018,"0.8044","0.9629","0.5506","4.0611","null","null","572039.00",0,7,"Top","null","null",,,457763,,"180714_042146","-7.7031","-133.2933","-0.6350","11.1301","26.4646","-20.7586","3.3608","1.6671","null","null","null","91.7890","2049","6.2300",530819,518516,457763,474832,593700,467055,543063,491676,621453,457705,"54.2677","null","null","null","null","null","null","null",47,"5","2-Seam Fastball",2,1,1,2,1,2,1,2,"Standard","Standard"
"FT","2018-07-13","91.7","2.8435","5.8085","Madison Bumgarner",621566,518516,"null","called_strike",,,,,"2","null","R","L","L","SF","OAK","S","null","null",2,1,2018,"0.6312","0.8188","0.0061","3.3659","null","null","572039.00",0,7,"Top","null","null",,,457763,,"180714_042121","-8.5340","-133.3651","-2.1384","9.2134","25.3608","-22.1123","3.4307","1.7796","null","null","null","92.1500","2032","6.3280",530819,518516,457763,474832,593700,467055,543063,491676,621453,457705,"54.1691","null","null","null","null","null","null","null",47,"4","2-Seam Fastball",2,1,1,2,1,2,1,2,"Standard","Standard"
"FC","2018-07-13","85.4","3.1125","5.8003","Madison Bumgarner",621566,518516,"null","ball",,,,,"13","null","R","L","L","SF","OAK","B","null","null",1,0,2018,"0.0014","0.4733","-0.9685","2.0289","null","null","572039.00",0,7,"Top","null","null",,,457763,,"180714_042024","-9.5408","-124.1313","-3.5676","1.6717","21.5616","-26.8829","3.3383","1.7571","null","null","null","85.2670","2165","5.9690",530819,518516,457763,474832,593700,467055,543063,491676,621453,457705,"54.5285","null","null","null","null","null","null","null",47,"2","Cutter",2,1,1,2,1,2,1,2,"Standard","Standard"
"FC","2018-07-13","86.1","3.1504","5.7469","Madison Bumgarner",621566,518516,"null","ball",,,,,"12","null","R","L","L","SF","OAK","B","null","null",0,0,2018,"-0.0869","0.3504","1.0552","2.9547","null","null","572039.00",0,7,"Top","null","null",,,457763,,"180714_042005","-4.7917","-125.4290","-1.1608","-0.0368","23.0457","-28.4648","3.4283","1.8471","null","null","null","86.3250","2119","6.1650",530819,518516,457763,474832,593700,467055,543063,491676,621453,457705,"54.3325","null","null","null","null","null","null","null",47,"1","Cutter",2,1,1,2,1,2,1,2,"Standard","Standard"
"FC","2018-07-13","91.5","-1.9714","5.6932","Edwin Jackson",467055,429719,"null","ball",,,,,"14","null","R","L","R","SF","OAK","B","null","null",1,1,2018,"0.1293","0.8243","2.3843","1.4841","null","457705.00","457763.00",2,6,"Bot","null","null",,,518960,,"180714_041442","10.6537","-132.8198","-6.5211","-0.4265","24.4598","-21.3821","3.0364","1.5166","null","null","null","91.5540","2236","6.1430",530819,429719,518960,621566,640461,656305,543760,501981,592192,572039,"54.3539","null","null","null","null","null","null","null",45,"3","Cutter",2,1,2,1,1,2,2,1,"Standard","Standard"
"CH","2018-07-13","86.7","-2.2669","5.6627","Edwin Jackson",467055,429719,"null","ball",,,,,"13","null","R","L","R","SF","OAK","B","null","null",0,1,2018,"-1.5668","0.9693","-0.6903","0.9163","null","457705.00","457763.00",2,6,"Bot","null","null",,,518960,,"180714_041416","6.9881","-125.9406","-7.1647","-18.1396","23.6334","-20.6121","3.0364","1.5616","null","null","null","87.0850","2158","6.4580",530819,429719,518960,621566,640461,656305,543760,501981,592192,572039,"54.0399","null","null","null","null","null","null","null",45,"2","Changeup",2,1,2,1,1,2,2,1,"Standard","Standard"
"SL","2018-07-13","85.1","-2.0363","5.8170","Edwin Jackson",457763,429719,"null","ball",,,,,"11","null","R","R","R","SF","OAK","B","null","null",0,0,2018,"0.2429","-0.1395","-0.9065","3.2916","null","621453.00","457705.00",2,6,"Bot","null","null",,,518960,,"180714_041158","2.1569","-123.9641","0.5724","2.0948","22.0346","-33.9145","3.3451","1.5519","null","null","null","84.8530","2307","5.8210",530819,429719,518960,621566,640461,656305,543760,501981,592192,572039,"54.6765","null","null","null","null","null","null","null",44,"1","Slider",1,1,1,1,1,1,1,1,"Standard","Standard"
"FC","2018-07-13","89.1","-2.0085","5.8684","Edwin Jackson",457705,429719,"null","ball",,,,,"14","null","R","R","R","SF","OAK","B","null","null",0,1,2018,"-0.0901","0.8559","1.2903","1.6203","null","null","621453.00",1,6,"Bot","null","null",,,518960,,"180714_040657","8.1735","-129.4559","-6.1232","-2.5031","23.8577","-21.7956","3.3628","1.7294","null","null","null","88.3570","2447","5.6470",530819,429719,518960,621566,640461,656305,543760,501981,592192,572039,"54.8503","null","null","null","null","null","null","null",42,"2","Cutter",1,1,1,1,1,1,1,1,"Standard","Standard"
"FT","2018-07-13","90.1","-2.1166","5.7657","Edwin Jackson",621453,429719,"walk","ball",,,,,"11","Steven Duggar walks.  ","R","L","R","SF","OAK","B","null","null",3,1,2018,"-0.9760","1.0978","-1.5226","3.0032","null","null","null",0,6,"Bot","null","null",,,518960,,"180714_040132","3.5506","-131.2162","-3.2606","-12.0206","26.8070","-19.0122","3.3636","1.6883","null","null","null","90.3750","1915","6.3330",530819,429719,518960,621566,640461,656305,543760,501981,592192,572039,"54.1644","null","null","0.70",1,0,0,"null",40,"5","2-Seam Fastball",1,1,1,1,1,1,1,1,"Standard","Standard"
"FT","2018-07-13","90.9","-2.1930","5.7559","Edwin Jackson",621453,429719,"null","ball",,,,,"11","null","R","L","R","SF","OAK","B","null","null",2,1,2018,"-0.9356","1.0573","-0.8982","3.1985","null","null","null",0,6,"Bot","null","null",,,518960,,"180714_040112","5.2471","-132.2883","-2.7806","-12.0770","27.2250","-19.3824","3.4086","1.6883","null","null","null","91.0820","1916","6.3120",530819,429719,518960,621566,640461,656305,543760,501981,592192,572039,"54.1853","null","null","null","null","null","null","null",40,"4","2-Seam Fastball",1,1,1,1,1,1,1,1,"Standard","Standard"
"FT","2018-07-13","93.1","-2.1603","5.7266","Edwin Jackson",621453,429719,"null","ball",,,,,"11","null","R","L","R","SF","OAK","B","null","null",1,1,2018,"-1.0114","1.0857","-1.3554","3.6439","null","null","null",0,6,"Bot","null","null",,,518960,,"180714_040052","4.2707","-135.5220","-1.9217","-13.3375","31.0578","-18.6977","3.4311","1.7332","null","null","null","92.8350","2010","6.2210",530819,429719,518960,621566,640461,656305,543760,501981,592192,572039,"54.2767","null","null","null","null","null","null","null",40,"3","2-Seam Fastball",1,1,1,1,1,1,1,1,"Standard","Standard"
"CU","2018-07-13","78.5","-1.9814","5.8535","Edwin Jackson",621453,429719,"null","ball",,,,,"13","null","R","L","R","SF","OAK","B","null","null",0,0,2018,"0.4053","-0.4890","-0.5713","1.0365","null","null","null",0,6,"Bot","null","null",,,518960,,"180714_040007","2.2933","-114.2395","-2.6983","3.0568","20.3538","-36.1194","3.2962","1.5758","null","null","null","77.6370","2429","5.5950",530819,429719,518960,621566,640461,656305,543760,501981,592192,572039,"54.9025","null","null","null","null","null","null","null",40,"1","Curveball",1,1,1,1,1,1,1,1,"Standard","Standard"
"CU","2018-07-13","77.8","3.0937","5.6725","Madison Bumgarner",592192,518516,"null","ball",,,,,"13","null","R","R","L","SF","OAK","B","null","null",0,1,2018,"-1.0014","-0.6143","-0.1650","0.1988","null","null","null",1,6,"Top","null","null",,,457763,,"180714_035558","-5.1332","-113.0204","-3.6071","-7.3508","22.6067","-36.8542","3.2396","1.5463","null","null","null","76.7740","2360","5.8650",530819,518516,457763,474832,593700,467055,543063,491676,621453,457705,"54.6324","null","null","null","null","null","null","null",38,"2","Curveball",1,1,1,1,1,1,1,1,"Standard","Standard"
"CU","2018-07-13","78.2","3.0448","5.7143","Madison Bumgarner",592192,518516,"null","called_strike",,,,,"8","null","R","R","L","SF","OAK","S","null","null",0,0,2018,"-0.8259","-0.5770","-0.1124","1.9503","null","null","null",1,6,"Top","null","null",,,457763,,"180714_035535","-5.2632","-113.6772","-0.1227","-5.9427","22.8215","-37.2998","3.2171","1.6138","null","null","null","77.2790","2273","5.9020",530819,518516,457763,474832,593700,467055,543063,491676,621453,457705,"54.5955","null","null","null","null","null","null","null",38,"1","Curveball",1,1,1,1,1,1,1,1,"Standard","Standard"
"CH","2018-07-13","83.7","3.0964","5.7514","Madison Bumgarner",543760,518516,"null","ball",,,,,"12","null","R","R","L","SF","OAK","B","null","null",0,0,2018,"1.0783","0.5160","2.1050","3.3541","null","null","null",0,6,"Top","null","null",,,457763,,"180714_035329","-4.3713","-121.8527","-0.2002","11.4862","21.0196","-27.2045","3.3676","1.6519","null","null","null","83.8240","1474","6.0710",530819,518516,457763,474832,593700,467055,543063,491676,621453,457705,"54.4261","null","null","null","null","null","null","null",37,"1","Changeup",1,1,1,1,1,1,1,1,"Standard","Standard"
"FC","2018-07-13","90.9","-1.8545","5.6378","Edwin Jackson",518516,429719,"null","ball",,,,,"14","null","R","R","R","SF","OAK","B","null","null",1,0,2018,"0.0807","0.8044","1.0809","0.3142","null","593700.00","null",2,5,"Bot","null","null",,,518960,,"180714_034929","7.1629","-131.9997","-9.0971","-0.5829","28.0582","-21.0883","3.3182","1.7021","null","null","null","90.6620","2064","6.2540",530819,429719,518960,621566,640461,656305,543760,501981,592192,572039,"54.2438","null","null","null","null","null","null","null",36,"2","Cutter",1,1,1,1,1,1,1,1,"Standard","Standard"
"FC","2018-07-13","92.2","-2.0492","5.6866","Edwin Jackson",518516,429719,"null","ball",,,,,"14","null","R","R","R","SF","OAK","B","null","null",0,0,2018,"0.0479","0.7303","1.5764","1.3922","null","593700.00","null",2,5,"Bot","null","null",,,518960,,"180714_034902","9.0769","-133.9536","-6.6774","-1.1765","25.8919","-22.2774","3.3857","1.6796","null","null","null","92.2610","2247","6.1760",530819,429719,518960,621566,640461,656305,543760,501981,592192,572039,"54.3216","null","null","null","null","null","null","null",36,"1","Cutter",1,1,1,1,1,1,1,1,"Standard","Standard"
"FT","2018-07-13","89.7","-1.9098","5.7348","Edwin Jackson",491676,429719,"null","ball",,,,,"13","null","R","R","R","SF","OAK","B","null","null",0,1,2018,"-1.0115","1.0433","-0.8264","1.0732","null","467055.00","593700.00",0,5,"Bot","null","null",,,518960,,"180714_034745","4.7867","-130.3774","-7.7119","-12.4675","26.3675","-18.9678","3.2568","1.6339","null","null","null","89.5690","2031","6.1840",530819,429719,518960,621566,640461,656305,543760,501981,592192,572039,"54.3131","null","null","null","null","null","null","null",35,"2","2-Seam Fastball",1,1,1,1,1,1,1,1,"Standard","Standard"
"FC","2018-07-13","91.0","-2.0895","5.7828","Edwin Jackson",467055,429719,"null","ball",,,,,"12","null","R","L","R","SF","OAK","B","null","null",1,1,2018,"0.0059","0.6862","1.0062","4.0973","null","null","null",0,5,"Bot","null","null",,,518960,,"180714_034301","7.7747","-132.5120","0.1113","-1.3328","23.9204","-24.1813","3.0364","1.5391","null","null","null","91.8320","2341","6.4040",530819,429719,518960,621566,640461,656305,543760,501981,592192,572039,"54.0936","null","null","null","null","null","null","null",33,"3","Cutter",1,1,1,1,1,1,1,1,"Standard","Standard"
"CH","2018-07-13","86.7","-2.2085","5.6653","Edwin Jackson",467055,429719,"null","ball",,,,,"13","null","R","L","R","SF","OAK","B","null","null",0,1,2018,"-1.5133","0.8812","-1.3631","1.2402","null","null","null",0,5,"Bot","null","null",,,518960,,"180714_034245","5.0662","-126.1127","-6.1769","-17.0638","24.0126","-21.8347","2.9914","1.5615","null","null","null","86.6480","2341","6.1330",530819,429719,518960,621566,640461,656305,543760,501981,592192,572039,"54.3645","null","null","null","null","null","null","null",33,"2","Changeup",1,1,1,1,1,1,1,1,"Standard","Standard"
"SL","2018-07-13","84.2","-2.1959","5.6703","Edwin Jackson",467055,429719,"null","called_strike",,,,,"9","null","R","L","R","SF","OAK","S","null","null",0,0,2018,"0.2373","-0.0664","0.4343","1.9073","null","null","null",0,5,"Bot","null","null",,,518960,,"180714_034228","5.6227","-122.5133","-2.2439","1.3188","23.1516","-32.6310","2.9340","1.4716","null","null","null","84.1430","2209","6.1570",530819,429719,518960,621566,640461,656305,543760,501981,592192,572039,"54.3402","null","null","null","null","null","null","null",33,"1","Slider",1,1,1,1,1,1,1,1,"Standard","Standard"
"FC","2018-07-13","85.5","3.0706","5.7214","Madison Bumgarner",518960,518516,"walk","ball",,,,,"3","Jonathan Lucroy walks.  ","R","R","L","SF","OAK","B","null","null",3,2,2018,"-0.3524","0.3079","0.5776","3.1724","null","null","null",2,5,"Top","null","null",,,457763,,"180714_033842","-5.1903","-124.5527","-0.4064","-2.7460","23.1378","-29.0465","3.3804","1.5976","null","null","null","86.2290","1935","6.5250",530819,518516,457763,474832,593700,467055,543063,491676,621453,457705,"53.9722","null","null","0.70",1,0,0,"null",31,"7","Cutter",1,1,1,1,1,1,1,1,"Standard","Standard"
"FT","2018-07-13","91.8","3.1404","5.7111","Madison Bumgarner",518960,518516,"null","ball",,,,,"13","null","R","R","L","SF","OAK","B","null","null",2,2,2018,"0.3066","1.2122","-0.4283","1.4178","null","null","null",2,5,"Top","null","null",,,457763,,"180714_033757","-9.6607","-133.2185","-7.6148","5.5633","26.2054","-16.3943","3.3643","1.6040","null","null","null","91.8360","2023","6.2710",530819,518516,457763,474832,593700,467055,543063,491676,621453,457705,"54.2265","null","null","null","null","null","null","null",31,"5","2-Seam Fastball",1,1,1,1,1,1,1,1,"Standard","Standard"
"CH","2018-07-13","84.2","3.0950","5.6495","Madison Bumgarner",518960,518516,"null","ball",,,,,"14","null","R","R","L","SF","OAK","B","null","null",1,1,2018,"1.0030","0.3085","1.3585","1.2607","null","null","null",2,5,"Top","null","null",,,457763,,"180714_033707","-6.2454","-122.7039","-4.6271","11.7114","21.5162","-28.2376","3.3418","1.6264","null","null","null","86.5230","1282","7.4350",530819,518516,457763,474832,593700,467055,543063,491676,621453,457705,"53.0624","null","null","null","null","null","null","null",31,"3","Changeup",1,1,1,1,1,1,1,1,"Standard","Standard"
"CU","2018-07-13","77.0","3.0569","5.7412","Madison Bumgarner",518960,518516,"null","ball",,,,,"14","null","R","R","L","SF","OAK","B","null","null",0,0,2018,"-0.7645","-0.5148","0.3576","0.6151","null","null","null",2,5,"Top","null","null",,,457763,,"180714_033619","-4.3260","-111.9633","-2.9051","-5.4382","21.6696","-36.0979","3.3418","1.5815","null","null","null","76.0550","2290","5.8060",530819,518516,457763,474832,593700,467055,543063,491676,621453,457705,"54.6919","null","null","null","null","null","null","null",31,"1","Curveball",1,1,1,1,1,1,1,1,"Standard","Standard"
"FC","2018-07-13","86.0","3.0969","5.7621","Madison Bumgarner",640461,518516,"null","ball",,,,,"12","null","R","R","L","SF","OAK","B","null","null",0,1,2018,"-0.0842","0.4343","0.3804","4.1928","null","null","null",2,5,"Top","null","null",,,457763,,"180714_033509","-6.1962","-125.0660","1.5891","0.2520","22.6387","-28.2029","3.2732","1.5394","null","null","null","85.3360","2161","5.6630",530819,518516,457763,474832,593700,467055,543063,491676,621453,457705,"54.8344","null","null","null","null","null","null","null",30,"2","Cutter",1,0,0,1,0,1,0,1,"Standard","Standard"
"FT","2018-07-13","90.2","3.1046","5.7392","Madison Bumgarner",640461,518516,"null","called_strike",,,,,"5","null","R","R","L","SF","OAK","S","null","null",0,0,2018,"0.3883","1.0430","-0.0288","2.1637","null","null","null",2,5,"Top","null","null",,,457763,,"180714_033452","-8.6239","-131.1441","-5.2301","6.0800","23.4595","-19.2311","3.3258","1.5944","null","null","null","90.8540","1957","6.3880",530819,518516,457763,474832,593700,467055,543063,491676,621453,457705,"54.1092","null","null","null","null","null","null","null",30,"1","2-Seam Fastball",1,0,0,1,0,1,0,1,"Standard","Standard"
"FT","2018-07-13","91.2","3.1139","5.6900","Madison Bumgarner",656305,518516,"null","called_strike",,,,,"8","null","R","R","L","SF","OAK","S","null","null",2,1,2018,"0.6759","1.2156","0.2137","1.7095","null","null","null",1,5,"Top","null","null",,,457763,,"180714_033402","-8.6938","-132.4101","-6.6764","9.7061","27.1478","-16.7685","3.4246","1.7015","null","null","null","90.9540","2083","6.1740",530819,518516,457763,474832,593700,467055,543063,491676,621453,457705,"54.3235","null","null","null","null","null","null","null",29,"4","2-Seam Fastball",1,0,0,1,0,1,0,1,"Standard","Standard"
"FT","2018-07-13","90.7","3.1741","5.7311","Madison Bumgarner",656305,518516,"null","ball",,,,,"12","null","R","R","L","SF","OAK","B","null","null",1,0,2018,"0.3943","0.9656","1.3666","2.8488","null","null","null",1,5,"Top","null","null",,,457763,,"180714_033323","-5.3935","-132.1310","-3.4517","5.6970","24.8075","-20.2350","3.3122","1.7015","null","null","null","91.6100","1994","6.5090",530819,518516,457763,474832,593700,467055,543063,491676,621453,457705,"53.9885","null","null","null","null","null","null","null",29,"2","2-Seam Fastball",1,0,0,1,0,1,0,1,"Standard","Standard"
"CH","2018-07-13","84.3","3.1335","5.7694","Madison Bumgarner",656305,518516,"null","ball",,,,,"12","null","R","R","L","SF","OAK","B","null","null",0,0,2018,"1.1136","0.4554","3.2516","4.0941","null","null","null",1,5,"Top","null","null",,,457763,,"180714_033257","-1.9459","-122.8406","1.5085","11.7201","22.1268","-27.9885","3.4471","1.7690","null","null","null","84.9090","1387","6.4040",530819,518516,457763,474832,593700,467055,543063,491676,621453,457705,"54.0933","null","null","null","null","null","null","null",29,"1","Changeup",1,0,0,1,0,1,0,1,"Standard","Standard"
"FT","2018-07-13","91.1","2.9940","5.7585","Madison Bumgarner",621566,518516,"null","called_strike",,,,,"8","null","R","L","L","SF","OAK","S","null","null",3,0,2018,"0.8233","1.1698","-0.1607","2.0690","null","null","null",0,5,"Top","null","null",,,457763,,"180714_033102","-9.6530","-132.1999","-5.8157","11.6926","28.4091","-17.4787","3.3632","1.7121","null","null","null","90.7880","2106","6.2680",530819,518516,457763,474832,593700,467055,543063,491676,621453,457705,"54.2296","null","null","null","null","null","null","null",28,"4","2-Seam Fastball",1,0,0,1,0,1,0,1,"Standard","Standard"
"FC","2018-07-13","87.6","3.0804","5.7360","Madison Bumgarner",621566,518516,"null","ball",,,,,"13","null","R","L","L","SF","OAK","B","null","null",2,0,2018,"-0.2913","0.6039","-1.7201","1.5587","null","null","null",0,5,"Top","null","null",,,457763,,"180714_033044","-10.9205","-127.0821","-5.1268","-0.9301","25.6140","-24.8745","3.4282","1.7571","null","null","null","87.0730","2091","6.0860",530819,518516,457763,474832,593700,467055,543063,491676,621453,457705,"54.4118","null","null","null","null","null","null","null",28,"3","Cutter",1,0,0,1,0,1,0,1,"Standard","Standard"
"FT","2018-07-13","91.1","2.9808","5.8476","Madison Bumgarner",621566,518516,"null","ball",,,,,"11","null","R","L","L","SF","OAK","B","null","null",1,0,2018,"0.6810","1.1603","-0.4572","3.8100","null","null","null",0,5,"Top","null","null",,,457763,,"180714_033027","-10.0432","-132.2691","-1.6908","10.0079","26.7211","-18.4495","3.4733","1.7347","null","null","null","90.9300","2150","6.1890",530819,518516,457763,474832,593700,467055,543063,491676,621453,457705,"54.3087","null","null","null","null","null","null","null",28,"2","2-Seam Fastball",1,0,0,1,0,1,0,1,"Standard","Standard"
"FC","2018-07-13","86.4","3.0124","5.7787","Madison Bumgarner",621566,518516,"null","ball",,,,,"13","null","R","L","L","SF","OAK","B","null","null",0,0,2018,"-0.3550","0.5816","-1.2948","2.0913","null","null","null",0,5,"Top","null","null",,,457763,,"180714_033010","-9.4729","-125.4594","-3.6893","-1.8162","25.0418","-25.5934","3.2934","1.6897","null","null","null","85.8200","2086","6.0020",530819,518516,457763,474832,593700,467055,543063,491676,621453,457705,"54.4958","null","null","null","null","null","null","null",28,"1","Cutter",1,0,0,1,0,1,0,1,"Standard","Standard"
"FC","2018-07-13","91.6","-2.1663","5.7056","Edwin Jackson",457763,429719,"null","ball",,,,,"14","null","R","R","R","SF","OAK","B","null","null",0,0,2018,"0.0774","0.9173","0.7832","1.3737","null","null","543063.00",2,4,"Bot","null","null",,,518960,,"180714_032621","7.2619","-133.2252","-7.0651","-0.4920","25.9483","-20.0708","3.3227","1.6194","null","null","null","91.7110","2300","6.1730",530819,429719,518960,621566,476704,656305,543760,640461,592192,572039,"54.3244","null","null","null","null","null","null","null",27,"1","Cutter",1,0,1,0,0,1,1,0,"Strategic","Standard"
"FC","2018-07-13","93.2","-2.2193","5.5483","Edwin Jackson",543063,429719,"walk","ball",,,,,"11","Brandon Crawford walks.  ","R","L","R","SF","OAK","B","null","null",3,2,2018,"-0.1962","0.5570","-1.0674","3.4706","null","null","null",2,4,"Bot","null","null",,,518960,,"180714_032541","3.3693","-135.7164","-0.8034","-3.1182","28.8924","-25.4113","3.1621","1.5492","null","null","null","92.9140","2176","6.0170",530819,429719,518960,621566,476704,656305,543760,640461,592192,572039,"54.4804","null","null","0.70",1,0,0,"null",26,"8","Cutter",1,0,1,0,0,1,1,0,"Infield shift","Standard"
"FF","2018-07-13","94.5","-1.9279","5.8584","Edwin Jackson",543063,429719,"null","ball",,,,,"11","null","R","L","R","SF","OAK","B","null","null",2,2,2018,"-0.6638","1.1084","-0.5706","4.0294","621453.00","null","457705.00",1,4,"Bot","null","null",,,518960,,"180714_032401","4.9305","-137.4931","-1.5098","-9.3173","28.8508","-18.2582","3.1396","1.5267","null","null","null","93.8110","2047","5.7690",530819,429719,518960,621566,476704,656305,543760,640461,592192,572039,"54.7281","null","null","null","null","null","null","null",26,"7","4-Seam Fastball",0,0,0,0,0,0,0,0,"Standard","Standard"
"FC","2018-07-13","91.2","-2.1051","5.6496","Edwin Jackson",457705,429719,"walk","ball",,,,,"11","Andrew McCutchen walks.  ","R","R","R","SF","OAK","B","null","null",3,2,2018,"0.2354","0.8103","-1.1860","3.4352","621453.00","null","null",1,4,"Bot","null","null",,,518960,,"180714_031846","1.8019","-132.8258","-1.3962","2.3596","28.3916","-22.6616","3.2954","1.7070","null","null","null","90.6850","2182","5.9210",530819,429719,518960,621566,476704,656305,543760,640461,592192,572039,"54.5768","null","null","0.70",1,0,0,"null",25,"7","Cutter",0,0,0,0,0,0,0,0,"Strategic","Standard"
"FC","2018-07-13","89.9","-1.8807","5.6736","Edwin Jackson",457705,429719,"null","ball",,,,,"13","null","R","R","R","SF","OAK","B","null","null",2,2,2018,"0.3102","0.4574","-0.2094","1.4905","621453.00","null","null",1,4,"Bot","null","null",,,518960,,"180714_031717","3.4798","-130.9768","-5.4111","2.9168","24.1795","-26.1293","3.3404","1.7744","null","null","null","90.0020","2190","6.0030",530819,429719,518960,621566,476704,656305,543760,640461,592192,572039,"54.4947","null","null","null","null","null","null","null",25,"5","Cutter",0,0,0,0,0,0,0,0,"Strategic","Standard"
"SL","2018-07-13","88.2","-1.8658","5.7805","Edwin Jackson",457705,429719,"null","ball",,,,,"14","null","R","R","R","SF","OAK","B","null","null",0,2,2018,"0.1167","0.1795","1.0229","1.7808","621453.00","null","null",1,4,"Bot","null","null",,,518960,,"180714_031616","6.7328","-128.3709","-4.0466","0.0587","23.2870","-29.6809","3.2954","1.7070","null","null","null","87.9860","2273","5.8660",530819,429719,518960,621566,476704,656305,543760,640461,592192,572039,"54.6315","null","null","null","null","null","null","null",25,"3","Slider",0,0,0,0,0,0,0,0,"Strategic","Standard"
"FC","2018-07-13","92.3","-2.0703","5.7531","Edwin Jackson",457705,429719,"null","called_strike",,,,,"6","null","R","R","R","SF","OAK","S","null","null",0,0,2018,"0.0536","0.7800","0.2884","2.2005","621453.00","null","null",1,4,"Bot","null","null",,,518960,,"180714_031515","5.8494","-134.2301","-4.8831","-0.5620","27.6361","-22.0467","3.2279","1.5720","null","null","null","91.9310","2330","5.9890",530819,429719,518960,621566,476704,656305,543760,640461,592192,572039,"54.5080","null","null","null","null","null","null","null",25,"1","Cutter",0,0,0,0,0,0,0,0,"Strategic","Standard"
"SL","2018-07-13","83.8","-2.2351","5.7483","Edwin Jackson",621453,429719,"null","ball",,,,,"11","null","R","L","R","SF","OAK","B","null","null",0,0,2018,"0.3285","-0.1028","-0.8066","4.4644","null","null","null",0,4,"Bot","null","null",,,518960,,"180714_031240","2.6340","-121.8820","3.5869","2.6806","23.7444","-34.1220","3.4086","1.7108","null","null","null","82.7800","2371","5.6140",530819,429719,518960,621566,476704,656305,543760,640461,592192,572039,"54.8832","null","null","null","null","null","null","null",23,"1","Slider",0,0,0,0,0,0,0,0,"Standard","Standard"
"CH","2018-07-13","84.8","3.0359","5.7070","Madison Bumgarner",572039,518516,"null","ball",,,,,"12","null","R","R","L","SF","OAK","B","null","null",0,0,2018,"0.9565","0.4585","1.4460","2.7581","null","null","null",2,4,"Top","null","null",,,457763,,"180714_031002","-5.6392","-123.5064","-1.5569","10.8715","21.7423","-27.3536","3.3355","1.5647","null","null","null","85.4040","1546","6.3700",530819,518516,457763,474832,593700,467055,543063,491676,621453,457705,"54.1274","null","null","null","null","null","null","null",22,"1","Changeup",0,0,0,0,0,0,0,0,"Standard","Standard"
"FC","2018-07-13","86.7","3.0825","5.7672","Madison Bumgarner",476704,518516,"null","ball",,,,,"12","null","R","R","L","SF","OAK","B","null","null",2,1,2018,"-0.1800","0.3574","0.9155","2.9818","null","null","null",1,4,"Top","null","null",,,457763,,"180714_030846","-4.7968","-126.2800","-1.2714","-1.0824","22.1342","-28.3312","3.1998","1.5692","null","null","null","86.8530","2002","6.0230",530819,518516,457763,474832,593700,467055,543063,491676,621453,457705,"54.4741","null","null","null","null","null","null","null",21,"4","Cutter",0,0,0,0,0,0,0,0,"Standard","Standard"
"FT","2018-07-13","91.2","3.2161","5.7372","Madison Bumgarner",476704,518516,"null","ball",,,,,"12","null","R","R","L","SF","OAK","B","null","null",1,1,2018,"0.4893","1.2130","1.3568","3.2094","null","null","null",1,4,"Top","null","null",,,457763,,"180714_030826","-5.7217","-132.7586","-3.1072","6.9348","26.2941","-17.3774","3.2223","1.5242","null","null","null","91.4890","1945","6.2740",530819,518516,457763,474832,593700,467055,543063,491676,621453,457705,"54.2231","null","null","null","null","null","null","null",21,"3","2-Seam Fastball",0,0,0,0,0,0,0,0,"Standard","Standard"
"FT","2018-07-13","91.4","3.0854","5.7102","Madison Bumgarner",476704,518516,"null","ball",,,,,"14","null","R","R","L","SF","OAK","B","null","null",0,0,2018,"0.8375","0.9230","0.6705","1.1261","null","null","null",1,4,"Top","null","null",,,457763,,"180714_030739","-7.9471","-132.8433","-7.7185","11.6849","27.6301","-19.7077","3.2673","1.5017","null","null","null","91.9640","2123","6.6250",530819,518516,457763,474832,593700,467055,543063,491676,621453,457705,"53.8719","null","null","null","null","null","null","null",21,"1","2-Seam Fastball",0,0,0,0,0,0,0,0,"Standard","Standard"
"CU","2018-07-13","77.7","3.0859","5.8046","Madison Bumgarner",592192,518516,"null","called_strike",,,,,"6","null","R","R","L","SF","OAK","S","null","null",0,0,2018,"-0.6480","-0.6123","0.4483","2.2028","null","null","null",0,4,"Top","null","null",,,457763,,"180714_030635","-4.4404","-112.8890","0.4187","-4.4655","23.5987","-37.6312","3.2171","1.4564","null","null","null","76.5720","2190","5.9000",530819,518516,457763,474832,593700,467055,543063,491676,621453,457705,"54.5975","null","null","null","null","null","null","null",20,"1","Curveball",0,0,0,0,0,0,0,0,"Standard","Standard"
"FC","2018-07-13","92.6","-1.8445","5.7688","Edwin Jackson",518516,429719,"null","ball",,,,,"14","null","R","R","R","SF","OAK","B","null","null",0,1,2018,"-0.0302","0.7395","1.2198","0.9356","null","null","null",2,3,"Bot","null","null",,,518960,,"180714_030301","7.8190","-134.3785","-8.0453","-2.0031","28.2032","-21.8473","3.5206","1.7246","null","null","null","91.9550","2334","5.9810",530819,429719,518960,621566,476704,656305,543760,640461,592192,572039,"54.5162","null","null","null","null","null","null","null",19,"2","Cutter",0,0,0,0,0,0,0,0,"Standard","Standard"
"FC","2018-07-13","89.8","-2.0030","5.8059","Edwin Jackson",491676,429719,"null","called_strike",,,,,"7","null","R","R","R","SF","OAK","S","null","null",2,0,2018,"0.0334","0.6292","-0.4777","2.1504","null","null","null",1,3,"Bot","null","null",,,518960,,"180714_030056","3.6859","-130.7135","-4.3947","-0.3520","25.9578","-24.3687","3.2817","1.6564","null","null","null","89.5540","2184","5.9890",530819,429719,518960,621566,476704,656305,543760,640461,592192,572039,"54.5085","null","null","null","null","null","null","null",18,"3","Cutter",0,0,0,0,0,0,0,0,"Standard","Standard"
"FC","2018-07-13","91.0","-1.8690","5.9188","Edwin Jackson",491676,429719,"null","ball",,,,,"14","null","R","R","R","SF","OAK","B","null","null",1,0,2018,"-0.0646","0.8942","0.0805","1.0386","null","null","null",1,3,"Bot","null","null",,,518960,,"180714_030038","4.9884","-132.4099","-8.2542","-1.6420","23.4833","-20.4263","3.2119","1.6114","null","null","null","90.9710","2177","5.8980",530819,429719,518960,621566,476704,656305,543760,640461,592192,572039,"54.5995","null","null","null","null","null","null","null",18,"2","Cutter",0,0,0,0,0,0,0,0,"Standard","Standard"
"FF","2018-07-13","93.0","-1.9659","5.9590","Edwin Jackson",491676,429719,"null","ball",,,,,"14","null","R","R","R","SF","OAK","B","null","null",0,0,2018,"-0.2953","1.2227","1.1073","2.1171","null","null","null",1,3,"Bot","null","null",,,518960,,"180714_030026","8.4325","-135.2055","-6.7215","-5.1202","24.2987","-16.2412","3.1836","1.6281","null","null","null","92.8280","2277","5.8460",530819,429719,518960,621566,476704,656305,543760,640461,592192,572039,"54.6515","null","null","null","null","null","null","null",18,"1","4-Seam Fastball",0,0,0,0,0,0,0,0,"Standard","Standard"
"FT","2018-07-13","91.1","3.0789","5.7935","Madison Bumgarner",543760,518516,"null","ball",,,,,"12","null","R","R","L","SF","OAK","B","null","null",2,2,2018,"0.4485","0.8887","0.4412","4.0883","null","null","null",2,3,"Top","null","null",,,457763,,"180714_025447","-7.5969","-132.6700","-0.3637","6.7734","25.0372","-21.7155","3.3533","1.6601","null","null","null","91.6890","2001","6.3360",530819,518516,457763,474832,593700,467055,543063,491676,621453,457705,"54.1618","null","null","null","null","null","null","null",16,"5","2-Seam Fastball",0,0,0,0,0,0,0,0,"Standard","Standard"
"CU","2018-07-13","79.5","3.1378","5.6887","Madison Bumgarner",543760,518516,"null","ball",,,,,"13","null","R","R","L","SF","OAK","B","null","null",1,2,2018,"-0.6678","-0.5743","-1.1993","0.2266","null","null","null",2,3,"Top","null","null",,,457763,,"180714_025418","-8.1601","-115.3054","-3.9798","-4.0541","24.1732","-36.5779","3.3533","1.6601","null","null","null","77.9670","2297","5.6760",530819,518516,457763,474832,593700,467055,543063,491676,621453,457705,"54.8215","null","null","null","null","null","null","null",16,"4","Curveball",0,0,0,0,0,0,0,0,"Standard","Standard"
"FT","2018-07-13","91.3","3.1335","5.7710","Madison Bumgarner",543760,518516,"null","called_strike",,,,,"9","null","R","R","L","SF","OAK","S","null","null",1,1,2018,"0.6482","1.3207","0.7401","1.6658","null","null","null",2,3,"Top","null","null",,,457763,,"180714_025401","-7.3933","-132.6417","-7.2518","9.1813","27.7655","-15.3164","3.3533","1.6826","null","null","null","91.1620","2068","6.2450",530819,518516,457763,474832,593700,467055,543063,491676,621453,457705,"54.2528","null","null","null","null","null","null","null",16,"3","2-Seam Fastball",0,0,0,0,0,0,0,0,"Standard","Standard"
"CH","2018-07-13","85.6","3.1204","5.7453","Madison Bumgarner",543760,518516,"null","called_strike",,,,,"9","null","R","R","L","SF","OAK","S","null","null",1,0,2018,"1.2503","0.6775","0.5979","1.6067","null","null","null",2,3,"Top","null","null",,,457763,,"180714_025339","-8.4754","-124.4223","-4.8771","14.6482","23.5109","-24.3843","3.3083","1.6376","null","null","null","85.8280","1494","6.3650",530819,518516,457763,474832,593700,467055,543063,491676,621453,457705,"54.1323","null","null","null","null","null","null","null",16,"2","Changeup",0,0,0,0,0,0,0,0,"Standard","Standard"
"FT","2018-07-13","91.1","3.0351","5.8236","Madison Bumgarner",543760,518516,"null","ball",,,,,"12","null","R","R","L","SF","OAK","B","null","null",0,0,2018,"0.6018","1.3333","0.4933","3.9692","null","null","null",2,3,"Top","null","null",,,457763,,"180714_025320","-7.6267","-132.3650","-1.5660","8.6579","28.6190","-16.5369","3.3083","1.6601","null","null","null","90.6340","2008","6.1160",530819,518516,457763,474832,593700,467055,543063,491676,621453,457705,"54.3814","null","null","null","null","null","null","null",16,"1","2-Seam Fastball",0,0,0,0,0,0,0,0,"Standard","Standard"
"FC","2018-07-13","86.1","3.1662","5.8129","Madison Bumgarner",429719,518516,"null","called_strike",,,,,"2","null","R","R","L","SF","OAK","S","null","null",0,0,2018,"-0.2471","0.4072","-0.0857","2.7662","null","null","null",1,3,"Top","null","null",,,457763,,"180714_025219","-7.1678","-125.3579","-1.9140","-1.4384","20.2258","-27.7827","3.1072","1.5705","null","null","null","86.1070","2040","5.8150",530819,518516,457763,474832,593700,467055,543063,491676,621453,457705,"54.6821","null","null","null","null","null","null","null",15,"1","Cutter",0,0,0,0,0,0,0,0,"Standard","Standard"
"CU","2018-07-13","77.1","3.1100","5.8003","Madison Bumgarner",518960,518516,"null","ball",,,,,"12","null","R","R","L","SF","OAK","B","null","null",0,1,2018,"-0.6821","-0.2158","1.2236","3.0431","null","null","null",0,3,"Top","null","null",,,457763,,"180714_025128","-2.7720","-112.1945","1.3873","-5.2482","17.8395","-34.4104","3.2887","1.5950","null","null","null","76.7150","2062","5.7390",530819,518516,457763,474832,593700,467055,543063,491676,621453,457705,"54.7582","null","null","null","null","null","null","null",14,"2","Curveball",0,0,0,0,0,0,0,0,"Standard","Standard"
"FT","2018-07-13","91.1","3.1117","5.8009","Madison Bumgarner",518960,518516,"null","called_strike",,,,,"6","null","R","R","L","SF","OAK","S","null","null",0,0,2018,"0.5985","1.0245","0.6086","2.3817","null","null","null",0,3,"Top","null","null",,,457763,,"180714_025110","-7.5040","-132.4374","-4.8650","8.4693","25.9055","-19.4512","3.4111","1.6625","null","null","null","90.8560","1843","6.0040",530819,518516,457763,474832,593700,467055,543063,491676,621453,457705,"54.4932","null","null","null","null","null","null","null",14,"1","2-Seam Fastball",0,0,0,0,0,0,0,0,"Standard","Standard"
"FT","2018-07-13","93.7","-2.0531","5.6850","Edwin Jackson",467055,429719,"null","called_strike",,,,,"13","null","R","L","R","SF","OAK","S","null","null",2,1,2018,"-0.8590","1.0581","-1.0399","2.0706","null","null","null",2,2,"Bot","null","null",,,518960,,"180714_024835","4.4386","-136.2217","-5.8450","-11.4873","29.4557","-18.1792","3.3036","1.5721","null","null","null","92.9630","1872","5.8660",530819,429719,518960,621566,476704,656305,543760,640461,592192,572039,"54.6317","null","null","null","null","null","null","null",13,"4","2-Seam Fastball",0,0,0,0,0,0,0,0,"Standard","Standard"
"FC","2018-07-13","93.6","-2.0448","5.7429","Edwin Jackson",467055,429719,"null","ball",,,,,"14","null","R","L","R","SF","OAK","B","null","null",1,1,2018,"0.1050","0.7444","1.8352","1.9407","null","null","null",2,2,"Bot","null","null",,,518960,,"180714_024817","9.7658","-136.0116","-5.7179","-0.6976","27.9153","-21.9421","3.1570","1.5697","null","null","null","93.7160","2231","6.2890",530819,429719,518960,621566,476704,656305,543760,640461,592192,572039,"54.2087","null","null","null","null","null","null","null",13,"3","Cutter",0,0,0,0,0,0,0,0,"Standard","Standard"
"FF","2018-07-13","93.7","-1.9516","5.8571","Edwin Jackson",467055,429719,"null","ball",,,,,"11","null","R","L","R","SF","OAK","B","null","null",0,0,2018,"-0.5126","1.1538","-0.3389","3.4659","null","null","null",2,2,"Bot","null","null",,,518960,,"180714_024746","5.3466","-136.5343","-3.0931","-7.5879","27.5540","-17.0834","2.9710","1.5418","null","null","null","94.7040","2136","6.6110",530819,429719,518960,621566,476704,656305,543760,640461,592192,572039,"53.8863","null","null","null","null","null","null","null",13,"1","4-Seam Fastball",0,0,0,0,0,0,0,0,"Standard","Standard"
"SL","2018-07-13","86.0","-2.2955","5.6387","Edwin Jackson",543063,429719,"null","called_strike",,,,,"1","null","R","L","R","SF","OAK","S","null","null",3,1,2018,"0.0219","0.1905","-0.3108","3.0894","null","null","null",0,2,"Bot","null","null",,,518960,,"180714_024609","4.6265","-124.9689","-0.0615","-0.8635","29.3532","-30.4874","3.3178","1.5824","null","null","null","84.8090","2088","5.9680",530819,429719,518960,621566,476704,656305,543760,640461,592192,572039,"54.5295","null","null","null","null","null","null","null",11,"5","Slider",0,0,0,0,0,0,0,0,"Standard","Standard"
"FT","2018-07-13","92.0","-2.0642","5.8929","Edwin Jackson",543063,429719,"null","called_strike",,,,,"2","null","R","L","R","SF","OAK","S","null","null",3,0,2018,"-0.7527","1.0252","-0.0452","3.0413","null","null","null",0,2,"Bot","null","null",,,518960,,"180714_024543","6.7452","-133.8263","-3.6211","-10.4557","27.9606","-19.3069","3.2728","1.6049","null","null","null","92.0960","2013","6.2930",530819,429719,518960,621566,476704,656305,543760,640461,592192,572039,"54.2046","null","null","null","null","null","null","null",11,"4","2-Seam Fastball",0,0,0,0,0,0,0,0,"Standard","Standard"
"FT","2018-07-13","92.1","-2.1944","5.7852","Edwin Jackson",543063,429719,"null","ball",,,,,"13","null","R","L","R","SF","OAK","B","null","null",2,0,2018,"-1.0163","0.7328","-0.2705","1.3619","null","null","null",0,2,"Bot","null","null",,,518960,,"180714_024525","7.0756","-133.8082","-6.9012","-13.7638","31.6197","-22.0627","3.3303","1.6274","null","null","null","91.5940","1973","6.2860",530819,429719,518960,621566,476704,656305,543760,640461,592192,572039,"54.2110","null","null","null","null","null","null","null",11,"3","2-Seam Fastball",0,0,0,0,0,0,0,0,"Standard","Standard"
"FT","2018-07-13","93.6","-2.2776","5.7596","Edwin Jackson",543063,429719,"null","ball",,,,,"13","null","R","L","R","SF","OAK","B","null","null",1,0,2018,"-1.2833","0.6387","-1.4144","1.2788","null","null","null",0,2,"Bot","null","null",,,518960,,"180714_024507","5.0505","-136.0199","-7.1596","-17.0021","32.3258","-22.8425","3.3977","1.6274","null","null","null","93.1870","1924","6.3060",530819,429719,518960,621566,476704,656305,543760,640461,592192,572039,"54.1911","null","null","null","null","null","null","null",11,"2","2-Seam Fastball",0,0,0,0,0,0,0,0,"Standard","Standard"
"FF","2018-07-13","94.2","-2.0139","5.9312","Edwin Jackson",543063,429719,"null","ball",,,,,"12","null","R","L","R","SF","OAK","B","null","null",0,0,2018,"-0.6696","1.1481","1.3328","2.5451","null","null","null",0,2,"Bot","null","null",,,518960,,"180714_024451","10.0971","-136.6619","-5.5561","-10.5132","29.5401","-16.9102","3.2628","1.6274","null","null","null","93.6890","2280","6.1100",530819,429719,518960,621566,476704,656305,543760,640461,592192,572039,"54.3870","null","null","null","null","null","null","null",11,"1","4-Seam Fastball",0,0,0,0,0,0,0,0,"Standard","Standard"
"CU","2018-07-13","77.1","3.1601","5.7297","Madison Bumgarner",640461,518516,"null","called_strike",,,,,"7","null","R","R","L","SF","OAK","S","null","null",0,0,2018,"-0.8818","-0.6194","-0.2848","1.6176","null","null","null",2,2,"Top","null","null",,,457763,,"180714_024206","-5.6938","-112.1137","-0.6380","-6.2097","20.9234","-37.4154","3.1793","1.4928","null","null","null","76.2430","2241","5.7780",530819,518516,457763,474832,593700,467055,543063,491676,621453,457705,"54.7190","null","null","null","null","null","null","null",10,"1","Curveball",0,0,0,0,0,0,0,0,"Strategic","Standard"
"CU","2018-07-13","77.3","3.1323","5.8093","Madison Bumgarner",656305,518516,"null","ball",,,,,"14","null","R","R","L","SF","OAK","B","null","null",1,2,2018,"-0.6051","-0.6001","1.1389","1.9526","null","null","null",1,2,"Top","null","null",,,457763,,"180714_024106","-3.1427","-112.5818","-0.2425","-4.5204","19.5689","-37.3880","3.3005","1.5999","null","null","null","76.8470","2240","5.8180",530819,518516,457763,474832,593700,467055,543063,491676,621453,457705,"54.6795","null","null","null","null","null","null","null",9,"4","Curveball",0,0,0,0,0,0,0,0,"Strategic","Standard"
"FT","2018-07-13","91.3","3.2243","5.6957","Madison Bumgarner",656305,518516,"null","ball",,,,,"14","null","R","R","L","SF","OAK","B","null","null",0,2,2018,"0.6348","1.1388","1.3040","2.3264","null","null","null",1,2,"Top","null","null",,,457763,,"180714_024047","-6.1754","-132.7796","-5.0680","8.7148","25.5572","-17.8968","3.3455","1.7124","null","null","null","91.4880","2102","6.2070",530819,518516,457763,474832,593700,467055,543063,491676,621453,457705,"54.2907","null","null","null","null","null","null","null",9,"3","2-Seam Fastball",0,0,0,0,0,0,0,0,"Strategic","Standard"
"CU","2018-07-13","78.8","3.1588","5.7479","Madison Bumgarner",656305,518516,"null","called_strike",,,,,"9","null","R","R","L","SF","OAK","S","null","null",0,0,2018,"-0.7725","-0.3695","0.3566","2.0962","null","null","null",1,2,"Top","null","null",,,457763,,"180714_024006","-4.6295","-114.6083","-0.4031","-5.7067","22.4314","-35.5243","3.3680","1.5774","null","null","null","77.6580","2214","5.6370",530819,518516,457763,474832,593700,467055,543063,491676,621453,457705,"54.8607","null","null","null","null","null","null","null",9,"1","Curveball",0,0,0,0,0,0,0,0,"Strategic","Standard"
"FT","2018-07-13","91.0","3.0135","5.8804","Madison Bumgarner",621566,518516,"null","ball",,,,,"11","null","R","L","L","SF","OAK","B","null","null",1,2,2018,"0.6252","1.3787","-2.0297","4.0759","null","null","null",0,2,"Top","null","null",,,457763,,"180714_023909","-13.8926","-131.7905","-1.4762","10.2902","29.0856","-16.1478","3.4616","1.7679","null","null","null","90.2780","2123","6.1970",530819,518516,457763,474832,593700,467055,543063,491676,621453,457705,"54.3007","null","null","null","null","null","null","null",8,"4","2-Seam Fastball",0,0,0,0,0,0,0,0,"Standard","Standard"
"FC","2018-07-13","86.4","3.0478","5.8202","Madison Bumgarner",621566,518516,"null","ball",,,,,"11","null","R","L","L","SF","OAK","B","null","null",0,1,2018,"-0.2363","0.4775","-1.5366","2.6910","null","null","null",0,2,"Top","null","null",,,457763,,"180714_023830","-10.3722","-125.4974","-2.2146","-0.5834","23.0137","-26.9547","3.4616","1.7679","null","null","null","86.1580","2042","6.0230",530819,518516,457763,474832,593700,467055,543063,491676,621453,457705,"54.4746","null","null","null","null","null","null","null",8,"2","Cutter",0,0,0,0,0,0,0,0,"Standard","Standard"
"FT","2018-07-13","90.9","2.9328","5.8411","Madison Bumgarner",621566,518516,"null","called_strike",,,,,"2","null","R","L","L","SF","OAK","S","null","null",0,0,2018,"0.9844","1.2643","-0.1327","2.9698","null","null","null",0,2,"Top","null","null",,,457763,,"180714_023811","-9.7349","-131.9886","-3.9585","13.4561","26.8317","-16.8418","3.2167","1.7005","null","null","null","90.7050","1985","6.1870",530819,518516,457763,474832,593700,467055,543063,491676,621453,457705,"54.3107","null","null","null","null","null","null","null",8,"1","2-Seam Fastball",0,0,0,0,0,0,0,0,"Standard","Standard"
"FC","2018-07-13","92.7","-2.0927","5.8541","Edwin Jackson",474832,429719,"null","ball",,,,,"12","null","R","L","R","SF","OAK","B","null","null",0,1,2018,"-0.2407","0.5581","0.4133","3.6442","null","null","null",1,1,"Bot","null","null",,,518960,,"180714_023443","6.8590","-134.8558","-1.1188","-4.1881","24.9905","-25.4076","3.0945","1.4819","null","null","null","92.4930","2206","5.8500",530819,429719,518960,621566,476704,656305,543760,640461,592192,572039,"54.6473","null","null","null","null","null","null","null",6,"2","Cutter",0,0,0,0,0,0,0,0,"Infield shift","Standard"
"SL","2018-07-13","86.2","-2.0230","5.7817","Edwin Jackson",621453,429719,"null","ball",,,,,"13","null","R","L","R","SF","OAK","B","null","null",2,2,2018,"0.0004","0.0473","-0.2364","0.9210","null","null","null",0,1,"Bot","null","null",,,518960,,"180714_023300","4.2132","-125.3232","-5.3439","-0.8775","26.2165","-30.8097","3.3237","1.7383","null","null","null","85.4730","2219","5.9460",530819,429719,518960,621566,476704,656305,543760,640461,592192,572039,"54.5510","null","null","null","null","null","null","null",5,"9","Slider",0,0,0,0,0,0,0,0,"Standard","Standard"
"FF","2018-07-13","94.7","-1.8626","5.9830","Edwin Jackson",621453,429719,"null","ball",,,,,"12","null","R","L","R","SF","OAK","B","null","null",1,2,2018,"-0.3001","1.4278","0.7850","3.8849","null","null","null",0,1,"Bot","null","null",,,518960,,"180714_023127","7.4926","-137.5638","-2.8812","-5.4178","30.7817","-13.9693","3.4016","1.7045","null","null","null","93.7580","2279","5.8490",530819,429719,518960,621566,476704,656305,543760,640461,592192,572039,"54.6487","null","null","null","null","null","null","null",5,"5","4-Seam Fastball",0,0,0,0,0,0,0,0,"Standard","Standard"
"FC","2018-07-13","92.8","-2.0737","5.9362","Edwin Jackson",621453,429719,"null","ball",,,,,"14","null","R","L","R","SF","OAK","B","null","null",0,1,2018,"-0.2297","0.8205","1.4470","0.9093","null","null","null",0,1,"Bot","null","null",,,518960,,"180714_022739","9.4085","-134.6060","-8.7599","-4.6497","26.9062","-20.7473","3.4079","1.7101","null","null","null","92.2310","2315","5.9480",530819,429719,518960,621566,476704,656305,543760,640461,592192,572039,"54.5498","null","null","null","null","null","null","null",5,"2","Cutter",0,0,0,0,0,0,0,0,"Standard","Standard"
"FF","2018-07-13","90.1","-1.9871","6.1029","Edwin Jackson",621453,429719,"null","called_strike",,,,,"4","null","R","L","R","SF","OAK","S","null","null",0,0,2018,"-0.5773","1.3489","-0.4638","2.5345","null","null","null",0,1,"Bot","null","null",,,518960,,"180714_022723","4.9564","-131.0309","-5.6919","-7.5932","27.0200","-15.8740","3.3629","1.7101","null","null","null","89.6040","2163","5.9610",530819,429719,518960,621566,476704,656305,543760,640461,592192,572039,"54.5366","null","null","null","null","null","null","null",5,"1","4-Seam Fastball",0,0,0,0,0,0,0,0,"Standard","Standard"
"FT","2018-07-13","91.1","2.9656","5.8787","Madison Bumgarner",476704,518516,"null","ball",,,,,"11","null","R","R","L","SF","OAK","B","null","null",0,1,2018,"0.8476","1.1347","-1.5640","3.7228","null","543760.00","null",1,1,"Top","null","null",,,457763,,"180714_022119","-13.1588","-132.0771","-1.9429","12.5682","26.0362","-18.6375","3.2216","1.5685","null","null","null","91.1470","2103","6.3520",530819,518516,457763,474832,593700,467055,543063,491676,621453,457705,"54.1456","null","null","null","null","null","null","null",3,"2","2-Seam Fastball",0,0,0,0,0,0,0,0,"Standard","Standard"
"FC","2018-07-13","85.6","3.1352","5.8790","Madison Bumgarner",476704,518516,"null","called_strike",,,,,"5","null","R","R","L","SF","OAK","S","null","null",0,0,2018,"-0.0617","0.3782","-0.1517","2.5429","null","543760.00","null",1,1,"Top","null","null",,,457763,,"180714_022056","-7.5707","-124.4710","-2.4115","0.6465","21.1263","-28.0535","3.2316","1.5460","null","null","null","85.4540","2204","5.8900",530819,518516,457763,474832,593700,467055,543063,491676,621453,457705,"54.6072","null","null","null","null","null","null","null",3,"1","Cutter",0,0,0,0,0,0,0,0,"Standard","Standard"
"FT","2018-07-13","90.9","2.9176","5.8472","Madison Bumgarner",592192,518516,"null","ball",,,,,"11","null","R","R","L","SF","OAK","B","null","null",2,2,2018,"0.5371","0.8196","-0.1269","4.0748","null","543760.00","null",0,1,"Top","null","null",,,457763,,"180714_021939","-8.7528","-132.1536","-0.2869","8.0782","27.1287","-22.7438","3.2613","1.5456","null","null","null","90.8440","2056","6.2210",530819,518516,457763,474832,593700,467055,543063,491676,621453,457705,"54.2769","null","null","null","null","null","null","null",2,"5","2-Seam Fastball",0,0,0,0,0,0,0,0,"Standard","Standard"
"FT","2018-07-13","90.0","3.1519","5.7052","Madison Bumgarner",592192,518516,"null","called_strike",,,,,"9","null","R","R","L","SF","OAK","S","null","null",1,1,2018,"0.7472","1.1457","0.3733","1.7902","null","543760.00","null",0,1,"Top","null","null",,,457763,,"180714_021840","-8.4971","-130.8543","-6.2303","10.2957","25.0876","-17.8810","3.2838","1.5231","null","null","null","90.5040","2053","6.4360",530819,518516,457763,474832,593700,467055,543063,491676,621453,457705,"54.0610","null","null","null","null","null","null","null",2,"3","2-Seam Fastball",0,0,0,0,0,0,0,0,"Standard","Standard"
"CU","2018-07-13","77.6","3.0113","5.8208","Madison Bumgarner",592192,518516,"null","called_strike",,,,,"4","null","R","R","L","SF","OAK","S","null","null",1,0,2018,"-0.6754","-0.2332","-0.7920","2.2271","null","null","543760.00",0,1,"Top","null","null",,,457763,,"180714_021801","-6.8211","-112.6885","-0.3083","-4.2948","21.0964","-34.3067","3.4187","1.5681","null","null","null","76.2360","2301","5.4820",530819,518516,457763,474832,593700,467055,543063,491676,621453,457705,"55.0155","null","null","null","null","null","null","null",2,"2","Curveball",0,0,0,0,0,0,0,0,"Standard","Standard"
"FC","2018-07-13","86.4","3.1332","5.7997","Madison Bumgarner",592192,518516,"null","ball",,,,,"14","null","R","R","L","SF","OAK","B","null","null",0,0,2018,"0.0519","0.4976","0.6377","0.9729","null","null","543760.00",0,1,"Top","null","null",,,457763,,"180714_021731","-6.0327","-125.8152","-6.3882","1.5403","20.5499","-25.9959","3.3288","1.5906","null","null","null","86.8780","2177","6.1200",530819,518516,457763,474832,593700,467055,543063,491676,621453,457705,"54.3772","null","null","null","null","null","null","null",2,"1","Cutter",0,0,0,0,0,0,0,0,"Standard","Standard"
"FT","2018-07-13","90.6","3.0719","5.8816","Madison Bumgarner",543760,518516,"null","ball",,,,,"2","null","R","R","L","SF","OAK","B","null","null",0,1,2018,"0.6607","1.0543","0.0801","3.4881","null","null","null",0,1,"Top","null","null",,,457763,,"180714_021602","-8.8402","-131.6150","-2.2686","9.4813","27.3331","-19.7208","3.4119","1.6286","null","null","null","90.3600","2028","6.1850",530819,518516,457763,474832,593700,467055,543063,491676,621453,457705,"54.3120","null","null","null","null","null","null","null",1,"2","2-Seam Fastball",0,0,0,0,0,0,0,0,"Standard","Standard"
"FT","2018-07-13","90.9","3.0986","5.8624","Madison Bumgarner",543760,518516,"null","called_strike",,,,,"2","null","R","R","L","SF","OAK","S","null","null",0,0,2018,"0.6527","1.2087","-0.0035","3.2791","null","null","null",0,1,"Top","null","null",,,457763,,"180714_021545","-9.1501","-132.1848","-3.1772","9.4490","25.6432","-17.5453","3.3016","1.6098","null","null","null","91.1080","1982","6.2490",530819,518516,457763,474832,593700,467055,543063,491676,621453,457705,"54.2480","null","null","null","null","null","null","null",1,"1","2-Seam Fastball",0,0,0,0,0,0,0,0,"Strategic","Standard"