"pitch_type","game_date","release_speed","release_pos_x","release_pos_z","player_name","batter","pitcher","events","description","spin_dir","spin_rate_deprecated","break_angle_deprecated","break_length_deprecated","zone","des","game_type","stand","p_throws","home_team","away_team","type","hit_location","bb_type","balls","strikes","game_year","pfx_x","pfx_z","plate_x","plate_z","on_3b","on_2b","on_1b","outs_when_up","inning","inning_topbot","hc_x","hc_y","tfs_deprecated","tfs_zulu_deprecated","pos2_person_id","umpire","sv_id","vx0","vy0","vz0","ax","ay","az","sz_top","sz_bot","hit_distance_sc","launch_speed","launch_angle","effective_speed","release_spin_rate","release_extension","game_pk","pos1_person_id","pos2_person_id","pos3_person_id","pos4_person_id","pos5_person_id","pos6_person_id","pos7_person_id","pos8_person_id","pos9_person_id","release_pos_y","estimated_ba_using_speedangle","estimated_woba_using_speedangle","woba_value","woba_denom","babip_value","iso_value","launch_speed_angle","at_bat_number","pitch_number","pitch_name","home_score","away_score","bat_score","fld_score","post_away_score","post_home_score","post_bat_score","post_fld_score","if_fielding_alignment","of_fielding_alignment"
"SL","2018-06-20","82.3","-1.3420","5.2354","Reyes Moronta",543776,606625,"null","called_strike",,,,,"2","null","R","L","R","SF","MIA","S","null","null",1,1,2018,"1.6884","-0.0721","0.1776","2.7622","null","605119.00","592663.00",2,9,"Top","null","null",,,460026,,"180620_224923","0.2811","-119.8866","0.9449","15.8786","20.6218","-33.2471","3.1557","1.4662","null","null","null","81.5670","2608","5.4860",530510,606625,460026,474832,605412,467055,605509,452254,491676,607776,"55.0114","null","null","null","null","null","null","null",76,"3","Slider",6,5,5,6,5,6,5,6,"Standard","Standard"
"SL","2018-06-20","83.9","-1.3633","5.2424","Reyes Moronta",543776,606625,"null","ball",,,,,"9","null","R","L","R","SF","MIA","B","null","null",0,1,2018,"1.0358","0.4914","0.3812","1.6871","null","605119.00","592663.00",2,9,"Top","null","null",,,460026,,"180620_224851","2.0233","-122.1754","-2.7946","9.7921","22.0642","-27.0842","3.0841","1.4517","null","null","null","83.1610","2577","5.5700",530510,606625,460026,474832,605412,467055,605509,452254,491676,607776,"54.9272","null","null","null","null","null","null","null",76,"2","Slider",6,5,5,6,5,6,5,6,"Standard","Standard"
"SL","2018-06-20","79.9","-1.5061","5.3013","Reyes Moronta",543776,606625,"null","called_strike",,,,,"2","null","R","L","R","SF","MIA","S","null","null",0,0,2018,"1.5055","0.5679","-0.2757","3.0634","null","605119.00","592663.00",2,9,"Top","null","null",,,460026,,"180620_224831","-0.0162","-116.2511","0.7326","13.1959","21.4981","-27.5959","3.1335","1.4441","null","null","null","78.5760","2397","5.3340",530510,606625,460026,474832,605412,467055,605509,452254,491676,607776,"55.1639","null","null","null","null","null","null","null",76,"1","Slider",6,5,5,6,5,6,5,6,"Standard","Standard"
"FT","2018-06-20","92.6","-1.5226","5.3272","Sam Dyson",516770,473879,"null","ball",,,,,"14","null","R","R","R","SF","MIA","B","null","null",0,0,2018,"-1.4830","0.1948","0.5499","1.1623","500743.00","518618.00","null",1,9,"Top","null","null",,,460026,,"180620_224143","8.2137","-134.3670","-5.1408","-19.0604","27.1995","-29.1001","3.5581","1.6468","null","null","null","90.9310","2197","5.2850",530510,473879,460026,474832,605412,467055,605509,452254,491676,607776,"55.2124","null","null","null","null","null","null","null",73,"1","2-Seam Fastball",6,3,3,6,3,6,3,6,"Standard","Standard"
"CH","2018-06-20","84.1","-1.3488","5.3617","Sam Dyson",518618,473879,"null","ball",,,,,"11","null","R","L","R","SF","MIA","B","null","null",2,2,2018,"-1.2699","0.0989","-1.7164","2.8111","null","null","500743.00",1,9,"Top","null","null",,,460026,,"180620_224022","1.5584","-122.5190","0.1357","-12.8600","19.2679","-31.4175","3.4300","1.4942","null","null","null","83.7370","2003","5.5340",530510,473879,460026,474832,605412,467055,605509,452254,491676,607776,"54.9636","null","null","null","null","null","null","null",72,"7","Changeup",6,3,3,6,3,6,3,6,"Standard","Standard"
"FT","2018-06-20","89.9","-1.3224","5.4239","Sam Dyson",518618,473879,"null","called_strike",,,,,"11","null","R","L","R","SF","MIA","S","null","null",1,0,2018,"-1.3856","0.4559","-0.9634","2.3312","null","null","500743.00",1,9,"Top","null","null",,,460026,,"180620_223711","3.7024","-130.8360","-2.6320","-16.3319","26.3652","-26.7546","3.1532","1.3281","null","null","null","89.0590","2205","5.6580",530510,473879,460026,474832,605412,467055,605509,452254,491676,607776,"54.8397","null","null","null","null","null","null","null",72,"2","2-Seam Fastball",6,3,3,6,3,6,3,6,"Strategic","Standard"
"CH","2018-06-20","84.1","-1.3945","5.3302","Sam Dyson",518618,473879,"null","ball",,,,,"11","null","R","L","R","SF","MIA","B","null","null",0,0,2018,"-0.9700","0.1938","-1.7418","3.7384","null","null","500743.00",1,9,"Top","null","null",,,460026,,"180620_223651","1.0354","-122.4855","2.2035","-9.7314","21.4389","-30.8821","3.4078","1.5385","null","null","null","83.3340","2065","5.4770",530510,473879,460026,474832,605412,467055,605509,452254,491676,607776,"55.0205","null","null","null","null","null","null","null",72,"1","Changeup",6,3,3,6,3,6,3,6,"Standard","Standard"
"FT","2018-06-20","90.8","-1.3344","5.3095","Sam Dyson",592680,473879,"null","ball",,,,,"14","null","R","R","R","SF","MIA","B","null","null",1,2,2018,"-1.4684","0.2747","1.1509","1.0248","null","null","500743.00",0,9,"Top","null","null",,,460026,,"180620_223552","9.2064","-131.9110","-5.3700","-18.7350","25.3523","-28.1858","3.2460","1.6437","null","null","null","90.2890","2232","5.8510",530510,473879,460026,474832,605412,467055,605509,452254,491676,607776,"54.6466","null","null","null","null","null","null","null",71,"5","2-Seam Fastball",6,3,3,6,3,6,3,6,"Standard","Standard"
"SL","2018-06-20","87.6","-1.2541","5.4495","Sam Dyson",592680,473879,"null","ball",,,,,"12","null","R","R","R","SF","MIA","B","null","null",0,2,2018,"0.3431","0.4740","0.9852","3.2588","null","null","500743.00",0,9,"Top","null","null",,,460026,,"180620_223530","4.6397","-127.4606","-0.2077","2.8685","21.4650","-27.3186","3.3456","1.6326","null","null","null","86.6300","2574","5.2740",530510,473879,460026,474832,605412,467055,605509,452254,491676,607776,"55.2236","null","null","null","null","null","null","null",71,"4","Slider",6,3,3,6,3,6,3,6,"Strategic","Standard"
"FT","2018-06-20","90.7","-1.3966","5.3607","Sam Dyson",592680,473879,"null","called_strike",,,,,"4","null","R","R","R","SF","MIA","S","null","null",0,1,2018,"-1.2543","0.4811","-0.6096","2.3869","null","null","500743.00",0,9,"Top","null","null",,,460026,,"180620_223432","4.4544","-131.9437","-2.5273","-15.0882","24.7067","-26.4694","3.3646","1.5572","null","null","null","89.5190","2085","5.3080",530510,473879,460026,474832,605412,467055,605509,452254,491676,607776,"55.1891","null","null","null","null","null","null","null",71,"2","2-Seam Fastball",6,3,3,6,3,6,3,6,"Strategic","Standard"
"FT","2018-06-20","92.0","-1.6157","5.3311","Sam Dyson",500743,473879,"null","ball",,,,,"11","null","R","R","R","SF","MIA","B","null","null",1,1,2018,"-1.3795","0.3002","-0.5719","3.4109","null","null","null",0,9,"Top","null","null",,,460026,,"180620_223301","5.3908","-133.6368","0.3467","-17.0545","28.8071","-29.0640","3.2767","1.5402","null","null","null","90.0820","2200","5.2110",530510,473879,460026,474832,605412,467055,605509,452254,491676,607776,"55.2864","null","null","null","null","null","null","null",70,"3","2-Seam Fastball",6,3,3,6,3,6,3,6,"Standard","Standard"
"FT","2018-06-20","90.5","-1.4731","5.3643","Sam Dyson",500743,473879,"null","called_strike",,,,,"2","null","R","R","R","SF","MIA","S","null","null",1,0,2018,"-1.2782","0.3795","0.1883","2.8454","null","null","null",0,9,"Top","null","null",,,460026,,"180620_223237","6.6242","-131.4376","-1.0941","-15.6860","27.7266","-27.9683","3.3383","1.5232","null","null","null","88.7430","2182","5.2910",530510,473879,460026,474832,605412,467055,605509,452254,491676,607776,"55.2064","null","null","null","null","null","null","null",70,"2","2-Seam Fastball",6,3,3,6,3,6,3,6,"Standard","Standard"
"FT","2018-06-20","91.9","-1.4848","5.3443","Sam Dyson",500743,473879,"null","ball",,,,,"13","null","R","R","R","SF","MIA","B","null","null",0,0,2018,"-1.4549","0.4173","-0.1980","1.3473","null","null","null",0,9,"Top","null","null",,,460026,,"180620_223217","6.1597","-133.4443","-5.0510","-18.0938","27.6875","-26.5608","3.2608","1.5675","null","null","null","90.2480","2195","5.3150",530510,473879,460026,474832,605412,467055,605509,452254,491676,607776,"55.1824","null","null","null","null","null","null","null",70,"1","2-Seam Fastball",6,3,3,6,3,6,3,6,"Standard","Standard"
"FT","2018-06-20","98.2","-2.0638","6.1591","Tayron Guerrero",457705,594027,"strikeout","called_strike",,,,,"9","Andrew McCutchen called out on strikes.  ","R","R","R","SF","MIA","S",2,"null",1,2,2018,"-1.0373","0.9362","0.5201","2.1033","null","null","452254.00",2,8,"Bot","null","null",,,592663,,"180620_222936","9.4349","-142.6969","-7.7872","-16.2247","26.7134","-17.8336","3.5047","1.6568","null","null","null","99.2480","2148","6.5330",530510,594027,592663,571506,516770,592680,500743,518618,543776,605119,"53.9646","null","null","0.00",1,0,0,"null",69,"4","2-Seam Fastball",6,3,6,3,3,6,6,3,"Infield shift","Standard"
"SL","2018-06-20","83.5","-1.8431","6.1841","Tayron Guerrero",457705,594027,"null","ball",,,,,"11","null","R","R","R","SF","MIA","B","null","null",0,1,2018,"0.3303","-0.1243","-1.1894","3.1769","null","null","452254.00",2,8,"Bot","null","null",,,592663,,"180620_222839","0.8623","-121.8156","-0.4295","3.1922","18.0233","-33.5307","3.5490","1.6457","null","null","null","84.2690","null","6.1080",530510,594027,592663,571506,516770,592680,500743,518618,543776,605119,"54.3897","null","null","null","null","null","null","null",69,"2","Slider",6,3,6,3,3,6,6,3,"Infield shift","Standard"
"FF","2018-06-20","98.6","-2.0241","6.2049","Tayron Guerrero",491676,594027,"null","ball",,,,,"11","null","R","R","R","SF","MIA","B","null","null",0,1,2018,"-0.9880","1.2478","-0.3695","3.7743","null","null","452254.00",1,8,"Bot","null","null",,,592663,,"180620_222542","6.8472","-143.6576","-4.1975","-15.2666","27.5790","-13.9165","3.3081","1.5163","null","null","null","99.8940","2257","6.5540",530510,594027,592663,571506,516770,592680,500743,518618,543776,605119,"53.9433","null","null","null","null","null","null","null",68,"2","4-Seam Fastball",6,3,6,3,3,6,6,3,"Standard","Standard"
"FF","2018-06-20","98.6","-2.0384","6.1929","Tayron Guerrero",491676,594027,"null","called_strike",,,,,"8","null","R","R","R","SF","MIA","S","null","null",0,0,2018,"-0.9745","1.2270","-0.2111","1.9529","null","null","452254.00",1,8,"Bot","null","null",,,592663,,"180620_222519","7.2520","-143.3428","-8.9975","-15.0851","29.5261","-13.3949","3.3319","1.5380","null","null","null","99.2470","2197","6.4560",530510,594027,592663,571506,516770,592680,500743,518618,543776,605119,"54.0413","null","null","null","null","null","null","null",68,"1","4-Seam Fastball",6,3,6,3,3,6,6,3,"Standard","Standard"
"FF","2018-06-20","98.0","-1.9376","6.1464","Tayron Guerrero",452254,594027,"null","called_strike",,,,,"9","null","R","R","R","SF","MIA","S","null","null",1,1,2018,"-0.6944","1.3005","0.4413","1.6243","460026.00","null","null",1,8,"Bot","null","null",,,592663,,"180620_222353","8.0769","-142.4817","-9.9009","-11.1404","25.6003","-12.4063","3.3665","1.6844","null","null","null","99.3140","2220","6.5830",530510,594027,592663,571506,516770,592680,500743,518618,543776,605119,"53.9144","null","null","null","null","null","null","null",67,"3","4-Seam Fastball",5,3,5,3,3,5,5,3,"Strategic","Standard"
"SL","2018-06-20","85.3","-1.8387","6.3396","Tayron Guerrero",607776,594027,"null","ball",,,,,"14","null","R","R","R","SF","MIA","B","null","null",2,2,2018,"0.4096","-0.0560","0.8953","1.2061","460026.00","null","null",0,8,"Bot","null","null",,,592663,,"180620_221949","5.6068","-124.4217","-5.9172","3.6669","14.7796","-32.2005","3.6016","1.6098","null","null","null","86.5030","2113","6.0390",530510,594027,592663,571506,516770,592680,500743,518618,543776,605119,"54.4582","null","null","null","null","null","null","null",66,"5","Slider",5,3,5,3,3,5,5,3,"Strategic","Standard"
"FF","2018-06-20","98.6","-2.0054","6.2149","Tayron Guerrero",607776,594027,"null","ball",,,,,"9","null","R","R","R","SF","MIA","B","null","null",1,2,2018,"-0.8991","1.1892","0.6741","1.6322","460026.00","null","null",0,8,"Bot","null","null",,,592663,,"180620_221924","9.3814","-143.1083","-9.8057","-14.4337","29.6164","-13.8082","3.4817","1.6262","null","null","null","99.0600","2279","6.4550",530510,594027,592663,571506,516770,592680,500743,518618,543776,605119,"54.0427","null","null","null","null","null","null","null",66,"4","4-Seam Fastball",5,3,5,3,3,5,5,3,"Strategic","Standard"
"CH","2018-06-20","80.0","2.9623","6.3458","Ty Blach",621446,621389,"null","ball",,,,,"14","null","R","R","L","SF","MIA","B","null","null",1,1,2018,"1.4681","0.5885","1.7231","2.4448","null","null","null",2,8,"Top","null","null",,,460026,,"180620_221345","-5.1606","-116.3351","-2.9767","13.5432","17.5247","-26.8490","3.6875","1.7380","null","null","null","78.3000","1899","4.6900",530510,621389,460026,474832,605412,467055,605509,452254,491676,607776,"55.8069","null","null","null","null","null","null","null",64,"3","Changeup",5,3,3,5,3,5,3,5,"Standard","Standard"
"CH","2018-06-20","79.4","2.9893","6.3594","Ty Blach",621446,621389,"null","called_strike",,,,,"5","null","R","R","L","SF","MIA","S","null","null",1,0,2018,"1.2079","0.4549","0.1451","2.4312","null","null","null",2,8,"Top","null","null",,,460026,,"180620_221334","-8.1330","-115.3416","-2.6769","11.6350","17.5724","-28.0876","3.6875","1.6272","null","null","null","77.9040","1830","4.9230",530510,621389,460026,474832,605412,467055,605509,452254,491676,607776,"55.5747","null","null","null","null","null","null","null",64,"2","Changeup",5,3,3,5,3,5,3,5,"Standard","Standard"
"CH","2018-06-20","79.9","2.9052","6.3677","Ty Blach",621446,621389,"null","ball",,,,,"13","null","R","R","L","SF","MIA","B","null","null",0,0,2018,"1.7164","0.8627","-0.1405","-0.0499","null","null","null",2,8,"Top","null","null",,,460026,,"180620_221314","-9.2989","-115.5349","-8.5721","16.0126","18.9535","-23.7653","3.5436","1.6605","null","null","null","77.0980","2020","4.3730",530510,621389,460026,474832,605412,467055,605509,452254,491676,607776,"56.1241","null","null","null","null","null","null","null",64,"1","Changeup",5,3,3,5,3,5,3,5,"Standard","Standard"
"CH","2018-06-20","80.9","2.9983","6.3103","Ty Blach",571506,621389,"null","ball",,,,,"14","null","R","L","L","SF","MIA","B","null","null",1,2,2018,"1.5357","0.5663","0.1301","1.4075","null","null","null",1,8,"Top","null","null",,,460026,,"180620_221218","-8.7331","-117.1334","-5.1043","14.7755","19.9754","-26.6919","3.6599","1.7075","null","null","null","78.0470","1955","4.3360",530510,621389,460026,474832,605412,467055,605509,452254,491676,607776,"56.1611","null","null","null","null","null","null","null",63,"5","Changeup",5,3,3,5,3,5,3,5,"Infield shift","Standard"
"CU","2018-06-20","76.9","2.8264","6.4459","Ty Blach",571506,621389,"null","ball",,,,,"13","null","R","L","L","SF","MIA","B","null","null",0,2,2018,"-0.7034","-1.0491","-2.3727","0.0551","null","null","null",1,8,"Top","null","null",,,460026,,"180620_221136","-9.4718","-111.3855","-4.6386","-3.9826","18.2575","-39.9499","3.6267","1.6743","null","null","null","74.4380","2506","4.5280",530510,621389,460026,474832,605412,467055,605509,452254,491676,607776,"55.9699","null","null","null","null","null","null","null",63,"3","Curveball",5,3,3,5,3,5,3,5,"Infield shift","Standard"
"CU","2018-06-20","77.3","2.8440","6.4665","Ty Blach",543776,621389,"null","ball",,,,,"13","null","R","L","L","SF","MIA","B","null","null",0,2,2018,"-0.7798","-1.2870","-1.5391","-1.0182","null","null","null",0,8,"Top","null","null",,,460026,,"180620_220947","-7.7108","-111.9861","-6.5685","-4.8500","19.0765","-41.5245","3.1571","1.4889","null","null","null","74.5860","2538","4.4020",530510,621389,460026,474832,605412,467055,605509,452254,491676,607776,"56.0955","null","null","null","null","null","null","null",62,"3","Curveball",5,3,3,5,3,5,3,5,"Standard","Standard"
"SL","2018-06-20","78.4","3.0466","6.1583","Ty Blach",543776,621389,"null","called_strike",,,,,"6","null","R","L","L","SF","MIA","S","null","null",0,1,2018,"-0.3698","-0.3386","0.5855","2.2939","null","null","null",0,8,"Top","null","null",,,460026,,"180620_220929","-4.5441","-114.0078","-0.9687","-2.3343","18.7106","-35.0988","3.0886","1.4546","null","null","null","76.6070","2312","4.7920",530510,621389,460026,474832,605412,467055,605509,452254,491676,607776,"55.7051","null","null","null","null","null","null","null",62,"2","Slider",5,3,3,5,3,5,3,5,"Strategic","Standard"
"CH","2018-06-20","80.0","2.9591","6.4462","Ty Blach",543776,621389,"null","called_strike",,,,,"8","null","R","L","L","SF","MIA","S","null","null",0,0,2018,"1.8997","0.6954","0.1714","1.5898","null","null","null",0,8,"Top","null","null",,,460026,,"180620_220914","-9.0542","-115.6743","-4.9179","17.5965","22.0902","-25.7551","3.0886","1.4435","null","null","null","76.6370","2038","4.2800",530510,621389,460026,474832,605412,467055,605509,452254,491676,607776,"56.2177","null","null","null","null","null","null","null",62,"1","Changeup",5,3,3,5,3,5,3,5,"Strategic","Standard"
"FF","2018-06-20","94.5","3.3833","5.7696","Adam Conley",467055,543045,"null","called_strike",,,,,"7","null","R","R","L","SF","MIA","S","null","null",0,0,2018,"1.4567","0.9184","-0.5346","1.8950","null","null","605412.00",2,7,"Bot","null","null",,,592663,,"180620_220423","-13.2985","-136.8350","-6.3289","21.0434","29.8060","-19.5800","3.1762","1.5781","null","null","null","93.7420","2284","6.0860",530510,543045,592663,571506,516770,592680,500743,518618,621446,605119,"54.4114","null","null","null","null","null","null","null",61,"1","4-Seam Fastball",5,3,5,3,3,5,5,3,"Standard","Standard"
"FF","2018-06-20","94.3","3.3944","5.6397","Adam Conley",474832,543045,"null","called_strike",,,,,"7","null","R","L","L","SF","MIA","S","null","null",1,0,2018,"1.7169","1.0935","-0.5869","1.5598","null","null","605412.00",1,7,"Bot","null","null",,,592663,,"180620_220313","-13.9808","-136.4156","-7.1787","24.2864","29.7499","-17.3092","3.2423","1.5951","null","null","null","93.4090","2301","6.0680",530510,543045,592663,571506,516770,592680,500743,518618,621446,605119,"54.4291","null","null","null","null","null","null","null",60,"2","4-Seam Fastball",5,3,5,3,3,5,5,3,"Infield shift","Standard"
"FF","2018-06-20","93.8","3.3483","5.6904","Adam Conley",474832,543045,"null","ball",,,,,"13","null","R","L","L","SF","MIA","B","null","null",0,0,2018,"1.3327","0.9231","-1.0223","0.9876","null","null","605412.00",1,7,"Bot","null","null",,,592663,,"180620_220257","-14.0660","-135.6112","-8.3038","19.3172","28.9402","-19.3244","3.2423","1.6062","null","null","null","92.9320","2154","6.0770",530510,543045,592663,571506,516770,592680,500743,518618,621446,605119,"54.4201","null","null","null","null","null","null","null",60,"1","4-Seam Fastball",5,3,5,3,3,5,5,3,"Infield shift","Standard"
"FF","2018-06-20","94.7","3.5726","5.5581","Adam Conley",605412,543045,"walk","ball",,,,,"13","Joe Panik walks.  ","R","L","L","SF","MIA","B","null","null",3,0,2018,"1.5034","0.6314","-0.2890","1.0931","null","null","null",1,7,"Bot","null","null",,,592663,,"180620_220227","-13.2563","-136.9474","-7.2046","21.7166","31.6132","-22.9163","3.0603","1.4535","null","null","null","93.5390","2214","6.0510",530510,543045,592663,571506,516770,592680,500743,518618,621446,605119,"54.4461","null","null","0.70",1,0,0,"null",59,"4","4-Seam Fastball",5,3,5,3,3,5,5,3,"Standard","Standard"
"FF","2018-06-20","94.0","3.3718","5.6530","Adam Conley",605412,543045,"null","ball",,,,,"7","null","R","L","L","SF","MIA","B","null","null",2,0,2018,"1.4639","1.0311","-0.8251","1.4246","null","null","null",1,7,"Bot","null","null",,,592663,,"180620_220216","-13.9265","-135.8401","-7.2762","21.1859","33.2433","-18.1277","3.1821","1.5422","null","null","null","92.5130","2149","6.0540",530510,543045,592663,571506,516770,592680,500743,518618,621446,605119,"54.4438","null","null","null","null","null","null","null",59,"3","4-Seam Fastball",5,3,5,3,3,5,5,3,"Standard","Standard"
"FF","2018-06-20","94.2","3.5146","5.6593","Adam Conley",605412,543045,"null","ball",,,,,"13","null","R","L","L","SF","MIA","B","null","null",1,0,2018,"1.6369","0.8460","-0.4240","0.9741","null","null","null",1,7,"Bot","null","null",,,592663,,"180620_220203","-13.7376","-136.2070","-8.1773","23.3482","30.9563","-20.0909","3.2264","1.4979","null","null","null","93.3560","2173","6.2190",530510,543045,592663,571506,516770,592680,500743,518618,621446,605119,"54.2781","null","null","null","null","null","null","null",59,"2","4-Seam Fastball",5,3,5,3,3,5,5,3,"Standard","Standard"
"FF","2018-06-20","93.2","3.3679","5.5713","Adam Conley",605412,543045,"null","ball",,,,,"13","null","R","L","L","SF","MIA","B","null","null",0,0,2018,"1.4966","0.6774","-1.8480","0.9165","null","null","null",1,7,"Bot","null","null",,,592663,,"180620_220152","-16.5084","-134.6858","-7.5918","21.4020","25.5287","-22.6590","3.1046","1.4757","null","null","null","92.8500","2065","6.1770",530510,543045,592663,571506,516770,592680,500743,518618,621446,605119,"54.3202","null","null","null","null","null","null","null",59,"1","4-Seam Fastball",5,3,5,3,3,5,5,3,"Standard","Standard"
"FF","2018-06-20","91.7","3.3773","5.8711","Adam Conley",605509,543045,"null","ball",,,,,"14","null","R","R","L","SF","MIA","B","null","null",0,0,2018,"1.4369","1.0280","1.0368","1.2265","null","null","null",0,7,"Bot","null","null",,,592663,,"180620_220057","-8.8816","-133.0994","-8.0065","18.6767","26.3102","-18.7028","3.3949","1.5529","null","null","null","91.1540","2127","5.9200",530510,543045,592663,571506,516770,592680,500743,518618,621446,605119,"54.5770","null","null","null","null","null","null","null",58,"1","4-Seam Fastball",5,3,5,3,3,5,5,3,"Standard","Standard"
"CH","2018-06-20","86.1","3.5129","5.0237","Tony Watson",592663,453265,"null","ball",,,,,"14","null","R","R","L","SF","MIA","B","null","null",0,0,2018,"1.6481","0.8325","0.8672","1.2830","518618.00","null","516770.00",2,7,"Top","null","null",,,460026,,"180620_215723","-9.4625","-124.9883","-4.2886","18.8335","22.5812","-22.9638","3.5977","1.6363","null","null","null","85.6260","2447","5.8830",530510,453265,460026,474832,605412,467055,605509,452254,491676,607776,"54.6139","null","null","null","null","null","null","null",57,"1","Changeup",5,3,3,5,3,5,3,5,"Standard","Standard"
"CH","2018-06-20","84.5","3.4924","5.0717","Tony Watson",518618,453265,"null","ball",,,,,"7","null","R","L","L","SF","MIA","B","null","null",0,0,2018,"1.5404","0.8085","-0.7971","1.8259","null","null","500743.00",1,7,"Top","null","null",,,460026,,"180620_215235","-12.7567","-122.2712","-2.6402","17.6498","24.9243","-23.9945","3.2395","1.5726","null","null","null","82.9750","2319","5.6640",530510,453265,460026,474832,605412,467055,605509,452254,491676,607776,"54.8336","null","null","null","null","null","null","null",54,"1","Changeup",5,2,2,5,2,5,2,5,"Standard","Standard"
"SI","2018-06-20","90.7","2.7517","6.1180","Derek Holland",500743,502706,"null","called_strike",,,,,"5","null","R","R","L","SF","MIA","S","null","null",3,1,2018,"1.1161","1.3817","-0.0882","2.1518","null","621446.00","null",0,7,"Top","null","null",,,460026,,"180620_214711","-9.3283","-131.5523","-6.8253","14.6170","25.3302","-15.2064","3.2982","1.5617","null","null","null","90.0280","2379","5.8500",530510,502706,460026,474832,605412,467055,605509,452254,491676,607776,"54.6475","null","null","null","null","null","null","null",52,"5","Sinker",5,1,1,5,1,5,1,5,"Standard","Standard"
"SI","2018-06-20","90.0","2.6838","6.1131","Derek Holland",500743,502706,"null","ball",,,,,"8","null","R","R","L","SF","MIA","B","null","null",1,0,2018,"1.3965","1.0625","-0.2591","1.5081","null","621446.00","null",0,7,"Top","null","null",,,460026,,"180620_214542","-10.1198","-130.5447","-7.6229","17.7882","24.7573","-18.8665","3.3424","1.6280","null","null","null","89.5500","2244","5.9660",530510,502706,460026,474832,605412,467055,605509,452254,491676,607776,"54.5313","null","null","null","null","null","null","null",52,"2","Sinker",5,1,1,5,1,5,1,5,"Standard","Standard"
"CH","2018-06-20","81.3","2.7174","6.1179","Derek Holland",500743,502706,"null","ball",,,,,"12","null","R","R","L","SF","MIA","B","null","null",0,0,2018,"0.8843","1.2682","0.8455","3.4735","null","621446.00","null",0,7,"Top","null","null",,,460026,,"180620_214502","-5.8330","-118.1728","-1.6985","9.3022","22.4445","-20.3298","3.2714","1.6003","null","null","null","80.8430","2031","6.0290",530510,502706,460026,474832,605412,467055,605509,452254,491676,607776,"54.4680","null","null","null","null","null","null","null",52,"1","Changeup",5,1,1,5,1,5,1,5,"Standard","Standard"
"SI","2018-06-20","91.2","2.6677","6.0848","Derek Holland",621446,502706,"null","ball",,,,,"12","null","R","R","L","SF","MIA","B","null","null",0,0,2018,"0.9564","1.2056","0.6285","3.8959","null","null","null",0,7,"Top","null","null",,,460026,,"180620_214257","-7.0782","-132.5456","-2.1379","12.5822","27.7064","-17.9650","3.6764","1.6494","null","null","null","90.4830","2449","5.8690",530510,502706,460026,474832,605412,467055,605509,452254,491676,607776,"54.6285","null","null","null","null","null","null","null",51,"1","Sinker",5,1,1,5,1,5,1,5,"Standard","Standard"
"FF","2018-06-20","93.9","3.2632","5.7820","Adam Conley",502706,543045,"null","ball",,,,,"13","null","R","R","L","SF","MIA","B","null","null",0,1,2018,"1.3708","1.0381","-1.0677","1.4582","null","null","491676.00",2,6,"Bot","null","null",,,592663,,"180620_213957","-14.1341","-135.8474","-7.6559","19.9475","28.8499","-17.9286","3.5648","1.7259","null","null","null","93.3990","2241","6.2440",530510,543045,592663,571506,516770,500743,595375,518618,621446,605119,"54.2534","null","null","null","null","null","null","null",50,"2","4-Seam Fastball",5,1,5,1,1,5,5,1,"Standard","Standard"
"FF","2018-06-20","93.3","3.4838","5.7785","Adam Conley",502706,543045,"null","called_strike",,,,,"8","null","R","R","L","SF","MIA","S","null","null",0,0,2018,"1.2586","1.0352","0.0483","1.7990","null","null","491676.00",2,6,"Bot","null","null",,,592663,,"180620_213940","-11.5165","-135.2262","-6.6487","17.8738","29.7534","-18.3181","3.6021","1.7667","null","null","null","92.7250","2253","6.1860",530510,543045,592663,571506,516770,500743,595375,518618,621446,605119,"54.3114","null","null","null","null","null","null","null",50,"1","4-Seam Fastball",5,1,5,1,1,5,5,1,"Standard","Standard"
"FT","2018-06-20","96.9","-1.6836","5.8273","Jose Urena",491676,570632,"null","ball",,,,,"13","null","R","R","R","SF","MIA","B","null","null",1,2,2018,"-1.5131","0.7381","-1.5494","1.0380","607776.00","452254.00","null",2,6,"Bot","null","null",,,592663,,"180620_213406","3.7636","-140.8924","-8.8858","-20.8494","31.1790","-20.6655","3.3187","1.4826","null","null","null","96.6060","1947","6.1050",530510,570632,592663,571506,516770,500743,595375,457727,621446,605119,"54.3925","null","null","null","null","null","null","null",49,"9","2-Seam Fastball",3,1,3,1,1,3,3,1,"Standard","Standard"
"FT","2018-06-20","96.8","-1.2333","5.8920","Jose Urena",491676,570632,"null","ball",,,,,"3","null","R","R","R","SF","MIA","B","null","null",0,2,2018,"-1.2626","0.9630","0.4661","3.1222","607776.00","null","452254.00",2,6,"Bot","null","null",,,592663,,"180620_213310","7.2968","-140.7554","-3.9934","-18.1336","29.7888","-18.8998","3.2155","1.4828","null","null","null","96.2750","2062","5.8750",530510,570632,592663,571506,516770,500743,595375,457727,621446,605119,"54.6219","null","null","null","null","null","null","null",49,"7","2-Seam Fastball",3,1,3,1,1,3,3,1,"Standard","Standard"
"SL","2018-06-20","84.3","-1.6298","5.9569","Jose Urena",491676,570632,"null","called_strike",,,,,"6","null","R","R","R","SF","MIA","S","null","null",0,0,2018,"0.5811","0.5568","0.3595","2.6494","607776.00","null","452254.00",2,6,"Bot","null","null",,,592663,,"180620_213017","3.4710","-122.8842","-2.5427","5.3512","18.7024","-26.3395","3.2876","1.5269","null","null","null","84.5330","2226","5.8310",530510,570632,592663,571506,516770,500743,595375,457727,621446,605119,"54.6660","null","null","null","null","null","null","null",49,"1","Slider",3,1,3,1,1,3,3,1,"Standard","Standard"
"FT","2018-06-20","97.0","-1.6485","5.8693","Jose Urena",607776,570632,"null","ball",,,,,"13","null","R","R","R","SF","MIA","B","null","null",0,2,2018,"-1.2706","0.8812","-0.1352","1.4266","605412.00","474832.00","467055.00",1,6,"Bot","null","null",,,592663,,"180620_212715","6.8422","-140.8991","-8.2873","-18.2011","28.7761","-19.0394","3.5195","1.6816","null","null","null","96.6090","2080","5.9360",530510,570632,592663,571506,516770,500743,595375,457727,621446,605119,"54.5610","null","null","null","null","null","null","null",47,"3","2-Seam Fastball",1,1,1,1,1,1,1,1,"Standard","Standard"
"FT","2018-06-20","96.7","-1.7832","5.9383","Jose Urena",460026,570632,"null","ball",,,,,"13","null","R","R","R","SF","MIA","B","null","null",0,2,2018,"-1.6137","0.7270","-2.0789","1.4237","605412.00","474832.00","467055.00",0,6,"Bot","null","null",,,592663,,"180620_212532","2.7718","-140.5363","-8.0060","-21.5837","31.2292","-21.1894","3.4420","1.5529","null","null","null","95.7170","2068","5.7460",530510,570632,592663,571506,516770,500743,595375,457727,621446,605119,"54.7513","null","null","null","null","null","null","null",46,"3","2-Seam Fastball",1,1,1,1,1,1,1,1,"Standard","Standard"
"CH","2018-06-20","91.1","-1.9097","5.6820","Jose Urena",474832,570632,"null","ball",,,,,"13","null","R","L","R","SF","MIA","B","null","null",2,2,2018,"-1.2789","0.9811","-0.6390","1.2387","null","605509.00","605412.00",0,6,"Bot","null","null",,,592663,,"180620_212154","5.8459","-132.4239","-7.2868","-16.0722","27.2818","-19.4952","3.0983","1.5397","null","null","null","90.5530","1808","5.9340",530510,570632,592663,571506,516770,500743,595375,457727,621446,605119,"54.5637","null","null","null","null","null","null","null",44,"5","Changeup",0,1,0,1,1,0,0,1,"Standard","Standard"
"SL","2018-06-20","84.5","-2.1364","5.6568","Jose Urena",474832,570632,"null","ball",,,,,"14","null","R","L","R","SF","MIA","B","null","null",1,0,2018,"-0.3592","0.6390","0.8364","0.9411","null","605509.00","605412.00",0,6,"Bot","null","null",,,592663,,"180620_211943","7.5412","-122.7706","-5.8926","-4.8517","20.2660","-24.9874","3.1252","1.5232","null","null","null","84.1910","2218","5.8010",530510,570632,592663,571506,516770,500743,595375,457727,621446,605119,"54.6961","null","null","null","null","null","null","null",44,"2","Slider",0,1,0,1,1,0,0,1,"Standard","Standard"
"SL","2018-06-20","82.1","-2.3339","5.7389","Jose Urena",474832,570632,"null","ball",,,,,"11","null","R","L","R","SF","MIA","B","null","null",0,0,2018,"0.2023","0.4629","-2.1207","3.3707","null","605509.00","605412.00",0,6,"Bot","null","null",,,592663,,"180620_211913","0.1037","-119.6160","0.1415","1.9036","17.4690","-28.0001","3.1806","1.5674","null","null","null","81.8310","2115","5.5020",530510,570632,592663,571506,516770,500743,595375,457727,621446,605119,"54.9951","null","null","null","null","null","null","null",44,"1","Slider",0,1,0,1,1,0,0,1,"Standard","Standard"
"CH","2018-06-20","89.3","-1.9172","5.7345","Jose Urena",605412,570632,"null","ball",,,,,"13","null","R","L","R","SF","MIA","B","null","null",1,0,2018,"-0.9478","0.8946","-0.4363","1.3236","null","null","605509.00",0,6,"Bot","null","null",,,592663,,"180620_211730","5.6287","-129.9263","-6.7541","-11.8552","25.2104","-20.9075","3.1267","1.4757","null","null","null","89.5310","1833","6.2720",530510,570632,592663,571506,516770,500743,595375,457727,621446,605119,"54.2250","null","null","null","null","null","null","null",43,"2","Changeup",0,1,0,1,1,0,0,1,"Standard","Standard"
"FT","2018-06-20","94.4","-1.7633","5.7848","Jose Urena",605412,570632,"null","ball",,,,,"12","null","R","L","R","SF","MIA","B","null","null",0,0,2018,"-1.2041","0.7076","1.4005","2.6951","null","null","605509.00",0,6,"Bot","null","null",,,592663,,"180620_211712","10.7409","-136.9919","-3.8718","-17.1631","27.5735","-22.7970","3.0824","1.4425","null","null","null","93.7570","2135","5.8610",530510,570632,592663,571506,516770,500743,595375,457727,621446,605119,"54.6360","null","null","null","null","null","null","null",43,"1","2-Seam Fastball",0,1,0,1,1,0,0,1,"Standard","Standard"
"FT","2018-06-20","95.7","-1.5608","5.7667","Jose Urena",605509,570632,"walk","ball",,,,,"14","Kelby Tomlinson walks.  ","R","R","R","SF","MIA","B","null","null",3,2,2018,"-1.4161","0.7664","0.3538","1.1649","null","null","null",0,6,"Bot","null","null",,,592663,,"180620_211642","8.1316","-138.9096","-8.1917","-19.8823","28.0050","-20.8585","3.3949","1.5972","null","null","null","95.3500","2124","6.0000",530510,570632,592663,571506,516770,500743,595375,457727,621446,605119,"54.4972","null","null","0.70",1,0,0,"null",42,"6","2-Seam Fastball",0,1,0,1,1,0,0,1,"Standard","Standard"
"FT","2018-06-20","94.7","-1.6289","5.8305","Jose Urena",605509,570632,"null","called_strike",,,,,"4","null","R","R","R","SF","MIA","S","null","null",3,0,2018,"-1.1415","0.7966","-0.3047","2.4405","null","null","null",0,6,"Bot","null","null",,,592663,,"180620_211558","5.9304","-137.8369","-4.9822","-15.6458","26.1862","-21.2957","3.4437","1.5695","null","null","null","94.7590","1991","5.9850",530510,570632,592663,571506,516770,500743,595375,457727,621446,605119,"54.5121","null","null","null","null","null","null","null",42,"4","2-Seam Fastball",0,1,0,1,1,0,0,1,"Standard","Standard"
"FT","2018-06-20","96.0","-1.6157","5.8818","Jose Urena",605509,570632,"null","ball",,,,,"3","null","R","R","R","SF","MIA","B","null","null",2,0,2018,"-1.3149","0.8374","0.5323","3.2554","null","null","null",0,6,"Bot","null","null",,,592663,,"180620_211545","8.5302","-139.5023","-3.2380","-18.7433","27.6180","-20.8804","3.1576","1.5419","null","null","null","95.6770","2095","5.9100",530510,570632,592663,571506,516770,500743,595375,457727,621446,605119,"54.5875","null","null","null","null","null","null","null",42,"3","2-Seam Fastball",0,1,0,1,1,0,0,1,"Standard","Standard"
"FT","2018-06-20","95.0","-1.3983","5.9195","Jose Urena",605509,570632,"null","ball",,,,,"14","null","R","R","R","SF","MIA","B","null","null",1,0,2018,"-1.3076","0.8307","0.8529","1.4518","null","null","null",0,6,"Bot","null","null",,,592663,,"180620_211534","8.6452","-137.8547","-7.7924","-18.1892","27.5196","-20.3787","3.4170","1.5861","null","null","null","94.2490","2008","5.7750",530510,570632,592663,571506,516770,500743,595375,457727,621446,605119,"54.7225","null","null","null","null","null","null","null",42,"2","2-Seam Fastball",0,1,0,1,1,0,0,1,"Standard","Standard"
"SL","2018-06-20","82.1","-1.5987","5.9235","Jose Urena",605509,570632,"null","ball",,,,,"14","null","R","R","R","SF","MIA","B","null","null",0,0,2018,"0.1355","0.6014","1.2846","0.6464","null","null","null",0,6,"Bot","null","null",,,592663,,"180620_211521","6.1787","-119.3069","-6.4763","0.1808","20.9861","-25.6417","3.3617","1.5750","null","null","null","81.2230","2183","5.5740",530510,570632,592663,571506,516770,500743,595375,457727,621446,605119,"54.9229","null","null","null","null","null","null","null",42,"1","Slider",0,1,0,1,1,0,0,1,"Standard","Standard"
"SL","2018-06-20","80.5","2.9295","5.9844","Derek Holland",571506,502706,"null","ball",,,,,"13","null","R","L","L","SF","MIA","B","null","null",1,0,2018,"-0.3323","0.0026","-0.8703","1.0353","null","605119.00","457727.00",1,6,"Top","null","null",,,460026,,"180620_211135","-7.6488","-116.8022","-4.1655","-1.4181","22.8840","-31.6194","3.6489","1.6965","null","null","null","78.6090","2203","5.2110",530510,502706,460026,474832,605412,467055,605509,452254,491676,607776,"55.2859","null","null","null","null","null","null","null",41,"2","Slider",0,1,1,0,1,0,1,0,"Standard","Standard"
"SI","2018-06-20","91.5","2.8967","6.0198","Derek Holland",571506,502706,"null","ball",,,,,"14","null","R","L","L","SF","MIA","B","null","null",0,0,2018,"1.3593","0.8876","1.6257","1.8105","null","605119.00","457727.00",1,6,"Top","null","null",,,460026,,"180620_211114","-6.0518","-133.0624","-6.6589","17.2250","24.6626","-20.6261","3.6157","1.6632","null","null","null","91.4500","2350","5.9890",530510,502706,460026,474832,605412,467055,605509,452254,491676,607776,"54.5083","null","null","null","null","null","null","null",41,"1","Sinker",0,1,1,0,1,0,1,0,"Standard","Standard"
"SL","2018-06-20","81.3","2.9810","6.0074","Derek Holland",457727,502706,"walk","ball",,,,,"13","Cameron Maybin walks.   Brian Anderson to 2nd.  ","R","R","L","SF","MIA","B","null","null",3,2,2018,"-0.0193","0.5005","-1.7653","1.2890","null","null","605119.00",1,6,"Top","null","null",,,460026,,"180620_211036","-10.3960","-117.7834","-4.7953","1.6629","20.8244","-27.0229","3.7714","1.7055","null","null","null","80.0080","2400","5.4880",530510,502706,460026,474832,605412,467055,605509,452254,491676,607776,"55.0098","null","null","0.70",1,0,0,"null",40,"8","Slider",0,1,1,0,1,0,1,0,"Standard","Standard"
"SI","2018-06-20","90.5","2.9409","6.1119","Derek Holland",457727,502706,"null","called_strike",,,,,"1","null","R","R","L","SF","MIA","S","null","null",2,1,2018,"1.2439","1.3835","-0.3290","3.4578","null","null","605119.00",1,6,"Top","null","null",,,460026,,"180620_210746","-10.5511","-131.2346","-3.4958","16.1404","25.7671","-16.0763","3.7413","1.7176","null","null","null","89.3060","2505","5.5820",530510,502706,460026,474832,605412,467055,605509,452254,491676,607776,"54.9158","null","null","null","null","null","null","null",40,"4","Sinker",0,1,1,0,1,0,1,0,"Standard","Standard"
"SI","2018-06-20","90.4","2.8539","6.0649","Derek Holland",457727,502706,"null","ball",,,,,"13","null","R","R","L","SF","MIA","B","null","null",1,1,2018,"1.4327","1.5134","-1.3296","1.0483","null","null","605119.00",1,6,"Top","null","null",,,460026,,"180620_210723","-13.1874","-130.5486","-9.4983","18.7599","25.9500","-13.4680","3.7714","1.7055","null","null","null","89.1350","2494","5.8030",530510,502706,460026,474832,605412,467055,605509,452254,491676,607776,"54.6943","null","null","null","null","null","null","null",40,"3","Sinker",0,1,1,0,1,0,1,0,"Standard","Standard"
"KC","2018-06-20","77.2","2.7501","6.1270","Derek Holland",457727,502706,"null","ball",,,,,"14","null","R","R","L","SF","MIA","B","null","null",0,1,2018,"-0.2037","0.4324","0.2311","1.2040","null","null","605119.00",1,6,"Top","null","null",,,460026,,"180620_210700","-4.9340","-112.2167","-4.2667","-0.8587","18.8552","-28.1073","3.7603","1.7276","null","null","null","76.4420","2061","5.6400",530510,502706,460026,474832,605412,467055,605509,452254,491676,607776,"54.8578","null","null","null","null","null","null","null",40,"2","Knuckle Curve",0,1,1,0,1,0,1,0,"Standard","Standard"
"KC","2018-06-20","78.4","2.9613","6.1478","Derek Holland",457727,502706,"null","called_strike",,,,,"6","null","R","R","L","SF","MIA","S","null","null",0,0,2018,"-0.0313","0.0727","0.5334","2.5799","null","null","605119.00",1,6,"Top","null","null",,,460026,,"180620_210624","-5.1002","-113.8992","-0.9685","0.6610","20.6614","-31.6432","3.7523","1.6733","null","null","null","77.1240","1939","5.4370",530510,502706,460026,474832,605412,467055,605509,452254,491676,607776,"55.0608","null","null","null","null","null","null","null",40,"1","Knuckle Curve",0,1,1,0,1,0,1,0,"Standard","Standard"
"KC","2018-06-20","77.9","2.9248","6.1478","Derek Holland",592663,502706,"null","ball",,,,,"12","null","R","R","L","SF","MIA","B","null","null",0,0,2018,"-0.1792","0.1386","0.1679","4.5681","null","null","605119.00",0,6,"Top","null","null",,,460026,,"180620_210413","-5.4705","-113.0037","3.2631","-0.3864","22.2827","-31.9827","3.6198","1.6363","null","null","null","75.8540","2076","5.1590",530510,502706,460026,474832,605412,467055,605509,452254,491676,607776,"55.3387","null","null","null","null","null","null","null",39,"1","Knuckle Curve",0,1,1,0,1,0,1,0,"Standard","Standard"
"SI","2018-06-20","90.2","2.6002","6.1040","Derek Holland",605119,502706,"null","called_strike",,,,,"7","null","R","R","L","SF","MIA","S","null","null",0,0,2018,"1.2351","1.2944","-0.5017","2.1179","null","null","null",0,6,"Top","null","null",,,460026,,"180620_210315","-10.2856","-130.8279","-6.6503","16.2632","26.6007","-16.1810","3.6875","1.7158","null","null","null","89.9850","2491","6.2540",530510,502706,460026,474832,605412,467055,605509,452254,491676,607776,"54.2433","null","null","null","null","null","null","null",38,"1","Sinker",0,1,1,0,1,0,1,0,"Strategic","Standard"
"SL","2018-06-20","86.9","-1.7988","5.7359","Jose Urena",502706,570632,"null","ball",,,,,"11","null","R","L","R","SF","MIA","B","null","null",1,2,2018,"0.4021","0.3712","-1.8792","2.5538","null","null","null",2,5,"Bot","null","null",,,592663,,"180620_210028","-0.9729","-126.6777","-2.3371","4.4310","18.6185","-28.0584","3.3544","1.7149","null","null","null","86.7830","2306","5.4990",530510,570632,592663,571506,516770,500743,595375,457727,621446,605119,"54.9984","null","null","null","null","null","null","null",37,"4","Slider",0,1,0,1,1,0,0,1,"Standard","Strategic"
"SL","2018-06-20","88.1","-1.9800","5.6886","Jose Urena",502706,570632,"null","ball",,,,,"13","null","R","L","R","SF","MIA","B","null","null",0,1,2018,"0.1287","0.5407","-0.1088","0.9278","null","null","null",2,5,"Bot","null","null",,,592663,,"180620_205958","4.2244","-128.1153","-6.5395","0.6440","22.7108","-25.3809","3.3544","1.7038","null","null","null","87.3920","2209","5.5610",530510,570632,592663,571506,516770,500743,595375,457727,621446,605119,"54.9364","null","null","null","null","null","null","null",37,"2","Slider",0,1,0,1,1,0,0,1,"Standard","Standard"
"FT","2018-06-20","97.2","-1.8165","5.6967","Jose Urena",502706,570632,"null","called_strike",,,,,"11","null","R","L","R","SF","MIA","S","null","null",0,0,2018,"-1.2881","0.9031","-0.9013","2.8585","null","null","null",2,5,"Bot","null","null",,,592663,,"180620_205947","5.3093","-141.4267","-4.0857","-18.2198","31.9590","-19.5545","3.5246","1.7335","null","null","null","96.5280","2109","5.8880",530510,570632,592663,571506,516770,500743,595375,457727,621446,605119,"54.6097","null","null","null","null","null","null","null",37,"1","2-Seam Fastball",0,1,0,1,1,0,0,1,"Standard","Standard"
"FT","2018-06-20","96.4","-1.4131","5.9061","Jose Urena",491676,570632,"null","ball",,,,,"12","null","R","R","R","SF","MIA","B","null","null",1,0,2018,"-1.2012","0.9346","1.1398","2.5870","null","null","null",1,5,"Bot","null","null",,,592663,,"180620_205842","9.3614","-140.0647","-5.3291","-17.5218","27.5313","-19.1354","3.3852","1.5048","null","null","null","95.9870","2134","5.8450",530510,570632,592663,571506,516770,500743,595375,457727,621446,605119,"54.6528","null","null","null","null","null","null","null",36,"2","2-Seam Fastball",0,1,0,1,1,0,0,1,"Standard","Standard"
"FT","2018-06-20","96.9","-1.3895","5.8946","Jose Urena",491676,570632,"null","ball",,,,,"14","null","R","R","R","SF","MIA","B","null","null",0,0,2018,"-1.3817","0.7463","1.1826","2.2054","null","null","null",1,5,"Bot","null","null",,,592663,,"180620_205831","9.8772","-140.7639","-5.9841","-20.2067","27.6951","-21.3386","3.4737","1.5048","null","null","null","96.5900","2098","5.9080",530510,570632,592663,571506,516770,500743,595375,457727,621446,605119,"54.5893","null","null","null","null","null","null","null",36,"1","2-Seam Fastball",0,1,0,1,1,0,0,1,"Standard","Standard"
"FF","2018-06-20","95.4","-1.8135","5.8350","Jose Urena",452254,570632,"null","ball",,,,,"13","null","R","R","R","SF","MIA","B","null","null",0,0,2018,"-1.1893","1.1922","-1.2463","1.6129","null","null","null",0,5,"Bot","null","null",,,592663,,"180620_205709","4.0525","-138.5762","-7.9918","-15.9101","30.1190","-15.6097","3.6454","1.7730","null","null","null","94.3960","2319","5.7370",530510,570632,592663,571506,516770,500743,595375,457727,621446,605119,"54.7604","null","null","null","null","null","null","null",35,"1","4-Seam Fastball",0,1,0,1,1,0,0,1,"Standard","Standard"
"KC","2018-06-20","78.9","2.8105","6.1770","Derek Holland",516770,502706,"null","ball",,,,,"3","null","R","R","L","SF","MIA","B","null","null",0,0,2018,"-0.1337","0.3022","0.3187","3.6021","null","null","null",2,5,"Top","null","null",,,460026,,"180620_205356","-5.0742","-114.7212","0.5444","-0.3698","17.6152","-29.8876","3.5737","1.6665","null","null","null","77.8500","2108","5.2100",530510,502706,460026,474832,605412,467055,605509,452254,491676,607776,"55.2872","null","null","null","null","null","null","null",34,"1","Knuckle Curve",0,1,1,0,1,0,1,0,"Standard","Standard"
"KC","2018-06-20","79.2","2.8487","6.2677","Derek Holland",570632,502706,"null","called_strike",,,,,"9","null","R","R","L","SF","MIA","S","null","null",1,1,2018,"0.0762","0.1985","0.3726","1.9460","null","null","null",1,5,"Top","null","null",,,460026,,"180620_205308","-5.3983","-114.9594","-2.8765","1.6983","22.4614","-30.2341","3.2911","1.5961","null","null","null","77.0760","2132","5.0290",530510,502706,460026,474832,605412,467055,605509,452254,491676,607776,"55.4689","null","null","null","null","null","null","null",33,"3","Knuckle Curve",0,1,1,0,1,0,1,0,"Standard","Strategic"
"SI","2018-06-20","90.0","2.7620","6.0825","Derek Holland",570632,502706,"null","called_strike",,,,,"5","null","R","R","L","SF","MIA","S","null","null",1,0,2018,"1.1923","1.4759","0.1653","2.4991","null","null","null",1,5,"Top","null","null",,,460026,,"180620_205254","-8.9315","-130.7000","-6.0420","15.4218","25.2049","-14.2520","3.5679","1.6183","null","null","null","90.0610","2451","6.2460",530510,502706,460026,474832,605412,467055,605509,452254,491676,607776,"54.2515","null","null","null","null","null","null","null",33,"2","Sinker",0,1,1,0,1,0,1,0,"Standard","Strategic"
"SI","2018-06-20","90.7","2.8925","6.0796","Derek Holland",570632,502706,"null","ball",,,,,"14","null","R","R","L","SF","MIA","B","null","null",0,0,2018,"1.3670","1.0445","1.0960","2.6176","null","null","null",1,5,"Top","null","null",,,460026,,"180620_205242","-7.3287","-131.8975","-4.9722","17.2794","24.4403","-19.2884","3.7893","1.5740","null","null","null","90.6760","2334","6.0220",530510,502706,460026,474832,605412,467055,605509,452254,491676,607776,"54.4759","null","null","null","null","null","null","null",33,"1","Sinker",0,1,1,0,1,0,1,0,"Standard","Strategic"
"SL","2018-06-20","89.0","-1.6637","5.9937","Jose Urena",460026,570632,"null","ball",,,,,"11","null","R","R","R","SF","MIA","B","null","null",0,0,2018,"-0.3705","0.7221","-1.2007","3.4944","null","null","null",2,4,"Bot","null","null",,,592663,,"180620_204737","1.8713","-129.6394","-1.6223","-4.4611","24.6486","-24.0915","3.4420","1.5861","null","null","null","88.4100","2272","5.6610",530510,570632,592663,571506,516770,500743,595375,457727,621446,605119,"54.8369","null","null","null","null","null","null","null",30,"1","Slider",0,1,0,1,1,0,0,1,"Standard","Standard"
"FT","2018-06-20","93.8","-2.0026","5.8204","Jose Urena",467055,570632,"null","ball",,,,,"11","null","R","L","R","SF","MIA","B","null","null",0,0,2018,"-1.3798","0.9039","-1.8248","3.1192","null","null","474832.00",0,4,"Bot","null","null",,,592663,,"180620_204553","3.4157","-136.4303","-3.1919","-17.6736","29.5987","-20.6271","3.1772","1.5449","null","null","null","93.0220","1943","5.8200",530510,570632,592663,571506,516770,500743,595375,457727,621446,605119,"54.6773","null","null","null","null","null","null","null",29,"1","2-Seam Fastball",0,1,0,1,1,0,0,1,"Standard","Standard"
"CH","2018-06-20","90.4","-1.7932","5.6690","Jose Urena",474832,570632,"null","ball",,,,,"13","null","R","L","R","SF","MIA","B","null","null",0,1,2018,"-1.2873","0.7434","-0.7419","0.0509","null","null","null",0,4,"Bot","null","null",,,592663,,"180620_204454","5.2413","-131.3062","-9.5234","-15.7099","25.7609","-22.0524","3.2534","1.5840","null","null","null","89.6960","1735","5.7910",530510,570632,592663,571506,516770,500743,595375,457727,621446,605119,"54.7067","null","null","null","null","null","null","null",28,"2","Changeup",0,1,0,1,1,0,0,1,"Infield shift","Standard"
"SL","2018-06-20","85.3","-2.1649","5.7591","Jose Urena",474832,570632,"null","called_strike",,,,,"7","null","R","L","R","SF","MIA","S","null","null",0,0,2018,"-0.3406","0.8346","-0.4897","1.8675","null","null","null",0,4,"Bot","null","null",,,592663,,"180620_204443","4.5405","-124.2218","-4.5501","-4.2097","20.0094","-23.1246","3.5490","1.6270","null","null","null","84.8950","2215","5.5470",530510,570632,592663,571506,516770,500743,595375,457727,621446,605119,"54.9501","null","null","null","null","null","null","null",28,"1","Slider",0,1,0,1,1,0,0,1,"Infield shift","Standard"
"SI","2018-06-20","92.3","3.0284","5.9326","Derek Holland",500743,502706,"null","ball",,,,,"2","null","R","R","L","SF","MIA","B","null","null",0,0,2018,"1.2416","0.9098","0.1834","3.4298","null","457727.00","null",2,4,"Top","null","null",,,460026,,"180620_204157","-9.7815","-134.0497","-2.5086","16.6987","25.4942","-21.0346","3.3599","1.5449","null","null","null","91.8380","2343","5.8500",530510,502706,460026,474832,605412,467055,605509,452254,491676,607776,"54.6478","null","null","null","null","null","null","null",27,"1","Sinker",0,1,1,0,1,0,1,0,"Standard","Standard"
"SI","2018-06-20","92.7","2.9058","6.0645","Derek Holland",621446,502706,"null","ball",,,,,"13","null","R","R","L","SF","MIA","B","null","null",1,2,2018,"1.2510","1.3209","-1.3543","2.5363","null","457727.00","null",1,4,"Top","null","null",,,460026,,"180620_204046","-13.4839","-134.1542","-5.9656","17.9258","29.2758","-15.2785","3.7318","1.7380","null","null","null","91.9140","2437","6.1400",530510,502706,460026,474832,605412,467055,605509,452254,491676,607776,"54.3577","null","null","null","null","null","null","null",26,"5","Sinker",0,1,1,0,1,0,1,0,"Standard","Standard"
"SI","2018-06-20","91.5","2.9698","6.0689","Derek Holland",571506,502706,"null","called_strike",,,,,"6","null","R","L","L","SF","MIA","S","null","null",0,0,2018,"1.3155","0.9166","0.5062","3.1144","null","null","457727.00",0,4,"Top","null","null",,,460026,,"180620_203641","-8.9029","-132.9107","-3.4686","17.2210","28.3990","-20.9988","3.8260","1.7297","null","null","null","90.6130","2368","5.8390",530510,502706,460026,474832,605412,467055,605509,452254,491676,607776,"54.6589","null","null","null","null","null","null","null",25,"1","Sinker",0,1,1,0,1,0,1,0,"Standard","Standard"
"KC","2018-06-20","78.1","2.8297","6.1660","Derek Holland",457727,502706,"null","called_strike",,,,,"9","null","R","R","L","SF","MIA","S","null","null",0,1,2018,"-0.2973","-0.0555","0.7287","2.2214","null","null","null",0,4,"Top","null","null",,,460026,,"180620_203517","-3.9210","-113.6021","-1.5405","-1.8229","19.3758","-32.6285","3.9737","1.6844","null","null","null","76.8610","2116","5.2650",530510,502706,460026,474832,605412,467055,605509,452254,491676,607776,"55.2329","null","null","null","null","null","null","null",24,"2","Knuckle Curve",0,1,1,0,1,0,1,0,"Standard","Standard"
"FT","2018-06-20","95.6","-1.9366","5.7635","Jose Urena",605412,570632,"null","ball",,,,,"13","null","R","L","R","SF","MIA","B","null","null",0,0,2018,"-1.4671","0.5828","-0.7953","1.2405","null","null","null",2,3,"Bot","null","null",,,592663,,"180620_203216","6.1546","-138.8007","-7.4612","-19.9324","31.2889","-23.3742","3.2042","1.4646","null","null","null","94.3940","2112","5.7230",530510,570632,592663,571506,516770,500743,595375,457727,621446,605119,"54.7744","null","null","null","null","null","null","null",23,"1","2-Seam Fastball",0,1,0,1,1,0,0,1,"Standard","Standard"
"FT","2018-06-20","97.2","-1.5398","5.8705","Jose Urena",605509,570632,"null","called_strike",,,,,"6","null","R","R","R","SF","MIA","S","null","null",0,1,2018,"-1.0931","0.9575","0.6725","2.6427","null","null","null",1,3,"Bot","null","null",,,592663,,"180620_203109","8.3363","-141.3076","-5.2935","-16.2689","28.7848","-18.5408","3.2399","1.3646","null","null","null","96.9930","2143","5.9850",530510,570632,592663,571506,516770,500743,595375,457727,621446,605119,"54.5123","null","null","null","null","null","null","null",22,"2","2-Seam Fastball",0,1,0,1,1,0,0,1,"Standard","Standard"
"FT","2018-06-20","96.3","-1.6626","5.9071","Jose Urena",605509,570632,"null","called_strike",,,,,"2","null","R","R","R","SF","MIA","S","null","null",0,0,2018,"-1.4018","0.6574","-0.1342","3.1314","null","null","null",1,3,"Bot","null","null",,,592663,,"180620_203057","7.0820","-139.9673","-3.2495","-19.6210","28.7733","-23.2105","3.4392","1.5750","null","null","null","95.6120","2161","5.7560",530510,570632,592663,571506,516770,500743,595375,457727,621446,605119,"54.7417","null","null","null","null","null","null","null",22,"1","2-Seam Fastball",0,1,0,1,1,0,0,1,"Standard","Standard"
"FT","2018-06-20","96.0","-1.9902","5.7473","Jose Urena",502706,570632,"null","called_strike",,,,,"8","null","R","L","R","SF","MIA","S","null","null",1,0,2018,"-1.3673","0.9177","0.2437","1.9404","null","null","null",0,3,"Bot","null","null",,,592663,,"180620_203003","8.7861","-139.3838","-6.4174","-19.3068","29.2714","-19.3418","3.5514","1.7723","null","null","null","94.8990","2150","5.6240",530510,570632,592663,571506,516770,500743,595375,457727,621446,605119,"54.8736","null","null","null","null","null","null","null",21,"2","2-Seam Fastball",0,1,0,1,1,0,0,1,"Standard","Standard"
"FT","2018-06-20","95.1","-1.7760","5.8246","Jose Urena",502706,570632,"null","ball",,,,,"9","null","R","L","R","SF","MIA","B","null","null",0,0,2018,"-1.1763","1.0441","0.7384","2.0201","null","null","null",0,3,"Bot","null","null",,,592663,,"180620_202953","8.9471","-137.9078","-6.4371","-16.4755","29.5640","-18.1278","3.5360","1.6429","null","null","null","93.3920","2204","5.3900",530510,570632,592663,571506,516770,500743,595375,457727,621446,605119,"55.1077","null","null","null","null","null","null","null",21,"1","2-Seam Fastball",0,1,0,1,1,0,0,1,"Standard","Standard"
"SL","2018-06-20","81.1","3.2133","6.1302","Derek Holland",592663,502706,"null","ball",,,,,"13","null","R","R","L","SF","MIA","B","null","null",0,2,2018,"-0.2300","0.3726","-1.5953","1.0178","null","605119.00","null",2,3,"Top","null","null",,,460026,,"180620_202631","-10.1234","-117.5153","-5.3837","-0.2878","20.7653","-28.1007","3.6087","1.6141","null","null","null","79.7890","2430","5.4650",530510,502706,460026,474832,605412,467055,605509,452254,491676,607776,"55.0320","null","null","null","null","null","null","null",20,"3","Slider",0,1,1,0,1,0,1,0,"Strategic","Standard"
"CH","2018-06-20","82.5","2.7495","6.0892","Derek Holland",592663,502706,"null","called_strike",,,,,"7","null","R","R","L","SF","MIA","S","null","null",0,0,2018,"1.1170","1.3585","-0.3067","1.7097","null","605119.00","null",2,3,"Top","null","null",,,460026,,"180620_202534","-8.9470","-119.7809","-5.9970","12.1247","20.2554","-18.4696","3.6641","1.6252","null","null","null","81.8750","2251","5.7140",530510,502706,460026,474832,605412,467055,605509,452254,491676,607776,"54.7839","null","null","null","null","null","null","null",20,"1","Changeup",0,1,1,0,1,0,1,0,"Standard","Standard"
"CH","2018-06-20","83.5","2.8480","6.0907","Derek Holland",605119,502706,"null","ball",,,,,"14","null","R","R","L","SF","MIA","B","null","null",1,1,2018,"1.1939","1.1742","0.9169","0.9032","null","null","null",2,3,"Top","null","null",,,460026,,"180620_202334","-6.6950","-121.3216","-7.7703","12.8694","20.8129","-19.5205","3.5879","1.7380","null","null","null","83.2410","2176","5.9250",530510,502706,460026,474832,605412,467055,605509,452254,491676,607776,"54.5722","null","null","null","null","null","null","null",19,"3","Changeup",0,1,1,0,1,0,1,0,"Standard","Standard"
"SL","2018-06-20","81.9","3.1010","6.1096","Derek Holland",605119,502706,"null","ball",,,,,"13","null","R","R","L","SF","MIA","B","null","null",0,1,2018,"0.2281","0.3514","-0.8007","1.5676","null","null","null",2,3,"Top","null","null",,,460026,,"180620_202318","-9.1108","-118.8990","-4.3685","3.6135","19.2608","-28.3828","3.6322","1.7491","null","null","null","81.3330","2231","5.6880",530510,502706,460026,474832,605412,467055,605509,452254,491676,607776,"54.8094","null","null","null","null","null","null","null",19,"2","Slider",0,1,1,0,1,0,1,0,"Standard","Standard"
"SI","2018-06-20","92.0","2.8949","6.1052","Derek Holland",605119,502706,"null","called_strike",,,,,"13","null","R","R","L","SF","MIA","S","null","null",0,0,2018,"0.9261","1.3969","-0.9476","2.5305","null","null","null",2,3,"Top","null","null",,,460026,,"180620_202303","-11.5969","-133.2952","-6.1237","13.2947","27.1665","-14.6613","3.6100","1.7158","null","null","null","91.2510","2413","5.9580",530510,502706,460026,474832,605412,467055,605509,452254,491676,607776,"54.5390","null","null","null","null","null","null","null",19,"1","Sinker",0,1,1,0,1,0,1,0,"Standard","Standard"
"SI","2018-06-20","90.6","3.1603","6.1315","Derek Holland",516770,502706,"null","ball",,,,,"3","null","R","R","L","SF","MIA","B","null","null",0,0,2018,"1.2335","1.3533","0.3167","3.1801","null","null","570632.00",0,3,"Top","null","null",,,460026,,"180620_202126","-9.5515","-131.4671","-4.2048","15.9993","26.8025","-16.1356","3.6682","1.6574","null","null","null","89.6310","2477","5.7610",530510,502706,460026,474832,605412,467055,605509,452254,491676,607776,"54.7369","null","null","null","null","null","null","null",18,"1","Sinker",0,1,1,0,1,0,1,0,"Standard","Standard"
"SI","2018-06-20","89.3","3.0497","6.1305","Derek Holland",570632,502706,"null","called_strike",,,,,"12","null","R","R","L","SF","MIA","S","null","null",0,0,2018,"1.2716","0.9258","0.8938","2.7927","null","null","null",0,3,"Top","null","null",,,460026,,"180620_202006","-7.8977","-129.8626","-4.1605","15.8011","23.9256","-21.1662","3.5900","1.5961","null","null","null","89.2390","2246","6.0170",530510,502706,460026,474832,605412,467055,605509,452254,491676,607776,"54.4805","null","null","null","null","null","null","null",17,"1","Sinker",0,1,1,0,1,0,1,0,"Standard","Standard"
"FT","2018-06-20","96.6","-1.4541","5.8597","Jose Urena",491676,570632,"null","called_strike",,,,,"3","null","R","R","R","SF","MIA","S","null","null",0,0,2018,"-1.0627","1.0378","0.4106","2.9421","null","null","null",2,2,"Bot","null","null",,,592663,,"180620_201730","7.2642","-140.5063","-4.5275","-15.4037","28.8134","-17.8774","3.2876","1.5269","null","null","null","96.1120","2009","5.8190",530510,570632,592663,571506,516770,500743,595375,457727,621446,605119,"54.6780","null","null","null","null","null","null","null",16,"1","2-Seam Fastball",0,1,0,1,1,0,0,1,"Standard","Standard"
"FT","2018-06-20","96.4","-1.8934","6.0030","Jose Urena",607776,570632,"null","called_strike",,,,,"5","null","R","R","R","SF","MIA","S","null","null",1,0,2018,"-1.4549","0.8939","0.2126","2.0895","null","null","null",0,2,"Bot","null","null",,,592663,,"180620_201554","8.6924","-139.9283","-6.7145","-20.6044","30.0639","-19.4558","3.3101","1.4147","null","null","null","95.2970","2247","5.6790",530510,570632,592663,571506,516770,500743,595375,457727,621446,605119,"54.8180","null","null","null","null","null","null","null",14,"2","2-Seam Fastball",0,1,0,1,1,0,0,1,"Standard","Standard"
"SL","2018-06-20","83.7","-1.7165","5.9253","Jose Urena",607776,570632,"null","ball",,,,,"14","null","R","R","R","SF","MIA","B","null","null",0,0,2018,"0.3105","0.8387","0.4002","1.3271","null","null","null",0,2,"Bot","null","null",,,592663,,"180620_201543","4.2157","-121.6589","-5.7473","2.2834","20.8591","-23.3012","3.4973","1.6373","null","null","null","82.6310","2174","5.3560",530510,570632,592663,571506,516770,500743,595375,457727,621446,605119,"55.1419","null","null","null","null","null","null","null",14,"1","Slider",0,1,0,1,1,0,0,1,"Standard","Standard"
"SI","2018-06-20","91.8","2.7568","6.1151","Derek Holland",595375,502706,"null","ball",,,,,"13","null","R","L","L","SF","MIA","B","null","null",1,0,2018,"1.0611","1.4087","-1.4812","2.0406","null","null","500743.00",2,2,"Top","null","null",,,460026,,"180620_201144","-12.7919","-132.9446","-7.3387","14.9228","25.8777","-14.4601","3.4864","1.5357","null","null","null","90.9200","2455","5.8140",530510,502706,460026,474832,605412,467055,605509,452254,491676,607776,"54.6839","null","null","null","null","null","null","null",13,"2","Sinker",0,1,1,0,1,0,1,0,"Standard","Standard"
"SI","2018-06-20","91.3","2.9656","6.1560","Derek Holland",595375,502706,"null","ball",,,,,"3","null","R","L","L","SF","MIA","B","null","null",0,0,2018,"1.1590","1.3572","0.5918","3.4307","null","null","500743.00",2,2,"Top","null","null",,,460026,,"180620_201123","-8.3864","-132.6879","-3.8291","15.3275","28.1290","-15.7248","3.4024","1.6409","null","null","null","90.8060","2478","6.0360",530510,502706,460026,474832,605412,467055,605509,452254,491676,607776,"54.4610","null","null","null","null","null","null","null",13,"1","Sinker",0,1,1,0,1,0,1,0,"Standard","Standard"
"SI","2018-06-20","90.9","2.8671","6.1257","Derek Holland",571506,502706,"walk","ball",,,,,"14","Justin Bour walks.  ","R","L","L","SF","MIA","B","null","null",3,1,2018,"1.1425","1.0622","1.2972","2.3639","null","457727.00","null",0,2,"Top","null","null",,,460026,,"180620_200751","-6.2540","-132.2033","-5.7549","14.4024","24.1269","-19.0040","3.6378","1.6632","null","null","null","90.5080","2257","5.7570",530510,502706,460026,474832,605412,467055,605509,452254,491676,607776,"54.7400","null","null","0.70",1,0,0,"null",10,"5","Sinker",0,0,0,0,0,0,0,0,"Infield shift","Standard"
"SI","2018-06-20","91.8","2.8891","6.1267","Derek Holland",571506,502706,"null","called_strike",,,,,"6","null","R","L","L","SF","MIA","S","null","null",3,0,2018,"1.1987","1.0883","0.5532","2.4855","null","457727.00","null",0,2,"Top","null","null",,,460026,,"180620_200726","-8.3504","-133.3768","-5.6367","15.7515","26.1058","-18.4764","3.8039","1.6965","null","null","null","91.1510","2403","5.7790",530510,502706,460026,474832,605412,467055,605509,452254,491676,607776,"54.7186","null","null","null","null","null","null","null",10,"4","Sinker",0,0,0,0,0,0,0,0,"Infield shift","Standard"
"SI","2018-06-20","90.3","2.8569","6.1096","Derek Holland",571506,502706,"null","ball",,,,,"14","null","R","L","L","SF","MIA","B","null","null",2,0,2018,"0.9983","1.1855","1.1420","2.5012","null","457727.00","null",0,2,"Top","null","null",,,460026,,"180620_200705","-6.2592","-131.2657","-5.4872","12.5428","24.2749","-17.8563","3.7264","1.6854","null","null","null","89.7050","2336","5.6970",530510,502706,460026,474832,605412,467055,605509,452254,491676,607776,"54.8008","null","null","null","null","null","null","null",10,"3","Sinker",0,0,0,0,0,0,0,0,"Strategic","Standard"
"SL","2018-06-20","80.8","3.2196","6.1142","Derek Holland",571506,502706,"null","ball",,,,,"11","null","R","L","L","SF","MIA","B","null","null",1,0,2018,"0.2183","0.3379","-0.8626","2.9966","null","457727.00","null",0,2,"Top","null","null",,,460026,,"180620_200620","-9.2987","-117.2453","-0.9558","3.4840","19.1625","-29.2083","3.7042","1.6965","null","null","null","79.6550","2274","5.3500",530510,502706,460026,474832,605412,467055,605509,452254,491676,607776,"55.1479","null","null","null","null","null","null","null",10,"2","Slider",0,0,0,0,0,0,0,0,"Strategic","Standard"
"SI","2018-06-20","91.2","2.9799","6.1676","Derek Holland",571506,502706,"null","ball",,,,,"3","null","R","L","L","SF","MIA","B","null","null",0,0,2018,"1.4296","1.4876","0.4704","3.5917","null","457727.00","null",0,2,"Top","null","null",,,460026,,"180620_200556","-9.1321","-132.3575","-3.5892","18.2993","28.8466","-14.6835","3.6508","1.7130","null","null","null","89.6550","2494","5.5320",530510,502706,460026,474832,605412,467055,605509,452254,491676,607776,"54.9652","null","null","null","null","null","null","null",10,"1","Sinker",0,0,0,0,0,0,0,0,"Strategic","Standard"
"SL","2018-06-20","79.9","2.8374","6.2235","Derek Holland",457727,502706,"null","ball",,,,,"13","null","R","R","L","SF","MIA","B","null","null",0,2,2018,"0.0097","0.0755","-0.7506","0.5170","null","null","null",0,2,"Top","null","null",,,460026,,"180620_200455","-7.7792","-115.8722","-5.8249","1.5746","22.1849","-30.6632","3.7492","1.7055","null","null","null","78.4550","1954","5.5170",530510,502706,460026,474832,605412,467055,605509,452254,491676,607776,"54.9808","null","null","null","null","null","null","null",9,"3","Slider",0,0,0,0,0,0,0,0,"Standard","Standard"
"KC","2018-06-20","77.9","2.7802","6.2837","Derek Holland",457727,502706,"null","called_strike",,,,,"6","null","R","R","L","SF","MIA","S","null","null",0,0,2018,"-0.3175","-0.0131","0.5875","2.9002","null","null","null",0,2,"Top","null","null",,,460026,,"180620_200426","-4.0719","-113.2998","-0.4118","-1.9873","18.6426","-32.4574","3.7413","1.6844","null","null","null","76.8190","2068","5.3160",530510,502706,460026,474832,605412,467055,605509,452254,491676,607776,"55.1815","null","null","null","null","null","null","null",9,"1","Knuckle Curve",0,0,0,0,0,0,0,0,"Standard","Standard"
"FT","2018-06-20","97.1","-1.7991","5.9023","Jose Urena",460026,570632,"null","called_strike",,,,,"13","null","R","R","R","SF","MIA","S","null","null",0,0,2018,"-1.0834","0.8905","-0.9035","2.2876","474832.00","null","467055.00",2,1,"Bot","null","null",,,592663,,"180620_200052","4.8326","-141.1821","-6.1514","-15.4684","30.7340","-19.2027","3.4963","1.5529","null","null","null","96.8970","2089","6.1180",530510,570632,592663,571506,516770,500743,595375,457727,621446,605119,"54.3797","null","null","null","null","null","null","null",8,"1","2-Seam Fastball",0,0,0,0,0,0,0,0,"Standard","Standard"
"SL","2018-06-20","84.7","-2.1923","5.6235","Jose Urena",467055,570632,"null","ball",,,,,"13","null","R","L","R","SF","MIA","B","null","null",0,1,2018,"0.2774","0.5533","-1.0660","1.8413","null","null","474832.00",2,1,"Bot","null","null",,,592663,,"180620_195842","2.0759","-123.6151","-3.7962","2.6010","15.2708","-26.1599","3.1994","1.5338","null","null","null","85.3310","2215","5.7070",530510,570632,592663,571506,516770,500743,595375,457727,621446,605119,"54.7908","null","null","null","null","null","null","null",7,"2","Slider",0,0,0,0,0,0,0,0,"Strategic","Standard"
"FF","2018-06-20","96.1","-2.2030","5.7472","Jose Urena",467055,570632,"null","called_strike",,,,,"5","null","R","L","R","SF","MIA","S","null","null",0,0,2018,"-0.8815","1.1046","-0.0004","2.2848","null","null","474832.00",2,1,"Bot","null","null",,,592663,,"180620_195826","7.6825","-139.6323","-5.9536","-12.9689","30.2995","-16.9590","3.2094","1.5781","null","null","null","95.0800","1932","5.6960",530510,570632,592663,571506,516770,500743,595375,457727,621446,605119,"54.8013","null","null","null","null","null","null","null",7,"1","4-Seam Fastball",0,0,0,0,0,0,0,0,"Strategic","Standard"
"FT","2018-06-20","95.8","-2.0695","5.7993","Jose Urena",605412,570632,"null","ball",,,,,"13","null","R","L","R","SF","MIA","B","null","null",0,0,2018,"-1.3190","1.0107","-0.0246","1.2026","null","null","null",1,1,"Bot","null","null",,,592663,,"180620_195707","8.1689","-139.0215","-8.6340","-18.4667","28.8032","-17.7640","3.1710","1.4979","null","null","null","94.7030","2197","5.6310",530510,570632,592663,571506,516770,500743,595375,457727,621446,605119,"54.8660","null","null","null","null","null","null","null",5,"1","2-Seam Fastball",0,0,0,0,0,0,0,0,"Standard","Standard"
"CH","2018-06-20","89.9","-1.8742","5.6822","Jose Urena",593700,570632,"null","ball",,,,,"13","null","R","L","R","SF","MIA","B","null","null",1,2,2018,"-1.2934","0.7477","-0.3978","0.6194","null","null","null",0,1,"Bot","null","null",,,592663,,"180620_195325","6.3182","-130.6955","-8.1399","-15.9469","24.2374","-22.3271","3.4731","1.6342","null","null","null","89.7960","1609","6.0080",530510,570632,592663,571506,516770,500743,595375,457727,621446,605119,"54.4899","null","null","null","null","null","null","null",4,"5","Changeup",0,0,0,0,0,0,0,0,"Strategic","Standard"
"FT","2018-06-20","95.8","-1.9374","5.8114","Jose Urena",593700,570632,"null","ball",,,,,"12","null","R","L","R","SF","MIA","B","null","null",0,1,2018,"-1.3350","0.7616","0.6142","3.9453","null","null","null",0,1,"Bot","null","null",,,592663,,"180620_195239","9.5341","-139.1930","-1.0254","-18.9727","27.8422","-22.4570","3.5174","1.6785","null","null","null","94.9630","1974","5.6420",530510,570632,592663,571506,516770,500743,595375,457727,621446,605119,"54.8554","null","null","null","null","null","null","null",4,"2","2-Seam Fastball",0,0,0,0,0,0,0,0,"Strategic","Standard"
"CH","2018-06-20","92.8","-1.9588","5.9119","Jose Urena",593700,570632,"null","called_strike",,,,,"5","null","R","L","R","SF","MIA","S","null","null",0,0,2018,"-1.2858","0.8809","0.2037","2.2782","null","null","null",0,1,"Bot","null","null",,,592663,,"180620_195228","8.1577","-134.7720","-5.3613","-17.0024","25.6523","-20.7873","3.5073","1.6674","null","null","null","92.0750","2168","5.6860",530510,570632,592663,571506,516770,500743,595375,457727,621446,605119,"54.8116","null","null","null","null","null","null","null",4,"1","Changeup",0,0,0,0,0,0,0,0,"Strategic","Standard"
"SL","2018-06-20","82.5","3.0099","6.1452","Derek Holland",592663,502706,"null","ball",,,,,"11","null","R","R","L","SF","MIA","B","null","null",0,1,2018,"0.2535","0.4191","-1.1948","2.8458","null","null","null",2,1,"Top","null","null",,,460026,,"180620_194900","-9.8410","-119.4657","-1.6357","4.4088","25.1107","-28.2433","3.6973","1.7692","null","null","null","80.6290","2253","5.4870",530510,502706,460026,474832,605412,467055,593700,452254,491676,607776,"55.0102","null","null","null","null","null","null","null",3,"2","Slider",0,0,0,0,0,0,0,0,"Standard","Standard"
"SI","2018-06-20","91.2","2.8100","6.1508","Derek Holland",605119,502706,"null","called_strike",,,,,"5","null","R","R","L","SF","MIA","S","null","null",1,1,2018,"1.1367","1.3675","0.0765","2.3241","null","null","null",1,1,"Top","null","null",,,460026,,"180620_194721","-9.2429","-132.2953","-6.5742","15.2239","28.1554","-15.0501","3.6764","1.6494","null","null","null","90.7040","2445","6.1540",530510,502706,460026,474832,605412,467055,593700,452254,491676,607776,"54.3438","null","null","null","null","null","null","null",2,"3","Sinker",0,0,0,0,0,0,0,0,"Standard","Standard"
"SI","2018-06-20","91.9","2.8380","6.1268","Derek Holland",605119,502706,"null","ball",,,,,"13","null","R","R","L","SF","MIA","B","null","null",0,1,2018,"0.9329","1.4950","-1.4416","2.3526","null","null","null",1,1,"Top","null","null",,,460026,,"180620_194705","-12.6461","-133.0563","-6.7753","13.4742","26.7300","-13.5159","3.6100","1.7380","null","null","null","90.9270","2391","5.8340",530510,502706,460026,474832,605412,467055,593700,452254,491676,607776,"54.6631","null","null","null","null","null","null","null",2,"2","Sinker",0,0,0,0,0,0,0,0,"Standard","Standard"
"SI","2018-06-20","92.3","2.9821","6.1540","Derek Holland",605119,502706,"null","called_strike",,,,,"8","null","R","R","L","SF","MIA","S","null","null",0,0,2018,"1.5409","0.8645","-0.1342","2.0482","null","null","null",1,1,"Top","null","null",,,460026,,"180620_194648","-11.2211","-133.8902","-6.4513","20.8585","28.1263","-20.6525","3.6618","1.6100","null","null","null","92.0470","2350","6.2480",530510,502706,460026,474832,605412,467055,593700,452254,491676,607776,"54.2495","null","null","null","null","null","null","null",2,"1","Sinker",0,0,0,0,0,0,0,0,"Standard","Standard"
"SL","2018-06-20","82.5","3.0491","6.1212","Derek Holland",516770,502706,"strikeout","called_strike",,,,,"7","Starlin Castro called out on strikes.  ","R","R","L","SF","MIA","S",2,"null",1,2,2018,"0.1652","0.2963","-0.8107","1.7946","null","null","null",0,1,"Top","null","null",,,460026,,"180620_194615","-9.0083","-119.8087","-3.8903","3.1625","21.0955","-28.8778","3.6220","1.6072","null","null","null","82.0570","2342","5.9030",530510,502706,460026,474832,605412,467055,593700,452254,491676,607776,"54.5948","null","null","0.00",1,0,0,"null",1,"4","Slider",0,0,0,0,0,0,0,0,"Standard","Standard"
"SI","2018-06-20","91.2","2.8740","6.1429","Derek Holland",516770,502706,"null","ball",,,,,"13","null","R","R","L","SF","MIA","B","null","null",0,1,2018,"1.0176","1.3635","-1.0822","2.5958","null","null","null",0,1,"Top","null","null",,,460026,,"180620_194536","-12.0436","-132.3354","-5.9398","14.2082","24.3787","-15.2090","3.6722","1.6291","null","null","null","91.2120","2531","6.1460",530510,502706,460026,474832,605412,467055,593700,452254,491676,607776,"54.3513","null","null","null","null","null","null","null",1,"2","Sinker",0,0,0,0,0,0,0,0,"Standard","Standard"