"pitch_type","game_date","release_speed","release_pos_x","release_pos_z","player_name","batter","pitcher","events","description","spin_dir","spin_rate_deprecated","break_angle_deprecated","break_length_deprecated","zone","des","game_type","stand","p_throws","home_team","away_team","type","hit_location","bb_type","balls","strikes","game_year","pfx_x","pfx_z","plate_x","plate_z","on_3b","on_2b","on_1b","outs_when_up","inning","inning_topbot","hc_x","hc_y","tfs_deprecated","tfs_zulu_deprecated","pos2_person_id","umpire","sv_id","vx0","vy0","vz0","ax","ay","az","sz_top","sz_bot","hit_distance_sc","launch_speed","launch_angle","effective_speed","release_spin_rate","release_extension","game_pk","pos1_person_id","pos2_person_id","pos3_person_id","pos4_person_id","pos5_person_id","pos6_person_id","pos7_person_id","pos8_person_id","pos9_person_id","release_pos_y","estimated_ba_using_speedangle","estimated_woba_using_speedangle","woba_value","woba_denom","babip_value","iso_value","launch_speed_angle","at_bat_number","pitch_number","pitch_name","home_score","away_score","bat_score","fld_score","post_away_score","post_home_score","post_bat_score","post_fld_score","if_fielding_alignment","of_fielding_alignment"
"FF","2018-05-29","93.1","-1.3580","6.2001","Brooks Pounders",491676,572044,"null","called_strike",,,,,"7","null","R","R","R","COL","SF","S","null","null",0,0,2018,"-0.2210","1.0884","-0.5539","1.7498","null","null","467055.00",1,9,"Top","null","null",,,455104,,"180530_035739","2.5754","-135.5945","-8.2309","-3.2623","24.7152","-17.0816","3.2729","1.5081","null","null","null","94.5110","2269","6.6980",530223,572044,455104,435622,641857,571448,596115,467827,453568,471865,"53.8037","null","null","null","null","null","null","null",80,"1","4-Seam Fastball",11,4,4,11,4,11,4,11,"Standard","Standard"
"FF","2018-05-29","93.8","-1.3654","6.2413","Brooks Pounders",467055,572044,"null","ball",,,,,"13","null","R","L","R","COL","SF","B","null","null",0,0,2018,"-0.1212","1.2091","-1.0104","0.8678","null","null","null",1,9,"Top","null","null",,,455104,,"180530_035645","1.1884","-136.4249","-10.9361","-1.7562","25.5061","-15.0063","3.1623","1.5698","null","null","null","94.5550","2189","6.4260",530223,572044,455104,435622,641857,571448,596115,467827,453568,471865,"54.0759","null","null","null","null","null","null","null",79,"1","4-Seam Fastball",11,4,4,11,4,11,4,11,"Strategic","Standard"
"FF","2018-05-29","92.9","-1.5469","6.2191","Brooks Pounders",453923,572044,"null","called_strike",,,,,"1","null","R","L","R","COL","SF","S","null","null",1,0,2018,"-0.2975","1.0518","-0.3792","2.7683","null","null","null",0,9,"Top","null","null",,,455104,,"180530_035538","3.6649","-135.3065","-5.4891","-4.3967","25.0112","-18.1840","3.0639","1.6113","null","null","null","93.9850","2220","6.5400",530223,572044,455104,435622,641857,571448,596115,467827,453568,471865,"53.9623","null","null","null","null","null","null","null",78,"2","4-Seam Fastball",11,4,4,11,4,11,4,11,"Standard","Standard"
"FF","2018-05-29","92.6","-1.6532","6.2630","Brooks Pounders",453923,572044,"null","ball",,,,,"13","null","R","L","R","COL","SF","B","null","null",0,0,2018,"-0.4390","1.0957","-1.4992","2.1894","null","null","null",0,9,"Top","null","null",,,455104,,"180530_035525","1.3584","-134.9333","-7.1050","-5.6876","25.6577","-17.4550","3.0538","1.5899","null","null","null","93.4660","2184","6.4470",530223,572044,455104,435622,641857,571448,596115,467827,453568,471865,"54.0551","null","null","null","null","null","null","null",78,"1","4-Seam Fastball",11,4,4,11,4,11,4,11,"Standard","Standard"
"SI","2018-05-29","89.0","3.0448","6.4304","Ty Blach",641857,621389,"null","ball",,,,,"14","null","R","L","L","COL","SF","B","null","null",0,1,2018,"0.9695","0.8699","1.5374","2.3011","471865.00","null","435622.00",2,8,"Bot","null","null",,,457763,,"180530_035155","-5.4596","-129.1964","-5.6743","11.4389","25.4589","-22.0319","3.6350","1.7148","null","null","null","86.7700","2043","4.8860",530223,621389,457763,474832,605509,446334,543063,607776,491676,457705,"55.6154","null","null","null","null","null","null","null",77,"2","Sinker",11,4,11,4,4,11,11,4,"Standard","Standard"
"SI","2018-05-29","90.0","3.0480","6.4210","Ty Blach",641857,621389,"null","called_strike",,,,,"4","null","R","L","L","COL","SF","S","null","null",0,0,2018,"0.9290","0.7474","-0.3618","2.7606","471865.00","null","435622.00",2,8,"Bot","null","null",,,457763,,"180530_035138","-10.0406","-130.4583","-4.5304","12.0603","23.9292","-23.3702","3.7207","1.7792","null","null","null","88.0540","2105","5.0040",530223,621389,457763,474832,605509,446334,543063,607776,491676,457705,"55.4981","null","null","null","null","null","null","null",77,"1","Sinker",11,4,11,4,4,11,11,4,"Standard","Standard"
"SI","2018-05-29","89.8","3.1686","6.3082","Ty Blach",596115,621389,"null","called_strike",,,,,"6","null","R","R","L","COL","SF","S","null","null",0,0,2018,"1.0631","0.9858","0.7885","2.4244","null","null","471865.00",1,8,"Bot","null","null",,,457763,,"180530_034920","-7.7448","-130.3452","-5.4731","12.9724","23.8786","-20.7194","3.6642","1.8117","null","null","null","87.5090","2136","4.7010",530223,621389,457763,474832,605509,446334,543063,607776,491676,457705,"55.8005","null","null","null","null","null","null","null",75,"1","Sinker",11,4,11,4,4,11,11,4,"Infield shift","Standard"
"CH","2018-05-29","80.2","2.9167","6.4490","Ty Blach",571448,621389,"null","ball",,,,,"14","null","R","R","L","COL","SF","B","null","null",0,0,2018,"1.3271","0.1966","0.3199","0.8158","null","null","null",1,8,"Bot","null","null",,,457763,,"180530_034659","-7.7849","-116.4349","-6.0260","12.6389","16.9311","-29.8329","3.4351","1.8016","null","null","null","78.1900","1976","4.5050",530223,621389,457763,474832,605509,446334,543063,607776,491676,457705,"55.9964","null","null","null","null","null","null","null",73,"1","Changeup",10,4,10,4,4,10,10,4,"Infield shift","Strategic"
"SI","2018-05-29","90.6","2.8106","6.2854","Ty Blach",467827,621389,"strikeout","called_strike",,,,,"7","Gerardo Parra called out on strikes.  ","R","L","L","COL","SF","S",2,"null",3,2,2018,"1.1052","0.6370","-0.5661","1.7520","null","null","null",0,8,"Bot","null","null",,,457763,,"180530_034628","-10.3856","-131.4467","-6.6144","14.1307","21.3993","-24.1447","3.2173","1.5483","null","null","null","89.1180","2226","5.0290",530223,621389,457763,474832,605509,446334,543063,607776,491676,457705,"55.4732","null","null","0.00",1,0,0,"null",72,"7","Sinker",10,4,10,4,4,10,10,4,"Standard","Standard"
"SL","2018-05-29","77.4","2.9468","6.3848","Ty Blach",467827,621389,"null","ball",,,,,"13","null","R","L","L","COL","SF","B","null","null",2,2,2018,"-0.6115","-0.4098","-1.0863","0.7950","null","null","null",0,8,"Bot","null","null",,,457763,,"180530_034607","-7.3249","-112.4776","-4.3184","-3.9698","15.4472","-35.1448","3.2502","1.5912","null","null","null","75.7580","2455","4.6360",530223,621389,457763,474832,605509,446334,543063,607776,491676,457705,"55.8657","null","null","null","null","null","null","null",72,"6","Slider",10,4,10,4,4,10,10,4,"Standard","Standard"
"SI","2018-05-29","89.8","2.9772","6.4080","Ty Blach",467827,621389,"null","called_strike",,,,,"7","null","R","L","L","COL","SF","S","null","null",2,0,2018,"1.0609","0.7482","-0.4860","2.0058","null","null","null",0,8,"Bot","null","null",,,457763,,"180530_034504","-10.3448","-130.1464","-6.2557","13.3997","23.3412","-23.1628","3.3031","1.6126","null","null","null","87.5780","2176","4.7950",530223,621389,457763,474832,605509,446334,543063,607776,491676,457705,"55.7068","null","null","null","null","null","null","null",72,"3","Sinker",10,4,10,4,4,10,10,4,"Standard","Strategic"
"SI","2018-05-29","90.0","2.8245","6.3614","Ty Blach",467827,621389,"null","ball",,,,,"13","null","R","L","L","COL","SF","B","null","null",1,0,2018,"1.0566","0.6982","-1.4177","1.7075","null","null","null",0,8,"Bot","null","null",,,457763,,"180530_034447","-12.1907","-130.2761","-6.7712","13.6658","23.2204","-23.6266","3.3359","1.6126","null","null","null","87.5550","2206","4.7110",530223,621389,457763,474832,605509,446334,543063,607776,491676,457705,"55.7910","null","null","null","null","null","null","null",72,"2","Sinker",10,4,10,4,4,10,10,4,"Standard","Strategic"
"SI","2018-05-29","89.1","2.8900","6.4019","Ty Blach",467827,621389,"null","ball",,,,,"13","null","R","L","L","COL","SF","B","null","null",0,0,2018,"0.8971","0.8687","-1.1893","1.5925","null","null","null",0,8,"Bot","null","null",,,457763,,"180530_034432","-11.3847","-128.9433","-7.3001","11.5204","21.8410","-21.8922","3.3144","1.5483","null","null","null","86.8220","2201","4.7430",530223,621389,457763,474832,605509,446334,543063,607776,491676,457705,"55.7585","null","null","null","null","null","null","null",72,"1","Sinker",10,4,10,4,4,10,10,4,"Standard","Strategic"
"FC","2018-05-29","93.5","-3.0518","6.1034","Bryan Shaw",543063,543766,"null","ball",,,,,"14","null","R","L","R","COL","SF","B","null","null",2,1,2018,"0.3437","0.5686","1.8203","2.4106","null","null","null",2,8,"Top","null","null",,,455104,,"180530_034109","11.5635","-135.6525","-4.9483","2.1543","23.3245","-24.6853","3.3332","1.5798","null","null","null","92.2180","2623","5.2180",530223,543766,455104,435622,641857,571448,596115,467827,453568,471865,"55.2834","null","null","null","null","null","null","null",71,"4","Cutter",10,4,4,10,4,10,4,10,"Standard","Standard"
"FC","2018-05-29","94.6","-2.9786","6.0446","Bryan Shaw",543063,543766,"null","ball",,,,,"14","null","R","L","R","COL","SF","B","null","null",1,1,2018,"0.3239","0.6521","1.9504","1.5904","null","null","null",2,8,"Top","null","null",,,455104,,"180530_034055","11.9272","-137.1958","-7.2920","2.0055","23.2893","-23.0213","3.3118","1.5798","null","null","null","93.7300","2595","5.4530",530223,543766,455104,435622,641857,571448,596115,467827,453568,471865,"55.0487","null","null","null","null","null","null","null",71,"3","Cutter",10,4,4,10,4,10,4,10,"Standard","Standard"
"SL","2018-05-29","84.0","-3.0238","5.9875","Bryan Shaw",543063,543766,"null","ball",,,,,"14","null","R","L","R","COL","SF","B","null","null",0,1,2018,"0.8840","-0.2435","0.4533","-0.2938","null","null","null",2,8,"Top","null","null",,,455104,,"180530_034037","6.2225","-121.9121","-7.5365","7.3810","21.4282","-33.4382","3.3547","1.7299","null","null","null","82.1970","2819","4.9920",530223,543766,455104,435622,641857,571448,596115,467827,453568,471865,"55.5101","null","null","null","null","null","null","null",71,"2","Slider",10,4,4,10,4,10,4,10,"Strategic","Standard"
"FC","2018-05-29","97.2","-2.8038","6.0767","Bryan Shaw",607776,543766,"null","ball",,,,,"14","null","R","R","R","COL","SF","B","null","null",2,2,2018,"0.2681","0.5230","1.8245","1.2762","null","null","null",1,8,"Top","null","null",,,455104,,"180530_033917","11.6048","-140.9413","-8.4263","1.4428","25.3398","-23.9770","3.7298","1.6187","null","null","null","96.3950","2338","5.5660",530223,543766,455104,435622,641857,571448,596115,467827,453568,471865,"54.9362","null","null","null","null","null","null","null",70,"6","Cutter",10,4,4,10,4,10,4,10,"Standard","Standard"
"SL","2018-05-29","83.2","-2.9811","5.9599","Bryan Shaw",607776,543766,"null","ball",,,,,"11","null","R","R","R","COL","SF","B","null","null",1,2,2018,"1.0562","-0.4530","-1.0980","3.4654","null","null","null",1,8,"Top","null","null",,,455104,,"180530_033841","2.3009","-120.8575","1.4873","9.4223","22.1387","-36.9472","3.5155","1.6830","null","null","null","81.0150","2767","4.7660",530223,543766,455104,435622,641857,571448,596115,467827,453568,471865,"55.7362","null","null","null","null","null","null","null",70,"4","Slider",10,4,4,10,4,10,4,10,"Standard","Standard"
"SL","2018-05-29","82.2","-2.9842","6.0202","Bryan Shaw",607776,543766,"null","ball",,,,,"14","null","R","R","R","COL","SF","B","null","null",0,1,2018,"1.1781","-0.5697","2.4295","0.2230","null","null","null",1,8,"Top","null","null",,,455104,,"180530_033748","9.8277","-119.0771","-5.3512","8.8219","23.2400","-36.6042","3.7084","1.7044","null","null","null","80.1220","2778","5.1500",530223,543766,455104,435622,641857,571448,596115,467827,453568,471865,"55.3521","null","null","null","null","null","null","null",70,"2","Slider",10,4,4,10,4,10,4,10,"Standard","Standard"
"SL","2018-05-29","82.0","-3.0577","5.8449","Bryan Shaw",474832,543766,"null","ball",,,,,"14","null","R","L","R","COL","SF","B","null","null",2,2,2018,"1.3106","-0.3507","1.7027","0.1690","null","null","null",0,8,"Top","null","null",,,455104,,"180530_033636","8.1356","-118.9492","-5.5227","10.5561","20.6488","-34.6741","3.1972","1.5771","null","null","null","80.2240","2845","5.0330",530223,543766,455104,435622,641857,571448,596115,467827,453568,471865,"55.4687","null","null","null","null","null","null","null",69,"5","Slider",10,4,4,10,4,10,4,10,"Infield shift","Standard"
"SL","2018-05-29","82.9","-3.0639","5.9093","Bryan Shaw",474832,543766,"null","ball",,,,,"14","null","R","L","R","COL","SF","B","null","null",1,1,2018,"1.0691","-0.4799","1.0471","0.3017","null","null","null",0,8,"Top","null","null",,,455104,,"180530_033600","7.2221","-120.4596","-5.3810","8.7673","20.4350","-35.9991","3.2186","1.6629","null","null","null","81.1640","2672","4.9090",530223,543766,455104,435622,641857,571448,596115,467827,453568,471865,"55.5931","null","null","null","null","null","null","null",69,"3","Slider",10,4,4,10,4,10,4,10,"Infield shift","Standard"
"FC","2018-05-29","94.4","-2.8216","6.1157","Bryan Shaw",474832,543766,"null","ball",,,,,"12","null","R","L","R","COL","SF","B","null","null",0,1,2018,"0.4532","0.2589","0.7974","3.7461","null","null","null",0,8,"Top","null","null",,,455104,,"180530_033542","8.3027","-137.4498","-1.1737","4.3221","21.9819","-28.9529","3.1434","1.5876","null","null","null","93.8180","2332","5.3050",530223,543766,455104,435622,641857,571448,596115,467827,453568,471865,"55.1970","null","null","null","null","null","null","null",69,"2","Cutter",10,4,4,10,4,10,4,10,"Infield shift","Standard"
"FC","2018-05-29","93.9","-2.9513","6.0447","Bryan Shaw",474832,543766,"null","called_strike",,,,,"6","null","R","L","R","COL","SF","S","null","null",0,0,2018,"0.4670","0.2315","0.5640","2.6456","null","null","null",0,8,"Top","null","null",,,455104,,"180530_033530","7.9764","-136.5874","-3.6379","4.3898","23.4501","-28.8966","3.1434","1.5662","null","null","null","93.3050","2313","5.4740",530223,543766,455104,435622,641857,571448,596115,467827,453568,471865,"55.0274","null","null","null","null","null","null","null",69,"1","Cutter",10,4,4,10,4,10,4,10,"Infield shift","Standard"
"FC","2018-05-29","91.7","-2.8809","6.0770","Bryan Shaw",446334,543766,"null","called_strike",,,,,"13","null","R","R","R","COL","SF","S","null","null",2,0,2018,"0.5122","0.2652","-1.0155","2.3790","null","null","null",0,8,"Top","null","null",,,455104,,"180530_033433","3.5912","-133.4289","-4.0602","5.3162","25.0146","-28.5375","3.6681","1.7388","null","null","null","90.8230","2399","5.4760",530223,543766,455104,435622,641857,571448,596115,467827,453568,471865,"55.0259","null","null","null","null","null","null","null",68,"3","Cutter",10,3,3,10,3,10,3,10,"Standard","Standard"
"FC","2018-05-29","91.3","-2.8601","6.1281","Bryan Shaw",446334,543766,"null","ball",,,,,"11","null","R","R","R","COL","SF","B","null","null",1,0,2018,"0.5045","0.4159","-0.9737","4.3211","null","null","null",0,8,"Top","null","null",,,455104,,"180530_033415","3.6405","-132.8513","0.3936","5.1316","25.2048","-27.6833","3.6903","1.7170","null","null","null","90.2160","2343","5.3750",530223,543766,455104,435622,641857,571448,596115,467827,453568,471865,"55.1268","null","null","null","null","null","null","null",68,"2","Cutter",10,3,3,10,3,10,3,10,"Standard","Standard"
"FC","2018-05-29","93.4","-2.9917","6.1658","Bryan Shaw",446334,543766,"null","ball",,,,,"12","null","R","R","R","COL","SF","B","null","null",0,0,2018,"0.5189","0.4151","0.4041","4.0530","null","null","null",0,8,"Top","null","null",,,455104,,"180530_033403","7.5105","-135.8046","-0.6083","4.7570","27.0637","-27.2899","3.6903","1.6956","null","null","null","92.1860","2443","5.4070",530223,543766,455104,435622,641857,571448,596115,467827,453568,471865,"55.0944","null","null","null","null","null","null","null",68,"1","Cutter",10,3,3,10,3,10,3,10,"Standard","Standard"
"CH","2018-05-29","84.2","-2.3494","4.5160","Cory Gearrin",453568,518715,"null","ball",,,,,"13","null","R","L","R","COL","SF","B","null","null",1,0,2018,"-1.0769","0.1955","-1.8356","2.0867","null","null","null",2,7,"Bot","null","null",,,457763,,"180530_033034","3.2647","-122.6251","0.2642","-11.3526","21.0380","-30.4671","3.3712","1.5374","null","null","null","84.1050","2002","5.8890",530223,518715,457763,474832,605509,446334,543063,607776,491676,457705,"54.6126","null","null","null","null","null","null","null",67,"2","Changeup",10,3,10,3,3,10,10,3,"Infield shift","Strategic"
"CH","2018-05-29","85.7","-2.3297","4.4497","Cory Gearrin",453568,518715,"null","ball",,,,,"13","null","R","L","R","COL","SF","B","null","null",0,0,2018,"-0.9407","0.3479","-1.1203","1.9108","null","null","null",2,7,"Bot","null","null",,,457763,,"180530_033017","4.7095","-124.7705","-0.5055","-10.6342","21.8853","-28.6592","3.3283","1.5159","null","null","null","85.7920","1988","6.0370",530223,518715,457763,474832,605509,446334,543063,607776,491676,457705,"54.4648","null","null","null","null","null","null","null",67,"1","Changeup",10,3,10,3,3,10,10,3,"Infield shift","Strategic"
"SI","2018-05-29","91.3","-2.3101","4.7522","Cory Gearrin",455104,518715,"null","ball",,,,,"11","null","R","R","R","COL","SF","B","null","null",0,2,2018,"-1.0076","0.5834","-1.9520","3.0064","null","435622.00","null",2,7,"Bot","null","null",,,457763,,"180530_032758","2.9938","-133.0185","0.1689","-12.4010","24.7526","-25.5598","3.2566","1.5246","null","null","null","91.0770","2227","5.7940",530223,518715,457763,474832,605509,446334,543063,607776,491676,457705,"54.7080","null","null","null","null","null","null","null",65,"3","Sinker",7,3,7,3,3,7,7,3,"Standard","Standard"
"SL","2018-05-29","82.5","-2.3943","4.7190","Cory Gearrin",455104,518715,"null","called_strike",,,,,"5","null","R","R","R","COL","SF","S","null","null",0,0,2018,"0.7305","0.1019","-0.1192","2.5083","null","435622.00","null",2,7,"Bot","null","null",,,457763,,"180530_032655","3.7480","-120.1155","1.1126","6.3900","17.8867","-31.5743","3.2995","1.5146","null","null","null","81.9360","2853","5.3720",530223,518715,457763,474832,605509,446334,543063,607776,491676,457705,"55.1302","null","null","null","null","null","null","null",65,"1","Slider",7,3,7,3,3,7,7,3,"Strategic","Standard"
"SI","2018-05-29","92.8","-2.1929","4.7197","Cory Gearrin",641857,518715,"null","ball",,,,,"13","null","R","L","R","COL","SF","B","null","null",1,2,2018,"-0.7550","0.3980","-1.3157","2.6597","null","435622.00","null",1,7,"Bot","null","null",,,457763,,"180530_032539","3.7860","-135.1627","-0.4449","-9.7802","23.5480","-27.4937","3.6695","1.7923","null","null","null","92.3430","2148","5.5230",530223,518715,457763,474832,605509,446334,543063,607776,491676,457705,"54.9783","null","null","null","null","null","null","null",64,"5","Sinker",7,3,7,3,3,7,7,3,"Standard","Standard"
"SI","2018-05-29","90.9","-2.2903","4.7772","Cory Gearrin",641857,518715,"null","called_strike",,,,,"6","null","R","L","R","COL","SF","S","null","null",1,1,2018,"-0.8770","0.6153","0.8092","2.8272","null","435622.00","null",1,7,"Bot","null","null",,,457763,,"180530_032415","9.5187","-132.2260","-0.3736","-11.8800","22.6021","-25.1089","3.6481","1.8137","null","null","null","90.8600","2147","5.8490",530223,518715,457763,474832,605509,446334,543063,607776,491676,457705,"54.6533","null","null","null","null","null","null","null",64,"3","Sinker",7,3,7,3,3,7,7,3,"Standard","Standard"
"SI","2018-05-29","91.4","-2.2729","4.7571","Cory Gearrin",641857,518715,"null","ball",,,,,"1","null","R","L","R","COL","SF","B","null","null",0,1,2018,"-0.6692","0.4832","-0.7086","3.3354","null","435622.00","null",1,7,"Bot","null","null",,,457763,,"180530_032347","5.3213","-133.0364","1.1667","-8.8786","23.7882","-26.8558","3.5826","1.6614","null","null","null","91.4510","2125","5.9390",530223,518715,457763,474832,605509,446334,543063,607776,491676,457705,"54.5631","null","null","null","null","null","null","null",64,"2","Sinker",7,3,7,3,3,7,7,3,"Standard","Standard"
"SL","2018-05-29","83.9","-2.4895","4.6930","Cory Gearrin",435622,518715,"null","ball",,,,,"14","null","R","R","R","COL","SF","B","null","null",0,2,2018,"0.4733","-0.0378","1.8888","1.4310","null","471865.00","null",1,7,"Bot","null","null",,,457763,,"180530_032139","9.0701","-121.9215","-1.1315","3.0999","20.5293","-32.5753","3.4127","1.6030","null","null","null","83.0440","2816","5.4790",530223,518715,457763,474832,605509,446334,543063,607776,491676,457705,"55.0225","null","null","null","null","null","null","null",63,"3","Slider",6,3,6,3,3,6,6,3,"Standard","Standard"
"SI","2018-05-29","90.7","-2.3154","4.7653","Cory Gearrin",435622,518715,"null","called_strike",,,,,"7","null","R","R","R","COL","SF","S","null","null",0,1,2018,"-1.1602","0.5152","-0.6821","1.5904","null","null","471865.00",1,7,"Bot","null","null",,,457763,,"180530_032038","6.4610","-131.9378","-3.1435","-14.6507","24.3642","-25.8254","3.6887","1.5702","null","null","null","90.4810","2137","5.8830",530223,518715,457763,474832,605509,446334,543063,607776,491676,457705,"54.6190","null","null","null","null","null","null","null",63,"2","Sinker",6,3,6,3,3,6,6,3,"Standard","Strategic"
"SI","2018-05-29","90.0","-2.4684","4.7606","Cory Gearrin",596115,518715,"null","ball",,,,,"11","null","R","R","R","COL","SF","B","null","null",0,0,2018,"-1.0375","0.6901","-2.7086","3.2746","null","null","471865.00",0,7,"Bot","null","null",,,457763,,"180530_031727","1.5346","-130.9961","0.7964","-12.0520","25.7052","-24.7434","3.5032","1.7149","null","null","null","89.3780","2119","5.7350",530223,518715,457763,474832,605509,446334,543063,607776,491676,457705,"54.7670","null","null","null","null","null","null","null",62,"1","Sinker",6,3,6,3,3,6,6,3,"Standard","Standard"
"FF","2018-05-29","92.9","2.0823","5.9132","Mike Dunn",457763,445197,"null","ball",,,,,"9","null","R","R","L","COL","SF","B","null","null",0,0,2018,"0.1597","1.2472","0.3993","1.6430","null","457706.00","491676.00",0,7,"Top","null","null",,,455104,,"180530_031053","-4.6929","-135.3725","-8.0991","2.7837","22.1519","-15.2587","3.2479","1.5968","null","null","null","94.4670","2145","6.5800",530223,445197,455104,435622,641857,571448,596115,467827,453568,471865,"53.9222","null","null","null","null","null","null","null",59,"1","4-Seam Fastball",6,3,3,6,3,6,3,6,"Standard","Standard"
"FF","2018-05-29","92.1","2.1990","5.9899","Mike Dunn",491676,445197,"walk","ball",,,,,"12","Gorkys Hernandez walks.   Austin Jackson to 2nd.  ","R","R","L","COL","SF","B","null","null",3,1,2018,"0.5277","0.9264","1.0135","2.8279","null","null","457706.00",0,7,"Top","null","null",,,455104,,"180530_030950","-4.1577","-134.2530","-4.3494","7.1726","22.3802","-20.2415","3.2820","1.5615","null","null","null","93.1510","2198","6.3120",530223,445197,455104,435622,641857,571448,596115,467827,453568,471865,"54.1897","null","null","0.70",1,0,0,"null",58,"5","4-Seam Fastball",6,3,3,6,3,6,3,6,"Standard","Standard"
"FF","2018-05-29","92.8","2.1078","5.8700","Mike Dunn",491676,445197,"null","ball",,,,,"14","null","R","R","L","COL","SF","B","null","null",2,1,2018,"0.2691","1.2171","0.8090","1.3419","null","null","457706.00",0,7,"Top","null","null",,,455104,,"180530_030925","-3.9331","-135.0983","-8.6487","4.0196","22.0150","-15.6345","3.3249","1.5186","null","null","null","94.2200","2186","6.5440",530223,445197,455104,435622,641857,571448,596115,467827,453568,471865,"53.9578","null","null","null","null","null","null","null",58,"4","4-Seam Fastball",6,3,3,6,3,6,3,6,"Standard","Standard"
"SL","2018-05-29","87.9","2.2826","5.7437","Mike Dunn",491676,445197,"null","ball",,,,,"13","null","R","R","L","COL","SF","B","null","null",1,1,2018,"-0.4844","0.4084","-1.9851","1.3847","null","null","457706.00",0,7,"Top","null","null",,,455104,,"180530_030849","-9.3627","-127.8853","-5.4398","-3.9396","20.2700","-26.9003","3.0249","1.6043","null","null","null","88.9610","2420","6.4490",530223,445197,455104,435622,641857,571448,596115,467827,453568,471865,"54.0528","null","null","null","null","null","null","null",58,"3","Slider",6,3,3,6,3,6,3,6,"Standard","Standard"
"SL","2018-05-29","86.4","2.3358","5.8146","Mike Dunn",491676,445197,"null","ball",,,,,"13","null","R","R","L","COL","SF","B","null","null",0,0,2018,"-0.3708","0.2066","-0.4533","1.4018","null","null","457706.00",0,7,"Top","null","null",,,455104,,"180530_030659","-5.9034","-125.8122","-4.8589","-3.0708","19.9158","-29.3394","3.0677","1.6258","null","null","null","87.3760","2324","6.3850",530223,445197,455104,435622,641857,571448,596115,467827,453568,471865,"54.1169","null","null","null","null","null","null","null",58,"1","Slider",6,3,3,6,3,6,3,6,"Standard","Standard"
"FF","2018-05-29","92.3","2.2445","5.8438","Mike Dunn",457706,445197,"null","called_strike",,,,,"6","null","R","R","L","COL","SF","S","null","null",3,1,2018,"0.2313","1.0818","0.6897","2.2780","null","null","null",0,7,"Top","null","null",,,455104,,"180530_030550","-4.4816","-134.5202","-5.7590","3.6440","23.5483","-17.9571","3.1743","1.6419","null","null","null","93.4760","2013","6.4740",530223,445197,455104,435622,641857,571448,596115,467827,453568,471865,"54.0281","null","null","null","null","null","null","null",57,"5","4-Seam Fastball",6,3,3,6,3,6,3,6,"Standard","Standard"
"FF","2018-05-29","91.5","2.2363","5.8679","Mike Dunn",457706,445197,"null","called_strike",,,,,"4","null","R","R","L","COL","SF","S","null","null",3,0,2018,"0.0248","1.0957","-0.4284","2.1575","null","null","null",0,7,"Top","null","null",,,455104,,"180530_030528","-6.7963","-133.1970","-5.9564","1.5435","24.3745","-18.0373","3.1958","1.5776","null","null","null","92.3400","2104","6.4440",530223,445197,455104,435622,641857,571448,596115,467827,453568,471865,"54.0576","null","null","null","null","null","null","null",57,"4","4-Seam Fastball",6,3,3,6,3,6,3,6,"Standard","Standard"
"FF","2018-05-29","91.7","2.1982","5.8777","Mike Dunn",457706,445197,"null","ball",,,,,"12","null","R","R","L","COL","SF","B","null","null",2,0,2018,"0.0390","1.0808","0.8805","3.9213","null","null","null",0,7,"Top","null","null",,,455104,,"180530_030505","-3.4239","-133.6609","-1.5332","1.0853","23.8732","-18.9632","3.3458","1.6205","null","null","null","92.5860","2075","6.3490",530223,445197,455104,435622,641857,571448,596115,467827,453568,471865,"54.1532","null","null","null","null","null","null","null",57,"3","4-Seam Fastball",6,3,3,6,3,6,3,6,"Standard","Standard"
"FF","2018-05-29","91.3","2.2218","5.9157","Mike Dunn",457706,445197,"null","ball",,,,,"14","null","R","R","L","COL","SF","B","null","null",1,0,2018,"0.3116","1.2134","0.9401","1.1023","null","null","null",0,7,"Top","null","null",,,455104,,"180530_030444","-3.9010","-132.8165","-8.9474","4.4243","23.2196","-16.2106","3.3887","1.5347","null","null","null","92.1160","2083","6.3890",530223,445197,455104,435622,641857,571448,596115,467827,453568,471865,"54.1124","null","null","null","null","null","null","null",57,"2","4-Seam Fastball",6,3,3,6,3,6,3,6,"Standard","Standard"
"FF","2018-05-29","91.6","2.1112","5.9744","Mike Dunn",457706,445197,"null","ball",,,,,"12","null","R","R","L","COL","SF","B","null","null",0,0,2018,"0.1557","1.1247","1.0399","2.7854","null","null","null",0,7,"Top","null","null",,,455104,,"180530_030428","-3.0448","-133.5476","-4.7365","2.4173","23.3541","-17.9097","3.3887","1.6848","null","null","null","92.4690","2138","6.2890",530223,445197,455104,435622,641857,571448,596115,467827,453568,471865,"54.2124","null","null","null","null","null","null","null",57,"1","4-Seam Fastball",6,3,3,6,3,6,3,6,"Standard","Standard"
"FF","2018-05-29","92.2","1.8694","6.4722","Will Smith",571448,519293,"null","ball",,,,,"12","null","R","R","L","COL","SF","B","null","null",1,1,2018,"0.6177","1.1318","1.3694","2.4794","null","null","null",2,6,"Bot","null","null",,,457763,,"180530_030037","-2.5685","-134.0825","-6.7222","7.8903","26.8011","-17.5335","3.3384","1.6191","null","null","null","91.7930","2150","5.9120",530223,519293,457763,474832,605509,446334,543063,607776,491676,457705,"54.5899","null","null","null","null","null","null","null",56,"3","4-Seam Fastball",6,3,6,3,3,6,6,3,"Infield shift","Strategic"
"FT","2018-05-29","87.1","1.8620","6.4715","Will Smith",571448,519293,"null","called_strike",,,,,"12","null","R","R","L","COL","SF","S","null","null",1,0,2018,"0.8805","0.9493","0.8549","2.8977","null","null","null",2,6,"Bot","null","null",,,457763,,"180530_030016","-4.1977","-126.9164","-4.4342","10.2745","22.2407","-21.3064","3.4000","1.6834","null","null","null","87.4610","1760","6.1250",530223,519293,457763,474832,605509,446334,543063,607776,491676,457705,"54.3764","null","null","null","null","null","null","null",56,"2","2-Seam Fastball",6,3,6,3,3,6,6,3,"Infield shift","Strategic"
"CU","2018-05-29","78.0","1.8905","6.5540","Will Smith",571448,519293,"null","ball",,,,,"14","null","R","R","L","COL","SF","B","null","null",0,0,2018,"-0.3484","-0.5438","1.1386","1.9875","null","null","null",2,6,"Bot","null","null",,,457763,,"180530_025954","-0.9839","-113.4743","-2.0008","-2.7448","19.0785","-36.6308","3.4455","1.7049","null","null","null","76.7270","2078","5.2070",530223,519293,457763,474832,605509,446334,543063,607776,491676,457705,"55.2947","null","null","null","null","null","null","null",56,"1","Curveball",6,3,6,3,3,6,6,3,"Infield shift","Strategic"
"FF","2018-05-29","93.3","1.6345","6.5141","Will Smith",453568,519293,"strikeout","called_strike",,,,,"8","Charlie Blackmon called out on strikes.  ","R","L","L","COL","SF","S",2,"null",1,2,2018,"0.5397","1.2734","-0.0847","1.8045","null","null","null",0,6,"Bot","null","null",,,457763,,"180530_025728","-5.5446","-135.6046","-9.1007","7.6759","25.5573","-15.0153","3.3598","1.5260","null","null","null","93.1320","2145","5.9510",530223,519293,457763,474832,605509,446334,543063,607776,491676,457705,"54.5511","null","null","0.00",1,0,0,"null",54,"5","4-Seam Fastball",6,3,6,3,3,6,6,3,"Standard","Standard"
"FF","2018-05-29","91.9","1.8388","6.5781","Will Smith",453568,519293,"null","ball",,,,,"14","null","R","L","L","COL","SF","B","null","null",0,2,2018,"0.6773","0.9855","1.5081","1.9385","null","null","null",0,6,"Bot","null","null",,,457763,,"180530_025633","-2.2414","-133.6856","-7.9909","8.4451","24.1569","-19.2373","3.3074","1.5592","null","null","null","91.5370","2052","5.7320",530223,519293,457763,474832,605509,446334,543063,607776,491676,457705,"54.7702","null","null","null","null","null","null","null",54,"3","4-Seam Fastball",6,3,6,3,3,6,6,3,"Standard","Standard"
"SL","2018-05-29","80.3","2.2325","6.2058","Will Smith",453568,519293,"null","called_strike",,,,,"12","null","R","L","L","COL","SF","S","null","null",0,1,2018,"-0.4778","-0.3153","0.8388","2.6690","null","null","null",0,6,"Bot","null","null",,,457763,,"180530_025549","-2.1804","-116.9370","-0.6963","-3.9569","17.9459","-35.1157","3.4027","1.5045","null","null","null","79.6130","2202","5.3610",530223,519293,457763,474832,605509,446334,543063,607776,491676,457705,"55.1404","null","null","null","null","null","null","null",54,"2","Slider",6,3,6,3,3,6,6,3,"Standard","Standard"
"SL","2018-05-29","81.1","2.3387","6.2360","Will Smith",453568,519293,"null","called_strike",,,,,"4","null","R","L","L","COL","SF","S","null","null",0,0,2018,"-0.4839","-0.0475","-0.5998","2.3017","null","null","null",0,6,"Bot","null","null",,,457763,,"180530_025530","-5.5878","-117.9056","-2.1022","-3.4381","20.5544","-32.4768","3.4241","1.6117","null","null","null","80.1860","2343","5.5270",530223,519293,457763,474832,605509,446334,543063,607776,491676,457705,"54.9746","null","null","null","null","null","null","null",54,"1","Slider",6,3,6,3,3,6,6,3,"Standard","Standard"
"SL","2018-05-29","87.2","-1.4796","5.9132","Scott Oberg",605509,623184,"null","ball",,,,,"14","null","R","R","R","COL","SF","B","null","null",2,2,2018,"0.5563","-0.3122","1.5874","1.9985","474832.00","607776.00","null",2,6,"Top","null","null",,,455104,,"180530_025143","6.2193","-126.9245","-2.6679","4.8493","23.4545","-35.2541","3.3384","1.5675","null","null","null","87.2380","2704","6.0830",530223,623184,455104,435622,641857,571448,596115,467827,453568,471865,"54.4183","null","null","null","null","null","null","null",53,"5","Slider",6,3,3,6,3,6,3,6,"Standard","Standard"
"SL","2018-05-29","88.0","-1.4007","5.8368","Scott Oberg",605509,623184,"null","ball",,,,,"14","null","R","R","R","COL","SF","B","null","null",0,1,2018,"0.5276","0.0612","1.5598","2.0917","474832.00","607776.00","null",2,6,"Top","null","null",,,455104,,"180530_025018","6.0751","-128.2197","-3.2602","4.9290","19.3532","-31.1772","3.3384","1.5890","null","null","null","88.4800","null","5.9260",530223,623184,455104,435622,641857,571448,596115,467827,453568,471865,"54.5754","null","null","null","null","null","null","null",53,"2","Slider",6,3,3,6,3,6,3,6,"Standard","Standard"
"FF","2018-05-29","96.9","-1.5348","5.8513","Scott Oberg",605509,623184,"null","called_strike",,,,,"7","null","R","R","R","COL","SF","S","null","null",0,0,2018,"-0.1596","0.8859","-0.7639","2.0271","474832.00","607776.00","null",2,6,"Top","null","null",,,455104,,"180530_024955","2.4289","-141.1557","-6.8052","-2.6214","26.7594","-19.0673","3.3812","1.6318","null","null","null","97.8030","2271","6.3710",530223,623184,455104,435622,641857,571448,596115,467827,453568,471865,"54.1304","null","null","null","null","null","null","null",53,"1","4-Seam Fastball",6,3,3,6,3,6,3,6,"Standard","Standard"
"CH","2018-05-29","89.5","-1.6528","5.6325","Scott Oberg",543063,623184,"null","ball",,,,,"13","null","R","L","R","COL","SF","B","null","null",0,1,2018,"-0.9990","0.0856","-1.0542","1.7120","474832.00","607776.00","null",1,6,"Top","null","null",,,455104,,"180530_024851","3.5843","-130.4184","-3.9470","-12.1527","23.9031","-30.6537","3.3008","1.5903","null","null","null","90.1470","1927","6.3250",530223,623184,455104,435622,641857,571448,596115,467827,453568,471865,"54.1769","null","null","null","null","null","null","null",52,"2","Changeup",6,3,3,6,3,6,3,6,"Standard","Standard"
"FF","2018-05-29","95.8","-1.4990","5.9425","Scott Oberg",607776,623184,"null","ball",,,,,"14","null","R","R","R","COL","SF","B","null","null",2,2,2018,"0.0789","0.8641","0.8994","1.2585","null","null","474832.00",1,6,"Top","null","null",,,455104,,"180530_024659","6.1225","-139.3014","-8.6955","-0.1773","27.3661","-19.4434","3.6760","1.5863","null","null","null","95.7580","2306","6.0290",530223,623184,455104,435622,641857,571448,596115,467827,453568,471865,"54.4730","null","null","null","null","null","null","null",51,"5","4-Seam Fastball",6,3,3,6,3,6,3,6,"Standard","Strategic"
"FF","2018-05-29","92.8","-1.5220","5.8879","Scott Oberg",607776,623184,"null","ball",,,,,"4","null","R","R","R","COL","SF","B","null","null",1,0,2018,"0.1175","0.6287","-0.7416","2.8894","null","null","474832.00",1,6,"Top","null","null",,,455104,,"180530_024541","1.7424","-135.3250","-3.3752","1.1487","23.9388","-23.9629","3.5903","1.5863","null","null","null","93.5800","2059","6.2160",530223,623184,455104,435622,641857,571448,596115,467827,453568,471865,"54.2855","null","null","null","null","null","null","null",51,"2","4-Seam Fastball",6,3,3,6,3,6,3,6,"Standard","Strategic"
"FF","2018-05-29","92.8","-1.3809","6.0187","Scott Oberg",607776,623184,"null","ball",,,,,"11","null","R","R","R","COL","SF","B","null","null",0,0,2018,"0.0963","0.6979","-0.5165","4.2322","null","null","474832.00",1,6,"Top","null","null",,,455104,,"180530_024519","2.0030","-135.2528","-0.4091","0.8302","24.4446","-23.6436","3.4831","1.5434","null","null","null","93.5050","2090","6.2410",530223,623184,455104,435622,641857,571448,596115,467827,453568,471865,"54.2609","null","null","null","null","null","null","null",51,"1","4-Seam Fastball",6,3,3,6,3,6,3,6,"Standard","Standard"
"FT","2018-05-29","91.7","1.6824","5.4938","Kyle Freeland",474832,607536,"null","called_strike",,,,,"2","null","R","L","L","COL","SF","S","null","null",2,0,2018,"0.3712","0.3854","0.0346","2.7875","null","null","null",1,6,"Top","null","null",,,455104,,"180530_024113","-5.0281","-133.8274","-2.0274","5.3882","20.7276","-27.2147","3.0362","1.5876","null","null","null","93.7190","2320","6.7030",530223,607536,455104,435622,641857,571448,596115,467827,453568,471865,"53.7993","null","null","null","null","null","null","null",50,"3","2-Seam Fastball",6,3,3,6,3,6,3,6,"Infield shift","Standard"
"SL","2018-05-29","85.8","1.7188","5.2328","Kyle Freeland",474832,607536,"null","ball",,,,,"13","null","R","L","L","COL","SF","B","null","null",1,0,2018,"-0.2791","0.2104","-1.9113","1.4551","null","null","null",1,6,"Top","null","null",,,455104,,"180530_024056","-8.0637","-124.9414","-3.1978","-1.5443","22.1031","-29.5478","3.1005","1.5876","null","null","null","86.7100","2203","6.5600",530223,607536,455104,435622,641857,571448,596115,467827,453568,471865,"53.9420","null","null","null","null","null","null","null",50,"2","Slider",6,3,3,6,3,6,3,6,"Infield shift","Standard"
"SL","2018-05-29","85.6","1.8811","5.2641","Kyle Freeland",474832,607536,"null","ball",,,,,"12","null","R","L","L","COL","SF","B","null","null",0,0,2018,"-0.2654","0.2672","1.2541","4.1874","null","null","null",1,6,"Top","null","null",,,455104,,"180530_024038","-0.9488","-124.8265","3.0694","-2.6619","20.2699","-30.0091","3.1434","1.5019","null","null","null","86.5910","2185","6.3800",530223,607536,455104,435622,641857,571448,596115,467827,453568,471865,"54.1223","null","null","null","null","null","null","null",50,"1","Slider",6,3,3,6,3,6,3,6,"Infield shift","Standard"
"CH","2018-05-29","87.3","1.8867","5.2477","Kyle Freeland",457705,607536,"strikeout","called_strike",,,,,"7","Andrew McCutchen called out on strikes.  ","R","R","L","COL","SF","S",2,"null",2,2,2018,"0.8608","0.4314","-0.3067","1.4728","null","null","null",0,6,"Top","null","null",,,455104,,"180530_023817","-7.0670","-127.0647","-3.9443","10.6429","20.8579","-26.9435","3.4162","1.5736","null","null","null","88.2320","1533","6.4220",530223,607536,455104,435622,641857,571448,596115,467827,453568,471865,"54.0798","null","null","0.00",1,0,0,"null",48,"6","Changeup",6,2,2,6,2,6,2,6,"Standard","Standard"
"FF","2018-05-29","91.7","1.8083","5.1842","Kyle Freeland",457705,607536,"null","ball",,,,,"12","null","R","R","L","COL","SF","B","null","null",1,2,2018,"0.4360","0.7041","0.3966","4.0754","null","null","null",0,6,"Top","null","null",,,455104,,"180530_023759","-4.5323","-133.6271","1.4214","6.1090","23.4236","-24.0110","3.3733","1.6593","null","null","null","92.8090","2378","6.4610",530223,607536,455104,435622,641857,571448,596115,467827,453568,471865,"54.0413","null","null","null","null","null","null","null",48,"5","4-Seam Fastball",6,2,2,6,2,6,2,6,"Standard","Standard"
"CH","2018-05-29","86.6","1.7911","5.3325","Kyle Freeland",457705,607536,"null","called_strike",,,,,"8","null","R","R","L","COL","SF","S","null","null",1,1,2018,"0.8395","0.6043","-0.1708","2.1079","null","null","null",0,6,"Top","null","null",,,455104,,"180530_023711","-6.4331","-126.1042","-2.7987","10.2585","23.6119","-25.3230","3.3733","1.5950","null","null","null","87.2700","1417","6.5000",530223,607536,455104,435622,641857,571448,596115,467827,453568,471865,"54.0017","null","null","null","null","null","null","null",48,"3","Changeup",6,2,2,6,2,6,2,6,"Standard","Standard"
"SL","2018-05-29","82.5","2.0456","5.1295","Kyle Freeland",457705,607536,"null","ball",,,,,"13","null","R","R","L","COL","SF","B","null","null",0,1,2018,"-0.0279","-0.1335","-0.3424","0.4081","null","null","null",0,6,"Top","null","null",,,455104,,"180530_023652","-5.3661","-120.0941","-4.0224","0.6749","21.1531","-32.9609","3.3733","1.6808","null","null","null","82.6500","2331","6.1690",530223,607536,455104,435622,641857,571448,596115,467827,453568,471865,"54.3325","null","null","null","null","null","null","null",48,"2","Slider",6,2,2,6,2,6,2,6,"Standard","Standard"
"SL","2018-05-29","83.8","2.0537","5.1651","Kyle Freeland",457705,607536,"null","called_strike",,,,,"14","null","R","R","L","COL","SF","S","null","null",0,0,2018,"-0.3872","0.1016","1.0306","2.1935","null","null","null",0,6,"Top","null","null",,,455104,,"180530_023636","-1.6034","-122.0917","-0.7136","-3.5993","22.3551","-31.2206","3.3733","1.6593","null","null","null","84.2510","2170","6.3630",530223,607536,455104,435622,641857,571448,596115,467827,453568,471865,"54.1385","null","null","null","null","null","null","null",48,"1","Slider",6,2,2,6,2,6,2,6,"Standard","Standard"
"SL","2018-05-29","82.5","2.0605","5.1448","Kyle Freeland",457763,607536,"null","ball",,,,,"14","null","R","R","L","COL","SF","B","null","null",2,2,2018,"-0.2692","0.1480","1.5351","2.2115","null","null","null",0,6,"Top","null","null",,,455104,,"180530_023525","-0.6757","-120.3106","-0.5775","-2.5291","19.4126","-30.8124","3.2474","1.5749","null","null","null","83.2020","2252","6.2650",530223,607536,455104,435622,641857,571448,596115,467827,453568,471865,"54.2367","null","null","null","null","null","null","null",47,"6","Slider",6,1,1,6,1,6,1,6,"Standard","Standard"
"FF","2018-05-29","90.6","1.7284","5.4440","Kyle Freeland",457763,607536,"null","ball",,,,,"12","null","R","R","L","COL","SF","B","null","null",1,2,2018,"0.5677","0.6975","0.1966","4.0726","null","null","null",0,6,"Top","null","null",,,455104,,"180530_023506","-5.0476","-132.1201","0.8754","7.5887","21.8584","-24.1887","3.2259","1.5320","null","null","null","91.6900","2199","6.3370",530223,607536,455104,435622,641857,571448,596115,467827,453568,471865,"54.1643","null","null","null","null","null","null","null",47,"5","4-Seam Fastball",6,1,1,6,1,6,1,6,"Standard","Standard"
"CH","2018-05-29","86.2","1.8722","5.4443","Kyle Freeland",457763,607536,"null","ball",,,,,"14","null","R","R","L","COL","SF","B","null","null",0,2,2018,"0.6814","0.5979","1.9962","2.3401","null","null","null",0,6,"Top","null","null",,,455104,,"180530_023426","-1.0775","-125.6798","-2.4809","7.4566","20.8004","-25.5591","3.1831","1.5535","null","null","null","86.8590","1254","6.1970",530223,607536,455104,435622,641857,571448,596115,467827,453568,471865,"54.3047","null","null","null","null","null","null","null",47,"3","Changeup",6,1,1,6,1,6,1,6,"Standard","Standard"
"CH","2018-05-29","85.9","1.9714","5.3867","Kyle Freeland",457763,607536,"null","called_strike",,,,,"9","null","R","R","L","COL","SF","S","null","null",0,0,2018,"0.9888","0.6043","0.5367","1.7557","null","null","null",0,6,"Top","null","null",,,455104,,"180530_023338","-5.3857","-125.0483","-3.6358","11.3842","22.1882","-25.3483","3.2460","1.5963","null","null","null","86.2980","1414","6.2570",530223,607536,455104,435622,641857,571448,596115,467827,453568,471865,"54.2452","null","null","null","null","null","null","null",47,"1","Changeup",6,1,1,6,1,6,1,6,"Standard","Standard"
"FF","2018-05-29","92.3","1.6135","6.5661","Will Smith",455104,519293,"null","ball",,,,,"13","null","R","R","L","COL","SF","B","null","null",0,1,2018,"0.6341","1.1453","-1.1078","2.0535","435622.00","641857.00","null",1,5,"Bot","null","null",,,457763,,"180530_022746","-8.2283","-134.0620","-8.1593","9.0832","22.8345","-17.0912","3.3209","1.6104","null","null","null","92.5060","2230","6.0480",530223,519293,457763,474832,605509,446334,543063,607776,491676,457705,"54.4540","null","null","null","null","null","null","null",45,"2","4-Seam Fastball",5,1,5,1,1,5,5,1,"Strategic","Standard"
"CU","2018-05-29","76.1","1.9126","6.5654","Will Smith",455104,519293,"null","called_strike",,,,,"8","null","R","R","L","COL","SF","S","null","null",0,0,2018,"-0.5362","-0.9601","-0.1179","1.8745","435622.00","641857.00","null",1,5,"Bot","null","null",,,457763,,"180530_022725","-3.2705","-110.7436","-1.1983","-3.7242","17.9248","-39.8495","3.3209","1.5575","null","null","null","74.7750","1987","5.1010",530223,519293,457763,474832,605509,446334,543063,607776,491676,457705,"55.4010","null","null","null","null","null","null","null",45,"1","Curveball",5,1,5,1,1,5,5,1,"Strategic","Standard"
"FF","2018-05-29","93.2","1.6732","5.3894","Kyle Freeland",605446,607536,"null","ball",,,,,"13","null","R","R","L","COL","SF","B","null","null",0,0,2018,"0.6283","0.8485","-1.3011","1.8399","null","607776.00","null",2,5,"Top","null","null",,,455104,,"180530_021138","-9.0615","-135.5306","-5.3335","9.5209","24.3230","-20.7247","3.6106","1.7441","null","null","null","94.2270","2432","6.5330",530223,607536,455104,435622,641857,571448,596115,467827,453568,471865,"53.9692","null","null","null","null","null","null","null",40,"1","4-Seam Fastball",5,0,0,5,0,5,0,5,"Standard","Standard"
"FF","2018-05-29","89.5","1.9607","5.5339","Kyle Freeland",607776,607536,"null","called_strike",,,,,"3","null","R","R","L","COL","SF","S","null","null",0,0,2018,"0.3077","0.8031","0.4413","3.1090","null","null","null",0,5,"Top","null","null",,,455104,,"180530_020807","-4.4046","-130.4461","-1.7901","4.3174","22.5894","-22.7637","3.4416","1.5963","null","null","null","90.3430","2359","6.3270",530223,607536,455104,435622,641857,571448,596115,467827,453568,471865,"54.1752","null","null","null","null","null","null","null",37,"1","4-Seam Fastball",5,0,0,5,0,5,0,5,"Infield shift","Standard"
"FF","2018-05-29","93.3","-1.2283","6.1063","Dereck Rodriguez",471865,605446,"null","ball",,,,,"1","null","R","L","R","COL","SF","B","null","null",1,1,2018,"-0.3958","1.1138","-0.6515","3.3698","null","571448.00","null",2,4,"Bot","null","null",,,457763,,"180530_020447","2.3642","-136.0384","-3.8503","-5.4211","25.3018","-17.6210","3.4048","1.6580","null","null","null","94.2850","2074","6.4210",530223,605446,457763,474832,605509,446334,543063,607776,491676,457705,"54.0813","null","null","null","null","null","null","null",36,"3","4-Seam Fastball",5,0,5,0,0,5,5,0,"Infield shift","Standard"
"FF","2018-05-29","93.9","-1.0410","6.0884","Dereck Rodriguez",471865,605446,"null","called_strike",,,,,"6","null","R","L","R","COL","SF","S","null","null",0,0,2018,"-0.4568","1.0321","0.7442","2.4328","null","571448.00","null",2,4,"Bot","null","null",,,457763,,"180530_020359","5.6333","-136.7740","-6.1209","-6.8298","25.2154","-18.1413","3.4590","1.6479","null","null","null","94.6350","2116","6.3020",530223,605446,457763,474832,605509,446334,543063,607776,491676,457705,"54.2001","null","null","null","null","null","null","null",36,"1","4-Seam Fastball",5,0,5,0,0,5,5,0,"Strategic","Standard"
"FF","2018-05-29","92.9","-0.7997","5.9794","Dereck Rodriguez",571448,605446,"null","ball",,,,,"14","null","R","R","R","COL","SF","B","null","null",2,1,2018,"-0.3408","1.1650","1.4293","1.6484","null","467827.00","null",2,4,"Bot","null","null",,,457763,,"180530_020109","6.5066","-135.2351","-8.0453","-5.4260","23.6616","-16.2716","3.4032","1.5981","null","null","null","94.2950","2103","6.6500",530223,605446,457763,474832,605509,446334,543063,607776,491676,457705,"53.8522","null","null","null","null","null","null","null",35,"4","4-Seam Fastball",4,0,4,0,0,4,4,0,"Strategic","Standard"
"FC","2018-05-29","89.1","-1.0865","5.8965","Dereck Rodriguez",571448,605446,"null","ball",,,,,"14","null","R","R","R","COL","SF","B","null","null",1,1,2018,"0.2880","0.6097","1.7948","1.6879","null","467827.00","null",2,4,"Bot","null","null",,,457763,,"180530_020043","6.4923","-129.8137","-5.7377","2.2463","21.2903","-24.3891","3.3598","1.6620","null","null","null","90.1430","2185","6.3850",530223,605446,457763,474832,605509,446334,543063,607776,491676,457705,"54.1170","null","null","null","null","null","null","null",35,"3","Cutter",4,0,4,0,0,4,4,0,"Strategic","Standard"
"CU","2018-05-29","74.6","-0.9187","6.0357","Dereck Rodriguez",571448,605446,"null","ball",,,,,"11","null","R","R","R","COL","SF","B","null","null",0,1,2018,"0.8119","-1.0937","-0.9756","3.5396","null","467827.00","null",2,4,"Bot","null","null",,,457763,,"180530_020015","-1.5394","-108.6777","3.8865","6.7122","16.7306","-41.6867","3.2527","1.6406","null","null","null","75.0440","2647","6.2850",530223,605446,457763,474832,605509,446334,543063,607776,491676,457705,"54.2165","null","null","null","null","null","null","null",35,"2","Curveball",4,0,4,0,0,4,4,0,"Strategic","Standard"
"FC","2018-05-29","89.1","-1.0773","6.0085","Dereck Rodriguez",571448,605446,"null","called_strike",,,,,"14","null","R","R","R","COL","SF","S","null","null",0,0,2018,"0.1816","0.5309","0.9026","2.4293","null","467827.00","null",2,4,"Bot","null","null",,,457763,,"180530_015951","4.4835","-129.9109","-4.0155","1.3492","21.0706","-25.6245","3.4434","1.7696","null","null","null","89.8880","2200","6.1690",530223,605446,457763,474832,605509,446334,543063,607776,491676,457705,"54.3327","null","null","null","null","null","null","null",35,"1","Cutter",4,0,4,0,0,4,4,0,"Standard","Standard"
"CU","2018-05-29","76.8","-0.8541","6.0349","Dereck Rodriguez",467827,605446,"null","ball",,,,,"14","null","R","L","R","COL","SF","B","null","null",0,0,2018,"1.0187","-0.4804","2.0195","1.6057","453568.00","null","null",2,4,"Bot","null","null",,,457763,,"180530_015831","4.2463","-111.7999","-1.5988","7.8384","17.9482","-36.1402","3.1320","1.4945","null","null","null","76.8360","2606","6.0520",530223,605446,457763,474832,605509,446334,543063,607776,491676,457705,"54.4502","null","null","null","null","null","null","null",34,"1","Curveball",3,0,3,0,0,3,3,0,"Standard","Standard"
"CH","2018-05-29","86.6","-1.0983","5.9741","Dereck Rodriguez",607536,605446,"null","ball",,,,,"14","null","R","L","R","COL","SF","B","null","null",0,1,2018,"-0.9535","0.6706","0.9184","0.4950","null","null","null",2,4,"Bot","null","null",,,457763,,"180530_015607","6.8517","-126.0176","-8.4557","-11.5826","20.4269","-23.5925","3.3471","1.5873","null","null","null","88.1150","2032","6.7920",530223,605446,457763,474832,605509,446334,543063,607776,491676,457705,"53.7100","null","null","null","null","null","null","null",32,"2","Changeup",2,0,2,0,0,2,2,0,"Standard","Standard"
"FF","2018-05-29","91.4","-1.2108","6.0254","Dereck Rodriguez",607536,605446,"null","called_strike",,,,,"8","null","R","L","R","COL","SF","S","null","null",0,0,2018,"-0.3315","1.3403","0.2278","1.5347","null","null","null",2,4,"Bot","null","null",,,457763,,"180530_015554","4.3631","-133.0083","-8.4678","-4.7918","23.8354","-14.6169","3.4763","1.5877","null","null","null","92.4460","2358","6.5480",530223,605446,457763,474832,605509,446334,543063,607776,491676,457705,"53.9541","null","null","null","null","null","null","null",32,"1","4-Seam Fastball",2,0,2,0,0,2,2,0,"Standard","Standard"
"CH","2018-05-29","87.0","-0.9005","6.0065","Dereck Rodriguez",455104,605446,"null","ball",,,,,"14","null","R","R","R","COL","SF","B","null","null",1,2,2018,"-0.7834","0.7210","0.4634","1.0009","null","null","null",1,4,"Bot","null","null",,,457763,,"180530_015510","4.9075","-126.7148","-7.4926","-9.4058","19.9501","-23.2075","3.3209","1.5675","null","null","null","88.2590","2019","6.5230",530223,605446,457763,474832,605509,446334,543063,607776,491676,457705,"53.9793","null","null","null","null","null","null","null",31,"4","Changeup",2,0,2,0,0,2,2,0,"Standard","Standard"
"FF","2018-05-29","95.1","-1.2476","6.0520","Dereck Rodriguez",455104,605446,"null","ball",,,,,"11","null","R","R","R","COL","SF","B","null","null",0,2,2018,"-0.2879","1.1987","-0.3294","3.8463","null","null","null",1,4,"Bot","null","null",,,457763,,"180530_015456","3.0222","-138.5774","-2.8527","-4.2661","26.2470","-16.4579","3.3424","1.5890","null","null","null","95.1610","2236","5.9120",530223,605446,457763,474832,605509,446334,543063,607776,491676,457705,"54.5899","null","null","null","null","null","null","null",31,"3","4-Seam Fastball",2,0,2,0,0,2,2,0,"Standard","Standard"
"CU","2018-05-29","73.7","-0.8826","6.1458","Dereck Rodriguez",455104,605446,"null","called_strike",,,,,"6","null","R","R","R","COL","SF","S","null","null",0,0,2018,"1.2123","-0.8601","0.3517","2.6969","null","null","null",1,4,"Bot","null","null",,,457763,,"180530_015424","0.4309","-107.3167","1.7273","9.1694","18.4911","-39.2635","3.2781","1.5575","null","null","null","73.3290","2667","5.9650",530223,605446,457763,474832,605509,446334,543063,607776,491676,457705,"54.5367","null","null","null","null","null","null","null",31,"1","Curveball",2,0,2,0,0,2,2,0,"Standard","Standard"
"FF","2018-05-29","93.8","-1.4185","6.0848","Dereck Rodriguez",641857,605446,"null","ball",,,,,"11","null","R","L","R","COL","SF","B","null","null",0,2,2018,"-0.1780","1.3057","-0.2027","4.7065","null","null","null",0,4,"Bot","null","null",,,457763,,"180530_015336","3.5067","-136.6859","-0.7554","-2.8835","26.0018","-15.9746","3.6240","1.6396","null","null","null","93.7580","2149","5.8850",530223,605446,457763,474832,605509,446334,543063,607776,491676,457705,"54.6173","null","null","null","null","null","null","null",30,"3","4-Seam Fastball",2,0,2,0,0,2,2,0,"Standard","Standard"
"FF","2018-05-29","93.0","-1.3207","6.1179","Dereck Rodriguez",641857,605446,"null","called_strike",,,,,"1","null","R","L","R","COL","SF","S","null","null",0,1,2018,"-0.1525","1.3849","-0.7726","3.1799","null","null","null",0,4,"Bot","null","null",,,457763,,"180530_015319","1.7244","-135.4344","-4.7942","-2.1979","25.9289","-14.4951","3.5597","1.6824","null","null","null","92.9900","2162","5.9680",530223,605446,457763,474832,605509,446334,543063,607776,491676,457705,"54.5337","null","null","null","null","null","null","null",30,"2","4-Seam Fastball",2,0,2,0,0,2,2,0,"Standard","Standard"
"FF","2018-05-29","92.7","1.9127","5.3513","Kyle Freeland",446334,607536,"null","called_strike",,,,,"6","null","R","R","L","COL","SF","S","null","null",0,0,2018,"0.5403","0.9122","0.3835","2.4491","null","null","457705.00",1,4,"Top","null","null",,,455104,,"180530_014905","-5.1106","-135.1056","-3.7136","7.6740","25.9098","-20.3469","3.7532","1.7384","null","null","null","93.5390","2486","6.4340",530223,607536,455104,435622,641857,571448,596115,467827,453568,471865,"54.0681","null","null","null","null","null","null","null",28,"1","4-Seam Fastball",2,0,0,2,0,2,0,2,"Standard","Standard"
"FF","2018-05-29","92.1","1.8224","5.4519","Kyle Freeland",457705,607536,"null","called_strike",,,,,"4","null","R","R","L","COL","SF","S","null","null",0,0,2018,"0.6955","0.8227","-0.5059","2.2784","null","null","null",1,4,"Top","null","null",,,455104,,"180530_014805","-7.4646","-134.0680","-4.1277","9.8976","24.3579","-21.4939","3.4590","1.6593","null","null","null","93.1490","2409","6.5390",530223,607536,455104,435622,641857,571448,596115,467827,453568,471865,"53.9627","null","null","null","null","null","null","null",27,"1","4-Seam Fastball",2,0,0,2,0,2,0,2,"Standard","Standard"
"FF","2018-05-29","91.8","1.6072","5.5152","Kyle Freeland",457763,607536,"null","ball",,,,,"13","null","R","R","L","COL","SF","B","null","null",0,1,2018,"0.4488","0.6459","-1.4104","2.0894","null","null","null",0,4,"Top","null","null",,,455104,,"180530_014711","-8.6735","-133.5183","-4.3168","7.1106","25.1502","-23.6512","3.4831","1.6607","null","null","null","92.8580","2431","6.6680",530223,607536,455104,435622,641857,571448,596115,467827,453568,471865,"53.8335","null","null","null","null","null","null","null",26,"2","4-Seam Fastball",2,0,0,2,0,2,0,2,"Standard","Standard"
"FF","2018-05-29","95.4","-0.8853","6.0042","Dereck Rodriguez",435622,605446,"strikeout","called_strike",,,,,"9","Ian Desmond called out on strikes.  ","R","R","R","COL","SF","S",2,"null",3,2,2018,"-0.2058","0.8714","0.7875","1.8740","null","571448.00","596115.00",2,3,"Bot","null","null",,,457763,,"180530_014430","4.8898","-138.9541","-7.3911","-3.5259","22.3780","-19.5341","3.4744","1.6345","null","null","null","97.0080","2136","6.5360",530223,605446,457763,474832,605509,446334,543063,607776,491676,457705,"53.9655","null","null","0.00",1,0,0,"null",25,"8","4-Seam Fastball",2,0,2,0,0,2,2,0,"Standard","Strategic"
"CH","2018-05-29","86.9","-0.9148","6.0490","Dereck Rodriguez",435622,605446,"null","ball",,,,,"13","null","R","R","R","COL","SF","B","null","null",2,2,2018,"-0.9502","0.6973","-0.2381","0.8916","null","571448.00","596115.00",2,3,"Bot","null","null",,,457763,,"180530_014403","3.6083","-126.4658","-7.7328","-11.0371","22.6601","-23.3395","3.4342","1.6459","null","null","null","87.8930","1981","6.6390",530223,605446,457763,474832,605509,446334,543063,607776,491676,457705,"53.8626","null","null","null","null","null","null","null",25,"7","Changeup",2,0,2,0,0,2,2,0,"Standard","Strategic"
"FF","2018-05-29","93.4","-0.9711","6.0894","Dereck Rodriguez",435622,605446,"null","ball",,,,,"11","null","R","R","R","COL","SF","B","null","null",1,2,2018,"-0.3005","1.1330","-1.2441","2.9589","null","571448.00","596115.00",2,3,"Bot","null","null",,,457763,,"180530_014342","-0.0445","-136.0663","-4.8691","-3.7444","26.4575","-17.2683","3.4127","1.6030","null","null","null","93.9150","2269","6.2780",530223,605446,457763,474832,605509,446334,543063,607776,491676,457705,"54.2239","null","null","null","null","null","null","null",25,"6","4-Seam Fastball",2,0,2,0,0,2,2,0,"Standard","Strategic"
"FF","2018-05-29","93.3","-1.0778","6.1030","Dereck Rodriguez",596115,605446,"walk","ball",,,,,"14","Trevor Story walks.   Nolan Arenado to 2nd.  ","R","R","R","COL","SF","B","null","null",3,0,2018,"-0.4004","0.9048","1.3699","2.2788","null","null","571448.00",2,3,"Bot","null","null",,,457763,,"180530_014107","7.1801","-135.7684","-6.1905","-6.2448","22.8617","-19.9179","3.5032","1.5863","null","null","null","94.2740","2173","6.3520",530223,605446,457763,474832,605509,446334,543063,607776,491676,457705,"54.1503","null","null","0.70",1,0,0,"null",24,"4","4-Seam Fastball",2,0,2,0,0,2,2,0,"Infield shift","Standard"
"FC","2018-05-29","89.1","-1.1750","6.0055","Dereck Rodriguez",596115,605446,"null","ball",,,,,"14","null","R","R","R","COL","SF","B","null","null",2,0,2018,"0.2772","0.4504","0.8744","1.9549","null","null","571448.00",2,3,"Bot","null","null",,,457763,,"180530_014047","4.4636","-129.9111","-5.0110","2.4392","21.5714","-26.3470","3.4604","1.5863","null","null","null","90.0390","2177","6.3010",530223,605446,457763,474832,605509,446334,543063,607776,491676,457705,"54.2012","null","null","null","null","null","null","null",24,"3","Cutter",2,0,2,0,0,2,2,0,"Infield shift","Standard"
"FC","2018-05-29","89.6","-0.9973","6.0295","Dereck Rodriguez",596115,605446,"null","ball",,,,,"14","null","R","R","R","COL","SF","B","null","null",1,0,2018,"0.1076","0.4454","1.8242","2.3595","null","null","571448.00",2,3,"Bot","null","null",,,457763,,"180530_014018","6.7522","-130.4978","-4.1573","0.1758","20.7667","-26.5016","3.4604","1.6292","null","null","null","90.6130","2179","6.3230",530223,605446,457763,474832,605509,446334,543063,607776,491676,457705,"54.1788","null","null","null","null","null","null","null",24,"2","Cutter",2,0,2,0,0,2,2,0,"Infield shift","Standard"
"FT","2018-05-29","91.5","-0.9614","6.1605","Dereck Rodriguez",596115,605446,"null","ball",,,,,"11","null","R","R","R","COL","SF","B","null","null",0,0,2018,"-0.7548","0.9931","-1.1615","2.7899","null","null","571448.00",2,3,"Bot","null","null",,,457763,,"180530_013957","1.1214","-133.4507","-4.9170","-9.3426","22.9906","-19.4602","3.5246","1.6721","null","null","null","92.5470","2177","6.3500",530223,605446,457763,474832,605509,446334,543063,607776,491676,457705,"54.1516","null","null","null","null","null","null","null",24,"1","2-Seam Fastball",2,0,2,0,0,2,2,0,"Infield shift","Standard"
"FF","2018-05-29","95.5","-1.0133","6.0671","Dereck Rodriguez",571448,605446,"null","ball",,,,,"12","null","R","R","R","COL","SF","B","null","null",0,2,2018,"-0.3550","1.0830","1.0399","3.6139","null","null","null",1,3,"Bot","null","null",,,457763,,"180530_013717","6.2127","-139.1248","-3.4047","-5.7485","23.7239","-17.4533","3.3384","1.7049","null","null","null","96.6150","2217","6.3380",530223,605446,457763,474832,605509,446334,543063,607776,491676,457705,"54.1639","null","null","null","null","null","null","null",22,"3","4-Seam Fastball",2,0,2,0,0,2,2,0,"Strategic","Standard"
"FF","2018-05-29","90.5","-1.3733","6.0932","Dereck Rodriguez",571448,605446,"null","called_strike",,,,,"14","null","R","R","R","COL","SF","S","null","null",0,0,2018,"-0.0101","0.6571","1.0533","2.1281","null","null","null",1,3,"Bot","null","null",,,457763,,"180530_013643","6.0606","-131.7230","-5.4429","-1.1553","22.5270","-23.7182","3.4006","1.6624","null","null","null","91.0150","2232","6.1600",530223,605446,457763,474832,605509,446334,543063,607776,491676,457705,"54.3423","null","null","null","null","null","null","null",22,"1","4-Seam Fastball",2,0,2,0,0,2,2,0,"Infield shift","Standard"
"FF","2018-05-29","91.6","-1.3847","6.1684","Dereck Rodriguez",467827,605446,"null","ball",,,,,"11","null","R","L","R","COL","SF","B","null","null",0,0,2018,"-0.4618","0.9582","-1.3921","2.6168","null","null","null",0,3,"Bot","null","null",,,457763,,"180530_013546","0.9497","-133.3756","-5.1901","-5.6528","24.0364","-20.0662","3.3035","1.4945","null","null","null","91.5360","2046","5.8590",530223,605446,457763,474832,605509,446334,543063,607776,491676,457705,"54.6427","null","null","null","null","null","null","null",21,"1","4-Seam Fastball",2,0,2,0,0,2,2,0,"Standard","Standard"
"SL","2018-05-29","83.1","2.1497","5.1535","Kyle Freeland",491676,607536,"null","ball",,,,,"12","null","R","R","L","COL","SF","B","null","null",2,2,2018,"-0.3636","0.1521","1.7476","3.2645","null","null","null",2,3,"Top","null","null",,,455104,,"180530_013252","-0.2155","-121.1983","1.6869","-3.5861","18.7585","-31.0965","3.2820","1.6043","null","null","null","83.8670","2228","6.2120",530223,607536,455104,435622,641857,571448,596115,467827,453568,471865,"54.2898","null","null","null","null","null","null","null",20,"6","Slider",2,0,0,2,0,2,0,2,"Standard","Standard"
"SL","2018-05-29","85.8","1.6730","5.3502","Kyle Freeland",491676,607536,"null","ball",,,,,"9","null","R","R","L","COL","SF","B","null","null",1,2,2018,"-0.3303","0.1006","0.6706","1.9638","null","null","null",2,3,"Top","null","null",,,455104,,"180530_013226","-1.7122","-125.1915","-2.1233","-3.2724","19.7617","-30.9235","3.2826","1.4985","null","null","null","87.0630","2161","6.4630",530223,607536,455104,435622,641857,571448,596115,467827,453568,471865,"54.0390","null","null","null","null","null","null","null",20,"5","Slider",2,0,0,2,0,2,0,2,"Standard","Standard"
"SL","2018-05-29","83.7","2.0549","5.2536","Kyle Freeland",491676,607536,"null","called_strike",,,,,"14","null","R","R","L","COL","SF","S","null","null",1,0,2018,"-0.4711","0.0697","0.9554","1.6665","null","null","null",2,3,"Top","null","null",,,455104,,"180530_013113","-1.6121","-121.9294","-2.0042","-4.3484","24.0845","-31.3125","3.3691","1.6043","null","null","null","83.5980","2147","6.1740",530223,607536,455104,435622,641857,571448,596115,467827,453568,471865,"54.3277","null","null","null","null","null","null","null",20,"2","Slider",2,0,0,2,0,2,0,2,"Standard","Standard"
"CH","2018-05-29","86.2","1.8772","5.4610","Kyle Freeland",491676,607536,"null","ball",,,,,"12","null","R","R","L","COL","SF","B","null","null",0,0,2018,"0.6662","0.5543","1.3854","2.5579","null","null","null",2,3,"Top","null","null",,,455104,,"180530_013056","-2.5142","-125.6507","-1.8635","7.5350","23.0542","-26.1471","3.3035","1.5400","null","null","null","86.5770","1376","6.2270",530223,607536,455104,435622,641857,571448,596115,467827,453568,471865,"54.2753","null","null","null","null","null","null","null",20,"1","Changeup",2,0,0,2,0,2,0,2,"Standard","Standard"
"FF","2018-05-29","91.9","1.6287","5.3914","Kyle Freeland",605446,607536,"strikeout","called_strike",,,,,"7","Dereck Rodriguez called out on strikes.  ","R","R","L","COL","SF","S",2,"null",2,2,2018,"0.4525","0.6704","-0.7301","1.9112","null","null","null",1,3,"Top","null","null",,,455104,,"180530_013021","-6.9994","-133.9167","-4.5827","6.7576","22.8616","-23.3140","3.5677","1.6797","null","null","null","93.2080","2322","6.5260",530223,607536,455104,435622,641857,571448,596115,467827,453568,471865,"53.9755","null","null","0.00",1,0,0,"null",19,"5","4-Seam Fastball",2,0,0,2,0,2,0,2,"Standard","Standard"
"FF","2018-05-29","91.3","1.9599","5.3897","Kyle Freeland",605446,607536,"null","ball",,,,,"12","null","R","R","L","COL","SF","B","null","null",1,2,2018,"0.4542","0.6826","1.1849","2.7213","null","null","null",1,3,"Top","null","null",,,455104,,"180530_013006","-2.9574","-133.2304","-2.4906","6.0330","21.7272","-23.5799","3.6106","1.7012","null","null","null","92.9470","2387","6.5850",530223,607536,455104,435622,641857,571448,596115,467827,453568,471865,"53.9169","null","null","null","null","null","null","null",19,"4","4-Seam Fastball",2,0,0,2,0,2,0,2,"Standard","Standard"
"SL","2018-05-29","86.7","1.8613","5.3790","Kyle Freeland",605446,607536,"null","ball",,,,,"14","null","R","R","L","COL","SF","B","null","null",0,2,2018,"-0.2030","0.1533","0.8855","1.9894","null","null","null",1,3,"Top","null","null",,,455104,,"180530_012945","-1.9255","-126.5431","-2.4039","-1.9201","19.3860","-30.2961","3.5677","1.6369","null","null","null","87.8250","2332","6.2850",530223,607536,455104,435622,641857,571448,596115,467827,453568,471865,"54.2168","null","null","null","null","null","null","null",19,"3","Slider",2,0,0,2,0,2,0,2,"Standard","Standard"
"FT","2018-05-29","91.6","1.8879","5.3524","Kyle Freeland",605446,607536,"null","called_strike",,,,,"9","null","R","R","L","COL","SF","S","null","null",0,0,2018,"0.6333","0.5622","0.4420","1.8583","null","null","null",1,3,"Top","null","null",,,455104,,"180530_012910","-5.0378","-133.5615","-4.3303","8.5646","22.4860","-24.7603","3.5463","1.7226","null","null","null","92.7980","2305","6.4120",530223,607536,455104,435622,641857,571448,596115,467827,453568,471865,"54.0898","null","null","null","null","null","null","null",19,"1","2-Seam Fastball",2,0,0,2,0,2,0,2,"Standard","Standard"
"SL","2018-05-29","90.4","1.9421","5.4258","Kyle Freeland",605509,607536,"null","ball",,,,,"12","null","R","R","L","COL","SF","B","null","null",1,1,2018,"-0.0353","0.6051","0.6283","3.7356","null","null","null",0,3,"Top","null","null",,,455104,,"180530_012650","-3.2082","-131.7562","0.3332","0.1508","23.2875","-25.2729","3.3170","1.5890","null","null","null","91.2860","2285","6.3670",530223,607536,455104,435622,641857,571448,596115,467827,453568,471865,"54.1350","null","null","null","null","null","null","null",18,"3","Slider",2,0,0,2,0,2,0,2,"Standard","Standard"
"CU","2018-05-29","78.1","2.2015","5.3028","Kyle Freeland",605509,607536,"null","ball",,,,,"12","null","R","R","L","COL","SF","B","null","null",0,1,2018,"-0.2752","-0.0647","2.3819","2.8411","null","null","null",0,3,"Top","null","null",,,455104,,"180530_012635","0.8823","-113.7249","1.5893","-2.5204","18.1357","-33.1903","3.3170","1.6318","null","null","null","78.1330","2210","5.9870",530223,607536,455104,435622,641857,571448,596115,467827,453568,471865,"54.5147","null","null","null","null","null","null","null",18,"2","Curveball",2,0,0,2,0,2,0,2,"Standard","Standard"
"FF","2018-05-29","94.6","-1.2366","6.0551","Dereck Rodriguez",453568,605446,"null","called_strike",,,,,"4","null","R","L","R","COL","SF","S","null","null",0,1,2018,"-0.3097","1.3089","-0.4689","2.2181","null","455104.00","null",2,2,"Bot","null","null",,,457763,,"180530_012321","2.6765","-137.8150","-7.3212","-4.4384","23.8926","-14.2824","3.3598","1.5688","null","null","null","95.2210","2203","6.1040",530223,605446,457763,474832,605509,446334,543063,607776,491676,457705,"54.3982","null","null","null","null","null","null","null",17,"2","4-Seam Fastball",2,0,2,0,0,2,2,0,"Standard","Strategic"
"CU","2018-05-29","76.2","-1.1791","6.0923","Dereck Rodriguez",453568,605446,"null","called_strike",,,,,"1","null","R","L","R","COL","SF","S","null","null",0,0,2018,"0.9746","-0.5188","-0.6279","2.7674","null","455104.00","null",2,2,"Bot","null","null",,,457763,,"180530_012259","-0.5788","-111.0583","0.8940","8.1774","17.7142","-36.8190","3.2741","1.5903","null","null","null","76.5320","2759","6.2000",530223,605446,457763,474832,605509,446334,543063,607776,491676,457705,"54.3017","null","null","null","null","null","null","null",17,"1","Curveball",2,0,2,0,0,2,2,0,"Strategic","Strategic"
"FF","2018-05-29","92.0","-1.2811","6.1003","Dereck Rodriguez",607536,605446,"null","ball",,,,,"13","null","R","L","R","COL","SF","B","null","null",0,2,2018,"-0.2385","1.2376","-1.1202","2.3060","null","455104.00","null",1,2,"Bot","null","null",,,457763,,"180530_012200","0.9166","-134.0650","-6.5227","-3.0503","24.4257","-16.2196","3.3900","1.6731","null","null","null","92.3840","2064","6.0940",530223,605446,457763,474832,605509,446334,543063,607776,491676,457705,"54.4081","null","null","null","null","null","null","null",16,"3","4-Seam Fastball",2,0,2,0,0,2,2,0,"Standard","Standard"
"FC","2018-05-29","88.5","-1.1170","6.0174","Dereck Rodriguez",455104,605446,"null","ball",,,,,"12","null","R","R","R","COL","SF","B","null","null",1,2,2018,"0.3455","0.2996","1.7633","3.1878","null","null","null",1,2,"Bot","null","null",,,457763,,"180530_012020","6.2947","-128.9313","-1.5663","2.7987","21.8220","-28.7455","3.3209","1.5890","null","null","null","88.8790","2261","6.0510",530223,605446,457763,474832,605509,446334,543063,607776,491676,457705,"54.4505","null","null","null","null","null","null","null",15,"4","Cutter",2,0,2,0,0,2,2,0,"Standard","Standard"
"FF","2018-05-29","93.9","-1.2951","6.1004","Dereck Rodriguez",455104,605446,"null","ball",,,,,"12","null","R","R","R","COL","SF","B","null","null",0,1,2018,"-0.5472","1.1554","0.2412","3.5545","null","null","null",1,2,"Bot","null","null",,,457763,,"180530_011947","5.1653","-136.7983","-3.5186","-7.8265","23.8752","-17.1150","3.3209","1.5246","null","null","null","94.5550","2354","6.1480",530223,605446,457763,474832,605509,446334,543063,607776,491676,457705,"54.3533","null","null","null","null","null","null","null",15,"2","4-Seam Fastball",2,0,2,0,0,2,2,0,"Standard","Standard"
"FF","2018-05-29","95.2","-1.2627","6.0831","Dereck Rodriguez",641857,605446,"null","ball",,,,,"12","null","R","L","R","COL","SF","B","null","null",2,2,2018,"-0.1561","1.2515","1.4519","2.9804","null","null","null",0,2,"Bot","null","null",,,457763,,"180530_011843","7.4696","-138.6376","-5.3984","-3.3770","24.9383","-15.0736","3.5812","1.7253","null","null","null","95.9430","2226","6.2440",530223,605446,457763,474832,605509,446334,543063,607776,491676,457705,"54.2575","null","null","null","null","null","null","null",14,"7","4-Seam Fastball",2,0,2,0,0,2,2,0,"Standard","Strategic"
"CU","2018-05-29","74.7","-0.9486","6.1324","Dereck Rodriguez",641857,605446,"null","ball",,,,,"11","null","R","L","R","COL","SF","B","null","null",1,2,2018,"0.5966","-0.9697","-2.0366","4.5371","null","null","null",0,2,"Bot","null","null",,,457763,,"180530_011802","-3.2673","-108.5836","5.4794","5.2212","15.9769","-40.8741","3.5597","1.7253","null","null","null","74.9080","2516","6.1490",530223,605446,457763,474832,605509,446334,543063,607776,491676,457705,"54.3524","null","null","null","null","null","null","null",14,"5","Curveball",2,0,2,0,0,2,2,0,"Standard","Standard"
"FF","2018-05-29","93.8","-1.4709","6.1244","Dereck Rodriguez",641857,605446,"null","ball",,,,,"13","null","R","L","R","COL","SF","B","null","null",0,2,2018,"-0.4671","1.0292","-2.0028","2.4500","null","null","null",0,2,"Bot","null","null",,,457763,,"180530_011746","-0.3509","-136.7336","-6.1654","-5.8601","24.0431","-18.2162","3.6240","1.7253","null","null","null","94.6450","2017","6.2400",530223,605446,457763,474832,605509,446334,543063,607776,491676,457705,"54.2615","null","null","null","null","null","null","null",14,"4","4-Seam Fastball",2,0,2,0,0,2,2,0,"Standard","Standard"
"CH","2018-05-29","85.2","-1.3325","6.2460","Dereck Rodriguez",641857,605446,"null","called_strike",,,,,"1","null","R","L","R","COL","SF","S","null","null",0,1,2018,"-0.8826","0.8214","-0.2988","2.9870","null","null","null",0,2,"Bot","null","null",,,457763,,"180530_011713","4.1978","-124.1202","-3.1192","-9.9174","20.2241","-23.2493","3.6026","1.6181","null","null","null","85.9680","2022","6.3110",530223,605446,457763,474832,605509,446334,543063,607776,491676,457705,"54.1913","null","null","null","null","null","null","null",14,"2","Changeup",2,0,2,0,0,2,2,0,"Standard","Strategic"
"FF","2018-05-29","90.1","2.0824","5.3822","Kyle Freeland",607776,607536,"null","called_strike",,,,,"8","null","R","R","L","COL","SF","S","null","null",2,1,2018,"0.2756","0.8784","0.2553","1.5607","null","null","474832.00",0,2,"Top","null","null",,,455104,,"180530_010821","-5.1348","-131.3248","-5.5506","4.0778","21.3547","-21.0989","3.5921","1.5753","null","null","null","91.1960","2401","6.3530",530223,607536,455104,435622,641857,571448,596115,467827,453568,471865,"54.1488","null","null","null","null","null","null","null",12,"4","4-Seam Fastball",2,0,0,2,0,2,0,2,"Standard","Standard"
"FF","2018-05-29","91.5","1.9266","5.4386","Kyle Freeland",607776,607536,"null","called_strike",,,,,"6","null","R","R","L","COL","SF","S","null","null",2,0,2018,"0.3707","0.9304","0.6642","2.4599","null","null","474832.00",0,2,"Top","null","null",,,455104,,"180530_010801","-3.9954","-133.4906","-3.8207","5.1588","21.5617","-20.3900","3.5273","1.6392","null","null","null","92.7690","2450","6.3560",530223,607536,455104,435622,641857,571448,596115,467827,453568,471865,"54.1460","null","null","null","null","null","null","null",12,"3","4-Seam Fastball",2,0,0,2,0,2,0,2,"Standard","Standard"
"FF","2018-05-29","91.8","1.6522","5.6815","Kyle Freeland",607776,607536,"null","ball",,,,,"11","null","R","R","L","COL","SF","B","null","null",1,0,2018,"0.4476","0.9680","-1.5215","2.9074","null","null","474832.00",0,2,"Top","null","null",,,455104,,"180530_010739","-9.0407","-133.6342","-3.3996","7.0127","22.7304","-19.9201","3.5688","1.7149","null","null","null","92.9750","2401","6.5030",530223,607536,455104,435622,641857,571448,596115,467827,453568,471865,"53.9993","null","null","null","null","null","null","null",12,"2","4-Seam Fastball",2,0,0,2,0,2,0,2,"Standard","Standard"
"FT","2018-05-29","90.3","1.9749","5.4819","Kyle Freeland",607776,607536,"null","ball",,,,,"14","null","R","R","L","COL","SF","B","null","null",0,0,2018,"0.7929","0.4955","1.1274","2.5090","null","null","474832.00",0,2,"Top","null","null",,,455104,,"180530_010718","-3.8102","-131.6676","-2.6285","10.0234","23.4077","-26.0445","3.6974","1.7578","null","null","null","91.2510","2346","6.3950",530223,607536,455104,435622,641857,571448,596115,467827,453568,471865,"54.1069","null","null","null","null","null","null","null",12,"1","2-Seam Fastball",2,0,0,2,0,2,0,2,"Strategic","Standard"
"FT","2018-05-29","90.4","1.9896","5.4405","Kyle Freeland",474832,607536,"null","ball",,,,,"14","null","R","L","L","COL","SF","B","null","null",1,1,2018,"0.6704","0.5589","1.3113","2.3023","null","null","null",0,2,"Top","null","null",,,455104,,"180530_010616","-3.1200","-131.9073","-3.2523","8.4549","20.4997","-25.1831","3.1220","1.6091","null","null","null","91.6700","2317","6.3140",530223,607536,455104,435622,641857,571448,596115,467827,453568,471865,"54.1876","null","null","null","null","null","null","null",11,"3","2-Seam Fastball",2,0,0,2,0,2,0,2,"Infield shift","Standard"
"SL","2018-05-29","86.5","1.7523","5.5152","Kyle Freeland",474832,607536,"null","ball",,,,,"11","null","R","L","L","COL","SF","B","null","null",0,1,2018,"-0.2535","0.4410","-1.3931","2.5251","null","null","null",0,2,"Top","null","null",,,455104,,"180530_010600","-6.9922","-126.0005","-1.9240","-1.5379","21.4179","-27.2858","3.1648","1.6305","null","null","null","87.1600","2207","6.2910",530223,607536,455104,435622,641857,571448,596115,467827,453568,471865,"54.2111","null","null","null","null","null","null","null",11,"2","Slider",2,0,0,2,0,2,0,2,"Infield shift","Standard"
"FF","2018-05-29","91.1","1.8159","5.5275","Kyle Freeland",474832,607536,"null","called_strike",,,,,"11","null","R","L","L","COL","SF","S","null","null",0,0,2018,"0.4211","0.8817","-0.8989","3.1330","null","null","null",0,2,"Top","null","null",,,455104,,"180530_010545","-7.7572","-132.6750","-2.1795","6.3018","20.5968","-21.3115","3.2934","1.6734","null","null","null","92.5200","2440","6.4900",530223,607536,455104,435622,641857,571448,596115,467827,453568,471865,"54.0117","null","null","null","null","null","null","null",11,"1","4-Seam Fastball",2,0,0,2,0,2,0,2,"Infield shift","Standard"
"FT","2018-05-29","92.5","-2.6488","5.9990","Jeff Samardzija",435622,502188,"null","ball",,,,,"11","null","R","R","R","COL","SF","B","null","null",1,0,2018,"-0.8701","0.9494","-0.9837","3.7588","596115.00","null","null",2,1,"Bot","null","null",,,457763,,"180530_010256","6.1075","-134.6070","-2.0168","-11.7611","25.6998","-20.4267","3.4770","1.6673","null","null","null","92.7170","2337","6.1510",530223,502188,457763,474832,605509,446334,543063,607776,491676,457705,"54.3513","null","null","null","null","null","null","null",10,"2","2-Seam Fastball",2,0,2,0,0,2,2,0,"Strategic","Standard"
"SL","2018-05-29","88.1","-2.6593","6.2181","Jeff Samardzija",471865,502188,"null","ball",,,,,"13","null","R","L","R","COL","SF","B","null","null",1,2,2018,"-0.6577","0.5121","-0.5756","1.2427","null","467827.00","null",1,1,"Bot","null","null",,,457763,,"180530_010027","6.3614","-128.1230","-7.1196","-8.2752","20.0638","-25.5690","3.5119","1.6794","null","null","null","88.4210","2477","5.9910",530223,502188,457763,474832,605509,446334,543063,607776,491676,457705,"54.5104","null","null","null","null","null","null","null",8,"6","Slider",1,0,1,0,0,1,1,0,"Strategic","Standard"
"FF","2018-05-29","91.2","-2.5045","6.1618","Jeff Samardzija",471865,502188,"null","ball",,,,,"12","null","R","L","R","COL","SF","B","null","null",0,2,2018,"-0.9024","0.9803","0.5787","3.7378","null","467827.00","null",1,1,"Bot","null","null",,,457763,,"180530_005900","9.6606","-132.6548","-2.4181","-12.3696","21.5682","-20.2183","3.5334","1.7009","null","null","null","91.9580","2268","6.2400",530223,502188,457763,474832,605509,446334,543063,607776,491676,457705,"54.2615","null","null","null","null","null","null","null",8,"3","4-Seam Fastball",1,0,1,0,0,1,1,0,"Strategic","Standard"
"FF","2018-05-29","90.8","-2.5989","6.1015","Jeff Samardzija",471865,502188,"null","called_strike",,,,,"12","null","R","L","R","COL","SF","S","null","null",0,0,2018,"-0.9126","1.0468","0.9553","3.3888","null","467827.00","null",1,1,"Bot","null","null",,,457763,,"180530_005758","10.7421","-131.8777","-3.1600","-12.4750","21.8259","-19.5609","3.5662","1.7337","null","null","null","90.9960","2360","6.0260",530223,502188,457763,474832,605509,446334,543063,607776,491676,457705,"54.4761","null","null","null","null","null","null","null",8,"1","4-Seam Fastball",1,0,1,0,0,1,1,0,"Strategic","Strategic"
"FS","2018-05-29","79.5","-2.6623","6.0473","Jeff Samardzija",453568,502188,"null","ball",,,,,"14","null","R","L","R","COL","SF","B","null","null",1,1,2018,"-0.7820","0.3536","0.6823","-0.2125","null","null","null",0,1,"Bot","null","null",,,457763,,"180530_005113","8.5685","-115.2810","-7.5451","-8.1199","17.0508","-28.1675","3.3498","1.5159","null","null","null","78.6440","1531","5.4340",530223,502188,457763,474832,605509,446334,543063,607776,491676,457705,"55.0681","null","null","null","null","null","null","null",5,"3","Split Finger",0,0,0,0,0,0,0,0,"Standard","Standard"
"SL","2018-05-29","86.5","-2.4993","6.0186","Jeff Samardzija",453568,502188,"null","ball",,,,,"14","null","R","L","R","COL","SF","B","null","null",0,0,2018,"-0.9174","0.9119","0.3307","1.4259","null","null","null",0,1,"Bot","null","null",,,457763,,"180530_005034","8.4688","-125.6812","-6.6038","-10.9876","19.2403","-21.7162","3.3926","1.5588","null","null","null","86.3740","2259","5.7560",530223,502188,457763,474832,605509,446334,543063,607776,491676,457705,"54.7458","null","null","null","null","null","null","null",5,"1","Slider",0,0,0,0,0,0,0,0,"Standard","Standard"
"FF","2018-05-29","91.8","1.7995","5.5889","Kyle Freeland",446334,607536,"null","called_strike",,,,,"9","null","R","R","L","COL","SF","S","null","null",0,0,2018,"0.3678","0.7798","0.6676","2.3089","null","null","457705.00",2,1,"Top","null","null",,,455104,,"180530_004747","-3.6714","-133.7481","-4.2354","5.1505","24.9904","-22.1001","3.6890","1.8242","null","null","null","92.5970","2190","6.4010",530223,607536,455104,435622,641857,571448,596115,467827,453568,471865,"54.1005","null","null","null","null","null","null","null",4,"1","4-Seam Fastball",0,0,0,0,0,0,0,0,"Standard","Standard"
"FF","2018-05-29","91.2","1.9518","5.4271","Kyle Freeland",457705,607536,"null","ball",,,,,"12","null","R","R","L","COL","SF","B","null","null",1,0,2018,"0.4233","0.6995","1.1127","3.7587","null","null","null",2,1,"Top","null","null",,,455104,,"180530_004646","-3.0247","-133.0657","0.0467","5.6103","22.2280","-23.9135","3.4805","1.6379","null","null","null","92.3160","2339","6.3240",530223,607536,455104,435622,641857,571448,596115,467827,453568,471865,"54.1780","null","null","null","null","null","null","null",3,"2","4-Seam Fastball",0,0,0,0,0,0,0,0,"Standard","Standard"
"CU","2018-05-29","80.4","1.9529","5.3267","Kyle Freeland",457705,607536,"null","ball",,,,,"13","null","R","R","L","COL","SF","B","null","null",0,0,2018,"-0.1755","-0.0728","-0.1646","1.4637","null","null","null",2,1,"Top","null","null",,,455104,,"180530_004631","-4.3510","-117.0908","-1.8216","-0.8824","19.6625","-32.7400","3.4590","1.7237","null","null","null","80.5370","2219","6.0940",530223,607536,455104,435622,641857,571448,596115,467827,453568,471865,"54.4080","null","null","null","null","null","null","null",3,"1","Curveball",0,0,0,0,0,0,0,0,"Standard","Standard"
"SL","2018-05-29","84.2","1.9552","5.4364","Kyle Freeland",457763,607536,"null","ball",,,,,"14","null","R","R","L","COL","SF","B","null","null",1,1,2018,"-0.4317","0.2525","1.0220","2.1447","null","null","null",1,1,"Top","null","null",,,455104,,"180530_004516","-1.3156","-122.6931","-1.8563","-4.1547","20.9965","-29.4875","3.5688","1.6607","null","null","null","84.6380","2010","6.2010",530223,607536,455104,435622,641857,571448,596115,467827,453568,471865,"54.3006","null","null","null","null","null","null","null",2,"3","Slider",0,0,0,0,0,0,0,0,"Standard","Standard"
"FF","2018-05-29","91.2","1.8729","5.5542","Kyle Freeland",457763,607536,"null","called_strike",,,,,"14","null","R","R","L","COL","SF","S","null","null",1,0,2018,"0.2727","0.7160","0.8969","2.3543","null","null","null",1,1,"Top","null","null",,,455104,,"180530_004459","-3.0429","-132.9708","-3.8247","3.7989","22.8692","-23.0917","3.5675","1.6178","null","null","null","92.1180","2321","6.2970",530223,607536,455104,435622,641857,571448,596115,467827,453568,471865,"54.2051","null","null","null","null","null","null","null",2,"2","4-Seam Fastball",0,0,0,0,0,0,0,0,"Standard","Standard"
"FF","2018-05-29","91.6","1.5181","5.7784","Kyle Freeland",457763,607536,"null","ball",,,,,"11","null","R","R","L","COL","SF","B","null","null",0,0,2018,"-0.0531","0.8539","-1.3875","3.0201","null","null","null",1,1,"Top","null","null",,,455104,,"180530_004444","-7.2389","-133.4946","-3.0766","0.5850","22.6643","-21.4601","3.5688","1.7035","null","null","null","92.5980","2212","6.3360",530223,607536,455104,435622,641857,571448,596115,467827,453568,471865,"54.1654","null","null","null","null","null","null","null",2,"1","4-Seam Fastball",0,0,0,0,0,0,0,0,"Standard","Standard"
"SL","2018-05-29","83.0","2.0506","5.4404","Kyle Freeland",491676,607536,"null","ball",,,,,"14","null","R","R","L","COL","SF","B","null","null",2,2,2018,"-0.3642","0.2851","1.4764","2.2745","null","null","null",0,1,"Top","null","null",,,455104,,"180530_004301","-0.6092","-120.9911","-1.4177","-3.4678","20.7275","-29.3365","3.3249","1.5829","null","null","null","83.2060","2197","6.0600",530223,607536,455104,435622,641857,571448,596115,467827,453568,471865,"54.4422","null","null","null","null","null","null","null",1,"5","Slider",0,0,0,0,0,0,0,0,"Standard","Standard"
"SL","2018-05-29","83.1","2.0803","5.4403","Kyle Freeland",491676,607536,"null","ball",,,,,"12","null","R","R","L","COL","SF","B","null","null",1,2,2018,"-0.1402","0.2610","1.8996","2.5675","null","null","null",0,1,"Top","null","null",,,455104,,"180530_004244","-0.1422","-121.1270","-0.7047","-1.3516","21.3045","-29.6924","3.3859","1.6400","null","null","null","83.2580","2057","6.0820",530223,607536,455104,435622,641857,571448,596115,467827,453568,471865,"54.4202","null","null","null","null","null","null","null",1,"4","Slider",0,0,0,0,0,0,0,0,"Standard","Standard"
"FF","2018-05-29","89.8","1.8912","5.7570","Kyle Freeland",491676,607536,"null","ball",,,,,"12","null","R","R","L","COL","SF","B","null","null",0,0,2018,"0.2473","0.5628","1.0877","2.8676","null","null","null",0,1,"Top","null","null",,,455104,,"180530_004136","-2.5194","-131.0281","-2.5133","3.3132","21.9693","-25.3445","3.2352","1.5853","null","null","null","90.8830","2253","6.3450",530223,607536,455104,435622,641857,571448,596115,467827,453568,471865,"54.1571","null","null","null","null","null","null","null",1,"1","4-Seam Fastball",0,0,0,0,0,0,0,0,"Standard","Standard"