"pitch_type","game_date","release_speed","release_pos_x","release_pos_z","player_name","batter","pitcher","events","description","spin_dir","spin_rate_deprecated","break_angle_deprecated","break_length_deprecated","zone","des","game_type","stand","p_throws","home_team","away_team","type","hit_location","bb_type","balls","strikes","game_year","pfx_x","pfx_z","plate_x","plate_z","on_3b","on_2b","on_1b","outs_when_up","inning","inning_topbot","hc_x","hc_y","tfs_deprecated","tfs_zulu_deprecated","pos2_person_id","umpire","sv_id","vx0","vy0","vz0","ax","ay","az","sz_top","sz_bot","hit_distance_sc","launch_speed","launch_angle","effective_speed","release_spin_rate","release_extension","game_pk","pos1_person_id","pos2_person_id","pos3_person_id","pos4_person_id","pos5_person_id","pos6_person_id","pos7_person_id","pos8_person_id","pos9_person_id","release_pos_y","estimated_ba_using_speedangle","estimated_woba_using_speedangle","woba_value","woba_denom","babip_value","iso_value","launch_speed_angle","at_bat_number","pitch_number","pitch_name","home_score","away_score","bat_score","fld_score","post_away_score","post_home_score","post_bat_score","post_fld_score","if_fielding_alignment","of_fielding_alignment"
"FF","2018-06-02","94.8","-2.7908","6.2230","Hunter Strickland",546318,519326,"null","called_strike",,,,,"9","null","R","L","R","SF","PHI","S","null","null",0,0,2018,"-0.4534","1.4254","0.3056","1.9599","null","null","null",2,9,"Top","null","null",,,460026,,"180603_042745","8.9262","-137.4458","-8.4079","-7.5340","29.6091","-12.9682","3.2462","1.5469","null","null","null","93.4050","2481","5.6040",530279,519326,460026,467055,605412,446334,543063,607776,491676,457705,"54.8937","null","null","null","null","null","null","null",62,"1","4-Seam Fastball",2,0,0,2,0,2,0,2,"Standard","Standard"
"FF","2018-06-02","95.2","-2.9780","5.9546","Hunter Strickland",664068,519326,"null","called_strike",,,,,"1","null","R","R","R","SF","PHI","S","null","null",2,0,2018,"-0.4295","1.1953","-0.6078","2.8680","null","null","null",1,9,"Top","null","null",,,460026,,"180603_042527","7.0775","-138.1633","-4.9468","-7.0827","33.7238","-16.3281","3.2566","1.3641","null","null","null","93.7290","2353","5.7860",530279,519326,460026,467055,605412,446334,543063,607776,491676,457705,"54.7115","null","null","null","null","null","null","null",61,"3","4-Seam Fastball",2,0,0,2,0,2,0,2,"Standard","Standard"
"FF","2018-06-02","95.5","-3.0381","5.7933","Hunter Strickland",664068,519326,"null","ball",,,,,"14","null","R","R","R","SF","PHI","B","null","null",1,0,2018,"-0.4269","0.9896","1.4945","1.9178","null","null","null",1,9,"Top","null","null",,,460026,,"180603_042503","12.7094","-138.2710","-6.6363","-8.1635","30.1209","-18.4577","3.2566","1.3641","null","null","null","94.3990","2292","5.8710",530279,519326,460026,467055,605412,446334,543063,607776,491676,457705,"54.6261","null","null","null","null","null","null","null",61,"2","4-Seam Fastball",2,0,0,2,0,2,0,2,"Standard","Standard"
"FF","2018-06-02","95.8","-2.8441","6.1021","Hunter Strickland",664068,519326,"null","ball",,,,,"14","null","R","R","R","SF","PHI","B","null","null",0,0,2018,"-0.3898","1.0421","1.7262","0.8221","null","null","null",1,9,"Top","null","null",,,460026,,"180603_042441","12.7487","-138.4811","-10.4329","-7.7407","30.4238","-16.9105","3.1607","1.3162","null","null","null","94.5350","2364","5.8820",530279,519326,460026,467055,605412,446334,543063,607776,491676,457705,"54.6150","null","null","null","null","null","null","null",61,"1","4-Seam Fastball",2,0,0,2,0,2,0,2,"Standard","Standard"
"FF","2018-06-02","94.4","-2.7204","6.2816","Hunter Strickland",514917,519326,"null","called_strike",,,,,"4","null","R","L","R","SF","PHI","S","null","null",0,0,2018,"-0.4732","1.2719","-0.8144","2.3426","null","null","null",0,9,"Top","null","null",,,460026,,"180603_042342","5.9342","-137.2111","-7.2664","-7.1650","29.6883","-15.0294","3.1588","1.4483","null","null","null","93.6200","2227","5.8400",530279,519326,460026,467055,605412,446334,543063,607776,491676,457705,"54.6573","null","null","null","null","null","null","null",60,"1","4-Seam Fastball",2,0,0,2,0,2,0,2,"Standard","Standard"
"SL","2018-06-02","84.5","-1.9784","6.0041","Edubray Ramos",467055,591693,"strikeout","called_strike",,,,,"4","Pablo Sandoval called out on strikes.  ","R","L","R","SF","PHI","S",2,"null",1,2,2018,"0.5552","-0.1108","-0.7406","2.5010","null","null","543063.00",2,8,"Bot","null","null",,,595751,,"180603_042110","1.7907","-123.1514","-1.6784","5.2448","21.1784","-33.2139","3.1040","1.3423","null","null","null","84.0020","2662","5.5760",530279,591693,595751,467793,514917,596748,664068,608384,546318,571437,"54.9218","null","null","0.00",1,0,0,"null",59,"5","Slider",2,0,2,0,0,2,2,0,"Strategic","Standard"
"FF","2018-06-02","93.1","-2.2230","5.8880","Edubray Ramos",467055,591693,"null","called_strike",,,,,"1","null","R","L","R","SF","PHI","S","null","null",1,1,2018,"-0.5079","1.2580","-0.7899","2.7290","null","null","543063.00",2,8,"Bot","null","null",,,595751,,"180603_042008","4.7474","-135.5190","-5.1019","-7.1380","25.7627","-15.9611","3.1519","1.4382","null","null","null","93.0960","2441","5.9780",530279,591693,595751,467793,514917,596748,664068,608384,546318,571437,"54.5198","null","null","null","null","null","null","null",59,"3","4-Seam Fastball",2,0,2,0,0,2,2,0,"Strategic","Strategic"
"FF","2018-06-02","93.2","-2.1440","5.9076","Edubray Ramos",467055,591693,"null","ball",,,,,"11","null","R","L","R","SF","PHI","B","null","null",0,1,2018,"-0.4676","1.2827","-0.9300","3.4773","null","null","543063.00",2,8,"Bot","null","null",,,595751,,"180603_041946","4.0585","-135.6769","-3.2442","-6.4483","26.0647","-16.2260","3.0939","1.3423","null","null","null","92.4730","2559","5.5580",530279,591693,595751,467793,514917,596748,664068,608384,546318,571437,"54.9390","null","null","null","null","null","null","null",59,"2","4-Seam Fastball",2,0,2,0,0,2,2,0,"Strategic","Strategic"
"SL","2018-06-02","82.9","-1.7748","6.2093","Edubray Ramos",467055,591693,"null","called_strike",,,,,"9","null","R","L","R","SF","PHI","S","null","null",0,0,2018,"0.4460","-0.5259","0.3278","1.6046","null","null","543063.00",2,8,"Bot","null","null",,,595751,,"180603_041929","3.9093","-120.7265","-3.1437","3.6782","19.0581","-36.9514","3.0560","1.3423","null","null","null","82.4430","2584","5.5190",530279,591693,595751,467793,514917,596748,664068,608384,546318,571437,"54.9782","null","null","null","null","null","null","null",59,"1","Slider",2,0,2,0,0,2,2,0,"Strategic","Strategic"
"FF","2018-06-02","94.7","-1.8071","6.0518","Edubray Ramos",446334,591693,"null","ball",,,,,"12","null","R","R","R","SF","PHI","B","null","null",0,2,2018,"-0.2251","1.1512","2.0840","3.8954","null","null","543063.00",1,8,"Bot","null","null",,,595751,,"180603_041806","10.4964","-137.4717","-2.4575","-4.8890","27.2398","-17.5460","3.6966","1.5911","null","null","null","93.8210","2505","5.6670",530279,591693,595751,467793,514917,596748,664068,608384,546318,571437,"54.8303","null","null","null","null","null","null","null",58,"3","4-Seam Fastball",2,0,2,0,0,2,2,0,"Standard","Standard"
"SL","2018-06-02","84.2","-1.8524","6.2018","Edubray Ramos",446334,591693,"null","called_strike",,,,,"3","null","R","R","R","SF","PHI","S","null","null",0,1,2018,"0.5408","-0.4826","0.5095","3.3648","null","null","543063.00",1,8,"Bot","null","null",,,595751,,"180603_041745","4.3689","-122.4248","0.6897","4.4239","23.6186","-37.2653","3.7167","1.5911","null","null","null","82.8400","2476","5.3740",530279,591693,595751,467793,514917,596748,664068,608384,546318,571437,"55.1233","null","null","null","null","null","null","null",58,"2","Slider",2,0,2,0,0,2,2,0,"Standard","Standard"
"SL","2018-06-02","82.9","-1.8722","6.2382","Edubray Ramos",446334,591693,"null","called_strike",,,,,"1","null","R","R","R","SF","PHI","S","null","null",0,0,2018,"0.3298","-0.5235","-0.7073","3.4248","null","null","543063.00",1,8,"Bot","null","null",,,595751,,"180603_041725","2.0055","-120.6480","0.9348","2.7665","21.2344","-37.5369","3.7647","1.6391","null","null","null","81.6590","2726","5.2280",530279,591693,595751,467793,514917,596748,664068,608384,546318,571437,"55.2695","null","null","null","null","null","null","null",58,"1","Slider",2,0,2,0,0,2,2,0,"Standard","Standard"
"FF","2018-06-02","94.6","-1.7913","6.2137","Edubray Ramos",457705,591693,"null","ball",,,,,"11","null","R","R","R","SF","PHI","B","null","null",1,2,2018,"-0.7322","1.2460","-1.2754","2.9173","605412.00","null","543063.00",0,8,"Bot","null","null",,,595751,,"180603_041535","2.8773","-137.6980","-5.5986","-9.6791","26.5293","-15.7932","3.4177","1.5387","null","null","null","93.7580","2477","5.4800",530279,591693,595751,467793,514917,596748,664068,608384,546318,571437,"55.0170","null","null","null","null","null","null","null",57,"4","4-Seam Fastball",1,0,1,0,0,1,1,0,"Infield shift","Strategic"
"SL","2018-06-02","86.1","-1.9920","6.0560","Edubray Ramos",457705,591693,"null","ball",,,,,"14","null","R","R","R","SF","PHI","B","null","null",0,1,2018,"0.8021","-0.0001","0.8449","1.3189","605412.00","null","543063.00",0,8,"Bot","null","null",,,595751,,"180603_041435","5.0779","-125.1710","-4.9378","7.2049","24.7182","-31.4512","3.4177","1.4907","null","null","null","84.9250","2580","5.5270",530279,591693,595751,467793,514917,596748,664068,608384,546318,571437,"54.9705","null","null","null","null","null","null","null",57,"2","Slider",1,0,1,0,0,1,1,0,"Infield shift","Strategic"
"SL","2018-06-02","81.3","1.4798","5.7947","Adam Morgan",543063,605388,"null","ball",,,,,"13","null","R","L","L","SF","PHI","B","null","null",1,1,2018,"-1.4508","0.2300","-1.1924","2.1590","null","null","605412.00",0,8,"Bot","null","null",,,595751,,"180603_041014","-3.2573","-118.1341","-1.8441","-12.2013","24.8286","-30.0548","3.2647","1.4962","null","null","null","79.0490","2861","5.0290",530279,605388,595751,467793,514917,596748,664068,608384,546318,571437,"55.4682","null","null","null","null","null","null","null",56,"3","Slider",1,0,1,0,0,1,1,0,"Standard","Standard"
"SL","2018-06-02","81.4","1.4286","5.8872","Adam Morgan",605412,605388,"null","ball",,,,,"13","null","R","L","L","SF","PHI","B","null","null",0,0,2018,"-1.3495","0.3855","-1.2809","1.9535","null","null","null",0,8,"Bot","null","null",,,595751,,"180603_040741","-3.5273","-118.4351","-2.9068","-11.6013","22.1384","-28.3920","2.9624","1.3099","null","null","null","80.0100","2888","5.2860",530279,605388,595751,467793,514917,596748,664068,608384,546318,571437,"55.2113","null","null","null","null","null","null","null",55,"1","Slider",1,0,1,0,0,1,1,0,"Standard","Standard"
"CH","2018-06-02","82.9","3.4435","5.1207","Tony Watson",621044,453265,"null","called_strike",,,,,"4","null","R","R","L","SF","PHI","S","null","null",0,0,2018,"1.7633","0.7726","-0.5920","1.9376","null","null","null",2,8,"Top","null","null",,,460026,,"180603_040353","-12.3629","-119.9672","-2.1443","19.0514","23.8841","-24.7355","3.1447","1.3471","null","null","null","81.4270","2371","5.6640",530279,453265,460026,467055,605412,446334,543063,607776,491676,457705,"54.8334","null","null","null","null","null","null","null",54,"1","Changeup",1,0,0,1,0,1,0,1,"Standard","Standard"
"FT","2018-06-02","97.0","-2.9094","6.1355","Luis Garcia",593700,472610,"null","called_strike",,,,,"5","null","R","L","R","SF","PHI","S","null","null",0,0,2018,"-1.4305","0.6636","-0.2220","2.4926","null","491676.00","null",2,7,"Bot","null","null",,,595751,,"180603_035851","10.4821","-140.8249","-5.7360","-21.4419","30.1121","-22.2364","3.1958","1.4907","null","null","null","97.3490","2050","6.4810",530279,472610,595751,467793,514917,596748,664068,608384,546318,571437,"54.0168","null","null","null","null","null","null","null",51,"1","2-Seam Fastball",1,0,1,0,0,1,1,0,"Standard","Standard"
"FT","2018-06-02","96.8","-3.2126","6.1774","Luis Garcia",460026,472610,"null","ball",,,,,"13","null","R","R","R","SF","PHI","B","null","null",1,0,2018,"-1.1885","0.7510","-1.4129","1.4988","null","491676.00","null",1,7,"Bot","null","null",,,595751,,"180603_035739","7.5324","-140.7757","-8.7244","-17.4907","28.0590","-20.5154","3.3775","1.5163","null","null","null","97.4800","2030","6.4330",530279,472610,595751,467793,514917,596748,664068,608384,546318,571437,"54.0647","null","null","null","null","null","null","null",50,"2","2-Seam Fastball",1,0,1,0,0,1,1,0,"Standard","Standard"
"FF","2018-06-02","97.6","-2.7005","6.1635","Luis Garcia",460026,472610,"null","ball",,,,,"14","null","R","R","R","SF","PHI","B","null","null",0,0,2018,"-0.7547","1.0694","1.3171","1.5266","null","null","491676.00",1,7,"Bot","null","null",,,595751,,"180603_035648","12.4241","-141.3268","-9.3115","-12.7219","30.0600","-16.1228","3.4254","1.4683","null","null","null","97.0810","2076","6.1150",530279,472610,595751,467793,514917,596748,664068,608384,546318,571437,"54.3827","null","null","null","null","null","null","null",50,"1","4-Seam Fastball",1,0,1,0,0,1,1,0,"Standard","Standard"
"FF","2018-06-02","93.7","-2.2920","5.5824","Vince Velasquez",607776,592826,"null","called_strike",,,,,"9","null","R","R","R","SF","PHI","S","null","null",1,0,2018,"-0.4809","1.5574","0.5244","1.6681","null","null","null",0,7,"Bot","null","null",,,595751,,"180603_035052","8.3174","-135.9997","-7.7545","-7.8107","30.4196","-11.3894","3.6450","1.5186","null","null","null","93.4330","2396","6.3160",530279,592826,595751,467793,514917,596748,664068,608384,546318,571437,"54.1815","null","null","null","null","null","null","null",48,"2","4-Seam Fastball",1,0,1,0,0,1,1,0,"Standard","Standard"
"CU","2018-06-02","82.4","-2.2093","5.6758","Vince Velasquez",607776,592826,"null","ball",,,,,"14","null","R","R","R","SF","PHI","B","null","null",0,0,2018,"0.3430","-0.6542","2.0951","0.0056","null","null","null",0,7,"Bot","null","null",,,595751,,"180603_035037","8.9968","-119.4856","-4.9997","1.4533","23.3361","-37.5713","3.5692","1.5565","null","null","null","81.2270","2415","5.7160",530279,592826,595751,467793,514917,596748,664068,608384,546318,571437,"54.7815","null","null","null","null","null","null","null",48,"1","Curveball",1,0,1,0,0,1,1,0,"Standard","Standard"
"CU","2018-06-02","77.9","2.2321","6.4766","Andrew Suarez",596748,605498,"null","called_strike",,,,,"8","null","R","R","L","SF","PHI","S","null","null",1,1,2018,"-0.9437","-0.6967","-0.0993","1.5916","null","null","null",2,7,"Top","null","null",,,460026,,"180603_034803","-3.2742","-113.1502","-2.3134","-7.0384","20.8275","-37.6947","3.1889","1.3121","null","null","null","75.4830","2534","4.6410",530279,605498,460026,467055,605412,446334,543063,607776,491676,457705,"55.8568","null","null","null","null","null","null","null",47,"3","Curveball",1,0,0,1,0,1,0,1,"Standard","Standard"
"CU","2018-06-02","77.6","2.3656","6.4963","Andrew Suarez",596748,605498,"null","ball",,,,,"12","null","R","R","L","SF","PHI","B","null","null",0,0,2018,"-1.0772","-0.8299","1.1837","3.1875","null","null","null",2,7,"Top","null","null",,,460026,,"180603_034732","-0.6679","-112.6859","1.1932","-8.5279","19.7499","-39.3404","3.2268","1.3121","null","null","null","75.1570","2522","4.5290",530279,605498,460026,467055,605412,446334,543063,607776,491676,457705,"55.9682","null","null","null","null","null","null","null",47,"1","Curveball",1,0,0,1,0,1,0,1,"Standard","Standard"
"SL","2018-06-02","89.1","2.2845","6.5028","Andrew Suarez",467793,605498,"null","ball",,,,,"13","null","R","R","L","SF","PHI","B","null","null",0,0,2018,"-0.4181","0.3445","-0.2624","1.0151","null","null","null",1,7,"Top","null","null",,,460026,,"180603_034646","-5.2895","-129.3845","-7.9865","-3.5295","24.4326","-27.1873","3.4610","1.5844","null","null","null","87.3750","2101","5.1020",530279,605498,460026,467055,605412,446334,543063,607776,491676,457705,"55.3956","null","null","null","null","null","null","null",46,"1","Slider",1,0,0,1,0,1,0,1,"Standard","Standard"
"FF","2018-06-02","92.5","2.3532","6.4632","Andrew Suarez",571437,605498,"null","called_strike",,,,,"9","null","R","R","L","SF","PHI","S","null","null",0,0,2018,"1.1090","1.1220","0.4922","1.7529","null","null","null",0,7,"Top","null","null",,,460026,,"180603_034553","-6.8447","-134.2139","-8.3499","14.1896","24.9784","-17.7975","4.0035","1.7295","null","null","null","90.6120","1967","4.9880",530279,605498,460026,467055,605412,446334,543063,607776,491676,457705,"55.5097","null","null","null","null","null","null","null",45,"1","4-Seam Fastball",1,0,0,1,0,1,0,1,"Standard","Standard"
"FT","2018-06-02","92.3","-2.4537","5.5449","Vince Velasquez",467055,592826,"null","ball",,,,,"11","null","R","L","R","SF","PHI","B","null","null",0,0,2018,"-1.2815","0.8564","-1.2058","3.0598","null","457705.00","446334.00",1,6,"Bot","null","null",,,595751,,"180603_034236","6.0039","-134.4722","-2.4560","-16.9122","26.0429","-21.3582","3.1419","1.3903","null","null","null","93.1690","2102","6.4980",530279,592826,595751,467793,514917,596748,664068,608384,546318,571437,"53.9996","null","null","null","null","null","null","null",44,"1","2-Seam Fastball",1,0,1,0,0,1,1,0,"Standard","Standard"
"FF","2018-06-02","92.0","-2.2891","5.7804","Vince Velasquez",446334,592826,"walk","ball",,,,,"11","Evan Longoria walks.   Andrew McCutchen to 2nd.  ","R","R","R","SF","PHI","B","null","null",3,0,2018,"-0.4749","1.5351","-0.9429","3.4187","null","null","457705.00",1,6,"Bot","null","null",,,595751,,"180603_034105","4.4346","-133.9406","-3.4896","-6.6237","27.5798","-13.2080","3.6487","1.6871","null","null","null","92.1180","2302","6.2260",530279,592826,595751,467793,514917,596748,664068,608384,546318,571437,"54.2716","null","null","0.70",1,0,0,"null",43,"4","4-Seam Fastball",1,0,1,0,0,1,1,0,"Standard","Standard"
"SL","2018-06-02","83.6","-2.2062","5.7160","Vince Velasquez",446334,592826,"null","ball",,,,,"12","null","R","R","R","SF","PHI","B","null","null",2,0,2018,"0.3804","0.0800","0.9747","3.0510","null","null","457705.00",1,6,"Bot","null","null",,,595751,,"180603_034019","6.5630","-121.7031","0.0599","2.6066","21.5272","-31.5999","3.6539","1.6930","null","null","null","83.6040","2242","6.0460",530279,592826,595751,467793,514917,596748,664068,608384,546318,571437,"54.4514","null","null","null","null","null","null","null",43,"3","Slider",1,0,1,0,0,1,1,0,"Standard","Standard"
"SL","2018-06-02","84.1","-2.0449","5.7617","Vince Velasquez",446334,592826,"null","ball",,,,,"1","null","R","R","R","SF","PHI","B","null","null",1,0,2018,"0.3448","0.0870","-0.5755","3.2900","null","null","457705.00",1,6,"Bot","null","null",,,595751,,"180603_033950","2.7170","-122.5315","0.3712","2.9915","20.4943","-31.5725","3.4514","1.6871","null","null","null","83.9840","2267","5.8010",530279,592826,595751,467793,514917,596748,664068,608384,546318,571437,"54.6964","null","null","null","null","null","null","null",43,"2","Slider",1,0,1,0,0,1,1,0,"Standard","Standard"
"FT","2018-06-02","90.4","-2.4623","5.7439","Vince Velasquez",446334,592826,"null","ball",,,,,"11","null","R","R","R","SF","PHI","B","null","null",0,0,2018,"-1.0691","0.7339","-0.9420","3.7713","null","null","457705.00",1,6,"Bot","null","null",,,595751,,"180603_033926","6.0206","-131.6797","-0.6504","-13.5246","21.8691","-23.6461","3.6912","1.6344","null","null","null","90.9730","1988","6.0980",530279,592826,595751,467793,514917,596748,664068,608384,546318,571437,"54.3995","null","null","null","null","null","null","null",43,"1","2-Seam Fastball",1,0,1,0,0,1,1,0,"Standard","Standard"
"FT","2018-06-02","93.9","-2.2581","5.5176","Vince Velasquez",457705,592826,"null","called_strike",,,,,"7","null","R","R","R","SF","PHI","S","null","null",0,0,2018,"-1.3713","0.5330","-0.6789","2.1009","605412.00","null","null",1,6,"Bot","null","null",,,595751,,"180603_033517","7.1138","-136.5764","-4.3249","-18.6842","28.3305","-24.7920","3.4572","1.5783","null","null","null","94.1190","2085","6.3110",530279,592826,595751,467793,514917,596748,664068,608384,546318,571437,"54.1867","null","null","null","null","null","null","null",42,"1","2-Seam Fastball",0,0,0,0,0,0,0,0,"Infield shift","Strategic"
"FT","2018-06-02","91.5","-2.3824","5.7414","Vince Velasquez",543063,592826,"null","ball",,,,,"14","null","R","L","R","SF","PHI","B","null","null",2,2,2018,"-1.2326","0.9472","0.6727","1.0916","null","605412.00","null",0,6,"Bot","null","null",,,595751,,"180603_033323","10.2483","-132.6687","-7.7910","-16.5569","27.3852","-19.6905","3.2645","1.4480","null","null","null","90.9150","2052","6.0520",530279,592826,595751,467793,514917,596748,664068,608384,546318,571437,"54.4452","null","null","null","null","null","null","null",41,"5","2-Seam Fastball",0,0,0,0,0,0,0,0,"Infield shift","Standard"
"FF","2018-06-02","94.2","-2.3287","5.7337","Vince Velasquez",543063,592826,"null","ball",,,,,"13","null","R","L","R","SF","PHI","B","null","null",1,1,2018,"-0.7148","1.6053","-0.9739","1.7538","null","605412.00","null",0,6,"Bot","null","null",,,595751,,"180603_033226","5.1175","-136.9696","-8.2289","-10.1321","29.0677","-10.3137","3.3124","1.4001","null","null","null","94.5180","2361","6.4270",530279,592826,595751,467793,514917,596748,664068,608384,546318,571437,"54.0700","null","null","null","null","null","null","null",41,"3","4-Seam Fastball",0,0,0,0,0,0,0,0,"Infield shift","Standard"
"FT","2018-06-02","89.5","-2.5864","5.5107","Vince Velasquez",543063,592826,"null","ball",,,,,"13","null","R","L","R","SF","PHI","B","null","null",0,1,2018,"-1.0215","0.3956","-1.3639","2.3003","null","605412.00","null",0,6,"Bot","null","null",,,595751,,"180603_033203","5.1444","-130.3455","-2.8013","-12.6299","25.0569","-27.3317","3.2645","1.4001","null","null","null","89.6880","1646","6.1660",530279,592826,595751,467793,514917,596748,664068,608384,546318,571437,"54.3319","null","null","null","null","null","null","null",41,"2","2-Seam Fastball",0,0,0,0,0,0,0,0,"Infield shift","Standard"
"CU","2018-06-02","81.3","-2.2182","5.7521","Vince Velasquez",605412,592826,"null","called_strike",,,,,"4","null","R","L","R","SF","PHI","S","null","null",1,0,2018,"0.3168","-0.8255","-0.5021","2.4060","null","null","null",0,6,"Bot","null","null",,,595751,,"180603_032955","3.2034","-118.1364","0.6401","2.2578","22.7152","-40.0476","3.1279","1.4275","null","null","null","79.9400","2399","5.4480",530279,592826,595751,467793,514917,596748,664068,608384,546318,571437,"55.0492","null","null","null","null","null","null","null",40,"2","Curveball",0,0,0,0,0,0,0,0,"Standard","Standard"
"CU","2018-06-02","82.5","-2.3404","5.7398","Vince Velasquez",605412,592826,"null","ball",,,,,"9","null","R","L","R","SF","PHI","B","null","null",0,0,2018,"0.1504","-0.6128","0.4230","1.2896","null","null","null",0,6,"Bot","null","null",,,595751,,"180603_032939","5.9197","-120.0017","-2.4862","0.3952","20.8847","-37.7781","2.9145","1.3578","null","null","null","81.7680","2278","5.5910",530279,592826,595751,467793,514917,596748,664068,608384,546318,571437,"54.9064","null","null","null","null","null","null","null",40,"1","Curveball",0,0,0,0,0,0,0,0,"Standard","Standard"
"CU","2018-06-02","76.4","2.2853","6.4419","Andrew Suarez",664068,605498,"null","ball",,,,,"14","null","R","R","L","SF","PHI","B","null","null",0,1,2018,"-1.0410","-0.6576","1.3371","1.7533","null","null","null",1,6,"Top","null","null",,,460026,,"180603_032426","-0.2366","-111.0967","-1.7486","-8.1315","18.4058","-37.3264","3.3045","1.3641","null","null","null","74.3470","2485","4.6320",530279,605498,460026,467055,605412,446334,543063,607776,491676,457705,"55.8651","null","null","null","null","null","null","null",38,"2","Curveball",0,0,0,0,0,0,0,0,"Standard","Standard"
"FF","2018-06-02","92.6","2.2285","6.3941","Andrew Suarez",664068,605498,"null","called_strike",,,,,"5","null","R","R","L","SF","PHI","S","null","null",0,0,2018,"0.7396","1.2202","-0.1175","2.5180","null","null","null",1,6,"Top","null","null",,,460026,,"180603_032408","-7.3719","-134.3866","-6.5327","10.1414","26.4495","-16.7953","3.2087","1.3161","null","null","null","91.0170","1940","5.2720",530279,605498,460026,467055,605412,446334,543063,607776,491676,457705,"55.2257","null","null","null","null","null","null","null",38,"1","4-Seam Fastball",0,0,0,0,0,0,0,0,"Standard","Standard"
"CH","2018-06-02","84.8","2.6204","6.2962","Andrew Suarez",514917,605498,"null","ball",,,,,"14","null","R","R","L","SF","PHI","B","null","null",0,1,2018,"0.8569","0.7155","1.4803","1.7850","null","null","null",0,6,"Top","null","null",,,460026,,"180603_032304","-4.2354","-123.4068","-5.5900","9.2687","20.8803","-24.3122","3.2886","1.5023","null","null","null","83.9080","1612","5.3630",530279,605498,460026,467055,605412,446334,543063,607776,491676,457705,"55.1343","null","null","null","null","null","null","null",37,"2","Changeup",0,0,0,0,0,0,0,0,"Standard","Standard"
"CU","2018-06-02","81.3","-2.3261","5.6544","Vince Velasquez",605498,592826,"strikeout","called_strike",,,,,"9","Andrew Suarez called out on strikes.  ","R","L","R","SF","PHI","S",2,"null",2,2,2018,"0.8368","-1.3249","0.6375","1.9591","null","null","460026.00",2,5,"Bot","null","null",,,595751,,"180603_031953","5.0082","-118.0728","0.8747","6.5451","24.6789","-44.6501","3.4841","1.6011","null","null","null","79.9400","2463","5.6790",530279,592826,595751,467793,514917,596748,664068,608384,546318,571437,"54.8182","null","null","0.00",1,0,0,"null",36,"5","Curveball",0,0,0,0,0,0,0,0,"Strategic","Strategic"
"FF","2018-06-02","95.3","-2.2561","5.7115","Vince Velasquez",605498,592826,"null","ball",,,,,"6","null","R","L","R","SF","PHI","B","null","null",1,2,2018,"-0.3423","1.4483","0.7449","2.4234","null","null","460026.00",2,5,"Bot","null","null",,,595751,,"180603_031934","8.6462","-138.4723","-6.2721","-6.1975","28.3397","-12.3501","3.3941","1.5561","null","null","null","95.5740","2373","6.3400",530279,592826,595751,467793,514917,596748,664068,608384,546318,571437,"54.1577","null","null","null","null","null","null","null",36,"4","4-Seam Fastball",0,0,0,0,0,0,0,0,"Strategic","Strategic"
"FF","2018-06-02","95.0","-2.4023","5.7504","Vince Velasquez",605498,592826,"null","ball",,,,,"11","null","R","L","R","SF","PHI","B","null","null",0,1,2018,"-0.4433","1.7064","-1.8086","3.0750","null","null","460026.00",2,5,"Bot","null","null",,,595751,,"180603_031824","2.5371","-138.2907","-5.1330","-6.2239","31.5347","-9.5012","3.4172","1.4863","null","null","null","94.7750","2405","6.1860",530279,592826,595751,467793,514917,596748,664068,608384,546318,571437,"54.3110","null","null","null","null","null","null","null",36,"2","4-Seam Fastball",0,0,0,0,0,0,0,0,"Strategic","Strategic"
"FF","2018-06-02","93.7","-2.4834","5.7153","Vince Velasquez",605498,592826,"null","called_strike",,,,,"6","null","R","L","R","SF","PHI","S","null","null",0,0,2018,"-0.4204","1.6020","0.5645","2.3565","null","null","460026.00",2,5,"Bot","null","null",,,595751,,"180603_031805","8.7424","-136.1080","-6.3990","-7.0685","29.3453","-11.2634","3.5186","1.5871","null","null","null","93.2700","2389","6.0900",530279,592826,595751,467793,514917,596748,664068,608384,546318,571437,"54.4069","null","null","null","null","null","null","null",36,"1","4-Seam Fastball",0,0,0,0,0,0,0,0,"Standard","Strategic"
"CU","2018-06-02","82.0","-2.2161","5.6130","Vince Velasquez",491676,592826,"null","ball",,,,,"14","null","R","R","R","SF","PHI","B","null","null",0,2,2018,"0.6359","-1.1730","1.2412","-0.1274","null","null","null",1,5,"Bot","null","null",,,595751,,"180603_031533","6.5581","-119.2490","-4.1627","4.7328","22.7738","-42.6528","3.3204","1.4939","null","null","null","81.4730","2549","5.9490",530279,592826,595751,467793,514917,596748,664068,608384,546318,571437,"54.5486","null","null","null","null","null","null","null",34,"3","Curveball",0,0,0,0,0,0,0,0,"Standard","Standard"
"FF","2018-06-02","95.7","-2.1821","5.6975","Vince Velasquez",491676,592826,"null","called_strike",,,,,"14","null","R","R","R","SF","PHI","S","null","null",0,1,2018,"-0.2831","1.4444","0.8584","1.9702","null","null","null",1,5,"Bot","null","null",,,595751,,"180603_031510","8.6486","-139.0561","-7.4972","-5.4360","27.9770","-12.0054","3.3482","1.4939","null","null","null","96.0050","2310","6.3130",530279,592826,595751,467793,514917,596748,664068,608384,546318,571437,"54.1841","null","null","null","null","null","null","null",34,"2","4-Seam Fastball",0,0,0,0,0,0,0,0,"Standard","Standard"
"SL","2018-06-02","84.5","-2.1639","5.7265","Vince Velasquez",607776,592826,"null","ball",,,,,"14","null","R","R","R","SF","PHI","B","null","null",0,1,2018,"0.5806","-0.0436","1.8050","1.7997","null","null","null",0,5,"Bot","null","null",,,595751,,"180603_031327","8.0236","-122.7053","-2.6130","4.0388","25.8978","-32.3098","3.5045","1.4917","null","null","null","83.4140","null","5.8350",530279,592826,595751,467793,514917,596748,664068,608384,546318,571437,"54.6623","null","null","null","null","null","null","null",33,"2","Slider",0,0,0,0,0,0,0,0,"Standard","Standard"
"FT","2018-06-02","91.7","-2.1703","5.6172","Vince Velasquez",607776,592826,"null","called_strike",,,,,"3","null","R","R","R","SF","PHI","S","null","null",0,0,2018,"-1.2696","1.1018","0.6308","2.8837","null","null","null",0,5,"Bot","null","null",,,595751,,"180603_031314","9.7733","-133.1115","-3.3261","-17.2061","31.2966","-18.6970","3.5012","1.4705","null","null","null","90.9890","2103","6.2080",530279,592826,595751,467793,514917,596748,664068,608384,546318,571437,"54.2892","null","null","null","null","null","null","null",33,"1","2-Seam Fastball",0,0,0,0,0,0,0,0,"Standard","Standard"
"FF","2018-06-02","93.6","2.1973","6.5932","Andrew Suarez",592826,605498,"strikeout","called_strike",,,,,"4","Vince Velasquez called out on strikes.  ","R","R","L","SF","PHI","S",2,"null",1,2,2018,"0.5733","1.2661","-0.3969","2.1201","467793.00","null","608384.00",2,5,"Top","null","null",,,460026,,"180603_031025","-7.7003","-135.7491","-8.3020","8.3127","25.5808","-15.6940","3.0318","1.2965","null","null","null","91.8690","1812","5.1250",530279,605498,460026,467055,605412,446334,543063,607776,491676,457705,"55.3728","null","null","0.00",1,0,0,"null",32,"4","4-Seam Fastball",0,0,0,0,0,0,0,0,"Standard","Standard"
"CU","2018-06-02","77.7","2.5660","6.4735","Andrew Suarez",592826,605498,"null","called_strike",,,,,"14","null","R","R","L","SF","PHI","S","null","null",0,1,2018,"-0.6469","-0.5089","0.9029","1.7576","467793.00","null","608384.00",2,5,"Top","null","null",,,460026,,"180603_030942","-2.3759","-112.9438","-2.2773","-4.8125","19.8159","-36.1816","3.0797","1.3924","null","null","null","75.4330","2383","4.6050",530279,605498,460026,467055,605412,446334,543063,607776,491676,457705,"55.8928","null","null","null","null","null","null","null",32,"2","Curveball",0,0,0,0,0,0,0,0,"Standard","Standard"
"SL","2018-06-02","89.3","2.2477","6.5470","Andrew Suarez",592826,605498,"null","called_strike",,,,,"9","null","R","R","L","SF","PHI","S","null","null",0,0,2018,"-0.4953","0.6742","0.3090","1.9115","467793.00","null","608384.00",2,5,"Top","null","null",,,460026,,"180603_030927","-3.6889","-129.8126","-6.6241","-4.6725","24.6795","-23.8592","3.1756","1.4404","null","null","null","87.4410","2222","4.9660",530279,605498,460026,467055,605412,446334,543063,607776,491676,457705,"55.5319","null","null","null","null","null","null","null",32,"1","Slider",0,0,0,0,0,0,0,0,"Standard","Standard"
"SL","2018-06-02","89.4","2.1627","6.5119","Andrew Suarez",467793,605498,"null","ball",,,,,"13","null","R","R","L","SF","PHI","B","null","null",1,2,2018,"-0.5390","0.6192","-0.5455","1.5137","null","null","null",0,5,"Top","null","null",,,460026,,"180603_030431","-5.4582","-129.8626","-7.4266","-4.8792","23.8921","-24.2949","3.4127","1.7306","null","null","null","87.7230","2149","5.0590",530279,605498,460026,467055,605412,446334,543063,607776,491676,457705,"55.4381","null","null","null","null","null","null","null",28,"4","Slider",0,0,0,0,0,0,0,0,"Standard","Standard"
"FF","2018-06-02","91.8","2.4426","6.5691","Andrew Suarez",467793,605498,"null","called_strike",,,,,"9","null","R","R","L","SF","PHI","S","null","null",1,0,2018,"1.0306","1.0135","0.5259","1.7394","null","null","null",0,5,"Top","null","null",,,460026,,"180603_030351","-6.7583","-133.1775","-8.2176","13.0816","26.8504","-19.2639","3.4130","1.3924","null","null","null","89.4970","1904","4.9000",530279,605498,460026,467055,605412,446334,543063,607776,491676,457705,"55.5969","null","null","null","null","null","null","null",28,"2","4-Seam Fastball",0,0,0,0,0,0,0,0,"Standard","Standard"
"CU","2018-06-02","77.9","2.4048","6.5276","Andrew Suarez",467793,605498,"null","ball",,,,,"14","null","R","R","L","SF","PHI","B","null","null",0,0,2018,"-0.6164","-0.6400","1.0891","2.2089","null","null","null",0,5,"Top","null","null",,,460026,,"180603_030338","-1.7108","-113.2429","-1.2816","-4.7199","19.6970","-37.4489","3.4076","1.4356","null","null","null","75.6990","2410","4.6310",530279,605498,460026,467055,605412,446334,543063,607776,491676,457705,"55.8667","null","null","null","null","null","null","null",28,"1","Curveball",0,0,0,0,0,0,0,0,"Standard","Standard"
"FT","2018-06-02","94.3","-2.0690","5.5748","Vince Velasquez",467055,592826,"null","ball",,,,,"12","null","R","L","R","SF","PHI","B","null","null",1,2,2018,"-1.3390","0.6569","1.7459","2.3249","null","null","null",2,4,"Bot","null","null",,,595751,,"180603_030100","12.9153","-136.8169","-4.2123","-19.6646","28.6764","-23.1685","3.0459","1.3902","null","null","null","94.5600","2046","6.4890",530279,592826,595751,467793,514917,596748,664068,608384,546318,571437,"54.0085","null","null","null","null","null","null","null",27,"4","2-Seam Fastball",0,0,0,0,0,0,0,0,"Strategic","Standard"
"CU","2018-06-02","84.5","-2.2035","5.5690","Vince Velasquez",467055,592826,"null","ball",,,,,"14","null","R","L","R","SF","PHI","B","null","null",0,2,2018,"0.3560","-0.8035","1.0777","-0.1882","null","null","null",2,4,"Bot","null","null",,,595751,,"180603_030034","6.9139","-122.8324","-5.4160","2.1655","24.9756","-39.3640","3.0459","1.3902","null","null","null","84.1180","2508","6.1540",530279,592826,595751,467793,514917,596748,664068,608384,546318,571437,"54.3430","null","null","null","null","null","null","null",27,"3","Curveball",0,0,0,0,0,0,0,0,"Strategic","Standard"
"FT","2018-06-02","94.7","-2.2231","5.5985","Vince Velasquez",467055,592826,"null","called_strike",,,,,"7","null","R","L","R","SF","PHI","S","null","null",0,0,2018,"-1.3497","0.9817","-0.4169","1.5733","null","null","null",2,4,"Bot","null","null",,,595751,,"180603_025953","7.6959","-137.6209","-7.0383","-18.7558","27.5570","-18.4413","3.0081","1.3423","null","null","null","94.8950","2047","6.2550",530279,592826,595751,467793,514917,596748,664068,608384,546318,571437,"54.2422","null","null","null","null","null","null","null",27,"1","2-Seam Fastball",0,0,0,0,0,0,0,0,"Strategic","Strategic"
"CU","2018-06-02","82.8","-2.1355","5.7610","Vince Velasquez",457705,592826,"null","ball",,,,,"14","null","R","R","R","SF","PHI","B","null","null",0,0,2018,"0.4745","-1.1473","1.0808","0.9515","null","null","null",0,4,"Bot","null","null",,,595751,,"180603_025717","6.3576","-120.3327","-2.2227","3.1697","24.9124","-42.8233","3.4656","1.5386","null","null","null","81.6110","2553","5.7060",530279,592826,595751,467793,514917,596748,664068,608384,546318,571437,"54.7918","null","null","null","null","null","null","null",25,"1","Curveball",0,0,0,0,0,0,0,0,"Infield shift","Strategic"
"SL","2018-06-02","89.2","2.0850","6.5269","Andrew Suarez",571437,605498,"null","ball",,,,,"13","null","R","R","L","SF","PHI","B","null","null",1,2,2018,"-0.4052","0.5128","-1.4280","0.0105","null","null","null",2,4,"Top","null","null",,,460026,,"180603_025430","-7.6307","-129.2910","-10.7848","-2.9815","23.9557","-24.8587","3.9455","1.7774","null","null","null","87.4500","2229","5.1550",530279,605498,460026,467055,605412,446334,543063,607776,491676,457705,"55.3427","null","null","null","null","null","null","null",24,"5","Slider",0,0,0,0,0,0,0,0,"Standard","Standard"
"CH","2018-06-02","86.8","2.4457","6.3815","Andrew Suarez",571437,605498,"null","ball",,,,,"13","null","R","R","L","SF","PHI","B","null","null",0,0,2018,"1.2405","0.8337","-0.6719","1.4055","null","null","null",2,4,"Top","null","null",,,460026,,"180603_025315","-9.6688","-125.8043","-7.1835","14.5975","24.0827","-22.4866","3.9455","1.8254","null","null","null","85.1010","1605","5.2820",530279,605498,460026,467055,605412,446334,543063,607776,491676,457705,"55.2153","null","null","null","null","null","null","null",24,"1","Changeup",0,0,0,0,0,0,0,0,"Standard","Standard"
"FF","2018-06-02","92.1","2.1147","6.5235","Andrew Suarez",546318,605498,"null","ball",,,,,"14","null","R","L","L","SF","PHI","B","null","null",2,2,2018,"1.3151","1.1629","0.8967","1.7454","null","null","null",1,4,"Top","null","null",,,460026,,"180603_025218","-5.6802","-133.5642","-8.4890","16.3350","28.0424","-17.2700","2.9793","1.4327","null","null","null","90.0650","2001","5.1740",530279,605498,460026,467055,605412,446334,543063,607776,491676,457705,"55.3233","null","null","null","null","null","null","null",23,"5","4-Seam Fastball",0,0,0,0,0,0,0,0,"Standard","Standard"
"FF","2018-06-02","92.5","2.1344","6.5832","Andrew Suarez",546318,605498,"null","ball",,,,,"11","null","R","L","L","SF","PHI","B","null","null",1,2,2018,"0.8367","1.5805","-0.2406","4.1567","null","null","null",1,4,"Top","null","null",,,460026,,"180603_025159","-7.6028","-134.3356","-3.5882","11.3009","27.7605","-13.3203","2.9793","1.3847","null","null","null","90.5130","2081","5.0820",530279,605498,460026,467055,605412,446334,543063,607776,491676,457705,"55.4150","null","null","null","null","null","null","null",23,"4","4-Seam Fastball",0,0,0,0,0,0,0,0,"Standard","Standard"
"FF","2018-06-02","92.5","2.0646","6.5719","Andrew Suarez",546318,605498,"null","ball",,,,,"12","null","R","L","L","SF","PHI","B","null","null",0,1,2018,"0.9538","1.2264","1.3709","2.3412","null","null","null",1,4,"Top","null","null",,,460026,,"180603_025107","-3.6592","-134.1728","-7.2949","11.8289","30.3477","-16.6696","3.2191","1.4327","null","null","null","90.1110","1826","5.1050",530279,605498,460026,467055,605412,446334,543063,607776,491676,457705,"55.3919","null","null","null","null","null","null","null",23,"2","4-Seam Fastball",0,0,0,0,0,0,0,0,"Standard","Standard"
"FF","2018-06-02","91.7","2.3888","6.5702","Andrew Suarez",546318,605498,"null","called_strike",,,,,"6","null","R","L","L","SF","PHI","S","null","null",0,0,2018,"1.2603","1.0908","0.4090","2.1016","null","null","null",1,4,"Top","null","null",,,460026,,"180603_025046","-7.4174","-132.9253","-7.4428","15.9481","29.7437","-18.4305","3.0652","1.5085","null","null","null","89.3400","1994","5.1440",530279,605498,460026,467055,605412,446334,543063,607776,491676,457705,"55.3531","null","null","null","null","null","null","null",23,"1","4-Seam Fastball",0,0,0,0,0,0,0,0,"Standard","Standard"
"CU","2018-06-02","76.7","2.4251","6.5415","Andrew Suarez",664068,605498,"null","ball",,,,,"14","null","R","R","L","SF","PHI","B","null","null",0,0,2018,"-0.6955","-1.1358","2.0396","1.7809","null","null","null",0,4,"Top","null","null",,,460026,,"180603_024930","0.3410","-111.3428","-1.0939","-5.4721","20.4161","-41.1276","3.2878","1.3953","null","null","null","73.9620","2487","4.4250",530279,605498,460026,467055,605412,446334,543063,607776,491676,457705,"56.0721","null","null","null","null","null","null","null",22,"1","Curveball",0,0,0,0,0,0,0,0,"Standard","Standard"
"FF","2018-06-02","95.0","-2.3639","5.8096","Vince Velasquez",605498,592826,"null","called_strike",,,,,"13","null","R","L","R","SF","PHI","S","null","null",0,1,2018,"-0.7857","1.4607","-0.9680","1.7888","null","null","460026.00",0,3,"Bot","null","null",,,595751,,"180603_024421","5.3542","-138.0103","-8.0675","-11.0848","28.5533","-12.1720","3.3017","1.3701","null","null","null","94.6590","2310","6.0230",530279,592826,595751,467793,514917,596748,664068,608384,546318,571437,"54.4748","null","null","null","null","null","null","null",19,"2","4-Seam Fastball",0,0,0,0,0,0,0,0,"Strategic","Strategic"
"FF","2018-06-02","92.6","-2.4513","5.7598","Vince Velasquez",460026,592826,"null","called_strike",,,,,"5","null","R","R","R","SF","PHI","S","null","null",0,0,2018,"-0.5211","1.5044","0.1700","2.3898","null","null","null",0,3,"Bot","null","null",,,595751,,"180603_024243","7.8042","-134.4813","-6.0080","-8.0524","30.5771","-12.9118","3.4354","1.4682","null","null","null","92.1850","2369","6.2580",530279,592826,595751,467793,514917,596748,664068,608384,546318,571437,"54.2395","null","null","null","null","null","null","null",18,"1","4-Seam Fastball",0,0,0,0,0,0,0,0,"Standard","Standard"
"FF","2018-06-02","92.6","2.2806","6.5429","Andrew Suarez",514917,605498,"null","called_strike",,,,,"6","null","R","R","L","SF","PHI","S","null","null",3,0,2018,"1.0485","0.7548","0.7350","2.3206","595751.00","null","null",2,3,"Top","null","null",,,460026,,"180603_023916","-5.9132","-134.3320","-6.3385","13.2951","27.7085","-22.4541","3.2066","1.4002","null","null","null","90.0590","1901","4.7960",530279,605498,460026,467055,605412,446334,543063,607776,491676,457705,"55.7017","null","null","null","null","null","null","null",17,"4","4-Seam Fastball",0,0,0,0,0,0,0,0,"Standard","Standard"
"CH","2018-06-02","86.8","2.5786","6.3232","Andrew Suarez",514917,605498,"null","ball",,,,,"14","null","R","R","L","SF","PHI","B","null","null",2,0,2018,"1.5803","0.5821","0.6252","1.1123","595751.00","null","null",2,3,"Top","null","null",,,460026,,"180603_023856","-7.6035","-125.8026","-7.2163","17.7226","25.6524","-25.0159","3.2824","1.4961","null","null","null","84.9040","1733","5.2910",530279,605498,460026,467055,605412,446334,543063,607776,491676,457705,"55.2067","null","null","null","null","null","null","null",17,"3","Changeup",0,0,0,0,0,0,0,0,"Standard","Standard"
"FF","2018-06-02","92.6","2.4163","6.4513","Andrew Suarez",514917,605498,"null","ball",,,,,"14","null","R","R","L","SF","PHI","B","null","null",1,0,2018,"1.0604","1.0595","0.1430","0.9750","595751.00","null","null",2,3,"Top","null","null",,,460026,,"180603_023838","-7.8890","-134.1307","-10.1499","14.1659","30.1586","-17.7789","3.3919","1.6062","null","null","null","90.7350","1913","5.4990",530279,605498,460026,467055,605412,446334,543063,607776,491676,457705,"54.9984","null","null","null","null","null","null","null",17,"2","4-Seam Fastball",0,0,0,0,0,0,0,0,"Standard","Standard"
"FF","2018-06-02","93.2","2.2555","6.5523","Andrew Suarez",514917,605498,"null","ball",,,,,"14","null","R","R","L","SF","PHI","B","null","null",0,0,2018,"1.0154","1.1587","0.1761","1.4675","595751.00","null","null",2,3,"Top","null","null",,,460026,,"180603_023820","-7.2385","-135.0241","-9.4023","13.4026","29.0206","-16.9176","3.3439","1.7580","null","null","null","90.6390","1929","4.9460",530279,605498,460026,467055,605412,446334,543063,607776,491676,457705,"55.5511","null","null","null","null","null","null","null",17,"1","4-Seam Fastball",0,0,0,0,0,0,0,0,"Standard","Standard"
"FF","2018-06-02","91.9","2.2779","6.5888","Andrew Suarez",608384,605498,"null","ball",,,,,"12","null","R","L","L","SF","PHI","B","null","null",1,1,2018,"1.1480","0.9687","2.2782","2.6539","null","null","null",0,3,"Top","null","null",,,460026,,"180603_023430","-2.2837","-133.4781","-5.9581","13.5622","27.4182","-20.1780","3.2294","1.4842","null","null","null","89.6260","1831","4.8890",530279,605498,460026,467055,605412,446334,543063,607776,491676,457705,"55.6085","null","null","null","null","null","null","null",14,"3","4-Seam Fastball",0,0,0,0,0,0,0,0,"Infield shift","Standard"
"SL","2018-06-02","88.8","2.3503","6.5657","Andrew Suarez",608384,605498,"null","ball",,,,,"13","null","R","L","L","SF","PHI","B","null","null",0,1,2018,"-0.5365","0.5727","-0.7366","0.7294","null","null","null",0,3,"Top","null","null",,,460026,,"180603_023415","-6.3233","-128.8812","-9.1699","-4.5514","24.4600","-24.5510","3.3024","1.5093","null","null","null","86.9180","2226","5.0440",530279,605498,460026,467055,605412,446334,543063,607776,491676,457705,"55.4533","null","null","null","null","null","null","null",14,"2","Slider",0,0,0,0,0,0,0,0,"Infield shift","Standard"
"SL","2018-06-02","88.2","2.3068","6.6696","Andrew Suarez",608384,605498,"null","called_strike",,,,,"2","null","R","L","L","SF","PHI","S","null","null",0,0,2018,"-0.4652","0.5002","-0.0460","2.9433","null","null","null",0,3,"Top","null","null",,,460026,,"180603_023401","-4.6810","-128.2092","-3.9321","-4.0976","22.8740","-26.4165","3.3024","1.5093","null","null","null","86.4590","2238","4.9290",530279,605498,460026,467055,605412,446334,543063,607776,491676,457705,"55.5680","null","null","null","null","null","null","null",14,"1","Slider",0,0,0,0,0,0,0,0,"Infield shift","Standard"
"CU","2018-06-02","82.6","-2.3024","5.7092","Vince Velasquez",491676,592826,"null","ball",,,,,"12","null","R","R","R","SF","PHI","B","null","null",1,1,2018,"0.4364","-0.9458","1.0332","2.7019","null","467055.00","null",2,2,"Bot","null","null",,,595751,,"180603_023058","6.6671","-120.0121","1.4301","2.8127","23.2054","-41.5963","3.2244","1.3979","null","null","null","81.3930","2412","5.5520",530279,592826,595751,467793,514917,596748,664068,608384,546318,571437,"54.9455","null","null","null","null","null","null","null",13,"3","Curveball",0,0,0,0,0,0,0,0,"Standard","Standard"
"FT","2018-06-02","92.5","-2.0539","5.5738","Vince Velasquez",491676,592826,"null","ball",,,,,"14","null","R","R","R","SF","PHI","B","null","null",0,0,2018,"-1.0682","0.6732","0.1823","1.1028","null","467055.00","null",2,2,"Bot","null","null",,,595751,,"180603_022959","8.1303","-134.6185","-7.2203","-14.8123","24.8184","-22.6178","3.3347","1.4603","null","null","null","93.8530","1889","6.7410",530279,592826,595751,467793,514917,596748,664068,608384,546318,571437,"53.7568","null","null","null","null","null","null","null",13,"1","2-Seam Fastball",0,0,0,0,0,0,0,0,"Standard","Standard"
"FF","2018-06-02","95.9","-2.2889","5.6592","Vince Velasquez",607776,592826,"null","ball",,,,,"14","null","R","R","R","SF","PHI","B","null","null",0,0,2018,"-0.6606","1.4144","1.1010","1.6031","null","467055.00","null",1,2,"Bot","null","null",,,595751,,"180603_022714","10.4275","-139.0849","-8.2682","-10.8696","30.4901","-12.1940","3.7128","1.5563","null","null","null","95.7600","2326","6.3400",530279,592826,595751,467793,514917,596748,664068,608384,546318,571437,"54.1577","null","null","null","null","null","null","null",12,"1","4-Seam Fastball",0,0,0,0,0,0,0,0,"Standard","Standard"
"CU","2018-06-02","81.5","-2.2070","5.6797","Vince Velasquez",467055,592826,"null","ball",,,,,"11","null","R","L","R","SF","PHI","B","null","null",2,1,2018,"0.4031","-0.7480","-0.9825","2.9280","null","null","null",1,2,"Bot","null","null",,,595751,,"180603_022551","1.9745","-118.6324","1.7687","3.3554","22.2826","-39.6644","3.0458","1.3900","null","null","null","80.7310","2340","5.7030",530279,592826,595751,467793,514917,596748,664068,608384,546318,571437,"54.7945","null","null","null","null","null","null","null",11,"4","Curveball",0,0,0,0,0,0,0,0,"Strategic","Standard"
"FF","2018-06-02","94.8","-2.0201","5.7508","Vince Velasquez",467055,592826,"null","ball",,,,,"11","null","R","L","R","SF","PHI","B","null","null",1,1,2018,"-0.1595","1.3174","-0.0168","4.6085","null","null","null",1,2,"Bot","null","null",,,595751,,"180603_022533","5.6215","-138.0942","-0.3562","-3.1567","26.6359","-15.1704","3.1417","1.3421","null","null","null","95.7970","2336","6.5060",530279,592826,595751,467793,514917,596748,664068,608384,546318,571437,"53.9914","null","null","null","null","null","null","null",11,"3","4-Seam Fastball",0,0,0,0,0,0,0,0,"Strategic","Standard"
"FT","2018-06-02","94.9","-2.2314","5.5334","Vince Velasquez",467055,592826,"null","ball",,,,,"14","null","R","L","R","SF","PHI","B","null","null",0,1,2018,"-1.2666","0.7460","0.1162","0.9316","null","null","null",1,2,"Bot","null","null",,,595751,,"180603_022515","9.0272","-137.9503","-8.1345","-18.2053","27.2332","-21.0766","3.0937","1.3900","null","null","null","95.7030","2142","6.5560",530279,592826,595751,467793,514917,596748,664068,608384,546318,571437,"53.9411","null","null","null","null","null","null","null",11,"2","2-Seam Fastball",0,0,0,0,0,0,0,0,"Strategic","Standard"
"FT","2018-06-02","92.5","-2.3131","5.5018","Vince Velasquez",467055,592826,"null","called_strike",,,,,"5","null","R","L","R","SF","PHI","S","null","null",0,0,2018,"-1.2356","0.6024","-0.2185","2.1665","null","null","null",1,2,"Bot","null","null",,,595751,,"180603_022500","8.1089","-134.6904","-4.1638","-16.8107","23.2334","-24.1017","3.0558","1.3421","null","null","null","93.8960","2081","6.6170",530279,592826,595751,467793,514917,596748,664068,608384,546318,571437,"53.8808","null","null","null","null","null","null","null",11,"1","2-Seam Fastball",0,0,0,0,0,0,0,0,"Strategic","Standard"
"CU","2018-06-02","85.0","-2.2498","5.7353","Vince Velasquez",446334,592826,"strikeout","called_strike",,,,,"14","Evan Longoria called out on strikes.  ","R","R","R","SF","PHI","S",2,"null",0,2,2018,"0.2140","-0.2636","0.8564","1.8222","null","null","null",0,2,"Bot","null","null",,,595751,,"180603_022433","6.8061","-123.7430","-2.4040","1.0056","21.3940","-34.6541","3.5475","1.6137","null","null","null","84.8440","2439","5.8640",530279,592826,595751,467793,514917,596748,664068,608384,546318,571437,"54.6332","null","null","0.00",1,0,0,"null",10,"4","Curveball",0,0,0,0,0,0,0,0,"Infield shift","Standard"
"FT","2018-06-02","93.1","-2.2304","5.6076","Vince Velasquez",446334,592826,"null","called_strike",,,,,"7","null","R","R","R","SF","PHI","S","null","null",0,0,2018,"-1.1474","0.7439","-0.7680","1.9582","null","null","null",0,2,"Bot","null","null",,,595751,,"180603_022325","6.2197","-135.4491","-5.2326","-15.3328","27.2978","-22.2004","3.7643","1.5908","null","null","null","93.0600","2005","6.1010",530279,592826,595751,467793,514917,596748,664068,608384,546318,571437,"54.3963","null","null","null","null","null","null","null",10,"1","2-Seam Fastball",0,0,0,0,0,0,0,0,"Infield shift","Standard"
"FF","2018-06-02","92.7","2.3624","6.5264","Andrew Suarez",596748,605498,"null","ball",,,,,"14","null","R","R","L","SF","PHI","B","null","null",2,0,2018,"0.9571","1.3338","0.8333","1.2635","null","null","null",2,2,"Top","null","null",,,460026,,"180603_022052","-5.7268","-134.3646","-10.1113","12.2934","28.4623","-14.8691","3.0347","1.4077","null","null","null","90.2940","1925","4.9860",530279,605498,460026,467055,605412,446334,543063,607776,491676,457705,"55.5110","null","null","null","null","null","null","null",9,"3","4-Seam Fastball",0,0,0,0,0,0,0,0,"Standard","Standard"
"FF","2018-06-02","93.2","2.3021","6.5653","Andrew Suarez",596748,605498,"null","ball",,,,,"14","null","R","R","L","SF","PHI","B","null","null",1,0,2018,"1.2750","1.1138","0.4978","1.3035","null","null","null",2,2,"Top","null","null",,,460026,,"180603_022038","-7.0805","-135.0805","-9.7907","16.3923","27.5807","-17.3864","3.2660","1.4473","null","null","null","90.8770","2030","4.9600",530279,605498,460026,467055,605412,446334,543063,607776,491676,457705,"55.5372","null","null","null","null","null","null","null",9,"2","4-Seam Fastball",0,0,0,0,0,0,0,0,"Standard","Standard"
"CU","2018-06-02","78.7","2.4185","6.5173","Andrew Suarez",596748,605498,"null","ball",,,,,"14","null","R","R","L","SF","PHI","B","null","null",0,0,2018,"-0.7067","-0.6066","0.1227","0.6641","null","null","null",2,2,"Top","null","null",,,460026,,"180603_022019","-3.6379","-114.3919","-4.7524","-5.3089","18.7563","-36.7307","3.2744","1.4557","null","null","null","76.7240","2571","4.6800",530279,605498,460026,467055,605412,446334,543063,607776,491676,457705,"55.8169","null","null","null","null","null","null","null",9,"1","Curveball",0,0,0,0,0,0,0,0,"Standard","Standard"
"CH","2018-06-02","86.7","2.7176","6.3530","Andrew Suarez",467793,605498,"null","ball",,,,,"12","null","R","R","L","SF","PHI","B","null","null",1,0,2018,"0.8164","0.6046","1.3323","3.1916","null","null","null",1,2,"Top","null","null",,,460026,,"180603_021842","-4.8339","-126.0664","-2.5614","9.3768","23.2882","-25.6569","3.4775","1.4569","null","null","null","85.6000","1628","5.4160",530279,605498,460026,467055,605412,446334,543063,607776,491676,457705,"55.0816","null","null","null","null","null","null","null",8,"2","Changeup",0,0,0,0,0,0,0,0,"Standard","Standard"
"FF","2018-06-02","92.2","2.4174","6.5079","Andrew Suarez",467793,605498,"null","ball",,,,,"9","null","R","R","L","SF","PHI","B","null","null",0,0,2018,"1.0903","1.1073","0.3512","1.4724","null","null","null",1,2,"Top","null","null",,,460026,,"180603_021829","-7.3387","-133.6918","-9.0435","14.1248","27.8626","-17.7618","3.4607","1.4881","null","null","null","90.2180","2015","5.1980",530279,605498,460026,467055,605412,446334,543063,607776,491676,457705,"55.2996","null","null","null","null","null","null","null",8,"1","4-Seam Fastball",0,0,0,0,0,0,0,0,"Standard","Standard"
"FF","2018-06-02","92.6","2.4092","6.5639","Andrew Suarez",571437,605498,"null","called_strike",,,,,"9","null","R","R","L","SF","PHI","S","null","null",0,0,2018,"1.1593","1.2118","0.7317","1.6104","null","null","null",0,2,"Top","null","null",,,460026,,"180603_021738","-6.4624","-134.1882","-9.0531","14.6699","27.3379","-16.6460","3.9552","1.7292","null","null","null","90.0730","2071","4.8410",530279,605498,460026,467055,605412,446334,543063,607776,491676,457705,"55.6561","null","null","null","null","null","null","null",7,"1","4-Seam Fastball",0,0,0,0,0,0,0,0,"Standard","Standard"
"FF","2018-06-02","96.0","-2.0917","5.8263","Vince Velasquez",457705,592826,"null","ball",,,,,"3","null","R","R","R","SF","PHI","B","null","null",0,1,2018,"-0.3009","1.4507","0.7157","3.1474","null","null","null",2,1,"Bot","null","null",,,595751,,"180603_021502","8.0955","-139.5430","-4.7705","-5.6653","29.8283","-12.3931","3.4000","1.6088","null","null","null","96.0650","2230","6.2720",530279,592826,595751,467793,514917,596748,664068,608384,546318,571437,"54.2253","null","null","null","null","null","null","null",6,"2","4-Seam Fastball",0,0,0,0,0,0,0,0,"Infield shift","Strategic"
"FT","2018-06-02","93.5","-2.2099","5.6463","Vince Velasquez",457705,592826,"null","called_strike",,,,,"2","null","R","R","R","SF","PHI","S","null","null",0,0,2018,"-1.3775","0.7977","0.1812","3.0937","null","null","null",2,1,"Bot","null","null",,,595751,,"180603_021445","9.2316","-135.9201","-2.6326","-19.1122","27.5012","-21.8465","3.4653","1.4904","null","null","null","94.0220","1994","6.4770",530279,592826,595751,467793,514917,596748,664068,608384,546318,571437,"54.0206","null","null","null","null","null","null","null",6,"1","2-Seam Fastball",0,0,0,0,0,0,0,0,"Infield shift","Strategic"
"FT","2018-06-02","94.2","-2.1376","5.6751","Vince Velasquez",543063,592826,"null","ball",,,,,"12","null","R","L","R","SF","PHI","B","null","null",1,2,2018,"-1.3394","0.9111","0.8482","3.5351","null","null","null",1,1,"Bot","null","null",,,595751,,"180603_021351","10.6745","-136.9400","-1.9151","-18.9751","26.3450","-20.4889","3.3124","1.4959","null","null","null","94.4490","2066","6.2010",530279,592826,595751,467793,514917,596748,664068,608384,546318,571437,"54.2969","null","null","null","null","null","null","null",5,"4","2-Seam Fastball",0,0,0,0,0,0,0,0,"Infield shift","Standard"
"FF","2018-06-02","95.2","-2.3215","5.7243","Vince Velasquez",543063,592826,"null","ball",,,,,"14","null","R","L","R","SF","PHI","B","null","null",0,0,2018,"-0.3121","1.3175","0.4702","0.8916","null","null","null",1,1,"Bot","null","null",,,595751,,"180603_021246","8.0145","-138.2233","-9.9819","-5.7014","29.0738","-13.3290","3.4562","1.5439","null","null","null","95.2950","2432","6.3380",530279,592826,595751,467793,514917,596748,664068,608384,546318,571437,"54.1593","null","null","null","null","null","null","null",5,"1","4-Seam Fastball",0,0,0,0,0,0,0,0,"Infield shift","Standard"
"FT","2018-06-02","95.1","-2.3771","5.6710","Vince Velasquez",605412,592826,"null","ball",,,,,"13","null","R","L","R","SF","PHI","B","null","null",0,2,2018,"-1.3678","0.9140","-1.3026","1.4845","null","null","null",0,1,"Bot","null","null",,,595751,,"180603_021143","5.7867","-138.1295","-7.2607","-18.5522","30.9860","-19.2527","3.0580","1.3575","null","null","null","94.3160","2048","5.9470",530279,592826,595751,467793,514917,596748,664068,608384,546318,571437,"54.5504","null","null","null","null","null","null","null",4,"3","2-Seam Fastball",0,0,0,0,0,0,0,0,"Strategic","Standard"
"FF","2018-06-02","94.2","-2.4745","5.7219","Vince Velasquez",605412,592826,"null","called_strike",,,,,"4","null","R","L","R","SF","PHI","S","null","null",0,0,2018,"-0.4267","1.4944","-0.6666","2.0223","null","null","null",0,1,"Bot","null","null",,,595751,,"180603_021109","5.5902","-136.9159","-7.1124","-6.5392","30.4539","-12.2783","2.9900","1.4334","null","null","null","93.5580","2368","5.9900",530279,592826,595751,467793,514917,596748,664068,608384,546318,571437,"54.5079","null","null","null","null","null","null","null",4,"1","4-Seam Fastball",0,0,0,0,0,0,0,0,"Strategic","Standard"
"SL","2018-06-02","88.6","2.1680","6.6529","Andrew Suarez",546318,605498,"null","called_strike",,,,,"11","null","R","L","L","SF","PHI","S","null","null",0,1,2018,"-0.7234","0.2285","-0.9303","2.9498","null","null","null",2,1,"Top","null","null",,,460026,,"180603_020824","-5.9694","-128.6840","-3.3595","-6.4871","25.4583","-29.3635","3.3046","1.6041","null","null","null","86.4060","2213","4.8860",530279,605498,460026,467055,605412,446334,543063,607776,491676,457705,"55.6111","null","null","null","null","null","null","null",3,"2","Slider",0,0,0,0,0,0,0,0,"Standard","Standard"
"FF","2018-06-02","93.3","2.3291","6.5413","Andrew Suarez",546318,605498,"null","called_strike",,,,,"2","null","R","L","L","SF","PHI","S","null","null",0,0,2018,"0.8313","1.5536","0.1189","2.6795","null","null","null",2,1,"Top","null","null",,,460026,,"180603_020805","-7.2070","-135.3351","-7.2066","11.2655","28.1991","-12.6998","3.2087","1.4123","null","null","null","90.9540","1946","4.9400",530279,605498,460026,467055,605412,446334,543063,607776,491676,457705,"55.5570","null","null","null","null","null","null","null",3,"1","4-Seam Fastball",0,0,0,0,0,0,0,0,"Standard","Standard"
"FF","2018-06-02","92.7","2.3195","6.5580","Andrew Suarez",664068,605498,"null","called_strike",,,,,"9","null","R","R","L","SF","PHI","S","null","null",0,0,2018,"1.1912","1.1170","0.8147","1.3420","null","null","null",1,1,"Top","null","null",,,460026,,"180603_020700","-6.1252","-134.2910","-9.5408","15.0470","28.1392","-17.5455","3.4001","1.4597","null","null","null","90.2090","2038","4.9420",530279,605498,460026,467055,605412,446334,543063,607776,491676,457705,"55.5557","null","null","null","null","null","null","null",2,"1","4-Seam Fastball",0,0,0,0,0,0,0,0,"Standard","Standard"
"FF","2018-06-02","92.5","2.4326","6.5723","Andrew Suarez",514917,605498,"null","called_strike",,,,,"8","null","R","R","L","SF","PHI","S","null","null",3,1,2018,"0.9384","1.5469","-0.1874","1.6539","null","null","null",0,1,"Top","null","null",,,460026,,"180603_020604","-8.3575","-134.0707","-9.6736","12.4285","24.9328","-12.6976","3.3023","1.4959","null","null","null","90.3810","2084","4.9050",530279,605498,460026,467055,605412,446334,543063,607776,491676,457705,"55.5927","null","null","null","null","null","null","null",1,"5","4-Seam Fastball",0,0,0,0,0,0,0,0,"Standard","Standard"
"FF","2018-06-02","92.5","2.4773","6.6301","Andrew Suarez",514917,605498,"null","ball",,,,,"12","null","R","R","L","SF","PHI","B","null","null",2,1,2018,"0.8544","1.3130","1.1143","3.2813","null","null","null",0,1,"Top","null","null",,,460026,,"180603_020551","-5.0773","-134.4379","-5.3357","10.8783","25.8214","-16.1925","3.2510","1.5126","null","null","null","90.3710","2047","4.8000",530279,605498,460026,467055,605412,446334,543063,607776,491676,457705,"55.6969","null","null","null","null","null","null","null",1,"4","4-Seam Fastball",0,0,0,0,0,0,0,0,"Standard","Standard"
"FF","2018-06-02","93.1","2.4912","6.5608","Andrew Suarez",514917,605498,"null","ball",,,,,"14","null","R","R","L","SF","PHI","B","null","null",1,0,2018,"1.2067","1.2387","0.2564","0.9147","null","null","null",0,1,"Top","null","null",,,460026,,"180603_020513","-8.0096","-134.7186","-10.9163","15.7796","29.6604","-15.6705","3.2822","1.4959","null","null","null","90.4290","2115","5.0030",530279,605498,460026,467055,605412,446334,543063,607776,491676,457705,"55.4947","null","null","null","null","null","null","null",1,"2","4-Seam Fastball",0,0,0,0,0,0,0,0,"Standard","Standard"
"FF","2018-06-02","92.1","2.5041","6.5514","Andrew Suarez",514917,605498,"null","ball",,,,,"14","null","R","R","L","SF","PHI","B","null","null",0,0,2018,"1.1145","1.1328","0.3138","1.2762","null","null","null",0,1,"Top","null","null",,,460026,,"180603_020458","-7.5846","-133.3278","-9.5094","14.2392","28.9660","-17.6067","3.4009","1.5296","null","null","null","89.1750","2062","4.7920",530279,605498,460026,467055,605412,446334,543063,607776,491676,457705,"55.7055","null","null","null","null","null","null","null",1,"1","4-Seam Fastball",0,0,0,0,0,0,0,0,"Standard","Standard"