"pitch_type","game_date","release_speed","release_pos_x","release_pos_z","player_name","batter","pitcher","events","description","spin_dir","spin_rate_deprecated","break_angle_deprecated","break_length_deprecated","zone","des","game_type","stand","p_throws","home_team","away_team","type","hit_location","bb_type","balls","strikes","game_year","pfx_x","pfx_z","plate_x","plate_z","on_3b","on_2b","on_1b","outs_when_up","inning","inning_topbot","hc_x","hc_y","tfs_deprecated","tfs_zulu_deprecated","pos2_person_id","umpire","sv_id","vx0","vy0","vz0","ax","ay","az","sz_top","sz_bot","hit_distance_sc","launch_speed","launch_angle","effective_speed","release_spin_rate","release_extension","game_pk","pos1_person_id","pos2_person_id","pos3_person_id","pos4_person_id","pos5_person_id","pos6_person_id","pos7_person_id","pos8_person_id","pos9_person_id","release_pos_y","estimated_ba_using_speedangle","estimated_woba_using_speedangle","woba_value","woba_denom","babip_value","iso_value","launch_speed_angle","at_bat_number","pitch_number","pitch_name","home_score","away_score","bat_score","fld_score","post_away_score","post_home_score","post_bat_score","post_fld_score","if_fielding_alignment","of_fielding_alignment"
"SL","2018-05-04","90.5","-1.5330","5.4334","Sam Dyson",542255,473879,"null","ball",,,,,"13","null","R","L","R","ATL","SF","B","null","null",2,2,2018,"0.1914","0.7293","-0.9418","1.0846","null","null","null",2,9,"Bot","null","null",,,457763,,"180505_022035","1.0623","-131.6000","-6.3417","1.9617","24.2100","-23.0278","2.9629","1.4011","null","null","null","89.1380","2488","5.1880",529893,473879,457763,474832,593700,446334,543063,453923,491676,457705,"55.3114","null","null","null","null","null","null","null",79,"6","Slider",4,9,4,9,9,4,4,9,"Standard","Standard"
"FT","2018-05-04","92.0","-1.7365","5.3961","Sam Dyson",542255,473879,"null","ball",,,,,"13","null","R","L","R","ATL","SF","B","null","null",1,2,2018,"-1.3126","0.3005","-1.8695","2.1469","null","null","null",2,9,"Bot","null","null",,,457763,,"180505_021956","2.3699","-133.8101","-3.0202","-15.8319","27.0163","-28.2939","3.0244","1.4011","null","null","null","90.8080","2134","5.4470",529893,473879,457763,474832,593700,446334,543063,453923,491676,457705,"55.0526","null","null","null","null","null","null","null",79,"4","2-Seam Fastball",4,9,4,9,9,4,4,9,"Standard","Standard"
"CU","2018-05-04","81.9","-1.4832","5.5095","Sam Dyson",542255,473879,"null","ball",,,,,"14","null","R","L","R","ATL","SF","B","null","null",0,2,2018,"1.6476","-0.6472","0.0139","0.2996","null","null","null",2,9,"Bot","null","null",,,457763,,"180505_021930","0.3424","-118.9946","-3.8904","14.8664","23.6123","-37.5595","3.0039","1.4011","null","null","null","79.8810","3196","5.0560",529893,473879,457763,474832,593700,446334,543063,453923,491676,457705,"55.4433","null","null","null","null","null","null","null",79,"3","Curveball",4,9,4,9,9,4,4,9,"Standard","Standard"
"CU","2018-05-04","81.1","-1.6115","5.5219","Sam Dyson",542255,473879,"null","called_strike",,,,,"1","null","R","L","R","ATL","SF","S","null","null",0,1,2018,"1.8091","-0.5699","-0.3077","2.4809","null","null","null",2,9,"Bot","null","null",,,457763,,"180505_021907","-0.3706","-117.7715","0.8904","16.1070","23.7198","-37.7020","2.9624","1.3600","null","null","null","78.9760","3162","5.0560",529893,473879,457763,474832,593700,446334,543063,453923,491676,457705,"55.4436","null","null","null","null","null","null","null",79,"2","Curveball",4,9,4,9,9,4,4,9,"Standard","Standard"
"SL","2018-05-04","90.2","-1.5558","5.5258","Sam Dyson",605512,473879,"null","ball",,,,,"12","null","R","L","R","ATL","SF","B","null","null",0,1,2018,"0.1187","0.5942","0.1189","3.9929","null","null","622666.00",0,9,"Bot","null","null",,,457763,,"180505_021700","3.8611","-131.3299","0.8312","0.6180","24.6256","-25.8411","3.0811","1.4991","null","null","null","89.3070","2444","5.4500",529893,473879,457763,474832,593700,446334,543063,453923,491676,457705,"55.0499","null","null","null","null","null","null","null",78,"2","Slider",4,9,4,9,9,4,4,9,"Standard","Standard"
"FT","2018-05-04","92.9","-1.6706","5.4364","Sam Dyson",605512,473879,"null","called_strike",,,,,"5","null","R","L","R","ATL","SF","S","null","null",0,0,2018,"-1.4201","0.3881","-0.1605","2.6779","null","null","622666.00",0,9,"Bot","null","null",,,457763,,"180505_021639","6.7459","-135.0426","-2.1111","-18.2755","26.7896","-27.3654","3.2142","1.5402","null","null","null","91.7030","2288","5.4280",529893,473879,457763,474832,593700,446334,543063,453923,491676,457705,"55.0713","null","null","null","null","null","null","null",78,"1","2-Seam Fastball",4,9,4,9,9,4,4,9,"Standard","Standard"
"FT","2018-05-04","91.5","-1.7995","5.4791","Sam Dyson",622666,473879,"walk","ball",,,,,"11","Johan Camargo walks.  ","R","L","R","ATL","SF","B","null","null",3,0,2018,"-1.2991","0.3098","-1.1034","3.5015","null","null","null",0,9,"Bot","null","null",,,457763,,"180505_021551","4.3962","-133.0512","0.2012","-15.9339","26.9426","-28.8704","3.4901","1.7412","null","null","null","90.3560","2289","5.5050",529893,473879,457763,474832,593700,446334,543063,453923,491676,457705,"54.9952","null","null","0.70",1,0,0,"null",77,"4","2-Seam Fastball",4,9,4,9,9,4,4,9,"Standard","Standard"
"FT","2018-05-04","92.9","-1.7280","5.4488","Sam Dyson",622666,473879,"null","ball",,,,,"11","null","R","L","R","ATL","SF","B","null","null",2,0,2018,"-1.3294","0.1269","-1.5564","2.5188","null","null","null",0,9,"Bot","null","null",,,457763,,"180505_021534","3.1460","-135.0251","-1.9668","-16.3085","28.0800","-30.5342","3.3670","1.6386","null","null","null","91.0870","2172","5.1550",529893,473879,457763,474832,593700,446334,543063,453923,491676,457705,"55.3445","null","null","null","null","null","null","null",77,"3","2-Seam Fastball",4,9,4,9,9,4,4,9,"Standard","Standard"
"FF","2018-05-04","93.1","-1.6324","5.5748","Sam Dyson",622666,473879,"null","ball",,,,,"12","null","R","L","R","ATL","SF","B","null","null",1,0,2018,"-0.3131","1.0108","0.8906","3.0977","null","null","null",0,9,"Bot","null","null",,,457763,,"180505_021516","6.9712","-135.3004","-2.6906","-5.0975","26.8347","-19.9006","3.5106","1.7617","null","null","null","91.4430","2330","5.1580",529893,473879,457763,474832,593700,446334,543063,453923,491676,457705,"55.3421","null","null","null","null","null","null","null",77,"2","4-Seam Fastball",4,9,4,9,9,4,4,9,"Standard","Standard"
"FT","2018-05-04","92.4","-1.7998","5.5609","Sam Dyson",622666,473879,"null","ball",,,,,"11","null","R","L","R","ATL","SF","B","null","null",0,0,2018,"-1.3359","0.3899","-1.6841","3.5909","null","null","null",0,9,"Bot","null","null",,,457763,,"180505_021500","3.0270","-134.4551","-0.0782","-16.3202","26.5668","-27.8153","3.4285","1.5565","null","null","null","91.0870","2217","5.2960",529893,473879,457763,474832,593700,446334,543063,453923,491676,457705,"55.2042","null","null","null","null","null","null","null",77,"1","2-Seam Fastball",4,9,4,9,9,4,4,9,"Standard","Standard"
"FF","2018-05-04","92.1","0.9376","6.1733","Max Fried",467055,608331,"null","called_strike",,,,,"11","null","R","R","L","ATL","SF","S","null","null",0,0,2018,"0.3067","0.5183","-0.8478","2.4732","null","null","null",2,9,"Top","null","null",,,452095,,"180505_021149","-5.1808","-134.1525","-4.7674","4.6563","24.2685","-25.2152","3.1567","1.4694","null","null","null","92.5420","1862","6.1360",529893,608331,452095,518692,645277,430832,622666,660670,542255,455976,"54.3641","null","null","null","null","null","null","null",76,"1","4-Seam Fastball",4,9,9,4,9,4,9,4,"Standard","Standard"
"FF","2018-05-04","91.9","0.8970","6.3228","Max Fried",446334,608331,"null","ball",,,,,"11","null","R","R","L","ATL","SF","B","null","null",1,1,2018,"0.3654","0.7539","-0.2916","3.7134","null","null","null",1,9,"Top","null","null",,,452095,,"180505_021001","-3.7865","-133.9594","-2.4741","5.1096","24.8771","-22.8171","3.5653","1.6294","null","null","null","92.2790","1953","6.1090",529893,608331,452095,518692,645277,430832,622666,660670,542255,455976,"54.3906","null","null","null","null","null","null","null",74,"3","4-Seam Fastball",4,8,8,4,8,4,8,4,"Infield shift","Standard"
"FF","2018-05-04","91.1","1.1974","6.1626","Max Fried",446334,608331,"null","ball",,,,,"11","null","R","R","L","ATL","SF","B","null","null",0,1,2018,"0.2673","0.7278","-0.8621","3.3197","null","null","null",1,9,"Top","null","null",,,452095,,"180505_020944","-5.7159","-132.6628","-2.8616","4.2068","24.4132","-23.2548","3.5447","1.6910","null","null","null","91.2860","1982","6.0500",529893,608331,452095,518692,645277,430832,622666,660670,542255,455976,"54.4492","null","null","null","null","null","null","null",74,"2","4-Seam Fastball",4,8,8,4,8,4,8,4,"Infield shift","Standard"
"FF","2018-05-04","95.2","0.6124","6.3362","Max Fried",474832,608331,"null","ball",,,,,"12","null","R","L","L","ATL","SF","B","null","null",1,2,2018,"0.2783","0.8995","0.0950","3.7258","null","null","null",0,9,"Top","null","null",,,452095,,"180505_020836","-1.9645","-138.8069","-3.2993","3.9609","25.5978","-20.1282","3.0417","1.4786","null","null","null","95.5500","2008","5.9920",529893,608331,452095,518692,645277,430832,622666,660670,542255,455976,"54.5081","null","null","null","null","null","null","null",73,"4","4-Seam Fastball",4,8,8,4,8,4,8,4,"Infield shift","Standard"
"FF","2018-05-04","91.4","1.0525","6.2343","Max Fried",474832,608331,"null","called_strike",,,,,"5","null","R","L","L","ATL","SF","S","null","null",1,1,2018,"0.4685","0.9683","-0.2376","2.2408","null","null","null",0,9,"Top","null","null",,,452095,,"180505_020817","-4.2642","-133.1598","-6.3954","6.3867","23.0329","-19.5652","3.1237","1.5196","null","null","null","92.3040","1927","6.3340",529893,608331,452095,518692,645277,430832,622666,660670,542255,455976,"54.1656","null","null","null","null","null","null","null",73,"3","4-Seam Fastball",4,8,8,4,8,4,8,4,"Standard","Standard"
"FF","2018-05-04","91.6","1.1536","6.2750","Max Fried",474832,608331,"null","ball",,,,,"12","null","R","L","L","ATL","SF","B","null","null",0,1,2018,"0.1918","0.8973","0.0579","4.2519","null","null","null",0,9,"Top","null","null",,,452095,,"180505_020801","-3.1787","-133.5829","-1.2944","2.8723","23.3664","-21.2943","3.1647","1.4786","null","null","null","92.3520","1932","6.2030",529893,608331,452095,518692,645277,430832,622666,660670,542255,455976,"54.2966","null","null","null","null","null","null","null",73,"2","4-Seam Fastball",4,8,8,4,8,4,8,4,"Standard","Standard"
"CU","2018-05-04","71.9","1.2790","6.0647","Max Fried",474832,608331,"null","called_strike",,,,,"5","null","R","L","L","ATL","SF","S","null","null",0,0,2018,"-1.0349","-1.5688","0.2067","2.3950","null","null","null",0,9,"Top","null","null",,,452095,,"180505_020745","-0.4425","-104.3444","2.7464","-7.0997","19.1308","-43.8706","3.2263","1.5196","null","null","null","69.8740","2690","5.0430",529893,608331,452095,518692,645277,430832,622666,660670,542255,455976,"55.4564","null","null","null","null","null","null","null",73,"1","Curveball",4,8,8,4,8,4,8,4,"Standard","Standard"
"SI","2018-05-04","92.8","3.4041","5.1575","Tony Watson",452095,453265,"null","called_strike",,,,,"9","null","R","R","L","ATL","SF","S","null","null",0,0,2018,"1.5747","0.4203","0.3517","2.0295","null","null","455976.00",2,8,"Bot","null","null",,,457763,,"180505_020404","-11.0018","-134.5618","-3.0244","21.0920","29.4632","-26.7756","3.4140","1.4987","null","null","null","91.4490","2209","5.6910",529893,453265,457763,474832,593700,446334,543063,453923,491676,457705,"54.8084","null","null","null","null","null","null","null",72,"1","Sinker",4,8,4,8,8,4,4,8,"Standard","Standard"
"CH","2018-05-04","86.4","3.4436","5.1871","Tony Watson",430832,453265,"null","ball",,,,,"12","null","R","R","L","ATL","SF","B","null","null",1,1,2018,"1.4984","0.7916","1.6123","2.6638","null","null","455976.00",1,8,"Bot","null","null",,,457763,,"180505_020258","-7.2068","-125.3923","-1.2468","16.8704","28.0996","-24.1176","3.3139","1.5594","null","null","null","84.6720","2305","5.5570",529893,453265,457763,474832,593700,446334,543063,453923,491676,457705,"54.9426","null","null","null","null","null","null","null",71,"3","Changeup",4,8,4,8,8,4,4,8,"Standard","Strategic"
"SI","2018-05-04","91.4","3.3831","5.2385","Tony Watson",430832,453265,"null","ball",,,,,"13","null","R","R","L","ATL","SF","B","null","null",0,0,2018,"0.7565","1.2784","-1.4233","2.1539","null","null","455976.00",1,8,"Bot","null","null",,,457763,,"180505_020219","-13.5379","-132.3529","-4.4882","11.6355","28.2422","-16.6741","3.3139","1.5800","null","null","null","90.2900","2211","5.8830",529893,453265,457763,474832,593700,446334,543063,453923,491676,457705,"54.6171","null","null","null","null","null","null","null",71,"1","Sinker",4,8,4,8,8,4,4,8,"Standard","Strategic"
"SI","2018-05-04","92.3","3.4413","5.1793","Tony Watson",455976,453265,"null","called_strike",,,,,"4","null","R","L","L","ATL","SF","S","null","null",1,0,2018,"1.4138","0.5306","-0.3155","2.7407","null","null","null",1,8,"Bot","null","null",,,457763,,"180505_020119","-12.3280","-133.6713","-1.4383","19.1607","28.5079","-25.9133","3.4237","1.7525","null","null","null","90.7840","2351","5.6110",529893,453265,457763,474832,593700,446334,543063,453923,491676,457705,"54.8889","null","null","null","null","null","null","null",70,"2","Sinker",4,8,4,8,8,4,4,8,"Standard","Standard"
"SI","2018-05-04","92.7","3.3968","5.2495","Tony Watson",455976,453265,"null","ball",,,,,"13","null","R","L","L","ATL","SF","B","null","null",0,0,2018,"1.2097","0.9823","-1.1290","2.2858","null","null","null",1,8,"Bot","null","null",,,457763,,"180505_020101","-13.9258","-134.1395","-3.7439","17.3570","29.6649","-20.0032","3.4651","1.7730","null","null","null","91.2080","2497","5.7500",529893,453265,457763,474832,593700,446334,543063,453923,491676,457705,"54.7499","null","null","null","null","null","null","null",70,"1","Sinker",4,8,4,8,8,4,4,8,"Standard","Standard"
"SL","2018-05-04","83.1","3.4321","5.2826","Tony Watson",518692,453265,"null","ball",,,,,"13","null","R","L","L","ATL","SF","B","null","null",0,0,2018,"-0.1238","0.2872","-0.3446","1.2895","null","null","null",0,8,"Bot","null","null",,,457763,,"180505_015920","-8.2657","-120.6192","-3.1155","0.5201","24.6363","-29.1019","3.3626","1.6910","null","null","null","81.5080","2428","5.4650",529893,453265,457763,474832,593700,446334,543063,453923,491676,457705,"55.0345","null","null","null","null","null","null","null",69,"1","Slider",4,8,4,8,8,4,4,8,"Infield shift","Standard"
"FF","2018-05-04","93.0","0.7807","6.3051","Max Fried",457705,608331,"null","called_strike",,,,,"8","null","R","R","L","ATL","SF","S","null","null",0,0,2018,"0.2687","0.9316","-0.1691","1.9491","null","null","null",1,8,"Top","null","null",,,452095,,"180505_015540","-3.0690","-135.4887","-7.6109","3.9997","27.0510","-19.0826","3.3135","1.5904","null","null","null","94.3790","2095","6.8390",529893,608331,452095,518692,645277,430832,622666,660670,542255,455976,"53.6609","null","null","null","null","null","null","null",67,"1","4-Seam Fastball",4,8,8,4,8,4,8,4,"Infield shift","Standard"
"CU","2018-05-04","71.2","1.3334","6.1346","Max Fried",593700,608331,"null","called_strike",,,,,"4","null","R","R","L","ATL","SF","S","null","null",0,0,2018,"-0.9122","-1.6440","-0.4121","2.2037","null","null","null",0,8,"Top","null","null",,,452095,,"180505_015425","-1.9139","-103.1953","2.5520","-5.7391","20.3903","-44.0466","3.1192","1.3442","null","null","null","68.6540","2693","4.8960",529893,608331,452095,518692,645277,430832,622666,660670,542255,455976,"55.6041","null","null","null","null","null","null","null",66,"1","Curveball",4,8,8,4,8,4,8,4,"Strategic","Standard"
"SL","2018-05-04","80.6","1.6234","6.6802","Will Smith",645277,519293,"null","called_strike",,,,,"5","null","R","R","L","ATL","SF","S","null","null",0,0,2018,"-0.7415","-0.4519","0.2537","2.5731","518586.00","null","null",1,7,"Bot","null","null",,,457763,,"180505_015025","-1.6591","-117.1473","-1.5979","-6.2367","22.3074","-36.1409","3.2143","1.4612","null","null","null","78.8930","1937","5.1780",529893,519293,457763,474832,593700,446334,543063,453923,491676,457705,"55.3214","null","null","null","null","null","null","null",64,"1","Slider",3,8,3,8,8,3,3,8,"Standard","Standard"
"FF","2018-05-04","93.7","1.5349","6.5241","Will Smith",542255,519293,"null","ball",,,,,"13","null","R","L","L","ATL","SF","B","null","null",1,1,2018,"0.5500","1.3914","-1.2514","1.2001","null","518586.00","null",0,7,"Bot","null","null",,,457763,,"180505_014912","-8.3730","-135.9030","-11.0504","8.4951","26.7982","-12.8776","2.9834","1.2985","null","null","null","93.7330","2147","6.2650",529893,519293,457763,474832,593700,446334,543063,453923,491676,457705,"54.2343","null","null","null","null","null","null","null",63,"3","4-Seam Fastball",3,8,3,8,8,3,3,8,"Standard","Standard"
"CU","2018-05-04","78.9","1.6700","6.6162","Will Smith",542255,519293,"null","ball",,,,,"13","null","R","L","L","ATL","SF","B","null","null",0,0,2018,"-0.7436","-0.5670","-0.9504","1.8080","null","518586.00","null",0,7,"Bot","null","null",,,457763,,"180505_014820","-4.2620","-114.4674","-2.4916","-5.3101","23.1232","-36.6942","3.0449","1.3806","null","null","null","76.4040","2098","4.8690",529893,519293,457763,474832,593700,446334,543063,453923,491676,457705,"55.6308","null","null","null","null","null","null","null",63,"1","Curveball",3,8,3,8,8,3,3,8,"Standard","Standard"
"FF","2018-05-04","93.3","1.9256","6.0774","Jesse Biddle",491676,592145,"null","ball",,,,,"13","null","R","R","L","ATL","SF","B","null","null",0,0,2018,"0.4940","0.8810","-1.6381","2.1912","null","null","457706.00",2,7,"Top","null","null",,,452095,,"180505_014416","-10.2128","-135.5503","-6.1966","8.0556","25.6825","-20.2775","3.1953","1.4497","null","null","null","93.5330","2489","6.2180",529893,592145,452095,518692,645277,430832,622666,660670,542255,455976,"54.2814","null","null","null","null","null","null","null",61,"1","4-Seam Fastball",3,8,8,3,8,3,8,3,"Standard","Standard"
"FF","2018-05-04","93.6","1.9077","6.0245","Jesse Biddle",453923,592145,"null","ball",,,,,"11","null","R","L","L","ATL","SF","B","null","null",0,0,2018,"0.5081","0.9665","-0.9588","2.4936","null","null","457706.00",1,7,"Top","null","null",,,452095,,"180505_014233","-8.4896","-136.0868","-5.5409","7.9544","25.7537","-19.2424","3.0437","1.4895","null","null","null","93.9230","2513","6.2200",529893,592145,452095,518692,645277,430832,622666,660670,542255,455976,"54.2798","null","null","null","null","null","null","null",60,"1","4-Seam Fastball",3,8,8,3,8,3,8,3,"Standard","Standard"
"FF","2018-05-04","95.6","1.9803","6.0150","Jesse Biddle",457706,592145,"walk","ball",,,,,"12","Austin Jackson walks.  ","R","R","L","ATL","SF","B","null","null",3,2,2018,"0.5330","1.1122","0.0704","3.6313","null","null","null",1,7,"Top","null","null",,,452095,,"180505_014151","-6.2153","-139.2064","-3.2202","8.1693","27.2071","-17.2265","3.2842","1.5301","null","null","null","95.9850","2533","6.1860",529893,592145,452095,518692,645277,430832,622666,660670,542255,455976,"54.3135","null","null","0.70",1,0,0,"null",59,"8","4-Seam Fastball",3,8,8,3,8,3,8,3,"Standard","Standard"
"FF","2018-05-04","94.5","1.8978","6.0486","Jesse Biddle",457706,592145,"null","ball",,,,,"11","null","R","R","L","ATL","SF","B","null","null",2,2,2018,"0.2913","1.0810","-0.0046","4.3386","null","null","null",1,7,"Top","null","null",,,452095,,"180505_014109","-5.5722","-137.6133","-1.2208","4.7681","26.4837","-18.4232","3.2819","1.5485","null","null","null","94.6440","2521","6.0370",529893,592145,452095,518692,645277,430832,622666,660670,542255,455976,"54.4623","null","null","null","null","null","null","null",59,"6","4-Seam Fastball",3,8,8,3,8,3,8,3,"Standard","Standard"
"FF","2018-05-04","94.5","1.8850","6.0728","Jesse Biddle",457706,592145,"null","ball",,,,,"12","null","R","R","L","ATL","SF","B","null","null",1,2,2018,"0.0900","1.2669","0.2891","4.0202","null","null","null",1,7,"Top","null","null",,,452095,,"180505_014029","-4.3337","-137.4910","-2.4509","2.0679","29.7299","-15.9472","3.2842","1.5506","null","null","null","94.1560","2543","6.0410",529893,592145,452095,518692,645277,430832,622666,660670,542255,455976,"54.4591","null","null","null","null","null","null","null",59,"4","4-Seam Fastball",3,8,8,3,8,3,8,3,"Standard","Standard"
"FF","2018-05-04","93.9","1.9295","6.0281","Jesse Biddle",457706,592145,"null","called_strike",,,,,"6","null","R","R","L","ATL","SF","S","null","null",1,0,2018,"0.4546","1.1696","0.7169","2.6648","null","null","null",1,7,"Top","null","null",,,452095,,"180505_013952","-4.1576","-136.6816","-5.6005","6.6208","29.8044","-16.4619","3.3252","1.5301","null","null","null","94.1840","2452","6.4150",529893,592145,452095,518692,645277,430832,622666,660670,542255,455976,"54.0849","null","null","null","null","null","null","null",59,"2","4-Seam Fastball",3,8,8,3,8,3,8,3,"Standard","Standard"
"FF","2018-05-04","94.3","1.9627","5.9758","Jesse Biddle",457706,592145,"null","ball",,,,,"11","null","R","R","L","ATL","SF","B","null","null",0,0,2018,"0.3895","1.2552","-0.3656","3.6512","null","null","null",1,7,"Top","null","null",,,452095,,"180505_013937","-6.9561","-137.1957","-3.1663","6.4884","30.3014","-15.7212","3.2637","1.5507","null","null","null","94.7300","2534","6.5470",529893,592145,452095,518692,645277,430832,622666,660670,542255,455976,"53.9531","null","null","null","null","null","null","null",59,"1","4-Seam Fastball",3,8,8,3,8,3,8,3,"Standard","Standard"
"SL","2018-05-04","85.3","2.0065","5.9940","Jesse Biddle",446334,592145,"null","called_strike",,,,,"2","null","R","R","L","ATL","SF","S","null","null",1,1,2018,"-0.3934","-0.1055","-0.0161","3.2245","null","null","null",1,7,"Top","null","null",,,452095,,"180505_013700","-3.9550","-124.2695","-0.0798","-3.3193","22.6247","-33.4589","3.6469","1.6499","null","null","null","85.1160","null","5.9010",529893,592145,452095,518692,645277,430832,622666,660670,542255,455976,"54.5987","null","null","null","null","null","null","null",57,"3","Slider",3,6,6,3,6,3,6,3,"Infield shift","Standard"
"FF","2018-05-04","94.0","1.9276","6.0473","Jesse Biddle",446334,592145,"null","called_strike",,,,,"1","null","R","R","L","ATL","SF","S","null","null",1,0,2018,"0.4957","0.7488","-0.6175","3.0622","null","null","null",1,7,"Top","null","null",,,452095,,"180505_013644","-7.6625","-136.7756","-3.6914","7.7852","28.1477","-22.2447","3.6264","1.6294","null","null","null","94.0190","2311","6.1550",529893,592145,452095,518692,645277,430832,622666,660670,542255,455976,"54.3452","null","null","null","null","null","null","null",57,"2","4-Seam Fastball",3,6,6,3,6,3,6,3,"Infield shift","Standard"
"CU","2018-05-04","75.6","1.9981","6.0398","Jesse Biddle",446334,592145,"null","ball",,,,,"12","null","R","R","L","ATL","SF","B","null","null",0,0,2018,"-1.0594","-1.1191","1.8874","4.4535","null","null","null",1,7,"Top","null","null",,,452095,,"180505_013629","1.5760","-109.6834","5.6930","-8.5927","19.9347","-42.2442","3.5653","1.6705","null","null","null","74.3270","2501","5.5720",529893,592145,452095,518692,645277,430832,622666,660670,542255,455976,"54.9278","null","null","null","null","null","null","null",57,"1","Curveball",3,6,6,3,6,3,6,3,"Infield shift","Standard"
"SL","2018-05-04","87.3","2.1127","6.0030","Jesse Biddle",474832,592145,"null","ball",,,,,"13","null","R","L","L","ATL","SF","B","null","null",0,2,2018,"-0.2994","0.3987","-2.5113","1.6013","null","null","null",0,7,"Top","null","null",,,452095,,"180505_013528","-10.3711","-126.6144","-5.1725","-1.2133","23.8096","-27.2183","3.2058","1.4991","null","null","null","86.3240","2577","5.6740",529893,592145,452095,518692,645277,430832,622666,660670,542255,455976,"54.8261","null","null","null","null","null","null","null",56,"3","Slider",3,6,6,3,6,3,6,3,"Infield shift","Standard"
"SL","2018-05-04","86.7","2.1533","6.0481","Jesse Biddle",474832,592145,"null","called_strike",,,,,"1","null","R","L","L","ATL","SF","S","null","null",0,0,2018,"-0.2115","0.1681","-0.7578","2.6996","null","null","null",0,7,"Top","null","null",,,452095,,"180505_013453","-6.4849","-126.1404","-2.1691","-1.0017","23.9679","-30.2073","3.2058","1.5197","null","null","null","86.3260","2335","5.9120",529893,592145,452095,518692,645277,430832,622666,660670,542255,455976,"54.5874","null","null","null","null","null","null","null",56,"1","Slider",3,6,6,3,6,3,6,3,"Standard","Standard"
"FF","2018-05-04","89.9","-1.7907","6.0960","Chris Stratton",622666,608717,"null","ball",,,,,"13","null","R","L","R","ATL","SF","B","null","null",1,0,2018,"-0.4565","1.2519","-1.0134","2.4878","null","null","452095.00",1,6,"Bot","null","null",,,457763,,"180505_013133","2.8802","-130.8305","-5.6207","-5.8059","26.0898","-16.9167","3.4491","1.7207","null","null","null","89.9340","2401","6.1820",529893,608717,457763,474832,593700,446334,543063,453923,457706,457705,"54.3174","null","null","null","null","null","null","null",55,"2","4-Seam Fastball",3,6,3,6,6,3,3,6,"Standard","Standard"
"CU","2018-05-04","77.9","-1.4858","6.2277","Chris Stratton",622666,608717,"null","ball",,,,,"14","null","R","L","R","ATL","SF","B","null","null",0,0,2018,"1.5130","-0.5564","0.2771","1.5136","null","null","452095.00",1,6,"Bot","null","null",,,457763,,"180505_013115","1.0548","-113.2549","-2.1350","12.4564","22.5895","-36.6744","3.4080","1.6796","null","null","null","76.7980","3210","5.7560",529893,608717,457763,474832,593700,446334,543063,453923,457706,457705,"54.7436","null","null","null","null","null","null","null",55,"1","Curveball",3,6,3,6,6,3,3,6,"Standard","Standard"
"FF","2018-05-04","92.5","-1.4830","6.1624","Chris Stratton",452095,608717,"null","ball",,,,,"12","null","R","R","R","ATL","SF","B","null","null",0,2,2018,"-0.6702","1.0709","0.0045","3.6665","null","null","null",1,6,"Bot","null","null",,,457763,,"180505_013016","5.2293","-134.7025","-2.9254","-9.1843","26.4733","-18.7700","3.4346","1.5193","null","null","null","92.6830","2557","6.1450",529893,608717,457763,474832,593700,446334,543063,453923,457706,457705,"54.3550","null","null","null","null","null","null","null",54,"3","4-Seam Fastball",3,6,3,6,6,3,3,6,"Standard","Standard"
"FF","2018-05-04","93.0","-1.4712","6.1600","Chris Stratton",452095,608717,"null","called_strike",,,,,"6","null","R","R","R","ATL","SF","S","null","null",0,1,2018,"-0.3615","1.3476","0.8027","2.2952","null","null","null",1,6,"Bot","null","null",,,457763,,"180505_012957","6.6115","-135.2100","-7.1131","-5.7459","26.3320","-14.3646","3.4346","1.5193","null","null","null","93.3130","2613","6.2850",529893,608717,457763,474832,593700,446334,543063,453923,457706,457705,"54.2147","null","null","null","null","null","null","null",54,"2","4-Seam Fastball",3,6,3,6,6,3,3,6,"Standard","Standard"
"SL","2018-05-04","83.2","-1.5169","6.2354","Chris Stratton",430832,608717,"strikeout","called_strike",,,,,"13","Jose Bautista called out on strikes.  ","R","R","R","ATL","SF","S",2,"null",2,2,2018,"0.6101","-0.3885","-0.8406","2.3639","null","null","null",0,6,"Bot","null","null",,,457763,,"180505_012911","0.3831","-121.2183","-1.7313","5.8344","21.9743","-35.8518","3.3322","1.5574","null","null","null","82.6130","2948","5.6660",529893,608717,457763,474832,593700,446334,543063,453923,457706,457705,"54.8338","null","null","0.00",1,0,0,"null",53,"5","Slider",3,6,3,6,6,3,3,6,"Strategic","Strategic"
"FF","2018-05-04","90.9","-1.5814","6.1337","Chris Stratton",430832,608717,"null","called_strike",,,,,"2","null","R","R","R","ATL","SF","S","null","null",2,1,2018,"-0.4395","1.0598","0.1074","3.4285","null","null","null",0,6,"Bot","null","null",,,457763,,"180505_012854","5.1578","-132.3884","-3.1754","-6.1738","25.8201","-19.2982","3.3913","1.8492","null","null","null","91.1000","2489","6.1690",529893,608717,457763,474832,593700,446334,543063,453923,457706,457705,"54.3303","null","null","null","null","null","null","null",53,"4","4-Seam Fastball",3,6,3,6,6,3,3,6,"Strategic","Strategic"
"SL","2018-05-04","82.4","-1.5740","6.2178","Chris Stratton",430832,608717,"null","ball",,,,,"13","null","R","R","R","ATL","SF","B","null","null",1,0,2018,"0.5385","-0.2575","-0.8802","1.5811","null","null","null",0,6,"Bot","null","null",,,457763,,"180505_012823","0.5506","-119.9303","-3.5459","5.0145","21.3747","-34.2146","3.2729","1.6005","null","null","null","81.8340","2849","5.7200",529893,608717,457763,474832,593700,446334,543063,453923,457706,457705,"54.7793","null","null","null","null","null","null","null",53,"2","Slider",3,6,3,6,6,3,3,6,"Strategic","Standard"
"FF","2018-05-04","89.7","-1.5503","6.2666","Chris Stratton",430832,608717,"null","ball",,,,,"13","null","R","R","R","ATL","SF","B","null","null",0,0,2018,"-0.4336","1.3204","-1.5083","0.8104","null","null","null",0,6,"Bot","null","null",,,457763,,"180505_012805","1.0025","-130.3159","-10.1857","-5.0989","26.8810","-15.4028","3.4780","1.6416","null","null","null","89.2090","2359","6.0340",529893,608717,457763,474832,593700,446334,543063,453923,457706,457705,"54.4656","null","null","null","null","null","null","null",53,"1","4-Seam Fastball",3,6,3,6,6,3,3,6,"Strategic","Strategic"
"SI","2018-05-04","90.8","-4.3922","3.4625","Peter Moylan",457763,493247,"null","ball",,,,,"13","null","R","R","R","ATL","SF","B","null","null",0,2,2018,"-1.2841","-0.4640","-1.7947","2.4283","null","null","457705.00",1,6,"Top","null","null",,,452095,,"180505_012510","8.9114","-131.6682","4.1536","-16.1732","25.5323","-38.4491","3.3349","1.5498","null","null","null","89.0460","2224","5.2040",529893,493247,452095,518692,645277,430832,622666,660670,542255,455976,"55.2960","null","null","null","null","null","null","null",52,"3","Sinker",3,6,6,3,6,3,6,3,"Standard","Standard"
"SL","2018-05-04","77.6","-3.9448","4.3160","Peter Moylan",457705,493247,"walk","ball",,,,,"13","Andrew McCutchen walks.  ","R","R","R","ATL","SF","B","null","null",3,1,2018,"0.8083","-0.1373","-1.4108","1.4151","null","null","null",1,6,"Top","null","null",,,452095,,"180505_012333","3.9099","-112.7014","0.9155","5.8543","20.0110","-33.7351","3.2520","1.6110","null","null","null","75.5260","2406","4.8300",529893,493247,452095,518692,645277,430832,622666,660670,542255,455976,"55.6699","null","null","0.70",1,0,0,"null",51,"5","Slider",3,6,6,3,6,3,6,3,"Infield shift","Standard"
"SI","2018-05-04","90.7","-4.2234","4.0165","Peter Moylan",457705,493247,"null","called_strike",,,,,"13","null","R","R","R","ATL","SF","S","null","null",3,0,2018,"-1.4281","-0.1612","-0.9815","2.1790","null","null","null",1,6,"Top","null","null",,,452095,,"180505_012316","10.7803","-131.4222","1.6108","-18.1409","25.4898","-34.5450","3.2725","1.5905","null","null","null","89.0100","2082","5.2900",529893,493247,452095,518692,645277,430832,622666,660670,542255,455976,"55.2097","null","null","null","null","null","null","null",51,"4","Sinker",3,6,6,3,6,3,6,3,"Infield shift","Standard"
"SI","2018-05-04","90.6","-4.2751","3.9730","Peter Moylan",457705,493247,"null","ball",,,,,"14","null","R","R","R","ATL","SF","B","null","null",2,0,2018,"-1.3034","-0.3408","1.0632","1.6639","null","null","null",1,6,"Top","null","null",,,452095,,"180505_012259","15.5851","-130.9255","0.8449","-17.4891","24.6733","-36.3793","3.2930","1.6110","null","null","null","88.7240","2148","5.2720",529893,493247,452095,518692,645277,430832,622666,660670,542255,455976,"55.2276","null","null","null","null","null","null","null",51,"3","Sinker",3,6,6,3,6,3,6,3,"Infield shift","Standard"
"SL","2018-05-04","77.3","-4.1227","4.1841","Peter Moylan",457705,493247,"null","ball",,,,,"13","null","R","R","R","ATL","SF","B","null","null",1,0,2018,"0.8388","-0.1003","-2.0177","2.1239","null","null","null",1,6,"Top","null","null",,,452095,,"180505_012239","2.9612","-112.3939","2.5909","6.3001","18.6722","-33.6839","3.3113","1.5678","null","null","null","75.5260","2435","4.8500",529893,493247,452095,518692,645277,430832,622666,660670,542255,455976,"55.6495","null","null","null","null","null","null","null",51,"2","Slider",3,6,6,3,6,3,6,3,"Infield shift","Standard"
"SI","2018-05-04","90.2","-4.4464","3.9095","Peter Moylan",457705,493247,"null","ball",,,,,"6","null","R","R","R","ATL","SF","B","null","null",0,0,2018,"-1.3507","-0.1762","0.6605","2.2871","null","null","null",1,6,"Top","null","null",,,452095,,"180505_012221","15.1136","-130.3713","2.2353","-17.8580","24.2932","-34.7851","3.3098","1.7119","null","null","null","88.6240","2012","5.4320",529893,493247,452095,518692,645277,430832,622666,660670,542255,455976,"55.0673","null","null","null","null","null","null","null",51,"1","Sinker",3,6,6,3,6,3,6,3,"Infield shift","Standard"
"SI","2018-05-04","89.7","-4.3776","4.0673","Peter Moylan",593700,493247,"null","ball",,,,,"6","null","R","L","R","ATL","SF","B","null","null",2,1,2018,"-1.4586","-0.1991","0.8268","2.2331","null","null","null",0,6,"Top","null","null",,,452095,,"180505_012027","15.3582","-129.5224","1.8500","-18.8577","25.7076","-34.9619","3.1704","1.5907","null","null","null","87.3910","2062","5.1550",529893,493247,452095,518692,645277,430832,622666,660670,542255,455976,"55.3447","null","null","null","null","null","null","null",50,"4","Sinker",3,6,6,3,6,3,6,3,"Standard","Standard"
"CH","2018-05-04","85.6","-3.9995","4.3126","Peter Moylan",593700,493247,"null","ball",,,,,"13","null","R","L","R","ATL","SF","B","null","null",1,1,2018,"-1.3499","-0.0444","-1.5416","2.1408","null","null","null",0,6,"Top","null","null",,,452095,,"180505_012010","8.5495","-124.4230","1.2536","-15.7775","24.7243","-33.0935","3.1909","1.5289","null","null","null","85.7980","1695","6.4570",529893,493247,452095,518692,645277,430832,622666,660670,542255,455976,"54.0430","null","null","null","null","null","null","null",50,"3","Changeup",3,6,6,3,6,3,6,3,"Standard","Standard"
"SI","2018-05-04","89.7","-4.3641","4.0207","Peter Moylan",593700,493247,"null","ball",,,,,"13","null","R","L","R","ATL","SF","B","null","null",0,0,2018,"-1.3753","-0.4466","-1.4149","1.8876","null","null","null",0,6,"Top","null","null",,,452095,,"180505_011923","9.9251","-130.0979","1.6173","-17.2293","26.7346","-37.6918","3.1703","1.5494","null","null","null","88.2290","2037","5.5070",529893,493247,452095,518692,645277,430832,622666,660670,542255,455976,"54.9926","null","null","null","null","null","null","null",50,"1","Sinker",3,6,6,3,6,3,6,3,"Strategic","Standard"
"FT","2018-05-04","91.3","-1.6084","6.1481","Chris Stratton",455976,608717,"null","ball",,,,,"11","null","R","L","R","ATL","SF","B","null","null",2,2,2018,"-0.8516","0.7392","-1.1229","2.9695","null","null","null",2,5,"Bot","null","null",,,457763,,"180505_011631","3.0136","-132.8661","-3.6950","-10.6178","27.1647","-22.9583","3.3831","1.6910","null","null","null","91.0250","2397","6.0160",529893,608717,457763,474832,593700,446334,543063,453923,457706,457705,"54.4838","null","null","null","null","null","null","null",49,"5","2-Seam Fastball",3,6,3,6,6,3,3,6,"Standard","Standard"
"FF","2018-05-04","90.9","-1.5216","6.1469","Chris Stratton",455976,608717,"null","called_strike",,,,,"4","null","R","L","R","ATL","SF","S","null","null",2,1,2018,"-0.1834","1.1620","-0.2930","2.5413","null","null","null",2,5,"Bot","null","null",,,457763,,"180505_011611","3.4685","-132.4055","-5.6682","-2.8279","25.3127","-17.5749","3.4032","1.6910","null","null","null","91.2790","2513","6.2300",529893,608717,457763,474832,593700,446334,543063,453923,457706,457705,"54.2693","null","null","null","null","null","null","null",49,"4","4-Seam Fastball",3,6,3,6,6,3,3,6,"Standard","Standard"
"CU","2018-05-04","77.7","-1.4635","6.2590","Chris Stratton",455976,608717,"null","ball",,,,,"13","null","R","L","R","ATL","SF","B","null","null",1,1,2018,"1.3918","-1.0799","-0.4817","1.0832","null","null","null",2,5,"Bot","null","null",,,457763,,"180505_011546","-0.3948","-113.0171","-2.1401","11.6975","22.7387","-41.0246","3.3216","1.6499","null","null","null","76.6870","3197","5.8200",529893,608717,457763,474832,593700,446334,543063,453923,457706,457705,"54.6795","null","null","null","null","null","null","null",49,"3","Curveball",3,6,3,6,6,3,3,6,"Standard","Standard"
"CU","2018-05-04","76.3","-1.4348","6.2744","Chris Stratton",455976,608717,"null","ball",,,,,"13","null","R","L","R","ATL","SF","B","null","null",0,1,2018,"1.3340","-0.5636","-0.5806","1.4383","null","null","null",2,5,"Bot","null","null",,,457763,,"180505_011527","-0.5380","-111.0335","-2.1241","10.8830","19.9592","-36.5976","3.3460","1.6334","null","null","null","75.4950","3003","5.7070",529893,608717,457763,474832,593700,446334,543063,453923,457706,457705,"54.7927","null","null","null","null","null","null","null",49,"2","Curveball",3,6,3,6,6,3,3,6,"Standard","Standard"
"FF","2018-05-04","89.7","-1.7188","6.2746","Chris Stratton",455976,608717,"null","called_strike",,,,,"4","null","R","L","R","ATL","SF","S","null","null",0,0,2018,"-0.1045","1.2248","-0.7609","2.6945","null","null","null",2,5,"Bot","null","null",,,457763,,"180505_011510","2.5732","-130.6018","-5.4509","-1.6791","24.8514","-17.4064","3.4276","1.6744","null","null","null","89.6270","2491","5.9970",529893,608717,457763,474832,593700,446334,543063,453923,457706,457705,"54.5023","null","null","null","null","null","null","null",49,"1","4-Seam Fastball",3,6,3,6,6,3,3,6,"Standard","Standard"
"FF","2018-05-04","95.0","-2.0502","6.1153","Mike Foltynewicz",608717,592314,"null","called_strike",,,,,"6","null","R","R","R","ATL","SF","S","null","null",0,0,2018,"-0.4707","1.4665","0.7658","2.6414","null","null","543063.00",2,5,"Top","null","null",,,452095,,"180505_011014","8.3756","-137.9845","-6.6412","-7.8317","30.7996","-12.3430","3.3444","1.5737","null","null","null","94.5230","2428","6.1200",529893,592314,452095,518692,645277,430832,622666,660670,542255,455976,"54.3793","null","null","null","null","null","null","null",46,"1","4-Seam Fastball",3,6,6,3,6,3,6,3,"Standard","Standard"
"FT","2018-05-04","96.1","-2.6498","5.8351","Mike Foltynewicz",453923,592314,"null","ball",,,,,"13","null","R","L","R","ATL","SF","B","null","null",0,0,2018,"-1.3398","0.8784","-1.4436","1.3109","null","null","543063.00",1,5,"Top","null","null",,,452095,,"180505_010916","6.1539","-139.6428","-8.3219","-18.7203","29.8514","-19.2024","2.9861","1.4524","null","null","null","95.7380","2228","6.0460",529893,592314,452095,518692,645277,430832,622666,660670,542255,455976,"54.4542","null","null","null","null","null","null","null",45,"1","2-Seam Fastball",3,6,6,3,6,3,6,3,"Standard","Standard"
"SL","2018-05-04","82.6","-2.3734","5.7008","Mike Foltynewicz",457706,592314,"null","ball",,,,,"14","null","R","R","R","ATL","SF","B","null","null",1,2,2018,"0.5887","0.0368","2.4577","1.8292","null","null","543063.00",0,5,"Top","null","null",,,452095,,"180505_010756","9.8039","-119.9468","-2.4117","3.9857","20.5927","-31.6101","3.2471","1.5135","null","null","null","82.4470","2358","6.0510",529893,592314,452095,518692,645277,430832,622666,660670,542255,455976,"54.4486","null","null","null","null","null","null","null",44,"4","Slider",3,6,6,3,6,3,6,3,"Standard","Standard"
"FT","2018-05-04","95.4","-2.2438","5.8741","Mike Foltynewicz",457706,592314,"null","called_strike",,,,,"6","null","R","R","R","ATL","SF","S","null","null",1,1,2018,"-1.1952","0.9515","0.5164","2.4591","null","null","543063.00",0,5,"Top","null","null",,,452095,,"180505_010731","9.8844","-138.6005","-5.4810","-17.4167","28.1692","-18.9978","3.2471","1.5135","null","null","null","95.3940","2193","6.1710",529893,592314,452095,518692,645277,430832,622666,660670,542255,455976,"54.3284","null","null","null","null","null","null","null",44,"3","2-Seam Fastball",3,6,6,3,6,3,6,3,"Standard","Standard"
"FF","2018-05-04","96.3","-2.1409","6.1566","Mike Foltynewicz",457706,592314,"null","ball",,,,,"14","null","R","R","R","ATL","SF","B","null","null",0,1,2018,"-0.4794","1.4487","1.8296","2.1051","null","null","543063.00",0,5,"Top","null","null",,,452095,,"180505_010704","11.4869","-139.5250","-8.2780","-8.7633","31.4593","-11.8876","3.3086","1.5340","null","null","null","95.2950","2459","5.9530",529893,592314,452095,518692,645277,430832,622666,660670,542255,455976,"54.5466","null","null","null","null","null","null","null",44,"2","4-Seam Fastball",3,6,6,3,6,3,6,3,"Standard","Standard"
"SL","2018-05-04","82.4","-2.3994","5.8674","Mike Foltynewicz",457706,592314,"null","called_strike",,,,,"6","null","R","R","R","ATL","SF","S","null","null",0,0,2018,"0.5789","-0.1217","0.3383","2.5952","null","null","543063.00",0,5,"Top","null","null",,,452095,,"180505_010628","5.0712","-119.8682","-0.7381","4.6322","20.8907","-33.4233","3.3086","1.5135","null","null","null","81.9920","2529","5.8120",529893,592314,452095,518692,645277,430832,622666,660670,542255,455976,"54.6875","null","null","null","null","null","null","null",44,"1","Slider",3,6,6,3,6,3,6,3,"Standard","Standard"
"CU","2018-05-04","77.8","-2.3923","6.2172","Mike Foltynewicz",543063,592314,"null","ball",,,,,"11","null","R","L","R","ATL","SF","B","null","null",0,0,2018,"0.6439","-0.4812","-0.3347","3.9495","null","null","null",0,5,"Top","null","null",,,452095,,"180505_010516","3.2206","-113.1260","2.7750","4.8779","18.4297","-36.8959","3.1574","1.4218","null","null","null","76.9280","2553","5.4670",529893,592314,452095,518692,645277,430832,622666,660670,542255,455976,"55.0330","null","null","null","null","null","null","null",43,"1","Curveball",3,6,6,3,6,3,6,3,"Standard","Standard"
"CU","2018-05-04","76.6","-1.7157","6.2844","Chris Stratton",645277,608717,"null","ball",,,,,"11","null","R","L","R","ATL","SF","B","null","null",0,0,2018,"1.5926","-0.7345","-0.7575","4.0723","null","622666.00","542255.00",2,4,"Bot","null","null",,,457763,,"180505_010228","-0.7777","-111.2244","3.7375","12.9087","23.5808","-39.1377","2.9721","1.3625","null","null","null","75.0500","3092","5.6870",529893,608717,457763,474832,593700,446334,543063,453923,457706,457705,"54.8125","null","null","null","null","null","null","null",42,"1","Curveball",3,6,3,6,6,3,3,6,"Standard","Standard"
"SL","2018-05-04","83.5","-1.7103","6.2047","Chris Stratton",542255,608717,"walk","ball",,,,,"11","Ender Inciarte walks.   Johan Camargo to 2nd.  ","R","L","R","ATL","SF","B","null","null",3,2,2018,"0.5142","-0.2865","-1.2401","2.3961","null","null","622666.00",2,4,"Bot","null","null",,,457763,,"180505_010131","0.0953","-121.6107","-1.8256","4.9964","22.2097","-34.8646","2.9668","1.3024","null","null","null","82.9290","2839","5.7070",529893,608717,457763,474832,593700,446334,543063,453923,457706,457705,"54.7927","null","null","0.70",1,0,0,"null",41,"6","Slider",3,6,3,6,6,3,3,6,"Standard","Standard"
"FF","2018-05-04","90.8","-1.6934","6.1455","Chris Stratton",542255,608717,"null","ball",,,,,"11","null","R","L","R","ATL","SF","B","null","null",2,2,2018,"-0.4445","1.2189","-1.1682","2.8479","null","null","622666.00",2,4,"Bot","null","null",,,457763,,"180505_010112","2.2715","-132.2243","-5.0040","-5.6972","26.2989","-16.9923","2.9668","1.3229","null","null","null","91.2800","2472","6.3890",529893,608717,457763,474832,593700,446334,543063,453923,457706,457705,"54.1105","null","null","null","null","null","null","null",41,"5","4-Seam Fastball",3,6,3,6,6,3,3,6,"Standard","Standard"
"CU","2018-05-04","76.4","-1.4389","6.2341","Chris Stratton",542255,608717,"null","ball",,,,,"11","null","R","L","R","ATL","SF","B","null","null",1,1,2018,"1.4412","-0.7856","-0.6491","3.2126","null","null","622666.00",2,4,"Bot","null","null",,,457763,,"180505_010023","-0.8931","-111.0778","2.1159","11.8814","21.5262","-39.2183","3.0283","1.3434","null","null","null","75.6710","3070","5.9910",529893,608717,457763,474832,593700,446334,543063,453923,457706,457705,"54.5085","null","null","null","null","null","null","null",41,"3","Curveball",3,6,3,6,6,3,3,6,"Standard","Standard"
"FF","2018-05-04","91.1","-1.6798","6.1771","Chris Stratton",542255,608717,"null","called_strike",,,,,"4","null","R","L","R","ATL","SF","S","null","null",1,0,2018,"-0.4312","1.4127","-0.7093","2.1880","null","null","622666.00",2,4,"Bot","null","null",,,457763,,"180505_010003","3.3488","-132.5787","-7.1475","-5.7518","26.8683","-14.3165","3.0074","1.3229","null","null","null","91.1190","2388","6.1780",529893,608717,457763,474832,593700,446334,543063,453923,457706,457705,"54.3213","null","null","null","null","null","null","null",41,"2","4-Seam Fastball",3,6,3,6,6,3,3,6,"Strategic","Standard"
"FF","2018-05-04","90.7","-1.7542","6.1355","Chris Stratton",542255,608717,"null","ball",,,,,"7","null","R","L","R","ATL","SF","B","null","null",0,0,2018,"-0.3440","1.3415","-0.6118","1.2843","null","null","622666.00",2,4,"Bot","null","null",,,457763,,"180505_005940","3.5831","-131.8284","-9.0485","-4.7494","27.3309","-14.8889","3.0488","1.3229","null","null","null","90.6540","2436","6.2700",529893,608717,457763,474832,593700,446334,543063,453923,457706,457705,"54.2292","null","null","null","null","null","null","null",41,"1","4-Seam Fastball",3,6,3,6,6,3,3,6,"Strategic","Standard"
"FF","2018-05-04","90.9","-1.5812","6.2112","Chris Stratton",622666,608717,"walk","ball",,,,,"11","Johan Camargo walks.  ","R","L","R","ATL","SF","B","null","null",3,2,2018,"-0.3769","1.1547","-0.2969","4.0958","null","null","null",1,4,"Bot","null","null",,,457763,,"180505_005719","4.0416","-132.5178","-1.9649","-5.2431","24.6652","-18.2322","3.5022","1.6918","null","null","null","91.7420","2574","6.4080",529893,608717,457763,474832,593700,446334,543063,453923,457706,457705,"54.0918","null","null","0.70",1,0,0,"null",39,"6","4-Seam Fastball",3,6,3,6,6,3,3,6,"Standard","Standard"
"FF","2018-05-04","90.5","-1.6461","6.1761","Chris Stratton",622666,608717,"null","called_strike",,,,,"4","null","R","L","R","ATL","SF","S","null","null",3,0,2018,"-0.3347","1.3312","-0.6552","2.3591","null","null","null",1,4,"Bot","null","null",,,457763,,"180505_005643","3.1581","-131.6233","-6.3704","-4.5001","26.8160","-15.7601","3.2971","1.6713","null","null","null","90.1580","2453","6.0180",529893,608717,457763,474832,593700,446334,543063,453923,457706,457705,"54.4812","null","null","null","null","null","null","null",39,"4","4-Seam Fastball",3,6,3,6,6,3,3,6,"Standard","Standard"
"FT","2018-05-04","91.0","-1.5499","6.1650","Chris Stratton",622666,608717,"null","ball",,,,,"14","null","R","L","R","ATL","SF","B","null","null",2,0,2018,"-0.8614","0.9832","0.1226","0.9031","null","null","null",1,4,"Bot","null","null",,,457763,,"180505_005628","5.9780","-132.1549","-9.3352","-11.2170","26.0262","-19.0893","3.3586","1.6097","null","null","null","90.6880","2445","6.0400",529893,608717,457763,474832,593700,446334,543063,453923,457706,457705,"54.4592","null","null","null","null","null","null","null",39,"3","2-Seam Fastball",3,6,3,6,6,3,3,6,"Standard","Standard"
"FT","2018-05-04","89.9","-1.5494","6.1482","Chris Stratton",622666,608717,"null","ball",,,,,"14","null","R","L","R","ATL","SF","B","null","null",1,0,2018,"-0.6612","0.8484","0.9740","1.9596","null","null","null",1,4,"Bot","null","null",,,457763,,"180505_005610","7.5886","-130.5803","-6.1554","-9.0207","25.8599","-21.5241","3.5227","1.7328","null","null","null","89.5730","2352","6.0550",529893,608717,457763,474832,593700,446334,543063,453923,457706,457705,"54.4444","null","null","null","null","null","null","null",39,"2","2-Seam Fastball",3,6,3,6,6,3,3,6,"Standard","Standard"
"FF","2018-05-04","89.2","-1.5708","6.2777","Chris Stratton",622666,608717,"null","ball",,,,,"13","null","R","L","R","ATL","SF","B","null","null",0,0,2018,"-0.6202","1.2187","-0.0632","1.6335","null","null","null",1,4,"Bot","null","null",,,457763,,"180505_005554","4.9370","-129.5680","-7.8498","-7.8685","25.4377","-17.3011","3.3855","1.8588","null","null","null","88.5820","2377","5.8680",529893,608717,457763,474832,593700,446334,543063,453923,457706,457705,"54.6314","null","null","null","null","null","null","null",39,"1","4-Seam Fastball",3,6,3,6,6,3,3,6,"Standard","Standard"
"FT","2018-05-04","96.8","-2.2195","5.9721","Mike Foltynewicz",446334,592314,"null","ball",,,,,"14","null","R","R","R","ATL","SF","B","null","null",1,1,2018,"-1.2830","1.0186","1.5564","2.2312","null","null","457763.00",2,4,"Top","null","null",,,452095,,"180505_005204","12.8229","-140.3014","-6.6545","-19.4741","29.0538","-17.6583","3.4954","1.6826","null","null","null","96.1770","2249","5.9630",529893,592314,452095,518692,645277,430832,622666,660670,542255,455976,"54.5371","null","null","null","null","null","null","null",37,"3","2-Seam Fastball",3,6,6,3,6,3,6,3,"Standard","Standard"
"CH","2018-05-04","86.3","-2.2554","6.0094","Mike Foltynewicz",446334,592314,"null","ball",,,,,"11","null","R","R","R","ATL","SF","B","null","null",0,1,2018,"-1.4163","0.7498","-0.9594","2.9138","null","null","457763.00",2,4,"Top","null","null",,,452095,,"180505_005148","5.8971","-125.6257","-2.6823","-16.0140","23.5739","-23.9929","3.5364","1.6826","null","null","null","86.1810","1842","6.0280",529893,592314,452095,518692,645277,430832,622666,660670,542255,455976,"54.4714","null","null","null","null","null","null","null",37,"2","Changeup",3,6,6,3,6,3,6,3,"Standard","Standard"
"SL","2018-05-04","84.0","-2.2933","5.8849","Mike Foltynewicz",446334,592314,"null","called_strike",,,,,"3","null","R","R","R","ATL","SF","S","null","null",0,0,2018,"0.5592","-0.0348","0.7936","3.1109","null","null","457763.00",2,4,"Top","null","null",,,452095,,"180505_005132","6.0164","-122.2377","-0.0599","4.5748","20.3502","-32.7130","3.5565","1.6621","null","null","null","83.9050","2548","5.8800",529893,592314,452095,518692,645277,430832,622666,660670,542255,455976,"54.6198","null","null","null","null","null","null","null",37,"1","Slider",3,6,6,3,6,3,6,3,"Standard","Standard"
"FT","2018-05-04","95.4","-2.4038","5.9716","Mike Foltynewicz",474832,592314,"null","ball",,,,,"11","null","R","L","R","ATL","SF","B","null","null",2,0,2018,"-1.2567","0.9432","-1.2014","2.6812","null","null","457763.00",1,4,"Top","null","null",,,452095,,"180505_005032","5.9361","-138.7656","-5.0965","-17.4203","31.1549","-19.1836","3.1769","1.5113","null","null","null","95.0240","2241","6.1010",529893,592314,452095,518692,645277,430832,622666,660670,542255,455976,"54.3987","null","null","null","null","null","null","null",36,"3","2-Seam Fastball",3,6,6,3,6,3,6,3,"Infield shift","Standard"
"CH","2018-05-04","86.7","-2.2459","5.8969","Mike Foltynewicz",474832,592314,"null","ball",,,,,"11","null","R","L","R","ATL","SF","B","null","null",1,0,2018,"-1.2798","0.6357","-0.4952","3.5875","null","null","457763.00",1,4,"Top","null","null",,,452095,,"180505_005016","6.8434","-126.1979","-0.6327","-15.1393","25.7176","-25.4243","3.1275","1.5234","null","null","null","87.0640","2102","6.5080",529893,592314,452095,518692,645277,430832,622666,660670,542255,455976,"53.9920","null","null","null","null","null","null","null",36,"2","Changeup",3,6,6,3,6,3,6,3,"Infield shift","Standard"
"CH","2018-05-04","87.8","-2.3545","5.8778","Mike Foltynewicz",474832,592314,"null","ball",,,,,"11","null","R","L","R","ATL","SF","B","null","null",0,0,2018,"-1.1241","0.9820","-0.9610","3.4151","null","null","457763.00",1,4,"Top","null","null",,,452095,,"180505_005000","5.6606","-127.7457","-1.8624","-13.3739","25.7675","-21.3336","3.1480","1.5029","null","null","null","87.6180","1897","6.1360",529893,592314,452095,518692,645277,430832,622666,660670,542255,455976,"54.3641","null","null","null","null","null","null","null",36,"1","Changeup",3,6,6,3,6,3,6,3,"Infield shift","Standard"
"FF","2018-05-04","96.6","-1.8363","6.1316","Mike Foltynewicz",457763,592314,"null","called_strike",,,,,"9","null","R","R","R","ATL","SF","S","null","null",0,0,2018,"-0.5667","1.4434","0.7968","1.8560","null","null","null",1,4,"Top","null","null",,,452095,,"180505_004912","8.2158","-140.2081","-8.9600","-9.2501","32.0043","-11.5791","3.3587","1.5331","null","null","null","95.7990","2423","5.9920",529893,592314,452095,518692,645277,430832,622666,660670,542255,455976,"54.5078","null","null","null","null","null","null","null",35,"1","4-Seam Fastball",3,6,6,3,6,3,6,3,"Standard","Standard"
"CH","2018-05-04","87.9","-2.3421","6.0133","Mike Foltynewicz",457705,592314,"null","ball",,,,,"11","null","R","R","R","ATL","SF","B","null","null",1,2,2018,"-0.9885","1.0264","-1.0752","2.7531","null","null","null",0,4,"Top","null","null",,,452095,,"180505_004818","5.0575","-127.9264","-3.9176","-11.7363","23.9965","-20.4504","3.2763","1.5942","null","null","null","87.7560","1819","5.9880",529893,592314,452095,518692,645277,430832,622666,660670,542255,455976,"54.5114","null","null","null","null","null","null","null",34,"4","Changeup",3,6,6,3,6,3,6,3,"Infield shift","Standard"
"SL","2018-05-04","87.2","-2.4144","5.8295","Mike Foltynewicz",457705,592314,"null","ball",,,,,"14","null","R","R","R","ATL","SF","B","null","null",0,2,2018,"0.3887","0.1191","1.3956","2.1358","null","null","null",0,4,"Top","null","null",,,452095,,"180505_004806","8.3213","-126.7739","-3.0201","2.7411","22.0523","-30.5620","3.2147","1.5737","null","null","null","87.2280","2459","6.0260",529893,592314,452095,518692,645277,430832,622666,660670,542255,455976,"54.4737","null","null","null","null","null","null","null",34,"3","Slider",3,6,6,3,6,3,6,3,"Infield shift","Standard"
"FF","2018-05-04","95.7","-1.8850","6.1791","Mike Foltynewicz",457705,592314,"null","called_strike",,,,,"12","null","R","R","R","ATL","SF","S","null","null",0,0,2018,"-0.4858","1.4220","0.8378","3.0632","null","null","null",0,4,"Top","null","null",,,452095,,"180505_004735","8.2322","-139.1126","-5.7614","-8.0672","30.4218","-12.7898","3.2147","1.5942","null","null","null","95.4040","2405","6.1190",529893,592314,452095,518692,645277,430832,622666,660670,542255,455976,"54.3804","null","null","null","null","null","null","null",34,"1","4-Seam Fastball",3,6,6,3,6,3,6,3,"Strategic","Standard"
"SL","2018-05-04","81.3","-1.4845","6.2710","Chris Stratton",430832,608717,"null","ball",,,,,"11","null","R","R","R","ATL","SF","B","null","null",2,2,2018,"0.8074","-0.9130","-1.4219","2.8872","null","null","null",2,3,"Bot","null","null",,,457763,,"180505_004453","-1.3116","-118.3505","0.6007","7.5711","20.3686","-40.8299","3.2972","1.5632","null","null","null","80.0830","3024","5.2090",529893,608717,457763,474832,593700,446334,543063,453923,457706,457705,"55.2904","null","null","null","null","null","null","null",33,"6","Slider",3,6,3,6,6,3,3,6,"Standard","Strategic"
"FF","2018-05-04","91.4","-1.5008","6.2822","Chris Stratton",430832,608717,"null","ball",,,,,"14","null","R","R","R","ATL","SF","B","null","null",1,0,2018,"-0.2296","1.4788","0.0078","1.3943","null","null","null",2,3,"Bot","null","null",,,457763,,"180505_004335","4.2573","-132.7232","-9.5111","-3.5636","27.2586","-13.1189","3.2972","1.5838","null","null","null","90.9110","2519","6.0180",529893,608717,457763,474832,593700,446334,543063,453923,457706,457705,"54.4820","null","null","null","null","null","null","null",33,"2","4-Seam Fastball",3,6,3,6,6,3,3,6,"Strategic","Strategic"
"FF","2018-05-04","91.7","-1.5077","6.1697","Chris Stratton",430832,608717,"null","ball",,,,,"14","null","R","R","R","ATL","SF","B","null","null",0,0,2018,"-0.3887","1.3684","0.6091","1.2821","null","null","null",2,3,"Bot","null","null",,,457763,,"180505_004322","6.1954","-133.2859","-9.4897","-5.8946","26.4363","-14.0639","3.3587","1.5632","null","null","null","92.0550","2586","6.3920",529893,608717,457763,474832,593700,446334,543063,453923,457706,457705,"54.1074","null","null","null","null","null","null","null",33,"1","4-Seam Fastball",3,6,3,6,6,3,3,6,"Strategic","Strategic"
"CU","2018-05-04","76.7","-1.4018","6.2900","Chris Stratton",455976,608717,"null","called_strike",,,,,"13","null","R","L","R","ATL","SF","S","null","null",1,0,2018,"1.4532","-1.0207","-0.8324","2.3880","null","null","null",2,3,"Bot","null","null",,,457763,,"180505_004155","-1.3312","-111.5104","0.6003","11.9917","21.7225","-40.8068","3.3865","1.6537","null","null","null","75.4090","3171","5.5830",529893,608717,457763,474832,593700,446334,543063,453923,457706,457705,"54.9167","null","null","null","null","null","null","null",32,"2","Curveball",2,6,2,6,6,2,2,6,"Standard","Standard"
"FF","2018-05-04","89.8","-1.6783","6.1517","Chris Stratton",455976,608717,"null","ball",,,,,"13","null","R","L","R","ATL","SF","B","null","null",0,0,2018,"-0.6315","1.0666","-1.4496","1.8904","null","null","null",2,3,"Bot","null","null",,,457763,,"180505_004139","1.8799","-130.7569","-6.8507","-7.5875","24.2610","-18.8777","3.4484","1.6742","null","null","null","89.9570","2381","6.0830",529893,608717,457763,474832,593700,446334,543063,453923,457706,457705,"54.4166","null","null","null","null","null","null","null",32,"1","4-Seam Fastball",2,6,2,6,6,2,2,6,"Standard","Standard"
"FF","2018-05-04","91.9","-1.6152","6.1093","Chris Stratton",518692,608717,"null","ball",,,,,"14","null","R","L","R","ATL","SF","B","null","null",2,2,2018,"-0.0770","0.9014","1.3840","1.4619","null","null","null",1,3,"Bot","null","null",,,457763,,"180505_004000","7.7575","-133.6221","-7.9375","-2.3520","24.4741","-20.0120","3.3869","1.6332","null","null","null","92.3890","2533","6.2920",529893,608717,457763,474832,593700,446334,543063,453923,457706,457705,"54.2074","null","null","null","null","null","null","null",31,"5","4-Seam Fastball",2,6,2,6,6,2,2,6,"Infield shift","Standard"
"CH","2018-05-04","83.6","-1.5101","6.1637","Chris Stratton",518692,608717,"null","called_strike",,,,,"1","null","R","L","R","ATL","SF","S","null","null",2,0,2018,"-1.0690","0.3825","-0.7354","3.2248","null","null","null",1,3,"Bot","null","null",,,457763,,"180505_003925","3.8817","-121.8337","-1.1852","-11.3710","21.2249","-28.3358","3.3869","1.6332","null","null","null","84.0480","1784","6.2490",529893,608717,457763,474832,593700,446334,543063,453923,457706,457705,"54.2511","null","null","null","null","null","null","null",31,"3","Changeup",2,6,2,6,6,2,2,6,"Infield shift","Standard"
"CU","2018-05-04","76.7","-1.4507","6.3134","Chris Stratton",518692,608717,"null","ball",,,,,"13","null","R","L","R","ATL","SF","B","null","null",1,0,2018,"1.4017","-1.2994","-0.9332","1.2442","null","null","null",1,3,"Bot","null","null",,,457763,,"180505_003909","-1.3335","-111.4021","-1.3233","11.4810","22.2906","-42.5961","3.3869","1.6947","null","null","null","75.0470","3154","5.4370",529893,608717,457763,474832,593700,446334,543063,453923,457706,457705,"55.0630","null","null","null","null","null","null","null",31,"2","Curveball",2,6,2,6,6,2,2,6,"Infield shift","Standard"
"CH","2018-05-04","83.2","-1.6300","6.1989","Chris Stratton",518692,608717,"null","ball",,,,,"11","null","R","L","R","ATL","SF","B","null","null",0,0,2018,"-0.7930","0.6026","-1.5216","4.2644","null","null","null",1,3,"Bot","null","null",,,457763,,"180505_003856","1.7843","-121.1920","0.7803","-8.1213","21.6288","-26.5900","3.4074","1.6742","null","null","null","83.3380","1681","6.1310",529893,608717,457763,474832,593700,446334,543063,453923,457706,457705,"54.3690","null","null","null","null","null","null","null",31,"1","Changeup",2,6,2,6,6,2,2,6,"Infield shift","Standard"
"SL","2018-05-04","84.1","-1.7141","6.2384","Chris Stratton",660670,608717,"null","ball",,,,,"14","null","R","R","R","ATL","SF","B","null","null",0,1,2018,"0.6151","-0.5064","1.5077","1.1243","null","null","null",0,3,"Bot","null","null",,,457763,,"180505_003641","6.2109","-122.3237","-4.4718","4.9039","22.8902","-36.5649","3.3502","1.5808","null","null","null","83.3990","2901","5.7350",529893,608717,457763,474832,593700,446334,543063,453923,457706,457705,"54.7648","null","null","null","null","null","null","null",30,"2","Slider",2,6,2,6,6,2,2,6,"Standard","Standard"
"CU","2018-05-04","77.5","-1.3947","6.2881","Chris Stratton",660670,608717,"null","called_strike",,,,,"5","null","R","R","R","ATL","SF","S","null","null",0,0,2018,"1.3106","-0.8322","0.0388","2.6992","null","null","null",0,3,"Bot","null","null",,,457763,,"180505_003627","0.7180","-112.7088","0.7741","10.7356","21.5541","-39.4878","3.3297","1.5192","null","null","null","76.4580","3039","5.6870",529893,608717,457763,474832,593700,446334,543063,453923,457706,457705,"54.8126","null","null","null","null","null","null","null",30,"1","Curveball",2,6,2,6,6,2,2,6,"Standard","Standard"
"FF","2018-05-04","97.3","-2.0848","6.0765","Mike Foltynewicz",593700,592314,"null","ball",,,,,"11","null","R","L","R","ATL","SF","B","null","null",0,1,2018,"-0.7874","1.3269","-1.0202","3.3725","null","null","608717.00",2,3,"Top","null","null",,,452095,,"180505_003256","4.6064","-141.4744","-4.6615","-11.5055","34.3852","-13.7874","3.2972","1.6147","null","null","null","96.4260","2356","5.9810",529893,592314,452095,518692,645277,430832,622666,660670,542255,455976,"54.5187","null","null","null","null","null","null","null",29,"2","4-Seam Fastball",2,6,6,2,6,2,6,2,"Standard","Standard"
"FT","2018-05-04","96.3","-2.4864","5.9053","Mike Foltynewicz",593700,592314,"null","called_strike",,,,,"1","null","R","L","R","ATL","SF","S","null","null",0,0,2018,"-1.3181","0.8909","-0.8143","3.1602","null","null","608717.00",2,3,"Top","null","null",,,452095,,"180505_003240","7.4490","-140.1075","-3.7406","-19.0672","31.4670","-19.7879","3.1846","1.5121","null","null","null","96.5050","2191","6.4030",529893,592314,452095,518692,645277,430832,622666,660670,542255,455976,"54.0972","null","null","null","null","null","null","null",29,"1","2-Seam Fastball",2,6,6,2,6,2,6,2,"Standard","Standard"
"FF","2018-05-04","96.8","-2.3636","6.0362","Mike Foltynewicz",453923,592314,"null","ball",,,,,"12","null","R","L","R","ATL","SF","B","null","null",1,2,2018,"-0.4989","1.2015","0.6551","4.7002","null","null","null",1,3,"Top","null","null",,,452095,,"180505_003120","9.1670","-140.6269","-0.7212","-8.6891","32.1860","-16.3555","2.9897","1.3944","null","null","null","96.5470","2394","6.2570",529893,592314,452095,518692,645277,430832,622666,660670,542255,455976,"54.2430","null","null","null","null","null","null","null",27,"4","4-Seam Fastball",2,6,6,2,6,2,6,2,"Standard","Standard"
"CH","2018-05-04","89.1","-2.3682","5.9350","Mike Foltynewicz",453923,592314,"null","called_strike",,,,,"11","null","R","L","R","ATL","SF","S","null","null",1,1,2018,"-1.2542","0.7771","-0.3728","3.3606","null","null","null",1,3,"Top","null","null",,,452095,,"180505_003058","7.5452","-129.6419","-1.9613","-15.6980","25.4513","-23.1802","2.9902","1.4928","null","null","null","89.4540","1989","6.3770",529893,592314,452095,518692,645277,430832,622666,660670,542255,455976,"54.1228","null","null","null","null","null","null","null",27,"3","Changeup",2,6,6,2,6,2,6,2,"Standard","Standard"
"CH","2018-05-04","90.3","-2.4379","5.8918","Mike Foltynewicz",453923,592314,"null","ball",,,,,"13","null","R","L","R","ATL","SF","B","null","null",0,1,2018,"-1.3619","0.7349","-0.9536","0.5594","null","null","null",1,3,"Top","null","null",,,452095,,"180505_003044","6.5197","-131.0995","-8.8261","-16.9216","25.9695","-22.2051","3.0102","1.4355","null","null","null","89.9920","2107","6.0870",529893,592314,452095,518692,645277,430832,622666,660670,542255,455976,"54.4131","null","null","null","null","null","null","null",27,"2","Changeup",2,6,6,2,6,2,6,2,"Standard","Standard"
"CU","2018-05-04","80.5","-2.2954","6.0955","Mike Foltynewicz",453923,592314,"null","called_strike",,,,,"4","null","R","L","R","ATL","SF","S","null","null",0,0,2018,"0.3993","-0.4937","-0.4514","1.9780","null","null","null",1,3,"Top","null","null",,,452095,,"180505_003032","3.3261","-117.2455","-1.6374","3.1137","19.1699","-36.6349","2.9998","1.4355","null","null","null","80.4010","2570","5.8710",529893,592314,452095,518692,645277,430832,622666,660670,542255,455976,"54.6288","null","null","null","null","null","null","null",27,"1","Curveball",2,6,6,2,6,2,6,2,"Standard","Standard"
"SL","2018-05-04","86.0","-2.2292","5.8858","Mike Foltynewicz",457706,592314,"null","ball",,,,,"14","null","R","R","R","ATL","SF","B","null","null",0,1,2018,"0.5461","-0.0752","1.5032","1.8501","null","null","null",0,3,"Top","null","null",,,452095,,"180505_002941","7.7142","-125.1115","-3.2251","4.3515","22.1487","-32.5946","3.2917","1.4761","null","null","null","85.9660","2605","6.0090",529893,592314,452095,518692,645277,430832,622666,660670,542255,455976,"54.4909","null","null","null","null","null","null","null",26,"2","Slider",2,6,6,2,6,2,6,2,"Standard","Standard"
"FF","2018-05-04","91.3","-1.6334","6.2168","Chris Stratton",645277,608717,"null","called_strike",,,,,"2","null","R","L","R","ATL","SF","S","null","null",3,0,2018,"-0.3044","1.3551","0.2230","2.6453","null","null","622666.00",2,2,"Bot","null","null",,,457763,,"180505_002616","5.2808","-132.7675","-5.9752","-4.6125","26.1098","-15.3057","3.0578","1.3866","null","null","null","91.0160","2420","5.9720",529893,608717,457763,474832,593700,446334,543063,453923,457706,457705,"54.5276","null","null","null","null","null","null","null",25,"4","4-Seam Fastball",2,6,2,6,6,2,2,6,"Standard","Standard"
"FF","2018-05-04","92.4","-1.5182","6.2377","Chris Stratton",645277,608717,"null","ball",,,,,"14","null","R","L","R","ATL","SF","B","null","null",2,0,2018,"-0.1154","1.4532","1.7759","2.1509","null","null","622666.00",2,2,"Bot","null","null",,,457763,,"180505_002552","8.5728","-134.0989","-7.6711","-3.1031","26.8935","-13.4207","3.1809","1.5098","null","null","null","91.9980","2489","6.0330",529893,608717,457763,474832,593700,446334,543063,453923,457706,457705,"54.4666","null","null","null","null","null","null","null",25,"3","4-Seam Fastball",2,6,2,6,6,2,2,6,"Standard","Standard"
"CU","2018-05-04","77.9","-1.5931","6.2969","Chris Stratton",645277,608717,"null","ball",,,,,"11","null","R","L","R","ATL","SF","B","null","null",1,0,2018,"1.3657","-0.9641","-1.5934","2.5076","null","null","622666.00",2,2,"Bot","null","null",,,457763,,"180505_002531","-2.3955","-113.2652","0.4937","11.8496","21.4329","-40.5783","3.0168","1.3661","null","null","null","76.6740","3115","5.5330",529893,608717,457763,474832,593700,446334,543063,453923,457706,457705,"54.9672","null","null","null","null","null","null","null",25,"2","Curveball",2,6,2,6,6,2,2,6,"Standard","Standard"
"FF","2018-05-04","91.6","-1.5980","6.2073","Chris Stratton",645277,608717,"null","ball",,,,,"8","null","R","L","R","ATL","SF","B","null","null",0,0,2018,"-0.4531","1.2362","-0.1182","1.3435","null","null","622666.00",2,2,"Bot","null","null",,,457763,,"180505_002514","4.6767","-133.1849","-9.0523","-6.2775","25.6618","-15.9681","3.0085","1.4400","null","null","null","91.5160","2409","6.0540",529893,608717,457763,474832,593700,446334,543063,453923,457706,457705,"54.4461","null","null","null","null","null","null","null",25,"1","4-Seam Fastball",2,6,2,6,6,2,2,6,"Standard","Standard"
"FT","2018-05-04","90.7","-1.6867","6.2225","Chris Stratton",592314,608717,"null","called_strike",,,,,"3","null","R","R","R","ATL","SF","S","null","null",0,1,2018,"-0.6951","1.0254","0.5606","2.6043","null","null","622666.00",0,2,"Bot","null","null",,,"null",,"180505_002332","7.1472","-131.9965","-5.4200","-9.5895","24.6801","-19.1655","2.6740","1.0348","null","null","null","91.5830","2491","6.5450",529893,"null","null","null","null","null","null","null","null","null","53.9549","null","null","null","null","null","null","null",23,"2","2-Seam Fastball",2,6,2,6,6,2,2,6,"null","null"
"FF","2018-05-04","89.9","-1.7445","6.1599","Chris Stratton",592314,608717,"null","called_strike",,,,,"8","null","R","R","R","ATL","SF","S","null","null",0,0,2018,"-0.3027","1.1260","0.2097","1.5903","null","null","622666.00",0,2,"Bot","null","null",,,457763,,"180505_002313","5.4796","-130.8027","-7.7863","-4.5153","24.3318","-17.9124","2.8176","1.1374","null","null","null","90.3120","2492","6.2850",529893,608717,457763,474832,593700,446334,543063,453923,457706,457705,"54.2150","null","null","null","null","null","null","null",23,"1","4-Seam Fastball",2,6,2,6,6,2,2,6,"Strategic","Standard"
"FF","2018-05-04","91.0","-1.5268","6.2400","Chris Stratton",622666,608717,"null","called_strike",,,,,"5","null","R","L","R","ATL","SF","S","null","null",1,0,2018,"-0.5524","1.1703","-0.0401","2.5112","null","null","null",0,2,"Bot","null","null",,,457763,,"180505_002216","4.9047","-132.5651","-6.0480","-7.4370","23.5574","-17.3749","3.4483","1.7200","null","null","null","91.6190","2447","6.2280",529893,608717,457763,474832,593700,446334,543063,453923,457706,457705,"54.2722","null","null","null","null","null","null","null",22,"2","4-Seam Fastball",2,6,2,6,6,2,2,6,"Standard","Standard"
"CU","2018-05-04","74.6","-1.4786","6.3999","Chris Stratton",622666,608717,"null","ball",,,,,"14","null","R","L","R","ATL","SF","B","null","null",0,0,2018,"1.3392","-1.0837","0.3975","0.7023","null","null","null",0,2,"Bot","null","null",,,457763,,"180505_002203","1.5389","-108.4569","-2.5297","9.9308","21.3165","-40.2370","3.3458","1.6584","null","null","null","73.3560","3052","5.6850",529893,608717,457763,474832,593700,446334,543063,453923,457706,457705,"54.8144","null","null","null","null","null","null","null",22,"1","Curveball",2,6,2,6,6,2,2,6,"Standard","Standard"
"FF","2018-05-04","96.7","-1.7382","6.2427","Mike Foltynewicz",446334,592314,"null","ball",,,,,"14","null","R","R","R","ATL","SF","B","null","null",0,1,2018,"-0.1266","1.4629","2.8121","2.2673","457763.00","474832.00","null",1,2,"Top","null","null",,,452095,,"180505_001840","12.3895","-140.2059","-8.3260","-4.4159","31.0385","-11.2120","3.5031","1.6287","null","null","null","96.5640","2419","6.3640",529893,592314,452095,518692,645277,430832,622666,660670,542255,455976,"54.1355","null","null","null","null","null","null","null",20,"2","4-Seam Fastball",2,5,5,2,5,2,5,2,"Strategic","Standard"
"SL","2018-05-04","84.8","-2.1955","5.8526","Mike Foltynewicz",457763,592314,"null","ball",,,,,"14","null","R","R","R","ATL","SF","B","null","null",1,1,2018,"0.5074","-0.1973","1.6505","1.9127","593700.00","null","457705.00",1,2,"Top","null","null",,,452095,,"180505_001418","7.9354","-123.3242","-2.5567","3.8191","20.8036","-33.9494","3.3137","1.6107","null","null","null","84.7140","2442","5.9290",529893,592314,452095,518692,645277,430832,622666,660670,542255,455976,"54.5706","null","null","null","null","null","null","null",18,"3","Slider",2,3,3,2,3,2,3,2,"Standard","Standard"
"SL","2018-05-04","85.2","-2.1237","6.0144","Mike Foltynewicz",457763,592314,"null","called_strike",,,,,"14","null","R","R","R","ATL","SF","S","null","null",0,0,2018,"0.4670","-0.1534","0.9246","2.1677","593700.00","null","457705.00",1,2,"Top","null","null",,,452095,,"180505_001334","6.1903","-124.0094","-2.5020","3.7239","21.2121","-33.5232","3.4158","1.6723","null","null","null","85.0240","2428","5.8410",529893,592314,452095,518692,645277,430832,622666,660670,542255,455976,"54.6592","null","null","null","null","null","null","null",18,"1","Slider",2,3,3,2,3,2,3,2,"Standard","Standard"
"FF","2018-05-04","97.7","-1.7846","6.1634","Mike Foltynewicz",457705,592314,"null","ball",,,,,"14","null","R","R","R","ATL","SF","B","null","null",1,0,2018,"-0.3849","1.6181","1.6302","0.9464","null","593700.00","null",1,2,"Top","null","null",,,452095,,"180505_001219","10.0251","-141.4245","-12.1455","-7.4219","31.9783","-7.9747","3.2718","1.5898","null","null","null","97.2080","2580","6.2810",529893,592314,452095,518692,645277,430832,622666,660670,542255,455976,"54.2185","null","null","null","null","null","null","null",17,"2","4-Seam Fastball",2,3,3,2,3,2,3,2,"Infield shift","Standard"
"SL","2018-05-04","86.6","-2.3141","6.0493","Mike Foltynewicz",457705,592314,"null","ball",,,,,"14","null","R","R","R","ATL","SF","B","null","null",0,0,2018,"0.5372","-0.3782","0.9144","0.7844","null","593700.00","null",1,2,"Top","null","null",,,452095,,"180505_001200","6.5653","-125.9150","-5.6128","4.4585","22.7150","-35.3525","3.2924","1.5487","null","null","null","86.0920","2848","5.7600",529893,592314,452095,518692,645277,430832,622666,660670,542255,455976,"54.7401","null","null","null","null","null","null","null",17,"1","Slider",2,3,3,2,3,2,3,2,"Infield shift","Standard"
"FF","2018-05-04","96.5","-2.4040","5.8551","Mike Foltynewicz",593700,592314,"null","called_strike",,,,,"3","null","R","L","R","ATL","SF","S","null","null",3,0,2018,"-0.5451","1.2653","0.7441","2.7755","453923.00","null","null",1,2,"Top","null","null",,,452095,,"180505_000949","9.5850","-140.0630","-5.4375","-9.3671","32.5135","-14.5575","3.2744","1.5814","null","null","null","96.1380","2435","6.2870",529893,592314,452095,518692,645277,430832,622666,660670,542255,455976,"54.2132","null","null","null","null","null","null","null",16,"4","4-Seam Fastball",2,2,2,2,2,2,2,2,"Strategic","Standard"
"CH","2018-05-04","91.0","-2.3363","5.9017","Mike Foltynewicz",593700,592314,"null","ball",,,,,"11","null","R","L","R","ATL","SF","B","null","null",2,0,2018,"-1.2831","0.7483","-1.4213","3.6456","453923.00","null","null",1,2,"Top","null","null",,,452095,,"180505_000930","5.0601","-132.4658","-1.3933","-16.2076","27.0259","-23.2419","3.2434","1.6430","null","null","null","91.3720","2065","6.3940",529893,592314,452095,518692,645277,430832,622666,660670,542255,455976,"54.1058","null","null","null","null","null","null","null",16,"3","Changeup",2,2,2,2,2,2,2,2,"Strategic","Standard"
"FT","2018-05-04","98.2","-2.3062","5.9320","Mike Foltynewicz",593700,592314,"null","ball",,,,,"11","null","R","L","R","ATL","SF","B","null","null",1,0,2018,"-1.0278","1.0392","-0.1682","3.7228","453923.00","null","null",1,2,"Top","null","null",,,452095,,"180505_000910","8.1856","-142.7441","-2.9119","-15.9724","32.9162","-17.4720","3.2639","1.6430","null","null","null","98.3440","2296","6.4330",529893,592314,452095,518692,645277,430832,622666,660670,542255,455976,"54.0664","null","null","null","null","null","null","null",16,"2","2-Seam Fastball",2,2,2,2,2,2,2,2,"Strategic","Standard"
"FT","2018-05-04","98.0","-2.4480","5.9942","Mike Foltynewicz",593700,592314,"null","ball",,,,,"11","null","R","L","R","ATL","SF","B","null","null",0,0,2018,"-1.1730","1.0318","-1.2549","2.6662","453923.00","null","null",1,2,"Top","null","null",,,452095,,"180505_000851","5.8669","-142.4691","-5.8496","-17.1460","31.0241","-17.1600","3.3870","1.7456","null","null","null","97.6990","2197","6.0550",529893,592314,452095,518692,645277,430832,622666,660670,542255,455976,"54.4446","null","null","null","null","null","null","null",16,"1","2-Seam Fastball",2,2,2,2,2,2,2,2,"Strategic","Standard"
"SL","2018-05-04","84.0","-2.2973","6.0713","Mike Foltynewicz",608717,592314,"strikeout","called_strike",,,,,"6","Chris Stratton called out on strikes.  ","R","R","R","ATL","SF","S",2,"null",1,2,2018,"0.3554","-0.0136","0.6404","2.3673","453923.00","null","null",0,2,"Top","null","null",,,452095,,"180505_000818","6.0679","-122.2587","-2.2094","2.4627","21.6096","-32.1317","3.3109","1.4992","null","null","null","83.7780","null","5.9010",529893,592314,452095,518692,645277,430832,622666,660670,542255,455976,"54.5987","null","null","0.00",1,0,0,"null",15,"4","Slider",2,2,2,2,2,2,2,2,"Strategic","Strategic"
"FF","2018-05-04","96.0","-1.9116","6.2150","Mike Foltynewicz",608717,592314,"null","ball",,,,,"14","null","R","R","R","ATL","SF","B","null","null",0,1,2018,"-0.3824","1.5021","2.3763","1.9203","453923.00","null","null",0,2,"Top","null","null",,,452095,,"180505_000738","12.1145","-139.0026","-9.0482","-7.5044","29.3705","-11.0496","3.2699","1.4992","null","null","null","95.5270","2504","6.1630",529893,592314,452095,518692,645277,430832,622666,660670,542255,455976,"54.3371","null","null","null","null","null","null","null",15,"2","4-Seam Fastball",2,2,2,2,2,2,2,2,"Strategic","Strategic"
"CH","2018-05-04","88.6","-2.0878","5.9913","Mike Foltynewicz",453923,592314,"null","ball",,,,,"11","null","R","L","R","ATL","SF","B","null","null",1,1,2018,"-1.3328","0.8118","-1.3272","3.0204","null","543063.00","457706.00",0,2,"Top","null","null",,,452095,,"180505_000531","4.5730","-128.9164","-2.8475","-15.6174","26.8314","-22.8834","2.9526","1.3984","null","null","null","88.0900","2018","5.9770",529893,592314,452095,518692,645277,430832,622666,660670,542255,455976,"54.5231","null","null","null","null","null","null","null",14,"3","Changeup",2,0,0,2,0,2,0,2,"Standard","Standard"
"FF","2018-05-04","97.0","-2.3896","6.0157","Mike Foltynewicz",453923,592314,"null","ball",,,,,"11","null","R","L","R","ATL","SF","B","null","null",0,1,2018,"-0.6612","1.2467","-1.2885","2.2034","null","543063.00","457706.00",0,2,"Top","null","null",,,452095,,"180505_000509","4.4452","-141.0499","-7.4656","-9.8168","32.8964","-14.1018","2.9732","1.4189","null","null","null","96.7870","2391","6.2650",529893,592314,452095,518692,645277,430832,622666,660670,542255,455976,"54.2349","null","null","null","null","null","null","null",14,"2","4-Seam Fastball",2,0,0,2,0,2,0,2,"Standard","Standard"
"CU","2018-05-04","79.3","-2.1927","6.2554","Mike Foltynewicz",453923,592314,"null","called_strike",,,,,"1","null","R","L","R","ATL","SF","S","null","null",0,0,2018,"0.3285","-0.3043","-0.7530","3.0104","null","543063.00","457706.00",0,2,"Top","null","null",,,452095,,"180505_000451","2.5248","-115.4619","0.1835","2.4539","20.2314","-35.1166","2.9422","1.4394","null","null","null","78.8550","2522","5.8130",529893,592314,452095,518692,645277,430832,622666,660670,542255,455976,"54.6867","null","null","null","null","null","null","null",14,"1","Curveball",2,0,0,2,0,2,0,2,"Standard","Standard"
"SL","2018-05-04","88.0","-2.2784","5.9223","Mike Foltynewicz",457706,592314,"walk","ball",,,,,"14","Austin Jackson walks.   Brandon Crawford to 2nd.  ","R","R","R","ATL","SF","B","null","null",3,2,2018,"0.5194","0.2023","1.3933","1.6808","null","null","543063.00",0,2,"Top","null","null",,,452095,,"180505_000404","7.7805","-127.9948","-4.6251","4.2540","23.0737","-29.3477","3.1726","1.5211","null","null","null","87.6710","2598","5.8260",529893,592314,452095,518692,645277,430832,622666,660670,542255,455976,"54.6737","null","null","0.70",1,0,0,"null",13,"6","Slider",2,0,0,2,0,2,0,2,"Standard","Standard"
"FF","2018-05-04","97.4","-2.0672","5.9584","Mike Foltynewicz",457706,592314,"null","ball",,,,,"13","null","R","R","R","ATL","SF","B","null","null",2,2,2018,"-0.3347","1.2983","-1.0423","1.8676","null","null","543063.00",0,2,"Top","null","null",,,452095,,"180505_000338","3.5402","-141.7391","-8.5329","-5.3181","30.4191","-12.8527","3.2547","1.5416","null","null","null","98.0690","2253","6.5270",529893,592314,452095,518692,645277,430832,622666,660670,542255,455976,"53.9731","null","null","null","null","null","null","null",13,"5","4-Seam Fastball",2,0,0,2,0,2,0,2,"Standard","Standard"
"FF","2018-05-04","96.3","-1.5688","6.3501","Mike Foltynewicz",457706,592314,"null","ball",,,,,"11","null","R","R","R","ATL","SF","B","null","null",1,2,2018,"-0.1547","1.5441","-0.6334","4.9342","null","null","543063.00",0,2,"Top","null","null",,,452095,,"180505_000315","2.8110","-140.2504","-1.6475","-2.6296","30.5940","-11.9138","3.3162","1.5827","null","null","null","95.8890","2245","5.9260",529893,592314,452095,518692,645277,430832,622666,660670,542255,455976,"54.5735","null","null","null","null","null","null","null",13,"4","4-Seam Fastball",2,0,0,2,0,2,0,2,"Standard","Standard"
"FF","2018-05-04","97.3","-1.8015","6.1805","Mike Foltynewicz",457706,592314,"null","ball",,,,,"12","null","R","R","R","ATL","SF","B","null","null",0,2,2018,"-0.1731","1.4890","0.3164","4.6055","null","null","543063.00",0,2,"Top","null","null",,,452095,,"180505_000255","6.0294","-141.6318","-2.0818","-3.6006","30.4633","-12.1267","3.2752","1.5006","null","null","null","96.9090","2343","5.9180",529893,592314,452095,518692,645277,430832,622666,660670,542255,455976,"54.5814","null","null","null","null","null","null","null",13,"3","4-Seam Fastball",2,0,0,2,0,2,0,2,"Standard","Standard"
"FF","2018-05-04","97.9","-2.0248","6.0890","Mike Foltynewicz",457706,592314,"null","called_strike",,,,,"6","null","R","R","R","ATL","SF","S","null","null",0,1,2018,"-0.7646","1.4210","0.7290","2.5773","null","null","543063.00",0,2,"Top","null","null",,,452095,,"180505_000235","9.1930","-142.2116","-7.2918","-12.3705","29.6996","-11.4225","3.2341","1.5416","null","null","null","98.2400","2347","6.3770",529893,592314,452095,518692,645277,430832,622666,660670,542255,455976,"54.1229","null","null","null","null","null","null","null",13,"2","4-Seam Fastball",2,0,0,2,0,2,0,2,"Standard","Standard"
"FF","2018-05-04","97.5","-2.1885","5.9688","Mike Foltynewicz",543063,592314,"null","ball",,,,,"13","null","R","L","R","ATL","SF","B","null","null",1,0,2018,"-0.4264","1.3862","-0.9731","1.7537","null","null","null",0,2,"Top","null","null",,,452095,,"180505_000112","4.2132","-141.7131","-8.9161","-6.6467","32.0785","-11.8751","3.2470","1.5936","null","null","null","97.0460","2315","6.0740",529893,592314,452095,518692,645277,430832,622666,660670,542255,455976,"54.4256","null","null","null","null","null","null","null",12,"2","4-Seam Fastball",2,0,0,2,0,2,0,2,"Standard","Standard"
"FT","2018-05-04","96.3","-2.4976","6.0528","Mike Foltynewicz",543063,592314,"null","ball",,,,,"11","null","R","L","R","ATL","SF","B","null","null",0,0,2018,"-1.3515","0.8271","-1.2163","2.6197","null","null","null",0,2,"Top","null","null",,,452095,,"180505_000058","6.2935","-139.9464","-5.3119","-18.7272","29.5465","-20.6404","3.2470","1.5730","null","null","null","95.2800","2317","5.6280",529893,592314,452095,518692,645277,430832,622666,660670,542255,455976,"54.8719","null","null","null","null","null","null","null",12,"1","2-Seam Fastball",2,0,0,2,0,2,0,2,"Standard","Standard"
"FF","2018-05-04","92.7","-1.6692","6.1349","Chris Stratton",452095,608717,"null","ball",,,,,"14","null","R","R","R","ATL","SF","B","null","null",0,1,2018,"-0.2656","1.1641","0.9192","2.0172","null","430832.00","null",2,1,"Bot","null","null",,,457763,,"180504_235703","7.1438","-134.7274","-7.2640","-4.5500","24.7818","-16.8497","3.4051","1.5308","null","null","null","92.7500","2448","6.0460",529893,608717,457763,474832,593700,446334,543063,453923,457706,457705,"54.4533","null","null","null","null","null","null","null",11,"2","4-Seam Fastball",2,0,2,0,0,2,2,0,"Standard","Standard"
"FF","2018-05-04","90.8","-1.6009","6.3228","Chris Stratton",430832,608717,"null","ball",,,,,"11","null","R","R","R","ATL","SF","B","null","null",1,0,2018,"-0.5127","1.3044","-1.0342","2.9872","null","null","null",2,1,"Bot","null","null",,,457763,,"180504_235501","2.4812","-132.1114","-5.1904","-6.4416","25.9228","-16.2224","3.2844","1.6120","null","null","null","90.5270","2446","5.9540",529893,608717,457763,474832,593700,446334,543063,453923,457706,457705,"54.5461","null","null","null","null","null","null","null",10,"2","4-Seam Fastball",2,0,2,0,0,2,2,0,"Strategic","Strategic"
"CU","2018-05-04","75.8","-1.3789","6.3257","Chris Stratton",430832,608717,"null","ball",,,,,"11","null","R","R","R","ATL","SF","B","null","null",0,0,2018,"1.4040","-1.1739","-0.4339","3.4308","null","null","null",2,1,"Bot","null","null",,,457763,,"180504_235446","-0.4653","-110.1174","3.1580","11.1154","22.4440","-42.3207","3.2024","1.5504","null","null","null","74.3400","3192","5.6350",529893,608717,457763,474832,593700,446334,543063,453923,457706,457705,"54.8645","null","null","null","null","null","null","null",10,"1","Curveball",2,0,2,0,0,2,2,0,"Strategic","Strategic"
"FT","2018-05-04","91.4","-1.5388","6.2524","Chris Stratton",455976,608717,"null","called_strike",,,,,"4","null","R","L","R","ATL","SF","S","null","null",0,0,2018,"-0.7930","0.7418","-0.7802","2.3222","null","null","null",1,1,"Bot","null","null",,,457763,,"180504_235336","3.5315","-132.9919","-5.5936","-9.9397","24.7646","-22.6659","3.4557","1.7641","null","null","null","90.8790","2440","5.6840",529893,608717,457763,474832,593700,446334,543063,453923,457706,457705,"54.8162","null","null","null","null","null","null","null",9,"1","2-Seam Fastball",2,0,2,0,0,2,2,0,"Standard","Standard"
"CU","2018-05-04","77.6","-1.5501","6.2054","Chris Stratton",518692,608717,"null","ball",,,,,"13","null","R","L","R","ATL","SF","B","null","null",1,1,2018,"1.4938","-0.9567","-0.0895","0.8909","645277.00","null","null",1,1,"Bot","null","null",,,457763,,"180504_235215","0.4586","-112.9381","-2.6755","12.3178","21.8892","-39.8698","3.3536","1.6204","null","null","null","76.4930","3047","5.6260",529893,608717,457763,474832,593700,446334,543063,453923,457706,457705,"54.8735","null","null","null","null","null","null","null",8,"3","Curveball",0,0,0,0,0,0,0,0,"Strategic","Standard"
"CU","2018-05-04","77.2","-1.5920","6.2913","Chris Stratton",518692,608717,"null","ball",,,,,"11","null","R","L","R","ATL","SF","B","null","null",0,1,2018,"1.4793","-0.8778","-1.2519","3.4743","645277.00","null","null",1,1,"Bot","null","null",,,457763,,"180504_235157","-1.8463","-112.1546","2.5134","12.4033","21.4189","-40.0805","3.4151","1.6820","null","null","null","75.7470","3098","5.4480",529893,608717,457763,474832,593700,446334,543063,453923,457706,457705,"55.0516","null","null","null","null","null","null","null",8,"2","Curveball",0,0,0,0,0,0,0,0,"Strategic","Standard"
"FF","2018-05-04","91.3","-1.8121","6.2667","Chris Stratton",660670,608717,"null","called_strike",,,,,"1","null","R","R","R","ATL","SF","S","null","null",1,1,2018,"-0.0768","1.1593","-0.8025","2.9771","null","645277.00","null",0,1,"Bot","null","null",,,457763,,"180504_235022","2.6868","-132.9937","-4.9040","-1.4064","24.7380","-17.7842","3.4643","1.6744","null","null","null","91.2730","2359","5.9210",529893,608717,457763,474832,593700,446334,543063,453923,457706,457705,"54.5789","null","null","null","null","null","null","null",7,"3","4-Seam Fastball",0,0,0,0,0,0,0,0,"Standard","Standard"
"FC","2018-05-04","91.1","-1.6617","6.3478","Chris Stratton",660670,608717,"null","ball",,,,,"11","null","R","R","R","ATL","SF","B","null","null",0,1,2018,"0.0640","1.3283","-0.8214","4.4008","null","645277.00","null",0,1,"Bot","null","null",,,457763,,"180504_235001","1.9661","-132.6756","-1.8592","0.3696","25.8335","-16.4150","3.4438","1.6334","null","null","null","91.0620","2449","6.0200",529893,608717,457763,474832,593700,446334,543063,453923,457706,457705,"54.4801","null","null","null","null","null","null","null",7,"2","Cutter",0,0,0,0,0,0,0,0,"Standard","Standard"
"FF","2018-05-04","90.6","-1.7599","6.2559","Chris Stratton",645277,608717,"null","called_strike",,,,,"11","null","R","L","R","ATL","SF","S","null","null",2,0,2018,"-0.2170","1.1448","-0.8345","2.7559","null","null","null",0,1,"Bot","null","null",,,457763,,"180504_234839","2.7274","-131.8564","-5.1587","-3.0300","26.7416","-18.3021","2.9630","1.3739","null","null","null","89.7080","2234","5.6290",529893,608717,457763,474832,593700,446334,543063,453923,457706,457705,"54.8710","null","null","null","null","null","null","null",6,"3","4-Seam Fastball",0,0,0,0,0,0,0,0,"Standard","Standard"
"FF","2018-05-04","91.4","-1.8139","6.2956","Chris Stratton",645277,608717,"null","ball",,,,,"13","null","R","L","R","ATL","SF","B","null","null",1,0,2018,"-0.4077","1.0471","-0.4083","0.8192","null","null","null",0,1,"Bot","null","null",,,457763,,"180504_234824","4.3259","-132.6269","-9.9702","-5.5705","26.2360","-18.3257","3.1476","1.4354","null","null","null","90.3120","2300","5.6130",529893,608717,457763,474832,593700,446334,543063,453923,457706,457705,"54.8863","null","null","null","null","null","null","null",6,"2","4-Seam Fastball",0,0,0,0,0,0,0,0,"Standard","Standard"
"SL","2018-05-04","82.3","-1.7508","6.3581","Chris Stratton",645277,608717,"null","ball",,,,,"13","null","R","L","R","ATL","SF","B","null","null",0,0,2018,"0.5968","-0.3613","-0.8028","1.1250","null","null","null",0,1,"Bot","null","null",,,457763,,"180504_234812","1.0173","-119.7788","-4.7070","5.4779","19.6101","-35.0389","3.0245","1.4560","null","null","null","81.6910","2780","5.5310",529893,608717,457763,474832,593700,446334,543063,453923,457706,457705,"54.9690","null","null","null","null","null","null","null",6,"1","Slider",0,0,0,0,0,0,0,0,"Standard","Standard"
"SL","2018-05-04","86.0","-2.2108","5.7889","Mike Foltynewicz",446334,592314,"null","ball",,,,,"14","null","R","R","R","ATL","SF","B","null","null",0,1,2018,"0.5391","0.0661","1.5443","2.3277","null","457705.00","457763.00",2,1,"Top","null","null",,,452095,,"180504_234508","7.7935","-125.1497","-2.1435","4.2346","22.8174","-31.2954","3.3960","1.6447","null","null","null","86.0470","2487","6.1010",529893,592314,452095,518692,645277,430832,622666,660670,542255,455976,"54.3986","null","null","null","null","null","null","null",5,"2","Slider",0,0,0,0,0,0,0,0,"Standard","Standard"
"SL","2018-05-04","86.9","-2.3382","5.9856","Mike Foltynewicz",446334,592314,"null","called_strike",,,,,"5","null","R","R","R","ATL","SF","S","null","null",0,0,2018,"0.5534","-0.0464","-0.1917","2.7675","null","457705.00","457763.00",2,1,"Top","null","null",,,452095,,"180504_234447","3.9977","-126.5515","-1.5018","5.1421","22.9379","-32.6125","3.5186","1.6447","null","null","null","86.4880","2522","5.7340",529893,592314,452095,518692,645277,430832,622666,660670,542255,455976,"54.7656","null","null","null","null","null","null","null",5,"1","Slider",0,0,0,0,0,0,0,0,"Standard","Standard"
"FF","2018-05-04","97.6","-2.5046","6.0541","Mike Foltynewicz",474832,592314,"null","ball",,,,,"11","null","R","L","R","ATL","SF","B","null","null",0,0,2018,"-0.4252","1.2041","-1.5223","3.4829","null","457705.00","457763.00",1,1,"Top","null","null",,,452095,,"180504_234335","3.5958","-142.0593","-4.1277","-6.5336","33.4261","-15.3297","3.1800","1.4529","null","null","null","97.1270","2276","6.0680",529893,592314,452095,518692,645277,430832,622666,660670,542255,455976,"54.4319","null","null","null","null","null","null","null",4,"1","4-Seam Fastball",0,0,0,0,0,0,0,0,"Infield shift","Standard"
"SL","2018-05-04","86.2","-2.2240","5.9298","Mike Foltynewicz",457763,592314,"null","ball",,,,,"12","null","R","R","R","ATL","SF","B","null","null",1,2,2018,"0.6125","-0.1590","1.4927","3.0297","null","null","457705.00",1,1,"Top","null","null",,,452095,,"180504_234112","7.5395","-125.3689","-0.4134","5.0550","22.1828","-33.9727","3.2681","1.4830","null","null","null","85.7970","null","5.7820",529893,592314,452095,518692,645277,430832,622666,660670,542255,455976,"54.7182","null","null","null","null","null","null","null",3,"4","Slider",0,0,0,0,0,0,0,0,"Standard","Standard"
"SL","2018-05-04","85.6","-2.4068","5.9238","Mike Foltynewicz",457763,592314,"null","ball",,,,,"13","null","R","R","R","ATL","SF","B","null","null",0,2,2018,"0.4284","-0.0579","-0.0423","1.0763","null","null","457705.00",1,1,"Top","null","null",,,452095,,"180504_234036","4.6963","-124.5959","-5.1108","3.6428","21.0507","-32.1119","3.3296","1.5446","null","null","null","85.5030","2499","5.8590",529893,592314,452095,518692,645277,430832,622666,660670,542255,455976,"54.6410","null","null","null","null","null","null","null",3,"3","Slider",0,0,0,0,0,0,0,0,"Standard","Standard"
"FT","2018-05-04","97.7","-2.1958","6.0604","Mike Foltynewicz",457763,592314,"null","called_strike",,,,,"2","null","R","R","R","ATL","SF","S","null","null",0,1,2018,"-1.0596","0.9449","0.2127","2.9595","null","null","457705.00",1,1,"Top","null","null",,,452095,,"180504_234016","8.9660","-142.0367","-5.0976","-16.3699","29.0609","-18.3534","3.4318","1.6267","null","null","null","98.4330","2252","6.5130",529893,592314,452095,518692,645277,430832,622666,660670,542255,455976,"53.9865","null","null","null","null","null","null","null",3,"2","2-Seam Fastball",0,0,0,0,0,0,0,0,"Standard","Standard"
"FT","2018-05-04","99.0","-2.1573","6.0078","Mike Foltynewicz",457705,592314,"walk","ball",,,,,"14","Andrew McCutchen walks.  ","R","R","R","ATL","SF","B","null","null",3,2,2018,"-1.0414","1.1274","1.6010","2.1353","null","null","null",1,1,"Top","null","null",,,452095,,"180504_233904","12.5717","-143.4897","-7.6772","-17.0812","31.4511","-15.1973","3.2057","1.5442","null","null","null","98.5220","2386","6.1230",529893,592314,452095,518692,645277,430832,622666,660670,542255,455976,"54.3766","null","null","0.70",1,0,0,"null",2,"6","2-Seam Fastball",0,0,0,0,0,0,0,0,"Infield shift","Standard"
"FF","2018-05-04","99.7","-1.7928","6.1428","Mike Foltynewicz",457705,592314,"null","ball",,,,,"12","null","R","R","R","ATL","SF","B","null","null",2,2,2018,"-0.4121","1.4635","0.1080","3.5815","null","null","null",1,1,"Top","null","null",,,452095,,"180504_233845","6.1729","-144.9930","-5.0528","-7.2255","33.9178","-10.6807","3.2262","1.4826","null","null","null","99.4910","2514","6.2070",529893,592314,452095,518692,645277,430832,622666,660670,542255,455976,"54.2922","null","null","null","null","null","null","null",2,"5","4-Seam Fastball",0,0,0,0,0,0,0,0,"Infield shift","Standard"
"FT","2018-05-04","99.2","-2.1422","6.1570","Mike Foltynewicz",457705,592314,"null","ball",,,,,"12","null","R","R","R","ATL","SF","B","null","null",1,2,2018,"-0.9676","1.1958","1.0895","2.9185","null","null","null",1,1,"Top","null","null",,,452095,,"180504_233829","10.9608","-143.9272","-6.1196","-15.7660","32.5494","-14.5985","3.2673","1.5852","null","null","null","98.4140","2402","5.9550",529893,592314,452095,518692,645277,430832,622666,660670,542255,455976,"54.5450","null","null","null","null","null","null","null",2,"4","2-Seam Fastball",0,0,0,0,0,0,0,0,"Infield shift","Standard"
"FF","2018-05-04","98.7","-1.9482","6.2663","Mike Foltynewicz",457705,592314,"null","called_strike",,,,,"3","null","R","R","R","ATL","SF","S","null","null",1,1,2018,"-0.3640","1.5195","0.5706","3.2520","null","null","null",1,1,"Top","null","null",,,452095,,"180504_233813","7.5911","-143.4215","-6.1559","-6.6012","31.4163","-10.4403","3.2673","1.5442","null","null","null","97.8230","2482","5.7540",529893,592314,452095,518692,645277,430832,622666,660670,542255,455976,"54.7452","null","null","null","null","null","null","null",2,"3","4-Seam Fastball",0,0,0,0,0,0,0,0,"Infield shift","Standard"
"FF","2018-05-04","98.5","-2.0451","6.1124","Mike Foltynewicz",457705,592314,"null","ball",,,,,"14","null","R","R","R","ATL","SF","B","null","null",0,0,2018,"-0.3037","1.4380","1.1833","1.1740","null","null","null",1,1,"Top","null","null",,,452095,,"180504_233748","9.4115","-142.8279","-11.1951","-6.1952","31.0650","-10.3094","3.2037","1.5422","null","null","null","98.1770","2510","6.1780",529893,592314,452095,518692,645277,430832,622666,660670,542255,455976,"54.3213","null","null","null","null","null","null","null",2,"1","4-Seam Fastball",0,0,0,0,0,0,0,0,"Infield shift","Standard"
"FF","2018-05-04","97.5","-2.4465","6.0639","Mike Foltynewicz",593700,592314,"null","called_strike",,,,,"3","null","R","L","R","ATL","SF","S","null","null",0,0,2018,"-0.6578","1.2970","0.4095","2.9900","null","null","null",0,1,"Top","null","null",,,452095,,"180504_233656","9.0268","-141.5828","-5.6024","-10.6020","29.9173","-14.0769","3.3916","1.6896","null","null","null","96.5520","2424","5.6970",529893,592314,452095,518692,645277,430832,622666,660670,542255,455976,"54.8031","null","null","null","null","null","null","null",1,"1","4-Seam Fastball",0,0,0,0,0,0,0,0,"Strategic","Standard"