"pitch_type","game_date","release_speed","release_pos_x","release_pos_z","player_name","batter","pitcher","events","description","spin_dir","spin_rate_deprecated","break_angle_deprecated","break_length_deprecated","zone","des","game_type","stand","p_throws","home_team","away_team","type","hit_location","bb_type","balls","strikes","game_year","pfx_x","pfx_z","plate_x","plate_z","on_3b","on_2b","on_1b","outs_when_up","inning","inning_topbot","hc_x","hc_y","tfs_deprecated","tfs_zulu_deprecated","pos2_person_id","umpire","sv_id","vx0","vy0","vz0","ax","ay","az","sz_top","sz_bot","hit_distance_sc","launch_speed","launch_angle","effective_speed","release_spin_rate","release_extension","game_pk","pos1_person_id","pos2_person_id","pos3_person_id","pos4_person_id","pos5_person_id","pos6_person_id","pos7_person_id","pos8_person_id","pos9_person_id","release_pos_y","estimated_ba_using_speedangle","estimated_woba_using_speedangle","woba_value","woba_denom","babip_value","iso_value","launch_speed_angle","at_bat_number","pitch_number","pitch_name","home_score","away_score","bat_score","fld_score","post_away_score","post_home_score","post_bat_score","post_fld_score","if_fielding_alignment","of_fielding_alignment"
"CU","2018-07-29","78.6","1.7365","6.4992","Will Smith",456715,519293,"null","ball",,,,,"14","null","R","R","L","SF","MIL","B","null","null",0,0,2018,"-0.9630","-0.5757","0.0753","0.9961","null","null","444489.00",2,9,"Top","null","null",,,457763,,"180729_231620","-1.8473","-114.2467","-3.9330","-7.7173","22.5811","-36.5182","3.4076","1.5466","null","null","null","76.8700","1882","5.2720",530991,519293,457763,488818,593700,446334,543063,596103,621453,491676,"55.2254","null","null","null","null","null","null","null",78,"1","Curveball",8,5,5,8,5,8,5,8,"Standard","Standard"
"FF","2018-07-29","92.5","1.5818","6.4876","Will Smith",573135,519293,"null","called_strike",,,,,"6","null","R","R","L","SF","MIL","S","null","null",0,1,2018,"0.5713","1.2261","0.6310","2.3445","null","null","444489.00",1,9,"Top","null","null",,,457763,,"180729_231521","-3.5862","-134.3793","-7.2367","7.5339","29.5276","-16.3602","3.3299","1.4678","null","null","null","91.2240","2269","5.6390",530991,519293,457763,488818,593700,446334,543063,596103,621453,491676,"54.8585","null","null","null","null","null","null","null",77,"2","4-Seam Fastball",8,5,5,8,5,8,5,8,"Standard","Standard"
"FF","2018-07-29","93.1","1.5573","6.4430","Will Smith",573135,519293,"null","called_strike",,,,,"9","null","R","R","L","SF","MIL","S","null","null",0,0,2018,"0.6741","1.6336","0.2910","1.5585","null","null","444489.00",1,9,"Top","null","null",,,457763,,"180729_231501","-4.7034","-135.1055","-10.2184","9.2726","31.6954","-10.2186","3.3817","1.5203","null","null","null","92.4390","2251","6.2190",530991,519293,457763,488818,593700,446334,543063,596103,621453,491676,"54.2788","null","null","null","null","null","null","null",77,"1","4-Seam Fastball",8,5,5,8,5,8,5,8,"Standard","Standard"
"FF","2018-07-29","93.4","1.5259","6.4833","Will Smith",606115,519293,"null","ball",,,,,"14","null","R","R","L","SF","MIL","B","null","null",0,1,2018,"0.6018","1.4884","0.8652","1.4715","null","null","444489.00",0,9,"Top","null","null",,,457763,,"180729_231357","-2.9791","-135.6518","-10.2810","7.9732","29.0090","-12.0622","3.3299","1.5466","null","null","null","92.7230","2067","5.9400",530991,519293,457763,488818,593700,446334,543063,596103,621453,491676,"54.5575","null","null","null","null","null","null","null",76,"2","4-Seam Fastball",8,5,5,8,5,8,5,8,"Standard","Standard"
"CU","2018-07-29","77.5","1.6114","6.5294","Will Smith",606115,519293,"null","called_strike",,,,,"2","null","R","R","L","SF","MIL","S","null","null",0,0,2018,"-1.1572","-0.4211","-0.0381","2.8550","null","null","444489.00",0,9,"Top","null","null",,,457763,,"180729_231339","-1.4506","-112.6258","-0.1203","-9.2497","21.6983","-35.8912","3.1742","1.5466","null","null","null","76.1600","1988","5.5270",530991,519293,457763,488818,593700,446334,543063,596103,621453,491676,"54.9707","null","null","null","null","null","null","null",76,"1","Curveball",8,5,5,8,5,8,5,8,"Standard","Standard"
"CU","2018-07-29","76.0","1.7333","6.5464","Will Smith",444489,519293,"null","ball",,,,,"13","null","R","R","L","SF","MIL","B","null","null",0,0,2018,"-0.9367","-0.5395","-0.7410","0.9502","null","null","null",0,9,"Top","null","null",,,457763,,"180729_231237","-3.5055","-110.5301","-3.6948","-6.8414","18.8046","-36.0837","3.0704","1.3627","null","null","null","74.8090","2034","5.3370",530991,519293,457763,488818,593700,446334,543063,596103,621453,491676,"55.1604","null","null","null","null","null","null","null",75,"1","Curveball",8,5,5,8,5,8,5,8,"Standard","Standard"
"SL","2018-07-29","85.9","-1.1059","5.8274","Corbin Burnes",596103,669203,"null","called_strike",,,,,"5","null","R","R","R","SF","MIL","S","null","null",0,1,2018,"0.7642","-0.0790","0.1533","2.1523","null","457763.00","543063.00",2,8,"Bot","null","null",,,444489,,"180729_230833","1.4701","-125.2251","-2.4360","7.7220","19.2934","-32.8160","3.3039","1.5990","null","null","null","85.6980","3079","5.5340",530991,669203,444489,542583,541650,519058,606115,460075,456715,592885,"54.9632","null","null","null","null","null","null","null",74,"2","Slider",8,5,8,5,5,8,8,5,"Standard","Standard"
"SL","2018-07-29","86.7","-1.1603","5.8828","Corbin Burnes",596103,669203,"null","called_strike",,,,,"3","null","R","R","R","SF","MIL","S","null","null",0,0,2018,"0.5786","0.0415","0.4057","3.1277","null","457763.00","543063.00",2,8,"Bot","null","null",,,444489,,"180729_230810","2.5721","-126.4782","-0.6410","5.7963","19.7058","-31.8156","3.2521","1.6273","null","null","null","86.9730","null","5.8020",530991,669203,444489,542583,541650,519058,606115,460075,456715,592885,"54.6950","null","null","null","null","null","null","null",74,"1","Slider",8,5,8,5,5,8,8,5,"Standard","Standard"
"FF","2018-07-29","96.2","-1.1016","6.0295","Corbin Burnes",446334,669203,"null","ball",,,,,"13","null","R","R","R","SF","MIL","B","null","null",1,2,2018,"-0.0838","1.0963","-1.1794","1.5784","null","457763.00","543063.00",1,8,"Bot","null","null",,,444489,,"180729_230702","-0.0182","-139.9807","-8.7383","-1.1035","26.6469","-16.2271","3.4594","1.6253","null","null","null","96.5570","2539","6.1450",530991,669203,444489,542583,541650,519058,606115,460075,456715,592885,"54.3519","null","null","null","null","null","null","null",73,"4","4-Seam Fastball",8,5,8,5,5,8,8,5,"Standard","Standard"
"FF","2018-07-29","95.8","-0.9465","6.1088","Corbin Burnes",446334,669203,"null","ball",,,,,"13","null","R","R","R","SF","MIL","B","null","null",0,1,2018,"0.1328","0.9768","-0.1433","1.1166","null","457763.00","543063.00",1,8,"Bot","null","null",,,444489,,"180729_230606","1.8121","-139.3552","-9.7570","1.4049","24.6567","-17.9420","3.5111","1.6777","null","null","null","95.8010","2728","5.8370",530991,669203,444489,542583,541650,519058,606115,460075,456715,592885,"54.6599","null","null","null","null","null","null","null",73,"2","4-Seam Fastball",8,5,8,5,5,8,8,5,"Standard","Standard"
"SL","2018-07-29","87.1","-1.1562","5.9466","Corbin Burnes",446334,669203,"null","called_strike",,,,,"5","null","R","R","R","SF","MIL","S","null","null",0,0,2018,"0.5447","0.1578","-0.2669","2.6039","null","457763.00","543063.00",1,8,"Bot","null","null",,,444489,,"180729_230546","1.0377","-126.9831","-2.2953","5.6768","21.0117","-30.2987","3.5111","1.6253","null","null","null","87.0640","null","5.7360",530991,669203,444489,542583,541650,519058,606115,460075,456715,592885,"54.7617","null","null","null","null","null","null","null",73,"1","Slider",8,5,8,5,5,8,8,5,"Standard","Standard"
"FF","2018-07-29","95.0","-1.1698","5.9664","Corbin Burnes",543063,669203,"null","called_strike",,,,,"13","null","R","L","R","SF","MIL","S","null","null",2,0,2018,"0.2043","0.8887","-0.3738","1.5087","null","null","457763.00",1,8,"Bot","null","null",,,444489,,"180729_230404","1.6284","-138.3944","-8.0765","2.3475","24.6182","-19.4480","3.4335","1.6515","null","null","null","95.4880","2601","6.0590",530991,669203,444489,542583,541650,519058,606115,460075,456715,592885,"54.4383","null","null","null","null","null","null","null",72,"3","4-Seam Fastball",8,5,8,5,5,8,8,5,"Standard","Standard"
"SL","2018-07-29","86.5","-1.2819","5.8582","Corbin Burnes",543063,669203,"null","ball",,,,,"11","null","R","L","R","SF","MIL","B","null","null",1,0,2018,"0.4825","0.1619","-1.0671","3.8459","null","null","457763.00",1,8,"Bot","null","null",,,444489,,"180729_230341","-0.4392","-126.0254","0.9285","5.1768","19.8774","-30.7988","3.4594","1.6253","null","null","null","86.4600","2722","5.7000",530991,669203,444489,542583,541650,519058,606115,460075,456715,592885,"54.7975","null","null","null","null","null","null","null",72,"2","Slider",8,5,8,5,5,8,8,5,"Standard","Standard"
"FF","2018-07-29","95.7","-1.0171","6.0571","Corbin Burnes",457763,669203,"null","ball",,,,,"14","null","R","R","R","SF","MIL","B","null","null",0,1,2018,"0.2760","1.2112","0.3310","0.4534","null","null","null",1,8,"Bot","null","null",,,444489,,"180729_230208","2.9256","-138.9978","-11.8457","2.9834","28.0759","-14.2979","3.2521","1.4678","null","null","null","95.6150","2695","6.1210",530991,669203,444489,542583,541650,519058,606115,460075,456715,592885,"54.3763","null","null","null","null","null","null","null",71,"2","4-Seam Fastball",8,5,8,5,5,8,8,5,"Standard","Standard"
"FF","2018-07-29","96.5","-0.9674","6.1235","Corbin Burnes",457763,669203,"null","called_strike",,,,,"11","null","R","R","R","SF","MIL","S","null","null",0,0,2018,"-0.1455","1.2101","-0.9893","2.4669","null","null","null",1,8,"Bot","null","null",,,444489,,"180729_230156","0.2658","-140.3939","-6.8722","-1.9660","29.0426","-15.0743","3.2780","1.5466","null","null","null","96.2670","2586","5.9720",530991,669203,444489,542583,541650,519058,606115,460075,456715,592885,"54.5253","null","null","null","null","null","null","null",71,"1","4-Seam Fastball",8,5,8,5,5,8,8,5,"Standard","Standard"
"FF","2018-07-29","94.4","-1.0118","6.0642","Corbin Burnes",621389,669203,"null","ball",,,,,"12","null","R","R","R","SF","MIL","B","null","null",0,0,2018,"0.0747","1.2398","0.9617","3.1239","null","null","null",0,8,"Bot","null","null",,,444489,,"180729_230039","4.9645","-137.4965","-4.8053","0.0772","24.3136","-15.6420","3.2521","1.5203","null","null","null","95.0640","2516","6.1730",530991,669203,444489,542583,541650,519058,606115,460075,456715,592885,"54.3243","null","null","null","null","null","null","null",70,"1","4-Seam Fastball",8,5,8,5,5,8,8,5,"Standard","Standard"
"SL","2018-07-29","82.6","3.3691","5.0112","Tony Watson",541650,453265,"null","called_strike",,,,,"4","null","R","R","L","SF","MIL","S","null","null",0,0,2018,"-0.0051","0.3379","-0.3038","2.5850","null","null","null",2,8,"Top","null","null",,,457763,,"180729_225705","-8.1978","-120.0507","0.2563","1.3106","19.8997","-29.2548","3.2521","1.5203","null","null","null","81.5950","2213","5.3550",530991,453265,457763,488818,593700,446334,543063,596103,621453,491676,"55.1423","null","null","null","null","null","null","null",69,"1","Slider",8,5,5,8,5,8,5,8,"Standard","Standard"
"SI","2018-07-29","92.4","3.4114","4.9692","Tony Watson",519058,453265,"null","ball",,,,,"14","null","R","L","L","SF","MIL","B","null","null",1,2,2018,"1.3838","0.4626","1.5408","2.5626","null","null","null",1,8,"Top","null","null",,,457763,,"180729_225501","-7.5983","-134.2929","-1.3202","17.9604","26.5636","-26.6394","3.5887","1.8087","null","null","null","91.5910","2165","5.6740",530991,453265,457763,488818,593700,446334,543063,596103,621453,491676,"54.8239","null","null","null","null","null","null","null",68,"4","Sinker",8,5,5,8,5,8,5,8,"Infield shift","Standard"
"SL","2018-07-29","84.3","3.4060","5.1002","Tony Watson",519058,453265,"null","ball",,,,,"13","null","R","L","L","SF","MIL","B","null","null",0,1,2018,"-0.1117","0.4717","-1.1901","1.6116","null","null","null",1,8,"Top","null","null",,,457763,,"180729_225414","-10.2526","-122.1214","-2.5299","0.9704","24.4381","-27.3664","3.4594","1.7301","null","null","null","82.5930","2366","5.4340",530991,453265,457763,488818,593700,446334,543063,596103,621453,491676,"55.0635","null","null","null","null","null","null","null",68,"2","Slider",8,5,5,8,5,8,5,8,"Infield shift","Standard"
"SL","2018-07-29","83.3","3.3858","5.0611","Tony Watson",519058,453265,"null","called_strike",,,,,"5","null","R","L","L","SF","MIL","S","null","null",0,0,2018,"-0.2393","0.4457","-0.0756","2.7963","null","null","null",1,8,"Top","null","null",,,457763,,"180729_225356","-7.3563","-121.0152","0.3594","-0.9656","21.7342","-28.2234","3.4594","1.5728","null","null","null","82.0760","2285","5.3780",530991,453265,457763,488818,593700,446334,543063,596103,621453,491676,"55.1197","null","null","null","null","null","null","null",68,"1","Slider",8,5,5,8,5,8,5,8,"Infield shift","Standard"
"CH","2018-07-29","84.7","3.4192","5.0657","Tony Watson",460075,453265,"null","ball",,,,,"12","null","R","R","L","SF","MIL","B","null","null",1,1,2018,"1.5705","0.5541","1.8473","3.4022","null","null","null",0,8,"Top","null","null",,,457763,,"180729_225248","-6.6608","-123.0817","1.3650","16.9633","24.0946","-27.1576","3.4076","1.7039","null","null","null","83.8470","2403","5.7720",530991,453265,457763,488818,593700,446334,543063,596103,621453,491676,"54.7258","null","null","null","null","null","null","null",67,"3","Changeup",8,5,5,8,5,8,5,8,"Standard","Standard"
"SL","2018-07-29","82.5","3.3808","5.1432","Tony Watson",460075,453265,"null","called_strike",,,,,"13","null","R","R","L","SF","MIL","S","null","null",1,0,2018,"-0.2468","0.2854","-0.3943","1.3669","null","null","null",0,8,"Top","null","null",,,457763,,"180729_225227","-7.9557","-119.8437","-2.6131","-0.9419","20.5900","-29.2966","3.4428","1.5815","null","null","null","81.2070","2290","5.2570",530991,453265,457763,488818,593700,446334,543063,596103,621453,491676,"55.2406","null","null","null","null","null","null","null",67,"2","Slider",8,5,5,8,5,8,5,8,"Standard","Standard"
"CH","2018-07-29","83.8","3.4974","5.0200","Tony Watson",460075,453265,"null","ball",,,,,"12","null","R","R","L","SF","MIL","B","null","null",0,0,2018,"1.7136","0.7551","1.6671","2.8178","null","null","null",0,8,"Top","null","null",,,457763,,"180729_225210","-7.3924","-121.5590","-0.0338","18.0053","26.0939","-25.2109","3.3817","1.6777","null","null","null","82.1420","2410","5.5650",530991,453265,457763,488818,593700,446334,543063,596103,621453,491676,"54.9322","null","null","null","null","null","null","null",67,"1","Changeup",8,5,5,8,5,8,5,8,"Standard","Standard"
"SL","2018-07-29","85.1","-2.0375","4.8981","Taylor Williams",488818,592865,"null","called_strike",,,,,"2","null","R","R","R","SF","MIL","S","null","null",0,0,2018,"0.2596","-0.1141","0.1657","2.9599","596103.00","621453.00","491676.00",2,7,"Bot","null","null",,,444489,,"180729_224730","4.5899","-123.6694","1.9944","1.6160","25.9117","-33.9956","3.2261","1.5466","null","null","null","83.6420","2606","5.5130",530991,592865,444489,542583,541650,519058,606115,460075,456715,592885,"54.9842","null","null","null","null","null","null","null",66,"1","Slider",8,5,8,5,5,8,8,5,"Standard","Standard"
"SL","2018-07-29","85.8","-2.1394","4.8480","Taylor Williams",491676,592865,"null","called_strike",,,,,"12","null","R","R","R","SF","MIL","S","null","null",1,1,2018,"0.3003","0.0960","0.9844","2.4359","446334.00","596103.00","621453.00",1,7,"Bot","null","null",,,444489,,"180729_224559","6.6944","-124.7713","0.3137","1.8209","23.1053","-31.4926","3.0704","1.4153","null","null","null","84.7780","2513","5.4800",530991,592865,444489,542583,541650,519058,606115,460075,456715,592885,"55.0176","null","null","null","null","null","null","null",65,"3","Slider",8,5,8,5,5,8,8,5,"Standard","Standard"
"FF","2018-07-29","96.2","-1.9658","4.9358","Taylor Williams",593700,592865,"strikeout","called_strike",,,,,"6","Alen Hanson called out on strikes.  ","R","L","R","SF","MIL","S",2,"null",2,2,2018,"-0.5202","1.0348","0.6313","2.1965","446334.00","596103.00","621453.00",0,7,"Bot","null","null",,,444489,,"180729_224416","7.9804","-139.8578","-4.0030","-8.3796","28.0748","-18.0979","3.3558","1.5735","null","null","null","95.8930","2249","5.9160",530991,592865,444489,542583,541650,519058,606115,460075,456715,592885,"54.5813","null","null","0.00",1,0,0,"null",64,"7","4-Seam Fastball",8,5,8,5,5,8,8,5,"Strategic","Standard"
"FF","2018-07-29","96.1","-2.0943","4.9654","Taylor Williams",593700,592865,"null","ball",,,,,"11","null","R","L","R","SF","MIL","B","null","null",1,2,2018,"-0.8600","1.2157","-1.0510","3.8235","446334.00","596103.00","621453.00",0,7,"Bot","null","null",,,444489,,"180729_224304","4.6379","-139.9100","-0.1863","-12.1318","28.9612","-16.5633","3.3039","1.5735","null","null","null","95.7330","2274","5.8640",530991,592865,444489,542583,541650,519058,606115,460075,456715,592885,"54.6337","null","null","null","null","null","null","null",64,"5","4-Seam Fastball",8,5,8,5,5,8,8,5,"Strategic","Standard"
"FF","2018-07-29","94.4","-2.0271","4.8555","Taylor Williams",593700,592865,"null","ball",,,,,"12","null","R","L","R","SF","MIL","B","null","null",0,2,2018,"-0.6337","1.0154","2.2481","3.2270","446334.00","596103.00","621453.00",0,7,"Bot","null","null",,,444489,,"180729_224216","12.3922","-136.8521","-0.7332","-10.5643","29.7992","-19.6423","3.3299","1.6515","21","51.9","-7.6381","93.5630","2124","5.9720",530991,592865,444489,542583,541650,519058,606115,460075,456715,592885,"54.5253","null","null","null","null","null","null","null",64,"4","4-Seam Fastball",8,5,8,5,5,8,8,5,"Strategic","Standard"
"FF","2018-07-29","95.5","-2.0137","4.9163","Taylor Williams",621453,592865,"walk","ball",,,,,"13","Steven Duggar walks.   Evan Longoria to 3rd.    Austin Slater to 2nd.  ","R","L","R","SF","MIL","B","null","null",3,1,2018,"-0.8446","0.8212","-0.2109","0.7327","null","446334.00","596103.00",0,7,"Bot","null","null",,,444489,,"180729_223946","6.5837","-138.7774","-7.1830","-12.2384","29.5789","-20.3276","3.5021","1.7301","null","null","null","95.1390","2099","6.0470",530991,592865,444489,542583,541650,519058,606115,460075,456715,592885,"54.4505","null","null","0.70",1,0,0,"null",63,"5","4-Seam Fastball",8,5,8,5,5,8,8,5,"Standard","Standard"
"FF","2018-07-29","94.7","-2.0111","4.9033","Taylor Williams",621453,592865,"null","ball",,,,,"14","null","R","L","R","SF","MIL","B","null","null",2,1,2018,"-0.6352","1.1451","2.2850","1.5898","null","446334.00","596103.00",0,7,"Bot","null","null",,,444489,,"180729_223912","12.4796","-137.3499","-5.4482","-10.4859","27.6450","-16.9165","3.4335","1.7563","null","null","null","94.1220","2247","5.9270",530991,592865,444489,542583,541650,519058,606115,460075,456715,592885,"54.5704","null","null","null","null","null","null","null",63,"4","4-Seam Fastball",8,5,8,5,5,8,8,5,"Strategic","Standard"
"FF","2018-07-29","94.0","-2.0471","4.9273","Taylor Williams",621453,592865,"null","called_strike",,,,,"9","null","R","L","R","SF","MIL","S","null","null",2,0,2018,"-0.7516","1.2561","0.5101","1.5148","null","446334.00","596103.00",0,7,"Bot","null","null",,,444489,,"180729_223838","8.1993","-136.5660","-5.8511","-10.9854","27.4679","-15.6090","2.9924","1.2839","null","null","null","93.6240","2217","5.9600",530991,592865,444489,542583,541650,519058,606115,460075,456715,592885,"54.5371","null","null","null","null","null","null","null",63,"3","4-Seam Fastball",8,5,8,5,5,8,8,5,"Strategic","Standard"
"FF","2018-07-29","93.5","-2.0379","5.0135","Taylor Williams",621453,592865,"null","ball",,,,,"14","null","R","L","R","SF","MIL","B","null","null",1,0,2018,"-0.8280","1.1725","1.0091","1.6671","null","446334.00","596103.00",0,7,"Bot","null","null",,,444489,,"180729_223802","9.5896","-135.8606","-5.4344","-12.0975","26.6659","-16.8503","3.1742","1.4153","null","null","null","93.3130","2239","6.0240",530991,592865,444489,542583,541650,519058,606115,460075,456715,592885,"54.4732","null","null","null","null","null","null","null",63,"2","4-Seam Fastball",8,5,8,5,5,8,8,5,"Strategic","Standard"
"SL","2018-07-29","81.7","-2.1335","4.9909","Taylor Williams",621453,592865,"null","ball",,,,,"12","null","R","L","R","SF","MIL","B","null","null",0,0,2018,"0.3788","0.1579","0.9199","3.1812","null","446334.00","596103.00",0,7,"Bot","null","null",,,444489,,"180729_223735","6.0889","-118.8584","2.0895","2.5163","19.8190","-31.2698","3.1742","1.5203","null","null","null","81.1060","2251","5.6060",530991,592865,444489,542583,541650,519058,606115,460075,456715,592885,"54.8911","null","null","null","null","null","null","null",63,"1","Slider",8,5,8,5,5,8,8,5,"Strategic","Standard"
"FF","2018-07-29","93.3","-2.1706","5.0292","Taylor Williams",596103,592865,"null","ball",,,,,"13","null","R","R","R","SF","MIL","B","null","null",0,0,2018,"-0.7906","1.0915","-1.0864","1.1244","null","null","446334.00",0,7,"Bot","null","null",,,444489,,"180729_223618","4.4761","-135.7710","-6.6663","-10.6129","26.9734","-17.6368","3.2261","1.5728","null","null","null","93.1640","2111","5.9980",530991,592865,444489,542583,541650,519058,606115,460075,456715,592885,"54.4999","null","null","null","null","null","null","null",62,"1","4-Seam Fastball",8,5,8,5,5,8,8,5,"Standard","Standard"
"FT","2018-07-29","92.6","-1.2863","5.2609","Sam Dyson",542583,473879,"null","called_strike",,,,,"14","null","R","R","R","SF","MIL","S","null","null",0,0,2018,"-1.4997","0.2799","0.6663","1.3972","null","null","592885.00",1,7,"Top","null","null",,,457763,,"180729_222848","8.0437","-134.4241","-4.5960","-19.4496","27.5322","-28.1479","3.4076","1.5466","null","null","null","91.4880","2232","5.6260",530991,473879,457763,596103,593700,446334,543063,491676,621453,457705,"54.8711","null","null","null","null","null","null","null",60,"1","2-Seam Fastball",8,5,5,8,5,8,5,8,"Standard","Standard"
"FT","2018-07-29","94.9","-1.5475","5.3146","Sam Dyson",592885,473879,"null","called_strike",,,,,"13","null","R","L","R","SF","MIL","S","null","null",2,0,2018,"-1.4761","0.3666","-0.9854","2.2009","null","null","null",1,7,"Top","null","null",,,457763,,"180729_222702","4.5237","-137.9173","-3.2397","-19.1290","28.1637","-27.2428","3.5251","1.7563","null","null","null","93.2360","2208","5.1900",530991,473879,457763,596103,593700,446334,543063,491676,621453,457705,"55.3072","null","null","null","null","null","null","null",59,"3","2-Seam Fastball",8,5,5,8,5,8,5,8,"Standard","Standard"
"CH","2018-07-29","87.3","-1.4822","5.1999","Sam Dyson",592885,473879,"null","ball",,,,,"13","null","R","L","R","SF","MIL","B","null","null",1,0,2018,"-1.4146","0.0654","-0.1659","0.3627","null","null","null",1,7,"Top","null","null",,,457763,,"180729_222632","5.8432","-126.8123","-5.5621","-15.9112","23.0122","-30.7156","3.4076","1.6393","null","null","null","86.0400","2052","5.3260",530991,473879,457763,596103,593700,446334,543063,491676,621453,457705,"55.1718","null","null","null","null","null","null","null",59,"2","Changeup",8,5,5,8,5,8,5,8,"Standard","Standard"
"FT","2018-07-29","93.6","-1.4826","5.2694","Sam Dyson",592885,473879,"null","ball",,,,,"14","null","R","L","R","SF","MIL","B","null","null",0,0,2018,"-1.6788","0.4847","1.1959","1.4026","null","null","null",1,7,"Top","null","null",,,457763,,"180729_222610","10.2744","-135.6893","-5.1773","-22.2701","27.2005","-25.5412","3.5251","1.7301","null","null","null","92.1330","2335","5.4320",530991,473879,457763,596103,593700,446334,543063,491676,621453,457705,"55.0653","null","null","null","null","null","null","null",59,"1","2-Seam Fastball",8,5,5,8,5,8,5,8,"Standard","Standard"
"FT","2018-07-29","94.5","-1.5479","5.3085","Sam Dyson",456715,473879,"null","ball",,,,,"14","null","R","R","R","SF","MIL","B","null","null",1,2,2018,"-1.0680","0.0245","0.9940","1.4677","null","null","null",0,7,"Top","null","null",,,457763,,"180729_222453","8.7486","-137.1774","-4.3282","-14.8961","27.3361","-31.2459","3.5111","1.7301","null","null","null","93.1920","2257","5.4270",530991,473879,457763,596103,593700,446334,543063,491676,621453,457705,"55.0704","null","null","null","null","null","null","null",58,"4","2-Seam Fastball",8,5,5,8,5,8,5,8,"Standard","Standard"
"CU","2018-07-29","85.2","-1.2372","5.3116","Sam Dyson",456715,473879,"null","ball",,,,,"14","null","R","R","R","SF","MIL","B","null","null",0,2,2018,"1.1232","-0.7751","1.7475","0.9489","null","null","null",0,7,"Top","null","null",,,457763,,"180729_222429","4.7548","-123.9490","-2.4886","10.3071","21.9452","-39.6776","3.5021","1.7301","null","null","null","83.6440","3189","5.0190",530991,473879,457763,596103,593700,446334,543063,491676,621453,457705,"55.4788","null","null","null","null","null","null","null",58,"3","Curveball",8,5,5,8,5,8,5,8,"Standard","Standard"
"FT","2018-07-29","94.5","-1.5956","5.2845","Sam Dyson",456715,473879,"null","called_strike",,,,,"8","null","R","R","R","SF","MIL","S","null","null",0,1,2018,"-1.3715","0.3492","0.2740","1.6100","null","null","null",0,7,"Top","null","null",,,457763,,"180729_222402","7.6801","-137.1797","-4.5604","-18.4684","29.0605","-27.1689","3.5629","1.7039","null","null","null","93.0350","2343","5.4580",530991,473879,457763,596103,593700,446334,543063,491676,621453,457705,"55.0395","null","null","null","null","null","null","null",58,"2","2-Seam Fastball",8,5,5,8,5,8,5,8,"Standard","Standard"
"FT","2018-07-29","94.6","-1.5173","5.3051","Sam Dyson",456715,473879,"null","called_strike",,,,,"9","null","R","R","R","SF","MIL","S","null","null",0,0,2018,"-1.4337","0.2984","0.4630","1.7577","null","null","null",0,7,"Top","null","null",,,457763,,"180729_222338","8.1020","-137.4073","-4.1606","-19.3619","28.6414","-27.8743","3.5021","1.7039","null","null","null","93.2190","2382","5.4380",530991,473879,457763,596103,593700,446334,543063,491676,621453,457705,"55.0593","null","null","null","null","null","null","null",58,"1","2-Seam Fastball",8,5,5,8,5,8,5,8,"Standard","Standard"
"FT","2018-07-29","93.9","-1.6231","5.2738","Sam Dyson",543768,473879,"null","ball",,,,,"13","null","R","L","R","SF","MIL","B","null","null",0,0,2018,"-1.3868","0.3157","-1.6506","2.6137","null","null","null",0,7,"Top","null","null",,,457763,,"180729_222223","2.8168","-136.7257","-1.8982","-17.4740","25.7476","-28.1890","3.7179","1.9395","null","null","null","92.8310","2236","5.2910",530991,473879,457763,596103,593700,446334,543063,491676,621453,457705,"55.2059","null","null","null","null","null","null","null",57,"1","2-Seam Fastball",8,4,4,8,4,8,4,8,"Strategic","Standard"
"FF","2018-07-29","91.2","3.1900","5.0396","Dan Jennings",457763,543359,"null","called_strike",,,,,"2","null","R","R","L","SF","MIL","S","null","null",1,0,2018,"0.3628","0.6146","0.2292","2.6744","null","null","null",2,6,"Bot","null","null",,,444489,,"180729_221802","-8.1544","-132.6498","-1.4075","5.8049","25.1264","-24.8991","3.0704","1.4416","null","null","null","91.0340","2262","5.9560",530991,543359,444489,542583,541650,519058,606115,460075,456715,592885,"54.5410","null","null","null","null","null","null","null",55,"2","4-Seam Fastball",8,4,8,4,4,8,8,4,"Standard","Standard"
"SL","2018-07-29","82.7","3.2193","5.1162","Dan Jennings",457763,543359,"null","ball",,,,,"13","null","R","R","L","SF","MIL","B","null","null",0,0,2018,"-1.0636","0.2498","-0.8470","0.7178","null","null","null",2,6,"Bot","null","null",,,444489,,"180729_221745","-7.1618","-120.2108","-4.0073","-8.8894","21.0766","-29.3136","3.2002","1.4941","null","null","null","82.0280","2581","5.6820",530991,543359,444489,542583,541650,519058,606115,460075,456715,592885,"54.8158","null","null","null","null","null","null","null",55,"1","Slider",8,4,8,4,4,8,8,4,"Standard","Standard"
"FF","2018-07-29","90.5","3.2720","5.0032","Dan Jennings",457705,543359,"null","ball",,,,,"11","null","R","R","L","SF","MIL","B","null","null",1,2,2018,"0.3479","0.5986","-0.0979","3.8729","null","null","null",1,6,"Bot","null","null",,,444489,,"180729_221645","-9.0681","-131.4952","1.7842","5.6835","24.0756","-25.7814","3.2780","1.5728","null","null","null","90.3470","2269","5.9720",530991,543359,444489,542583,541650,519058,606115,460075,456715,592885,"54.5253","null","null","null","null","null","null","null",54,"4","4-Seam Fastball",8,4,8,4,4,8,8,4,"Infield shift","Standard"
"FF","2018-07-29","90.2","3.1219","5.1346","Dan Jennings",457705,543359,"null","called_strike",,,,,"6","null","R","R","L","SF","MIL","S","null","null",1,0,2018,"0.5427","1.0671","0.6903","2.4381","null","null","null",1,6,"Bot","null","null",,,444489,,"180729_221549","-7.1301","-131.2236","-3.0230","7.5672","24.5697","-19.5613","3.3544","1.6515","null","null","null","90.0310","2386","5.9400",530991,543359,444489,542583,541650,519058,606115,460075,456715,592885,"54.5575","null","null","null","null","null","null","null",54,"2","4-Seam Fastball",8,4,8,4,4,8,8,4,"Infield shift","Standard"
"FT","2018-07-29","89.9","3.3951","4.8919","Dan Jennings",457705,543359,"null","ball",,,,,"14","null","R","R","L","SF","MIL","B","null","null",0,0,2018,"0.8826","0.8930","1.2224","1.4912","null","null","null",1,6,"Bot","null","null",,,444489,,"180729_221536","-7.1859","-130.8439","-4.3868","11.4037","23.1648","-21.3416","3.3544","1.5990","null","null","null","90.0300","2313","5.9990",530991,543359,444489,542583,541650,519058,606115,460075,456715,592885,"54.4984","null","null","null","null","null","null","null",54,"1","2-Seam Fastball",8,4,8,4,4,8,8,4,"Infield shift","Standard"
"SL","2018-07-29","79.9","2.5745","5.5019","Dan Jennings",452254,543359,"null","ball",,,,,"13","null","R","R","L","SF","MIL","B","null","null",0,1,2018,"-1.2155","-0.0383","-0.8056","0.3545","null","null","null",0,6,"Bot","null","null",,,444489,,"180729_221350","-5.1486","-116.1739","-4.4416","-9.6948","23.4501","-31.8775","3.2261","1.5728","null","null","null","78.8830","2496","5.7960",530991,543359,444489,542583,541650,519058,606115,460075,456715,592885,"54.7018","null","null","null","null","null","null","null",53,"2","Slider",8,4,8,4,4,8,8,4,"Standard","Standard"
"SL","2018-07-29","80.8","2.6860","5.4636","Dan Jennings",452254,543359,"null","called_strike",,,,,"6","null","R","R","L","SF","MIL","S","null","null",0,0,2018,"-1.0707","0.0694","0.4717","2.6936","null","null","null",0,6,"Bot","null","null",,,444489,,"180729_221338","-2.9181","-117.6359","0.2535","-9.2884","19.5615","-31.8043","3.3039","1.5203","null","null","null","80.2500","2394","5.6060",530991,543359,444489,542583,541650,519058,606115,460075,456715,592885,"54.8913","null","null","null","null","null","null","null",53,"1","Slider",8,4,8,4,4,8,8,4,"Standard","Standard"
"SL","2018-07-29","89.3","1.7240","6.4876","Andrew Suarez",606115,605498,"null","ball",,,,,"13","null","R","R","L","SF","MIL","B","null","null",0,0,2018,"-0.4754","0.6864","-2.0681","1.9609","null","null","444489.00",2,6,"Top","null","null",,,457763,,"180729_220743","-8.1892","-129.6640","-6.4053","-3.6525","24.3134","-23.7284","3.4330","1.5985","null","null","null","87.7150","2078","5.1800",530991,605498,457763,596103,593700,446334,543063,491676,621453,457705,"55.3171","null","null","null","null","null","null","null",52,"1","Slider",8,4,4,8,4,8,4,8,"Standard","Standard"
"FF","2018-07-29","92.0","1.6070","6.4983","Andrew Suarez",444489,605498,"null","ball",,,,,"11","null","R","R","L","SF","MIL","B","null","null",0,2,2018,"0.7681","1.4887","-0.3709","4.3081","null","null","null",2,6,"Top","null","null",,,457763,,"180729_220648","-6.4038","-133.6055","-2.7014","10.0971","27.7590","-14.9021","3.0699","1.3885","null","null","null","89.6510","1962","4.8730",530991,605498,457763,596103,593700,446334,543063,491676,621453,457705,"55.6242","null","null","null","null","null","null","null",51,"4","4-Seam Fastball",8,4,4,8,4,8,4,8,"Standard","Standard"
"CH","2018-07-29","84.9","1.9229","6.2945","Andrew Suarez",444489,605498,"null","called_strike",,,,,"3","null","R","R","L","SF","MIL","S","null","null",0,0,2018,"1.1875","0.7506","0.8155","3.1254","null","null","null",2,6,"Top","null","null",,,457763,,"180729_220547","-4.7745","-123.5422","-2.6037","12.6510","19.9942","-24.4634","3.1478","1.4673","null","null","null","84.0090","1470","5.2860",530991,605498,457763,596103,593700,446334,543063,491676,621453,457705,"55.2110","null","null","null","null","null","null","null",51,"1","Changeup",8,4,4,8,4,8,4,8,"Standard","Standard"
"CU","2018-07-29","74.2","1.5170","6.4993","Andrew Suarez",519058,605498,"null","ball",,,,,"13","null","R","L","L","SF","MIL","B","null","null",1,2,2018,"-0.8493","-0.9258","-0.6313","-0.2308","null","null","null",1,6,"Top","null","null",,,457763,,"180729_220403","-2.9079","-107.8237","-4.8680","-5.7894","18.5270","-38.4832","3.4330","1.7034","null","null","null","72.2000","2435","4.8080",530991,605498,457763,596103,593700,446334,543063,491676,621453,457705,"55.6894","null","null","null","null","null","null","null",49,"4","Curveball",8,3,3,8,3,8,3,8,"Infield shift","Standard"
"SL","2018-07-29","88.4","1.5686","6.5433","Andrew Suarez",519058,605498,"null","ball",,,,,"13","null","R","L","L","SF","MIL","B","null","null",0,1,2018,"-0.2919","0.6445","-1.7135","1.5100","null","null","null",1,6,"Top","null","null",,,457763,,"180729_220332","-7.2429","-128.4624","-7.4021","-1.9534","21.0117","-24.2565","3.4589","1.7034","null","null","null","87.0870","2206","5.0660",530991,605498,457763,596103,593700,446334,543063,491676,621453,457705,"55.4316","null","null","null","null","null","null","null",49,"2","Slider",8,3,3,8,3,8,3,8,"Infield shift","Standard"
"CU","2018-07-29","74.9","1.7696","6.5414","Andrew Suarez",519058,605498,"null","called_strike",,,,,"4","null","R","L","L","SF","MIL","S","null","null",0,0,2018,"-1.0127","-0.2515","-0.6127","2.4056","null","null","null",1,6,"Top","null","null",,,457763,,"180729_220320","-3.1475","-108.9268","-1.0131","-7.1404","17.1429","-34.1858","3.5107","1.6772","null","null","null","72.8740","2383","4.5520",530991,605498,457763,596103,593700,446334,543063,491676,621453,457705,"55.9452","null","null","null","null","null","null","null",49,"1","Curveball",8,3,3,8,3,8,3,8,"Infield shift","Standard"
"FF","2018-07-29","90.6","1.7652","6.4973","Andrew Suarez",460075,605498,"null","ball",,,,,"11","null","R","R","L","SF","MIL","B","null","null",1,0,2018,"0.5288","1.4847","-1.3423","2.6718","null","null","null",0,6,"Top","null","null",,,457763,,"180729_220235","-8.5723","-131.4319","-6.4644","7.5076","25.1094","-14.7203","3.5017","1.7558","null","null","null","88.4380","1952","4.8910",530991,605498,457763,596103,593700,446334,543063,491676,621453,457705,"55.6069","null","null","null","null","null","null","null",48,"2","4-Seam Fastball",8,3,3,8,3,8,3,8,"Standard","Standard"
"FF","2018-07-29","90.0","1.9700","6.4648","Andrew Suarez",460075,605498,"null","ball",,,,,"3","null","R","R","L","SF","MIL","B","null","null",0,0,2018,"0.8123","1.3277","0.8018","3.4016","null","null","null",0,6,"Top","null","null",,,457763,,"180729_220217","-4.4395","-130.8858","-4.3031","9.8501","23.8080","-16.8503","3.4330","1.7820","null","null","null","88.5970","2126","5.1390",530991,605498,457763,596103,593700,446334,543063,491676,621453,457705,"55.3583","null","null","null","null","null","null","null",48,"1","4-Seam Fastball",8,3,3,8,3,8,3,8,"Standard","Standard"
"FF","2018-07-29","91.1","2.9048","5.0558","Dan Jennings",491676,543359,"null","ball",,,,,"13","null","R","R","L","SF","MIL","B","null","null",1,1,2018,"0.3405","0.8073","-1.0723","0.9750","null","null","593700.00",2,5,"Bot","null","null",,,444489,,"180729_215907","-10.6723","-132.3354","-6.1338","5.8718","22.7899","-21.7326","3.1219","1.4411","null","null","null","91.4860","2225","6.1880",530991,543359,444489,542583,541650,519058,606115,460075,456715,592885,"54.3093","null","null","null","null","null","null","null",47,"3","4-Seam Fastball",8,3,8,3,3,8,8,3,"Standard","Standard"
"SL","2018-07-29","81.1","2.8513","5.2667","Dan Jennings",491676,543359,"null","called_strike",,,,,"13","null","R","R","L","SF","MIL","S","null","null",0,0,2018,"-0.9559","-0.2320","-0.4336","1.2425","null","null","593700.00",2,5,"Bot","null","null",,,444489,,"180729_215759","-5.5064","-117.9791","-1.9179","-7.7378","22.6055","-34.1786","3.0959","1.4148","null","null","null","80.5380","2580","5.9340",530991,543359,444489,542583,541650,519058,606115,460075,456715,592885,"54.5636","null","null","null","null","null","null","null",47,"1","Slider",8,3,8,3,3,8,8,3,"Strategic","Standard"
"FT","2018-07-29","90.5","2.8954","5.1628","Dan Jennings",593700,543359,"null","ball",,,,,"14","null","R","R","L","SF","MIL","B","null","null",1,1,2018,"0.6129","0.5756","1.0490","2.3961","null","null","null",2,5,"Bot","null","null",,,444489,,"180729_215652","-5.8736","-131.7887","-2.3005","8.1595","21.9041","-25.2247","3.4071","1.7558","null","null","null","90.9910","2200","6.0630",530991,543359,444489,542583,541650,519058,606115,460075,456715,592885,"54.4340","null","null","null","null","null","null","null",46,"3","2-Seam Fastball",8,3,8,3,3,8,8,3,"Standard","Standard"
"SL","2018-07-29","83.4","2.5151","5.4926","Dan Jennings",593700,543359,"null","ball",,,,,"14","null","R","R","L","SF","MIL","B","null","null",0,1,2018,"-0.6139","-0.2934","0.4912","-0.1952","null","null","null",2,5,"Bot","null","null",,,444489,,"180729_215633","-3.4368","-121.2574","-6.0222","-5.3007","22.9530","-34.1139","3.2516","1.5730","null","null","null","82.6790","2610","5.7810",530991,543359,444489,542583,541650,519058,606115,460075,456715,592885,"54.7166","null","null","null","null","null","null","null",46,"2","Slider",8,3,8,3,3,8,8,3,"Standard","Standard"
"SL","2018-07-29","81.9","2.8663","5.3134","Dan Jennings",593700,543359,"null","called_strike",,,,,"9","null","R","R","L","SF","MIL","S","null","null",0,0,2018,"-0.7903","-0.2168","0.4402","1.6064","null","null","null",2,5,"Bot","null","null",,,444489,,"180729_215617","-3.9454","-119.1943","-1.4399","-6.6685","21.3019","-34.1752","3.4058","1.5985","null","null","null","81.1160","2485","5.5880",530991,543359,444489,542583,541650,519058,606115,460075,456715,592885,"54.9091","null","null","null","null","null","null","null",46,"1","Slider",8,3,8,3,3,8,8,3,"Standard","Standard"
"FT","2018-07-29","91.4","2.6699","5.3767","Dan Jennings",621453,543359,"null","ball",,,,,"14","null","R","L","L","SF","MIL","B","null","null",0,2,2018,"0.9705","0.3589","0.0440","1.1133","467055.00","null","null",1,5,"Bot","null","null",,,444489,,"180729_215338","-8.6291","-132.8906","-5.6698","13.0753","24.2820","-27.0828","3.4589","1.7558","null","null","null","91.4620","2199","6.0430",530991,543359,444489,542583,541650,519058,606115,460075,456715,592885,"54.4545","null","null","null","null","null","null","null",45,"3","2-Seam Fastball",7,3,7,3,3,7,7,3,"Strategic","Standard"
"FT","2018-07-29","89.4","2.6323","5.4241","Dan Jennings",621453,543359,"null","called_strike",,,,,"7","null","R","L","L","SF","MIL","S","null","null",0,1,2018,"0.7957","0.4690","-0.4440","2.1947","467055.00","null","null",1,5,"Bot","null","null",,,444489,,"180729_215317","-9.2293","-130.0231","-3.0167","10.7034","22.5968","-26.4691","3.4848","1.7296","null","null","null","89.8760","2119","6.2290",530991,543359,444489,542583,541650,519058,606115,460075,456715,592885,"54.2689","null","null","null","null","null","null","null",45,"2","2-Seam Fastball",7,3,7,3,3,7,7,3,"Strategic","Standard"
"FT","2018-07-29","89.7","2.7504","5.3524","Dan Jennings",621453,543359,"null","called_strike",,,,,"4","null","R","L","L","SF","MIL","S","null","null",0,0,2018,"0.9282","0.4824","-0.2789","2.8825","467055.00","null","null",1,5,"Bot","null","null",,,444489,,"180729_215259","-9.3862","-130.4442","-1.2192","12.2517","22.3417","-26.6189","3.5017","1.8082","null","null","null","89.9980","2084","6.0940",530991,543359,444489,542583,541650,519058,606115,460075,456715,592885,"54.4039","null","null","null","null","null","null","null",45,"1","2-Seam Fastball",7,3,7,3,3,7,7,3,"Strategic","Standard"
"SL","2018-07-29","86.8","-2.0175","5.1069","Matt Albers",467055,458006,"null","ball",,,,,"12","null","R","L","R","SF","MIL","B","null","null",1,2,2018,"-0.0734","0.6819","1.5794","3.0317","null","457763.00","446334.00",1,5,"Bot","null","null",,,444489,,"180729_214837","8.7618","-126.2641","-0.2228","-2.3956","23.1354","-24.9813","3.1997","1.5510","null","null","null","87.2130","2292","6.3440",530991,458006,444489,542583,541650,519058,606115,460075,456715,592885,"54.1533","null","null","null","null","null","null","null",44,"7","Slider",5,3,5,3,3,5,5,3,"Standard","Standard"
"CH","2018-07-29","83.2","-2.0701","4.8903","Matt Albers",467055,458006,"null","ball",,,,,"13","null","R","L","R","SF","MIL","B","null","null",0,2,2018,"-1.3031","0.5534","-0.3999","0.6244","null","457763.00","446334.00",1,5,"Bot","null","null",,,444489,,"180729_214527","6.3112","-120.9096","-4.3832","-13.8520","22.5132","-26.1956","3.2775","1.5985","null","null","null","82.8450","1578","6.0220",530991,458006,444489,542583,541650,519058,606115,460075,456715,592885,"54.4751","null","null","null","null","null","null","null",44,"3","Changeup",5,3,5,3,3,5,5,3,"Standard","Standard"
"SL","2018-07-29","84.5","-1.9996","5.0222","Matt Albers",446334,458006,"walk","ball",,,,,"14","Evan Longoria walks.   Buster Posey to 2nd.  ","R","R","R","SF","MIL","B","null","null",3,2,2018,"0.5741","-0.0204","1.3369","0.9115","null","null","457763.00",1,5,"Bot","null","null",,,444489,,"180729_214340","6.6068","-122.9338","-3.2127","4.5905","22.2272","-32.0112","3.4071","1.6510","null","null","null","84.3310","null","5.9920",530991,458006,444489,542583,541650,519058,606115,460075,456715,592885,"54.5055","null","null","0.70",1,0,0,"null",43,"10","Slider",5,3,5,3,3,5,5,3,"Standard","Standard"
"FF","2018-07-29","93.2","-1.8258","5.1322","Matt Albers",446334,458006,"null","ball",,,,,"14","null","R","R","R","SF","MIL","B","null","null",2,2,2018,"-1.2178","0.8877","1.2790","1.3225","null","null","457763.00",1,5,"Bot","null","null",,,444489,,"180729_214128","10.6495","-135.3742","-6.0043","-17.1940","26.6234","-20.1792","3.4330","1.7558","null","null","null","93.5690","2242","6.3840",530991,458006,444489,542583,541650,519058,606115,460075,456715,592885,"54.1138","null","null","null","null","null","null","null",43,"6","4-Seam Fastball",5,3,5,3,3,5,5,3,"Standard","Standard"
"SI","2018-07-29","93.2","-1.6395","5.2149","Matt Albers",446334,458006,"null","ball",,,,,"14","null","R","R","R","SF","MIL","B","null","null",1,1,2018,"-1.4383","0.7686","1.2827","1.9822","null","null","457763.00",1,5,"Bot","null","null",,,444489,,"180729_213955","10.6531","-135.3158","-4.2173","-19.9554","28.4385","-22.0273","3.4589","1.6029","null","null","null","93.2420","2125","6.3530",530991,458006,444489,542583,541650,519058,606115,460075,456715,592885,"54.1442","null","null","null","null","null","null","null",43,"3","Sinker",5,3,5,3,3,5,5,3,"Infield shift","Standard"
"SL","2018-07-29","84.4","-2.0570","4.8927","Matt Albers",446334,458006,"null","called_strike",,,,,"9","null","R","R","R","SF","MIL","S","null","null",1,0,2018,"0.4901","0.0456","0.7605","2.0027","null","null","457763.00",1,5,"Bot","null","null",,,444489,,"180729_213933","5.5708","-122.9793","-0.5572","4.0253","20.6979","-31.8165","3.4589","1.6510","null","null","null","84.5560","2443","5.9790",530991,458006,444489,542583,541650,519058,606115,460075,456715,592885,"54.5182","null","null","null","null","null","null","null",43,"2","Slider",5,3,5,3,3,5,5,3,"Strategic","Standard"
"SL","2018-07-29","87.5","-1.9946","5.0534","Matt Albers",446334,458006,"null","ball",,,,,"12","null","R","R","R","SF","MIL","B","null","null",0,0,2018,"0.2348","0.6795","1.3460","2.5905","null","null","457763.00",1,5,"Bot","null","null",,,444489,,"180729_213910","7.5492","-127.2509","-1.2086","1.0695","24.7875","-24.8024","3.5365","1.5723","null","null","null","87.3700","2464","6.1240",530991,458006,444489,542583,541650,519058,606115,460075,456715,592885,"54.3735","null","null","null","null","null","null","null",43,"1","Slider",5,3,5,3,3,5,5,3,"Infield shift","Standard"
"FF","2018-07-29","92.7","-1.7450","5.2267","Matt Albers",543063,458006,"null","ball",,,,,"12","null","R","L","R","SF","MIL","B","null","null",1,2,2018,"-0.9105","1.1593","1.0533","3.3427","null","null","457763.00",0,5,"Bot","null","null",,,444489,,"180729_213802","9.2258","-134.8447","-1.6590","-13.0788","25.2157","-17.5779","3.2257","1.4673","null","null","null","93.8680","2205","6.6820",530991,458006,444489,542583,541650,519058,606115,460075,456715,592885,"53.8154","null","null","null","null","null","null","null",42,"4","4-Seam Fastball",5,3,5,3,3,5,5,3,"Standard","Standard"
"SI","2018-07-29","91.8","-2.0267","4.8614","Matt Albers",543063,458006,"null","ball",,,,,"13","null","R","L","R","SF","MIL","B","null","null",0,1,2018,"-1.3719","0.3731","-0.4964","1.1698","null","null","457763.00",0,5,"Bot","null","null",,,444489,,"180729_213705","6.8722","-133.5627","-4.3580","-17.9447","26.2778","-26.9939","3.4589","1.6248","null","null","null","92.4190","2022","6.4720",530991,458006,444489,542583,541650,519058,606115,460075,456715,592885,"54.0256","null","null","null","null","null","null","null",42,"2","Sinker",5,3,5,3,3,5,5,3,"Standard","Standard"
"SI","2018-07-29","92.0","-1.9204","5.0335","Matt Albers",457763,458006,"null","called_strike",,,,,"9","null","R","R","R","SF","MIL","S","null","null",2,0,2018,"-1.5244","0.6958","0.4528","1.6155","null","null","null",0,5,"Bot","null","null",,,444489,,"180729_213318","9.3060","-133.6911","-4.3412","-20.2253","27.3673","-23.1286","3.1738","1.5198","null","null","null","92.1010","2017","6.3100",530991,458006,444489,542583,541650,519058,606115,460075,456715,592885,"54.1874","null","null","null","null","null","null","null",41,"3","Sinker",5,3,5,3,3,5,5,3,"Infield shift","Standard"
"SI","2018-07-29","90.8","-1.9892","5.0608","Matt Albers",457763,458006,"null","ball",,,,,"13","null","R","R","R","SF","MIL","B","null","null",1,0,2018,"-1.2336","0.5383","-0.2110","1.0711","null","null","null",0,5,"Bot","null","null",,,444489,,"180729_213253","7.0462","-132.1102","-5.2632","-15.7933","24.7871","-25.0697","3.1997","1.5198","null","null","null","91.0060","2000","6.1540",530991,458006,444489,542583,541650,519058,606115,460075,456715,592885,"54.3436","null","null","null","null","null","null","null",41,"2","Sinker",5,3,5,3,3,5,5,3,"Infield shift","Standard"
"SI","2018-07-29","90.1","-1.7054","5.2654","Matt Albers",457763,458006,"null","ball",,,,,"14","null","R","R","R","SF","MIL","B","null","null",0,0,2018,"-1.3116","0.6679","1.1206","1.1602","null","null","null",0,5,"Bot","null","null",,,444489,,"180729_213236","9.8586","-130.8836","-5.6915","-17.2125","26.0322","-23.4665","3.2257","1.4936","null","null","null","90.6170","1934","6.5680",530991,458006,444489,542583,541650,519058,606115,460075,456715,592885,"53.9298","null","null","null","null","null","null","null",41,"1","Sinker",5,3,5,3,3,5,5,3,"Infield shift","Standard"
"CH","2018-07-29","87.0","2.0983","6.3013","Andrew Suarez",542583,605498,"null","called_strike",,,,,"6","null","R","R","L","SF","MIL","S","null","null",0,0,2018,"1.2793","0.7110","0.3655","2.6147","519346.00","null","null",2,5,"Top","null","null",,,457763,,"180729_212912","-6.5689","-126.3574","-4.0395","14.5897","23.5187","-24.2310","3.5624","1.5985","null","null","null","85.8360","1628","5.4510",530991,605498,457763,467055,593700,446334,543063,491676,621453,457705,"55.0461","null","null","null","null","null","null","null",40,"1","Changeup",5,3,3,5,3,5,3,5,"Standard","Standard"
"SL","2018-07-29","88.5","1.7294","6.5006","Andrew Suarez",592885,605498,"null","ball",,,,,"13","null","R","L","L","SF","MIL","B","null","null",1,2,2018,"-0.4074","0.3222","-0.0737","-0.9217","null","519346.00","null",1,5,"Top","null","null",,,457763,,"180729_212717","-3.5016","-128.2935","-12.4241","-3.7451","22.8053","-26.7467","3.3812","1.6772","null","null","null","86.9470","2299","5.2010",530991,605498,457763,467055,593700,446334,543063,491676,621453,457705,"55.2966","null","null","null","null","null","null","null",39,"4","Slider",5,3,3,5,3,5,3,5,"Standard","Standard"
"SL","2018-07-29","87.4","1.7093","6.5719","Andrew Suarez",592885,605498,"null","ball",,,,,"3","null","R","L","L","SF","MIL","B","null","null",0,0,2018,"-0.4662","0.3980","0.4903","3.4301","null","519346.00","null",1,5,"Top","null","null",,,457763,,"180729_212555","-1.9787","-127.2161","-2.2312","-4.4991","23.0578","-27.8773","3.5624","1.7034","null","null","null","85.6940","2205","4.9120",530991,605498,457763,467055,593700,446334,543063,491676,621453,457705,"55.5855","null","null","null","null","null","null","null",39,"1","Slider",5,3,3,5,3,5,3,5,"Standard","Standard"
"FF","2018-07-29","92.0","1.7918","6.4684","Andrew Suarez",519346,605498,"null","called_strike",,,,,"5","null","R","L","L","SF","MIL","S","null","null",0,0,2018,"1.0534","1.4572","-0.1797","2.2120","null","null","606115.00",0,5,"Top","null","null",,,457763,,"180729_212256","-7.0421","-133.5598","-7.8677","13.6051","25.5242","-13.9499","3.0699","1.4673","null","null","null","90.5880","1980","5.3070",530991,605498,457763,467055,593700,446334,543063,491676,621453,457705,"55.1902","null","null","null","null","null","null","null",37,"1","4-Seam Fastball",5,2,2,5,2,5,2,5,"Infield shift","Standard"
"FF","2018-07-29","90.3","1.6067","6.4499","Andrew Suarez",606115,605498,"walk","ball",,,,,"13","Orlando Arcia walks.  ","R","R","L","SF","MIL","B","null","null",3,1,2018,"1.0101","0.9332","-0.0571","0.4551","null","null","null",0,5,"Top","null","null",,,457763,,"180729_212219","-5.9899","-130.9386","-10.6221","12.2247","22.0833","-20.2517","3.1738","1.4148","null","null","null","88.4920","1826","4.9120",530991,605498,457763,467055,593700,446334,543063,491676,621453,457705,"55.5852","null","null","0.70",1,0,0,"null",36,"5","4-Seam Fastball",5,2,2,5,2,5,2,5,"Standard","Standard"
"FF","2018-07-29","91.2","1.8712","6.4607","Andrew Suarez",606115,605498,"null","called_strike",,,,,"8","null","R","R","L","SF","MIL","S","null","null",3,0,2018,"0.3926","1.3072","-0.0029","1.8821","null","null","null",0,5,"Top","null","null",,,457763,,"180729_212206","-5.3886","-132.4219","-8.1469","5.5091","25.7429","-15.9877","3.5107","1.5985","null","null","null","89.4960","1866","5.1570",530991,605498,457763,467055,593700,446334,543063,491676,621453,457705,"55.3400","null","null","null","null","null","null","null",36,"4","4-Seam Fastball",5,2,2,5,2,5,2,5,"Standard","Standard"
"FF","2018-07-29","91.3","1.7849","6.4952","Andrew Suarez",606115,605498,"null","ball",,,,,"12","null","R","R","L","SF","MIL","B","null","null",2,0,2018,"0.7346","1.2744","0.9047","3.1566","null","null","null",0,5,"Top","null","null",,,457763,,"180729_212153","-3.6475","-132.7865","-5.0952","9.1144","25.5169","-16.8457","3.4848","1.6510","null","null","null","89.8540","1921","5.1980",530991,605498,457763,467055,593700,446334,543063,491676,621453,457705,"55.2990","null","null","null","null","null","null","null",36,"3","4-Seam Fastball",5,2,2,5,2,5,2,5,"Standard","Standard"
"FF","2018-07-29","91.8","1.8730","6.4477","Andrew Suarez",606115,605498,"null","ball",,,,,"14","null","R","R","L","SF","MIL","B","null","null",1,0,2018,"1.2117","0.7426","1.0899","1.9893","null","null","null",0,5,"Top","null","null",,,457763,,"180729_212142","-4.3402","-133.2782","-6.7937","14.6910","26.4808","-22.6142","3.4848","1.6248","null","null","null","89.6700","1845","4.9350",530991,605498,457763,467055,593700,446334,543063,491676,621453,457705,"55.5624","null","null","null","null","null","null","null",36,"2","4-Seam Fastball",5,2,2,5,2,5,2,5,"Standard","Standard"
"CU","2018-07-29","75.2","1.8270","6.6288","Andrew Suarez",606115,605498,"null","ball",,,,,"12","null","R","R","L","SF","MIL","B","null","null",0,0,2018,"-0.8594","-1.0993","1.8132","2.8373","null","null","null",0,5,"Top","null","null",,,457763,,"180729_212131","1.3405","-109.1744","1.0345","-6.6948","18.4512","-40.9205","3.3710","1.5350","null","null","null","72.7830","2448","4.4940",530991,605498,457763,467055,593700,446334,543063,491676,621453,457705,"56.0035","null","null","null","null","null","null","null",36,"1","Curveball",5,2,2,5,2,5,2,5,"Standard","Standard"
"SL","2018-07-29","84.6","-1.8434","5.6780","Junior Guerra",457705,448855,"null","ball",,,,,"13","null","R","R","R","SF","MIL","B","null","null",1,1,2018,"0.5018","-0.0889","-0.6081","1.0910","null","null","605498.00",2,4,"Bot","null","null",,,444489,,"180729_211712","1.8896","-123.3160","-4.2702","4.7689","20.3446","-32.5725","3.2775","1.5723","null","null","null","84.5430","2167","5.7780",530991,448855,444489,542583,541650,519058,606115,460075,456715,592885,"54.7190","null","null","null","null","null","null","null",35,"3","Slider",5,2,5,2,2,5,5,2,"Infield shift","Standard"
"SL","2018-07-29","84.0","-1.7148","5.8140","Junior Guerra",457705,448855,"null","ball",,,,,"14","null","R","R","R","SF","MIL","B","null","null",0,0,2018,"0.5807","0.0994","1.1031","2.0051","null","null","605498.00",2,4,"Bot","null","null",,,444489,,"180729_211628","5.3613","-122.3112","-2.7144","4.9302","20.0308","-30.9331","3.2775","1.6248","null","null","null","84.0310","null","5.8960",530991,448855,444489,542583,541650,519058,606115,460075,456715,592885,"54.6011","null","null","null","null","null","null","null",35,"1","Slider",5,2,5,2,2,5,5,2,"Infield shift","Standard"
"SL","2018-07-29","81.7","-1.1681","5.8763","Junior Guerra",605498,448855,"null","ball",,,,,"11","null","R","L","R","SF","MIL","B","null","null",1,2,2018,"0.5082","-0.0339","-1.1735","3.5302","null","null","null",2,4,"Bot","null","null",,,444489,,"180729_211529","-0.9565","-118.9509","1.2770","4.9167","20.9637","-32.9426","3.3553","1.6248","null","null","null","81.1820","2288","5.7230",530991,448855,444489,542583,541650,519058,606115,460075,456715,592885,"54.7742","null","null","null","null","null","null","null",34,"5","Slider",5,2,5,2,2,5,5,2,"Standard","Standard"
"FF","2018-07-29","93.2","-1.3208","5.6227","Junior Guerra",605498,448855,"null","called_strike",,,,,"7","null","R","L","R","SF","MIL","S","null","null",1,1,2018,"-0.6256","1.3996","-0.5542","1.5155","null","null","null",2,4,"Bot","null","null",,,444489,,"180729_211456","3.3635","-135.6667","-7.9418","-8.4895","28.0120","-13.2889","3.4058","1.6248","null","null","null","93.7990","2309","6.4950",530991,448855,444489,542583,541650,519058,606115,460075,456715,592885,"54.0027","null","null","null","null","null","null","null",34,"3","4-Seam Fastball",5,2,5,2,2,5,5,2,"Standard","Standard"
"FF","2018-07-29","92.5","-1.3742","5.5802","Junior Guerra",605498,448855,"null","ball",,,,,"13","null","R","L","R","SF","MIL","B","null","null",0,1,2018,"-0.6250","1.3017","-1.0219","2.2402","null","null","null",2,4,"Bot","null","null",,,444489,,"180729_211442","2.2529","-134.6324","-5.5728","-8.0682","27.1054","-15.3959","3.4330","1.6510","null","null","null","92.7400","2262","6.2550",530991,448855,444489,542583,541650,519058,606115,460075,456715,592885,"54.2425","null","null","null","null","null","null","null",34,"2","4-Seam Fastball",5,2,5,2,2,5,5,2,"Standard","Standard"
"FF","2018-07-29","92.9","-1.3723","5.5818","Junior Guerra",605498,448855,"null","called_strike",,,,,"13","null","R","L","R","SF","MIL","S","null","null",0,0,2018,"-0.7259","1.3482","-0.8511","2.3252","null","null","null",2,4,"Bot","null","null",,,444489,,"180729_211431","2.9297","-135.2275","-5.5086","-9.5452","30.1968","-14.6493","3.4848","1.6772","null","null","null","92.9610","2316","6.3600",530991,448855,444489,542583,541650,519058,606115,460075,456715,592885,"54.1373","null","null","null","null","null","null","null",34,"1","4-Seam Fastball",5,2,5,2,2,5,5,2,"Standard","Standard"
"SL","2018-07-29","84.7","-1.6007","5.7250","Junior Guerra",491676,448855,"null","ball",,,,,"14","null","R","R","R","SF","MIL","B","null","null",1,2,2018,"0.4667","-0.1284","1.0440","0.5561","null","null","null",2,4,"Bot","null","null",,,444489,,"180729_211317","5.2370","-123.3562","-5.5561","3.8814","20.8870","-32.7399","3.0699","1.4148","null","null","null","84.9300","null","6.0600",530991,448855,444489,542583,541650,519058,606115,460075,456715,592885,"54.4379","null","null","null","null","null","null","null",33,"6","Slider",4,2,4,2,2,4,4,2,"Standard","Standard"
"FS","2018-07-29","87.0","-1.1642","6.1230","Junior Guerra",491676,448855,"null","ball",,,,,"13","null","R","R","R","SF","MIL","B","null","null",0,2,2018,"-0.3868","0.7307","-0.7102","1.1377","null","null","null",2,4,"Bot","null","null",,,444489,,"180729_211227","1.8332","-126.4629","-7.1739","-4.4138","23.9094","-23.3691","3.0699","1.4411","null","null","null","86.1110","1205","5.6130",530991,448855,444489,542583,541650,519058,606115,460075,456715,592885,"54.8840","null","null","null","null","null","null","null",33,"4","Split Finger",4,2,4,2,2,4,4,2,"Standard","Standard"
"FS","2018-07-29","88.4","-0.3506","6.0766","Junior Guerra",593700,448855,"null","ball",,,,,"14","null","R","L","R","SF","MIL","B","null","null",0,2,2018,"-0.4948","0.5569","0.3099","-1.1980","null","null","null",1,4,"Bot","null","null",,,444489,,"180729_211028","2.5724","-128.2562","-12.6115","-5.8483","24.1125","-23.9926","3.3553","1.7034","null","null","null","87.4520","1303","5.6500",530991,448855,444489,542583,541650,519058,606115,460075,456715,592885,"54.8474","null","null","null","null","null","null","null",32,"3","Split Finger",4,2,4,2,2,4,4,2,"Standard","Standard"
"FS","2018-07-29","87.2","-0.4799","6.1435","Junior Guerra",621453,448855,"null","ball",,,,,"13","null","R","L","R","SF","MIL","B","null","null",0,2,2018,"0.1052","0.5572","-0.0896","0.8218","null","null","null",0,4,"Bot","null","null",,,444489,,"180729_210819","0.7189","-126.8977","-7.7177","0.9874","22.7584","-25.1016","3.4071","1.6268","null","null","null","86.5110","1479","5.5680",530991,448855,444489,542583,541650,519058,606115,460075,456715,592885,"54.9289","null","null","null","null","null","null","null",31,"5","Split Finger",4,2,4,2,2,4,4,2,"Standard","Standard"
"FF","2018-07-29","92.8","-1.3281","5.6104","Junior Guerra",621453,448855,"null","called_strike",,,,,"8","null","R","L","R","SF","MIL","S","null","null",0,0,2018,"-0.4645","1.6104","0.1027","1.7904","null","null","null",0,4,"Bot","null","null",,,444489,,"180729_210639","4.6597","-134.9164","-7.4778","-6.6394","28.3241","-11.1921","3.5365","1.8605","null","null","null","92.7350","2268","6.2200",530991,448855,444489,542583,541650,519058,606115,460075,456715,592885,"54.2775","null","null","null","null","null","null","null",31,"1","4-Seam Fastball",4,2,4,2,2,4,4,2,"Standard","Standard"
"CU","2018-07-29","77.3","1.8771","6.5771","Andrew Suarez",444489,605498,"null","ball",,,,,"14","null","R","R","L","SF","MIL","B","null","null",1,2,2018,"-0.3236","-0.3518","1.5874","1.6932","null","519058.00","541650.00",1,4,"Top","null","null",,,457763,,"180729_210243","-0.0604","-112.3365","-2.7758","-2.5850","20.3420","-34.7889","3.0179","1.4936","null","null","null","75.1420","2243","4.7730",530991,605498,457763,467055,593700,446334,543063,491676,621453,457705,"55.7244","null","null","null","null","null","null","null",30,"4","Curveball",4,2,2,4,2,4,2,4,"Standard","Standard"
"FF","2018-07-29","93.4","1.9508","6.3402","Andrew Suarez",444489,605498,"null","ball",,,,,"13","null","R","R","L","SF","MIL","B","null","null",0,2,2018,"0.6310","1.0652","-1.2309","1.7918","null","519058.00","541650.00",1,4,"Top","null","null",,,457763,,"180729_210225","-9.2838","-135.4545","-8.0451","9.2748","25.4812","-18.1901","3.0179","1.3885","null","null","null","91.7220","1812","5.1570",530991,605498,457763,467055,593700,446334,543063,491676,621453,457705,"55.3403","null","null","null","null","null","null","null",30,"3","4-Seam Fastball",4,2,2,4,2,4,2,4,"Standard","Standard"
"FF","2018-07-29","92.2","2.0024","6.4209","Andrew Suarez",541650,605498,"null","called_strike",,,,,"2","null","R","R","L","SF","MIL","S","null","null",0,0,2018,"0.7986","1.5581","-0.2274","2.9445","null","null","519058.00",1,4,"Top","null","null",,,457763,,"180729_205911","-7.1171","-133.7751","-6.0693","10.6353","27.1527","-13.2786","3.5365","1.6248","null","null","null","90.0430","1991","4.9960",530991,605498,457763,467055,593700,446334,543063,491676,621453,457705,"55.5017","null","null","null","null","null","null","null",29,"1","4-Seam Fastball",4,2,2,4,2,4,2,4,"Standard","Standard"
"FF","2018-07-29","92.3","1.8383","6.4815","Andrew Suarez",460075,605498,"null","ball",,,,,"12","null","R","R","L","SF","MIL","B","null","null",0,0,2018,"1.0344","1.0071","1.6148","2.9380","null","null","null",0,4,"Top","null","null",,,457763,,"180729_205649","-2.6591","-134.2561","-5.2461","12.6222","25.7972","-19.6177","3.5107","1.5723","null","null","null","90.8560","2011","5.1820",530991,605498,457763,467055,593700,446334,543063,491676,621453,457705,"55.3159","null","null","null","null","null","null","null",27,"1","4-Seam Fastball",4,2,2,4,2,4,2,4,"Standard","Standard"
"FT","2018-07-29","94.1","-1.3035","5.6223","Junior Guerra",467055,448855,"null","called_strike",,,,,"4","null","R","L","R","SF","MIL","S","null","null",0,0,2018,"-1.2262","0.9162","-0.4289","1.9550","null","null","543063.00",2,3,"Bot","null","null",,,444489,,"180729_205344","4.9206","-136.9537","-5.8290","-16.3305","27.4456","-19.7518","3.1997","1.3885","null","null","null","93.9730","2268","5.9960",530991,448855,444489,542583,541650,519058,606115,460075,456715,592885,"54.5010","null","null","null","null","null","null","null",26,"1","2-Seam Fastball",4,2,4,2,2,4,4,2,"Standard","Standard"
"FT","2018-07-29","93.5","-1.7378","5.5136","Junior Guerra",457763,448855,"null","ball",,,,,"14","null","R","R","R","SF","MIL","B","null","null",0,1,2018,"-1.1683","1.0041","0.1336","0.9577","491676.00","605498.00","457705.00",1,3,"Bot","null","null",,,444489,,"180729_205011","7.4126","-135.8785","-8.2498","-16.0951","27.5096","-18.1556","3.1478","1.5461","null","null","null","93.9160","2282","6.4340",530991,448855,444489,542583,541650,519058,606115,460075,456715,592885,"54.0635","null","null","null","null","null","null","null",23,"2","2-Seam Fastball",0,2,0,2,2,0,0,2,"Standard","Standard"
"FF","2018-07-29","94.0","-1.7235","5.6417","Junior Guerra",457763,448855,"null","called_strike",,,,,"6","null","R","R","R","SF","MIL","S","null","null",0,0,2018,"-0.4055","1.4307","0.4299","2.2949","491676.00","605498.00","457705.00",1,3,"Bot","null","null",,,444489,,"180729_204949","6.5154","-136.7146","-6.1979","-6.5068","28.6428","-12.9263","3.1738","1.4673","null","null","null","94.6250","2506","6.5680",530991,448855,444489,542583,541650,519058,606115,460075,456715,592885,"53.9291","null","null","null","null","null","null","null",23,"1","4-Seam Fastball",0,2,0,2,2,0,0,2,"Standard","Standard"
"FT","2018-07-29","94.3","-1.8788","5.5662","Junior Guerra",457705,448855,"walk","ball",,,,,"13","Andrew McCutchen walks.   Gorkys Hernandez to 3rd.    Andrew Suarez to 2nd.  ","R","R","R","SF","MIL","B","null","null",3,1,2018,"-1.0904","0.7944","-0.7560","1.2067","null","491676.00","605498.00",1,3,"Bot","null","null",,,444489,,"180729_204906","5.3314","-137.2250","-7.4645","-14.9041","26.3693","-20.8166","3.2516","1.5723","null","null","null","94.8120","2220","6.2910",530991,448855,444489,542583,541650,519058,606115,460075,456715,592885,"54.2067","null","null","0.70",1,0,0,"null",22,"5","2-Seam Fastball",0,2,0,2,2,0,0,2,"Infield shift","Standard"
"FF","2018-07-29","94.0","-1.9226","5.6134","Junior Guerra",457705,448855,"null","called_strike",,,,,"1","null","R","R","R","SF","MIL","S","null","null",3,0,2018,"-0.2515","1.5808","-0.4247","2.7806","null","491676.00","605498.00",1,3,"Bot","null","null",,,444489,,"180729_204846","4.4237","-136.7710","-5.1022","-4.0939","29.4412","-11.5459","3.2775","1.5510","null","null","null","93.8840","2406","6.1710",530991,448855,444489,542583,541650,519058,606115,460075,456715,592885,"54.3267","null","null","null","null","null","null","null",22,"4","4-Seam Fastball",0,2,0,2,2,0,0,2,"Infield shift","Standard"
"FF","2018-07-29","94.1","-1.7244","5.7232","Junior Guerra",457705,448855,"null","ball",,,,,"14","null","R","R","R","SF","MIL","B","null","null",2,0,2018,"-0.3722","1.5043","0.7562","1.2290","null","491676.00","605498.00",1,3,"Bot","null","null",,,444489,,"180729_204823","7.2375","-136.5825","-9.2189","-6.2439","30.1611","-11.5825","3.3539","1.5985","null","null","null","93.8380","2471","6.2800",530991,448855,444489,542583,541650,519058,606115,460075,456715,592885,"54.2179","null","null","null","null","null","null","null",22,"3","4-Seam Fastball",0,2,0,2,2,0,0,2,"Infield shift","Standard"
"FF","2018-07-29","94.3","-1.7000","5.6286","Junior Guerra",457705,448855,"null","ball",,,,,"14","null","R","R","R","SF","MIL","B","null","null",1,0,2018,"-0.5363","1.3812","1.0248","2.0372","null","491676.00","605498.00",1,3,"Bot","null","null",,,444489,,"180729_204703","8.2782","-137.1045","-6.7428","-8.4894","27.8609","-13.4701","3.1738","1.4673","null","null","null","94.6630","2468","6.3650",530991,448855,444489,542583,541650,519058,606115,460075,456715,592885,"54.1324","null","null","null","null","null","null","null",22,"2","4-Seam Fastball",0,2,0,2,2,0,0,2,"Standard","Standard"
"FT","2018-07-29","93.3","-2.0366","5.4611","Junior Guerra",457705,448855,"null","ball",,,,,"13","null","R","R","R","SF","MIL","B","null","null",0,0,2018,"-1.4405","0.8332","-1.4401","1.3512","null","491676.00","605498.00",1,3,"Bot","null","null",,,444489,,"180729_204644","4.7177","-135.6788","-6.6048","-18.8268","32.1213","-20.5963","3.2516","1.4673","null","null","null","93.1210","2326","6.4030",530991,448855,444489,542583,541650,519058,606115,460075,456715,592885,"54.0945","null","null","null","null","null","null","null",22,"1","2-Seam Fastball",0,2,0,2,2,0,0,2,"Standard","Standard"
"FF","2018-07-29","92.4","-1.3942","5.5383","Junior Guerra",605498,448855,"walk","ball",,,,,"13","Andrew Suarez walks.   Gorkys Hernandez to 2nd.  ","R","L","R","SF","MIL","B","null","null",3,0,2018,"-0.6324","1.4409","-0.3362","0.7690","null","null","491676.00",1,3,"Bot","null","null",,,444489,,"180729_204552","4.0375","-134.3331","-9.4229","-8.4391","27.0271","-13.1134","3.3035","1.5730","null","null","null","92.2520","2344","6.0900",530991,448855,444489,542583,541650,519058,606115,460075,456715,592885,"54.4073","null","null","0.70",1,0,0,"null",21,"4","4-Seam Fastball",0,2,0,2,2,0,0,2,"Strategic","Standard"
"FF","2018-07-29","92.5","-1.9969","5.5707","Junior Guerra",605498,448855,"null","ball",,,,,"11","null","R","L","R","SF","MIL","B","null","null",2,0,2018,"-0.7479","1.3929","-1.4206","3.3885","null","null","491676.00",1,3,"Bot","null","null",,,444489,,"180729_204531","3.0813","-134.6771","-2.7901","-9.7097","28.2821","-14.9262","3.2257","1.5730","null","null","null","92.4670","2312","6.1620",530991,448855,444489,542583,541650,519058,606115,460075,456715,592885,"54.3353","null","null","null","null","null","null","null",21,"3","4-Seam Fastball",0,2,0,2,2,0,0,2,"Strategic","Standard"
"FF","2018-07-29","90.8","-1.3171","5.5237","Junior Guerra",605498,448855,"null","ball",,,,,"13","null","R","L","R","SF","MIL","B","null","null",1,0,2018,"-0.8397","1.2493","-1.1201","1.1613","null","null","491676.00",1,3,"Bot","null","null",,,444489,,"180729_204511","2.2863","-132.2132","-7.7339","-10.3413","25.5848","-16.1461","3.2516","1.5723","null","null","null","91.2330","2266","6.3080",530991,448855,444489,542583,541650,519058,606115,460075,456715,592885,"54.1898","null","null","null","null","null","null","null",21,"2","4-Seam Fastball",0,2,0,2,2,0,0,2,"Strategic","Standard"
"FF","2018-07-29","93.4","-1.3482","5.7040","Junior Guerra",605498,448855,"null","ball",,,,,"11","null","R","L","R","SF","MIL","B","null","null",0,0,2018,"-0.2622","1.4136","-1.0914","2.5423","null","null","491676.00",1,3,"Bot","null","null",,,444489,,"180729_204448","1.2252","-135.9354","-5.4871","-3.4815","27.1458","-13.8396","3.0439","1.3885","null","null","null","93.3340","2346","6.0400",530991,448855,444489,542583,541650,519058,606115,460075,456715,592885,"54.4577","null","null","null","null","null","null","null",21,"1","4-Seam Fastball",0,2,0,2,2,0,0,2,"Strategic","Standard"
"FT","2018-07-29","93.7","-1.6725","5.5542","Junior Guerra",491676,448855,"walk","ball",,,,,"14","Gorkys Hernandez walks.  ","R","R","R","SF","MIL","B","null","null",3,2,2018,"-1.5054","0.8882","0.0439","1.1287","null","null","null",1,3,"Bot","null","null",,,444489,,"180729_204409","7.7076","-135.9999","-7.5812","-20.2798","30.1850","-19.7602","3.1219","1.4673","null","null","null","93.2810","2317","6.2080",530991,448855,444489,542583,541650,519058,606115,460075,456715,592885,"54.2895","null","null","0.70",1,0,0,"null",20,"7","2-Seam Fastball",0,2,0,2,2,0,0,2,"Standard","Standard"
"FS","2018-07-29","87.2","-1.3896","6.0190","Junior Guerra",491676,448855,"null","ball",,,,,"13","null","R","R","R","SF","MIL","B","null","null",2,2,2018,"-0.4587","0.7338","-0.1807","0.7935","null","null","null",1,3,"Bot","null","null",,,444489,,"180729_204340","3.7797","-126.8306","-7.8787","-5.5417","21.4860","-23.2029","3.1219","1.4148","null","null","null","86.8500","1340","5.7100",530991,448855,444489,542583,541650,519058,606115,460075,456715,592885,"54.7878","null","null","null","null","null","null","null",20,"6","Split Finger",0,2,0,2,2,0,0,2,"Standard","Standard"
"FT","2018-07-29","90.2","-2.2751","5.4629","Junior Guerra",491676,448855,"null","called_strike",,,,,"13","null","R","R","R","SF","MIL","S","null","null",2,0,2018,"-1.4808","0.7969","-1.1178","2.1552","null","null","null",1,3,"Bot","null","null",,,444489,,"180729_204225","5.9172","-131.1749","-3.8973","-18.0631","27.6471","-22.5411","3.1478","1.4673","null","null","null","89.4850","2047","5.8720",530991,448855,444489,542583,541650,519058,606115,460075,456715,592885,"54.6259","null","null","null","null","null","null","null",20,"3","2-Seam Fastball",0,2,0,2,2,0,0,2,"Standard","Standard"
"FF","2018-07-29","93.4","-1.8840","5.5968","Junior Guerra",491676,448855,"null","ball",,,,,"12","null","R","R","R","SF","MIL","B","null","null",1,0,2018,"-0.5729","1.5505","0.2233","3.6708","null","null","null",1,3,"Bot","null","null",,,444489,,"180729_204207","6.6728","-135.8525","-2.6206","-8.4898","28.4752","-12.6422","3.0699","1.4673","null","null","null","93.4650","2294","6.2520",530991,448855,444489,542583,541650,519058,606115,460075,456715,592885,"54.2449","null","null","null","null","null","null","null",20,"2","4-Seam Fastball",0,2,0,2,2,0,0,2,"Standard","Standard"
"FT","2018-07-29","93.0","-2.0383","5.6695","Junior Guerra",491676,448855,"null","ball",,,,,"11","null","R","R","R","SF","MIL","B","null","null",0,0,2018,"-1.3831","0.9619","-0.7829","3.6448","null","null","null",1,3,"Bot","null","null",,,444489,,"180729_204151","6.1788","-135.2946","-1.5169","-18.1400","27.9180","-20.3496","3.2516","1.5198","null","null","null","92.7560","2173","6.0350",530991,448855,444489,542583,541650,519058,606115,460075,456715,592885,"54.4627","null","null","null","null","null","null","null",20,"1","2-Seam Fastball",0,2,0,2,2,0,0,2,"Standard","Standard"
"SL","2018-07-29","86.7","-1.1144","5.7204","Junior Guerra",593700,448855,"null","ball",,,,,"14","null","R","L","R","SF","MIL","B","null","null",1,1,2018,"0.4841","-0.0066","1.0013","-0.3526","null","null","null",0,3,"Bot","null","null",,,444489,,"180729_204042","4.0529","-126.1910","-8.3478","4.4767","20.6701","-31.0738","3.2516","1.4936","null","null","null","86.5850","2219","5.7700",530991,448855,444489,542583,541650,519058,606115,460075,456715,592885,"54.7278","null","null","null","null","null","null","null",19,"3","Slider",0,2,0,2,2,0,0,2,"Standard","Standard"
"FT","2018-07-29","93.1","-1.3122","5.4835","Junior Guerra",593700,448855,"null","ball",,,,,"13","null","R","L","R","SF","MIL","B","null","null",0,1,2018,"-1.2228","1.0010","-0.2113","0.8180","null","null","null",0,3,"Bot","null","null",,,444489,,"180729_204023","5.5116","-135.3931","-8.4445","-16.2437","27.0373","-18.2868","3.4071","1.7296","null","null","null","93.5090","2068","6.3710",530991,448855,444489,542583,541650,519058,606115,460075,456715,592885,"54.1265","null","null","null","null","null","null","null",19,"2","2-Seam Fastball",0,2,0,2,2,0,0,2,"Standard","Standard"
"FF","2018-07-29","93.7","-1.2951","5.7021","Junior Guerra",593700,448855,"null","called_strike",,,,,"4","null","R","L","R","SF","MIL","S","null","null",0,0,2018,"-0.6716","1.4064","-0.2769","2.2001","null","null","null",0,3,"Bot","null","null",,,444489,,"180729_204007","4.0855","-136.3437","-6.4112","-9.1863","27.6222","-13.5796","3.2257","1.5198","null","null","null","93.7220","2322","6.1260",530991,448855,444489,542583,541650,519058,606115,460075,456715,592885,"54.3709","null","null","null","null","null","null","null",19,"1","4-Seam Fastball",0,2,0,2,2,0,0,2,"Standard","Standard"
"FF","2018-07-29","92.7","1.6952","6.4559","Andrew Suarez",592885,605498,"strikeout","called_strike",,,,,"8","Christian Yelich called out on strikes.  ","R","L","L","SF","MIL","S",2,"null",1,2,2018,"0.8995","1.3032","0.2149","1.8057","null","null","null",1,3,"Top","null","null",,,457763,,"180729_203654","-5.4693","-134.3232","-8.4728","11.5429","29.6406","-15.6254","3.4071","1.6388","null","null","null","89.9340","2057","4.8700",530991,605498,457763,467055,593700,446334,543063,491676,621453,457705,"55.6277","null","null","0.00",1,0,0,"null",17,"4","4-Seam Fastball",0,2,2,0,2,0,2,0,"Standard","Standard"
"SL","2018-07-29","88.4","1.3773","6.5939","Andrew Suarez",592885,605498,"null","called_strike",,,,,"13","null","R","L","L","SF","MIL","S","null","null",1,0,2018,"-0.4418","0.6070","-0.9644","1.8959","null","null","null",1,3,"Top","null","null",,,457763,,"180729_203613","-4.7193","-128.5734","-6.5306","-3.9480","21.7137","-24.7822","3.5246","1.6772","null","null","null","87.0340","2147","5.0370",530991,605498,457763,467055,593700,446334,543063,491676,621453,457705,"55.4603","null","null","null","null","null","null","null",17,"2","Slider",0,2,2,0,2,0,2,0,"Standard","Standard"
"SL","2018-07-29","89.6","1.5780","6.6051","Andrew Suarez",592885,605498,"null","ball",,,,,"13","null","R","L","L","SF","MIL","B","null","null",0,0,2018,"-0.2584","0.6762","-1.1144","2.1910","null","null","null",1,3,"Top","null","null",,,457763,,"180729_203559","-5.9677","-130.0825","-6.1223","-1.6520","25.2599","-23.8952","3.5624","1.6772","null","null","null","87.5410","2208","4.9510",530991,605498,457763,467055,593700,446334,543063,491676,621453,457705,"55.5463","null","null","null","null","null","null","null",17,"1","Slider",0,2,2,0,2,0,2,0,"Standard","Standard"
"CU","2018-07-29","76.7","1.7467","6.6148","Andrew Suarez",456715,605498,"null","called_strike",,,,,"6","null","R","R","L","SF","MIL","S","null","null",0,0,2018,"-0.4099","-0.8143","0.7489","2.8100","null","null","null",0,3,"Top","null","null",,,457763,,"180729_203510","-1.3718","-111.5038","0.2811","-2.9821","19.3306","-38.9175","3.5017","1.6772","null","null","null","74.3590","2427","4.5210",530991,605498,457763,467055,593700,446334,543063,491676,621453,457705,"55.9768","null","null","null","null","null","null","null",16,"1","Curveball",0,2,2,0,2,0,2,0,"Standard","Standard"
"FT","2018-07-29","92.7","-1.2475","5.4824","Junior Guerra",621453,448855,"null","called_strike",,,,,"7","null","R","L","R","SF","MIL","S","null","null",1,0,2018,"-1.5275","0.6039","-0.6113","1.6444","null","null","null",2,2,"Bot","null","null",,,444489,,"180729_203236","4.9930","-134.8913","-5.3953","-19.8391","27.1207","-23.8349","3.5017","1.6772","null","null","null","93.3110","2092","6.4800",530991,448855,444489,542583,541650,519058,606115,460075,456715,592885,"54.0176","null","null","null","null","null","null","null",15,"2","2-Seam Fastball",0,2,0,2,2,0,0,2,"Standard","Standard"
"FF","2018-07-29","93.6","-1.1234","5.6428","Junior Guerra",621453,448855,"null","ball",,,,,"1","null","R","L","R","SF","MIL","B","null","null",0,0,2018,"-0.5269","1.4682","-0.4424","3.3305","null","null","null",2,2,"Bot","null","null",,,444489,,"180729_203215","2.9116","-136.3690","-3.5110","-7.1688","27.1070","-13.3115","3.3035","1.5198","null","null","null","93.9700","2245","6.2230",530991,448855,444489,542583,541650,519058,606115,460075,456715,592885,"54.2746","null","null","null","null","null","null","null",15,"1","4-Seam Fastball",0,2,0,2,2,0,0,2,"Standard","Standard"
"FF","2018-07-29","93.4","-1.0730","5.7307","Junior Guerra",467055,448855,"null","ball",,,,,"11","null","R","L","R","SF","MIL","B","null","null",0,0,2018,"-0.6245","1.4901","-1.2284","2.4759","null","null","null",1,2,"Bot","null","null",,,444489,,"180729_203050","0.9651","-135.9025","-5.9009","-7.9266","28.6312","-12.7165","3.2257","1.4936","null","null","null","93.4170","2157","6.2140",530991,448855,444489,542583,541650,519058,606115,460075,456715,592885,"54.2833","null","null","null","null","null","null","null",14,"1","4-Seam Fastball",0,2,0,2,2,0,0,2,"Standard","Standard"
"FF","2018-07-29","93.4","-1.9260","5.7022","Junior Guerra",446334,448855,"null","called_strike",,,,,"12","null","R","R","R","SF","MIL","S","null","null",0,0,2018,"-0.7384","1.2370","0.8336","2.9875","null","null","null",0,2,"Bot","null","null",,,444489,,"180729_202938","8.6766","-135.7443","-3.9351","-10.8875","28.0781","-16.3409","3.5624","1.7034","null","null","null","93.2200","2306","6.1250",530991,448855,444489,542583,541650,519058,606115,460075,456715,592885,"54.3723","null","null","null","null","null","null","null",13,"1","4-Seam Fastball",0,2,0,2,2,0,0,2,"Infield shift","Standard"
"SL","2018-07-29","88.6","1.9965","6.5563","Andrew Suarez",448855,605498,"null","ball",,,,,"14","null","R","R","L","SF","MIL","B","null","null",0,1,2018,"-0.4017","0.4325","1.0102","2.0379","null","606115.00","null",2,2,"Top","null","null",,,457763,,"180729_202601","-1.5738","-128.8094","-5.7332","-3.9873","23.9714","-26.7590","3.2516","1.5730","null","null","null","86.6540","2066","4.8660",530991,605498,457763,467055,593700,446334,543063,491676,621453,457705,"55.6314","null","null","null","null","null","null","null",12,"2","Slider",0,2,2,0,2,0,2,0,"Standard","Standard"
"FF","2018-07-29","92.0","1.9599","6.5989","Andrew Suarez",448855,605498,"null","called_strike",,,,,"7","null","R","R","L","SF","MIL","S","null","null",0,0,2018,"1.0577","1.3309","-0.3356","1.5673","null","606115.00","null",2,2,"Top","null","null",,,457763,,"180729_202545","-7.7581","-133.3111","-9.4188","13.5668","24.5019","-15.4117","3.3035","1.4673","null","null","null","89.9570","2075","4.9480",530991,605498,457763,467055,593700,446334,543063,491676,621453,457705,"55.5494","null","null","null","null","null","null","null",12,"1","4-Seam Fastball",0,2,2,0,2,0,2,0,"Standard","Standard"
"FF","2018-07-29","92.0","1.6411","6.5598","Andrew Suarez",444489,605498,"strikeout","called_strike",,,,,"3","Manny Pina called out on strikes.  ","R","R","L","SF","MIL","S",2,"null",0,2,2018,"0.8575","1.3062","0.6888","2.7205","null","null","null",1,2,"Top","null","null",,,457763,,"180729_202439","-4.0881","-133.7975","-6.5362","10.7191","24.2824","-16.0250","3.0699","1.3360","null","null","null","90.5800","2045","5.1010",530991,605498,457763,467055,593700,446334,543063,491676,621453,457705,"55.3962","null","null","0.00",1,0,0,"null",10,"3","4-Seam Fastball",0,2,2,0,2,0,2,0,"Standard","Standard"
"CH","2018-07-29","86.0","1.7927","6.4688","Andrew Suarez",444489,605498,"null","called_strike",,,,,"4","null","R","R","L","SF","MIL","S","null","null",0,0,2018,"1.1089","0.9888","-0.4037","2.0764","null","null","null",1,2,"Top","null","null",,,457763,,"180729_202402","-7.2335","-124.9548","-6.0478","12.6136","22.0878","-21.2288","3.1738","1.3885","null","null","null","84.9080","1777","5.3880",530991,605498,457763,467055,593700,446334,543063,491676,621453,457705,"55.1094","null","null","null","null","null","null","null",10,"1","Changeup",0,2,2,0,2,0,2,0,"Standard","Standard"
"SL","2018-07-29","89.7","1.7357","6.5606","Andrew Suarez",541650,605498,"null","ball",,,,,"13","null","R","R","L","SF","MIL","B","null","null",1,2,2018,"-0.3540","0.6436","-2.0114","0.2146","null","null","null",0,2,"Top","null","null",,,457763,,"180729_202304","-8.2950","-129.9222","-10.6703","-2.2839","24.3290","-23.4598","3.3812","1.6029","null","null","null","87.3990","2362","4.8590",530991,605498,457763,467055,593700,446334,543063,491676,621453,457705,"55.6384","null","null","null","null","null","null","null",9,"4","Slider",0,2,2,0,2,0,2,0,"Standard","Standard"
"CH","2018-07-29","85.7","1.9917","6.3632","Andrew Suarez",541650,605498,"null","called_strike",,,,,"7","null","R","R","L","SF","MIL","S","null","null",1,0,2018,"1.0798","1.1786","-0.3396","1.8526","null","null","null",0,2,"Top","null","null",,,457763,,"180729_202234","-7.4944","-124.4155","-6.5812","12.3828","24.2027","-19.2184","3.4458","1.6772","null","null","null","84.4500","1796","5.5320",530991,605498,457763,467055,593700,446334,543063,491676,621453,457705,"54.9651","null","null","null","null","null","null","null",9,"2","Changeup",0,2,2,0,2,0,2,0,"Standard","Standard"
"FF","2018-07-29","91.9","1.8131","6.5230","Andrew Suarez",541650,605498,"null","ball",,,,,"14","null","R","R","L","SF","MIL","B","null","null",0,0,2018,"1.1292","1.4276","0.7091","1.3755","null","null","null",0,2,"Top","null","null",,,457763,,"180729_202222","-5.0058","-133.1581","-9.8571","13.9715","28.7253","-14.0266","3.4458","1.6772","null","null","null","89.6690","2148","5.1640",530991,605498,457763,467055,593700,446334,543063,491676,621453,457705,"55.3330","null","null","null","null","null","null","null",9,"1","4-Seam Fastball",0,2,2,0,2,0,2,0,"Standard","Standard"
"FS","2018-07-29","88.1","-0.5766","6.0811","Junior Guerra",543063,448855,"null","ball",,,,,"13","null","R","L","R","SF","MIL","B","null","null",1,2,2018,"-1.1844","0.9993","-0.5315","-0.1857","null","null","null",2,1,"Bot","null","null",,,444489,,"180729_201946","2.5008","-127.8881","-11.0610","-13.3381","24.8138","-19.4070","3.3294","1.6268","null","null","null","87.4950","1326","5.9080",530991,448855,444489,542583,541650,519058,606115,460075,456715,592885,"54.5898","null","null","null","null","null","null","null",8,"4","Split Finger",0,2,0,2,2,0,0,2,"Standard","Standard"
"FF","2018-07-29","93.6","-0.7106","5.7312","Junior Guerra",543063,448855,"null","called_strike",,,,,"8","null","R","L","R","SF","MIL","S","null","null",1,1,2018,"-0.9905","1.6536","0.1574","1.8819","null","null","null",2,1,"Bot","null","null",,,444489,,"180729_201930","4.4478","-136.0950","-7.8333","-13.3372","31.7734","-10.0351","3.4330","1.6772","null","null","null","93.5930","2331","6.4710",530991,448855,444489,542583,541650,519058,606115,460075,456715,592885,"54.0260","null","null","null","null","null","null","null",8,"3","4-Seam Fastball",0,2,0,2,2,0,0,2,"Standard","Standard"
"FT","2018-07-29","94.1","-1.0465","5.5722","Junior Guerra",543063,448855,"null","ball",,,,,"14","null","R","L","R","SF","MIL","B","null","null",0,1,2018,"-1.5230","1.0580","0.5547","1.3058","null","null","null",2,1,"Bot","null","null",,,444489,,"180729_201915","7.4737","-136.6197","-7.6310","-20.5977","29.9472","-17.5534","3.4589","1.6268","null","null","null","93.7140","2136","6.1740",530991,448855,444489,542583,541650,519058,606115,460075,456715,592885,"54.3235","null","null","null","null","null","null","null",8,"2","2-Seam Fastball",0,2,0,2,2,0,0,2,"Standard","Standard"
"FF","2018-07-29","93.8","-1.0847","5.6980","Junior Guerra",543063,448855,"null","called_strike",,,,,"4","null","R","L","R","SF","MIL","S","null","null",0,0,2018,"-0.5405","1.4644","-0.7335","2.5473","null","null","null",2,1,"Bot","null","null",,,444489,,"180729_201901","2.0717","-136.5090","-5.5906","-7.1226","29.3069","-13.1103","3.4071","1.5723","null","null","null","93.3510","2327","5.9600",530991,448855,444489,542583,541650,519058,606115,460075,456715,592885,"54.5377","null","null","null","null","null","null","null",8,"1","4-Seam Fastball",0,2,0,2,2,0,0,2,"Standard","Standard"
"FT","2018-07-29","94.7","-1.9472","5.6528","Junior Guerra",457763,448855,"null","called_strike",,,,,"8","null","R","R","R","SF","MIL","S","null","null",1,0,2018,"-1.4696","0.9063","-0.2597","1.7939","null","null","457705.00",0,1,"Bot","null","null",,,444489,,"180729_201710","7.6107","-137.6432","-6.4091","-20.1710","27.6637","-19.5964","3.3035","1.6029","null","null","null","94.6210","2321","6.0940",530991,448855,444489,542583,541650,519058,606115,460075,456715,592885,"54.4030","null","null","null","null","null","null","null",7,"2","2-Seam Fastball",0,2,0,2,2,0,0,2,"Standard","Standard"
"FF","2018-07-29","93.4","-1.9114","5.6555","Junior Guerra",457705,448855,"null","called_strike",,,,,"13","null","R","R","R","SF","MIL","S","null","null",3,1,2018,"-0.9529","1.4179","-0.5099","1.3685","null","null","null",0,1,"Bot","null","null",,,444489,,"180729_201429","5.6453","-135.6737","-8.2924","-12.8823","30.0673","-13.2627","3.2775","1.5510","null","null","null","92.7810","2327","6.0450",530991,448855,444489,542583,541650,519058,606115,460075,456715,592885,"54.4521","null","null","null","null","null","null","null",6,"5","4-Seam Fastball",0,2,0,2,2,0,0,2,"Infield shift","Standard"
"FT","2018-07-29","92.7","-1.7594","5.6806","Junior Guerra",457705,448855,"null","ball",,,,,"11","null","R","R","R","SF","MIL","B","null","null",2,1,2018,"-1.3136","1.0988","-1.5418","3.1028","null","null","null",0,1,"Bot","null","null",,,444489,,"180729_201412","3.3462","-134.9172","-3.1225","-16.4932","29.7279","-18.5493","3.3539","1.5723","null","null","null","91.9580","2189","5.8600",530991,448855,444489,542583,541650,519058,606115,460075,456715,592885,"54.6372","null","null","null","null","null","null","null",6,"4","2-Seam Fastball",0,2,0,2,2,0,0,2,"Infield shift","Standard"
"SL","2018-07-29","85.2","-2.0616","5.7112","Junior Guerra",457705,448855,"null","ball",,,,,"14","null","R","R","R","SF","MIL","B","null","null",1,1,2018,"0.4324","0.1652","0.7904","1.1530","null","null","null",0,1,"Bot","null","null",,,444489,,"180729_201357","5.7824","-123.7533","-4.6351","3.1555","25.4948","-29.8097","3.3035","1.5510","null","null","null","84.1780","2371","5.7910",530991,448855,444489,542583,541650,519058,606115,460075,456715,592885,"54.7063","null","null","null","null","null","null","null",6,"3","Slider",0,2,0,2,2,0,0,2,"Infield shift","Standard"
"FT","2018-07-29","93.5","-1.8212","5.6913","Junior Guerra",457705,448855,"null","called_strike",,,,,"9","null","R","R","R","SF","MIL","S","null","null",1,0,2018,"-1.0386","1.3377","0.4934","1.6397","null","null","null",0,1,"Bot","null","null",,,444489,,"180729_201342","8.1836","-135.7282","-7.5535","-14.5064","29.2788","-14.3586","3.2257","1.4673","null","null","null","93.0260","2372","6.1080",530991,448855,444489,542583,541650,519058,606115,460075,456715,592885,"54.3897","null","null","null","null","null","null","null",6,"2","2-Seam Fastball",0,2,0,2,2,0,0,2,"Infield shift","Standard"
"FF","2018-07-29","93.5","-2.0697","5.6700","Junior Guerra",457705,448855,"null","ball",,,,,"13","null","R","R","R","SF","MIL","B","null","null",0,0,2018,"-0.9244","1.4297","-0.7509","1.2723","null","null","null",0,1,"Bot","null","null",,,444489,,"180729_201329","5.3434","-135.7118","-8.5450","-12.4151","30.9166","-13.1580","3.2516","1.4673","null","null","null","92.4060","2395","5.8680",530991,448855,444489,542583,541650,519058,606115,460075,456715,592885,"54.6297","null","null","null","null","null","null","null",6,"1","4-Seam Fastball",0,2,0,2,2,0,0,2,"Infield shift","Standard"
"CU","2018-07-29","77.5","1.6749","6.6907","Andrew Suarez",519058,605498,"null","called_strike",,,,,"8","null","R","L","L","SF","MIL","S","null","null",0,0,2018,"-0.9441","-1.0188","0.1191","1.5837","null","null","null",2,1,"Top","null","null",,,457763,,"180729_201034","-1.6632","-112.6902","-2.2404","-7.2935","19.0000","-40.2600","3.4848","1.6772","null","null","null","75.1510","2628","4.4400",530991,605498,457763,467055,593700,446334,543063,491676,621453,457705,"56.0569","null","null","null","null","null","null","null",5,"1","Curveball",0,2,2,0,2,0,2,0,"Infield shift","Standard"
"FF","2018-07-29","92.2","2.0145","6.5488","Andrew Suarez",460075,605498,"null","called_strike",,,,,"5","null","R","R","L","SF","MIL","S","null","null",0,0,2018,"1.1174","0.9930","0.1022","2.3602","null","null","592885.00",2,1,"Top","null","null",,,457763,,"180729_200927","-6.9927","-133.8124","-6.7259","14.3194","26.8166","-19.6058","3.4848","1.6772","null","null","null","90.2590","2029","5.0880",530991,605498,457763,467055,593700,446334,543063,491676,621453,457705,"55.4097","null","null","null","null","null","null","null",4,"1","4-Seam Fastball",0,0,0,0,0,0,0,0,"Standard","Standard"
"SL","2018-07-29","88.3","1.9331","6.6048","Andrew Suarez",542583,605498,"null","ball",,,,,"13","null","R","R","L","SF","MIL","B","null","null",0,1,2018,"-0.6250","0.3880","-2.0299","1.2753","null","null","592885.00",1,1,"Top","null","null",,,457763,,"180729_200739","-8.1730","-128.1435","-7.5038","-5.2026","22.0676","-27.0227","3.6658","1.6510","null","null","null","86.3500","2308","4.8230",530991,605498,457763,467055,593700,446334,543063,491676,621453,457705,"55.6745","null","null","null","null","null","null","null",3,"2","Slider",0,0,0,0,0,0,0,0,"Standard","Standard"
"FF","2018-07-29","92.5","1.8825","6.5995","Andrew Suarez",542583,605498,"null","called_strike",,,,,"4","null","R","R","L","SF","MIL","S","null","null",0,0,2018,"0.8403","1.2874","-0.3228","2.7671","null","null","592885.00",1,1,"Top","null","null",,,457763,,"180729_200707","-7.1549","-134.1924","-6.4744","11.1452","26.2336","-16.2354","3.6917","1.7034","null","null","null","90.4050","2147","4.9630",530991,605498,457763,467055,593700,446334,543063,491676,621453,457705,"55.5340","null","null","null","null","null","null","null",3,"1","4-Seam Fastball",0,0,0,0,0,0,0,0,"Standard","Standard"
"FF","2018-07-29","92.2","1.8276","6.5370","Andrew Suarez",592885,605498,"null","called_strike",,,,,"9","null","R","L","L","SF","MIL","S","null","null",0,0,2018,"0.9417","1.4412","0.5926","1.8631","null","null","null",1,1,"Top","null","null",,,457763,,"180729_200602","-4.9314","-133.7815","-8.7638","11.8168","27.8873","-14.1145","3.6658","1.8343","null","null","null","89.8250","2247","4.9120",530991,605498,457763,467055,593700,446334,543063,491676,621453,457705,"55.5851","null","null","null","null","null","null","null",2,"1","4-Seam Fastball",0,0,0,0,0,0,0,0,"Standard","Standard"