"pitch_type","game_date","release_speed","release_pos_x","release_pos_z","player_name","batter","pitcher","events","description","spin_dir","spin_rate_deprecated","break_angle_deprecated","break_length_deprecated","zone","des","game_type","stand","p_throws","home_team","away_team","type","hit_location","bb_type","balls","strikes","game_year","pfx_x","pfx_z","plate_x","plate_z","on_3b","on_2b","on_1b","outs_when_up","inning","inning_topbot","hc_x","hc_y","tfs_deprecated","tfs_zulu_deprecated","pos2_person_id","umpire","sv_id","vx0","vy0","vz0","ax","ay","az","sz_top","sz_bot","hit_distance_sc","launch_speed","launch_angle","effective_speed","release_spin_rate","release_extension","game_pk","pos1_person_id","pos2_person_id","pos3_person_id","pos4_person_id","pos5_person_id","pos6_person_id","pos7_person_id","pos8_person_id","pos9_person_id","release_pos_y","estimated_ba_using_speedangle","estimated_woba_using_speedangle","woba_value","woba_denom","babip_value","iso_value","launch_speed_angle","at_bat_number","pitch_number","pitch_name","home_score","away_score","bat_score","fld_score","post_away_score","post_home_score","post_bat_score","post_fld_score","if_fielding_alignment","of_fielding_alignment"
"FC","2018-08-26","88.5","-1.9764","6.1618","Mark Melancon",592685,453343,"null","called_strike",,,,,"1","null","R","L","R","SF","TEX","S","null","null",0,1,2018,"0.2053","0.3617","-0.5734","3.0817","null","null","425783.00",2,9,"Top","null","null",,,460026,,"180826_224034","2.9875","-128.9922","-2.3017","1.7823","21.9280","-27.9408","3.5288","1.8170","null","null","null","88.7440","2048","5.9440",531370,453343,460026,474832,605412,446334,543063,452254,621453,457705,"54.5535","null","null","null","null","null","null","null",66,"2","Cutter",3,1,1,3,1,3,1,3,"Standard","Standard"
"KC","2018-08-26","81.8","-1.5675","6.2287","Mark Melancon",592685,453343,"null","called_strike",,,,,"4","null","R","L","R","SF","TEX","S","null","null",0,0,2018,"0.4013","-1.0260","-0.5492","3.0739","null","null","425783.00",2,9,"Top","null","null",,,460026,,"180826_224000","1.5265","-119.0948","1.2708","3.4815","20.4895","-42.1942","3.6840","1.8170","null","null","null","81.1220","2583","5.5640",531370,453343,460026,474832,605412,446334,543063,452254,621453,457705,"54.9333","null","null","null","null","null","null","null",66,"1","Knuckle Curve",3,1,1,3,1,3,1,3,"Standard","Standard"
"FC","2018-08-26","89.6","-1.7047","6.2295","Mark Melancon",608597,453343,"null","ball",,,,,"14","null","R","L","R","SF","TEX","B","null","null",0,1,2018,"0.0247","0.6778","1.0195","2.4547","null","null","425783.00",1,9,"Top","null","null",,,460026,,"180826_223815","6.6478","-130.3820","-4.7699","-1.0025","25.1553","-23.7654","3.6149","1.8016","null","null","null","89.5300","2482","6.0600",531370,453343,460026,474832,605412,446334,543063,452254,621453,457705,"54.4374","null","null","null","null","null","null","null",65,"2","Cutter",3,1,1,3,1,3,1,3,"Standard","Standard"
"FC","2018-08-26","90.4","-1.9437","6.2587","Mark Melancon",425783,453343,"null","ball",,,,,"11","null","R","L","R","SF","TEX","B","null","null",1,1,2018,"0.0936","0.6870","-0.1885","3.5627","null","null","null",1,9,"Top","null","null",,,460026,,"180826_223615","4.1747","-131.7331","-2.2844","0.2622","26.1195","-23.9315","3.3852","1.6865","null","null","null","90.6390","2527","6.2050",531370,453343,460026,474832,605412,446334,543063,452254,621453,457705,"54.2921","null","null","null","null","null","null","null",64,"3","Cutter",3,1,1,3,1,3,1,3,"Infield shift","Standard"
"FC","2018-08-26","90.8","-1.8531","6.2861","Mark Melancon",425783,453343,"null","ball",,,,,"12","null","R","L","R","SF","TEX","B","null","null",0,1,2018,"0.0484","0.6161","0.9068","3.3618","null","null","null",1,9,"Top","null","null",,,460026,,"180826_223557","6.7507","-132.2835","-2.8149","-0.5372","21.6280","-24.6872","3.3593","1.6340","null","null","null","90.9360","2436","5.7900",531370,453343,460026,474832,605412,446334,543063,452254,621453,457705,"54.7070","null","null","null","null","null","null","null",64,"2","Cutter",3,1,1,3,1,3,1,3,"Infield shift","Standard"
"KC","2018-08-26","81.9","-1.6354","6.4207","Mark Melancon",425783,453343,"null","called_strike",,,,,"7","null","R","L","R","SF","TEX","S","null","null",0,0,2018,"-0.0743","-1.1979","-0.5954","2.0111","null","null","null",1,9,"Top","null","null",,,460026,,"180826_223539","2.4547","-119.0681","-1.0746","-1.1937","24.6381","-43.2738","3.3333","1.5290","null","null","null","80.6120","2684","5.6320",531370,453343,460026,474832,605412,446334,543063,452254,621453,457705,"54.8652","null","null","null","null","null","null","null",64,"1","Knuckle Curve",3,1,1,3,1,3,1,3,"Infield shift","Standard"
"FC","2018-08-26","90.2","-1.7763","6.3592","Mark Melancon",608336,453343,"null","ball",,,,,"14","null","R","L","R","SF","TEX","B","null","null",1,0,2018,"0.3285","0.6301","1.9296","1.7585","null","null","null",0,9,"Top","null","null",,,460026,,"180826_223342","8.4418","-130.9097","-6.6927","1.8927","28.2056","-23.8552","3.6666","1.8278","null","null","null","89.2510","2526","5.8930",531370,453343,460026,474832,605412,446334,543063,452254,621453,457705,"54.6041","null","null","null","null","null","null","null",63,"2","Cutter",3,1,1,3,1,3,1,3,"Infield shift","Strategic"
"FC","2018-08-26","91.4","-1.7631","6.3343","Mark Melancon",608336,453343,"null","ball",,,,,"12","null","R","L","R","SF","TEX","B","null","null",0,0,2018,"0.2320","0.8344","1.0489","3.0430","null","null","null",0,9,"Top","null","null",,,460026,,"180826_223324","6.5554","-132.8833","-4.1864","1.3924","27.1072","-21.7229","3.5632","1.7230","null","null","null","91.1070","2610","6.0510",531370,453343,460026,474832,605412,446334,543063,452254,621453,457705,"54.4463","null","null","null","null","null","null","null",63,"1","Cutter",3,1,1,3,1,3,1,3,"Infield shift","Strategic"
"SL","2018-08-26","83.5","-2.7837","4.7070","Cory Gearrin",446334,518715,"null","ball",,,,,"11","null","R","R","R","SF","TEX","B","null","null",1,2,2018,"0.7252","0.6364","-1.3742","3.3063","null","null","null",2,8,"Bot","null","null",,,643396,,"180826_222958","1.8431","-121.4839","1.8954","6.6261","21.2887","-26.6533","3.7099","1.6859","null","null","null","82.1920","null","5.1830",531370,518715,643396,595777,596059,134181,462101,608336,624636,608577,"55.3144","null","null","null","null","null","null","null",62,"5","Slider",3,1,3,1,1,3,3,1,"Standard","Standard"
"SL","2018-08-26","86.0","-2.3956","4.6831","Cory Gearrin",446334,518715,"null","ball",,,,,"14","null","R","R","R","SF","TEX","B","null","null",0,2,2018,"0.5762","0.2923","1.3440","1.7051","null","null","null",2,8,"Bot","null","null",,,643396,,"180826_222851","7.6031","-124.9741","-1.4209","4.5346","22.3091","-29.1647","3.6065","1.6334","null","null","null","84.9210","null","5.4070",531370,518715,643396,595777,596059,134181,462101,608336,624636,608577,"55.0907","null","null","null","null","null","null","null",62,"3","Slider",3,1,3,1,1,3,3,1,"Standard","Standard"
"SL","2018-08-26","83.8","-2.6374","4.7252","Cory Gearrin",446334,518715,"null","called_strike",,,,,"7","null","R","R","R","SF","TEX","S","null","null",0,0,2018,"0.5643","0.3856","-0.4185","2.1108","null","null","null",2,8,"Bot","null","null",,,643396,,"180826_222751","3.9868","-122.0029","-0.4376","4.7894","21.4494","-28.5823","3.6582","1.6597","null","null","null","82.8310","2819","5.3760",531370,518715,643396,595777,596059,134181,462101,608336,624636,608577,"55.1216","null","null","null","null","null","null","null",62,"1","Slider",3,1,3,1,1,3,3,1,"Standard","Standard"
"CH","2018-08-26","85.1","-2.4107","4.4205","Cory Gearrin",605412,518715,"null","ball",,,,,"13","null","R","L","R","SF","TEX","B","null","null",1,1,2018,"-1.4621","-0.1614","-1.3560","1.9973","null","null","null",1,8,"Bot","null","null",,,643396,,"180826_222643","5.2866","-123.7982","0.8777","-15.7971","22.4426","-34.1922","3.3464","1.6060","null","null","null","84.6170","2174","5.7830",531370,518715,643396,595777,596059,134181,462101,608336,624636,608577,"54.7147","null","null","null","null","null","null","null",61,"3","Changeup",3,1,3,1,1,3,3,1,"Standard","Standard"
"SI","2018-08-26","92.3","-2.4406","4.7626","Cory Gearrin",605412,518715,"null","ball",,,,,"11","null","R","L","R","SF","TEX","B","null","null",0,0,2018,"-1.5491","0.3224","-1.1636","2.6340","null","null","null",1,8,"Bot","null","null",,,643396,,"180826_222547","6.4606","-134.1548","-0.2449","-19.6929","30.3024","-28.5823","3.3723","1.6323","null","null","null","91.0750","2271","5.7090",531370,518715,643396,595777,596059,134181,462101,608336,624636,608577,"54.7885","null","null","null","null","null","null","null",61,"1","Sinker",3,1,3,1,1,3,3,1,"Standard","Standard"
"SL","2018-08-26","81.9","-2.8594","4.7490","Cory Gearrin",457705,518715,"null","called_strike",,,,,"6","null","R","R","R","SF","TEX","S","null","null",0,0,2018,"0.4332","0.8098","0.3275","2.8324","null","null","null",0,8,"Bot","null","null",,,643396,,"180826_222407","6.2578","-118.9894","0.6618","2.9146","20.3858","-25.0784","3.4618","1.5541","null","null","null","80.5510","3115","5.2120",531370,518715,643396,595777,596059,134181,462101,608336,624636,608577,"55.2852","null","null","null","null","null","null","null",60,"1","Slider",3,1,3,1,1,3,3,1,"Infield shift","Standard"
"FF","2018-08-26","97.2","-1.0509","5.2493","Reyes Moronta",595777,606625,"null","called_strike",,,,,"7","null","R","L","R","SF","TEX","S","null","null",0,0,2018,"-0.8103","1.1320","-0.5147","1.5638","null","608577.00","null",2,8,"Top","null","null",,,460026,,"180826_221835","3.2801","-141.5092","-6.9703","-11.5935","29.6643","-15.6793","3.2545","1.5761","null","null","null","97.4740","2441","6.2340",531370,606625,460026,474832,605412,446334,543063,452254,621453,457705,"54.2633","null","null","null","null","null","null","null",59,"1","4-Seam Fastball",3,1,1,3,1,3,1,3,"Standard","Standard"
"SL","2018-08-26","81.0","-1.3292","4.9131","Reyes Moronta",608577,606625,"null","ball",,,,,"13","null","R","L","R","SF","TEX","B","null","null",2,1,2018,"1.2080","0.1140","-0.9105","1.5249","null","null","null",2,8,"Top","null","null",,,460026,,"180826_221705","-1.3326","-118.0576","-1.2084","11.4477","21.0198","-31.1184","3.3807","1.6679","null","null","null","80.9210","2577","5.9990",531370,606625,460026,474832,605412,446334,543063,452254,621453,457705,"54.4985","null","null","null","null","null","null","null",58,"4","Slider",3,1,1,3,1,3,1,3,"Infield shift","Standard"
"SL","2018-08-26","79.9","-1.1152","5.2448","Reyes Moronta",608577,606625,"null","ball",,,,,"11","null","R","L","R","SF","TEX","B","null","null",1,1,2018,"1.0617","-0.1207","-0.5696","3.9750","null","null","null",2,8,"Top","null","null",,,460026,,"180826_221647","-0.7201","-116.2142","4.0050","9.5459","19.1990","-34.1341","3.3548","1.6679","null","null","null","79.1390","2545","5.5170",531370,606625,460026,474832,605412,446334,543063,452254,621453,457705,"54.9800","null","null","null","null","null","null","null",58,"3","Slider",3,1,1,3,1,3,1,3,"Infield shift","Standard"
"SL","2018-08-26","79.1","-0.9672","5.2975","Reyes Moronta",608577,606625,"null","ball",,,,,"11","null","R","L","R","SF","TEX","B","null","null",0,0,2018,"1.2248","0.0746","-1.0077","3.2582","null","null","null",2,8,"Top","null","null",,,460026,,"180826_221609","-2.2469","-115.0935","2.1128","10.9704","19.7240","-32.1354","3.3548","1.7204","null","null","null","78.0590","2514","5.3830",531370,606625,460026,474832,605412,446334,543063,452254,621453,457705,"55.1140","null","null","null","null","null","null","null",58,"1","Slider",3,1,1,3,1,3,1,3,"Infield shift","Standard"
"SL","2018-08-26","79.3","-1.2990","5.2469","Reyes Moronta",134181,606625,"null","called_strike",,,,,"7","null","R","R","R","SF","TEX","S","null","null",1,0,2018,"1.2878","0.0892","-0.3584","2.0777","null","null","null",1,8,"Top","null","null",,,460026,,"180826_221504","-0.2938","-115.5629","-0.4320","11.4914","18.4191","-31.5197","3.4100","1.5015","null","null","null","79.1980","2494","5.8130",531370,606625,460026,474832,605412,446334,543063,452254,621453,457705,"54.6840","null","null","null","null","null","null","null",57,"2","Slider",3,1,1,3,1,3,1,3,"Standard","Standard"
"FF","2018-08-26","97.3","-0.8078","5.3150","Reyes Moronta",134181,606625,"null","ball",,,,,"14","null","R","R","R","SF","TEX","B","null","null",0,0,2018,"-0.0534","1.2335","1.7726","1.7304","null","null","null",1,8,"Top","null","null",,,460026,,"180826_221447","7.0164","-141.5826","-6.9422","-2.0835","27.5071","-14.3948","3.4359","1.5803","null","null","null","97.5530","2405","6.1010",531370,606625,460026,474832,605412,446334,543063,452254,621453,457705,"54.3966","null","null","null","null","null","null","null",57,"1","4-Seam Fastball",3,1,1,3,1,3,1,3,"Standard","Standard"
"SL","2018-08-26","82.4","-1.2953","4.9840","Reyes Moronta",462101,606625,"null","called_strike",,,,,"4","null","R","R","R","SF","TEX","S","null","null",0,1,2018,"1.1303","0.1882","-0.3479","2.2099","null","null","null",0,8,"Top","null","null",,,460026,,"180826_221354","-0.0076","-120.0371","-0.2385","10.8906","20.2163","-30.5239","3.0206","1.2342","null","null","null","82.4640","2610","5.9800",531370,606625,460026,474832,605412,446334,543063,452254,621453,457705,"54.5175","null","null","null","null","null","null","null",56,"2","Slider",3,1,1,3,1,3,1,3,"Standard","Standard"
"SL","2018-08-26","80.8","-1.2805","5.0630","Reyes Moronta",462101,606625,"null","called_strike",,,,,"7","null","R","R","R","SF","TEX","S","null","null",0,0,2018,"1.2626","0.2190","-0.7492","1.8362","null","null","null",0,8,"Top","null","null",,,460026,,"180826_221335","-1.1713","-117.6800","-1.0101","11.8299","20.5006","-30.1986","3.0986","1.3132","null","null","null","80.6040","2555","5.9210",531370,606625,460026,474832,605412,446334,543063,452254,621453,457705,"54.5766","null","null","null","null","null","null","null",56,"1","Slider",3,1,1,3,1,3,1,3,"Standard","Standard"
"FF","2018-08-26","95.5","-2.3353","6.2891","Chris Martin",491676,455119,"null","ball",,,,,"1","null","R","R","R","SF","TEX","B","null","null",1,2,2018,"-0.2775","1.2081","-0.3186","3.4115","null","null","null",2,7,"Bot","null","null",,,643396,,"180826_220944","5.9822","-139.1252","-4.7754","-4.9023","28.9881","-15.4499","3.2945","1.6585","null","null","null","96.4580","2271","6.6140",531370,455119,643396,595777,596059,134181,462101,608336,624636,608577,"53.8836","null","null","null","null","null","null","null",55,"5","4-Seam Fastball",3,1,3,1,1,3,3,1,"Standard","Standard"
"FF","2018-08-26","95.6","-2.3429","6.2122","Chris Martin",491676,455119,"null","ball",,,,,"14","null","R","R","R","SF","TEX","B","null","null",0,2,2018,"-0.6327","1.2438","1.2293","2.3231","null","null","null",2,7,"Bot","null","null",,,643396,,"180826_220858","10.9142","-138.8599","-7.5387","-10.5181","27.6168","-14.4408","3.2945","1.5272","null","null","null","96.5430","2216","6.6760",531370,455119,643396,595777,596059,134181,462101,608336,624636,608577,"53.8213","null","null","null","null","null","null","null",55,"3","4-Seam Fastball",3,1,3,1,1,3,3,1,"Standard","Standard"
"FF","2018-08-26","96.5","-2.5928","6.3249","Chris Martin",621453,455119,"strikeout","called_strike",,,,,"7","Steven Duggar called out on strikes.  ","R","L","R","SF","TEX","S",2,"null",2,2,2018,"-0.4998","1.2652","-0.4515","1.7863","null","null","null",1,7,"Bot","null","null",,,643396,,"180826_220726","6.8072","-140.2568","-9.3954","-7.9683","27.6017","-13.7372","3.5577","1.7874","null","null","null","96.7760","2259","6.2210",531370,455119,643396,595777,596059,134181,462101,608336,624636,608577,"54.2768","null","null","0.00",1,0,0,"null",54,"5","4-Seam Fastball",3,1,3,1,1,3,3,1,"Standard","Standard"
"FF","2018-08-26","95.7","-2.6265","6.2096","Chris Martin",621453,455119,"null","called_strike",,,,,"13","null","R","L","R","SF","TEX","S","null","null",2,1,2018,"-0.7125","1.3834","-0.8583","1.5817","null","null","null",1,7,"Bot","null","null",,,643396,,"180826_220705","6.2847","-139.0966","-9.7744","-10.6166","28.1578","-12.2423","3.5577","1.7611","null","null","null","96.2350","2261","6.4400",531370,455119,643396,595777,596059,134181,462101,608336,624636,608577,"54.0575","null","null","null","null","null","null","null",54,"4","4-Seam Fastball",3,1,3,1,1,3,3,1,"Standard","Standard"
"FF","2018-08-26","94.8","-2.9162","6.1506","Chris Martin",621453,455119,"null","ball",,,,,"13","null","R","L","R","SF","TEX","B","null","null",1,1,2018,"-0.6806","1.3489","-1.6208","1.5398","null","null","null",1,7,"Bot","null","null",,,643396,,"180826_220644","4.8721","-137.7927","-9.3409","-9.6694","29.4211","-13.2936","3.6095","1.7874","null","null","null","94.5840","2246","6.1360",531370,455119,643396,595777,596059,134181,462101,608336,624636,608577,"54.3615","null","null","null","null","null","null","null",54,"3","4-Seam Fastball",3,1,3,1,1,3,3,1,"Standard","Standard"
"FF","2018-08-26","95.1","-2.6050","6.3795","Chris Martin",621453,455119,"null","called_strike",,,,,"7","null","R","L","R","SF","TEX","S","null","null",1,0,2018,"-0.5762","1.5372","-0.3509","2.1228","null","null","null",1,7,"Bot","null","null",,,643396,,"180826_220625","7.1645","-138.0609","-8.8897","-8.8943","29.8170","-10.8685","3.5319","1.7611","null","null","null","94.8560","2204","6.2080",531370,455119,643396,595777,596059,134181,462101,608336,624636,608577,"54.2897","null","null","null","null","null","null","null",54,"2","4-Seam Fastball",3,1,3,1,1,3,3,1,"Standard","Standard"
"FF","2018-08-26","94.6","-2.7536","6.2005","Chris Martin",621453,455119,"null","ball",,,,,"13","null","R","L","R","SF","TEX","B","null","null",0,0,2018,"-0.8083","1.6068","-0.2764","1.4907","null","null","null",1,7,"Bot","null","null",,,643396,,"180826_220606","8.2656","-137.1583","-10.1272","-12.1154","31.7609","-9.7679","3.5577","1.6562","null","null","null","94.3650","2291","6.4570",531370,455119,643396,595777,596059,134181,462101,608336,624636,608577,"54.0403","null","null","null","null","null","null","null",54,"1","4-Seam Fastball",3,1,3,1,1,3,3,1,"Standard","Standard"
"SI","2018-08-26","93.6","3.4274","5.1632","Tony Watson",596059,453265,"null","called_strike",,,,,"4","null","R","L","L","SF","TEX","S","null","null",1,0,2018,"1.1993","0.9803","-0.4047","2.6870","608336.00","643396.00","null",2,7,"Top","null","null",,,460026,,"180826_220040","-12.2930","-135.6451","-2.7200","17.0711","27.5369","-19.9350","3.2544","1.5803","null","null","null","92.5890","2456","5.7520",531370,453265,460026,474832,605412,446334,543063,452254,621453,457705,"54.7454","null","null","null","null","null","null","null",52,"2","Sinker",3,1,1,3,1,3,1,3,"Infield shift","Standard"
"SI","2018-08-26","93.0","3.5349","5.0639","Tony Watson",596059,453265,"null","ball",,,,,"13","null","R","L","L","SF","TEX","B","null","null",0,0,2018,"1.4309","0.7075","-1.1391","2.2379","608336.00","643396.00","null",2,7,"Top","null","null",,,460026,,"180826_220011","-14.8855","-134.6193","-2.9344","20.2561","27.4164","-23.2813","3.2544","1.4490","null","null","null","92.1530","2373","5.9330",531370,453265,460026,474832,605412,446334,543063,452254,621453,457705,"54.5640","null","null","null","null","null","null","null",52,"1","Sinker",3,1,1,3,1,3,1,3,"Infield shift","Standard"
"CH","2018-08-26","85.1","3.4783","4.9722","Tony Watson",455139,453265,"null","ball",,,,,"14","null","R","R","L","SF","TEX","B","null","null",1,2,2018,"1.7386","0.4557","1.2879","1.6351","608336.00","643396.00","null",1,7,"Top","null","null",,,460026,,"180826_215816","-8.4390","-123.5251","-2.3132","19.1321","26.2292","-27.4000","2.9567","1.3958","null","null","null","83.8300","2291","5.7390",531370,453265,460026,474832,605412,446334,543063,452254,621453,457705,"54.7581","null","null","null","null","null","null","null",51,"4","Changeup",3,1,1,3,1,3,1,3,"Standard","Standard"
"SI","2018-08-26","92.1","3.3665","5.1333","Tony Watson",455139,453265,"null","ball",,,,,"11","null","R","R","L","SF","TEX","B","null","null",0,0,2018,"1.2233","0.9618","-0.9980","2.6421","608336.00","643396.00","null",1,7,"Top","null","null",,,460026,,"180826_215644","-13.5235","-133.3573","-2.5021","17.1366","26.4168","-20.5293","2.9567","1.3169","null","null","null","91.3170","2404","5.9130",531370,453265,460026,474832,605412,446334,543063,452254,621453,457705,"54.5849","null","null","null","null","null","null","null",51,"1","Sinker",3,1,1,3,1,3,1,3,"Standard","Standard"
"CH","2018-08-26","81.8","2.9524","6.0557","Derek Holland",624636,502706,"null","ball",,,,,"14","null","R","R","L","SF","TEX","B","null","null",0,1,2018,"1.2161","1.2587","0.5033","1.2681","null","608336.00","643396.00",0,7,"Top","null","null",,,460026,,"180826_215320","-7.7540","-118.7821","-6.5764","12.7745","21.0018","-19.4275","3.4542","1.6562","null","null","null","81.3380","2124","5.9180",531370,502706,460026,474832,605412,446334,543063,452254,621453,457705,"54.5793","null","null","null","null","null","null","null",50,"2","Changeup",3,1,1,3,1,3,1,3,"Strategic","Strategic"
"CH","2018-08-26","82.2","2.9783","6.0074","Derek Holland",643396,502706,"null","ball",,,,,"14","null","R","R","L","SF","TEX","B","null","null",0,0,2018,"1.2454","0.9892","0.8955","1.5697","null","null","608336.00",0,7,"Top","null","null",,,460026,,"180826_215106","-6.9551","-119.4445","-5.3626","12.8909","20.3031","-22.1866","3.2104","1.5188","null","null","null","81.4390","2129","5.5880",531370,502706,460026,474832,605412,446334,543063,452254,621453,457705,"54.9091","null","null","null","null","null","null","null",49,"1","Changeup",3,1,1,3,1,3,1,3,"Standard","Standard"
"SL","2018-08-26","80.7","2.8875","6.0033","Derek Holland",608336,502706,"null","ball",,,,,"13","null","R","L","L","SF","TEX","B","null","null",0,1,2018,"0.0804","0.5056","-1.9587","1.5000","null","null","null",0,7,"Top","null","null",,,460026,,"180826_214923","-10.7574","-116.9211","-4.1866","2.7304","21.8380","-27.1049","3.7431","1.8791","null","null","null","79.5070","2265","5.6810",531370,502706,460026,474832,605412,446334,543063,452254,621453,457705,"54.8168","null","null","null","null","null","null","null",48,"2","Slider",3,1,1,3,1,3,1,3,"Infield shift","Strategic"
"SL","2018-08-26","81.0","2.9924","6.0664","Derek Holland",608336,502706,"null","called_strike",,,,,"7","null","R","L","L","SF","TEX","S","null","null",0,0,2018,"0.3230","0.2979","-0.3401","2.3771","null","null","null",0,7,"Top","null","null",,,460026,,"180826_214908","-7.9063","-117.6318","-2.0978","4.4271","22.5505","-29.3466","3.8464","1.9315","null","null","null","79.6930","2339","5.5170",531370,502706,460026,474832,605412,446334,543063,452254,621453,457705,"54.9800","null","null","null","null","null","null","null",48,"1","Slider",3,1,1,3,1,3,1,3,"Infield shift","Strategic"
"CH","2018-08-26","74.2","3.4193","4.6254","Alex Claudio",452254,592222,"null","called_strike",,,,,"8","null","R","R","L","SF","TEX","S","null","null",0,0,2018,"1.7988","-0.0910","0.2309","1.9684","null","null","null",2,6,"Bot","null","null",,,643396,,"180826_214606","-9.4619","-107.4221","2.0216","15.3149","19.1944","-33.4758","3.3807","1.6154","null","null","null","73.0660","2250","5.7870",531370,592222,643396,595777,596059,134181,462101,608336,624636,608577,"54.7102","null","null","null","null","null","null","null",47,"1","Changeup",3,1,3,1,1,3,3,1,"Standard","Strategic"
"SL","2018-08-26","74.4","3.6487","4.5426","Alex Claudio",543063,592222,"null","called_strike",,,,,"9","null","R","L","L","SF","TEX","S","null","null",0,0,2018,"-0.7435","0.2410","0.8120","2.0419","null","null","null",1,6,"Bot","null","null",,,643396,,"180826_214428","-4.4637","-107.9976","1.6993","-4.7515","19.6936","-30.9689","3.4023","1.6562","null","null","null","72.5940","2170","5.1580",531370,592222,643396,595777,596059,134181,462101,608336,624636,608577,"55.3397","null","null","null","null","null","null","null",46,"1","Slider",3,1,3,1,1,3,3,1,"Standard","Strategic"
"SI","2018-08-26","85.9","3.5691","4.4095","Alex Claudio",474832,592222,"null","called_strike",,,,,"7","null","R","L","L","SF","TEX","S","null","null",0,0,2018,"1.6392","-0.6403","-0.7594","2.0523","null","null","null",0,6,"Bot","null","null",,,643396,,"180826_214330","-13.2257","-124.2167","1.9835","19.2338","25.5635","-39.2915","3.3288","1.6942","null","null","null","84.2520","1961","5.6200",531370,592222,643396,595777,596059,134181,462101,608336,624636,608577,"54.8769","null","null","null","null","null","null","null",45,"1","Sinker",3,1,3,1,1,3,3,1,"Infield shift","Standard"
"SL","2018-08-26","81.7","3.0182","5.9282","Derek Holland",608577,502706,"null","ball",,,,,"13","null","R","L","L","SF","TEX","B","null","null",0,0,2018,"0.2660","0.1424","-0.5750","1.1188","null","null","null",2,6,"Top","null","null",,,460026,,"180826_213645","-8.4936","-118.6726","-4.5285","3.9173","20.0118","-30.2956","3.5361","1.6679","null","null","null","81.1890","2351","5.7750",531370,502706,460026,474832,605412,446334,543063,452254,621453,457705,"54.7225","null","null","null","null","null","null","null",43,"1","Slider",3,1,1,3,1,3,1,3,"Standard","Standard"
"SL","2018-08-26","82.9","3.2150","5.9608","Derek Holland",134181,502706,"null","ball",,,,,"13","null","R","R","L","SF","TEX","B","null","null",1,2,2018,"0.1261","0.2303","-0.9863","1.3056","null","null","null",1,6,"Top","null","null",,,460026,,"180826_213537","-9.6720","-120.2424","-4.5307","2.9284","21.5319","-29.4138","3.5654","1.6066","null","null","null","81.7970","2398","5.5520",531370,502706,460026,474832,605412,446334,543063,452254,621453,457705,"54.9454","null","null","null","null","null","null","null",42,"4","Slider",3,1,1,3,1,3,1,3,"Standard","Standard"
"SL","2018-08-26","80.7","3.1388","5.9484","Derek Holland",134181,502706,"null","called_strike",,,,,"7","null","R","R","L","SF","TEX","S","null","null",1,1,2018,"-0.0300","0.7325","-0.2976","1.9131","null","null","null",1,6,"Top","null","null",,,460026,,"180826_213520","-7.4507","-117.0279","-3.5245","1.2341","23.5617","-25.2380","3.5913","1.5803","null","null","null","79.0710","2311","5.4940",531370,502706,460026,474832,605412,446334,543063,452254,621453,457705,"55.0033","null","null","null","null","null","null","null",42,"3","Slider",3,1,1,3,1,3,1,3,"Standard","Standard"
"SI","2018-08-26","92.0","3.0498","5.9153","Derek Holland",134181,502706,"null","ball",,,,,"12","null","R","R","L","SF","TEX","B","null","null",0,1,2018,"1.3306","0.7944","0.8700","4.2052","null","null","null",1,6,"Top","null","null",,,460026,,"180826_213503","-8.2872","-133.7491","-0.2213","17.4530","26.6805","-22.9171","3.5654","1.5803","null","null","null","91.5290","2356","5.8870",531370,502706,460026,474832,605412,446334,543063,452254,621453,457705,"54.6107","null","null","null","null","null","null","null",42,"2","Sinker",3,1,1,3,1,3,1,3,"Standard","Standard"
"CH","2018-08-26","83.0","2.9410","5.9839","Derek Holland",134181,502706,"null","called_strike",,,,,"14","null","R","R","L","SF","TEX","S","null","null",0,0,2018,"1.1338","1.3691","0.8368","1.7525","null","null","null",1,6,"Top","null","null",,,460026,,"180826_213445","-6.9190","-120.6147","-5.7962","12.1889","22.2171","-18.1553","3.4618","1.5541","null","null","null","82.4010","2119","5.8420",531370,502706,460026,474832,605412,446334,543063,452254,621453,457705,"54.6554","null","null","null","null","null","null","null",42,"1","Changeup",3,1,1,3,1,3,1,3,"Standard","Standard"
"SI","2018-08-26","93.5","3.0389","5.8871","Derek Holland",462101,502706,"null","ball",,,,,"12","null","R","R","L","SF","TEX","B","null","null",1,2,2018,"1.4890","0.6127","1.4014","3.7162","null","null","null",0,6,"Top","null","null",,,460026,,"180826_213238","-7.4004","-136.0113","-1.1998","19.8364","28.2156","-24.6160","3.1766","1.4447","null","null","null","93.1190","2339","5.9590",531370,502706,460026,474832,605412,446334,543063,452254,621453,457705,"54.5387","null","null","null","null","null","null","null",41,"4","Sinker",3,1,1,3,1,3,1,3,"Standard","Standard"
"SI","2018-08-26","92.2","2.9090","5.9420","Derek Holland",462101,502706,"null","ball",,,,,"12","null","R","R","L","SF","TEX","B","null","null",0,1,2018,"1.1617","0.8634","1.1029","2.7536","null","null","null",0,6,"Top","null","null",,,460026,,"180826_213200","-6.9884","-133.9789","-4.1002","15.2067","26.8349","-21.3157","3.3064","1.5761","null","null","null","91.5660","2414","5.8190",531370,502706,460026,474832,605412,446334,543063,452254,621453,457705,"54.6783","null","null","null","null","null","null","null",41,"2","Sinker",3,1,1,3,1,3,1,3,"Standard","Standard"
"FF","2018-08-26","93.2","-0.8611","6.0907","Yovani Gallardo",446334,451596,"null","ball",,,,,"14","null","R","R","R","SF","TEX","B","null","null",0,1,2018,"-0.5982","1.5986","1.2681","1.5622","null","null","null",2,5,"Bot","null","null",,,643396,,"180826_212901","6.7482","-135.2376","-9.2405","-8.8602","32.2396","-10.8365","3.6054","1.6323","null","null","null","92.4450","2192","6.2050",531370,451596,643396,595777,596059,134181,462101,608336,624636,608577,"54.2922","null","null","null","null","null","null","null",40,"2","4-Seam Fastball",3,1,3,1,1,3,3,1,"Standard","Strategic"
"FT","2018-08-26","93.5","-1.0212","6.1332","Yovani Gallardo",446334,451596,"null","called_strike",,,,,"9","null","R","R","R","SF","TEX","S","null","null",0,0,2018,"-0.7380","1.4004","0.7678","2.2355","null","null","null",2,5,"Bot","null","null",,,643396,,"180826_212846","6.1928","-135.8492","-7.2843","-10.4473","31.0459","-13.6056","3.7088","1.6323","null","null","null","92.9010","2009","6.1140",531370,451596,643396,595777,596059,134181,462101,608336,624636,608577,"54.3835","null","null","null","null","null","null","null",40,"1","2-Seam Fastball",3,1,3,1,1,3,3,1,"Standard","Strategic"
"CH","2018-08-26","85.5","-1.4159","6.2774","Yovani Gallardo",605412,451596,"null","ball",,,,,"13","null","R","L","R","SF","TEX","B","null","null",0,0,2018,"-1.3894","0.7855","-1.0692","1.1369","null","null","457705.00",0,5,"Bot","null","null",,,643396,,"180826_212710","3.4962","-124.2547","-7.3165","-14.7842","22.9332","-23.0592","3.3464","1.6323","null","null","null","84.7210","1990","5.6750",531370,451596,643396,595777,596059,134181,462101,608336,624636,608577,"54.8220","null","null","null","null","null","null","null",39,"1","Changeup",3,1,3,1,1,3,3,1,"Standard","Strategic"
"FF","2018-08-26","92.7","-0.9144","6.0509","Yovani Gallardo",457705,451596,"walk","ball",,,,,"14","Andrew McCutchen walks.  ","R","R","R","SF","TEX","B","null","null",3,2,2018,"-0.0773","1.5179","1.5285","1.3973","null","null","null",0,5,"Bot","null","null",,,643396,,"180826_212611","6.4168","-134.6901","-9.4568","-2.2112","26.4850","-11.8604","3.4618","1.6591","null","null","null","93.1340","2084","6.4150",531370,451596,643396,595777,596059,134181,462101,608336,624636,608577,"54.0821","null","null","0.70",1,0,0,"null",38,"6","4-Seam Fastball",3,1,3,1,1,3,3,1,"Infield shift","Standard"
"FT","2018-08-26","91.1","-1.1030","6.2027","Yovani Gallardo",457705,451596,"null","called_strike",,,,,"6","null","R","R","R","SF","TEX","S","null","null",3,1,2018,"-0.8098","1.0288","0.6972","2.6292","null","null","null",0,5,"Bot","null","null",,,643396,,"180826_212556","6.1435","-132.4801","-5.2432","-10.5559","24.4840","-19.4505","3.4877","1.5803","null","null","null","90.6020","2030","5.7190",531370,451596,643396,595777,596059,134181,462101,608336,624636,608577,"54.7782","null","null","null","null","null","null","null",38,"5","2-Seam Fastball",3,1,3,1,1,3,3,1,"Infield shift","Standard"
"FT","2018-08-26","92.9","-1.0614","6.1922","Yovani Gallardo",457705,451596,"null","ball",,,,,"3","null","R","R","R","SF","TEX","B","null","null",2,1,2018,"-0.8333","1.2191","0.8073","3.1326","null","null","null",0,5,"Bot","null","null",,,643396,,"180826_212541","6.4770","-135.0490","-4.6572","-11.2793","25.5119","-16.7994","3.4877","1.5541","null","null","null","92.2760","2020","5.6750",531370,451596,643396,595777,596059,134181,462101,608336,624636,608577,"54.8228","null","null","null","null","null","null","null",38,"4","2-Seam Fastball",3,1,3,1,1,3,3,1,"Infield shift","Standard"
"FT","2018-08-26","91.4","-1.3172","6.0847","Yovani Gallardo",457705,451596,"null","ball",,,,,"13","null","R","R","R","SF","TEX","B","null","null",1,1,2018,"-1.0679","1.1742","-0.8400","1.4152","null","null","null",0,5,"Bot","null","null",,,643396,,"180826_212522","3.4007","-132.7245","-8.2096","-13.0590","29.2170","-17.0868","3.5395","1.6066","null","null","null","90.1340","1987","5.6920",531370,451596,643396,595777,596059,134181,462101,608336,624636,608577,"54.8054","null","null","null","null","null","null","null",38,"3","2-Seam Fastball",3,1,3,1,1,3,3,1,"Infield shift","Standard"
"SL","2018-08-26","88.3","-1.4258","6.1935","Yovani Gallardo",457705,451596,"null","ball",,,,,"14","null","R","R","R","SF","TEX","B","null","null",0,1,2018,"0.3080","0.6639","0.9064","2.1239","null","null","null",0,5,"Bot","null","null",,,643396,,"180826_212504","4.9815","-128.4805","-5.1463","2.4097","23.8873","-24.2599","3.5395","1.6066","null","null","null","87.3930","2273","5.4890",531370,451596,643396,595777,596059,134181,462101,608336,624636,608577,"55.0083","null","null","null","null","null","null","null",38,"2","Slider",3,1,3,1,1,3,3,1,"Infield shift","Standard"
"FF","2018-08-26","91.9","-0.9646","6.1704","Yovani Gallardo",457705,451596,"null","called_strike",,,,,"9","null","R","R","R","SF","TEX","S","null","null",0,0,2018,"-0.4330","1.4152","0.5820","2.1297","null","null","null",0,5,"Bot","null","null",,,643396,,"180826_212451","4.8405","-133.7467","-7.5076","-6.1095","24.3166","-13.9072","3.5136","1.6329","null","null","null","92.3500","2027","6.2000",531370,451596,643396,595777,596059,134181,462101,608336,624636,608577,"54.2975","null","null","null","null","null","null","null",38,"1","4-Seam Fastball",3,1,3,1,1,3,3,1,"Infield shift","Standard"
"KC","2018-08-26","78.8","2.8131","6.1940","Derek Holland",451596,502706,"null","ball",,,,,"13","null","R","R","L","SF","TEX","B","null","null",0,0,2018,"-0.0898","0.1316","-1.0687","1.3765","null","null","624636.00",1,5,"Top","null","null",,,460026,,"180826_212052","-8.0968","-114.3805","-3.8332","0.6065","19.3633","-30.6521","3.4283","1.6300","null","null","null","77.4540","2021","5.2840",531370,502706,460026,474832,605412,446334,543063,452254,621453,457705,"55.2139","null","null","null","null","null","null","null",36,"1","Knuckle Curve",3,1,1,3,1,3,1,3,"Strategic","Standard"
"SI","2018-08-26","91.1","2.9855","6.0413","Derek Holland",624636,502706,"walk","ball",,,,,"12","Carlos Tocci walks.  ","R","R","L","SF","TEX","B","null","null",3,0,2018,"1.1548","1.3304","0.3033","3.9854","null","null","null",1,5,"Top","null","null",,,460026,,"180826_212001","-9.1770","-132.5012","-2.1694","15.3597","24.3448","-16.2135","3.1948","1.3672","null","null","null","91.4400","2450","6.2070",531370,502706,460026,474832,605412,446334,543063,452254,621453,457705,"54.2900","null","null","0.70",1,0,0,"null",35,"4","Sinker",3,1,1,3,1,3,1,3,"Standard","Standard"
"SI","2018-08-26","91.0","2.9161","5.9850","Derek Holland",624636,502706,"null","ball",,,,,"4","null","R","R","L","SF","TEX","B","null","null",2,0,2018,"1.3629","0.6914","-0.7994","2.1570","null","null","null",1,5,"Top","null","null",,,460026,,"180826_211941","-12.1654","-132.0189","-5.1587","18.3266","25.7861","-23.2780","3.3246","1.5249","null","null","null","90.8910","2262","6.2030",531370,502706,460026,474832,605412,446334,543063,452254,621453,457705,"54.2940","null","null","null","null","null","null","null",35,"3","Sinker",3,1,1,3,1,3,1,3,"Standard","Standard"
"SI","2018-08-26","91.3","3.0174","6.0446","Derek Holland",624636,502706,"null","ball",,,,,"11","null","R","R","L","SF","TEX","B","null","null",1,0,2018,"0.9521","1.3999","-1.2843","2.9046","null","null","null",1,5,"Top","null","null",,,460026,,"180826_211924","-12.6759","-132.1200","-4.8302","13.7626","29.4287","-15.2618","3.1948","1.3672","null","null","null","89.9950","2419","5.8990",531370,502706,460026,474832,605412,446334,543063,452254,621453,457705,"54.5980","null","null","null","null","null","null","null",35,"2","Sinker",3,1,1,3,1,3,1,3,"Standard","Standard"
"SI","2018-08-26","91.2","2.8969","5.9950","Derek Holland",624636,502706,"null","ball",,,,,"12","null","R","R","L","SF","TEX","B","null","null",0,0,2018,"1.3167","0.6690","0.4286","3.6670","null","null","null",1,5,"Top","null","null",,,460026,,"180826_211911","-8.9434","-132.4635","-1.3290","17.2763","29.5918","-24.3553","3.2467","1.3409","null","null","null","90.4520","2315","6.0380",531370,502706,460026,474832,605412,446334,543063,452254,621453,457705,"54.4597","null","null","null","null","null","null","null",35,"1","Sinker",3,1,1,3,1,3,1,3,"Strategic","Standard"
"SI","2018-08-26","91.3","3.0038","6.0488","Derek Holland",643396,502706,"null","ball",,,,,"12","null","R","R","L","SF","TEX","B","null","null",1,1,2018,"1.5690","0.6422","1.3449","4.2101","null","null","null",0,5,"Top","null","null",,,460026,,"180826_211824","-7.4723","-132.7191","-0.1120","19.9489","27.7613","-24.8496","3.1845","1.4137","null","null","null","90.9200","2278","6.0620",531370,502706,460026,474832,605412,446334,543063,452254,621453,457705,"54.4352","null","null","null","null","null","null","null",34,"3","Sinker",3,1,1,3,1,3,1,3,"Standard","Standard"
"KC","2018-08-26","77.9","2.8831","6.1941","Derek Holland",643396,502706,"null","called_strike",,,,,"2","null","R","R","L","SF","TEX","S","null","null",1,0,2018,"0.0173","0.2594","0.0952","2.9704","null","null","null",0,5,"Top","null","null",,,460026,,"180826_211810","-5.8984","-113.2020","-0.4722","1.2160","20.5762","-30.2033","3.1845","1.4137","null","null","null","76.4460","2090","5.3030",531370,502706,460026,474832,605412,446334,543063,452254,621453,457705,"55.1944","null","null","null","null","null","null","null",34,"2","Knuckle Curve",3,1,1,3,1,3,1,3,"Standard","Standard"
"SI","2018-08-26","90.8","2.8582","6.0615","Derek Holland",643396,502706,"null","ball",,,,,"11","null","R","R","L","SF","TEX","B","null","null",0,0,2018,"0.8479","1.4149","-0.1989","4.3572","null","null","null",0,5,"Top","null","null",,,460026,,"180826_211758","-9.4231","-131.9037","-1.3772","11.7516","25.8552","-15.5802","3.3402","1.4137","null","null","null","90.8060","2242","6.2090",531370,502706,460026,474832,605412,446334,543063,452254,621453,457705,"54.2883","null","null","null","null","null","null","null",34,"1","Sinker",3,1,1,3,1,3,1,3,"Standard","Standard"
"FF","2018-08-26","93.7","-0.9896","6.0246","Yovani Gallardo",621453,451596,"null","ball",,,,,"14","null","R","L","R","SF","TEX","B","null","null",1,1,2018,"-0.4709","1.4784","0.0025","0.8123","null","452254.00","460026.00",2,4,"Bot","null","null",,,643396,,"180826_211244","3.6013","-136.0536","-10.9934","-6.6255","28.2825","-11.6404","3.5836","1.7087","null","null","null","93.8610","2163","6.3830",531370,451596,643396,595777,596059,134181,462101,608336,624636,608577,"54.1144","null","null","null","null","null","null","null",32,"3","4-Seam Fastball",1,1,1,1,1,1,1,1,"Standard","Standard"
"CH","2018-08-26","86.9","-1.5445","6.2352","Yovani Gallardo",621453,451596,"null","ball",,,,,"13","null","R","L","R","SF","TEX","B","null","null",0,0,2018,"-1.0281","0.8238","-1.0370","1.1677","null","452254.00","460026.00",2,4,"Bot","null","null",,,643396,,"180826_211151","3.2316","-126.2836","-7.5270","-11.4279","24.6748","-22.2888","3.5577","1.7611","null","null","null","86.0560","1803","5.7290",531370,451596,643396,595777,596059,134181,462101,608336,624636,608577,"54.7684","null","null","null","null","null","null","null",32,"1","Changeup",1,1,1,1,1,1,1,1,"Standard","Standard"
"FT","2018-08-26","92.8","-0.9685","6.1220","Yovani Gallardo",460026,451596,"walk","ball",,,,,"13","Nick Hundley walks.   Hunter Pence to 2nd.  ","R","R","R","SF","TEX","B","null","null",3,2,2018,"-0.9413","1.2316","-0.4331","1.0026","null","null","452254.00",2,4,"Bot","null","null",,,643396,,"180826_211041","3.3784","-134.7488","-9.8983","-12.0793","28.0348","-15.4504","3.3064","1.5498","null","null","null","92.3400","2005","6.0360",531370,451596,643396,595777,596059,134181,462101,608336,624636,608577,"54.4614","null","null","0.70",1,0,0,"null",31,"6","2-Seam Fastball",1,1,1,1,1,1,1,1,"Standard","Standard"
"SL","2018-08-26","90.1","-1.0973","6.1574","Yovani Gallardo",460026,451596,"null","ball",,,,,"14","null","R","R","R","SF","TEX","B","null","null",1,2,2018,"0.3895","0.7700","1.3715","1.4234","null","null","452254.00",2,4,"Bot","null","null",,,643396,,"180826_210946","5.2914","-131.2551","-7.5350","3.7402","19.6213","-22.2555","3.3323","1.5498","null","null","null","90.6760","2173","5.9330",531370,451596,643396,595777,596059,134181,462101,608336,624636,608577,"54.5646","null","null","null","null","null","null","null",31,"4","Slider",1,1,1,1,1,1,1,1,"Standard","Standard"
"FT","2018-08-26","93.3","-1.3534","6.1740","Yovani Gallardo",543063,451596,"null","ball",,,,,"13","null","R","L","R","SF","TEX","B","null","null",0,1,2018,"-0.8637","1.2572","-1.1717","1.9055","null","null","null",1,4,"Bot","null","null",,,643396,,"180826_210600","2.3025","-135.7314","-7.8952","-10.9983","27.3187","-15.4724","3.4023","1.6825","null","null","null","92.7640","1990","5.8030",531370,451596,643396,595777,596059,134181,462101,608336,624636,608577,"54.6949","null","null","null","null","null","null","null",29,"2","2-Seam Fastball",1,1,1,1,1,1,1,1,"Standard","Standard"
"FT","2018-08-26","91.0","-1.3362","6.2205","Yovani Gallardo",543063,451596,"null","called_strike",,,,,"8","null","R","L","R","SF","TEX","S","null","null",0,0,2018,"-0.8712","1.3800","0.1364","1.6896","null","null","null",1,4,"Bot","null","null",,,643396,,"180826_210543","5.4688","-132.1837","-8.2826","-11.1826","27.0937","-14.7712","3.4304","1.6848","null","null","null","90.2500","1986","5.8410",531370,451596,643396,595777,596059,134181,462101,608336,624636,608577,"54.6566","null","null","null","null","null","null","null",29,"1","2-Seam Fastball",1,1,1,1,1,1,1,1,"Standard","Standard"
"SI","2018-08-26","93.7","2.8436","5.9264","Derek Holland",608336,502706,"strikeout","called_strike",,,,,"8","Joey Gallo called out on strikes.  ","R","L","L","SF","TEX","S",2,"null",2,2,2018,"1.4306","0.9537","-0.0675","2.3135","null","null","null",2,4,"Top","null","null",,,460026,,"180826_210243","-10.4839","-135.9277","-5.6302","19.5822","26.0398","-19.5909","3.8227","1.9076","null","null","null","93.1070","2435","5.8270",531370,502706,460026,474832,605412,446334,543063,452254,621453,457705,"54.6709","null","null","0.00",1,0,0,"null",27,"5","Sinker",1,1,1,1,1,1,1,1,"Infield shift","Strategic"
"SI","2018-08-26","94.7","2.6931","5.9840","Derek Holland",608336,502706,"null","ball",,,,,"13","null","R","L","L","SF","TEX","B","null","null",1,2,2018,"1.2241","1.2138","-1.0404","2.8673","null","null","null",2,4,"Top","null","null",,,460026,,"180826_210223","-12.4714","-137.4979","-5.2353","18.0326","25.1625","-15.7736","3.8744","1.9337","null","null","null","95.3420","2486","6.3930",531370,502706,460026,474832,605412,446334,543063,452254,621453,457705,"54.1044","null","null","null","null","null","null","null",27,"4","Sinker",1,1,1,1,1,1,1,1,"Infield shift","Strategic"
"SI","2018-08-26","94.3","2.9136","5.9634","Derek Holland",608336,502706,"null","ball",,,,,"11","null","R","L","L","SF","TEX","B","null","null",0,2,2018,"1.2420","1.3458","-0.2638","4.5816","null","null","null",2,4,"Top","null","null",,,460026,,"180826_210205","-10.8092","-136.9014","-0.8112","17.5953","28.5477","-15.6150","3.9002","1.9599","null","null","null","93.3340","2567","5.7210",531370,502706,460026,474832,605412,446334,543063,452254,621453,457705,"54.7760","null","null","null","null","null","null","null",27,"3","Sinker",1,1,1,1,1,1,1,1,"Infield shift","Strategic"
"SI","2018-08-26","92.8","2.9089","6.0229","Derek Holland",608336,502706,"null","called_strike",,,,,"9","null","R","L","L","SF","TEX","S","null","null",0,1,2018,"1.4416","0.9624","0.5049","2.1046","null","null","null",2,4,"Top","null","null",,,460026,,"180826_210150","-9.2141","-134.8174","-6.3268","19.3366","25.8985","-19.4330","3.9259","2.0907","null","null","null","92.7490","2484","6.0880",531370,502706,460026,474832,605412,446334,543063,452254,621453,457705,"54.4096","null","null","null","null","null","null","null",27,"2","Sinker",1,1,1,1,1,1,1,1,"Infield shift","Strategic"
"SI","2018-08-26","91.5","2.9023","6.1124","Derek Holland",595777,502706,"null","called_strike",,,,,"3","null","R","R","L","SF","TEX","S","null","null",0,0,2018,"1.1134","1.3209","0.4730","2.7524","null","null","null",1,4,"Top","null","null",,,460026,,"180826_210019","-8.4228","-132.8489","-5.3563","14.7941","27.7527","-15.8200","3.2826","1.5258","null","null","null","90.8700","2492","5.9730",531370,502706,460026,474832,605412,446334,543063,452254,621453,457705,"54.5243","null","null","null","null","null","null","null",26,"1","Sinker",1,1,1,1,1,1,1,1,"Standard","Standard"
"FT","2018-08-26","93.4","-0.9306","6.1792","Yovani Gallardo",446334,451596,"null","called_strike",,,,,"7","null","R","R","R","SF","TEX","S","null","null",0,0,2018,"-0.7874","1.1784","-0.6634","1.6937","null","null","457705.00",2,3,"Bot","null","null",,,643396,,"180826_205654","2.3841","-135.7811","-8.3169","-10.1564","28.7002","-16.1931","3.6593","1.6608","null","null","null","92.9970","2010","6.0230",531370,451596,643396,595777,596059,134181,462101,608336,624636,608577,"54.4743","null","null","null","null","null","null","null",24,"1","2-Seam Fastball",1,1,1,1,1,1,1,1,"Strategic","Standard"
"FF","2018-08-26","92.8","-0.9666","6.1630","Yovani Gallardo",605412,451596,"strikeout","called_strike",,,,,"8","Joe Panik called out on strikes.  ","R","L","R","SF","TEX","S",2,"null",1,2,2018,"-0.3971","1.5794","-0.1595","1.6623","null","null","457705.00",1,3,"Bot","null","null",,,643396,,"180826_205621","2.9146","-135.0158","-9.1843","-5.4166","25.5399","-11.2808","3.3485","1.5558","null","null","null","93.0120","2147","6.1300",531370,451596,643396,595777,596059,134181,462101,608336,624636,608577,"54.3674","null","null","0.00",1,0,0,"null",23,"4","4-Seam Fastball",1,1,1,1,1,1,1,1,"Standard","Standard"
"FF","2018-08-26","92.9","-1.0854","6.1887","Yovani Gallardo",605412,451596,"null","ball",,,,,"13","null","R","L","R","SF","TEX","B","null","null",0,2,2018,"-0.3349","1.6535","-1.2463","2.3719","null","null","457705.00",1,3,"Bot","null","null",,,643396,,"180826_205559","0.3087","-135.2004","-7.5737","-4.1459","26.7319","-10.7177","3.4004","1.5033","null","null","null","92.7830","2112","6.0030",531370,451596,643396,595777,596059,134181,462101,608336,624636,608577,"54.4945","null","null","null","null","null","null","null",23,"3","4-Seam Fastball",1,1,1,1,1,1,1,1,"Standard","Standard"
"SL","2018-08-26","88.9","-1.0450","6.2785","Yovani Gallardo",605412,451596,"null","called_strike",,,,,"3","null","R","L","R","SF","TEX","S","null","null",0,0,2018,"0.1211","0.5880","0.6245","2.7413","null","null","457705.00",1,3,"Bot","null","null",,,643396,,"180826_205452","3.7989","-129.4249","-3.8307","0.5977","25.0931","-25.1873","3.1929","1.6083","null","null","null","88.1420","2156","5.6270",531370,451596,643396,595777,596059,134181,462101,608336,624636,608577,"54.8704","null","null","null","null","null","null","null",23,"1","Slider",1,1,1,1,1,1,1,1,"Standard","Standard"
"FF","2018-08-26","92.7","-1.0092","6.1500","Yovani Gallardo",457705,451596,"walk","ball",,,,,"14","Andrew McCutchen walks.  ","R","R","R","SF","TEX","B","null","null",3,1,2018,"-0.1289","1.5842","1.2637","1.6130","null","null","null",1,3,"Bot","null","null",,,643396,,"180826_205416","6.0448","-134.6706","-9.2108","-2.6879","24.9737","-11.4017","3.5158","1.6089","null","null","null","92.6520","2080","6.0250",531370,451596,643396,595777,596059,134181,462101,608336,624636,608577,"54.4723","null","null","0.70",1,0,0,"null",22,"5","4-Seam Fastball",1,1,1,1,1,1,1,1,"Infield shift","Standard"
"CH","2018-08-26","85.7","-1.4400","6.3047","Yovani Gallardo",457705,451596,"null","ball",,,,,"13","null","R","R","R","SF","TEX","B","null","null",2,1,2018,"-1.1521","0.9737","-0.1239","0.0284","null","null","null",1,3,"Bot","null","null",,,643396,,"180826_205354","5.2962","-124.3153","-10.3686","-12.7096","21.6288","-20.6233","3.5158","1.5564","null","null","null","84.9680","1821","5.6920",531370,451596,643396,595777,596059,134181,462101,608336,624636,608577,"54.8052","null","null","null","null","null","null","null",22,"4","Changeup",1,1,1,1,1,1,1,1,"Infield shift","Standard"
"SL","2018-08-26","89.4","-1.1868","6.2563","Yovani Gallardo",457705,451596,"null","ball",,,,,"14","null","R","R","R","SF","TEX","B","null","null",1,1,2018,"0.3248","0.8946","0.8433","1.1209","null","null","null",1,3,"Bot","null","null",,,643396,,"180826_205338","4.2834","-129.8830","-8.3803","2.7120","27.0017","-20.7530","3.5676","1.6089","null","null","null","88.4280","2268","5.7530",531370,451596,643396,595777,596059,134181,462101,608336,624636,608577,"54.7449","null","null","null","null","null","null","null",22,"3","Slider",1,1,1,1,1,1,1,1,"Infield shift","Standard"
"CH","2018-08-26","85.4","-1.4316","6.2343","Yovani Gallardo",457705,451596,"null","ball",,,,,"11","null","R","R","R","SF","TEX","B","null","null",0,1,2018,"-1.3981","1.0657","-1.3381","3.0968","null","null","null",1,3,"Bot","null","null",,,643396,,"180826_205323","2.9252","-124.2603","-3.1641","-14.7375","24.4384","-21.0022","3.5158","1.6089","null","null","null","84.5050","1839","5.6650",531370,451596,643396,595777,596059,134181,462101,608336,624636,608577,"54.8326","null","null","null","null","null","null","null",22,"2","Changeup",1,1,1,1,1,1,1,1,"Infield shift","Standard"
"FF","2018-08-26","91.4","-1.2303","6.2687","Yovani Gallardo",457705,451596,"null","called_strike",,,,,"5","null","R","R","R","SF","TEX","S","null","null",0,0,2018,"-0.5277","1.5462","-0.1681","2.2726","null","null","null",1,3,"Bot","null","null",,,643396,,"180826_205307","3.7553","-132.8348","-7.3833","-6.9405","28.1548","-12.8420","3.3863","1.5826","null","null","null","90.6150","2103","5.8550",531370,451596,643396,595777,596059,134181,462101,608336,624636,608577,"54.6424","null","null","null","null","null","null","null",22,"1","4-Seam Fastball",1,1,1,1,1,1,1,1,"Infield shift","Standard"
"FF","2018-08-26","90.6","-1.3410","6.3834","Yovani Gallardo",502706,451596,"null","called_strike",,,,,"6","null","R","L","R","SF","TEX","S","null","null",0,0,2018,"-0.3959","1.6296","0.3945","3.0092","null","null","null",0,3,"Bot","null","null",,,643396,,"180826_205210","5.0880","-131.7582","-5.8559","-5.5031","25.2343","-12.6370","3.6117","1.9206","null","null","null","89.8310","2098","5.6280",531370,451596,643396,595777,596059,134181,462101,608336,624636,608577,"54.8699","null","null","null","null","null","null","null",21,"1","4-Seam Fastball",1,1,1,1,1,1,1,1,"Standard","Standard"
"SI","2018-08-26","91.4","2.7954","5.9139","Derek Holland",134181,502706,"null","ball",,,,,"12","null","R","R","L","SF","TEX","B","null","null",2,1,2018,"1.2807","0.9062","1.1431","2.6507","null","462101.00","null",2,3,"Top","null","null",,,460026,,"180826_204857","-6.8241","-132.8465","-4.2601","16.3897","26.5042","-20.9094","3.4899","1.6089","null","null","null","90.9880","2346","5.9480",531370,502706,460026,474832,605412,446334,543063,452254,621453,457705,"54.5493","null","null","null","null","null","null","null",20,"4","Sinker",1,1,1,1,1,1,1,1,"Standard","Standard"
"SI","2018-08-26","92.2","2.8185","6.1094","Derek Holland",134181,502706,"null","ball",,,,,"1","null","R","R","L","SF","TEX","B","null","null",1,1,2018,"1.2258","1.2136","-0.6995","3.3172","null","462101.00","null",2,3,"Top","null","null",,,460026,,"180826_204832","-11.3938","-133.8062","-3.8370","16.7104","25.3284","-17.2539","3.5676","1.6089","null","null","null","91.5300","2544","5.7590",531370,502706,460026,474832,605412,446334,543063,452254,621453,457705,"54.7387","null","null","null","null","null","null","null",20,"3","Sinker",1,1,1,1,1,1,1,1,"Standard","Standard"
"SL","2018-08-26","82.2","3.0769","5.9488","Derek Holland",134181,502706,"null","ball",,,,,"13","null","R","R","L","SF","TEX","B","null","null",0,1,2018,"-0.0492","0.2803","-2.6415","1.4133","null","462101.00","null",2,3,"Top","null","null",,,460026,,"180826_204808","-12.5969","-118.9342","-4.1109","1.9777","22.9443","-29.0625","3.5934","1.6351","null","null","null","80.5280","2411","5.4740",531370,502706,460026,474832,605412,446334,543063,452254,621453,457705,"55.0239","null","null","null","null","null","null","null",20,"2","Slider",1,1,1,1,1,1,1,1,"Standard","Standard"
"SI","2018-08-26","91.8","2.8949","6.0409","Derek Holland",134181,502706,"null","called_strike",,,,,"4","null","R","R","L","SF","TEX","S","null","null",0,0,2018,"1.1205","1.4017","-0.4214","2.5072","null","462101.00","null",2,3,"Top","null","null",,,460026,,"180826_204737","-10.6172","-133.1451","-5.9938","15.2064","25.7591","-14.7823","3.3863","1.6089","null","null","null","91.0020","2520","5.7650",531370,502706,460026,474832,605412,446334,543063,452254,621453,457705,"54.7326","null","null","null","null","null","null","null",20,"1","Sinker",1,1,1,1,1,1,1,1,"Standard","Standard"
"SI","2018-08-26","94.5","2.7848","6.0189","Derek Holland",596059,502706,"walk","ball",,,,,"11","Rougned Odor walks.  ","R","L","L","SF","TEX","B","null","null",3,2,2018,"1.2853","1.2941","-0.1987","3.4577","null","null","null",2,3,"Top","null","null",,,460026,,"180826_204606","-10.5182","-137.1820","-3.7970","18.3313","29.3212","-15.3922","3.2825","1.5564","null","null","null","93.9550","2484","6.0240",531370,502706,460026,474832,605412,446334,543063,452254,621453,457705,"54.4731","null","null","0.70",1,0,0,"null",18,"9","Sinker",1,0,0,1,0,1,0,1,"Infield shift","Standard"
"CH","2018-08-26","82.4","3.0149","5.9995","Derek Holland",596059,502706,"null","ball",,,,,"13","null","R","L","L","SF","TEX","B","null","null",2,2,2018,"0.4737","0.5152","-1.3394","1.7146","null","null","null",2,3,"Top","null","null",,,460026,,"180826_204515","-10.5837","-119.3854","-4.1079","6.3067","21.1790","-26.8643","3.3344","1.5301","null","null","null","81.2030","2330","5.5400",531370,502706,460026,474832,605412,446334,543063,452254,621453,457705,"54.9571","null","null","null","null","null","null","null",18,"7","Changeup",1,0,0,1,0,1,0,1,"Infield shift","Standard"
"SI","2018-08-26","93.2","2.8614","5.9599","Derek Holland",596059,502706,"null","ball",,,,,"14","null","R","L","L","SF","TEX","B","null","null",1,2,2018,"1.4556","0.7521","1.5323","2.1505","null","null","null",2,3,"Top","null","null",,,460026,,"180826_204410","-6.5679","-135.4575","-5.6592","19.2437","28.1227","-21.9726","3.3085","1.5039","null","null","null","93.1050","2393","6.1860",531370,502706,460026,474832,605412,446334,543063,452254,621453,457705,"54.3112","null","null","null","null","null","null","null",18,"4","Sinker",1,0,0,1,0,1,0,1,"Infield shift","Standard"
"SL","2018-08-26","82.6","2.7970","6.0075","Derek Holland",596059,502706,"null","ball",,,,,"13","null","R","L","L","SF","TEX","B","null","null",0,2,2018,"-0.1355","0.3080","-2.8019","2.3272","null","null","null",2,3,"Top","null","null",,,460026,,"180826_204353","-12.2015","-119.4282","-2.2870","1.2500","24.4464","-29.1505","3.3603","1.5564","null","null","null","80.5310","2295","5.3720",531370,502706,460026,474832,605412,446334,543063,452254,621453,457705,"55.1258","null","null","null","null","null","null","null",18,"3","Slider",1,0,0,1,0,1,0,1,"Infield shift","Standard"
"SI","2018-08-26","92.4","3.1718","6.0330","Derek Holland",451596,502706,"null","called_strike",,,,,"6","null","R","R","L","SF","TEX","S","null","null",0,0,2018,"1.2634","0.9851","0.7414","2.7320","null","null","null",1,3,"Top","null","null",,,460026,,"180826_204202","-8.7810","-134.1433","-4.6419","16.8300","27.7596","-19.7396","3.4304","1.5010","null","null","null","91.5470","2378","5.8050",531370,502706,460026,474832,605412,446334,543063,452254,621453,457705,"54.6925","null","null","null","null","null","null","null",17,"1","Sinker",1,0,0,1,0,1,0,1,"Standard","Standard"
"SI","2018-08-26","92.2","2.9156","6.0309","Derek Holland",624636,502706,"null","called_strike",,,,,"4","null","R","R","L","SF","TEX","S","null","null",1,0,2018,"1.3931","1.3108","-0.5567","2.2106","null","null","null",0,3,"Top","null","null",,,460026,,"180826_204111","-11.7148","-133.6269","-6.6165","18.9892","27.6983","-15.4419","3.1970","1.3958","null","null","null","91.5790","2465","6.0510",531370,502706,460026,474832,605412,446334,543063,452254,621453,457705,"54.4468","null","null","null","null","null","null","null",16,"2","Sinker",1,0,0,1,0,1,0,1,"Strategic","Standard"
"CH","2018-08-26","83.9","2.8518","6.0760","Derek Holland",624636,502706,"null","ball",,,,,"12","null","R","R","L","SF","TEX","B","null","null",0,0,2018,"1.3812","1.3345","0.9040","3.5759","null","null","null",0,3,"Top","null","null",,,460026,,"180826_204057","-7.0431","-121.8316","-1.9262","14.7501","22.5422","-19.0650","3.2230","1.4221","null","null","null","82.8540","2275","5.5770",531370,502706,460026,474832,605412,446334,543063,452254,621453,457705,"54.9208","null","null","null","null","null","null","null",16,"1","Changeup",1,0,0,1,0,1,0,1,"Strategic","Standard"
"FT","2018-08-26","93.1","-1.0038","6.2030","Yovani Gallardo",621453,451596,"null","called_strike",,,,,"8","null","R","L","R","SF","TEX","S","null","null",1,0,2018,"-0.9041","1.0580","0.1232","1.9124","null","null","null",2,2,"Bot","null","null",,,643396,,"180826_203807","4.8120","-135.3089","-7.5140","-11.9927","26.8160","-17.9780","3.6634","1.7896","null","null","null","92.8270","1963","5.9880",531370,451596,643396,595777,596059,134181,462101,608336,624636,608577,"54.5097","null","null","null","null","null","null","null",15,"2","2-Seam Fastball",1,0,1,0,0,1,1,0,"Strategic","Standard"
"SL","2018-08-26","90.8","-1.1360","6.1818","Yovani Gallardo",621453,451596,"null","ball",,,,,"14","null","R","L","R","SF","TEX","B","null","null",0,0,2018,"0.2677","0.8177","1.8453","1.9785","null","null","null",2,2,"Bot","null","null",,,643396,,"180826_203750","6.8202","-131.9655","-6.2392","1.6429","27.5072","-21.7557","3.6634","1.8158","null","null","null","89.8360","2159","5.7170",531370,451596,643396,595777,596059,134181,462101,608336,624636,608577,"54.7805","null","null","null","null","null","null","null",15,"1","Slider",1,0,1,0,0,1,1,0,"Standard","Standard"
"CH","2018-08-26","86.0","-1.2235","6.2005","Yovani Gallardo",460026,451596,"null","ball",,,,,"13","null","R","R","R","SF","TEX","B","null","null",1,2,2018,"-1.1691","0.9379","-0.4571","0.6237","null","null","null",1,2,"Bot","null","null",,,643396,,"180826_203650","4.0889","-125.0067","-8.7951","-12.8519","22.4953","-21.0891","3.3604","1.5258","null","null","null","85.5110","1903","5.7930",531370,451596,643396,595777,596059,134181,462101,608336,624636,608577,"54.7046","null","null","null","null","null","null","null",14,"4","Changeup",1,0,1,0,0,1,1,0,"Standard","Standard"
"FF","2018-08-26","91.8","-1.0468","6.2461","Yovani Gallardo",460026,451596,"null","ball",,,,,"12","null","R","R","R","SF","TEX","B","null","null",0,2,2018,"-0.4162","1.3824","1.2595","4.2131","null","null","null",1,2,"Bot","null","null",,,643396,,"180826_203635","6.6424","-133.4253","-2.1913","-6.2858","28.3262","-15.7555","3.3086","1.4996","null","null","null","90.8830","1977","5.7660",531370,451596,643396,595777,596059,134181,462101,608336,624636,608577,"54.7312","null","null","null","null","null","null","null",14,"3","4-Seam Fastball",1,0,1,0,0,1,1,0,"Standard","Standard"
"CU","2018-08-26","78.2","-1.3703","6.1693","Yovani Gallardo",460026,451596,"null","called_strike",,,,,"2","null","R","R","R","SF","TEX","S","null","null",0,1,2018,"0.5870","-0.8505","-0.0647","2.9636","null","null","null",1,2,"Bot","null","null",,,643396,,"180826_203617","1.7426","-113.6975","1.4014","4.5656","20.4877","-39.7720","3.3345","1.5258","null","null","null","76.5200","2268","5.0830",531370,451596,643396,595777,596059,134181,462101,608336,624636,608577,"55.4144","null","null","null","null","null","null","null",14,"2","Curveball",1,0,1,0,0,1,1,0,"Standard","Standard"
"CU","2018-08-26","78.5","-1.3594","6.2286","Yovani Gallardo",460026,451596,"null","called_strike",,,,,"4","null","R","R","R","SF","TEX","S","null","null",0,0,2018,"0.3183","-0.7497","-0.2940","2.2584","null","null","null",1,2,"Bot","null","null",,,643396,,"180826_203604","1.7039","-114.0936","-0.4338","2.3662","20.4050","-38.6561","3.2307","1.3681","null","null","null","76.8790","2270","5.1270",531370,451596,643396,595777,596059,134181,462101,608336,624636,608577,"55.3706","null","null","null","null","null","null","null",14,"1","Curveball",1,0,1,0,0,1,1,0,"Standard","Standard"
"SL","2018-08-26","89.6","-1.2084","6.1897","Yovani Gallardo",452254,451596,"null","ball",,,,,"14","null","R","R","R","SF","TEX","B","null","null",2,2,2018,"0.5545","0.5460","2.4465","0.5764","null","null","null",0,2,"Bot","null","null",,,643396,,"180826_203440","7.7873","-130.1433","-8.9361","4.7970","23.8124","-24.6282","3.4336","1.5641","null","null","null","88.9770","2315","5.7170",531370,451596,643396,595777,596059,134181,462101,608336,624636,608577,"54.7802","null","null","null","null","null","null","null",13,"5","Slider",1,0,1,0,0,1,1,0,"Standard","Standard"
"CH","2018-08-26","86.8","-1.4275","6.1741","Yovani Gallardo",452254,451596,"null","ball",,,,,"14","null","R","R","R","SF","TEX","B","null","null",1,2,2018,"-1.3736","1.0624","0.0329","-0.3715","null","null","null",0,2,"Bot","null","null",,,643396,,"180826_203420","6.1824","-125.7176","-11.4259","-15.5931","25.1403","-19.0195","3.4077","1.6166","null","null","null","85.8540","2041","5.9090",531370,451596,643396,595777,596059,134181,462101,608336,624636,608577,"54.5886","null","null","null","null","null","null","null",13,"4","Changeup",1,0,1,0,0,1,1,0,"Standard","Standard"
"CU","2018-08-26","81.1","-1.4724","6.1005","Yovani Gallardo",452254,451596,"null","ball",,,,,"14","null","R","R","R","SF","TEX","B","null","null",0,2,2018,"0.6850","-0.7169","1.2297","1.2391","null","null","null",0,2,"Bot","null","null",,,643396,,"180826_203406","4.7050","-117.9566","-2.9488","5.4726","19.9470","-38.4631","3.3818","1.5903","null","null","null","80.3420","2393","5.5460",531370,451596,643396,595777,596059,134181,462101,608336,624636,608577,"54.9516","null","null","null","null","null","null","null",13,"3","Curveball",1,0,1,0,0,1,1,0,"Standard","Standard"
"FT","2018-08-26","92.4","-1.1736","6.1806","Yovani Gallardo",452254,451596,"null","called_strike",,,,,"7","null","R","R","R","SF","TEX","S","null","null",0,1,2018,"-0.7062","1.1596","-0.5654","2.0955","null","null","null",0,2,"Bot","null","null",,,643396,,"180826_203335","3.0398","-134.5367","-7.1258","-9.1052","24.4552","-17.0335","3.4854","1.6428","null","null","null","92.4670","2104","5.9340",531370,451596,643396,595777,596059,134181,462101,608336,624636,608577,"54.5631","null","null","null","null","null","null","null",13,"2","2-Seam Fastball",1,0,1,0,0,1,1,0,"Standard","Standard"
"SI","2018-08-26","91.5","2.7287","6.0376","Derek Holland",643396,502706,"strikeout","called_strike",,,,,"7","Isiah Kiner-Falefa called out on strikes.  ","R","R","L","SF","TEX","S",2,"null",1,2,2018,"1.6119","0.8888","-0.3735","1.8126","null","null","null",2,2,"Top","null","null",,,460026,,"180826_203052","-11.0626","-132.5895","-6.5265","20.9790","28.0678","-20.7591","3.2894","1.5463","null","null","null","90.2870","2263","5.7570",531370,502706,460026,474832,605412,446334,543063,452254,621453,457705,"54.7405","null","null","0.00",1,0,0,"null",12,"4","Sinker",1,0,0,1,0,1,0,1,"Standard","Standard"
"SI","2018-08-26","92.7","2.9684","6.0735","Derek Holland",643396,502706,"null","called_strike",,,,,"3","null","R","R","L","SF","TEX","S","null","null",1,0,2018,"1.4633","0.8633","0.6852","3.1383","null","null","null",2,2,"Top","null","null",,,460026,,"180826_203019","-8.9155","-134.7005","-3.5763","19.4572","26.3968","-21.2359","3.2894","1.5463","null","null","null","92.4190","2314","5.9800",531370,502706,460026,474832,605412,446334,543063,452254,621453,457705,"54.5177","null","null","null","null","null","null","null",12,"2","Sinker",1,0,0,1,0,1,0,1,"Standard","Standard"
"SI","2018-08-26","91.7","2.9093","6.0146","Derek Holland",643396,502706,"null","ball",,,,,"12","null","R","R","L","SF","TEX","B","null","null",0,0,2018,"1.5589","0.8378","1.1460","3.4297","null","null","null",2,2,"Top","null","null",,,460026,,"180826_203007","-7.7284","-133.2785","-2.4794","19.9960","26.2931","-21.9709","3.3413","1.5725","null","null","null","91.4400","2358","6.0130",531370,502706,460026,474832,605412,446334,543063,452254,621453,457705,"54.4845","null","null","null","null","null","null","null",12,"1","Sinker",1,0,0,1,0,1,0,1,"Standard","Standard"
"SL","2018-08-26","82.8","2.9633","6.0177","Derek Holland",608336,502706,"null","ball",,,,,"13","null","R","L","L","SF","TEX","B","null","null",0,1,2018,"0.1688","0.4675","-1.5643","2.3980","null","null","null",1,2,"Top","null","null",,,460026,,"180826_202916","-10.4353","-119.9208","-2.5209","3.6906","24.3380","-27.5801","3.7958","1.8802","null","null","null","81.0140","2247","5.4460",531370,502706,460026,474832,605412,446334,543063,452254,621453,457705,"55.0512","null","null","null","null","null","null","null",11,"2","Slider",1,0,0,1,0,1,0,1,"Infield shift","Strategic"
"SL","2018-08-26","81.0","2.8452","6.2545","Derek Holland",608336,502706,"null","called_strike",,,,,"7","null","R","L","L","SF","TEX","S","null","null",0,0,2018,"-0.0107","0.3530","-0.7371","1.9279","null","null","null",1,2,"Top","null","null",,,460026,,"180826_202900","-7.8177","-117.3256","-3.3923","1.7582","27.7941","-28.5940","3.8475","1.8802","null","null","null","78.6120","1991","5.4510",531370,502706,460026,474832,605412,446334,543063,452254,621453,457705,"55.0459","null","null","null","null","null","null","null",11,"1","Slider",1,0,0,1,0,1,0,1,"Infield shift","Strategic"
"SI","2018-08-26","93.5","2.9961","6.0762","Derek Holland",595777,502706,"null","ball",,,,,"12","null","R","R","L","SF","TEX","B","null","null",0,2,2018,"1.2322","1.1544","3.5461","3.0871","null","null","null",0,2,"Top","null","null",,,460026,,"180826_202805","-1.2398","-136.0694","-4.4618","15.3901","28.0882","-17.2976","3.1777","1.5509","null","null","null","93.0840","2380","5.9030",531370,502706,460026,474832,605412,446334,543063,452254,621453,457705,"54.5946","null","null","null","null","null","null","null",10,"3","Sinker",1,0,0,1,0,1,0,1,"Standard","Strategic"
"SL","2018-08-26","79.4","2.8778","6.2704","Derek Holland",595777,502706,"null","called_strike",,,,,"3","null","R","R","L","SF","TEX","S","null","null",0,1,2018,"0.1584","0.5186","0.4804","2.8082","null","null","null",0,2,"Top","null","null",,,460026,,"180826_202736","-5.4035","-115.2600","-1.6455","2.4134","22.6846","-27.7200","3.2296","1.4984","null","null","null","77.4680","1980","5.1790",531370,502706,460026,474832,605412,446334,543063,452254,621453,457705,"55.3183","null","null","null","null","null","null","null",10,"2","Slider",1,0,0,1,0,1,0,1,"Standard","Standard"
"KC","2018-08-26","77.6","2.8599","6.2693","Derek Holland",595777,502706,"null","called_strike",,,,,"9","null","R","R","L","SF","TEX","S","null","null",0,0,2018,"-0.0340","0.3058","0.4285","1.9915","null","null","null",0,2,"Top","null","null",,,460026,,"180826_202717","-5.0598","-112.8351","-2.7798","0.5609","18.8243","-29.3972","3.2815","1.5772","null","null","null","76.6870","2060","5.4860",531370,502706,460026,474832,605412,446334,543063,452254,621453,457705,"55.0113","null","null","null","null","null","null","null",10,"1","Knuckle Curve",1,0,0,1,0,1,0,1,"Strategic","Standard"
"CH","2018-08-26","87.1","-1.2678","6.1949","Yovani Gallardo",543063,451596,"null","ball",,,,,"13","null","R","L","R","SF","TEX","B","null","null",2,1,2018,"-1.2128","0.7738","-1.1172","1.7640","null","null","474832.00",2,1,"Bot","null","null",,,643396,,"180826_202342","2.7722","-126.7671","-6.0481","-13.4469","22.8698","-23.0361","3.3775","1.6574","null","null","null","86.7940","1907","5.8210",531370,451596,643396,595777,596059,134181,462101,608336,624636,608577,"54.6768","null","null","null","null","null","null","null",9,"4","Changeup",1,0,1,0,0,1,1,0,"Standard","Standard"
"CH","2018-08-26","85.8","-1.5497","6.2550","Yovani Gallardo",543063,451596,"null","ball",,,,,"13","null","R","L","R","SF","TEX","B","null","null",1,1,2018,"-1.3234","0.5705","-0.8364","1.4757","null","null","474832.00",2,1,"Bot","null","null",,,643396,,"180826_202323","4.2643","-124.8170","-6.1891","-14.4533","22.0188","-25.3880","3.4553","1.6836","null","null","null","85.4740","1733","5.8170",531370,451596,643396,595777,596059,134181,462101,608336,624636,608577,"54.6804","null","null","null","null","null","null","null",9,"3","Changeup",1,0,1,0,0,1,1,0,"Standard","Standard"
"FT","2018-08-26","92.9","-1.0286","6.1608","Yovani Gallardo",543063,451596,"null","ball",,,,,"13","null","R","L","R","SF","TEX","B","null","null",0,1,2018,"-1.0540","1.0362","-0.9080","1.8847","null","null","474832.00",2,1,"Bot","null","null",,,643396,,"180826_202301","2.5540","-135.0805","-7.3507","-13.2702","28.3191","-18.3432","3.4553","1.7098","null","null","null","92.3130","1896","5.8940",531370,451596,643396,595777,596059,134181,462101,608336,624636,608577,"54.6029","null","null","null","null","null","null","null",9,"2","2-Seam Fastball",1,0,1,0,0,1,1,0,"Standard","Standard"
"FF","2018-08-26","94.1","-1.3500","6.2131","Yovani Gallardo",474832,451596,"null","ball",,,,,"13","null","R","L","R","SF","TEX","B","null","null",0,2,2018,"-0.6798","1.6110","-0.7861","0.7738","446334.00","null","null",2,1,"Bot","null","null",,,643396,,"180826_202109","2.9157","-136.6430","-11.8252","-9.0260","27.4804","-10.0128","3.3040","1.5903","null","null","null","93.5930","2169","5.9100",531370,451596,643396,595777,596059,134181,462101,608336,624636,608577,"54.5877","null","null","null","null","null","null","null",8,"3","4-Seam Fastball",0,0,0,0,0,0,0,0,"Infield shift","Standard"
"FT","2018-08-26","92.8","-1.2348","6.2936","Yovani Gallardo",474832,451596,"null","called_strike",,,,,"8","null","R","L","R","SF","TEX","S","null","null",0,0,2018,"-0.8613","1.4081","-0.2364","1.5907","446334.00","null","null",2,1,"Bot","null","null",,,643396,,"180826_202026","4.3729","-134.7963","-9.2311","-11.2944","26.6708","-13.5113","3.4077","1.5903","null","null","null","92.4360","2149","5.9690",531370,451596,643396,595777,596059,134181,462101,608336,624636,608577,"54.5287","null","null","null","null","null","null","null",8,"1","2-Seam Fastball",0,0,0,0,0,0,0,0,"Infield shift","Standard"
"CH","2018-08-26","85.6","-1.3763","6.2242","Yovani Gallardo",446334,451596,"null","ball",,,,,"13","null","R","R","R","SF","TEX","B","null","null",0,1,2018,"-1.3350","0.7322","-0.2872","1.0807","null","null","null",2,1,"Bot","null","null",,,643396,,"180826_201913","5.1595","-124.4846","-7.3217","-14.6703","21.5192","-23.5582","3.6323","1.6072","null","null","null","85.3490","1981","5.8500",531370,451596,643396,595777,596059,134181,462101,608336,624636,608577,"54.6470","null","null","null","null","null","null","null",7,"2","Changeup",0,0,0,0,0,0,0,0,"Standard","Standard"
"SL","2018-08-26","89.4","-1.5363","6.3326","Yovani Gallardo",446334,451596,"null","called_strike",,,,,"8","null","R","R","R","SF","TEX","S","null","null",0,0,2018,"0.3093","0.9020","-0.0915","2.1045","null","null","null",2,1,"Bot","null","null",,,643396,,"180826_201856","2.8868","-130.0273","-6.2163","2.8896","24.5441","-21.2176","3.6840","1.6597","null","null","null","88.4910","2149","5.5250",531370,451596,643396,595777,596059,134181,462101,608336,624636,608577,"54.9727","null","null","null","null","null","null","null",7,"1","Slider",0,0,0,0,0,0,0,0,"Standard","Standard"
"FF","2018-08-26","92.1","-1.2542","6.2870","Yovani Gallardo",605412,451596,"null","ball",,,,,"13","null","R","L","R","SF","TEX","B","null","null",1,0,2018,"-0.5045","1.5833","-1.2169","2.4478","null","null","null",1,1,"Bot","null","null",,,643396,,"180826_201804","1.1642","-134.0456","-7.2905","-6.2602","27.0588","-12.0117","3.3475","1.5547","null","null","null","91.7960","2010","5.9460",531370,451596,643396,595777,596059,134181,462101,608336,624636,608577,"54.5516","null","null","null","null","null","null","null",6,"2","4-Seam Fastball",0,0,0,0,0,0,0,0,"Standard","Standard"
"FT","2018-08-26","92.6","-1.3552","6.3006","Yovani Gallardo",605412,451596,"null","ball",,,,,"13","null","R","L","R","SF","TEX","B","null","null",0,0,2018,"-1.0080","1.0882","-1.0186","2.2723","null","null","null",1,1,"Bot","null","null",,,643396,,"180826_201751","2.9738","-134.6930","-6.7915","-12.6903","25.8736","-18.0031","3.2177","1.4233","null","null","null","92.1040","1996","5.7550",531370,451596,643396,595777,596059,134181,462101,608336,624636,608577,"54.7426","null","null","null","null","null","null","null",6,"1","2-Seam Fastball",0,0,0,0,0,0,0,0,"Standard","Standard"
"FT","2018-08-26","91.6","-1.2843","6.3974","Yovani Gallardo",457705,451596,"null","ball",,,,,"1","null","R","R","R","SF","TEX","B","null","null",2,1,2018,"-0.9333","1.3544","-0.7866","3.1767","null","null","null",0,1,"Bot","null","null",,,643396,,"180826_201641","3.1391","-133.1007","-4.9915","-11.4029","28.2454","-15.7951","3.5406","1.6340","null","null","null","90.0320","2068","5.3800",531370,451596,643396,595777,596059,134181,462101,608336,624636,608577,"55.1171","null","null","null","null","null","null","null",5,"4","2-Seam Fastball",0,0,0,0,0,0,0,0,"Infield shift","Standard"
"FF","2018-08-26","91.5","-1.2966","6.2978","Yovani Gallardo",457705,451596,"null","ball",,,,,"9","null","R","R","R","SF","TEX","B","null","null",1,1,2018,"-0.4811","1.3593","0.5484","1.5353","null","null","null",0,1,"Bot","null","null",,,643396,,"180826_201626","5.6469","-132.8997","-8.9746","-6.8500","28.2146","-14.5282","3.4888","1.5815","null","null","null","91.0250","2098","6.0810",531370,451596,643396,595777,596059,134181,462101,608336,624636,608577,"54.4168","null","null","null","null","null","null","null",5,"3","4-Seam Fastball",0,0,0,0,0,0,0,0,"Infield shift","Standard"
"FF","2018-08-26","91.4","-1.3257","6.2875","Yovani Gallardo",457705,451596,"null","called_strike",,,,,"5","null","R","R","R","SF","TEX","S","null","null",1,0,2018,"-0.4880","1.4911","0.2649","2.5688","null","null","null",0,1,"Bot","null","null",,,643396,,"180826_201611","5.0417","-132.9586","-6.6841","-6.8170","27.6039","-13.3704","3.5406","1.6340","null","null","null","91.3420","2117","6.1990",531370,451596,643396,595777,596059,134181,462101,608336,624636,608577,"54.2985","null","null","null","null","null","null","null",5,"2","4-Seam Fastball",0,0,0,0,0,0,0,0,"Infield shift","Standard"
"FF","2018-08-26","89.8","-1.5224","6.4199","Yovani Gallardo",457705,451596,"null","ball",,,,,"1","null","R","R","R","SF","TEX","B","null","null",0,0,2018,"-0.6577","1.4541","-0.4585","3.0417","null","null","null",0,1,"Bot","null","null",,,643396,,"180826_201554","3.9683","-130.6688","-5.4038","-8.2268","25.5010","-14.8632","3.3852","1.5815","null","null","null","89.4120","2036","5.8840",531370,451596,643396,595777,596059,134181,462101,608336,624636,608577,"54.6133","null","null","null","null","null","null","null",5,"1","4-Seam Fastball",0,0,0,0,0,0,0,0,"Infield shift","Standard"
"SI","2018-08-26","91.3","2.6418","6.0686","Derek Holland",608577,502706,"null","called_strike",,,,,"5","null","R","L","L","SF","TEX","S","null","null",0,0,2018,"1.3943","1.1941","-0.1555","2.3815","null","null","134181.00",2,1,"Top","null","null",,,460026,,"180826_201231","-10.0084","-132.5533","-5.9506","18.4864","26.6233","-17.0729","3.5113","1.6953","null","null","null","91.3300","2432","6.2960",531370,502706,460026,474832,605412,446334,543063,452254,621453,457705,"54.2017","null","null","null","null","null","null","null",4,"1","Sinker",0,0,0,0,0,0,0,0,"Standard","Standard"
"SI","2018-08-26","92.3","2.8360","5.9398","Derek Holland",134181,502706,"walk","ball",,,,,"13","Adrian Beltre walks.  ","R","R","L","SF","TEX","B","null","null",3,2,2018,"1.4078","1.1638","-1.2507","0.1508","null","null","null",2,1,"Top","null","null",,,460026,,"180826_201147","-13.2308","-133.3072","-11.2232","19.2336","25.5760","-16.4275","3.4888","1.5815","null","null","null","91.4880","2434","5.9740",531370,502706,460026,474832,605412,446334,543063,452254,621453,457705,"54.5239","null","null","0.70",1,0,0,"null",3,"6","Sinker",0,0,0,0,0,0,0,0,"Standard","Standard"
"SI","2018-08-26","91.9","2.8711","6.1274","Derek Holland",134181,502706,"null","called_strike",,,,,"8","null","R","R","L","SF","TEX","S","null","null",3,0,2018,"1.6022","0.9712","0.0588","1.9391","null","null","null",2,1,"Top","null","null",,,460026,,"180826_201114","-10.4142","-133.1772","-6.7279","20.9801","27.6711","-19.6003","3.4111","1.5027","null","null","null","91.0120","2295","5.9060",531370,502706,460026,474832,605412,446334,543063,452254,621453,457705,"54.5919","null","null","null","null","null","null","null",3,"4","Sinker",0,0,0,0,0,0,0,0,"Standard","Standard"
"KC","2018-08-26","79.1","2.8526","6.2181","Derek Holland",134181,502706,"null","ball",,,,,"3","null","R","R","L","SF","TEX","B","null","null",2,0,2018,"0.1464","-0.0794","0.4340","3.5198","null","null","null",2,1,"Top","null","null",,,460026,,"180826_201058","-5.4009","-114.9399","0.9743","2.1713","19.6284","-33.2763","3.4370","1.5815","null","null","null","77.5330","2019","5.0750",531370,502706,460026,474832,605412,446334,543063,452254,621453,457705,"55.4227","null","null","null","null","null","null","null",3,"3","Knuckle Curve",0,0,0,0,0,0,0,0,"Standard","Standard"
"SI","2018-08-26","91.7","2.9652","6.1443","Derek Holland",134181,502706,"null","ball",,,,,"11","null","R","R","L","SF","TEX","B","null","null",1,0,2018,"1.1467","1.1652","-1.0194","3.5564","null","null","null",2,1,"Top","null","null",,,460026,,"180826_201041","-12.3670","-132.8861","-3.1138","15.9233","26.6357","-18.1096","3.3333","1.5552","null","null","null","90.9480","2370","5.9160",531370,502706,460026,474832,605412,446334,543063,452254,621453,457705,"54.5815","null","null","null","null","null","null","null",3,"2","Sinker",0,0,0,0,0,0,0,0,"Standard","Standard"
"KC","2018-08-26","78.6","2.9505","6.2667","Derek Holland",134181,502706,"null","ball",,,,,"12","null","R","R","L","SF","TEX","B","null","null",0,0,2018,"-0.0088","0.1467","0.8972","4.7060","null","null","null",2,1,"Top","null","null",,,460026,,"180826_201027","-4.3580","-114.1321","3.1649","0.7404","21.3448","-31.7853","3.4111","1.5552","null","null","null","77.2770","2060","5.4970",531370,502706,460026,474832,605412,446334,543063,452254,621453,457705,"55.0006","null","null","null","null","null","null","null",3,"1","Knuckle Curve",0,0,0,0,0,0,0,0,"Standard","Standard"
"CH","2018-08-26","84.5","2.7982","6.0709","Derek Holland",462101,502706,"null","ball",,,,,"9","null","R","R","L","SF","TEX","B","null","null",0,1,2018,"1.1558","1.0993","0.4598","1.5172","null","null","null",1,1,"Top","null","null",,,460026,,"180826_200914","-7.5811","-122.6859","-6.3328","12.8344","21.8088","-20.3470","3.1777","1.3143","null","null","null","83.7310","2244","5.6780",531370,502706,460026,474832,605412,446334,543063,452254,621453,457705,"54.8191","null","null","null","null","null","null","null",2,"2","Changeup",0,0,0,0,0,0,0,0,"Standard","Standard"
"SI","2018-08-26","92.4","2.9301","6.0618","Derek Holland",462101,502706,"null","called_strike",,,,,"12","null","R","R","L","SF","TEX","S","null","null",0,0,2018,"1.3065","0.7655","0.9215","2.4610","null","null","null",1,1,"Top","null","null",,,460026,,"180826_200900","-7.8625","-134.3184","-5.0300","17.2430","25.1686","-22.1931","3.2556","1.3406","null","null","null","92.3080","2345","5.9890",531370,502706,460026,474832,605412,446334,543063,452254,621453,457705,"54.5086","null","null","null","null","null","null","null",2,"1","Sinker",0,0,0,0,0,0,0,0,"Strategic","Standard"
"SI","2018-08-26","92.6","2.7086","6.1816","Derek Holland",596059,502706,"null","ball",,,,,"13","null","R","L","L","SF","TEX","B","null","null",0,0,2018,"1.2982","1.3269","-1.0073","2.2830","null","null","null",0,1,"Top","null","null",,,460026,,"180826_200651","-12.2547","-134.2632","-7.0230","18.1416","25.8397","-14.8846","3.4111","1.5815","null","null","null","92.6520","2470","6.2690",531370,502706,460026,474832,605412,446334,543063,452254,621453,457705,"54.2285","null","null","null","null","null","null","null",1,"1","Sinker",0,0,0,0,0,0,0,0,"Infield shift","Standard"