"pitch_type","game_date","release_speed","release_pos_x","release_pos_z","player_name","batter","pitcher","events","description","spin_dir","spin_rate_deprecated","break_angle_deprecated","break_length_deprecated","zone","des","game_type","stand","p_throws","home_team","away_team","type","hit_location","bb_type","balls","strikes","game_year","pfx_x","pfx_z","plate_x","plate_z","on_3b","on_2b","on_1b","outs_when_up","inning","inning_topbot","hc_x","hc_y","tfs_deprecated","tfs_zulu_deprecated","pos2_person_id","umpire","sv_id","vx0","vy0","vz0","ax","ay","az","sz_top","sz_bot","hit_distance_sc","launch_speed","launch_angle","effective_speed","release_spin_rate","release_extension","game_pk","pos1_person_id","pos2_person_id","pos3_person_id","pos4_person_id","pos5_person_id","pos6_person_id","pos7_person_id","pos8_person_id","pos9_person_id","release_pos_y","estimated_ba_using_speedangle","estimated_woba_using_speedangle","woba_value","woba_denom","babip_value","iso_value","launch_speed_angle","at_bat_number","pitch_number","pitch_name","home_score","away_score","bat_score","fld_score","post_away_score","post_home_score","post_bat_score","post_fld_score","if_fielding_alignment","of_fielding_alignment"
"CH","2018-06-13","87.3","-2.5748","6.4136","Hunter Strickland",605119,519326,"null","ball",,,,,"11","null","R","R","R","MIA","SF","B","null","null",2,1,2018,"-1.0406","1.0146","-0.9846","3.8416","500743.00","592680.00","543776.00",1,9,"Bot","null","null",,,460026,,"180614_022342","5.8438","-126.9795","-2.0557","-12.1913","25.6497","-21.2676","3.5067","1.6236","null","null","null","86.3700","1489","5.6900",530422,519326,460026,457763,605412,446334,543063,457706,491676,457705,"54.8112","null","null","null","null","null","null","null",80,"4","Changeup",4,4,4,4,4,4,4,4,"Strategic","Strategic"
"FF","2018-06-13","92.7","-2.8152","6.0085","Hunter Strickland",605119,519326,"null","ball",,,,,"11","null","R","R","R","MIA","SF","B","null","null",1,1,2018,"-0.1399","1.1464","-0.4420","4.5592","500743.00","592680.00","543776.00",1,9,"Bot","null","null",,,460026,,"180614_022311","6.3123","-134.7848","-0.3196","-3.1485","31.6089","-18.6850","3.6936","1.7485","null","null","null","91.6740","2331","5.8960",530422,519326,460026,457763,605412,446334,543063,457706,491676,457705,"54.6046","null","null","null","null","null","null","null",80,"3","4-Seam Fastball",4,4,4,4,4,4,4,4,"Strategic","Strategic"
"FF","2018-06-13","93.9","-2.8577","5.9400","Hunter Strickland",605119,519326,"null","ball",,,,,"11","null","R","R","R","MIA","SF","B","null","null",0,0,2018,"0.0371","1.3302","-0.9579","3.7695","500743.00","592680.00","543776.00",1,9,"Bot","null","null",,,460026,,"180614_022149","4.8152","-136.6081","-2.7851","-0.6253","30.7720","-15.3158","3.5629","1.7428","null","null","null","93.4300","2262","6.0760",530422,519326,460026,457763,605412,446334,543063,457706,491676,457705,"54.4248","null","null","null","null","null","null","null",80,"1","4-Seam Fastball",4,4,4,4,4,4,4,4,"Strategic","Strategic"
"CH","2018-06-13","87.0","-2.6645","6.4604","Hunter Strickland",543776,519326,"null","ball",,,,,"11","null","R","L","R","MIA","SF","B","null","null",0,0,2018,"-1.1472","0.9459","-1.3161","3.6728","null","500743.00","592680.00",1,9,"Bot","null","null",,,460026,,"180614_021925","5.4248","-126.4662","-2.3358","-13.0653","26.3007","-22.1093","3.2323","1.7213","null","null","null","85.6230","1470","5.5050",530422,519326,460026,457763,605412,446334,543063,457706,491676,457705,"54.9955","null","null","null","null","null","null","null",79,"1","Changeup",4,4,4,4,4,4,4,4,"Standard","Standard"
"FT","2018-06-13","96.0","-2.9255","6.0313","Hunter Strickland",518618,519326,"null","ball",,,,,"11","null","R","L","R","MIA","SF","B","null","null",1,2,2018,"-0.9203","1.2589","-1.2192","4.6312","null","500743.00","592680.00",0,9,"Bot","null","null",,,460026,,"180614_021619","6.5383","-139.6013","-0.9018","-13.3888","32.1695","-15.9477","3.5695","1.9679","null","null","null","95.4210","2341","6.0460",530422,519326,460026,457763,605412,446334,543063,457706,491676,457705,"54.4546","null","null","null","null","null","null","null",78,"4","2-Seam Fastball",4,4,4,4,4,4,4,4,"Standard","Standard"
"FF","2018-06-13","95.6","-2.8931","5.8761","Hunter Strickland",518618,519326,"null","ball",,,,,"14","null","R","L","R","MIA","SF","B","null","null",0,0,2018,"-0.4949","1.0392","1.4029","2.0074","null","500743.00","592680.00",0,9,"Bot","null","null",,,460026,,"180614_021418","12.5352","-138.5480","-6.9246","-9.4062","32.6386","-17.1912","3.3419","1.7817","null","null","null","95.9480","2382","6.8380",530422,519326,460026,457763,605412,446334,543063,457706,491676,457705,"53.6631","null","null","null","null","null","null","null",78,"1","4-Seam Fastball",4,4,4,4,4,4,4,4,"Standard","Standard"
"FF","2018-06-13","98.2","-1.1284","5.5165","Reyes Moronta",592680,606625,"walk","ball",,,,,"11","Yadiel Rivera walks.   Miguel Rojas to 2nd.  ","R","R","R","MIA","SF","B","null","null",3,0,2018,"-0.2815","1.4953","-0.2127","3.5964","null","null","500743.00",0,9,"Bot","null","null",,,460026,,"180614_021032","3.1450","-142.9563","-3.1925","-4.6213","34.6020","-11.1186","3.2100","1.7151","null","null","null","98.3560","2386","6.4680",530422,606625,460026,457763,605412,446334,543063,457706,491676,457705,"54.0329","null","null","0.70",1,0,0,"null",77,"4","4-Seam Fastball",4,4,4,4,4,4,4,4,"Strategic","Standard"
"FF","2018-06-13","95.0","-1.2821","5.4256","Reyes Moronta",592680,606625,"null","ball",,,,,"14","null","R","R","R","MIA","SF","B","null","null",2,0,2018,"-0.1222","1.2691","1.2465","1.9735","null","null","500743.00",0,9,"Bot","null","null",,,460026,,"180614_020920","6.9944","-138.2039","-6.3907","-3.1095","29.7054","-14.2938","3.2928","1.7979","null","null","null","96.3670","2434","7.0080",530422,606625,460026,457763,605412,446334,543063,457706,491676,457705,"53.4933","null","null","null","null","null","null","null",77,"3","4-Seam Fastball",4,4,4,4,4,4,4,4,"Strategic","Standard"
"FF","2018-06-13","95.9","-1.1721","5.4910","Reyes Moronta",592680,606625,"null","ball",,,,,"12","null","R","R","R","MIA","SF","B","null","null",1,0,2018,"-0.1368","1.4573","1.0804","2.8133","null","null","500743.00",0,9,"Bot","null","null",,,460026,,"180614_020853","6.3013","-139.6477","-4.8440","-3.1792","30.4205","-12.0699","3.2721","1.7565","null","null","null","96.5610","2300","6.5560",530422,606625,460026,457763,605412,446334,543063,457706,491676,457705,"53.9445","null","null","null","null","null","null","null",77,"2","4-Seam Fastball",4,4,4,4,4,4,4,4,"Strategic","Standard"
"FF","2018-06-13","97.1","-1.1956","5.5475","Reyes Moronta",592680,606625,"null","ball",,,,,"12","null","R","R","R","MIA","SF","B","null","null",0,0,2018,"-0.5116","1.4576","0.1495","4.2240","null","null","500743.00",0,9,"Bot","null","null",,,460026,,"180614_020827","4.7342","-141.3074","-1.3097","-7.8479","31.7071","-12.7729","3.3755","1.7358","null","null","null","96.7300","2340","6.0400",530422,606625,460026,457763,605412,446334,543063,457706,491676,457705,"54.4608","null","null","null","null","null","null","null",77,"1","4-Seam Fastball",4,4,4,4,4,4,4,4,"Strategic","Standard"
"SL","2018-06-13","82.1","-1.4969","5.0630","Reyes Moronta",500743,606625,"null","called_strike",,,,,"4","null","R","R","R","MIA","SF","S","null","null",0,1,2018,"1.2948","0.3683","-0.4614","2.2663","null","null","null",0,9,"Bot","null","null",,,460026,,"180614_020714","-0.1117","-119.4823","-0.4275","12.1030","25.1950","-28.9136","3.1653","1.5736","null","null","null","81.0710","2559","5.7970",530422,606625,460026,457763,605412,446334,543063,457706,491676,457705,"54.7034","null","null","null","null","null","null","null",76,"2","Slider",4,4,4,4,4,4,4,4,"Standard","Standard"
"FF","2018-06-13","97.1","-1.0654","5.3940","Reyes Moronta",500743,606625,"null","called_strike",,,,,"5","null","R","R","R","MIA","SF","S","null","null",0,0,2018,"-0.4450","1.6595","0.2105","2.6967","null","null","null",0,9,"Bot","null","null",,,460026,,"180614_020651","4.4415","-141.2749","-5.4379","-7.0354","35.7435","-8.9885","3.2066","1.6357","null","null","null","96.7880","2577","6.3730",530422,606625,460026,457763,605412,446334,543063,457706,491676,457705,"54.1282","null","null","null","null","null","null","null",76,"1","4-Seam Fastball",4,4,4,4,4,4,4,4,"Standard","Standard"
"FF","2018-06-13","95.8","-1.4758","6.2455","Drew Steckenrider",460026,608716,"null","ball",,,,,"11","null","R","R","R","MIA","SF","B","null","null",0,0,2018,"-0.8445","1.8613","-0.9179","3.8803","null","457763.00","543063.00",2,9,"Top","null","null",,,592663,,"180614_020121","3.3495","-139.2707","-4.7313","-11.6428","33.8553","-7.4029","3.4605","1.6659","null","null","null","95.0770","2515","6.1110",530422,608716,592663,571506,592680,500743,595375,518618,621446,605119,"54.3898","null","null","null","null","null","null","null",75,"1","4-Seam Fastball",4,4,4,4,4,4,4,4,"Standard","Standard"
"FF","2018-06-13","95.4","-1.5437","6.1710","Drew Steckenrider",446334,608716,"null","ball",,,,,"13","null","R","R","R","MIA","SF","B","null","null",0,1,2018,"-0.6335","1.7184","-1.2036","1.7135","null","457763.00","null",1,9,"Top","null","null",,,592663,,"180614_015947","2.2986","-138.5804","-9.8735","-8.6231","30.5600","-8.2010","3.7943","1.8163","null","null","null","95.0750","2289","6.1680",530422,608716,592663,571506,592680,500743,595375,518618,621446,605119,"54.3324","null","null","null","null","null","null","null",73,"2","4-Seam Fastball",4,4,4,4,4,4,4,4,"Standard","Standard"
"FF","2018-06-13","95.8","-1.4311","6.2638","Drew Steckenrider",446334,608716,"null","called_strike",,,,,"7","null","R","R","R","MIA","SF","S","null","null",0,0,2018,"-0.6330","1.7761","-0.7175","2.1667","null","457763.00","null",1,9,"Top","null","null",,,592663,,"180614_015921","3.2802","-139.1577","-9.1134","-8.8833","31.0822","-7.4964","3.7937","1.8577","null","null","null","95.3000","2347","6.0890",530422,608716,592663,571506,592680,500743,595375,518618,621446,605119,"54.4122","null","null","null","null","null","null","null",73,"1","4-Seam Fastball",4,4,4,4,4,4,4,4,"Standard","Standard"
"FF","2018-06-13","96.0","-1.3935","6.2160","Drew Steckenrider",457705,608716,"null","ball",,,,,"14","null","R","R","R","MIA","SF","B","null","null",2,2,2018,"-0.5968","1.7365","0.8099","1.5739","null","null","457763.00",0,9,"Top","null","null",,,592663,,"180614_015809","7.1535","-139.3659","-10.5618","-9.3200","30.1674","-7.4861","3.5421","1.7157","null","null","null","95.8640","2330","6.2600",530422,608716,592663,571506,592680,500743,595375,518618,621446,605119,"54.2411","null","null","null","null","null","null","null",72,"5","4-Seam Fastball",4,4,4,4,4,4,4,4,"Infield shift","Standard"
"SL","2018-06-13","88.2","-1.7281","6.1112","Drew Steckenrider",457705,608716,"null","ball",,,,,"13","null","R","R","R","MIA","SF","B","null","null",1,1,2018,"-0.0126","0.7396","-1.2605","2.6381","null","null","457763.00",0,9,"Top","null","null",,,592663,,"180614_015717","1.1552","-128.3519","-3.8408","-0.3784","26.8084","-23.5553","3.5421","1.7363","null","null","null","87.6300","2102","5.9490",530422,608716,592663,571506,592680,500743,595375,518618,621446,605119,"54.5519","null","null","null","null","null","null","null",72,"3","Slider",4,4,4,4,4,4,4,4,"Infield shift","Standard"
"FF","2018-06-13","95.0","-1.3956","6.2772","Drew Steckenrider",457705,608716,"null","called_strike",,,,,"14","null","R","R","R","MIA","SF","S","null","null",1,0,2018,"-0.6631","1.8926","0.8597","1.7935","null","null","457763.00",0,9,"Top","null","null",,,592663,,"180614_015658","7.3178","-137.7452","-10.1388","-10.0253","31.8990","-6.2869","3.5628","1.6950","null","null","null","94.1210","2394","6.0700",530422,608716,592663,571506,592680,500743,595375,518618,621446,605119,"54.4305","null","null","null","null","null","null","null",72,"2","4-Seam Fastball",4,4,4,4,4,4,4,4,"Infield shift","Standard"
"SL","2018-06-13","88.3","-1.6147","6.0831","Drew Steckenrider",457705,608716,"null","ball",,,,,"14","null","R","R","R","MIA","SF","B","null","null",0,0,2018,"0.0074","0.4966","0.9156","2.6239","null","null","457763.00",0,9,"Top","null","null",,,592663,,"180614_015636","6.1188","-128.4840","-3.3719","-1.1293","25.4243","-26.2590","3.4594","1.7984","null","null","null","88.1250","2148","6.0830",530422,608716,592663,571506,592680,500743,595375,518618,621446,605119,"54.4179","null","null","null","null","null","null","null",72,"1","Slider",4,4,4,4,4,4,4,4,"Infield shift","Standard"
"SL","2018-06-13","90.0","-1.4682","5.5532","Sam Dyson",592663,473879,"null","ball",,,,,"14","null","R","R","R","MIA","SF","B","null","null",1,2,2018,"0.3292","0.3950","1.3271","1.0762","null","605119.00","null",0,8,"Bot","null","null",,,460026,,"180614_014616","6.1472","-130.7039","-5.8045","2.2995","28.5953","-26.8026","3.8093","1.7369","null","null","null","88.3080","2551","5.4290",530422,473879,460026,457763,605412,446334,543063,457706,491676,457705,"55.0714","null","null","null","null","null","null","null",67,"4","Slider",3,4,3,4,4,3,3,4,"Standard","Standard"
"SL","2018-06-13","91.1","-1.3873","5.4753","Sam Dyson",592663,473879,"null","ball",,,,,"14","null","R","R","R","MIA","SF","B","null","null",0,2,2018,"0.5473","0.8282","2.0794","0.9256","null","null","605119.00",0,8,"Bot","null","null",,,460026,,"180614_014523","7.4435","-132.1960","-7.1162","4.6690","28.0850","-21.4574","3.7266","1.7576","null","null","null","89.7140","2584","5.5850",530422,473879,460026,457763,605412,446334,543063,457706,491676,457705,"54.9156","null","null","null","null","null","null","null",67,"3","Slider",3,4,3,4,4,3,3,4,"Standard","Standard"
"FT","2018-06-13","93.0","-1.5815","5.4907","Sam Dyson",592663,473879,"null","called_strike",,,,,"7","null","R","R","R","MIA","SF","S","null","null",0,0,2018,"-1.5336","0.2700","-0.7533","2.2780","null","null","605119.00",0,8,"Bot","null","null",,,460026,,"180614_014354","5.2302","-135.1329","-2.9688","-19.2216","28.9077","-28.6193","3.8300","1.7990","null","null","null","91.1930","2182","5.2360",530422,473879,460026,457763,605412,446334,543063,457706,491676,457705,"55.2646","null","null","null","null","null","null","null",67,"1","2-Seam Fastball",3,4,3,4,4,3,3,4,"Standard","Standard"
"FT","2018-06-13","93.6","-1.5452","5.4793","Sam Dyson",605119,473879,"walk","ball",,,,,"12","Brian Anderson walks.  ","R","R","R","MIA","SF","B","null","null",3,1,2018,"-1.3524","0.2237","1.0376","2.7523","null","null","null",0,8,"Bot","null","null",,,460026,,"180614_014311","9.2709","-135.7623","-1.7414","-17.9962","27.5146","-29.4122","3.5695","1.7692","null","null","null","91.6420","2243","5.1260",530422,473879,460026,457763,605412,446334,543063,457706,491676,457705,"55.3745","null","null","0.70",1,0,0,"null",66,"5","2-Seam Fastball",3,4,3,4,4,3,3,4,"Standard","Standard"
"FT","2018-06-13","93.2","-1.4788","5.4489","Sam Dyson",605119,473879,"null","ball",,,,,"14","null","R","R","R","MIA","SF","B","null","null",2,1,2018,"-1.4104","0.2859","1.7297","2.5541","null","null","null",0,8,"Bot","null","null",,,460026,,"180614_014246","10.9485","-135.2062","-2.2475","-18.9192","26.9093","-28.5818","3.6109","1.7072","null","null","null","91.4700","2191","5.2230",530422,473879,460026,457763,605412,446334,543063,457706,491676,457705,"55.2779","null","null","null","null","null","null","null",66,"4","2-Seam Fastball",3,4,3,4,4,3,3,4,"Standard","Standard"
"FT","2018-06-13","93.2","-1.5050","5.4714","Sam Dyson",605119,473879,"null","called_strike",,,,,"9","null","R","R","R","MIA","SF","S","null","null",2,0,2018,"-1.5186","0.4217","0.4007","2.1532","null","null","null",0,8,"Bot","null","null",,,460026,,"180614_014220","7.9093","-135.2891","-3.5416","-19.6644","30.0131","-26.6924","3.4661","1.7072","null","null","null","91.1370","2290","5.2160",530422,473879,460026,457763,605412,446334,543063,457706,491676,457705,"55.2853","null","null","null","null","null","null","null",66,"3","2-Seam Fastball",3,4,3,4,4,3,3,4,"Standard","Standard"
"FT","2018-06-13","93.4","-1.5223","5.4292","Sam Dyson",605119,473879,"null","ball",,,,,"14","null","R","R","R","MIA","SF","B","null","null",1,0,2018,"-1.4418","0.3679","1.0601","2.2657","null","null","null",0,8,"Bot","null","null",,,460026,,"180614_014157","9.4680","-135.5201","-3.1036","-19.1196","28.1699","-27.4119","3.5282","1.7692","null","null","null","91.5570","2258","5.2310",530422,473879,460026,457763,605412,446334,543063,457706,491676,457705,"55.2694","null","null","null","null","null","null","null",66,"2","2-Seam Fastball",3,4,3,4,4,3,3,4,"Standard","Standard"
"FT","2018-06-13","94.3","-1.4479","5.4767","Sam Dyson",605119,473879,"null","ball",,,,,"13","null","R","R","R","MIA","SF","B","null","null",0,0,2018,"-1.5599","0.4546","-0.9494","2.2943","null","null","null",0,8,"Bot","null","null",,,460026,,"180614_014137","4.5107","-137.0619","-3.4772","-19.8925","29.6063","-26.1780","3.5075","1.6451","null","null","null","92.4330","2228","5.1890",530422,473879,460026,457763,605412,446334,543063,457706,491676,457705,"55.3118","null","null","null","null","null","null","null",66,"1","2-Seam Fastball",3,4,3,4,4,3,3,4,"Standard","Standard"
"FF","2018-06-13","98.0","-2.2664","6.5913","Tayron Guerrero",593700,594027,"walk","ball",,,,,"11","Alen Hanson walks.   Gorkys Hernandez to 2nd.  ","R","L","R","MIA","SF","B","null","null",3,1,2018,"-0.8347","1.6214","-0.6740","3.9107","null","null","491676.00",2,8,"Top","null","null",,,592663,,"180614_013522","6.1858","-142.4952","-5.4260","-12.7115","33.6417","-9.2724","3.4392","1.8812","null","null","null","97.4960","2239","6.1100",530422,594027,592663,571506,516770,592680,500743,518618,621446,605119,"54.3907","null","null","0.70",1,0,0,"null",64,"5","4-Seam Fastball",3,4,4,3,4,3,4,3,"Standard","Standard"
"FF","2018-06-13","97.3","-2.1632","6.4407","Tayron Guerrero",593700,594027,"null","ball",,,,,"11","null","R","L","R","MIA","SF","B","null","null",2,1,2018,"-1.0283","1.1621","-1.2138","3.5707","null","null","491676.00",2,8,"Top","null","null",,,"null",,"180614_013453","4.8925","-141.5003","-4.8010","-14.8901","33.5541","-15.7466","3.4806","1.8605","null","null","null","97.0470","2081","6.2690",530422,"null","null","null","null","null","null","null","null","null","54.2316","null","null","null","null","null","null","null",64,"4","4-Seam Fastball",3,4,4,3,4,3,4,3,"null","null"
"FF","2018-06-13","99.6","-2.2033","6.4240","Tayron Guerrero",593700,594027,"null","ball",,,,,"11","null","R","L","R","MIA","SF","B","null","null",1,1,2018,"-0.7678","1.6413","-0.3388","4.1531","null","null","491676.00",2,8,"Top","null","null",,,592663,,"180614_013427","7.0018","-144.8977","-4.7606","-12.6185","35.1350","-7.8766","3.3803","1.6981","null","null","null","100.2030","2297","6.7220",530422,594027,592663,571506,516770,592680,500743,518618,621446,605119,"53.7789","null","null","null","null","null","null","null",64,"3","4-Seam Fastball",3,4,4,3,4,3,4,3,"Standard","Standard"
"FF","2018-06-13","98.2","-2.3589","6.4751","Tayron Guerrero",593700,594027,"null","called_strike",,,,,"13","null","R","L","R","MIA","SF","S","null","null",1,0,2018,"-1.0840","1.1841","-1.0242","2.3931","null","null","491676.00",2,8,"Top","null","null",,,592663,,"180614_013404","6.0919","-142.7218","-8.2580","-16.1479","33.5689","-14.3839","3.3902","1.5939","null","null","null","97.8560","2178","6.2140",530422,594027,592663,571506,516770,592680,500743,518618,621446,605119,"54.2871","null","null","null","null","null","null","null",64,"2","4-Seam Fastball",3,4,4,3,4,3,4,3,"Standard","Standard"
"FF","2018-06-13","99.6","-2.1167","6.3038","Tayron Guerrero",491676,594027,"null","ball",,,,,"11","null","R","R","R","MIA","SF","B","null","null",2,2,2018,"-1.0163","1.2582","-0.2613","3.2924","null","null","null",2,8,"Top","null","null",,,592663,,"180614_013211","7.6040","-144.8992","-5.9718","-16.3038","31.6084","-12.9170","3.0515","1.5533","null","null","null","100.8970","2269","6.8640",530422,594027,592663,571506,516770,592680,500743,518618,621446,605119,"53.6367","null","null","null","null","null","null","null",63,"5","4-Seam Fastball",3,4,4,3,4,3,4,3,"Standard","Standard"
"FT","2018-06-13","100.5","-2.2441","6.2454","Tayron Guerrero",491676,594027,"null","ball",,,,,"14","null","R","R","R","MIA","SF","B","null","null",1,2,2018,"-1.1599","0.9400","1.2438","2.2621","null","null","null",2,8,"Top","null","null",,,592663,,"180614_013145","12.4830","-145.7516","-7.9533","-19.5575","32.6056","-16.9967","3.3825","1.6774","null","null","null","101.0320","2082","6.6580",530422,594027,592663,571506,516770,592680,500743,518618,621446,605119,"53.8434","null","null","null","null","null","null","null",63,"4","2-Seam Fastball",3,4,4,3,4,3,4,3,"Standard","Standard"
"FT","2018-06-13","100.0","-2.3557","6.2588","Tayron Guerrero",491676,594027,"null","ball",,,,,"14","null","R","R","R","MIA","SF","B","null","null",0,2,2018,"-1.1076","0.8770","0.7076","1.2370","null","null","null",2,8,"Top","null","null",,,592663,,"180614_013126","11.1023","-144.9940","-10.5484","-18.3210","33.2105","-17.4618","3.4239","1.6360","null","null","null","100.2880","2090","6.6000",530422,594027,592663,571506,516770,592680,500743,518618,621446,605119,"53.9004","null","null","null","null","null","null","null",63,"3","2-Seam Fastball",3,4,4,3,4,3,4,3,"Standard","Standard"
"FT","2018-06-13","93.8","-1.9514","6.5936","Tayron Guerrero",491676,594027,"null","called_strike",,,,,"8","null","R","R","R","MIA","SF","S","null","null",0,0,2018,"-1.0768","0.9095","0.1714","1.6684","null","null","null",2,8,"Top","null","null",,,592663,,"180614_013043","7.8069","-136.1826","-8.9658","-14.9629","27.8864","-19.2594","3.4873","1.7196","null","null","null","93.5920","1451","6.1430",530422,594027,592663,571506,516770,592680,500743,518618,621446,605119,"54.3583","null","null","null","null","null","null","null",63,"1","2-Seam Fastball",3,4,4,3,4,3,4,3,"Standard","Standard"
"SL","2018-06-13","83.0","-1.7974","6.3456","Tayron Guerrero",457706,594027,"null","ball",,,,,"1","null","R","R","R","MIA","SF","B","null","null",2,2,2018,"0.3818","-0.0523","-0.3201","3.5753","null","null","null",1,8,"Top","null","null",,,592663,,"180614_012936","2.6346","-120.8350","0.2678","3.1655","24.9717","-32.9707","3.4716","1.6760","null","null","null","82.7800","null","6.2550",530422,594027,592663,571506,516770,592680,500743,518618,621446,605119,"54.2456","null","null","null","null","null","null","null",62,"5","Slider",3,4,4,3,4,3,4,3,"Standard","Standard"
"FF","2018-06-13","97.5","-2.1203","6.5544","Tayron Guerrero",457706,594027,"null","called_strike",,,,,"9","null","R","R","R","MIA","SF","S","null","null",2,0,2018,"-0.8265","1.4158","0.3723","2.0037","null","null","null",1,8,"Top","null","null",,,592663,,"180614_012849","8.5974","-141.4002","-9.9069","-13.1382","34.1072","-11.0532","3.5337","1.7173","null","null","null","97.1820","2207","6.4280",530422,594027,592663,571506,516770,592680,500743,518618,621446,605119,"54.0734","null","null","null","null","null","null","null",62,"3","4-Seam Fastball",3,4,4,3,4,3,4,3,"Standard","Standard"
"FF","2018-06-13","100.1","-2.1079","6.4070","Tayron Guerrero",457706,594027,"null","ball",,,,,"11","null","R","R","R","MIA","SF","B","null","null",1,0,2018,"-1.0535","1.0645","-1.0010","5.1570","null","null","null",1,8,"Top","null","null",,,592663,,"180614_012820","5.5551","-145.5710","-0.5428","-16.3221","37.5700","-17.2223","3.5130","1.6760","null","null","null","99.8340","2267","6.4040",530422,594027,592663,571506,516770,592680,500743,518618,621446,605119,"54.0969","null","null","null","null","null","null","null",62,"2","4-Seam Fastball",3,4,4,3,4,3,4,3,"Standard","Standard"
"FF","2018-06-13","100.1","-2.2297","6.3514","Tayron Guerrero",457706,594027,"null","ball",,,,,"12","null","R","R","R","MIA","SF","B","null","null",0,0,2018,"-1.0726","1.0708","0.7459","3.6524","null","null","null",1,8,"Top","null","null",,,592663,,"180614_012804","10.7315","-145.2944","-4.5258","-17.8418","37.3828","-16.1884","3.5130","1.7173","null","null","null","99.5760","2270","6.3630",530422,594027,592663,571506,516770,592680,500743,518618,621446,605119,"54.1377","null","null","null","null","null","null","null",62,"1","4-Seam Fastball",3,4,4,3,4,3,4,3,"Standard","Standard"
"SI","2018-06-13","91.5","3.4141","5.2898","Tony Watson",518618,453265,"null","called_strike",,,,,"4","null","R","L","L","MIA","SF","S","null","null",0,1,2018,"1.1237","1.1453","-0.3880","2.4195","null","null","592680.00",1,7,"Bot","null","null",,,460026,,"180614_012304","-11.8901","-132.4920","-3.6658","15.8286","31.4313","-18.2997","3.5281","1.8024","null","null","null","90.3260","2337","6.0990",530422,453265,460026,457763,605412,446334,543063,457706,491676,457705,"54.4019","null","null","null","null","null","null","null",59,"2","Sinker",3,4,3,4,4,3,3,4,"Standard","Standard"
"SI","2018-06-13","92.4","3.4242","5.2600","Tony Watson",592680,453265,"walk","ball",,,,,"11","Yadiel Rivera walks.  ","R","R","L","MIA","SF","B","null","null",3,2,2018,"1.1711","0.8962","-1.2496","2.7678","null","null","null",1,7,"Bot","null","null",,,460026,,"180614_012146","-14.2191","-133.5707","-2.2808","17.1150","32.2703","-21.4207","3.3962","1.6530","null","null","null","90.7170","2330","5.9140",530422,453265,460026,457763,605412,446334,543063,457706,491676,457705,"54.5873","null","null","0.70",1,0,0,"null",58,"6","Sinker",3,4,3,4,4,3,3,4,"Strategic","Standard"
"SI","2018-06-13","92.8","3.3416","5.2608","Tony Watson",592680,453265,"null","ball",,,,,"11","null","R","R","L","MIA","SF","B","null","null",2,2,2018,"0.9603","0.9304","-1.1834","2.4743","null","null","null",1,7,"Bot","null","null",,,460026,,"180614_012126","-13.5575","-134.3297","-3.2070","14.7382","32.6820","-20.5619","3.2721","1.5702","null","null","null","91.6320","2270","6.1610",530422,453265,460026,457763,605412,446334,543063,457706,491676,457705,"54.3396","null","null","null","null","null","null","null",58,"5","Sinker",3,4,3,4,4,3,3,4,"Strategic","Standard"
"CH","2018-06-13","86.1","3.4997","5.1653","Tony Watson",592680,453265,"null","ball",,,,,"14","null","R","R","L","MIA","SF","B","null","null",1,2,2018,"1.7319","0.4784","1.3974","1.8418","null","null","null",1,7,"Bot","null","null",,,460026,,"180614_012107","-8.3268","-124.7925","-2.3760","19.5010","31.1003","-27.0703","3.3134","1.5081","null","null","null","84.1470","2406","5.7810",530422,453265,460026,457763,605412,446334,543063,457706,491676,457705,"54.7195","null","null","null","null","null","null","null",58,"4","Changeup",3,4,3,4,4,3,3,4,"Strategic","Standard"
"SI","2018-06-13","92.8","3.4038","5.2479","Tony Watson",592680,453265,"null","ball",,,,,"11","null","R","R","L","MIA","SF","B","null","null",0,1,2018,"1.3318","0.8792","-1.3574","2.7435","null","null","null",1,7,"Bot","null","null",,,460026,,"180614_012024","-14.8368","-134.3326","-2.4574","18.9072","26.8232","-21.3777","3.4376","1.6530","null","null","null","91.9040","2450","5.8690",530422,453265,460026,457763,605412,446334,543063,457706,491676,457705,"54.6318","null","null","null","null","null","null","null",58,"2","Sinker",3,4,3,4,4,3,3,4,"Strategic","Standard"
"SI","2018-06-13","93.3","3.5227","5.2155","Tony Watson",592680,453265,"null","called_strike",,,,,"5","null","R","R","L","MIA","SF","S","null","null",0,0,2018,"1.5702","0.6434","0.1457","2.2399","null","null","null",1,7,"Bot","null","null",,,460026,,"180614_012008","-11.9113","-135.1968","-3.2176","21.4545","28.2733","-23.9624","3.4884","1.6329","null","null","null","92.2920","2339","5.8300",530422,453265,460026,457763,605412,446334,543063,457706,491676,457705,"54.6709","null","null","null","null","null","null","null",58,"1","Sinker",3,4,3,4,4,3,3,4,"Strategic","Standard"
"CH","2018-06-13","85.3","3.6046","5.1697","Tony Watson",500743,453265,"null","ball",,,,,"12","null","R","R","L","MIA","SF","B","null","null",0,2,2018,"1.7947","0.7386","1.8515","2.6475","null","null","null",0,7,"Bot","null","null",,,460026,,"180614_011846","-7.5610","-123.6859","-0.8959","19.5966","30.2641","-24.9506","3.2480","1.6564","null","null","null","83.4230","2379","5.7690",530422,453265,460026,457763,605412,446334,543063,457706,491676,457705,"54.7320","null","null","null","null","null","null","null",57,"3","Changeup",3,4,3,4,4,3,3,4,"Strategic","Standard"
"CH","2018-06-13","83.8","3.5698","5.2491","Tony Watson",500743,453265,"null","called_strike",,,,,"6","null","R","R","L","MIA","SF","S","null","null",0,0,2018,"1.6723","0.7947","0.7280","2.5388","null","null","null",0,7,"Bot","null","null",,,460026,,"180614_011751","-9.6328","-121.4013","-1.2307","18.1269","26.8348","-24.5808","3.2480","1.6150","null","null","null","82.0760","2302","5.6750",530422,453265,460026,457763,605412,446334,543063,457706,491676,457705,"54.8263","null","null","null","null","null","null","null",57,"1","Changeup",3,4,3,4,4,3,3,4,"Strategic","Standard"
"SL","2018-06-13","84.7","-1.8880","6.3372","Tayron Guerrero",543063,594027,"null","ball",,,,,"14","null","R","L","R","MIA","SF","B","null","null",2,2,2018,"0.2905","-0.0635","0.3050","1.1596","null","null","446334.00",2,7,"Top","null","null",,,592663,,"180614_011439","4.5450","-123.2105","-5.6000","2.0196","25.3123","-31.8900","3.2788","1.6044","null","null","null","84.6880","2048","6.3780",530422,594027,592663,571506,516770,592680,500743,518618,621446,605119,"54.1229","null","null","null","null","null","null","null",56,"5","Slider",3,4,4,3,4,3,4,3,"Standard","Standard"
"FF","2018-06-13","97.9","-2.2419","6.4765","Tayron Guerrero",543063,594027,"null","ball",,,,,"11","null","R","L","R","MIA","SF","B","null","null",1,1,2018,"-0.9448","1.0083","-2.8141","3.5044","null","null","446334.00",2,7,"Top","null","null",,,592663,,"180614_011335","0.6841","-142.7090","-4.9818","-13.2939","32.5560","-17.2046","3.4029","1.5837","null","null","null","99.0990","2065","6.8440",530422,594027,592663,571506,516770,592680,500743,518618,621446,605119,"53.6572","null","null","null","null","null","null","null",56,"3","4-Seam Fastball",3,4,4,3,4,3,4,3,"Standard","Standard"
"FF","2018-06-13","101.2","-2.1305","6.3209","Tayron Guerrero",543063,594027,"null","ball",,,,,"13","null","R","L","R","MIA","SF","B","null","null",0,1,2018,"-0.9229","1.1744","-1.1611","2.2967","null","null","446334.00",2,7,"Top","null","null",,,592663,,"180614_011313","4.9978","-147.1989","-8.8609","-14.8351","34.3901","-12.8963","3.4029","1.6251","null","null","null","102.2740","2114","6.8580",530422,594027,592663,571506,516770,592680,500743,518618,621446,605119,"53.6430","null","null","null","null","null","null","null",56,"2","4-Seam Fastball",3,4,4,3,4,3,4,3,"Standard","Standard"
"FF","2018-06-13","101.3","-2.1770","6.2404","Tayron Guerrero",446334,594027,"null","ball",,,,,"14","null","R","R","R","MIA","SF","B","null","null",0,2,2018,"-0.7559","1.4595","1.3095","1.5989","null","457763.00","null",2,7,"Top","null","null",,,592663,,"180614_010933","11.6115","-146.8165","-11.2135","-13.7204","32.9458","-8.3832","3.8312","1.8326","null","null","null","101.9050","2324","6.7210",530422,594027,592663,571506,516770,592680,500743,518618,621446,605119,"53.7796","null","null","null","null","null","null","null",55,"3","4-Seam Fastball",3,3,3,3,3,3,3,3,"Standard","Standard"
"FF","2018-06-13","98.8","-2.2707","6.4115","Tayron Guerrero",446334,594027,"null","called_strike",,,,,"7","null","R","R","R","MIA","SF","S","null","null",0,0,2018,"-1.0708","1.2121","-0.7129","2.1425","null","457763.00","null",2,7,"Top","null","null",,,592663,,"180614_010845","6.7764","-143.6057","-9.0458","-16.4778","33.3333","-13.4090","3.9341","1.8533","null","null","null","99.1200","2106","6.5370",530422,594027,592663,571506,516770,592680,500743,518618,621446,605119,"53.9641","null","null","null","null","null","null","null",55,"1","4-Seam Fastball",3,3,3,3,3,3,3,3,"Standard","Standard"
"FF","2018-06-13","98.9","-2.1128","6.6216","Tayron Guerrero",457763,594027,"walk","ball",,,,,"9","Buster Posey walks.  ","R","R","R","MIA","SF","B","null","null",3,1,2018,"-1.0115","1.2214","0.7274","1.9069","null","null","null",1,7,"Top","null","null",,,592663,,"180614_010701","10.0191","-143.2811","-10.0925","-16.2631","35.8331","-13.2800","3.4346","1.6489","null","null","null","97.9230","2106","6.1720",530422,594027,592663,571506,516770,592680,500743,518618,621446,605119,"54.3284","null","null","0.70",1,0,0,"null",53,"5","4-Seam Fastball",3,3,3,3,3,3,3,3,"Standard","Standard"
"FF","2018-06-13","98.6","-2.0627","6.5145","Tayron Guerrero",457763,594027,"null","ball",,,,,"14","null","R","R","R","MIA","SF","B","null","null",2,1,2018,"-0.8267","1.3334","1.3589","1.4793","null","null","null",1,7,"Top","null","null",,,592663,,"180614_010635","11.2205","-142.7213","-11.2447","-14.0650","35.2322","-11.4004","3.5587","1.7110","null","null","null","98.1800","2263","6.5120",530422,594027,592663,571506,516770,592680,500743,518618,621446,605119,"53.9890","null","null","null","null","null","null","null",53,"4","4-Seam Fastball",3,3,3,3,3,3,3,3,"Standard","Standard"
"SL","2018-06-13","84.9","-1.8807","6.5394","Tayron Guerrero",457763,594027,"null","ball",,,,,"13","null","R","R","R","MIA","SF","B","null","null",1,1,2018,"0.2088","-0.0025","-0.1680","1.2898","null","null","null",1,7,"Top","null","null",,,592663,,"180614_010615","3.5755","-123.5082","-5.9051","1.3797","25.1661","-31.2333","3.5380","1.8145","null","null","null","84.3710","1976","6.0120",530422,594027,592663,571506,516770,592680,500743,518618,621446,605119,"54.4890","null","null","null","null","null","null","null",53,"3","Slider",3,3,3,3,3,3,3,3,"Standard","Standard"
"FT","2018-06-13","98.9","-2.2110","6.6042","Tayron Guerrero",457763,594027,"null","ball",,,,,"11","null","R","R","R","MIA","SF","B","null","null",0,0,2018,"-1.1569","0.9377","-1.0572","3.7522","null","null","null",1,7,"Top","null","null",,,592663,,"180614_010529","5.7751","-143.7535","-4.4599","-17.2030","33.7123","-18.5157","3.7035","1.8145","null","null","null","98.2900","2121","6.0370",530422,594027,592663,571506,516770,592680,500743,518618,621446,605119,"54.4642","null","null","null","null","null","null","null",53,"1","2-Seam Fastball",3,3,3,3,3,3,3,3,"Standard","Standard"
"FF","2018-06-13","92.2","1.9700","6.2639","Caleb Smith",605412,592761,"null","ball",,,,,"12","null","R","L","L","MIA","SF","B","null","null",2,1,2018,"0.9118","1.4886","1.3436","4.4793","null","null","null",0,7,"Top","null","null",,,592663,,"180614_010152","-3.4294","-133.9562","-1.7513","11.3328","30.3629","-14.8252","3.1843","1.5508","null","null","null","90.2890","2363","5.3200",530422,592761,592663,571506,516770,592680,500743,457727,621446,605119,"55.1808","null","null","null","null","null","null","null",52,"4","4-Seam Fastball",3,3,3,3,3,3,3,3,"Standard","Standard"
"FF","2018-06-13","92.9","1.8777","6.1358","Caleb Smith",605412,592761,"null","called_strike",,,,,"13","null","R","L","L","MIA","SF","S","null","null",2,0,2018,"1.0570","1.4924","-0.9455","1.7835","null","null","null",0,7,"Top","null","null",,,592663,,"180614_010134","-9.2768","-134.5342","-8.2971","14.4770","29.6109","-13.0545","3.1642","1.5306","null","null","null","91.0440","2395","5.4680",530422,592761,592663,571506,516770,592680,500743,457727,621446,605119,"55.0326","null","null","null","null","null","null","null",52,"3","4-Seam Fastball",3,3,3,3,3,3,3,3,"Standard","Standard"
"FF","2018-06-13","92.9","1.9169","6.2287","Caleb Smith",605412,592761,"null","ball",,,,,"13","null","R","L","L","MIA","SF","B","null","null",1,0,2018,"1.0347","1.5698","-1.4834","2.2885","null","null","null",0,7,"Top","null","null",,,592663,,"180614_010118","-10.6618","-134.4482","-7.3924","14.5142","30.1312","-12.3927","3.2464","1.5922","null","null","null","90.8550","2382","5.4300",530422,592761,592663,571506,516770,592680,500743,457727,621446,605119,"55.0706","null","null","null","null","null","null","null",52,"2","4-Seam Fastball",3,3,3,3,3,3,3,3,"Standard","Standard"
"FF","2018-06-13","92.5","1.8726","6.1479","Caleb Smith",605412,592761,"null","ball",,,,,"11","null","R","L","L","MIA","SF","B","null","null",0,0,2018,"0.9497","1.5734","-0.5863","3.5263","null","null","null",0,7,"Top","null","null",,,592663,,"180614_010104","-8.0986","-134.1502","-4.0414","12.8913","30.5977","-13.2334","3.1222","1.5508","null","null","null","90.4990","2389","5.3810",530422,592761,592663,571506,516770,592680,500743,457727,621446,605119,"55.1196","null","null","null","null","null","null","null",52,"1","4-Seam Fastball",3,3,3,3,3,3,3,3,"Standard","Standard"
"KC","2018-06-13","82.0","-1.4207","6.4668","Mark Melancon",621446,453343,"null","called_strike",,,,,"5","null","R","R","R","MIA","SF","S","null","null",0,0,2018,"0.2436","-1.0872","0.1871","2.6391","null","null","571506.00",1,6,"Bot","null","null",,,460026,,"180614_005717","3.1400","-119.1382","0.0952","1.5408","26.9183","-42.5200","3.7720","1.8062","null","null","null","80.6490","2773","5.8550",530422,453343,460026,457763,605412,446334,543063,457706,491676,457705,"54.6459","null","null","null","null","null","null","null",51,"1","Knuckle Curve",3,3,3,3,3,3,3,3,"Standard","Standard"
"FC","2018-06-13","91.2","-1.6864","6.3861","Mark Melancon",571506,453343,"null","called_strike",,,,,"6","null","R","L","R","MIA","SF","S","null","null",0,0,2018,"-0.0188","1.0829","0.4184","2.8280","null","592663.00","null",1,6,"Bot","null","null",,,460026,,"180614_005524","5.3306","-132.6294","-5.3457","-1.4109","29.6192","-18.4879","3.5349","1.7929","null","null","null","91.0210","2401","6.3160",530422,453343,460026,457763,605412,446334,543063,457706,491676,457705,"54.1854","null","null","null","null","null","null","null",50,"1","Cutter",2,3,2,3,3,2,2,3,"Strategic","Standard"
"FC","2018-06-13","91.4","-1.6710","6.4460","Mark Melancon",457727,453343,"null","called_strike",,,,,"9","null","R","R","R","MIA","SF","S","null","null",1,0,2018,"0.0578","0.7626","0.4370","1.9071","null","null","592663.00",0,6,"Bot","null","null",,,460026,,"180614_005408","5.1632","-132.7976","-7.1376","-0.4239","28.3455","-21.9237","3.7708","1.8236","null","null","null","90.9990","2609","6.1250",530422,453343,460026,457763,605412,446334,543063,457706,491676,457705,"54.3760","null","null","null","null","null","null","null",49,"2","Cutter",2,3,2,3,3,2,2,3,"Standard","Standard"
"FC","2018-06-13","90.7","-1.6345","6.4437","Mark Melancon",457727,453343,"null","ball",,,,,"14","null","R","R","R","MIA","SF","B","null","null",0,0,2018,"-0.0346","0.9944","1.2816","0.9822","null","null","592663.00",0,6,"Bot","null","null",,,460026,,"180614_005345","7.3322","-131.6238","-9.7666","-1.9681","28.1528","-18.8171","3.6769","1.7716","null","null","null","90.2890","2616","6.2080",530422,453343,460026,457763,605412,446334,543063,457706,491676,457705,"54.2933","null","null","null","null","null","null","null",49,"1","Cutter",2,3,2,3,3,2,2,3,"Standard","Standard"
"FC","2018-06-13","89.7","-1.8353","6.4612","Mark Melancon",592663,453343,"null","called_strike",,,,,"4","null","R","R","R","MIA","SF","S","null","null",0,0,2018,"0.0974","0.6189","-0.3042","2.7308","null","null","null",0,6,"Bot","null","null",,,460026,,"180614_005239","3.5823","-130.5458","-4.5222","0.3237","28.6178","-24.3622","3.7635","1.6497","null","null","null","89.6110","2270","6.3210",530422,453343,460026,457763,605412,446334,543063,457706,491676,457705,"54.1795","null","null","null","null","null","null","null",48,"1","Cutter",2,3,2,3,3,2,2,3,"Standard","Standard"
"FF","2018-06-13","92.3","1.6928","6.0594","Caleb Smith",452254,592761,"null","ball",,,,,"13","null","R","R","L","MIA","SF","B","null","null",0,1,2018,"1.0206","1.2599","-1.2058","2.3439","null","460026.00","457706.00",2,6,"Top","null","null",,,592663,,"180614_004813","-9.4773","-133.9361","-6.2753","14.1107","27.4743","-16.0888","3.7467","1.9064","null","null","null","91.7080","2261","5.9770",530422,592761,592663,571506,516770,592680,500743,457727,621446,605119,"54.5241","null","null","null","null","null","null","null",47,"2","4-Seam Fastball",2,3,3,2,3,2,3,2,"Standard","Standard"
"SL","2018-06-13","81.8","2.6641","6.0013","Caleb Smith",491676,592761,"null","called_strike",,,,,"9","null","R","R","L","MIA","SF","S","null","null",0,0,2018,"-0.3861","-0.3150","0.3827","1.9283","null","460026.00","457706.00",1,6,"Top","null","null",,,592663,,"180614_004615","-4.3241","-118.8931","-2.0024","-2.6787","22.4286","-34.9290","3.4208","1.6945","null","null","null","79.8350","2246","4.9600",530422,592761,592663,571506,516770,592680,500743,457727,621446,605119,"55.5410","null","null","null","null","null","null","null",46,"1","Slider",2,3,3,2,3,2,3,2,"Strategic","Standard"
"FF","2018-06-13","93.4","1.7801","6.1790","Caleb Smith",543063,592761,"null","ball",,,,,"13","null","R","L","L","MIA","SF","B","null","null",0,1,2018,"1.0498","1.7549","-2.4356","1.4352","null","null","null",1,6,"Top","null","null",,,592663,,"180614_004047","-12.8830","-134.8886","-9.9442","15.4693","31.1771","-9.2541","3.4812","1.6620","null","null","null","91.5690","2434","5.7520",530422,592761,592663,571506,516770,592680,500743,457727,621446,605119,"54.7492","null","null","null","null","null","null","null",43,"2","4-Seam Fastball",2,2,2,2,2,2,2,2,"Standard","Standard"
"FF","2018-06-13","91.9","2.0105","6.1848","Caleb Smith",543063,592761,"null","called_strike",,,,,"1","null","R","L","L","MIA","SF","S","null","null",0,0,2018,"1.0408","1.5213","-0.5593","3.2959","null","null","null",1,6,"Top","null","null",,,592663,,"180614_004030","-8.5288","-133.2686","-4.5225","13.9002","29.7189","-13.8975","3.4912","1.6827","null","null","null","90.1150","2184","5.4750",530422,592761,592663,571506,516770,592680,500743,457727,621446,605119,"55.0259","null","null","null","null","null","null","null",43,"1","4-Seam Fastball",2,2,2,2,2,2,2,2,"Standard","Standard"
"FF","2018-06-13","93.5","1.7442","6.0729","Caleb Smith",446334,592761,"null","ball",,,,,"11","null","R","R","L","MIA","SF","B","null","null",1,2,2018,"0.8815","1.3207","-1.4055","4.4050","null","null","null",0,6,"Top","null","null",,,592663,,"180614_003927","-9.7844","-135.7078","-1.3207","12.6250","28.9509","-16.3629","3.7898","1.8119","null","null","null","91.7830","2196","5.3450",530422,592761,592663,571506,516770,592680,500743,457727,621446,605119,"55.1559","null","null","null","null","null","null","null",42,"4","4-Seam Fastball",2,2,2,2,2,2,2,2,"Infield shift","Standard"
"SL","2018-06-13","80.2","2.5222","6.0001","Caleb Smith",446334,592761,"null","ball",,,,,"12","null","R","R","L","MIA","SF","B","null","null",0,0,2018,"-0.3080","-0.3022","0.9774","3.1866","null","null","null",0,6,"Top","null","null",,,592663,,"180614_003830","-2.7904","-116.5974","0.9695","-2.1725","21.3372","-35.2629","3.8726","1.8533","null","null","null","78.3310","null","4.9630",530422,592761,592663,571506,516770,592680,500743,457727,621446,605119,"55.5376","null","null","null","null","null","null","null",42,"1","Slider",2,2,2,2,2,2,2,2,"Infield shift","Standard"
"FF","2018-06-13","91.0","2.3430","6.5720","Andrew Suarez",605119,605498,"null","called_strike",,,,,"5","null","R","R","L","MIA","SF","S","null","null",3,0,2018,"0.7177","1.1739","-0.1351","2.9333","null","592761.00","516770.00",1,5,"Bot","null","null",,,460026,,"180614_003426","-7.4995","-132.0984","-5.4874","9.6322","27.5912","-18.1081","3.6272","1.7027","null","null","null","88.9720","1717","5.1240",530422,605498,460026,457763,605412,446334,543063,457706,491676,457705,"55.3769","null","null","null","null","null","null","null",41,"4","4-Seam Fastball",2,2,2,2,2,2,2,2,"Standard","Standard"
"FF","2018-06-13","91.9","2.2546","6.4969","Andrew Suarez",605119,605498,"null","ball",,,,,"13","null","R","R","L","MIA","SF","B","null","null",2,0,2018,"0.5846","1.4219","-1.0671","1.5428","null","592761.00","516770.00",1,5,"Bot","null","null",,,460026,,"180614_003408","-9.4937","-133.0898","-9.4901","8.8579","29.1704","-13.8634","3.6685","1.8269","null","null","null","90.3940","1816","5.6860",530422,605498,460026,457763,605412,446334,543063,457706,491676,457705,"54.8146","null","null","null","null","null","null","null",41,"3","4-Seam Fastball",2,2,2,2,2,2,2,2,"Standard","Standard"
"FF","2018-06-13","92.0","2.0883","6.5682","Andrew Suarez",605119,605498,"null","ball",,,,,"1","null","R","R","L","MIA","SF","B","null","null",1,0,2018,"0.3888","1.4484","-0.6668","3.8176","null","592761.00","516770.00",1,5,"Bot","null","null",,,460026,,"180614_003345","-7.6605","-133.5051","-4.0471","6.2259","30.2293","-14.7979","3.7099","1.7234","null","null","null","90.2070","1791","5.4650",530422,605498,460026,457763,605412,446334,543063,457706,491676,457705,"55.0360","null","null","null","null","null","null","null",41,"2","4-Seam Fastball",2,2,2,2,2,2,2,2,"Standard","Standard"
"FF","2018-06-13","92.1","2.4586","6.5476","Andrew Suarez",516770,605498,"walk","ball",,,,,"13","Starlin Castro walks.   Caleb Smith to 2nd.  ","R","R","L","MIA","SF","B","null","null",3,0,2018,"0.6519","1.1826","-1.3045","1.9808","null","null","592761.00",1,5,"Bot","null","null",,,460026,,"180614_003149","-10.6449","-133.2300","-7.9597","9.7975","29.0700","-17.1518","3.6405","1.7219","null","null","null","89.8670","1901","5.2860",530422,605498,460026,457763,605412,446334,543063,457706,491676,457705,"55.2146","null","null","0.70",1,0,0,"null",40,"4","4-Seam Fastball",2,2,2,2,2,2,2,2,"Standard","Standard"
"SL","2018-06-13","89.6","2.1124","6.6520","Andrew Suarez",516770,605498,"null","ball",,,,,"13","null","R","R","L","MIA","SF","B","null","null",2,0,2018,"-0.4726","0.6141","-1.3763","1.2124","null","null","592761.00",1,5,"Bot","null","null",,,460026,,"180614_003128","-7.4851","-129.9002","-8.4458","-3.5515","27.6949","-23.9599","3.6811","1.7211","null","null","null","87.5890","2183","5.2710",530422,605498,460026,457763,605412,446334,543063,457706,491676,457705,"55.2302","null","null","null","null","null","null","null",40,"3","Slider",2,2,2,2,2,2,2,2,"Standard","Standard"
"FF","2018-06-13","92.5","2.3343","6.5999","Andrew Suarez",516770,605498,"null","ball",,,,,"4","null","R","R","L","MIA","SF","B","null","null",1,0,2018,"1.0067","1.3038","-0.7847","2.3900","null","null","592761.00",1,5,"Bot","null","null",,,460026,,"180614_003108","-9.7855","-133.9840","-7.4011","13.7428","29.0120","-15.7955","3.5156","1.7211","null","null","null","90.1750","1912","5.1310",530422,605498,460026,457763,605412,446334,543063,457706,491676,457705,"55.3703","null","null","null","null","null","null","null",40,"2","4-Seam Fastball",2,2,2,2,2,2,2,2,"Standard","Standard"
"FF","2018-06-13","92.6","2.2219","6.6140","Andrew Suarez",516770,605498,"null","ball",,,,,"13","null","R","R","L","MIA","SF","B","null","null",0,0,2018,"1.0157","1.3611","-0.2815","1.2155","null","null","592761.00",1,5,"Bot","null","null",,,460026,,"180614_003048","-8.2930","-133.9978","-10.4903","13.5580","29.1081","-14.4163","3.7845","1.7831","null","null","null","90.2910","1955","5.2040",530422,605498,460026,457763,605412,446334,543063,457706,491676,457705,"55.2964","null","null","null","null","null","null","null",40,"1","4-Seam Fastball",2,2,2,2,2,2,2,2,"Standard","Standard"
"FF","2018-06-13","93.2","2.1699","6.5241","Andrew Suarez",592761,605498,"null","ball",,,,,"13","null","R","R","L","MIA","SF","B","null","null",1,0,2018,"0.5911","1.1059","-1.3667","1.5843","null","null","null",1,5,"Bot","null","null",,,460026,,"180614_002951","-10.1759","-134.9227","-9.0717","9.3013","30.0300","-17.2448","3.3351","1.6286","null","null","null","91.5970","1929","5.6650",530422,605498,460026,457763,605412,446334,543063,457706,491676,457705,"54.8361","null","null","null","null","null","null","null",39,"2","4-Seam Fastball",2,2,2,2,2,2,2,2,"Standard","Standard"
"SL","2018-06-13","89.4","2.3439","6.6424","Andrew Suarez",592761,605498,"null","ball",,,,,"13","null","R","R","L","MIA","SF","B","null","null",0,0,2018,"-0.2791","0.5139","-1.9258","1.4946","null","null","null",1,5,"Bot","null","null",,,460026,,"180614_002938","-9.6879","-129.4157","-7.4363","-0.9218","27.7136","-25.3509","3.3558","1.6079","null","null","null","86.9480","2109","5.0860",530422,605498,460026,457763,605412,446334,543063,457706,491676,457705,"55.4151","null","null","null","null","null","null","null",39,"1","Slider",2,2,2,2,2,2,2,2,"Standard","Standard"
"SL","2018-06-13","86.3","2.1851","6.6984","Andrew Suarez",592680,605498,"null","ball",,,,,"12","null","R","R","L","MIA","SF","B","null","null",1,1,2018,"-0.3940","0.0836","0.1088","3.9157","null","null","null",0,5,"Bot","null","null",,,460026,,"180614_002848","-4.0748","-125.3493","-0.5334","-3.1475","25.4727","-31.5038","3.4952","1.6900","null","null","null","84.2900","2037","5.0890",530422,605498,460026,457763,605412,446334,543063,457706,491676,457705,"55.4121","null","null","null","null","null","null","null",38,"3","Slider",2,2,2,2,2,2,2,2,"Standard","Standard"
"CU","2018-06-13","74.1","2.3296","6.6166","Andrew Suarez",592680,605498,"null","ball",,,,,"12","null","R","R","L","MIA","SF","B","null","null",0,1,2018,"-0.6531","-0.8513","2.4050","3.4483","null","null","null",0,5,"Bot","null","null",,,460026,,"180614_002834","1.1648","-107.5010","2.0798","-4.9345","18.5326","-39.0181","3.4745","1.6486","null","null","null","71.4080","2165","4.3670",530422,605498,460026,457763,605412,446334,543063,457706,491676,457705,"56.1339","null","null","null","null","null","null","null",38,"2","Curveball",2,2,2,2,2,2,2,2,"Standard","Standard"
"SL","2018-06-13","80.8","2.3406","6.0790","Caleb Smith",457705,592761,"null","ball",,,,,"12","null","R","R","L","MIA","SF","B","null","null",0,0,2018,"-0.3624","-0.3635","0.1148","3.5149","null","null","605412.00",2,5,"Top","null","null",,,592663,,"180614_002521","-4.1986","-117.3908","1.5257","-2.4747","20.9176","-35.9409","3.2887","1.6277","null","null","null","79.1570","2223","5.1010",530422,592761,592663,571506,516770,592680,500743,457727,621446,605119,"55.3998","null","null","null","null","null","null","null",37,"1","Slider",2,2,2,2,2,2,2,2,"Infield shift","Standard"
"SL","2018-06-13","80.5","2.3015","6.0501","Caleb Smith",457763,592761,"null","called_strike",,,,,"1","null","R","R","L","MIA","SF","S","null","null",0,1,2018,"-0.2321","-0.0438","-0.5473","3.3537","null","null","605412.00",1,5,"Top","null","null",,,592663,,"180614_002312","-5.7652","-117.0188","0.7086","-1.0298","20.7183","-32.9486","3.5796","1.7946","null","null","null","78.9050","2112","5.0940",530422,592761,592663,571506,516770,592680,500743,457727,621446,605119,"55.4069","null","null","null","null","null","null","null",36,"2","Slider",2,2,2,2,2,2,2,2,"Standard","Standard"
"FF","2018-06-13","93.8","1.6944","6.1954","Caleb Smith",605498,592761,"strikeout","called_strike",,,,,"4","Andrew Suarez called out on strikes.  ","R","L","L","MIA","SF","S",2,"null",2,2,2018,"0.8081","1.3646","-0.7200","2.6536","null","null","null",0,5,"Top","null","null",,,592663,,"180614_002129","-7.8316","-136.2230","-6.2526","11.4250","28.3022","-14.5740","3.5695","1.7398","null","null","null","92.4550","2351","5.4770",530422,592761,592663,571506,516770,592680,500743,457727,621446,605119,"55.0243","null","null","0.00",1,0,0,"null",34,"7","4-Seam Fastball",2,2,2,2,2,2,2,2,"Standard","Standard"
"FF","2018-06-13","93.2","1.9372","6.1311","Caleb Smith",605498,592761,"null","ball",,,,,"13","null","R","L","L","MIA","SF","B","null","null",1,1,2018,"0.6836","1.5376","-0.9179","2.3845","null","null","null",0,5,"Top","null","null",,,592663,,"180614_002023","-8.5864","-134.9647","-6.8543","10.0760","32.5126","-12.8070","3.5901","1.8019","null","null","null","90.8030","2344","5.3490",530422,592761,592663,571506,516770,592680,500743,457727,621446,605119,"55.1521","null","null","null","null","null","null","null",34,"3","4-Seam Fastball",2,2,2,2,2,2,2,2,"Standard","Standard"
"FF","2018-06-13","92.1","1.9175","6.1829","Caleb Smith",605498,592761,"null","called_strike",,,,,"2","null","R","L","L","MIA","SF","S","null","null",1,0,2018,"0.5929","1.4198","-0.2208","3.1952","null","null","null",0,5,"Top","null","null",,,592663,,"180614_002010","-6.5656","-133.6607","-4.5934","8.4003","31.2415","-14.9374","3.6884","1.8174","null","null","null","90.3060","2303","5.5360",530422,592761,592663,571506,516770,592680,500743,457727,621446,605119,"54.9653","null","null","null","null","null","null","null",34,"2","4-Seam Fastball",2,2,2,2,2,2,2,2,"Standard","Standard"
"FF","2018-06-13","91.4","2.0508","6.1396","Caleb Smith",605498,592761,"null","ball",,,,,"12","null","R","L","L","MIA","SF","B","null","null",0,0,2018,"0.8026","1.4687","0.3288","3.7326","null","null","null",0,5,"Top","null","null",,,592663,,"180614_001958","-5.8815","-132.6350","-3.1040","10.4516","30.5547","-15.0995","3.5229","1.7139","null","null","null","89.3320","2285","5.3420",530422,592761,592663,571506,516770,592680,500743,457727,621446,605119,"55.1594","null","null","null","null","null","null","null",34,"1","4-Seam Fastball",2,2,2,2,2,2,2,2,"Standard","Standard"
"CU","2018-06-13","78.0","2.4015","6.5857","Andrew Suarez",500743,605498,"null","called_strike",,,,,"3","null","R","R","L","MIA","SF","S","null","null",0,0,2018,"-0.7370","-0.4705","0.3555","2.9052","null","621446.00","null",2,4,"Bot","null","null",,,460026,,"180614_001708","-3.0309","-113.3080","-0.1683","-5.4449","21.6378","-36.2890","3.1608","1.5899","null","null","null","75.8430","2350","4.9170",530422,605498,460026,457763,605412,446334,543063,457706,491676,457705,"55.5836","null","null","null","null","null","null","null",33,"1","Curveball",2,2,2,2,2,2,2,2,"Standard","Standard"
"FF","2018-06-13","93.0","1.9930","6.6267","Andrew Suarez",571506,605498,"null","ball",,,,,"14","null","R","L","L","MIA","SF","B","null","null",2,2,2018,"1.0156","0.9796","1.0192","2.3646","592663.00","457727.00","null",0,4,"Bot","null","null",,,460026,,"180614_001438","-4.5513","-134.9643","-7.0142","12.9981","31.6339","-19.3067","3.5763","1.8549","null","null","null","90.9490","1980","5.3710",530422,605498,460026,457763,605412,446334,543063,457706,491676,457705,"55.1295","null","null","null","null","null","null","null",31,"5","4-Seam Fastball",1,2,1,2,2,1,1,2,"Strategic","Standard"
"FF","2018-06-13","92.5","1.9761","6.5841","Andrew Suarez",571506,605498,"null","ball",,,,,"14","null","R","L","L","MIA","SF","B","null","null",1,1,2018,"1.0893","1.0356","0.7375","1.3065","592663.00","457727.00","null",0,4,"Bot","null","null",,,460026,,"180614_001354","-5.3323","-134.0464","-9.5313","13.8649","31.4886","-18.2325","3.6168","2.0197","null","null","null","90.2880","1932","5.3670",530422,605498,460026,457763,605412,446334,543063,457706,491676,457705,"55.1339","null","null","null","null","null","null","null",31,"3","4-Seam Fastball",1,2,1,2,2,1,1,2,"Strategic","Standard"
"SL","2018-06-13","89.0","2.2176","6.6363","Andrew Suarez",571506,605498,"null","called_strike",,,,,"8","null","R","L","L","MIA","SF","S","null","null",1,0,2018,"-0.7415","0.4721","-0.1518","1.8036","592663.00","457727.00","null",0,4,"Bot","null","null",,,460026,,"180614_001335","-4.2344","-129.3248","-6.6428","-7.1637","26.7917","-25.9425","3.7203","1.6886","null","null","null","87.4090","2244","5.3500",530422,605498,460026,457763,605412,446334,543063,457706,491676,457705,"55.1508","null","null","null","null","null","null","null",31,"2","Slider",1,2,1,2,2,1,1,2,"Strategic","Standard"
"FF","2018-06-13","92.3","2.0291","6.6173","Andrew Suarez",571506,605498,"null","ball",,,,,"14","null","R","L","L","MIA","SF","B","null","null",0,0,2018,"1.0530","1.0859","1.2293","2.5074","592663.00","457727.00","null",0,4,"Bot","null","null",,,460026,,"180614_001321","-4.1111","-133.8141","-6.6168","12.9972","32.2692","-18.5111","3.7616","2.1852","null","null","null","89.5590","2009","5.0760",530422,605498,460026,457763,605412,446334,543063,457706,491676,457705,"55.4245","null","null","null","null","null","null","null",31,"1","4-Seam Fastball",1,2,1,2,2,1,1,2,"Strategic","Standard"
"CH","2018-06-13","86.2","2.5391","6.4404","Andrew Suarez",592663,605498,"null","called_strike",,,,,"5","null","R","R","L","MIA","SF","S","null","null",0,1,2018,"1.2505","0.8693","0.0645","3.0183","null","null","605119.00",0,4,"Bot","null","null",,,460026,,"180614_001112","-8.1745","-125.0740","-3.4902","14.3838","26.1139","-22.9038","3.8876","1.7946","null","null","null","84.5050","1541","5.4240",530422,605498,460026,457763,605412,446334,543063,457706,491676,457705,"55.0773","null","null","null","null","null","null","null",29,"2","Changeup",0,2,0,2,2,0,0,2,"Standard","Standard"
"FF","2018-06-13","92.4","2.2022","6.7241","Andrew Suarez",592663,605498,"null","called_strike",,,,,"6","null","R","R","L","MIA","SF","S","null","null",0,0,2018,"1.1431","1.1067","0.3556","2.6518","null","null","605119.00",0,4,"Bot","null","null",,,460026,,"180614_001050","-6.8449","-134.0442","-6.6239","14.5603","28.5298","-18.3650","3.8256","1.7532","null","null","null","89.8370","1891","4.8540",530422,605498,460026,457763,605412,446334,543063,457706,491676,457705,"55.6473","null","null","null","null","null","null","null",29,"1","4-Seam Fastball",0,2,0,2,2,0,0,2,"Standard","Standard"
"FF","2018-06-13","91.9","2.3726","6.5392","Andrew Suarez",605119,605498,"walk","ball",,,,,"12","Brian Anderson walks.  ","R","R","L","MIA","SF","B","null","null",3,1,2018,"1.2728","1.0824","2.0779","3.6323","null","null","null",0,4,"Bot","null","null",,,460026,,"180614_000958","-3.3355","-133.6036","-3.6784","15.4165","30.0838","-19.1528","3.5651","1.7648","null","null","null","90.0810","1937","5.3300",530422,605498,460026,457763,605412,446334,543063,457706,491676,457705,"55.1712","null","null","0.70",1,0,0,"null",28,"5","4-Seam Fastball",0,2,0,2,2,0,0,2,"Standard","Standard"
"FF","2018-06-13","91.9","2.4986","6.6127","Andrew Suarez",605119,605498,"null","called_strike",,,,,"3","null","R","R","L","MIA","SF","S","null","null",3,0,2018,"0.6223","1.3042","0.3122","3.3559","null","null","null",0,4,"Bot","null","null",,,460026,,"180614_000944","-6.6433","-133.3815","-4.9356","8.5415","29.1570","-16.5260","3.5444","1.7441","null","null","null","89.5550","1895","5.0270",530422,605498,460026,457763,605412,446334,543063,457706,491676,457705,"55.4734","null","null","null","null","null","null","null",28,"4","4-Seam Fastball",0,2,0,2,2,0,0,2,"Standard","Standard"
"SL","2018-06-13","88.5","2.0971","6.7232","Andrew Suarez",605119,605498,"null","ball",,,,,"13","null","R","R","L","MIA","SF","B","null","null",2,0,2018,"-0.3698","0.6627","-1.8214","2.6309","null","null","null",0,4,"Bot","null","null",,,460026,,"180614_000920","-8.6005","-128.4249","-5.1051","-2.2321","25.3237","-24.3968","3.5858","1.7441","null","null","null","86.5010","2140","5.0630",530422,605498,460026,457763,605412,446334,543063,457706,491676,457705,"55.4379","null","null","null","null","null","null","null",28,"3","Slider",0,2,0,2,2,0,0,2,"Standard","Standard"
"FF","2018-06-13","91.0","2.0971","6.5853","Andrew Suarez",605119,605498,"null","ball",,,,,"13","null","R","R","L","MIA","SF","B","null","null",1,0,2018,"0.8169","1.5473","-0.8727","0.3084","null","null","null",0,4,"Bot","null","null",,,460026,,"180614_000903","-8.8824","-131.4798","-12.5953","11.0090","28.1842","-12.5032","3.5858","1.7648","null","null","null","88.6020","1980","5.2220",530422,605498,460026,457763,605412,446334,543063,457706,491676,457705,"55.2787","null","null","null","null","null","null","null",28,"2","4-Seam Fastball",0,2,0,2,2,0,0,2,"Standard","Standard"
"CH","2018-06-13","85.6","2.6961","6.4611","Andrew Suarez",605119,605498,"null","ball",,,,,"14","null","R","R","L","MIA","SF","B","null","null",0,0,2018,"1.2434","0.7170","2.0854","2.3579","null","null","null",0,4,"Bot","null","null",,,460026,,"180614_000851","-3.7712","-124.2814","-4.6462","13.1677","26.3271","-24.3418","3.5858","1.7027","null","null","null","83.6920","1583","5.2870",530422,605498,460026,457763,605412,446334,543063,457706,491676,457705,"55.2143","null","null","null","null","null","null","null",28,"1","Changeup",0,2,0,2,2,0,0,2,"Standard","Standard"
"CH","2018-06-13","83.9","2.0725","6.0804","Caleb Smith",491676,592761,"null","called_strike",,,,,"2","null","R","R","L","MIA","SF","S","null","null",2,0,2018,"1.3240","0.6106","-0.0026","2.8766","null","null","457706.00",2,4,"Top","null","null",,,592663,,"180614_000505","-7.1884","-121.7322","-2.0425","14.2042","26.3203","-26.1883","3.3381","1.5703","null","null","null","82.0140","1655","5.4150",530422,592761,592663,571506,516770,592680,500743,457727,621446,605119,"55.0858","null","null","null","null","null","null","null",27,"3","Changeup",0,2,2,0,2,0,2,0,"Standard","Standard"
"CH","2018-06-13","83.7","2.2028","6.0835","Caleb Smith",491676,592761,"null","ball",,,,,"14","null","R","R","L","MIA","SF","B","null","null",1,0,2018,"1.3710","0.5366","0.8925","2.0517","null","null","457706.00",2,4,"Top","null","null",,,592663,,"180614_000445","-5.5154","-121.4583","-3.7402","14.1993","26.1195","-26.5693","3.3996","1.6324","null","null","null","81.7410","1748","5.3460",530422,592761,592663,571506,516770,592680,500743,457727,621446,605119,"55.1549","null","null","null","null","null","null","null",27,"2","Changeup",0,2,2,0,2,0,2,0,"Standard","Standard"
"FF","2018-06-13","91.6","1.9644","6.1455","Caleb Smith",491676,592761,"null","ball",,,,,"1","null","R","R","L","MIA","SF","B","null","null",0,0,2018,"0.7892","1.5091","-0.6102","3.3940","null","null","457706.00",2,4,"Top","null","null",,,592663,,"180614_000423","-7.9656","-132.8791","-4.0959","10.7358","28.7113","-14.3209","3.3582","1.6324","null","null","null","89.7040","2225","5.3170",530422,592761,592663,571506,516770,592680,500743,457727,621446,605119,"55.1844","null","null","null","null","null","null","null",27,"1","4-Seam Fastball",0,2,2,0,2,0,2,0,"Standard","Standard"
"SL","2018-06-13","83.1","2.5355","5.9857","Caleb Smith",457706,592761,"null","called_strike",,,,,"14","null","R","R","L","MIA","SF","S","null","null",0,0,2018,"-0.2346","-0.0317","0.8616","2.3957","null","null","null",2,4,"Top","null","null",,,592663,,"180614_000305","-3.3123","-120.7937","-1.7054","-1.6011","21.8459","-32.4286","3.5913","1.6508","null","null","null","81.2950","2288","4.9640",530422,592761,592663,571506,516770,592680,500743,457727,621446,605119,"55.5368","null","null","null","null","null","null","null",26,"1","Slider",0,2,2,0,2,0,2,0,"Standard","Standard"
"FF","2018-06-13","94.0","1.9259","6.1677","Caleb Smith",460026,592761,"null","ball",,,,,"11","null","R","R","L","MIA","SF","B","null","null",2,2,2018,"0.8319","1.4029","-1.5862","3.4911","null","null","null",1,4,"Top","null","null",,,592663,,"180614_000204","-10.6737","-136.2988","-4.1126","12.3998","29.9755","-14.5777","3.3940","1.6408","null","null","null","92.2760","2291","5.4600",530422,592761,592663,571506,516770,592680,500743,457727,621446,605119,"55.0413","null","null","null","null","null","null","null",25,"6","4-Seam Fastball",0,2,2,0,2,0,2,0,"Infield shift","Standard"
"FF","2018-06-13","93.6","1.9414","6.2032","Caleb Smith",460026,592761,"null","ball",,,,,"11","null","R","R","L","MIA","SF","B","null","null",1,1,2018,"1.0734","1.5448","-1.1583","2.6417","null","null","null",1,4,"Top","null","null",,,592663,,"180614_000107","-10.0593","-135.6009","-6.5476","15.0083","29.7571","-12.5802","3.4560","1.6615","null","null","null","91.6620","2347","5.3800",530422,592761,592663,571506,516770,592680,500743,457727,621446,605119,"55.1212","null","null","null","null","null","null","null",25,"3","4-Seam Fastball",0,2,2,0,2,0,2,0,"Infield shift","Standard"
"FF","2018-06-13","93.1","1.9594","6.1602","Caleb Smith",460026,592761,"null","ball",,,,,"11","null","R","R","L","MIA","SF","B","null","null",0,0,2018,"1.0281","1.4450","-1.5739","3.0826","null","null","null",1,4,"Top","null","null",,,592663,,"180614_000009","-10.9618","-134.7885","-4.9768","14.5184","30.5799","-14.4171","3.4560","1.6408","null","null","null","90.7770","2271","5.2620",530422,592761,592663,571506,516770,592680,500743,457727,621446,605119,"55.2387","null","null","null","null","null","null","null",25,"1","4-Seam Fastball",0,2,2,0,2,0,2,0,"Infield shift","Standard"
"SL","2018-06-13","88.7","2.4105","6.5938","Andrew Suarez",516770,605498,"null","called_strike",,,,,"7","null","R","R","L","MIA","SF","S","null","null",0,1,2018,"-0.2574","0.5253","-0.4109","1.9390","null","null","592761.00",2,3,"Bot","null","null",,,460026,,"180613_235513","-6.2403","-128.9156","-6.2853","-1.6089","24.0268","-25.5952","3.6914","1.7426","null","null","null","87.1220","2314","5.1280",530422,605498,460026,457763,605412,446334,543063,457706,491676,457705,"55.3730","null","null","null","null","null","null","null",23,"2","Slider",0,2,0,2,2,0,0,2,"Strategic","Standard"
"FF","2018-06-13","93.6","2.1495","6.5920","Andrew Suarez",516770,605498,"null","called_strike",,,,,"8","null","R","R","L","MIA","SF","S","null","null",0,0,2018,"0.7904","1.3413","0.0555","1.9710","null","null","592761.00",2,3,"Bot","null","null",,,460026,,"180613_235453","-6.9101","-135.6755","-8.7630","10.9317","30.5586","-14.5698","3.6914","1.7012","null","null","null","91.3970","2062","5.2440",530422,605498,460026,457763,605412,446334,543063,457706,491676,457705,"55.2571","null","null","null","null","null","null","null",23,"1","4-Seam Fastball",0,2,0,2,2,0,0,2,"Standard","Standard"
"SL","2018-06-13","88.0","1.9822","6.6870","Andrew Suarez",592680,605498,"null","ball",,,,,"13","null","R","R","L","MIA","SF","B","null","null",0,2,2018,"-0.5074","0.1644","-1.1558","1.0405","null","null","null",1,3,"Bot","null","null",,,460026,,"180613_235323","-6.4413","-127.7020","-7.7558","-4.1609","23.4818","-29.2678","3.3504","1.5658","null","null","null","86.1700","2275","5.0340",530422,605498,460026,457763,605412,446334,543063,457706,491676,457705,"55.4672","null","null","null","null","null","null","null",21,"5","Slider",0,2,0,2,2,0,0,2,"Standard","Standard"
"FF","2018-06-13","93.1","2.3462","6.5934","Andrew Suarez",592680,605498,"null","called_strike",,,,,"7","null","R","R","L","MIA","SF","S","null","null",0,0,2018,"0.7060","1.5107","-0.3911","2.0111","null","null","null",1,3,"Bot","null","null",,,460026,,"180613_235214","-8.2428","-134.7754","-8.8310","9.9735","28.7572","-12.9920","3.6495","1.7733","null","null","null","90.5210","2082","4.9690",530422,605498,460026,457763,605412,446334,543063,457706,491676,457705,"55.5322","null","null","null","null","null","null","null",21,"1","4-Seam Fastball",0,2,0,2,2,0,0,2,"Standard","Standard"
"CH","2018-06-13","85.2","2.5487","6.4752","Andrew Suarez",500743,605498,"null","ball",,,,,"12","null","R","R","L","MIA","SF","B","null","null",0,0,2018,"1.1327","0.8128","1.3592","2.4553","null","null","null",0,3,"Bot","null","null",,,460026,,"180613_235119","-4.8851","-123.7727","-4.6405","12.2120","23.2896","-23.4481","3.1402","1.6106","null","null","null","83.8290","1571","5.3520",530422,605498,460026,457763,605412,446334,543063,457706,491676,457705,"55.1487","null","null","null","null","null","null","null",20,"1","Changeup",0,2,0,2,2,0,0,2,"Standard","Standard"
"CH","2018-06-13","84.4","2.2293","6.1005","Caleb Smith",446334,592761,"null","ball",,,,,"12","null","R","R","L","MIA","SF","B","null","null",0,0,2018,"1.2413","1.0443","1.6192","3.9840","457763.00","457705.00","null",2,3,"Top","null","null",,,592663,,"180613_234808","-3.7833","-122.7871","-0.5830","13.0215","24.2708","-21.9808","3.9139","1.8119","null","null","null","83.4880","1757","5.6960",530422,592761,592663,571506,516770,592680,500743,457727,621446,605119,"54.8048","null","null","null","null","null","null","null",19,"1","Changeup",0,2,2,0,2,0,2,0,"Infield shift","Standard"
"SL","2018-06-13","82.5","2.2924","5.9843","Caleb Smith",457705,592761,"null","ball",,,,,"13","null","R","R","L","MIA","SF","B","null","null",2,1,2018,"-0.2600","-0.0317","-1.2959","1.1459","null","null","457763.00",2,3,"Top","null","null",,,592663,,"180613_234642","-7.4907","-119.7582","-4.3258","-0.9917","22.5283","-31.9250","3.5377","1.8354","null","null","null","80.6510","2369","5.1030",530422,592761,592663,571506,516770,592680,500743,457727,621446,605119,"55.3977","null","null","null","null","null","null","null",18,"4","Slider",0,2,2,0,2,0,2,0,"Infield shift","Standard"
"CH","2018-06-13","84.9","2.2088","6.0840","Caleb Smith",457705,592761,"null","ball",,,,,"14","null","R","R","L","MIA","SF","B","null","null",1,1,2018,"1.2069","0.9429","0.2857","0.8046","null","null","457763.00",2,3,"Top","null","null",,,592663,,"180613_234620","-6.7370","-123.1379","-7.6851","13.3125","25.1071","-21.5399","3.5377","1.7733","null","null","null","83.4880","1813","5.6010",530422,592761,592663,571506,516770,592680,500743,457727,621446,605119,"54.8998","null","null","null","null","null","null","null",18,"3","Changeup",0,2,2,0,2,0,2,0,"Infield shift","Standard"
"FF","2018-06-13","92.9","2.0346","6.1092","Caleb Smith",457705,592761,"null","ball",,,,,"12","null","R","R","L","MIA","SF","B","null","null",0,1,2018,"0.8981","1.1992","0.5923","5.0546","null","null","457763.00",2,3,"Top","null","null",,,592663,,"180613_234554","-5.4537","-134.9507","0.5945","11.7569","31.1119","-18.5822","3.5377","1.7112","null","null","null","90.7200","2283","5.1940",530422,592761,592663,571506,516770,592680,500743,457727,621446,605119,"55.3066","null","null","null","null","null","null","null",18,"2","4-Seam Fastball",0,2,2,0,2,0,2,0,"Infield shift","Standard"
"SL","2018-06-13","81.7","2.3639","6.0187","Caleb Smith",457705,592761,"null","called_strike",,,,,"8","null","R","R","L","MIA","SF","S","null","null",0,0,2018,"-0.1825","0.0804","-0.1561","1.8765","null","null","457763.00",2,3,"Top","null","null",,,592663,,"180613_234531","-5.1974","-118.7475","-2.8512","-0.6915","21.8106","-31.2040","3.5584","1.7319","null","null","null","79.6970","2232","4.8760",530422,592761,592663,571506,516770,592680,500743,457727,621446,605119,"55.6246","null","null","null","null","null","null","null",18,"1","Slider",0,2,2,0,2,0,2,0,"Strategic","Standard"
"FF","2018-06-13","92.6","1.8591","6.1862","Caleb Smith",457763,592761,"null","called_strike",,,,,"1","null","R","R","L","MIA","SF","S","null","null",3,1,2018,"0.9379","1.5925","-0.6424","2.9183","null","null","null",2,3,"Top","null","null",,,592663,,"180613_234434","-8.2226","-134.2608","-5.7381","12.8692","30.9310","-12.4912","3.4555","1.6290","null","null","null","90.7860","2388","5.5350",530422,592761,592663,571506,516770,592680,500743,457727,621446,605119,"54.9657","null","null","null","null","null","null","null",17,"5","4-Seam Fastball",0,2,2,0,2,0,2,0,"Standard","Standard"
"FF","2018-06-13","92.8","1.8845","6.1111","Caleb Smith",457763,592761,"null","ball",,,,,"11","null","R","R","L","MIA","SF","B","null","null",2,1,2018,"0.8297","1.3901","-1.0042","3.3585","null","null","null",2,3,"Top","null","null",,,592663,,"180613_234416","-9.0100","-134.6758","-4.0936","11.8485","30.5761","-15.0853","3.5181","1.6704","null","null","null","91.2370","2254","5.5970",530422,592761,592663,571506,516770,592680,500743,457727,621446,605119,"54.9035","null","null","null","null","null","null","null",17,"4","4-Seam Fastball",0,2,2,0,2,0,2,0,"Standard","Standard"
"CH","2018-06-13","84.2","2.2425","5.9832","Caleb Smith",457763,592761,"null","ball",,,,,"12","null","R","R","L","MIA","SF","B","null","null",1,0,2018,"1.1287","0.7473","1.3017","2.8988","null","null","null",2,3,"Top","null","null",,,592663,,"180613_234337","-4.2897","-122.4093","-2.2154","11.8810","22.7721","-24.6644","3.5181","1.6497","null","null","null","83.2080","1744","5.5550",530422,592761,592663,571506,516770,592680,500743,457727,621446,605119,"54.9456","null","null","null","null","null","null","null",17,"2","Changeup",0,2,2,0,2,0,2,0,"Standard","Standard"
"CH","2018-06-13","85.2","2.2180","5.9272","Caleb Smith",457763,592761,"null","ball",,,,,"13","null","R","R","L","MIA","SF","B","null","null",0,0,2018,"1.3274","0.6923","-0.5116","0.2957","null","null","null",2,3,"Top","null","null",,,592663,,"180613_234319","-8.8819","-123.4116","-8.0669","15.0939","26.0871","-23.8376","3.5388","1.6497","null","null","null","83.7600","1693","5.7390",530422,592761,592663,571506,516770,592680,500743,457727,621446,605119,"54.7620","null","null","null","null","null","null","null",17,"1","Changeup",0,2,2,0,2,0,2,0,"Standard","Standard"
"SL","2018-06-13","81.5","2.5038","6.0568","Caleb Smith",605412,592761,"null","called_strike",,,,,"6","null","R","L","L","MIA","SF","S","null","null",1,0,2018,"-0.2707","-0.2517","0.3143","2.2985","null","null","null",1,3,"Top","null","null",,,592663,,"180613_234228","-4.3259","-118.4871","-1.3996","-1.6780","21.3396","-34.4672","3.2883","1.5720","null","null","null","79.9800","null","5.1640",530422,592761,592663,571506,516770,592680,500743,457727,621446,605119,"55.3373","null","null","null","null","null","null","null",16,"2","Slider",0,2,2,0,2,0,2,0,"Standard","Standard"
"FF","2018-06-13","92.6","1.9501","6.1671","Caleb Smith",605412,592761,"null","ball",,,,,"11","null","R","L","L","MIA","SF","B","null","null",0,0,2018,"0.9944","1.6396","-1.1652","2.6346","null","null","null",1,3,"Top","null","null",,,592663,,"180613_234216","-9.8116","-134.0985","-6.4455","13.7414","29.8944","-11.9624","3.3084","1.5715","null","null","null","90.4610","2391","5.3260",530422,592761,592663,571506,516770,592680,500743,457727,621446,605119,"55.1745","null","null","null","null","null","null","null",16,"1","4-Seam Fastball",0,2,2,0,2,0,2,0,"Standard","Standard"
"SL","2018-06-13","82.1","2.6595","5.9361","Caleb Smith",605498,592761,"strikeout","called_strike",,,,,"9","Andrew Suarez called out on strikes.  ","R","L","L","MIA","SF","S",2,"null",1,2,2018,"-0.3181","-0.3412","0.4606","1.8152","null","null","null",0,3,"Top","null","null",,,592663,,"180613_234149","-4.2781","-119.2328","-2.0975","-2.0804","22.7588","-35.1634","3.5901","1.7605","null","null","null","80.0830","2320","4.9940",530422,592761,592663,571506,516770,592680,500743,457727,621446,605119,"55.5070","null","null","0.00",1,0,0,"null",15,"4","Slider",0,2,2,0,2,0,2,0,"Standard","Standard"
"FF","2018-06-13","92.4","1.9776","6.2506","Caleb Smith",605498,592761,"null","ball",,,,,"13","null","R","L","L","MIA","SF","B","null","null",0,1,2018,"0.7906","1.8222","-1.3058","2.5425","null","null","null",0,3,"Top","null","null",,,592663,,"180613_234122","-9.7993","-133.8568","-7.2221","11.3584","30.1726","-9.7376","3.6729","1.7398","null","null","null","90.2770","2372","5.3430",530422,592761,592663,571506,516770,592680,500743,457727,621446,605119,"55.1578","null","null","null","null","null","null","null",15,"2","4-Seam Fastball",0,2,2,0,2,0,2,0,"Standard","Standard"
"FF","2018-06-13","92.2","2.1691","6.1488","Caleb Smith",605498,592761,"null","called_strike",,,,,"2","null","R","L","L","MIA","SF","S","null","null",0,0,2018,"0.9312","1.7174","0.0055","3.2111","null","null","null",0,3,"Top","null","null",,,592663,,"180613_234111","-7.2765","-133.7821","-5.0649","12.3654","29.8870","-11.5168","3.6522","1.8226","null","null","null","90.1200","2365","5.2570",530422,592761,592663,571506,516770,592680,500743,457727,621446,605119,"55.2439","null","null","null","null","null","null","null",15,"1","4-Seam Fastball",0,2,2,0,2,0,2,0,"Standard","Standard"
"CH","2018-06-13","86.3","2.5217","6.4440","Andrew Suarez",621446,605498,"null","ball",,,,,"12","null","R","R","L","MIA","SF","B","null","null",0,1,2018,"1.4134","0.5882","2.8883","3.0458","null","null","null",2,2,"Bot","null","null",,,460026,,"180613_233829","-1.8432","-125.4297","-2.9376","14.7221","25.5245","-25.8792","3.7513","1.8269","null","null","null","84.5560","1506","5.2320",530422,605498,460026,457763,605412,446334,543063,457706,491676,457705,"55.2692","null","null","null","null","null","null","null",14,"2","Changeup",0,2,0,2,2,0,0,2,"Standard","Standard"
"FF","2018-06-13","93.9","1.8684","6.6477","Andrew Suarez",571506,605498,"null","ball",,,,,"14","null","R","L","L","MIA","SF","B","null","null",1,2,2018,"1.0265","1.3250","0.6225","1.3531","null","null","null",1,2,"Bot","null","null",,,460026,,"180613_233722","-5.2735","-136.0791","-10.4864","13.4339","30.7553","-14.2833","3.6383","2.0205","null","null","null","91.6410","1945","5.2280",530422,605498,460026,457763,605412,446334,543063,457706,491676,457705,"55.2727","null","null","null","null","null","null","null",13,"5","4-Seam Fastball",0,2,0,2,2,0,0,2,"Infield shift","Standard"
"FF","2018-06-13","94.6","1.9940","6.4735","Andrew Suarez",571506,605498,"null","ball",,,,,"13","null","R","L","L","MIA","SF","B","null","null",0,1,2018,"0.8906","1.6770","-1.4702","0.5242","null","null","null",1,2,"Bot","null","null",,,460026,,"180613_233621","-10.6654","-136.6016","-12.9935","13.1757","31.3122","-9.2673","3.7004","2.0619","null","null","null","92.1200","2121","5.3300",530422,605498,460026,457763,605412,446334,543063,457706,491676,457705,"55.1712","null","null","null","null","null","null","null",13,"2","4-Seam Fastball",0,2,0,2,2,0,0,2,"Infield shift","Standard"
"FF","2018-06-13","94.2","2.2112","6.5970","Andrew Suarez",571506,605498,"null","called_strike",,,,,"8","null","R","L","L","MIA","SF","S","null","null",0,0,2018,"0.9403","1.5391","-0.2186","2.0028","null","null","null",1,2,"Bot","null","null",,,460026,,"180613_233608","-8.0765","-136.4044","-9.1570","13.0741","31.7786","-12.0165","3.7831","2.0619","null","null","null","91.5320","2079","5.0920",530422,605498,460026,457763,605412,446334,543063,457706,491676,457705,"55.4088","null","null","null","null","null","null","null",13,"1","4-Seam Fastball",0,2,0,2,2,0,0,2,"Infield shift","Standard"
"CU","2018-06-13","78.7","2.1499","6.6242","Andrew Suarez",457727,605498,"null","ball",,,,,"14","null","R","R","L","MIA","SF","B","null","null",2,2,2018,"-0.8421","-0.7306","0.2819","0.2846","null","null","null",0,2,"Bot","null","null",,,460026,,"180613_233514","-2.5003","-114.1715","-5.3993","-6.4187","22.7252","-37.4251","3.7390","1.8130","null","null","null","76.0010","2540","4.6850",530422,605498,460026,457763,605412,446334,543063,457706,491676,457705,"55.8155","null","null","null","null","null","null","null",12,"5","Curveball",0,2,0,2,2,0,0,2,"Standard","Standard"
"SL","2018-06-13","89.5","2.1266","6.6198","Andrew Suarez",457727,605498,"null","ball",,,,,"13","null","R","R","L","MIA","SF","B","null","null",1,2,2018,"-0.4321","0.6241","-2.1063","1.4847","null","null","null",0,2,"Bot","null","null",,,460026,,"180613_233500","-9.3356","-129.6255","-7.7034","-2.7862","26.4653","-24.0904","3.6976","1.7302","null","null","null","87.4680","2202","5.2200",530422,605498,460026,457763,605412,446334,543063,457706,491676,457705,"55.2808","null","null","null","null","null","null","null",12,"4","Slider",0,2,0,2,2,0,0,2,"Standard","Standard"
"FF","2018-06-13","93.7","2.2346","6.6051","Andrew Suarez",457727,605498,"null","ball",,,,,"14","null","R","R","L","MIA","SF","B","null","null",0,1,2018,"1.1307","1.2896","0.7577","1.4263","null","null","null",0,2,"Bot","null","null",,,460026,,"180613_233425","-6.0051","-135.7743","-10.0097","14.6507","30.0478","-15.0549","3.7596","1.7923","null","null","null","91.0740","2024","4.9610",530422,605498,460026,457763,605412,446334,543063,457706,491676,457705,"55.5402","null","null","null","null","null","null","null",12,"2","4-Seam Fastball",0,2,0,2,2,0,0,2,"Standard","Standard"
"FF","2018-06-13","92.9","2.2612","6.6655","Andrew Suarez",457727,605498,"null","called_strike",,,,,"8","null","R","R","L","MIA","SF","S","null","null",0,0,2018,"1.3885","1.0790","-0.1755","1.8688","null","null","null",0,2,"Bot","null","null",,,460026,,"180613_233410","-8.9165","-134.5946","-8.4958","18.1480","29.6127","-18.0051","3.7294","1.7202","null","null","null","90.6080","2051","5.1700",530422,605498,460026,457763,605412,446334,543063,457706,491676,457705,"55.3306","null","null","null","null","null","null","null",12,"1","4-Seam Fastball",0,2,0,2,2,0,0,2,"Standard","Standard"
"FF","2018-06-13","92.4","1.9986","6.1255","Caleb Smith",457706,592761,"null","ball",,,,,"11","null","R","R","L","MIA","SF","B","null","null",1,1,2018,"0.9443","1.5112","-1.6235","2.9175","null","null","null",1,2,"Top","null","null",,,592663,,"180613_233015","-10.9515","-133.8005","-5.3385","13.3594","29.6944","-13.7739","3.5293","1.6922","null","null","null","90.2870","2419","5.3380",530422,592761,592663,571506,516770,592680,500743,457727,621446,605119,"55.1632","null","null","null","null","null","null","null",10,"3","4-Seam Fastball",0,2,2,0,2,0,2,0,"Standard","Standard"
"CH","2018-06-13","84.8","2.3059","5.9335","Caleb Smith",457706,592761,"null","called_strike",,,,,"6","null","R","R","L","MIA","SF","S","null","null",1,0,2018,"1.2749","0.7602","0.6848","2.9338","null","null","null",1,2,"Top","null","null",,,592663,,"180613_232958","-6.1355","-123.0923","-2.0514","13.7882","25.7670","-24.5658","3.5706","1.6922","null","null","null","83.1100","1877","5.4300",530422,592761,592663,571506,516770,592680,500743,457727,621446,605119,"55.0708","null","null","null","null","null","null","null",10,"2","Changeup",0,2,2,0,2,0,2,0,"Standard","Standard"
"FF","2018-06-13","92.7","2.0319","6.1192","Caleb Smith",457706,592761,"null","ball",,,,,"13","null","R","R","L","MIA","SF","B","null","null",0,0,2018,"0.7944","1.2652","-1.2583","1.8028","null","null","null",1,2,"Top","null","null",,,592663,,"180613_232945","-9.9213","-134.3024","-7.7212","11.5741","30.2305","-15.8233","3.5086","1.6095","null","null","null","91.0190","2319","5.6050",530422,592761,592663,571506,516770,592680,500743,457727,621446,605119,"54.8956","null","null","null","null","null","null","null",10,"1","4-Seam Fastball",0,2,2,0,2,0,2,0,"Standard","Standard"
"FF","2018-06-13","93.0","2.1040","6.0747","Caleb Smith",460026,592761,"null","ball",,,,,"11","null","R","R","L","MIA","SF","B","null","null",1,0,2018,"1.0172","1.4971","-1.1953","4.4458","null","null","null",0,2,"Top","null","null",,,592663,,"180613_232851","-10.3385","-134.7533","-1.4644","14.1791","29.5693","-14.5989","3.4147","1.6408","null","null","null","90.8120","2330","5.2220",530422,592761,592663,571506,516770,592680,500743,457727,621446,605119,"55.2788","null","null","null","null","null","null","null",9,"2","4-Seam Fastball",0,2,2,0,2,0,2,0,"Infield shift","Standard"
"FF","2018-06-13","92.5","2.1966","6.1005","Caleb Smith",460026,592761,"null","ball",,,,,"12","null","R","R","L","MIA","SF","B","null","null",0,0,2018,"1.0647","1.3886","2.7014","4.1102","null","null","null",0,2,"Top","null","null",,,592663,,"180613_232829","-0.9098","-134.5036","-2.1075","12.5831","29.6913","-15.8404","3.4354","1.7029","null","null","null","90.4980","2261","5.1490",530422,592761,592663,571506,516770,592680,500743,457727,621446,605119,"55.3516","null","null","null","null","null","null","null",9,"1","4-Seam Fastball",0,2,2,0,2,0,2,0,"Infield shift","Standard"
"SL","2018-06-13","87.4","2.1482","6.6235","Andrew Suarez",592663,605498,"null","ball",,,,,"11","null","R","R","L","MIA","SF","B","null","null",2,1,2018,"-0.4355","0.1690","-0.9807","3.2582","null","null","null",2,1,"Bot","null","null",,,460026,,"180613_232510","-6.5072","-126.9683","-2.2425","-3.1950","25.2859","-30.2657","3.6187","1.7118","null","null","null","85.2130","null","4.9050",530422,605498,460026,457763,605412,446334,543063,457706,491676,457705,"55.5956","null","null","null","null","null","null","null",8,"4","Slider",0,2,0,2,2,0,0,2,"Standard","Standard"
"FF","2018-06-13","93.4","2.3394","6.5340","Andrew Suarez",592663,605498,"null","ball",,,,,"14","null","R","R","L","MIA","SF","B","null","null",1,1,2018,"1.1490","1.0892","1.4991","1.7970","null","null","null",2,1,"Bot","null","null",,,460026,,"180613_232455","-4.4270","-135.3340","-8.3952","14.4095","31.3519","-17.8470","3.8256","1.8153","null","null","null","90.5360","1900","4.9240",530422,605498,460026,457763,605412,446334,543063,457706,491676,457705,"55.5773","null","null","null","null","null","null","null",8,"3","4-Seam Fastball",0,2,0,2,2,0,0,2,"Standard","Standard"
"CU","2018-06-13","77.7","2.2400","6.6181","Andrew Suarez",592663,605498,"null","ball",,,,,"12","null","R","R","L","MIA","SF","B","null","null",0,1,2018,"-0.9191","-0.6560","1.6437","3.1620","null","null","null",2,1,"Bot","null","null",,,460026,,"180613_232441","0.2969","-113.0011","0.5798","-7.5308","19.7346","-37.8974","3.7842","1.7946","null","null","null","75.6930","2458","4.7650",530422,605498,460026,457763,605412,446334,543063,457706,491676,457705,"55.7364","null","null","null","null","null","null","null",8,"2","Curveball",0,2,0,2,2,0,0,2,"Standard","Standard"
"FF","2018-06-13","93.6","2.3755","6.7138","Andrew Suarez",592663,605498,"null","called_strike",,,,,"3","null","R","R","L","MIA","SF","S","null","null",0,0,2018,"1.0520","1.0178","0.3123","3.2992","null","null","null",2,1,"Bot","null","null",,,460026,,"180613_232425","-7.2850","-135.6803","-4.9770","13.9672","31.3330","-19.4477","3.9083","1.7946","null","null","null","90.6450","1996","4.8320",530422,605498,460026,457763,605412,446334,543063,457706,491676,457705,"55.6686","null","null","null","null","null","null","null",8,"1","4-Seam Fastball",0,2,0,2,2,0,0,2,"Standard","Standard"
"CU","2018-06-13","76.4","2.3379","6.6155","Andrew Suarez",605119,605498,"null","ball",,,,,"12","null","R","R","L","MIA","SF","B","null","null",0,2,2018,"-0.9509","-0.9934","0.9526","3.5498","null","null","null",1,1,"Bot","null","null",,,460026,,"180613_232328","-1.2793","-110.7397","2.2106","-6.9994","21.3195","-40.5165","3.5651","1.7234","null","null","null","73.1780","2372","4.2570",530422,605498,460026,457763,605412,446334,543063,457706,491676,457705,"56.2439","null","null","null","null","null","null","null",7,"3","Curveball",0,2,0,2,2,0,0,2,"Standard","Standard"
"SL","2018-06-13","87.5","2.1228","6.6769","Andrew Suarez",516770,605498,"null","ball",,,,,"13","null","R","R","L","MIA","SF","B","null","null",1,2,2018,"-0.6178","0.1140","-1.6050","1.4223","null","null","null",0,1,"Bot","null","null",,,460026,,"180613_232142","-7.5504","-126.8067","-6.5179","-4.7781","26.0617","-29.9592","3.7225","1.6797","null","null","null","84.9230","2494","4.8570",530422,605498,460026,457763,605412,446334,543063,457706,491676,457705,"55.6437","null","null","null","null","null","null","null",6,"4","Slider",0,2,0,2,2,0,0,2,"Standard","Standard"
"FF","2018-06-13","93.4","2.1193","6.7660","Andrew Suarez",516770,605498,"null","called_strike",,,,,"9","null","R","R","L","MIA","SF","S","null","null",1,0,2018,"1.2684","1.0727","0.4729","1.6871","null","null","null",0,1,"Bot","null","null",,,460026,,"180613_232112","-6.6471","-135.1426","-9.1534","16.2141","31.5365","-17.9525","3.7535","1.7839","null","null","null","90.1800","2054","4.8000",530422,605498,460026,457763,605412,446334,543063,457706,491676,457705,"55.7005","null","null","null","null","null","null","null",6,"2","4-Seam Fastball",0,2,0,2,2,0,0,2,"Standard","Standard"
"FF","2018-06-13","92.3","2.4299","6.6717","Andrew Suarez",516770,605498,"null","ball",,,,,"14","null","R","R","L","MIA","SF","B","null","null",0,0,2018,"1.0620","1.0442","1.5251","2.5750","null","null","null",0,1,"Bot","null","null",,,460026,,"180613_232058","-4.3561","-133.9723","-6.5388","13.0945","29.2361","-19.1006","3.8060","1.8046","null","null","null","89.7190","2058","4.8660",530422,605498,460026,457763,605412,446334,543063,457706,491676,457705,"55.6346","null","null","null","null","null","null","null",6,"1","4-Seam Fastball",0,2,0,2,2,0,0,2,"Standard","Standard"
"FF","2018-06-13","94.4","2.2230","6.0556","Caleb Smith",543063,592761,"null","called_strike",,,,,"13","null","R","L","L","MIA","SF","S","null","null",0,1,2018,"1.0914","1.5168","-0.9267","2.4081","null","null","null",2,1,"Top","null","null",,,592663,,"180613_231805","-10.3148","-136.6581","-6.8221","15.6015","32.1919","-12.5423","3.4499","1.6413","null","null","null","92.1890","2346","5.4130",530422,592761,592663,571506,516770,592680,500743,457727,621446,605119,"55.0876","null","null","null","null","null","null","null",5,"2","4-Seam Fastball",0,2,2,0,2,0,2,0,"Standard","Standard"
"SL","2018-06-13","82.3","2.4444","6.0289","Caleb Smith",543063,592761,"null","called_strike",,,,,"8","null","R","L","L","MIA","SF","S","null","null",0,0,2018,"-0.3654","0.0414","0.0189","1.8854","null","null","null",2,1,"Top","null","null",,,592663,,"180613_231750","-4.7021","-119.5442","-2.8647","-2.4293","23.0906","-31.5302","3.4292","1.6000","null","null","null","80.1950","2306","4.9460",530422,592761,592663,571506,516770,592680,500743,457727,621446,605119,"55.5548","null","null","null","null","null","null","null",5,"1","Slider",0,2,2,0,2,0,2,0,"Standard","Standard"
"FF","2018-06-13","94.3","2.0262","6.1197","Caleb Smith",446334,592761,"null","called_strike",,,,,"8","null","R","R","L","MIA","SF","S","null","null",3,0,2018,"1.2085","1.6063","-0.1572","2.0197","null","null","null",1,1,"Top","null","null",,,592663,,"180613_231654","-8.1197","-136.7160","-8.2261","16.4974","30.0911","-11.0687","3.8927","1.8119","null","null","null","92.6170","2422","5.4900",530422,592761,592663,571506,516770,592680,500743,457727,621446,605119,"55.0107","null","null","null","null","null","null","null",4,"4","4-Seam Fastball",0,2,2,0,2,0,2,0,"Infield shift","Standard"
"FF","2018-06-13","94.6","2.1644","6.1081","Caleb Smith",446334,592761,"null","ball",,,,,"12","null","R","R","L","MIA","SF","B","null","null",2,0,2018,"1.2404","1.5123","1.5033","4.4038","null","null","null",1,1,"Top","null","null",,,592663,,"180613_231632","-4.3041","-137.4655","-1.9462","16.1380","31.7725","-13.5390","3.7898","1.7705","null","null","null","92.7260","2396","5.3490",530422,592761,592663,571506,516770,592680,500743,457727,621446,605119,"55.1518","null","null","null","null","null","null","null",4,"3","4-Seam Fastball",0,2,2,0,2,0,2,0,"Infield shift","Standard"
"FF","2018-06-13","94.7","2.1440","5.9696","Caleb Smith",446334,592761,"null","ball",,,,,"14","null","R","R","L","MIA","SF","B","null","null",1,0,2018,"1.3050","1.4186","0.6774","1.5198","null","null","null",1,1,"Top","null","null",,,592663,,"180613_231614","-6.4865","-137.1978","-8.7213","17.3648","32.1955","-13.1887","3.8519","1.8326","null","null","null","92.4590","2432","5.3370",530422,592761,592663,571506,516770,592680,500743,457727,621446,605119,"55.1640","null","null","null","null","null","null","null",4,"2","4-Seam Fastball",0,2,2,0,2,0,2,0,"Infield shift","Standard"
"SL","2018-06-13","83.5","2.5213","6.0153","Caleb Smith",446334,592761,"null","ball",,,,,"13","null","R","R","L","MIA","SF","B","null","null",0,0,2018,"-0.4698","-0.2184","-0.3410","1.3711","null","null","null",1,1,"Top","null","null",,,592663,,"180613_231600","-5.5427","-121.2033","-3.7255","-3.3043","23.6254","-33.7823","3.8726","1.7912","null","null","null","81.0530","null","4.7570",530422,592761,592663,571506,516770,592680,500743,457727,621446,605119,"55.7435","null","null","null","null","null","null","null",4,"1","Slider",0,2,2,0,2,0,2,0,"Infield shift","Standard"
"SL","2018-06-13","82.2","2.5657","5.9073","Caleb Smith",457763,592761,"null","ball",,,,,"13","null","R","R","L","MIA","SF","B","null","null",0,1,2018,"-0.2570","0.0419","-1.0728","2.3596","null","null","null",1,1,"Top","null","null",,,592663,,"180613_231332","-7.5652","-119.2501","-1.5116","-0.8727","23.1437","-31.7842","3.4767","1.6083","null","null","null","80.0840","2463","5.0230",530422,592761,592663,571506,516770,592680,500743,457727,621446,605119,"55.4777","null","null","null","null","null","null","null",2,"2","Slider",0,0,0,0,0,0,0,0,"Standard","Standard"
"FF","2018-06-13","94.0","2.1340","6.0655","Caleb Smith",457763,592761,"null","called_strike",,,,,"7","null","R","R","L","MIA","SF","S","null","null",0,0,2018,"1.1571","1.4874","-0.6132","1.8094","null","null","null",1,1,"Top","null","null",,,592663,,"180613_231316","-9.3625","-136.1261","-8.2291","15.9607","30.6575","-12.7897","3.4969","1.6911","null","null","null","91.8250","2381","5.3120",530422,592761,592663,571506,516770,592680,500743,457727,621446,605119,"55.1885","null","null","null","null","null","null","null",2,"1","4-Seam Fastball",0,0,0,0,0,0,0,0,"Standard","Standard"
"FF","2018-06-13","93.3","1.9764","6.1093","Caleb Smith",605412,592761,"null","called_strike",,,,,"4","null","R","L","L","MIA","SF","S","null","null",3,0,2018,"0.9708","1.4079","-0.3271","2.5559","null","null","null",0,1,"Top","null","null",,,592663,,"180613_231159","-7.8248","-135.3640","-6.2309","13.2314","28.7452","-14.3286","3.0607","1.5513","null","null","null","91.6440","2325","5.3980",530422,592761,592663,571506,516770,592680,500743,457727,621446,605119,"55.1033","null","null","null","null","null","null","null",1,"4","4-Seam Fastball",0,0,0,0,0,0,0,0,"Standard","Standard"
"FF","2018-06-13","93.6","1.9112","6.2297","Caleb Smith",605412,592761,"null","ball",,,,,"13","null","R","L","L","MIA","SF","B","null","null",2,0,2018,"0.8116","1.4814","-1.4992","2.0277","null","null","null",0,1,"Top","null","null",,,592663,,"180613_231140","-10.3062","-135.5996","-8.0416","11.9431","29.6428","-12.9919","3.0602","1.4266","null","null","null","91.7200","2339","5.4070",530422,592761,592663,571506,516770,592680,500743,457727,621446,605119,"55.0936","null","null","null","null","null","null","null",1,"3","4-Seam Fastball",0,0,0,0,0,0,0,0,"Standard","Standard"
"FF","2018-06-13","94.3","1.9754","6.0571","Caleb Smith",605412,592761,"null","ball",,,,,"13","null","R","L","L","MIA","SF","B","null","null",1,0,2018,"0.9409","1.3003","-1.4881","2.3339","null","null","null",0,1,"Top","null","null",,,592663,,"180613_231123","-10.8016","-136.6628","-6.5978","13.8088","30.2427","-15.1967","3.2257","1.6129","null","null","null","92.4700","2295","5.4360",530422,592761,592663,571506,516770,592680,500743,457727,621446,605119,"55.0649","null","null","null","null","null","null","null",1,"2","4-Seam Fastball",0,0,0,0,0,0,0,0,"Standard","Standard"
"FF","2018-06-13","93.3","2.0894","6.2034","Caleb Smith",605412,592761,"null","ball",,,,,"12","null","R","L","L","MIA","SF","B","null","null",0,0,2018,"1.0985","1.2795","1.2550","4.1385","null","null","null",0,1,"Top","null","null",,,592663,,"180613_231106","-4.3490","-135.5348","-2.1609","13.9311","30.7532","-16.8948","3.0888","1.5173","null","null","null","91.0820","2302","5.1270",530422,592761,592663,571506,516770,592680,500743,457727,621446,605119,"55.3736","null","null","null","null","null","null","null",1,"1","4-Seam Fastball",0,0,0,0,0,0,0,0,"Standard","Standard"