"pitch_type","game_date","release_speed","release_pos_x","release_pos_z","player_name","batter","pitcher","events","description","spin_dir","spin_rate_deprecated","break_angle_deprecated","break_length_deprecated","zone","des","game_type","stand","p_throws","home_team","away_team","type","hit_location","bb_type","balls","strikes","game_year","pfx_x","pfx_z","plate_x","plate_z","on_3b","on_2b","on_1b","outs_when_up","inning","inning_topbot","hc_x","hc_y","tfs_deprecated","tfs_zulu_deprecated","pos2_person_id","umpire","sv_id","vx0","vy0","vz0","ax","ay","az","sz_top","sz_bot","hit_distance_sc","launch_speed","launch_angle","effective_speed","release_spin_rate","release_extension","game_pk","pos1_person_id","pos2_person_id","pos3_person_id","pos4_person_id","pos5_person_id","pos6_person_id","pos7_person_id","pos8_person_id","pos9_person_id","release_pos_y","estimated_ba_using_speedangle","estimated_woba_using_speedangle","woba_value","woba_denom","babip_value","iso_value","launch_speed_angle","at_bat_number","pitch_number","pitch_name","home_score","away_score","bat_score","fld_score","post_away_score","post_home_score","post_bat_score","post_fld_score","if_fielding_alignment","of_fielding_alignment"
"SL","2018-09-02","93.4","-0.7975","6.3305","Noah Syndergaard",446334,592789,"null","ball",,,,,"14","null","R","R","R","SF","NYM","B","null","null",0,1,2018,"0.1286","0.5658","1.0028","0.6424","null","null","null",2,9,"Bot","null","null",,,621512,,"180902_222746","4.3467","-135.8331","-10.2022","0.8224","24.5030","-23.4490","3.5818","1.6052","null","null","null","93.9210","2050","6.2340",531457,592789,621512,457803,643446,453943,642708,624424,457706,607043,"54.2635","null","null","null","null","null","null","null",65,"2","Slider",1,4,1,4,4,1,1,4,"Standard","Standard"
"SI","2018-09-02","98.7","-0.4139","6.4635","Noah Syndergaard",446334,592789,"null","called_strike",,,,,"3","null","R","R","R","SF","NYM","S","null","null",0,0,2018,"-0.9820","1.0275","0.3056","3.4628","null","null","null",2,9,"Bot","null","null",,,621512,,"180902_222728","4.2493","-143.8021","-5.1933","-14.6159","29.5028","-16.9163","3.6330","1.6052","null","null","null","99.4200","2121","6.3620",531457,592789,621512,457803,643446,453943,642708,624424,457706,607043,"54.1357","null","null","null","null","null","null","null",65,"1","Sinker",1,4,1,4,4,1,1,4,"Standard","Standard"
"CH","2018-09-02","90.6","-0.7211","6.2827","Noah Syndergaard",605412,592789,"null","ball",,,,,"13","null","R","L","R","SF","NYM","B","null","null",0,1,2018,"-1.1538","0.8390","-1.0206","1.5295","null","null","null",1,9,"Bot","null","null",,,621512,,"180902_222611","1.7461","-131.8630","-7.8044","-13.9525","27.4207","-20.8666","3.2736","1.5790","null","null","null","91.1900","1556","6.5840",531457,592789,621512,457803,643446,453943,642708,624424,457706,607043,"53.9135","null","null","null","null","null","null","null",64,"2","Changeup",1,4,1,4,4,1,1,4,"Strategic","Standard"
"CU","2018-09-02","83.9","-0.6642","6.3176","Noah Syndergaard",605412,592789,"null","called_strike",,,,,"4","null","R","L","R","SF","NYM","S","null","null",0,0,2018,"0.5207","-0.1125","-0.3163","1.9705","null","null","null",1,9,"Bot","null","null",,,621512,,"180902_222551","-0.2135","-122.1692","-3.4762","5.2361","22.3135","-32.8723","3.0159","1.4221","null","null","null","83.9320","2265","6.1080",531457,592789,621512,457803,643446,453943,642708,624424,457706,607043,"54.3894","null","null","null","null","null","null","null",64,"1","Curveball",1,4,1,4,4,1,1,4,"Strategic","Standard"
"SI","2018-09-02","98.6","-0.5676","6.3807","Noah Syndergaard",453923,592789,"strikeout","called_strike",,,,,"14","Gregor Blanco called out on strikes.  ","R","L","R","SF","NYM","S",2,"null",1,2,2018,"-1.0529","0.6996","0.9405","2.0986","null","null","null",0,9,"Bot","null","null",,,621512,,"180902_222515","6.5356","-143.3725","-7.8569","-15.9625","29.4780","-21.0377","3.1635","1.7280","null","null","null","99.0180","2221","6.3140",531457,592789,621512,457803,643446,453943,642708,624424,457706,607043,"54.1838","null","null","0.00",1,0,0,"null",63,"6","Sinker",1,4,1,4,4,1,1,4,"Standard","Standard"
"CU","2018-09-02","83.6","-0.7789","6.3065","Noah Syndergaard",453923,592789,"null","ball",,,,,"14","null","R","L","R","SF","NYM","B","null","null",0,0,2018,"0.7115","0.0549","0.0208","1.1923","null","null","null",0,9,"Bot","null","null",,,621512,,"180902_222325","0.4590","-121.8163","-5.5405","6.9882","21.0453","-30.8748","3.3179","1.5191","null","null","null","83.7340","2193","6.0320",531457,592789,621512,457803,643446,453943,642708,624424,457706,607043,"54.4651","null","null","null","null","null","null","null",63,"1","Curveball",1,4,1,4,4,1,1,4,"Standard","Standard"
"SI","2018-09-02","89.8","2.7535","6.3928","Ty Blach",607043,621389,"walk","ball",,,,,"11","Brandon Nimmo walks.  ","R","L","L","SF","NYM","B","null","null",3,1,2018,"1.0501","1.1342","-0.1811","3.6415","null","null","null",1,9,"Top","null","null",,,460026,,"180902_221825","-9.0669","-130.2764","-3.0408","13.1097","24.1787","-19.5289","3.2508","1.6451","null","null","null","87.5640","2145","4.7890",531457,621389,460026,474832,605412,446334,593700,622046,453923,596103,"55.7084","null","null","0.70",1,0,0,"null",60,"5","Sinker",1,4,4,1,4,1,4,1,"Standard","Standard"
"CH","2018-09-02","80.3","2.7976","6.3951","Ty Blach",607043,621389,"null","ball",,,,,"13","null","R","L","L","SF","NYM","B","null","null",2,1,2018,"1.2732","0.4984","-1.1415","-0.0049","null","null","null",1,9,"Top","null","null",,,460026,,"180902_221807","-10.6283","-116.0577","-8.0620","12.8426","20.3547","-26.7358","3.2250","1.6190","null","null","null","77.9320","1968","4.8530",531457,621389,460026,474832,605412,446334,593700,622046,453923,596103,"55.6442","null","null","null","null","null","null","null",60,"4","Changeup",1,4,4,1,4,1,4,1,"Standard","Standard"
"SI","2018-09-02","90.2","2.8201","6.4317","Ty Blach",607043,621389,"null","called_strike",,,,,"7","null","R","L","L","SF","NYM","S","null","null",2,0,2018,"1.1220","1.0520","-0.3709","2.1365","null","null","null",1,9,"Top","null","null",,,460026,,"180902_221752","-9.9128","-130.6029","-6.6431","14.2960","26.0869","-19.5668","3.4051","1.5929","null","null","null","87.9390","2240","5.0320",531457,621389,460026,474832,605412,446334,593700,622046,453923,596103,"55.4650","null","null","null","null","null","null","null",60,"3","Sinker",1,4,4,1,4,1,4,1,"Standard","Standard"
"SI","2018-09-02","90.8","2.8142","6.3523","Ty Blach",607043,621389,"null","ball",,,,,"8","null","R","L","L","SF","NYM","B","null","null",1,0,2018,"1.1064","1.0349","-0.1358","1.7292","null","null","null",1,9,"Top","null","null",,,460026,,"180902_221735","-9.3262","-131.5744","-7.5369","14.0804","25.0794","-19.4915","3.3792","1.6190","null","null","null","88.5160","2318","4.8720",531457,621389,460026,474832,605412,446334,593700,622046,453923,596103,"55.6250","null","null","null","null","null","null","null",60,"2","Sinker",1,4,4,1,4,1,4,1,"Standard","Standard"
"CU","2018-09-02","77.5","2.7654","6.5014","Ty Blach",607043,621389,"null","ball",,,,,"13","null","R","L","L","SF","NYM","B","null","null",0,0,2018,"-0.8330","-0.9867","-1.1491","1.0972","null","null","null",1,9,"Top","null","null",,,460026,,"180902_221721","-6.6862","-112.4204","-2.8814","-5.5265","18.5945","-39.8447","3.3794","1.5667","null","null","null","74.8680","2406","4.3280",531457,621389,460026,474832,605412,446334,593700,622046,453923,596103,"56.1696","null","null","null","null","null","null","null",60,"1","Curveball",1,4,4,1,4,1,4,1,"Standard","Standard"
"SI","2018-09-02","91.7","2.8251","6.2962","Ty Blach",624424,621389,"strikeout","called_strike",,,,,"7","Michael Conforto called out on strikes.  ","R","L","L","SF","NYM","S",2,"null",1,2,2018,"1.4505","0.8272","-0.8275","1.9935","null","null","null",0,9,"Top","null","null",,,460026,,"180902_221654","-11.8288","-132.6511","-6.4971","18.7487","26.2341","-21.7967","3.1734","1.5529","null","null","null","89.2770","2236","4.9530",531457,621389,460026,474832,605412,446334,593700,622046,453923,596103,"55.5442","null","null","0.00",1,0,0,"null",59,"4","Sinker",1,4,4,1,4,1,4,1,"Infield shift","Standard"
"SI","2018-09-02","89.8","2.7013","6.3689","Ty Blach",624424,621389,"null","ball",,,,,"13","null","R","L","L","SF","NYM","B","null","null",0,1,2018,"1.3188","1.1711","-1.7398","1.5561","null","null","null",0,9,"Top","null","null",,,460026,,"180902_221618","-13.1197","-129.6197","-7.8746","16.8403","27.6374","-18.3288","3.2249","1.5790","null","null","null","86.5640","2237","4.7280",531457,621389,460026,474832,605412,446334,593700,622046,453923,596103,"55.7699","null","null","null","null","null","null","null",59,"2","Sinker",1,4,4,1,4,1,4,1,"Infield shift","Standard"
"CH","2018-09-02","79.8","2.9353","6.4789","Ty Blach",624424,621389,"null","called_strike",,,,,"7","null","R","L","L","SF","NYM","S","null","null",0,0,2018,"1.3258","0.7245","-0.6362","1.9686","null","null","null",0,9,"Top","null","null",,,460026,,"180902_221603","-9.7645","-115.4767","-4.2800","12.8450","19.9509","-25.6288","3.2993","1.5529","null","null","null","76.9720","2051","4.4130",531457,621389,460026,474832,605412,446334,593700,622046,453923,596103,"56.0846","null","null","null","null","null","null","null",59,"1","Changeup",1,4,4,1,4,1,4,1,"Infield shift","Standard"
"SL","2018-09-02","92.1","-0.5398","6.4131","Noah Syndergaard",488818,592789,"null","ball",,,,,"14","null","R","R","R","SF","NYM","B","null","null",0,2,2018,"0.3251","0.7374","1.5924","2.0737","null","null","null",2,8,"Bot","null","null",,,621512,,"180902_221323","4.7064","-134.1051","-6.8616","3.1057","23.9855","-22.1783","3.2764","1.5790","null","null","null","92.6040","2144","6.1690",531457,592789,621512,457803,643446,453943,642708,624424,457706,607043,"54.3283","null","null","null","null","null","null","null",58,"3","Slider",1,4,1,4,4,1,1,4,"Standard","Standard"
"SI","2018-09-02","98.2","-0.6774","6.5258","Noah Syndergaard",488818,592789,"null","called_strike",,,,,"11","null","R","R","R","SF","NYM","S","null","null",0,0,2018,"-1.0651","0.6228","-0.4507","3.4973","null","null","null",2,8,"Bot","null","null",,,621512,,"180902_221219","3.0549","-143.0025","-4.2111","-15.2660","29.7924","-22.9433","3.2993","1.5790","null","null","null","98.4710","2202","6.1830",531457,592789,621512,457803,643446,453943,642708,624424,457706,607043,"54.3148","null","null","null","null","null","null","null",58,"1","Sinker",1,4,1,4,4,1,1,4,"Standard","Standard"
"CH","2018-09-02","90.6","-0.7637","6.2830","Noah Syndergaard",593700,592789,"null","ball",,,,,"13","null","R","L","R","SF","NYM","B","null","null",1,2,2018,"-1.1654","0.5153","-1.8253","1.7438","null","null","null",1,8,"Bot","null","null",,,621512,,"180902_221028","-0.1395","-132.1055","-6.6796","-13.9195","24.1030","-24.9589","3.5076","1.6312","null","null","null","91.9530","1608","6.6690",531457,592789,621512,457803,643446,453943,642708,624424,457706,607043,"53.8284","null","null","null","null","null","null","null",57,"4","Changeup",1,4,1,4,4,1,1,4,"Standard","Standard"
"CU","2018-09-02","82.9","-0.7182","6.4084","Noah Syndergaard",593700,592789,"null","called_strike",,,,,"1","null","R","L","R","SF","NYM","S","null","null",1,1,2018,"1.0375","0.2392","-0.6230","2.8421","null","null","null",1,8,"Bot","null","null",,,621512,,"180902_221007","-1.7889","-120.8052","-2.2392","10.4983","20.1194","-29.6406","3.0187","1.5068","null","null","null","83.3230","2295","6.1660",531457,592789,621512,457803,643446,453943,642708,624424,457706,607043,"54.3311","null","null","null","null","null","null","null",57,"3","Curveball",1,4,1,4,4,1,1,4,"Standard","Standard"
"CH","2018-09-02","89.3","-0.8431","6.3667","Noah Syndergaard",593700,592789,"null","ball",,,,,"11","null","R","L","R","SF","NYM","B","null","null",0,0,2018,"-1.1017","0.4578","-1.3943","3.8257","null","null","null",1,8,"Bot","null","null",,,621512,,"180902_220919","0.9407","-130.2795","-1.3183","-12.7837","22.9324","-26.8858","3.2335","1.5329","null","null","null","89.9370","1525","6.1780",531457,592789,621512,457803,643446,453943,642708,624424,457706,607043,"54.3198","null","null","null","null","null","null","null",57,"1","Changeup",1,4,1,4,4,1,1,4,"Standard","Standard"
"FT","2018-09-02","93.1","-1.6266","5.3342","Sam Dyson",453943,473879,"null","called_strike",,,,,"7","null","R","R","R","SF","NYM","S","null","null",1,0,2018,"-1.4902","0.1858","-0.3623","1.5976","null","643446.00","null",2,8,"Top","null","null",,,460026,,"180902_220448","6.3799","-135.4427","-4.2293","-19.3775","26.9175","-29.2974","3.1476","1.3697","null","null","null","92.5930","2122","5.7970",531457,473879,460026,474832,605412,446334,593700,622046,453923,596103,"54.7006","null","null","null","null","null","null","null",55,"2","2-Seam Fastball",1,4,4,1,4,1,4,1,"Standard","Standard"
"FT","2018-09-02","93.0","-1.6656","5.3155","Sam Dyson",453943,473879,"null","ball",,,,,"1","null","R","R","R","SF","NYM","B","null","null",0,0,2018,"-1.5413","0.0720","-0.7935","2.6317","null","null","643446.00",2,8,"Top","null","null",,,460026,,"180902_220422","5.4203","-135.2555","-1.2521","-19.5548","28.8459","-31.3003","3.1476","1.3173","null","null","null","91.7250","2078","5.5000",531457,473879,460026,474832,605412,446334,593700,622046,453923,596103,"54.9974","null","null","null","null","null","null","null",55,"1","2-Seam Fastball",1,4,4,1,4,1,4,1,"Infield shift","Standard"
"SL","2018-09-02","90.0","-1.4032","5.4546","Sam Dyson",457803,473879,"null","ball",,,,,"14","null","R","L","R","SF","NYM","B","null","null",1,0,2018,"-0.3105","1.1467","2.1600","2.0872","null","null","643446.00",1,8,"Top","null","null",,,460026,,"180902_220217","9.2971","-130.6709","-4.6990","-5.1685","23.7819","-18.7053","3.6616","1.8537","null","null","null","88.8730","2376","5.4090",531457,473879,460026,474832,605412,446334,593700,622046,453923,596103,"55.0884","null","null","null","null","null","null","null",54,"2","Slider",1,4,4,1,4,1,4,1,"Infield shift","Standard"
"CH","2018-09-02","84.5","-1.6881","5.2495","Sam Dyson",643446,473879,"null","ball",,,,,"13","null","R","L","R","SF","NYM","B","null","null",1,1,2018,"-1.6607","0.4943","-1.9158","2.4003","621512.00","642708.00","null",1,8,"Top","null","null",,,460026,,"180902_220253","2.5303","-122.8955","-1.2179","-16.5472","23.2724","-27.4361","3.5076","1.6573","null","null","null","82.5510","1836","4.9130",531457,473879,460026,474832,605412,446334,593700,622046,453923,596103,"55.5845","null","null","null","null","null","null","null",53,"3","Changeup",1,2,2,1,2,1,2,1,"Strategic","Standard"
"FT","2018-09-02","92.9","-1.4654","5.3335","Sam Dyson",643446,473879,"null","called_strike",,,,,"9","null","R","L","R","SF","NYM","S","null","null",0,0,2018,"-1.2000","0.4128","0.7733","2.1047","621512.00","null","642708.00",1,8,"Top","null","null",,,460026,,"180902_220215","8.1179","-134.9349","-3.3075","-15.9329","28.2088","-26.8371","3.5818","1.7357","null","null","null","91.4430","2161","5.4220",531457,473879,460026,474832,605412,446334,593700,622046,453923,596103,"55.0753","null","null","null","null","null","null","null",53,"1","2-Seam Fastball",1,2,2,1,2,1,2,1,"Standard","Standard"
"FT","2018-09-02","92.8","-1.5492","5.3245","Sam Dyson",621512,473879,"null","called_strike",,,,,"14","null","R","R","R","SF","NYM","S","null","null",0,0,2018,"-1.2958","0.4368","0.9195","2.1941","null","null","null",0,8,"Top","null","null",,,460026,,"180902_215542","8.8392","-134.7880","-3.1337","-17.0225","25.2962","-26.6404","3.1305","1.4283","null","null","null","91.4420","2181","5.2670",531457,473879,460026,474832,605412,446334,593700,622046,453923,596103,"55.2303","null","null","null","null","null","null","null",50,"1","2-Seam Fastball",1,2,2,1,2,1,2,1,"Standard","Standard"
"SL","2018-09-02","91.2","-0.6611","6.3539","Noah Syndergaard",596103,592789,"null","called_strike",,,,,"5","null","R","R","R","SF","NYM","S","null","null",2,1,2018,"0.1143","0.4326","0.1951","2.6825","null","null","474832.00",1,7,"Bot","null","null",,,621512,,"180902_214949","1.9140","-132.9216","-4.3868","1.0241","24.1889","-26.3606","3.3072","1.6083","null","null","null","92.1060","1998","6.4070",531457,592789,621512,457803,643446,453943,642708,624424,457706,607043,"54.0901","null","null","null","null","null","null","null",48,"4","Slider",1,2,1,2,2,1,1,2,"Standard","Standard"
"SI","2018-09-02","96.3","-0.6012","6.4672","Noah Syndergaard",596103,592789,"null","ball",,,,,"9","null","R","R","R","SF","NYM","B","null","null",1,0,2018,"-0.8614","1.0201","0.5825","2.1192","null","null","474832.00",1,7,"Bot","null","null",,,621512,,"180902_214854","5.1793","-140.2185","-8.4566","-12.6777","28.4183","-16.8611","3.4100","1.6344","null","null","null","97.6630","2041","6.7920",531457,592789,621512,457803,643446,453943,642708,624424,457706,607043,"53.7055","null","null","null","null","null","null","null",48,"2","Sinker",1,2,1,2,2,1,1,2,"Standard","Standard"
"SI","2018-09-02","96.1","-0.4715","6.4827","Noah Syndergaard",596103,592789,"null","ball",,,,,"11","null","R","R","R","SF","NYM","B","null","null",0,0,2018,"-1.0369","0.9613","-1.9035","2.8337","null","null","474832.00",1,7,"Bot","null","null",,,621512,,"180902_214734","-1.4320","-140.0726","-6.3796","-13.5564","29.6958","-18.1591","3.2558","1.6344","null","null","null","97.1590","2065","6.6610",531457,592789,621512,457803,643446,453943,642708,624424,457706,607043,"53.8367","null","null","null","null","null","null","null",48,"1","Sinker",1,2,1,2,2,1,1,2,"Standard","Standard"
"CH","2018-09-02","90.3","-0.7355","6.3151","Noah Syndergaard",474832,592789,"null","called_strike",,,,,"4","null","R","L","R","SF","NYM","S","null","null",0,0,2018,"-1.1684","0.7800","-0.6729","2.5642","null","null","null",1,7,"Bot","null","null",,,621512,,"180902_214604","2.6448","-131.5730","-5.1576","-14.2039","23.6904","-22.2620","3.2830","1.6207","null","null","null","91.1000","1412","6.3640",531457,592789,621512,457803,643446,453943,642708,624424,457706,607043,"54.1338","null","null","null","null","null","null","null",47,"1","Changeup",1,2,1,2,2,1,1,2,"Infield shift","Standard"
"SI","2018-09-02","96.6","-0.5997","6.5109","Noah Syndergaard",446334,592789,"null","ball",,,,,"14","null","R","R","R","SF","NYM","B","null","null",0,1,2018,"-1.3674","0.9449","0.9361","1.5513","null","null","null",0,7,"Bot","null","null",,,621512,,"180902_214507","7.2244","-140.3612","-9.8531","-19.7523","28.7195","-17.7195","3.5569","1.5797","null","null","null","97.1470","2089","6.4650",531457,592789,621512,457803,643446,453943,642708,624424,457706,607043,"54.0329","null","null","null","null","null","null","null",46,"2","Sinker",1,2,1,2,2,1,1,2,"Standard","Standard"
"SI","2018-09-02","96.6","-0.5475","6.5131","Noah Syndergaard",446334,592789,"null","called_strike",,,,,"4","null","R","R","R","SF","NYM","S","null","null",0,0,2018,"-1.4289","0.8651","-0.8277","2.8528","null","null","null",0,7,"Bot","null","null",,,621512,,"180902_214449","2.5264","-140.6205","-6.1852","-19.5896","31.8721","-19.4679","3.6081","1.6059","null","null","null","96.9170","1994","6.4460",531457,592789,621512,457803,643446,453943,642708,624424,457706,607043,"54.0512","null","null","null","null","null","null","null",46,"1","Sinker",1,2,1,2,2,1,1,2,"Standard","Standard"
"SL","2018-09-02","87.1","-1.8660","5.5630","Ray Black",457706,605143,"null","called_strike",,,,,"6","null","R","R","R","SF","NYM","S","null","null",1,0,2018,"0.5667","0.3005","0.5176","2.5247","453943.00","null","607043.00",1,7,"Top","null","null",,,460026,,"180902_213957","4.5425","-126.8419","-1.7974","5.2165","22.7190","-28.8733","3.2743","1.4490","null","null","null","86.6460","3105","5.6780",531457,605143,460026,474832,605412,446334,593700,622046,453923,596103,"54.8192","null","null","null","null","null","null","null",45,"2","Slider",1,2,2,1,2,1,2,1,"Standard","Standard"
"FF","2018-09-02","98.6","-2.0689","5.4330","Ray Black",457706,605143,"null","ball",,,,,"11","null","R","R","R","SF","NYM","B","null","null",0,0,2018,"-0.7665","1.2706","-0.4952","4.3881","453943.00","null","607043.00",1,7,"Top","null","null",,,460026,,"180902_213907","5.9868","-143.5581","-0.3527","-11.7592","29.7305","-14.8751","3.3000","1.5797","null","null","null","98.4130","2801","5.9170",531457,605143,460026,474832,605412,446334,593700,622046,453923,596103,"54.5809","null","null","null","null","null","null","null",45,"1","4-Seam Fastball",1,2,2,1,2,1,2,1,"Standard","Standard"
"FF","2018-09-02","99.4","-2.0380","5.4733","Ray Black",607043,605143,"null","ball",,,,,"11","null","R","L","R","SF","NYM","B","null","null",2,1,2018,"-0.3536","1.5200","-0.3404","3.7642","453943.00","null","null",1,7,"Top","null","null",,,460026,,"180902_213721","5.4571","-144.7509","-2.8432","-6.1366","31.3103","-10.4631","3.3030","1.6197","null","null","null","99.4610","2641","6.1160",531457,605143,460026,474832,605412,446334,593700,622046,453923,596103,"54.3818","null","null","null","null","null","null","null",44,"4","4-Seam Fastball",1,2,2,1,2,1,2,1,"Strategic","Standard"
"FF","2018-09-02","99.6","-2.0840","5.4001","Ray Black",607043,605143,"null","ball",,,,,"12","null","R","L","R","SF","NYM","B","null","null",1,1,2018,"-0.3643","1.5815","0.9440","2.6994","453943.00","null","null",1,7,"Top","null","null",,,460026,,"180902_213659","9.1365","-144.7877","-5.7138","-7.1171","31.6557","-8.9083","3.2772","1.6719","null","null","null","99.5910","2641","6.1950",531457,605143,460026,474832,605412,446334,593700,622046,453923,596103,"54.3021","null","null","null","null","null","null","null",44,"3","4-Seam Fastball",1,2,2,1,2,1,2,1,"Strategic","Standard"
"CU","2018-09-02","80.1","-1.8481","5.6033","Ray Black",607043,605143,"null","ball",,,,,"13","null","R","L","R","SF","NYM","B","null","null",0,1,2018,"1.3080","-1.0917","-1.3098","1.8965","453943.00","null","null",1,7,"Top","null","null",,,460026,,"180902_213636","-1.1954","-116.5084","0.5408","11.8035","22.7496","-42.2000","3.2772","1.6458","null","null","null","78.9470","3154","5.5930",531457,605143,460026,474832,605412,446334,593700,622046,453923,596103,"54.9047","null","null","null","null","null","null","null",44,"2","Curveball",1,2,2,1,2,1,2,1,"Strategic","Standard"
"SL","2018-09-02","81.9","-1.6771","5.6073","Ray Black",624424,605143,"null","ball",,,,,"14","null","R","L","R","SF","NYM","B","null","null",0,0,2018,"1.1602","-0.5570","1.3470","1.0885","null","453943.00","null",0,7,"Top","null","null",,,460026,,"180902_213455","4.5887","-119.1322","-2.5517","9.8644","23.4019","-37.0978","3.1713","1.5797","null","null","null","80.8670","3253","5.6540",531457,605143,460026,474832,605412,446334,593700,622046,453923,596103,"54.8437","null","null","null","null","null","null","null",43,"1","Slider",1,2,2,1,2,1,2,1,"Standard","Standard"
"FF","2018-09-02","97.5","-2.2408","5.3128","Ray Black",453943,605143,"null","called_strike",,,,,"5","null","R","R","R","SF","NYM","S","null","null",2,0,2018,"-0.5319","1.4820","0.1620","2.3497","null","null","null",0,7,"Top","null","null",,,460026,,"180902_213348","7.7015","-141.8094","-5.9153","-8.8646","29.8989","-10.9453","3.2000","1.6197","null","null","null","98.0430","2675","6.4450",531457,605143,460026,474832,605412,446334,593700,622046,453923,596103,"54.0525","null","null","null","null","null","null","null",42,"3","4-Seam Fastball",1,2,2,1,2,1,2,1,"Standard","Standard"
"FF","2018-09-02","97.3","-1.9763","5.3988","Ray Black",453943,605143,"null","ball",,,,,"12","null","R","R","R","SF","NYM","B","null","null",1,0,2018,"-0.6485","1.5391","0.9856","2.6036","null","null","null",0,7,"Top","null","null",,,460026,,"180902_213329","9.4612","-141.4724","-5.5482","-10.8272","30.6853","-10.3407","3.1485","1.5675","null","null","null","97.7440","2694","6.4720",531457,605143,460026,474832,605412,446334,593700,622046,453923,596103,"54.0259","null","null","null","null","null","null","null",42,"2","4-Seam Fastball",1,2,2,1,2,1,2,1,"Standard","Standard"
"FF","2018-09-02","97.4","-2.0550","5.3714","Ray Black",453943,605143,"null","ball",,,,,"14","null","R","R","R","SF","NYM","B","null","null",0,0,2018,"-0.4174","1.3497","1.3207","2.0133","null","null","null",0,7,"Top","null","null",,,460026,,"180902_213312","9.9565","-141.5472","-6.5972","-7.5262","27.0197","-12.9175","3.1226","1.6197","null","null","null","97.5520","2596","6.0820",531457,605143,460026,474832,605412,446334,593700,622046,453923,596103,"54.4158","null","null","null","null","null","null","null",42,"1","4-Seam Fastball",1,2,2,1,2,1,2,1,"Standard","Standard"
"CH","2018-09-02","91.4","-0.8378","6.2902","Noah Syndergaard",605412,592789,"null","ball",,,,,"13","null","R","L","R","SF","NYM","B","null","null",0,0,2018,"-0.9523","1.3511","-0.0954","0.8054","null","null","null",2,6,"Bot","null","null",,,621512,,"180902_212951","3.9641","-132.8650","-10.9964","-12.2455","24.9221","-13.9664","3.1713","1.5797","null","null","null","92.3770","1713","6.6490",531457,592789,621512,457803,643446,453943,642708,624424,457706,607043,"53.8483","null","null","null","null","null","null","null",41,"1","Changeup",1,2,1,2,2,1,1,2,"Strategic","Standard"
"CU","2018-09-02","84.0","-0.8222","6.4081","Noah Syndergaard",453923,592789,"null","called_strike",,,,,"8","null","R","L","R","SF","NYM","S","null","null",0,0,2018,"0.3376","-0.1371","-0.2268","1.7576","null","null","null",1,6,"Bot","null","null",,,621512,,"180902_212738","0.7179","-122.5229","-4.2506","3.3057","19.4346","-33.0710","3.2929","1.5198","null","null","null","84.5840","2296","6.1020",531457,592789,621512,457803,643446,453943,642708,624424,457706,607043,"54.3953","null","null","null","null","null","null","null",40,"1","Curveball",1,2,1,2,2,1,1,2,"Standard","Standard"
"FF","2018-09-02","97.8","-0.7030","6.4430","Noah Syndergaard",452254,592789,"null","ball",,,,,"14","null","R","R","R","SF","NYM","B","null","null",1,1,2018,"-0.3887","1.1773","1.2698","1.7474","null","null","null",0,6,"Bot","null","null",,,621512,,"180902_212504","6.1810","-142.1750","-9.8704","-6.5174","28.4483","-14.4002","3.3542","1.6236","null","null","null","97.9400","2104","6.1370",531457,592789,621512,457803,643446,453943,642708,624424,457706,607043,"54.3605","null","null","null","null","null","null","null",39,"3","4-Seam Fastball",1,2,1,2,2,1,1,2,"Standard","Standard"
"CU","2018-09-02","82.7","-0.7681","6.4174","Noah Syndergaard",452254,592789,"null","ball",,,,,"14","null","R","R","R","SF","NYM","B","null","null",0,1,2018,"0.6114","0.1388","0.6449","1.1261","null","null","null",0,6,"Bot","null","null",,,621512,,"180902_212446","2.0395","-120.4891","-5.9550","5.6663","18.9395","-30.0623","3.3799","1.6497","null","null","null","83.1650","2122","6.1060",531457,592789,621512,457803,643446,453943,642708,624424,457706,607043,"54.3916","null","null","null","null","null","null","null",39,"2","Curveball",1,2,1,2,2,1,1,2,"Standard","Standard"
"CU","2018-09-02","83.0","-0.8414","6.4242","Noah Syndergaard",452254,592789,"null","called_strike",,,,,"2","null","R","R","R","SF","NYM","S","null","null",0,0,2018,"0.5013","0.1977","-0.2694","3.1266","null","null","null",0,6,"Bot","null","null",,,621512,,"180902_212428","0.3457","-120.9751","-1.5870","4.8613","19.0032","-30.1771","3.3374","1.6758","null","null","null","83.2100","2170","5.9060",531457,592789,621512,457803,643446,453943,642708,624424,457706,607043,"54.5917","null","null","null","null","null","null","null",39,"1","Curveball",1,2,1,2,2,1,1,2,"Standard","Standard"
"CU","2018-09-02","78.9","-1.7760","6.0983","Chris Stratton",457803,608717,"null","ball",,,,,"13","null","R","L","R","SF","NYM","B","null","null",1,2,2018,"1.1360","-0.9553","-1.1453","1.5036","null","null","null",2,6,"Top","null","null",,,460026,,"180902_212125","-0.7101","-114.7928","-1.4022","10.0349","21.9356","-40.4703","3.4571","1.6980","null","null","null","78.3860","3062","6.0070",531457,608717,460026,474832,605412,446334,593700,622046,453923,596103,"54.4900","null","null","null","null","null","null","null",38,"4","Curveball",1,2,2,1,2,1,2,1,"Infield shift","Standard"
"FC","2018-09-02","90.2","-2.0361","6.0197","Chris Stratton",457803,608717,"null","ball",,,,,"11","null","R","L","R","SF","NYM","B","null","null",0,1,2018,"0.1597","0.9292","-0.3122","4.7850","null","null","null",2,6,"Top","null","null",,,460026,,"180902_212048","3.9275","-131.3681","0.8528","1.1173","24.1218","-21.8429","3.5341","1.7241","null","null","null","90.1280","2471","5.8990",531457,608717,460026,474832,605412,446334,593700,622046,453923,596103,"54.5985","null","null","null","null","null","null","null",38,"2","Cutter",1,2,2,1,2,1,2,1,"Infield shift","Standard"
"SL","2018-09-02","81.6","-1.9153","6.0168","Chris Stratton",457803,608717,"null","called_strike",,,,,"13","null","R","L","R","SF","NYM","S","null","null",0,0,2018,"0.4447","-0.2681","-0.9979","1.8765","null","null","null",2,6,"Top","null","null",,,460026,,"180902_212034","1.2198","-119.0324","-2.3804","4.0400","18.0221","-34.5479","3.5341","1.7763","null","null","null","81.9060","null","5.8920",531457,608717,460026,474832,605412,446334,593700,622046,453923,596103,"54.6057","null","null","null","null","null","null","null",38,"1","Slider",1,2,2,1,2,1,2,1,"Infield shift","Standard"
"FT","2018-09-02","90.5","-1.8467","6.0482","Chris Stratton",643446,608717,"null","ball",,,,,"13","null","R","L","R","SF","NYM","B","null","null",0,1,2018,"-1.0424","0.9142","-1.3227","1.9509","null","null","null",1,6,"Top","null","null",,,460026,,"180902_211942","3.5144","-131.7412","-6.2905","-12.8531","24.6920","-20.4944","3.5056","1.5536","null","null","null","90.8840","2356","6.2380",531457,608717,460026,474832,605412,446334,593700,622046,453923,596103,"54.2599","null","null","null","null","null","null","null",37,"2","2-Seam Fastball",1,2,2,1,2,1,2,1,"Standard","Standard"
"SL","2018-09-02","92.4","-0.7723","6.4756","Noah Syndergaard",460026,592789,"null","ball",,,,,"14","null","R","R","R","SF","NYM","B","null","null",0,0,2018,"0.2632","0.6625","0.9660","1.7795","null","null","null",0,5,"Bot","null","null",,,621512,,"180902_211242","3.8590","-134.4216","-7.6330","2.4324","27.0494","-22.7598","3.3629","1.6120","null","null","null","92.7720","2075","6.3630",531457,592789,621512,457803,643446,453943,642708,624424,457706,607043,"54.1349","null","null","null","null","null","null","null",33,"1","Slider",1,2,1,2,2,1,1,2,"Standard","Standard"
"FF","2018-09-02","89.8","-2.0291","6.0659","Chris Stratton",592789,608717,"null","ball",,,,,"11","null","R","L","R","SF","NYM","B","null","null",0,0,2018,"-0.5188","1.3608","-1.4980","2.7866","null","null","null",2,5,"Top","null","null",,,460026,,"180902_210838","2.3904","-130.7610","-5.0384","-6.3884","24.3233","-15.8477","3.6171","1.8040","null","null","null","89.9340","2459","6.0700",531457,608717,460026,474832,605412,446334,593700,622046,453923,596103,"54.4274","null","null","null","null","null","null","null",32,"1","4-Seam Fastball",1,2,2,1,2,1,2,1,"Standard","Standard"
"CU","2018-09-02","76.6","-1.6474","6.2496","Chris Stratton",621512,608717,"null","ball",,,,,"14","null","R","R","R","SF","NYM","B","null","null",0,0,2018,"1.0661","-0.7739","0.2637","0.9609","null","null","null",1,5,"Top","null","null",,,460026,,"180902_210749","2.1279","-111.5320","-2.7880","8.4156","19.6693","-38.2932","3.1570","1.5598","null","null","null","76.2620","3086","5.9650",531457,608717,460026,474832,605412,446334,593700,622046,453923,596103,"54.5322","null","null","null","null","null","null","null",31,"1","Curveball",1,2,2,1,2,1,2,1,"Standard","Standard"
"CU","2018-09-02","78.3","-1.7954","6.1580","Chris Stratton",457706,608717,"null","ball",,,,,"14","null","R","R","R","SF","NYM","B","null","null",0,1,2018,"1.3450","-0.9376","0.4095","0.4353","null","null","null",0,5,"Top","null","null",,,460026,,"180902_210647","2.3010","-113.9572","-3.7651","11.1168","21.0822","-39.7610","3.2228","1.5797","null","null","null","77.7890","3148","5.9310",531457,608717,460026,474832,605412,446334,593700,622046,453923,596103,"54.5669","null","null","null","null","null","null","null",30,"2","Curveball",1,2,2,1,2,1,2,1,"Standard","Standard"
"SL","2018-09-02","83.2","-1.9201","6.1234","Chris Stratton",457706,608717,"null","called_strike",,,,,"9","null","R","R","R","SF","NYM","S","null","null",0,0,2018,"0.4874","-0.2933","0.6972","1.7446","null","null","null",0,5,"Top","null","null",,,460026,,"180902_210632","5.0235","-121.1324","-3.1104","3.9396","19.7449","-34.7351","3.3257","1.5275","null","null","null","83.0160","null","5.7690",531457,608717,460026,474832,605412,446334,593700,622046,453923,596103,"54.7287","null","null","null","null","null","null","null",30,"1","Slider",1,2,2,1,2,1,2,1,"Standard","Standard"
"SI","2018-09-02","97.0","-0.6994","6.5156","Noah Syndergaard",596103,592789,"null","ball",,,,,"11","null","R","R","R","SF","NYM","B","null","null",0,1,2018,"-1.5844","0.7535","-1.3877","2.5928","null","null","446334.00",2,4,"Bot","null","null",,,621512,,"180902_210356","1.8272","-141.2542","-6.7339","-21.7946","32.4521","-20.6651","3.3087","1.6358","null","null","null","97.5870","2032","6.5980",531457,592789,621512,457803,643446,453943,642708,624424,457706,607043,"53.8990","null","null","null","null","null","null","null",29,"2","Sinker",1,2,1,2,2,1,1,2,"Standard","Standard"
"FF","2018-09-02","98.0","-0.7998","6.5346","Noah Syndergaard",474832,592789,"null","ball",,,,,"12","null","R","L","R","SF","NYM","B","null","null",1,1,2018,"-0.3717","1.3665","0.5700","4.0186","null","null","446334.00",1,4,"Bot","null","null",,,621512,,"180902_210348","4.5453","-142.7048","-4.5012","-6.0244","29.4352","-12.7472","3.2602","1.6497","null","null","null","98.2860","2242","6.1780",531457,592789,621512,457803,643446,453943,642708,624424,457706,607043,"54.3196","null","null","null","null","null","null","null",28,"3","4-Seam Fastball",1,2,1,2,2,1,1,2,"Infield shift","Standard"
"CH","2018-09-02","90.3","-0.8919","6.4106","Noah Syndergaard",474832,592789,"null","ball",,,,,"13","null","R","L","R","SF","NYM","B","null","null",0,1,2018,"-1.4025","0.7087","-0.6855","1.1666","null","null","446334.00",1,4,"Bot","null","null",,,621512,,"180902_210349","3.4937","-131.2712","-8.6430","-16.9859","25.5536","-22.4501","3.2859","1.6236","null","null","null","90.6000","1586","6.3440",531457,592789,621512,457803,643446,453943,642708,624424,457706,607043,"54.1533","null","null","null","null","null","null","null",28,"2","Changeup",1,2,1,2,2,1,1,2,"Infield shift","Standard"
"CU","2018-09-02","83.7","-0.7866","6.4037","Noah Syndergaard",605412,592789,"null","ball",,,,,"14","null","R","L","R","SF","NYM","B","null","null",0,0,2018,"0.7821","0.0544","1.0178","1.2234","null","null","null",0,4,"Bot","null","null",,,621512,,"180902_205820","2.6282","-121.7015","-5.5701","7.0742","23.4440","-30.8229","2.9908","1.5013","null","null","null","82.6590","2211","5.5940",531457,592789,621512,457803,643446,453943,642708,624424,457706,607043,"54.9036","null","null","null","null","null","null","null",26,"1","Curveball",1,2,1,2,2,1,1,2,"Strategic","Standard"
"FF","2018-09-02","90.3","-1.7676","6.1331","Chris Stratton",607043,608717,"null","ball",,,,,"11","null","R","L","R","SF","NYM","B","null","null",1,2,2018,"-0.1586","1.0581","-0.4619","3.9388","null","null","null",2,4,"Top","null","null",,,460026,,"180902_205539","3.5890","-131.5829","-1.8470","-2.5133","24.1224","-19.6478","3.2000","1.6197","null","null","null","90.8890","2475","6.2660",531457,608717,460026,474832,605412,446334,593700,622046,453923,596103,"54.2310","null","null","null","null","null","null","null",25,"4","4-Seam Fastball",1,2,2,1,2,1,2,1,"Standard","Standard"
"FF","2018-09-02","91.3","-1.8730","6.0838","Chris Stratton",607043,608717,"null","ball",,,,,"11","null","R","L","R","SF","NYM","B","null","null",0,2,2018,"-0.1073","1.2270","-1.1336","2.6570","null","null","null",2,4,"Top","null","null",,,460026,,"180902_205523","2.1066","-133.0852","-5.4958","-1.7050","26.1426","-16.5150","3.2258","1.6458","null","null","null","92.1940","2565","6.5390",531457,608717,460026,474832,605412,446334,593700,622046,453923,596103,"53.9589","null","null","null","null","null","null","null",25,"3","4-Seam Fastball",1,2,2,1,2,1,2,1,"Standard","Standard"
"FC","2018-09-02","90.0","-1.9275","6.1080","Chris Stratton",624424,608717,"null","called_strike",,,,,"4","null","R","L","R","SF","NYM","S","null","null",3,1,2018,"0.1261","0.8892","-0.4280","2.2535","null","null","null",1,4,"Top","null","null",,,460026,,"180902_205320","3.4430","-131.1119","-5.5410","0.8516","23.0077","-21.1299","3.2228","1.6059","null","null","null","90.2800","2371","6.0190",531457,608717,460026,474832,605412,446334,593700,622046,453923,596103,"54.4779","null","null","null","null","null","null","null",24,"5","Cutter",1,2,2,1,2,1,2,1,"Infield shift","Standard"
"CH","2018-09-02","84.2","-1.9162","6.0384","Chris Stratton",624424,608717,"null","ball",,,,,"11","null","R","L","R","SF","NYM","B","null","null",2,1,2018,"-0.6730","1.0383","-0.6422","3.4200","null","null","null",1,4,"Top","null","null",,,460026,,"180902_205307","4.2612","-122.5836","-1.7885","-7.5317","22.1063","-21.6257","3.2228","1.5536","null","null","null","84.2170","2099","6.0750",531457,608717,460026,474832,605412,446334,593700,622046,453923,596103,"54.4220","null","null","null","null","null","null","null",24,"4","Changeup",1,2,2,1,2,1,2,1,"Infield shift","Standard"
"CH","2018-09-02","84.3","-1.9908","6.0362","Chris Stratton",624424,608717,"null","ball",,,,,"11","null","R","L","R","SF","NYM","B","null","null",1,1,2018,"-0.6385","0.2223","-1.7536","2.8496","null","null","null",1,4,"Top","null","null",,,460026,,"180902_205251","1.8059","-122.8879","-1.6014","-6.8047","19.9321","-29.8303","3.1198","1.5536","null","null","null","84.8750","2133","6.1620",531457,608717,460026,474832,605412,446334,593700,622046,453923,596103,"54.3359","null","null","null","null","null","null","null",24,"3","Changeup",1,2,2,1,2,1,2,1,"Infield shift","Standard"
"FC","2018-09-02","89.9","-1.8549","6.0918","Chris Stratton",624424,608717,"null","ball",,,,,"12","null","R","L","R","SF","NYM","B","null","null",0,1,2018,"0.1403","0.9050","0.9238","3.3717","null","null","null",1,4,"Top","null","null",,,460026,,"180902_205237","6.5760","-130.9291","-2.7527","0.4430","23.4108","-21.4335","3.2228","1.5797","null","null","null","90.2560","2432","6.1180",531457,608717,460026,474832,605412,446334,593700,622046,453923,596103,"54.3792","null","null","null","null","null","null","null",24,"2","Cutter",1,2,2,1,2,1,2,1,"Infield shift","Standard"
"CU","2018-09-02","77.7","-1.8443","6.2963","Chris Stratton",624424,608717,"null","called_strike",,,,,"4","null","R","L","R","SF","NYM","S","null","null",0,0,2018,"1.2927","-0.5590","-0.5104","2.5630","null","null","null",1,4,"Top","null","null",,,460026,,"180902_205224","0.5295","-113.0301","-0.0507","10.7506","21.4538","-37.1077","3.3000","1.5797","null","null","null","76.9190","3150","5.8370",531457,608717,460026,474832,605412,446334,593700,622046,453923,596103,"54.6604","null","null","null","null","null","null","null",24,"1","Curveball",1,2,2,1,2,1,2,1,"Infield shift","Standard"
"CH","2018-09-02","83.8","-1.8443","6.1236","Chris Stratton",453943,608717,"null","ball",,,,,"11","null","R","R","R","SF","NYM","B","null","null",1,1,2018,"-1.0661","0.1868","-0.5860","3.5257","null","null","null",0,4,"Top","null","null",,,460026,,"180902_205112","5.0075","-122.0495","-0.0575","-11.5901","20.5104","-30.4663","3.0711","1.3844","null","null","null","84.3830","2022","6.2950",531457,608717,460026,474832,605412,446334,593700,622046,453923,596103,"54.2020","null","null","null","null","null","null","null",23,"3","Changeup",1,2,2,1,2,1,2,1,"Standard","Standard"
"CH","2018-09-02","84.1","-1.9296","6.0986","Chris Stratton",453943,608717,"null","ball",,,,,"7","null","R","R","R","SF","NYM","B","null","null",0,1,2018,"-1.2421","0.3361","-0.8201","1.7307","null","null","null",0,4,"Top","null","null",,,460026,,"180902_205054","5.0161","-122.3825","-4.4659","-13.4177","21.4493","-28.1933","3.0454","1.3320","null","null","null","84.4260","2074","6.2490",531457,608717,460026,474832,605412,446334,593700,622046,453923,596103,"54.2485","null","null","null","null","null","null","null",23,"2","Changeup",1,2,2,1,2,1,2,1,"Standard","Standard"
"FT","2018-09-02","89.9","-1.8373","6.2126","Chris Stratton",453943,608717,"null","called_strike",,,,,"7","null","R","R","R","SF","NYM","S","null","null",0,0,2018,"-0.7490","0.8269","-0.6374","1.8108","null","null","null",0,4,"Top","null","null",,,460026,,"180902_205037","4.5480","-130.7720","-6.7294","-9.4879","24.4605","-21.5732","3.1743","1.3320","null","null","null","90.2380","2256","6.2620",531457,608717,460026,474832,605412,446334,593700,622046,453923,596103,"54.2359","null","null","null","null","null","null","null",23,"1","2-Seam Fastball",1,2,2,1,2,1,2,1,"Standard","Standard"
"SL","2018-09-02","94.9","-0.8003","6.4480","Noah Syndergaard",453923,592789,"null","ball",,,,,"13","null","R","L","R","SF","NYM","B","null","null",2,2,2018,"0.0306","0.6774","-1.0064","1.6569","null","null","null",2,3,"Bot","null","null",,,621512,,"180902_204802","-0.6105","-138.1233","-8.4990","0.5159","26.9088","-21.8976","3.1126","1.6243","null","null","null","95.7980","2019","6.5140",531457,592789,621512,457803,643446,453943,642708,624424,457706,607043,"53.9835","null","null","null","null","null","null","null",22,"7","Slider",1,2,1,2,2,1,1,2,"Standard","Standard"
"CH","2018-09-02","91.6","-0.6784","6.3340","Noah Syndergaard",453923,592789,"null","ball",,,,,"14","null","R","L","R","SF","NYM","B","null","null",1,2,2018,"-1.1401","0.7232","0.6709","0.3632","null","null","null",2,3,"Bot","null","null",,,621512,,"180902_204713","5.9562","-133.1077","-10.9813","-15.0038","22.7402","-21.5780","3.0360","1.4943","null","null","null","93.1310","1760","6.8180",531457,592789,621512,457803,643446,453943,642708,624424,457706,607043,"53.6799","null","null","null","null","null","null","null",22,"5","Changeup",1,2,1,2,2,1,1,2,"Standard","Standard"
"CH","2018-09-02","90.9","-0.8495","6.4011","Noah Syndergaard",453923,592789,"null","ball",,,,,"13","null","R","L","R","SF","NYM","B","null","null",0,0,2018,"-1.0520","0.8683","-0.3794","1.2315","null","null","null",2,3,"Bot","null","null",,,621512,,"180902_204527","3.4784","-132.2553","-9.0369","-13.2400","25.3135","-20.2442","3.1134","1.5205","null","null","null","91.8900","1672","6.6600",531457,592789,621512,457803,643446,453943,642708,624424,457706,607043,"53.8370","null","null","null","null","null","null","null",22,"1","Changeup",1,2,1,2,2,1,1,2,"Standard","Standard"
"CU","2018-09-02","83.8","-0.7734","6.4674","Noah Syndergaard",608717,592789,"null","called_strike",,,,,"2","null","R","R","R","SF","NYM","S","null","null",0,1,2018,"0.6712","0.0914","0.2499","3.3017","593700.00","null","null",1,3,"Bot","null","null",,,621512,,"180902_204317","1.0523","-122.0616","-1.1478","6.4920","21.7931","-31.2691","3.3351","1.5843","null","null","null","83.8060","2205","6.0290",531457,592789,621512,457803,643446,453943,642708,624424,457706,607043,"54.4679","null","null","null","null","null","null","null",21,"2","Curveball",0,2,0,2,2,0,0,2,"Standard","Standard"
"CU","2018-09-02","84.8","-0.8233","6.4068","Noah Syndergaard",622046,592789,"null","called_strike",,,,,"7","null","R","L","R","SF","NYM","S","null","null",0,0,2018,"0.4105","-0.0777","-0.5436","1.8960","null","null","null",0,3,"Bot","null","null",,,621512,,"180902_204048","-0.1487","-123.5606","-4.1422","4.2058","20.8982","-32.4675","3.5348","1.6987","null","null","null","84.7860","null","5.8690",531457,592789,621512,457803,643446,453943,642708,624424,457706,607043,"54.6284","null","null","null","null","null","null","null",19,"1","Curveball",0,2,0,2,2,0,0,2,"Strategic","Standard"
"FF","2018-09-02","90.4","-1.9320","6.0449","Chris Stratton",457803,608717,"null","ball",,,,,"12","null","R","L","R","SF","NYM","B","null","null",0,0,2018,"-0.2944","1.2774","1.0153","2.9255","null","null","643446.00",2,3,"Top","null","null",,,460026,,"180902_203800","7.9686","-131.6089","-4.6436","-4.8429","22.8970","-16.5456","3.5348","1.6987","null","null","null","91.0760","2405","6.2710",531457,608717,460026,474832,605412,446334,593700,622046,453923,596103,"54.2260","null","null","null","null","null","null","null",18,"1","4-Seam Fastball",0,2,2,0,2,0,2,0,"Infield shift","Standard"
"SL","2018-09-02","82.6","-1.8098","6.0780","Chris Stratton",642708,608717,"null","ball",,,,,"14","null","R","R","R","SF","NYM","B","null","null",1,2,2018,"0.4952","-0.0527","0.9302","0.0992","null","null","null",1,3,"Top","null","null",,,460026,,"180902_203504","5.2489","-120.1546","-7.0604","3.9447","18.9746","-31.7636","3.0260","1.4536","null","null","null","82.5000","2665","5.8300",531457,608717,460026,474832,605412,446334,593700,622046,453923,596103,"54.6676","null","null","null","null","null","null","null",16,"5","Slider",0,2,2,0,2,0,2,0,"Standard","Standard"
"CU","2018-09-02","79.8","-1.6313","6.1427","Chris Stratton",642708,608717,"null","ball",,,,,"14","null","R","R","R","SF","NYM","B","null","null",0,2,2018,"1.2248","-1.1732","0.8227","0.1149","null","null","null",1,3,"Top","null","null",,,460026,,"180902_203444","3.1025","-116.0097","-4.2438","10.1941","23.8943","-41.9337","3.0002","1.4012","null","null","null","78.9480","3188","5.9750",531457,608717,460026,474832,605412,446334,593700,622046,453923,596103,"54.5229","null","null","null","null","null","null","null",16,"4","Curveball",0,2,2,0,2,0,2,0,"Standard","Standard"
"CU","2018-09-02","78.5","-1.8759","6.1452","Chris Stratton",642708,608717,"null","called_strike",,,,,"4","null","R","R","R","SF","NYM","S","null","null",0,1,2018,"1.0441","-1.0606","-0.3891","2.3087","null","null","null",1,3,"Top","null","null",,,460026,,"180902_203407","1.3131","-114.1708","0.5045","8.6365","22.5258","-41.5725","3.2521","1.5019","null","null","null","77.4790","3013","5.7500",531457,608717,460026,474832,605412,446334,593700,622046,453923,596103,"54.7472","null","null","null","null","null","null","null",16,"2","Curveball",0,2,2,0,2,0,2,0,"Standard","Standard"
"FF","2018-09-02","90.0","-1.7547","6.1314","Chris Stratton",642708,608717,"null","called_strike",,,,,"14","null","R","R","R","SF","NYM","S","null","null",0,0,2018,"-0.1843","1.3384","0.9091","2.4095","null","null","null",1,3,"Top","null","null",,,460026,,"180902_203354","6.9926","-130.9522","-6.1484","-3.4395","24.4982","-15.7390","3.3035","1.5843","null","null","null","90.3650","2328","6.2610",531457,608717,460026,474832,605412,446334,593700,622046,453923,596103,"54.2366","null","null","null","null","null","null","null",16,"1","4-Seam Fastball",0,2,2,0,2,0,2,0,"Standard","Standard"
"FF","2018-09-02","89.6","-1.8525","6.1630","Chris Stratton",592789,608717,"null","ball",,,,,"14","null","R","L","R","SF","NYM","B","null","null",1,0,2018,"-0.3254","1.6250","0.8939","0.6137","null","null","null",0,3,"Top","null","null",,,460026,,"180902_203301","7.4153","-129.8240","-11.0132","-5.1582","26.1330","-11.8660","3.6691","1.7003","null","null","null","89.1600","2362","6.1660",531457,608717,460026,474832,605412,446334,593700,622046,453923,596103,"54.3318","null","null","null","null","null","null","null",15,"2","4-Seam Fastball",0,2,2,0,2,0,2,0,"Standard","Standard"
"FF","2018-09-02","89.9","-1.9783","6.1230","Chris Stratton",592789,608717,"null","ball",,,,,"13","null","R","L","R","SF","NYM","B","null","null",0,0,2018,"-0.4739","1.2960","-1.3279","1.0924","null","null","null",0,3,"Top","null","null",,,460026,,"180902_203248","2.5818","-130.6386","-9.1819","-5.8840","24.3084","-15.8928","3.6691","1.6743","null","null","null","89.7140","2357","5.9890",531457,608717,460026,474832,605412,446334,593700,622046,453923,596103,"54.5086","null","null","null","null","null","null","null",15,"1","4-Seam Fastball",0,2,2,0,2,0,2,0,"Standard","Standard"
"SL","2018-09-02","92.2","-0.8053","6.4776","Noah Syndergaard",460026,592789,"null","called_strike",,,,,"7","null","R","R","R","SF","NYM","S","null","null",0,1,2018,"-0.0069","0.6256","-0.7313","2.0779","null","null","596103.00",1,2,"Bot","null","null",,,621512,,"180902_202825","0.2031","-134.3066","-6.7970","-0.1226","25.5363","-23.4469","3.3379","1.5343","null","null","null","92.7730","2030","6.2980",531457,592789,621512,457803,643446,453943,642708,624424,457706,607043,"54.1989","null","null","null","null","null","null","null",14,"2","Slider",0,2,0,2,2,0,0,2,"Standard","Standard"
"FF","2018-09-02","99.9","-0.6329","6.3594","Noah Syndergaard",596103,592789,"walk","ball",,,,,"14","Austin Slater walks.  ","R","R","R","SF","NYM","B","null","null",3,2,2018,"-0.4977","1.3286","1.0318","1.0211","null","null","null",1,2,"Bot","null","null",,,621512,,"180902_202723","5.8086","-145.1287","-12.5973","-8.4100","30.9363","-10.5212","3.3549","1.5843","null","null","null","100.8940","2134","6.7220",531457,592789,621512,457803,643446,453943,642708,624424,457706,607043,"53.7750","null","null","0.70",1,0,0,"null",13,"7","4-Seam Fastball",0,2,0,2,2,0,0,2,"Standard","Standard"
"SI","2018-09-02","98.5","-0.7878","6.4386","Noah Syndergaard",596103,592789,"null","ball",,,,,"13","null","R","R","R","SF","NYM","B","null","null",2,2,2018,"-1.0465","0.7512","-0.5528","1.2480","null","null","null",1,2,"Bot","null","null",,,621512,,"180902_202638","3.0648","-143.1855","-10.4358","-15.1519","29.0443","-19.8146","3.2778","1.5843","null","null","null","99.0220","2100","6.3640",531457,592789,621512,457803,643446,453943,642708,624424,457706,607043,"54.1333","null","null","null","null","null","null","null",13,"5","Sinker",0,2,0,2,2,0,0,2,"Standard","Standard"
"SI","2018-09-02","97.6","-0.5374","6.5153","Noah Syndergaard",596103,592789,"null","ball",,,,,"13","null","R","R","R","SF","NYM","B","null","null",1,0,2018,"-1.1238","1.0430","-0.8741","1.0308","null","null","null",1,2,"Bot","null","null",,,621512,,"180902_202523","1.6671","-141.8043","-11.6506","-15.5721","29.7028","-15.8050","3.3292","1.6104","null","null","null","97.7900","2154","6.2920",531457,592789,621512,457803,643446,453943,642708,624424,457706,607043,"54.2058","null","null","null","null","null","null","null",13,"2","Sinker",0,2,0,2,2,0,0,2,"Standard","Standard"
"SI","2018-09-02","97.4","-0.5913","6.4995","Noah Syndergaard",596103,592789,"null","ball",,,,,"13","null","R","R","R","SF","NYM","B","null","null",0,0,2018,"-1.2157","1.0897","-0.9073","1.4217","null","null","null",1,2,"Bot","null","null",,,621512,,"180902_202505","1.9647","-141.4725","-10.6232","-16.8398","33.1717","-15.2131","3.1549","1.4797","null","null","null","97.5110","1957","6.5140",531457,592789,621512,457803,643446,453943,642708,624424,457706,607043,"53.9838","null","null","null","null","null","null","null",13,"1","Sinker",0,2,0,2,2,0,0,2,"Standard","Standard"
"CU","2018-09-02","83.0","-0.8655","6.4205","Noah Syndergaard",474832,592789,"null","called_strike",,,,,"5","null","R","L","R","SF","NYM","S","null","null",0,0,2018,"0.6561","-0.0303","0.0148","2.3449","null","null","null",0,2,"Bot","null","null",,,621512,,"180902_202411","0.7570","-120.9883","-2.8865","6.2451","20.2323","-32.1970","3.3124","1.6765","null","null","null","82.7850","2308","5.7300",531457,592789,621512,457803,643446,453943,642708,624424,457706,607043,"54.7674","null","null","null","null","null","null","null",12,"1","Curveball",0,2,0,2,2,0,0,2,"Infield shift","Standard"
"FF","2018-09-02","91.2","-1.8205","6.0463","Chris Stratton",621512,608717,"null","called_strike",,,,,"14","null","R","R","R","SF","NYM","S","null","null",0,0,2018,"-0.3429","0.9429","0.9608","1.7121","null","null","null",2,2,"Top","null","null",,,460026,,"180902_202119","7.7376","-132.7098","-7.1439","-5.4441","22.8523","-19.8098","3.2092","1.4559","null","null","null","92.0460","2464","6.3620",531457,608717,460026,474832,605412,446334,593700,622046,453923,596103,"54.1353","null","null","null","null","null","null","null",11,"1","4-Seam Fastball",0,2,2,0,2,0,2,0,"Standard","Standard"
"SL","2018-09-02","84.8","-2.0212","6.0949","Chris Stratton",457706,608717,"null","ball",,,,,"14","null","R","R","R","SF","NYM","B","null","null",1,2,2018,"0.2434","0.1066","1.0822","1.8990","null","null","null",1,2,"Top","null","null",,,460026,,"180902_202033","6.7138","-123.3467","-3.7522","1.3699","20.1814","-30.6787","3.3779","1.5804","null","null","null","84.6170","3031","5.7970",531457,608717,460026,474832,605412,446334,593700,622046,453923,596103,"54.7003","null","null","null","null","null","null","null",10,"4","Slider",0,2,2,0,2,0,2,0,"Standard","Standard"
"CU","2018-09-02","78.2","-1.8192","6.1558","Chris Stratton",457706,608717,"null","ball",,,,,"14","null","R","R","R","SF","NYM","B","null","null",0,1,2018,"1.1606","-0.6824","0.9602","0.5523","null","null","null",1,2,"Top","null","null",,,460026,,"180902_201958","3.8625","-113.8399","-3.9805","9.3069","20.1844","-37.5684","3.3007","1.6066","null","null","null","77.9300","3147","5.9970",531457,608717,460026,474832,605412,446334,593700,622046,453923,596103,"54.5009","null","null","null","null","null","null","null",10,"2","Curveball",0,2,2,0,2,0,2,0,"Standard","Standard"
"FF","2018-09-02","91.1","-1.8776","6.0807","Chris Stratton",457706,608717,"null","called_strike",,,,,"6","null","R","R","R","SF","NYM","S","null","null",0,0,2018,"-0.4353","1.4929","0.3462","2.5330","null","null","null",1,2,"Top","null","null",,,460026,,"180902_201945","6.5020","-132.5039","-6.2588","-6.3529","24.3269","-13.5234","3.3007","1.5804","null","null","null","91.4810","2576","6.2290",531457,608717,460026,474832,605412,446334,593700,622046,453923,596103,"54.2683","null","null","null","null","null","null","null",10,"1","4-Seam Fastball",0,2,2,0,2,0,2,0,"Standard","Standard"
"CU","2018-09-02","79.3","-1.7570","6.2168","Chris Stratton",453943,608717,"null","ball",,,,,"14","null","R","R","R","SF","NYM","B","null","null",1,2,2018,"1.3978","-0.6887","1.6694","0.5770","null","null","null",0,2,"Top","null","null",,,460026,,"180902_201705","4.8828","-115.3042","-4.2435","11.3092","21.5221","-37.6474","2.9944","1.3851","null","null","null","78.5070","3078","5.7820",531457,608717,460026,474832,605412,446334,593700,622046,453923,596103,"54.7158","null","null","null","null","null","null","null",7,"4","Curveball",0,0,0,0,0,0,0,0,"Standard","Standard"
"FT","2018-09-02","91.1","-1.8786","6.1638","Chris Stratton",453943,608717,"null","ball",,,,,"13","null","R","R","R","SF","NYM","B","null","null",0,1,2018,"-1.0034","0.8329","-1.1464","1.5328","null","null","null",0,2,"Top","null","null",,,460026,,"180902_201633","3.9390","-132.4815","-7.4819","-12.5175","26.5214","-21.1577","3.0719","1.3327","null","null","null","90.8160","2323","6.0080",531457,608717,460026,474832,605412,446334,593700,622046,453923,596103,"54.4893","null","null","null","null","null","null","null",7,"2","2-Seam Fastball",0,0,0,0,0,0,0,0,"Standard","Standard"
"FF","2018-09-02","98.8","-0.8660","6.5216","Noah Syndergaard",446334,592789,"null","ball",,,,,"13","null","R","R","R","SF","NYM","B","null","null",0,2,2018,"-0.5015","1.2837","-1.2480","1.8720","null","null","null",2,1,"Bot","null","null",,,621512,,"180902_201328","0.1127","-143.6648","-10.1657","-6.9432","30.4813","-12.5176","3.5576","1.5804","null","null","null","98.6730","2199","6.0680",531457,592789,621512,457803,643446,453943,642708,624424,457706,607043,"54.4292","null","null","null","null","null","null","null",6,"3","4-Seam Fastball",0,0,0,0,0,0,0,0,"Standard","Standard"
"FF","2018-09-02","98.4","-0.8348","6.4978","Noah Syndergaard",446334,592789,"null","called_strike",,,,,"8","null","R","R","R","SF","NYM","S","null","null",0,0,2018,"-0.6565","1.2371","-0.0821","1.9716","null","null","null",2,1,"Bot","null","null",,,621512,,"180902_201250","3.5243","-142.9181","-9.5910","-9.7125","31.8956","-13.4364","3.5832","1.5543","null","null","null","97.9380","2108","6.0600",531457,592789,621512,457803,643446,453943,642708,624424,457706,607043,"54.4374","null","null","null","null","null","null","null",6,"1","4-Seam Fastball",0,0,0,0,0,0,0,0,"Standard","Standard"
"FF","2018-09-02","97.9","-0.8589","6.5534","Noah Syndergaard",605412,592789,"null","ball",,,,,"11","null","R","L","R","SF","NYM","B","null","null",1,2,2018,"-0.3699","1.3827","-0.8579","3.5094","null","null","null",1,1,"Bot","null","null",,,621512,,"180902_201155","0.8298","-142.4216","-5.8080","-5.1319","31.9066","-12.6208","3.2750","1.5020","null","null","null","97.1050","2162","5.7950",531457,592789,621512,457803,643446,453943,642708,624424,457706,607043,"54.7027","null","null","null","null","null","null","null",5,"4","4-Seam Fastball",0,0,0,0,0,0,0,0,"Strategic","Standard"
"FF","2018-09-02","98.0","-0.9852","6.5216","Noah Syndergaard",605412,592789,"null","called_strike",,,,,"6","null","R","L","R","SF","NYM","S","null","null",1,0,2018,"-0.5071","1.3698","0.4563","2.0497","null","null","null",1,1,"Bot","null","null",,,621512,,"180902_201115","4.9905","-142.3947","-9.6570","-7.8365","28.3057","-11.9754","3.0947","1.4497","null","null","null","97.5990","2176","5.8430",531457,592789,621512,457803,643446,453943,642708,624424,457706,607043,"54.6541","null","null","null","null","null","null","null",5,"2","4-Seam Fastball",0,0,0,0,0,0,0,0,"Strategic","Standard"
"SI","2018-09-02","97.2","-0.6370","6.5231","Noah Syndergaard",605412,592789,"null","ball",,,,,"13","null","R","L","R","SF","NYM","B","null","null",0,0,2018,"-1.0869","0.9328","-1.2705","2.0265","null","null","null",1,1,"Bot","null","null",,,621512,,"180902_201059","0.8088","-141.5661","-8.7943","-15.0147","27.9217","-17.8677","3.0173","1.4497","null","null","null","98.2610","1996","6.5320",531457,592789,621512,457803,643446,453943,642708,624424,457706,607043,"53.9654","null","null","null","null","null","null","null",5,"1","Sinker",0,0,0,0,0,0,0,0,"Strategic","Standard"
"FF","2018-09-02","90.6","-1.9273","6.1503","Chris Stratton",457803,608717,"null","ball",,,,,"11","null","R","L","R","SF","NYM","B","null","null",0,2,2018,"-0.0402","1.4527","-1.3698","5.5650","null","null","null",2,1,"Top","null","null",,,460026,,"180902_200731","1.4662","-131.8480","1.4092","-0.7770","28.3443","-16.0485","3.5605","1.7248","null","null","null","89.9450","2562","5.9060",531457,608717,460026,474832,605412,446334,593700,622046,453923,596103,"54.5919","null","null","null","null","null","null","null",3,"3","4-Seam Fastball",0,0,0,0,0,0,0,0,"Infield shift","Standard"
"CH","2018-09-02","85.9","-2.0468","6.0854","Chris Stratton",643446,608717,"null","ball",,,,,"11","null","R","L","R","SF","NYM","B","null","null",0,1,2018,"-0.9556","0.2359","-1.1602","2.8459","null","null","null",1,1,"Top","null","null",,,460026,,"180902_200606","4.0067","-125.1273","-1.9827","-10.7616","21.7453","-29.5390","3.5576","1.7371","null","null","null","86.2390","2157","6.1390",531457,608717,460026,474832,605412,446334,593700,622046,453923,596103,"54.3587","null","null","null","null","null","null","null",2,"2","Changeup",0,0,0,0,0,0,0,0,"Standard","Standard"
"FF","2018-09-02","90.6","-1.9545","6.2162","Chris Stratton",643446,608717,"null","called_strike",,,,,"11","null","R","L","R","SF","NYM","S","null","null",0,0,2018,"-0.3653","1.1554","-0.9636","3.2737","null","null","null",1,1,"Top","null","null",,,460026,,"180902_200551","3.2166","-131.8763","-3.8546","-4.8549","26.3341","-18.3037","3.5576","1.7892","null","null","null","90.1980","2447","5.8880",531457,608717,460026,474832,605412,446334,593700,622046,453923,596103,"54.6094","null","null","null","null","null","null","null",2,"1","4-Seam Fastball",0,0,0,0,0,0,0,0,"Standard","Standard"
"FF","2018-09-02","91.2","-2.0023","6.1223","Chris Stratton",642708,608717,"null","ball",,,,,"14","null","R","R","R","SF","NYM","B","null","null",0,0,2018,"-0.4746","1.5520","0.5494","1.4202","null","null","null",0,1,"Top","null","null",,,460026,,"180902_200503","7.4362","-132.3644","-9.2684","-7.1190","26.7986","-12.1400","3.3351","1.5843","null","null","null","91.3800","2545","6.4240",531457,608717,460026,474832,605412,446334,593700,622046,453923,596103,"54.0734","null","null","null","null","null","null","null",1,"1","4-Seam Fastball",0,0,0,0,0,0,0,0,"Standard","Standard"