"pitch_type","game_date","release_speed","release_pos_x","release_pos_z","player_name","batter","pitcher","events","description","spin_dir","spin_rate_deprecated","break_angle_deprecated","break_length_deprecated","zone","des","game_type","stand","p_throws","home_team","away_team","type","hit_location","bb_type","balls","strikes","game_year","pfx_x","pfx_z","plate_x","plate_z","on_3b","on_2b","on_1b","outs_when_up","inning","inning_topbot","hc_x","hc_y","tfs_deprecated","tfs_zulu_deprecated","pos2_person_id","umpire","sv_id","vx0","vy0","vz0","ax","ay","az","sz_top","sz_bot","hit_distance_sc","launch_speed","launch_angle","effective_speed","release_spin_rate","release_extension","game_pk","pos1_person_id","pos2_person_id","pos3_person_id","pos4_person_id","pos5_person_id","pos6_person_id","pos7_person_id","pos8_person_id","pos9_person_id","release_pos_y","estimated_ba_using_speedangle","estimated_woba_using_speedangle","woba_value","woba_denom","babip_value","iso_value","launch_speed_angle","at_bat_number","pitch_number","pitch_name","home_score","away_score","bat_score","fld_score","post_away_score","post_home_score","post_bat_score","post_fld_score","if_fielding_alignment","of_fielding_alignment"
"FF","2018-04-04","96.1","-2.7766","5.6178","Hunter Strickland",628338,519326,"null","ball",,,,,"12","null","R","R","R","SF","SEA","B","null","null",0,2,2018,"-0.2811","1.1009","1.1681","3.0843","null","571679.00","600301.00",0,9,"Top","null","null",,,460026,,"180405_020759","10.9991","-139.5789","-3.5635","-5.9959","29.8316","-17.3594","3.1581","1.5495","null","null","null","95.6410","2432","6.0130",529492,519326,460026,474832,605509,467055,543063,453923,491676,457705,"54.4843","null","null","null","null","null","null","null",81,"3","4-Seam Fastball",10,1,1,10,1,10,1,10,"Standard","Standard"
"FT","2018-04-04","94.4","-2.6701","5.9716","Hunter Strickland",628338,519326,"null","called_strike",,,,,"4","null","R","R","R","SF","SEA","S","null","null",0,0,2018,"-1.1345","1.0431","-0.6394","2.2176","null","571679.00","600301.00",0,9,"Top","null","null",,,460026,,"180405_020716","7.7356","-137.1194","-6.3273","-15.8732","29.8080","-17.9741","3.1682","1.5394","null","null","null","93.9390","2234","6.0780",529492,519326,460026,474832,605509,467055,543063,453923,491676,457705,"54.4195","null","null","null","null","null","null","null",81,"1","2-Seam Fastball",10,1,1,10,1,10,1,10,"Standard","Standard"
"FF","2018-04-04","95.3","-2.7377","5.8978","Hunter Strickland",600301,519326,"null","ball",,,,,"14","null","R","R","R","SF","SEA","B","null","null",1,2,2018,"-0.3053","1.2226","1.0010","1.6864","null","null","571679.00",0,9,"Top","null","null",,,460026,,"180405_020559","10.3994","-138.2093","-8.0339","-6.1322","30.0875","-15.1634","3.2506","1.5339","null","null","null","94.5340","2288","5.9750",529492,519326,460026,474832,605509,467055,543063,453923,491676,457705,"54.5223","null","null","null","null","null","null","null",80,"5","4-Seam Fastball",10,1,1,10,1,10,1,10,"Standard","Standard"
"FF","2018-04-04","95.2","-2.8654","5.6047","Hunter Strickland",600301,519326,"null","ball",,,,,"2","null","R","R","R","SF","SEA","B","null","null",0,2,2018,"-0.2415","1.0253","-0.0566","3.3917","null","null","571679.00",0,9,"Top","null","null",,,460026,,"180405_020537","7.8545","-138.4447","-2.4159","-4.8112","30.7394","-18.8472","3.2731","1.5339","null","null","null","94.6460","2350","5.9860",529492,519326,460026,474832,605509,467055,543063,453923,491676,457705,"54.5115","null","null","null","null","null","null","null",80,"4","4-Seam Fastball",10,1,1,10,1,10,1,10,"Standard","Standard"
"FF","2018-04-04","94.9","-2.8352","5.6444","Hunter Strickland",571679,519326,"walk","ball",,,,,"14","David Freitas walks.  ","R","R","R","SF","SEA","B","null","null",3,1,2018,"-0.2182","1.2726","1.0321","1.8279","null","null","null",0,9,"Top","null","null",,,460026,,"180405_020341","10.5468","-137.5873","-7.0262","-5.2985","33.4079","-14.7452","3.5955","1.6606","null","null","null","94.0480","2349","6.2060",529492,519326,460026,474832,605509,467055,543063,453923,491676,457705,"54.2914","null","null","0.70",1,0,0,"null",79,"5","4-Seam Fastball",10,1,1,10,1,10,1,10,"Standard","Standard"
"FF","2018-04-04","95.2","-2.8851","5.6257","Hunter Strickland",571679,519326,"null","called_strike",,,,,"7","null","R","R","R","SF","SEA","S","null","null",3,0,2018,"-0.4346","1.2418","-0.3193","1.6241","null","null","null",0,9,"Top","null","null",,,460026,,"180405_020321","7.6621","-138.2063","-7.5118","-7.3529","33.5748","-14.9035","3.5505","1.6156","null","null","null","94.3810","2303","6.1430",529492,519326,460026,474832,605509,467055,543063,453923,491676,457705,"54.3542","null","null","null","null","null","null","null",79,"4","4-Seam Fastball",10,1,1,10,1,10,1,10,"Standard","Standard"
"FF","2018-04-04","95.0","-2.7741","5.5614","Hunter Strickland",571679,519326,"null","ball",,,,,"14","null","R","R","R","SF","SEA","B","null","null",2,0,2018,"-0.2852","1.2655","1.8884","2.1906","null","null","null",0,9,"Top","null","null",,,460026,,"180405_020301","12.7479","-137.6370","-5.8607","-6.5690","32.2554","-15.1473","3.5505","1.6381","null","null","null","94.1000","2355","6.1290",529492,519326,460026,474832,605509,467055,543063,453923,491676,457705,"54.3688","null","null","null","null","null","null","null",79,"3","4-Seam Fastball",10,1,1,10,1,10,1,10,"Standard","Standard"
"FT","2018-04-04","94.6","-2.6097","5.9712","Hunter Strickland",571679,519326,"null","ball",,,,,"14","null","R","R","R","SF","SEA","B","null","null",1,0,2018,"-1.1258","0.8279","0.3675","1.3919","null","null","null",0,9,"Top","null","null",,,460026,,"180405_020243","10.2144","-137.1451","-7.9790","-16.4939","32.6058","-20.1698","3.5730","1.7057","null","null","null","93.8630","2228","6.2310",529492,519326,460026,474832,605509,467055,543063,453923,491676,457705,"54.2665","null","null","null","null","null","null","null",79,"2","2-Seam Fastball",10,1,1,10,1,10,1,10,"Standard","Standard"
"FF","2018-04-04","95.8","-2.8583","5.5042","Hunter Strickland",571679,519326,"null","ball",,,,,"14","null","R","R","R","SF","SEA","B","null","null",0,0,2018,"-0.2943","1.1069","1.4131","1.5952","null","null","null",0,9,"Top","null","null",,,460026,,"180405_020225","11.8780","-138.8484","-7.1020","-6.5295","32.1478","-16.5435","3.5955","1.6606","null","null","null","95.1730","2274","6.2220",529492,519326,460026,474832,605509,467055,543063,453923,491676,457705,"54.2755","null","null","null","null","null","null","null",79,"1","4-Seam Fastball",10,1,1,10,1,10,1,10,"Standard","Standard"
"CU","2018-04-04","70.9","2.8510","5.8807","Wade LeBlanc",453923,453281,"null","ball",,,,,"14","null","R","L","L","SF","SEA","B","null","null",0,0,2018,"-0.7209","-0.4384","0.6024","1.1419","null","null","543063.00",2,8,"Bot","null","null",,,605357,,"180405_015936","-3.1851","-103.2018","-0.9644","-4.5030","17.3381","-35.3246","2.9499","1.3842","null","null","null","70.1870","2172","5.7300",529492,453281,605357,596129,461865,572122,516416,600301,628338,571745,"54.7671","null","null","null","null","null","null","null",78,"1","Curveball",10,1,10,1,1,10,10,1,"Standard","Standard"
"CH","2018-04-04","77.3","2.8039","5.7752","Wade LeBlanc",467055,453281,"null","called_strike",,,,,"8","null","R","R","L","SF","SEA","S","null","null",0,0,2018,"1.0604","0.4175","-0.2148","1.5813","null","null","null",1,8,"Bot","null","null",,,605357,,"180405_015700","-8.4009","-112.3382","-2.7927","10.4857","18.7111","-28.3201","3.3451","1.5668","null","null","null","77.7920","1401","6.5270",529492,453281,605357,596129,461865,572122,516416,600301,628338,571745,"53.9706","null","null","null","null","null","null","null",76,"1","Changeup",10,1,10,1,1,10,10,1,"Standard","Standard"
"FT","2018-04-04","84.6","2.8628","5.6085","Wade LeBlanc",452254,453281,"null","called_strike",,,,,"14","null","R","R","L","SF","SEA","S","null","null",3,1,2018,"1.1942","1.2742","1.0324","2.0084","null","null","null",0,8,"Bot","null","null",,,605357,,"180405_015526","-6.5851","-122.8879","-4.5070","13.2893","24.5528","-18.7284","3.3893","1.5721","null","null","null","84.0940","1870","6.0720",529492,453281,605357,596129,461865,572122,516416,600301,628338,571745,"54.4255","null","null","null","null","null","null","null",75,"5","2-Seam Fastball",10,1,10,1,1,10,10,1,"Standard","Standard"
"CH","2018-04-04","75.2","2.8503","5.7734","Wade LeBlanc",452254,453281,"null","ball",,,,,"12","null","R","R","L","SF","SEA","B","null","null",2,1,2018,"1.1301","0.2119","1.7031","3.3780","null","null","null",0,8,"Bot","null","null",,,605357,,"180405_015506","-4.3785","-109.4394","1.7697","9.8357","18.3652","-30.9700","3.3337","1.7625","null","null","null","75.3940","1289","6.3130",529492,453281,605357,596129,461865,572122,516416,600301,628338,571745,"54.1842","null","null","null","null","null","null","null",75,"4","Changeup",10,1,10,1,1,10,10,1,"Standard","Standard"
"CH","2018-04-04","78.1","2.9043","5.7906","Wade LeBlanc",452254,453281,"null","ball",,,,,"13","null","R","R","L","SF","SEA","B","null","null",1,0,2018,"1.0727","0.5362","-0.3875","1.1080","null","null","null",0,8,"Bot","null","null",,,605357,,"180405_015430","-9.0163","-113.3156","-4.1045","10.8834","21.4513","-27.0388","3.4012","1.6949","null","null","null","77.6790","1432","6.2320",529492,453281,605357,596129,461865,572122,516416,600301,628338,571745,"54.2657","null","null","null","null","null","null","null",75,"2","Changeup",10,1,10,1,1,10,10,1,"Standard","Standard"
"CH","2018-04-04","77.6","2.8511","5.8038","Wade LeBlanc",452254,453281,"null","ball",,,,,"14","null","R","R","L","SF","SEA","B","null","null",0,0,2018,"1.1447","0.6420","0.9542","1.2420","null","null","null",0,8,"Bot","null","null",,,605357,,"180405_015415","-6.0761","-112.7770","-3.9842","10.7265","19.4373","-26.2804","3.4012","1.7400","null","null","null","77.2350","1461","5.9800",529492,453281,605357,596129,461865,572122,516416,600301,628338,571745,"54.5179","null","null","null","null","null","null","null",75,"1","Changeup",10,1,10,1,1,10,10,1,"Standard","Standard"
"SL","2018-04-04","83.2","3.4646","5.1906","Tony Watson",596129,453265,"null","ball",,,,,"14","null","R","L","L","SF","SEA","B","null","null",0,1,2018,"0.0155","0.2937","0.3617","0.9364","null","null","null",1,8,"Top","null","null",,,460026,,"180405_014924","-7.0358","-120.9377","-3.8471","1.4014","21.5284","-28.9052","3.2586","1.4493","null","null","null","82.2640","2274","5.5250",529492,453265,460026,474832,605509,467055,543063,453923,491676,457705,"54.9728","null","null","null","null","null","null","null",73,"2","Slider",10,1,1,10,1,10,1,10,"Standard","Standard"
"SL","2018-04-04","83.0","3.4900","5.1852","Tony Watson",572122,453265,"null","ball",,,,,"13","null","R","L","L","SF","SEA","B","null","null",1,1,2018,"-0.3660","0.2680","-1.6453","0.8654","null","null","null",0,8,"Top","null","null",,,460026,,"180405_014755","-10.9000","-120.2860","-3.7801","-1.1985","25.0244","-29.1100","3.3908","1.4213","null","null","null","81.6910","2219","5.7950",529492,453265,460026,474832,605509,467055,543063,453923,491676,457705,"54.7022","null","null","null","null","null","null","null",72,"3","Slider",10,1,1,10,1,10,1,10,"Standard","Standard"
"SI","2018-04-04","90.7","3.4217","5.1870","Tony Watson",572122,453265,"null","called_strike",,,,,"7","null","R","L","L","SF","SEA","S","null","null",1,0,2018,"1.2763","0.9207","-0.7965","1.6886","null","null","null",0,8,"Top","null","null",,,460026,,"180405_014737","-13.0782","-131.2827","-4.6008","17.4550","30.0556","-20.9439","3.4358","1.4539","null","null","null","89.3590","2136","5.9410",529492,453265,460026,474832,605509,467055,543063,453923,491676,457705,"54.5568","null","null","null","null","null","null","null",72,"2","Sinker",10,1,1,10,1,10,1,10,"Standard","Standard"
"SI","2018-04-04","90.6","3.4814","5.1847","Tony Watson",572122,453265,"null","ball",,,,,"13","null","R","L","L","SF","SEA","B","null","null",0,0,2018,"1.2805","0.8676","-0.9210","2.3719","null","null","null",0,8,"Top","null","null",,,460026,,"180405_014721","-13.4751","-131.1080","-2.7812","17.4241","29.0280","-22.0286","3.4358","1.3538","null","null","null","89.1510","2216","5.8070",529492,453265,460026,474832,605509,467055,543063,453923,491676,457705,"54.6909","null","null","null","null","null","null","null",72,"1","Sinker",10,1,1,10,1,10,1,10,"Standard","Standard"
"FT","2018-04-04","83.7","2.7863","5.7277","Wade LeBlanc",605509,453281,"walk","ball",,,,,"13","Kelby Tomlinson walks.   Nick Hundley to 2nd.  ","R","R","L","SF","SEA","B","null","null",3,2,2018,"1.2758","1.1198","-0.3839","1.3225","null","null","460026.00",2,7,"Bot","null","null",,,605357,,"180405_014234","-9.7743","-121.4583","-5.9372","14.3923","21.5910","-20.2117","3.3386","1.6194","null","null","null","83.6800","1873","6.2210",529492,453281,605357,596129,461865,572122,516416,600301,628338,571745,"54.2765","null","null","0.70",1,0,0,"null",69,"6","2-Seam Fastball",9,1,9,1,1,9,9,1,"Standard","Standard"
"FT","2018-04-04","86.3","2.6134","5.7809","Wade LeBlanc",605509,453281,"null","ball",,,,,"13","null","R","R","L","SF","SEA","B","null","null",2,2,2018,"1.3582","1.1972","-0.3579","1.1986","null","null","460026.00",2,7,"Bot","null","null",,,605357,,"180405_014214","-9.6560","-125.0017","-6.9223","15.9472","25.2690","-18.6796","3.4061","1.5519","null","null","null","85.2360","1951","5.8610",529492,453281,605357,596129,461865,572122,516416,600301,628338,571745,"54.6360","null","null","null","null","null","null","null",69,"5","2-Seam Fastball",9,1,9,1,1,9,9,1,"Standard","Standard"
"FT","2018-04-04","85.8","2.5236","5.7363","Wade LeBlanc",605509,453281,"null","ball",,,,,"13","null","R","R","L","SF","SEA","B","null","null",1,2,2018,"1.2707","1.1994","-2.1763","2.1947","null","null","460026.00",2,7,"Bot","null","null",,,605357,,"180405_014153","-13.6331","-124.2346","-4.4978","15.7780","23.2694","-19.0496","3.2935","1.5744","null","null","null","85.7140","1903","6.3590",529492,453281,605357,596129,461865,572122,516416,600301,628338,571745,"54.1380","null","null","null","null","null","null","null",69,"4","2-Seam Fastball",9,1,9,1,1,9,9,1,"Standard","Standard"
"CH","2018-04-04","78.3","2.9323","5.7772","Wade LeBlanc",605509,453281,"null","ball",,,,,"14","null","R","R","L","SF","SEA","B","null","null",0,1,2018,"0.9243","0.6713","0.2242","0.9719","null","null","460026.00",2,7,"Bot","null","null",,,605357,,"180405_014037","-7.4955","-113.7170","-4.7026","9.3110","20.4010","-25.7664","3.3160","1.6194","null","null","null","77.9760","1437","6.1170",529492,453281,605357,596129,461865,572122,516416,600301,628338,571745,"54.3807","null","null","null","null","null","null","null",69,"2","Changeup",9,1,9,1,1,9,9,1,"Standard","Standard"
"FT","2018-04-04","85.0","2.7811","5.7202","Wade LeBlanc",605509,453281,"null","called_strike",,,,,"5","null","R","R","L","SF","SEA","S","null","null",0,0,2018,"1.1822","0.9223","-0.0014","2.6018","null","null","460026.00",2,7,"Bot","null","null",,,605357,,"180405_014021","-8.8946","-123.5353","-2.8610","13.8321","22.9281","-22.3370","3.3836","1.5969","null","null","null","85.2930","1913","6.3920",529492,453281,605357,596129,461865,572122,516416,600301,628338,571745,"54.1053","null","null","null","null","null","null","null",69,"1","2-Seam Fastball",9,1,9,1,1,9,9,1,"Standard","Standard"
"FT","2018-04-04","84.9","2.6977","5.7054","Wade LeBlanc",491676,453281,"null","called_strike",,,,,"4","null","R","R","L","SF","SEA","S","null","null",0,0,2018,"1.3352","0.9357","-0.2976","2.6901","null","null","null",1,7,"Bot","null","null",,,605357,,"180405_013826","-9.6090","-123.2381","-2.5499","15.4047","24.2010","-22.4227","3.3555","1.5266","null","null","null","84.5120","1875","6.1440",529492,453281,605357,596129,461865,572122,516416,600301,628338,571745,"54.3536","null","null","null","null","null","null","null",67,"1","2-Seam Fastball",9,1,9,1,1,9,9,1,"Standard","Standard"
"FT","2018-04-04","85.2","2.6446","5.7524","Wade LeBlanc",453923,453281,"null","ball",,,,,"7","null","R","L","L","SF","SEA","B","null","null",1,1,2018,"1.1200","1.0830","-0.6092","1.4807","null","null","null",0,7,"Bot","null","null",,,605357,,"180405_013736","-9.8058","-123.6630","-5.8748","13.2312","22.0823","-20.2275","2.9353","1.4655","null","null","null","85.0600","1883","6.1040",529492,453281,605357,596129,461865,572122,516416,600301,628338,571745,"54.3934","null","null","null","null","null","null","null",66,"3","2-Seam Fastball",9,1,9,1,1,9,9,1,"Standard","Strategic"
"CH","2018-04-04","78.0","2.9370","5.7595","Wade LeBlanc",453923,453281,"null","ball",,,,,"13","null","R","L","L","SF","SEA","B","null","null",0,1,2018,"1.0530","0.6090","-0.6342","0.8869","null","null","null",0,7,"Bot","null","null",,,605357,,"180405_013723","-9.5469","-113.2982","-4.7461","10.5858","17.6950","-26.3657","3.0175","1.4968","null","null","null","78.0940","1439","6.1300",529492,453281,605357,596129,461865,572122,516416,600301,628338,571745,"54.3676","null","null","null","null","null","null","null",66,"2","Changeup",9,1,9,1,1,9,9,1,"Standard","Strategic"
"FF","2018-04-04","84.0","2.6246","5.8342","Wade LeBlanc",453923,453281,"null","called_strike",,,,,"8","null","R","L","L","SF","SEA","S","null","null",0,0,2018,"0.8378","1.2929","-0.0727","1.6253","null","null","null",0,7,"Bot","null","null",,,605357,,"180405_013712","-7.7952","-121.9036","-5.7783","9.7492","23.8626","-18.5897","2.9825","1.4968","null","null","null","83.1940","1950","5.8930",529492,453281,605357,596129,461865,572122,516416,600301,628338,571745,"54.6048","null","null","null","null","null","null","null",66,"1","4-Seam Fastball",9,1,9,1,1,9,9,1,"Standard","Strategic"
"CH","2018-04-04","84.5","0.9317","6.5070","Josh Osich",571745,592612,"null","ball",,,,,"8","null","R","R","L","SF","SEA","B","null","null",0,2,2018,"0.9548","1.2080","-0.0588","1.5159","null","516416.00","429664.00",2,7,"Top","null","null",,,457763,,"180405_013438","-4.1779","-122.9276","-7.6792","10.4275","22.2303","-18.7538","3.3108","1.5616","null","null","null","84.5570","1681","6.1430",529492,592612,457763,474832,605412,467055,543063,453923,491676,457705,"54.3543","null","null","null","null","null","null","null",65,"3","Changeup",9,1,1,9,1,9,1,9,"Standard","Standard"
"FF","2018-04-04","96.0","1.2812","6.3439","Josh Osich",571745,592612,"null","called_strike",,,,,"5","null","R","R","L","SF","SEA","S","null","null",0,0,2018,"0.6106","1.3426","0.2566","2.3362","null","516416.00","429664.00",2,7,"Top","null","null",,,457763,,"180405_013352","-4.0005","-139.6065","-7.9021","8.6592","28.7360","-13.5495","3.4133","1.4941","null","null","null","95.1340","2294","5.6280",529492,592612,457763,474832,605412,467055,543063,453923,491676,457705,"54.8691","null","null","null","null","null","null","null",65,"1","4-Seam Fastball",9,1,1,9,1,9,1,9,"Standard","Standard"
"FF","2018-04-04","96.8","1.2484","6.3231","Josh Osich",516416,592612,"walk","ball",,,,,"12","Jean Segura walks.  ","R","R","L","SF","SEA","B","null","null",3,2,2018,"0.6745","1.3194","0.9361","2.3806","null","null","null",2,7,"Top","null","null",,,457763,,"180405_013155","-2.3698","-140.8521","-7.9829","9.5036","31.5595","-13.0477","3.0906","1.4667","null","null","null","96.8880","2368","6.3100",529492,592612,457763,474832,605412,467055,543063,453923,491676,457705,"54.1878","null","null","0.70",1,0,0,"null",63,"7","4-Seam Fastball",9,1,1,9,1,9,1,9,"Standard","Standard"
"FF","2018-04-04","97.2","1.2568","6.3839","Josh Osich",516416,592612,"null","ball",,,,,"12","null","R","R","L","SF","SEA","B","null","null",2,2,2018,"0.6986","1.2987","1.1321","2.8275","null","null","null",2,7,"Top","null","null",,,457763,,"180405_013135","-1.9144","-141.4321","-6.9692","9.7624","29.8762","-13.5151","3.0681","1.4892","null","null","null","97.2290","2373","6.1420",529492,592612,457763,474832,605412,467055,543063,453923,491676,457705,"54.3552","null","null","null","null","null","null","null",63,"6","4-Seam Fastball",9,1,1,9,1,9,1,9,"Standard","Standard"
"CH","2018-04-04","82.4","0.9113","6.3692","Josh Osich",516416,592612,"null","ball",,,,,"13","null","R","R","L","SF","SEA","B","null","null",1,2,2018,"0.7657","0.9170","-0.6147","-0.1003","null","null","null",2,7,"Top","null","null",,,457763,,"180405_013044","-4.9159","-119.6957","-9.9377","8.2108","20.6610","-21.8425","3.0231","1.5342","null","null","null","82.3890","1770","6.1400",529492,592612,457763,474832,605412,467055,543063,453923,491676,457705,"54.3570","null","null","null","null","null","null","null",63,"4","Changeup",9,1,1,9,1,9,1,9,"Standard","Standard"
"CH","2018-04-04","84.5","0.9564","6.5147","Josh Osich",516416,592612,"null","ball",,,,,"14","null","R","R","L","SF","SEA","B","null","null",0,1,2018,"1.2791","1.0512","0.8157","0.4552","null","null","null",2,7,"Top","null","null",,,457763,,"180405_012959","-2.8364","-122.7505","-9.7496","13.3734","24.6963","-19.9213","3.1806","1.4667","null","null","null","84.0210","1896","6.1050",529492,592612,457763,474832,605412,467055,543063,453923,491676,457705,"54.3929","null","null","null","null","null","null","null",63,"2","Changeup",9,1,1,9,1,9,1,9,"Standard","Standard"
"FF","2018-04-04","95.3","1.3894","6.3558","Josh Osich",516416,592612,"null","called_strike",,,,,"14","null","R","R","L","SF","SEA","S","null","null",0,0,2018,"0.6657","1.2573","0.8763","2.0653","null","null","null",2,7,"Top","null","null",,,457763,,"180405_012941","-2.7655","-138.4982","-8.2777","8.9788","30.0824","-14.7973","3.2807","1.4442","null","null","null","94.1940","2241","5.6490",529492,592612,457763,474832,605412,467055,543063,453923,491676,457705,"54.8487","null","null","null","null","null","null","null",63,"1","4-Seam Fastball",9,1,1,9,1,9,1,9,"Standard","Standard"
"FF","2018-04-04","94.7","1.4472","6.3746","Josh Osich",543829,592612,"null","ball",,,,,"13","null","R","L","L","SF","SEA","B","null","null",0,0,2018,"0.2943","1.1599","-0.8420","1.6861","null","null","null",1,7,"Top","null","null",,,457763,,"180405_012851","-6.5224","-137.5660","-8.9937","4.9833","27.6831","-16.1262","3.3957","1.3912","null","null","null","93.7930","2261","5.6420",529492,592612,457763,474832,605412,467055,543063,453923,491676,457705,"54.8556","null","null","null","null","null","null","null",62,"1","4-Seam Fastball",9,1,1,9,1,9,1,9,"Standard","Strategic"
"CH","2018-04-04","82.5","1.1867","6.5114","Josh Osich",600301,592612,"null","ball",,,,,"14","null","R","R","L","SF","SEA","B","null","null",0,2,2018,"0.8908","1.2216","1.3330","1.2013","null","null","null",0,7,"Top","null","null",,,457763,,"180405_012805","-1.3718","-119.9563","-7.9370","8.8264","20.5264","-19.2358","3.2055","1.5114","null","null","null","82.5130","1665","6.0820",529492,592612,457763,474832,605412,467055,543063,453923,491676,457705,"54.4152","null","null","null","null","null","null","null",61,"3","Changeup",9,1,1,9,1,9,1,9,"Standard","Standard"
"FF","2018-04-04","95.5","1.3274","6.3648","Josh Osich",600301,592612,"null","called_strike",,,,,"3","null","R","R","L","SF","SEA","S","null","null",0,0,2018,"0.6013","1.2842","0.6597","3.1348","null","null","null",0,7,"Top","null","null",,,457763,,"180405_012729","-3.0312","-138.8743","-5.6173","8.2588","30.6346","-14.9734","3.3531","1.5339","null","null","null","94.3270","2298","5.6040",529492,592612,457763,474832,605412,467055,543063,453923,491676,457705,"54.8932","null","null","null","null","null","null","null",61,"1","4-Seam Fastball",9,1,1,9,1,9,1,9,"Standard","Standard"
"CH","2018-04-04","76.8","2.6586","5.8071","Wade LeBlanc",543063,453281,"null","ball",,,,,"13","null","R","L","L","SF","SEA","B","null","null",2,2,2018,"0.8908","0.4481","-1.0029","0.3876","null","null","null",2,6,"Bot","null","null",,,605357,,"180405_012434","-9.3972","-111.4306","-5.2726","9.1472","19.7406","-27.6765","3.2357","1.5543","null","null","null","77.0050","1415","6.5630",529492,453281,605357,596129,429664,572122,516416,600301,543829,571745,"53.9343","null","null","null","null","null","null","null",60,"5","Changeup",9,1,9,1,1,9,9,1,"Standard","Standard"
"FT","2018-04-04","86.3","2.5124","5.7351","Wade LeBlanc",543063,453281,"null","ball",,,,,"13","null","R","L","L","SF","SEA","B","null","null",1,2,2018,"1.2678","0.8420","-1.4307","2.0354","null","null","null",2,6,"Bot","null","null",,,605357,,"180405_012419","-11.8124","-125.0406","-4.2302","15.3995","22.8805","-22.8175","3.2132","1.4868","null","null","null","85.8450","1820","6.0260",529492,453281,605357,596129,429664,572122,516416,600301,543829,571745,"54.4713","null","null","null","null","null","null","null",60,"4","2-Seam Fastball",9,1,9,1,1,9,9,1,"Standard","Standard"
"FT","2018-04-04","86.3","2.5072","5.7722","Wade LeBlanc",543063,453281,"null","ball",,,,,"13","null","R","L","L","SF","SEA","B","null","null",0,2,2018,"1.2993","0.8873","-0.9951","1.1932","null","null","null",2,6,"Bot","null","null",,,605357,,"180405_012403","-10.8672","-125.0887","-6.3680","15.6991","24.9175","-21.8873","3.3032","1.5543","null","null","null","85.7220","1926","6.1050",529492,453281,605357,596129,429664,572122,516416,600301,543829,571745,"54.3929","null","null","null","null","null","null","null",60,"3","2-Seam Fastball",9,1,9,1,1,9,9,1,"Standard","Standard"
"FT","2018-04-04","85.8","2.6956","5.7367","Wade LeBlanc",543063,453281,"null","called_strike",,,,,"9","null","R","L","L","SF","SEA","S","null","null",0,1,2018,"1.0414","0.8212","0.7492","1.6628","null","null","null",2,6,"Bot","null","null",,,605357,,"180405_012345","-6.6650","-124.7405","-5.0434","12.0859","22.8832","-22.8885","3.3133","1.4868","null","null","null","85.8070","1740","6.1440",529492,453281,605357,596129,429664,572122,516416,600301,543829,571745,"54.3531","null","null","null","null","null","null","null",60,"2","2-Seam Fastball",9,1,9,1,1,9,9,1,"Standard","Standard"
"FC","2018-04-04","82.5","2.7170","5.7064","Wade LeBlanc",467055,453281,"strikeout","called_strike",,,,,"9","Pablo Sandoval called out on strikes.  ","R","R","L","SF","SEA","S",2,"null",0,2,2018,"-0.3069","0.7805","0.3268","1.5923","null","null","null",1,6,"Bot","null","null",,,605357,,"180405_012245","-4.8287","-120.0644","-4.3481","-2.0298","22.8201","-24.0756","3.3451","1.6569","null","null","null","82.3080","1982","6.1110",529492,453281,605357,596129,429664,572122,516416,600301,543829,571745,"54.3868","null","null","0.00",1,0,0,"null",59,"3","Cutter",9,1,9,1,1,9,9,1,"Standard","Standard"
"FT","2018-04-04","87.0","2.6135","5.8446","Wade LeBlanc",467055,453281,"null","called_strike",,,,,"5","null","R","R","L","SF","SEA","S","null","null",0,0,2018,"1.3503","1.0611","-0.1343","2.4626","null","null","null",1,6,"Bot","null","null",,,605357,,"180405_012211","-9.2407","-126.2020","-4.0033","16.1436","26.0460","-20.3968","3.3451","1.5668","null","null","null","86.2240","1895","5.9970",529492,453281,605357,596129,429664,572122,516416,600301,543829,571745,"54.5006","null","null","null","null","null","null","null",59,"1","2-Seam Fastball",9,1,9,1,1,9,9,1,"Standard","Standard"
"FT","2018-04-04","85.0","2.6363","5.8202","Wade LeBlanc",457763,453281,"null","called_strike",,,,,"8","null","R","R","L","SF","SEA","S","null","null",0,0,2018,"1.4612","1.1213","-0.2020","1.8323","null","null","null",0,6,"Bot","null","null",,,605357,,"180405_012123","-9.5491","-123.3188","-5.1987","16.8072","25.1939","-19.9338","3.3940","1.5796","null","null","null","84.6910","1917","6.3130",529492,453281,605357,596129,429664,572122,516416,600301,543829,571745,"54.1843","null","null","null","null","null","null","null",58,"1","2-Seam Fastball",9,1,9,1,1,9,9,1,"Standard","Standard"
"FF","2018-04-04","91.0","-2.3201","5.5541","Johnny Cueto",400085,456501,"null","ball",,,,,"11","null","R","L","R","SF","SEA","B","null","null",1,1,2018,"-0.5632","1.2674","-0.2756","4.3656","571745.00","596129.00","null",2,6,"Top","null","null",,,457763,,"180405_011818","6.2094","-132.3090","0.2584","-7.7244","26.9659","-17.9367","3.3611","1.4165","null","null","null","89.9150","2171","5.5670",529492,456501,457763,474832,605412,467055,543063,453923,491676,457705,"54.9305","null","null","null","null","null","null","null",57,"3","4-Seam Fastball",9,1,1,9,1,9,1,9,"Standard","Strategic"
"FF","2018-04-04","90.0","-2.3245","5.5451","Johnny Cueto",400085,456501,"null","ball",,,,,"14","null","R","L","R","SF","SEA","B","null","null",0,0,2018,"-0.7187","1.2478","1.7698","2.2980","571745.00","596129.00","null",2,6,"Top","null","null",,,457763,,"180405_011724","11.4457","-130.4765","-4.6100","-10.1901","24.1546","-17.5307","3.2935","1.4840","null","null","null","89.0070","2265","5.6110",529492,456501,457763,474832,605412,467055,543063,453923,491676,457705,"54.8862","null","null","null","null","null","null","null",57,"1","4-Seam Fastball",9,1,1,9,1,9,1,9,"Standard","Strategic"
"SL","2018-04-04","84.7","-2.4450","5.5185","Johnny Cueto",605357,456501,"null","ball",,,,,"13","null","R","R","R","SF","SEA","B","null","null",1,0,2018,"0.2931","0.6931","-0.1109","1.1690","571745.00","596129.00","null",1,6,"Top","null","null",,,457763,,"180405_011527","4.7921","-123.0160","-5.0274","1.9131","24.6638","-24.6398","3.5274","1.7161","null","null","null","83.1050","2198","5.3580",529492,456501,457763,474832,605412,467055,543063,453923,491676,457705,"55.1390","null","null","null","null","null","null","null",56,"2","Slider",9,1,1,9,1,9,1,9,"Standard","Standard"
"SL","2018-04-04","81.6","-2.4220","5.6036","Johnny Cueto",605357,456501,"null","ball",,,,,"13","null","R","R","R","SF","SEA","B","null","null",0,0,2018,"0.3673","0.0452","-0.9561","2.0750","571745.00","596129.00","null",1,6,"Top","null","null",,,457763,,"180405_011512","2.5679","-118.7060","-1.4423","2.8741","21.8531","-31.7601","3.5724","1.7161","null","null","null","80.1230","2281","5.1990",529492,456501,457763,474832,605412,467055,543063,453923,491676,457705,"55.2981","null","null","null","null","null","null","null",56,"1","Slider",9,1,1,9,1,9,1,9,"Standard","Standard"
"CH","2018-04-04","81.2","-2.3543","5.5060","Johnny Cueto",596129,456501,"null","ball",,,,,"14","null","R","L","R","SF","SEA","B","null","null",0,0,2018,"-0.9618","0.3358","0.6293","1.1867","429664.00","null","571745.00",1,6,"Top","null","null",,,457763,,"180405_011339","8.2871","-117.8566","-3.5801","-10.2402","22.3370","-28.7322","3.3486","1.5619","null","null","null","79.6930","1475","5.3800",529492,456501,457763,474832,605412,467055,543063,453923,491676,457705,"55.1177","null","null","null","null","null","null","null",55,"1","Changeup",9,0,0,9,0,9,0,9,"Standard","Standard"
"FT","2018-04-04","88.2","-1.7858","5.7402","Johnny Cueto",572122,456501,"null","ball",,,,,"12","null","R","L","R","SF","SEA","B","null","null",1,2,2018,"-1.3316","0.8307","1.5950","3.2643","null","429664.00","571745.00",0,6,"Top","null","null",,,457763,,"180405_011115","10.7477","-128.0366","-1.6348","-16.3552","23.0485","-23.1023","3.4358","1.4438","null","null","null","87.4110","2168","5.6370",529492,456501,457763,474832,605412,467055,543063,453923,491676,457705,"54.8599","null","null","null","null","null","null","null",54,"5","2-Seam Fastball",9,0,0,9,0,9,0,9,"Standard","Standard"
"FF","2018-04-04","89.3","-2.2129","5.5845","Johnny Cueto",572122,456501,"null","called_strike",,,,,"3","null","R","L","R","SF","SEA","S","null","null",1,1,2018,"-0.7071","1.3996","0.7934","3.0151","null","429664.00","571745.00",0,6,"Top","null","null",,,457763,,"180405_011019","8.7608","-129.7382","-3.1749","-9.5963","25.6104","-16.2059","3.3458","1.3188","null","null","null","88.5820","2233","5.8020",529492,456501,457763,474832,605412,467055,543063,453923,491676,457705,"54.6956","null","null","null","null","null","null","null",54,"3","4-Seam Fastball",9,0,0,9,0,9,0,9,"Standard","Standard"
"FF","2018-04-04","89.1","-2.5398","5.5903","Johnny Cueto",572122,456501,"null","called_strike",,,,,"4","null","R","L","R","SF","SEA","S","null","null",1,0,2018,"-0.7359","1.4279","-0.8135","2.5868","null","429664.00","571745.00",0,6,"Top","null","null",,,457763,,"180405_011000","5.6043","-129.5714","-4.2214","-9.0634","23.0684","-16.0021","3.3908","1.3863","null","null","null","87.9230","2213","5.2550",529492,456501,457763,474832,605412,467055,543063,453923,491676,457705,"55.2421","null","null","null","null","null","null","null",54,"2","4-Seam Fastball",9,0,0,9,0,9,0,9,"Standard","Standard"
"CH","2018-04-04","80.5","-2.3844","5.4924","Johnny Cueto",572122,456501,"null","ball",,,,,"8","null","R","L","R","SF","SEA","B","null","null",0,0,2018,"-1.1558","0.0186","0.2759","1.3924","null","429664.00","571745.00",0,6,"Top","null","null",,,457763,,"180405_010941","7.9090","-116.9836","-2.4736","-11.7507","20.0021","-31.8143","3.4358","1.4663","null","null","null","79.6580","1440","5.5690",529492,456501,457763,474832,605412,467055,543063,453923,491676,457705,"54.9283","null","null","null","null","null","null","null",54,"1","Changeup",9,0,0,9,0,9,0,9,"Standard","Standard"
"SL","2018-04-04","83.2","-2.4897","5.5418","Johnny Cueto",571745,456501,"walk","ball",,,,,"14","Mitch Haniger walks.   Robinson Cano to 2nd.  ","R","R","R","SF","SEA","B","null","null",3,1,2018,"0.1954","0.4801","1.0041","1.6474","null","null","429664.00",0,6,"Top","null","null",,,457763,,"180405_010902","7.4883","-120.9176","-3.3934","0.6204","20.0828","-27.2610","3.2883","1.4941","null","null","null","82.0330","2161","5.2430",529492,456501,457763,474832,605412,467055,543063,453923,491676,457705,"55.2547","null","null","0.70",1,0,0,"null",53,"5","Slider",9,0,0,9,0,9,0,9,"Strategic","Standard"
"FF","2018-04-04","88.5","-2.4212","5.6884","Johnny Cueto",571745,456501,"null","called_strike",,,,,"5","null","R","R","R","SF","SEA","S","null","null",3,0,2018,"-0.5198","1.2335","0.1413","2.7071","null","null","429664.00",0,6,"Top","null","null",,,457763,,"180405_010845","7.1539","-128.5336","-3.6193","-7.0065","25.5640","-18.4581","3.4808","1.6066","null","null","null","87.0110","2061","5.3590",529492,456501,457763,474832,605412,467055,543063,453923,491676,457705,"55.1383","null","null","null","null","null","null","null",53,"4","4-Seam Fastball",9,0,0,9,0,9,0,9,"Standard","Standard"
"FF","2018-04-04","89.0","-2.2831","5.6407","Johnny Cueto",571745,456501,"null","ball",,,,,"14","null","R","R","R","SF","SEA","B","null","null",2,0,2018,"-0.4993","1.2024","1.6888","1.8542","null","null","429664.00",0,6,"Top","null","null",,,457763,,"180405_010831","10.5420","-128.9385","-5.5510","-7.5385","26.0130","-18.2756","3.4234","1.5841","null","null","null","87.4000","2133","5.4570",529492,456501,457763,474832,605412,467055,543063,453923,491676,457705,"55.0403","null","null","null","null","null","null","null",53,"3","4-Seam Fastball",9,0,0,9,0,9,0,9,"Standard","Standard"
"SL","2018-04-04","82.6","-2.4873","5.4848","Johnny Cueto",571745,456501,"null","ball",,,,,"13","null","R","R","R","SF","SEA","B","null","null",1,0,2018,"0.3816","0.2464","-0.0333","1.2703","null","null","429664.00",0,6,"Top","null","null",,,457763,,"180405_010810","4.7698","-119.9897","-3.4454","2.5809","24.0111","-29.4843","3.4234","1.5841","null","null","null","80.7750","2190","5.2120",529492,456501,457763,474832,605412,467055,543063,453923,491676,457705,"55.2851","null","null","null","null","null","null","null",53,"2","Slider",9,0,0,9,0,9,0,9,"Standard","Standard"
"SL","2018-04-04","81.1","-2.4702","5.5318","Johnny Cueto",571745,456501,"null","ball",,,,,"14","null","R","R","R","SF","SEA","B","null","null",0,0,2018,"0.2588","0.2432","0.5474","1.2884","null","null","429664.00",0,6,"Top","null","null",,,457763,,"180405_010754","6.1425","-117.8906","-3.2841","1.2484","20.8271","-29.6536","3.4009","1.6066","null","null","null","79.7180","2252","5.2300",529492,456501,457763,474832,605412,467055,543063,453923,491676,457705,"55.2675","null","null","null","null","null","null","null",53,"1","Slider",9,0,0,9,0,9,0,9,"Strategic","Standard"
"FF","2018-04-04","88.7","-2.0799","5.8113","Johnny Cueto",429664,456501,"null","ball",,,,,"12","null","R","L","R","SF","SEA","B","null","null",0,1,2018,"-0.6821","1.1964","0.2906","4.5802","null","null","null",0,6,"Top","null","null",,,457763,,"180405_010655","7.0671","-128.8903","0.5873","-8.8056","25.1712","-19.5039","3.6950","1.6250","null","null","null","87.6130","2165","5.5460",529492,456501,457763,474832,605412,467055,543063,453923,491676,457705,"54.9518","null","null","null","null","null","null","null",52,"2","4-Seam Fastball",9,0,0,9,0,9,0,9,"Standard","Standard"
"FT","2018-04-04","87.4","-2.4845","5.6681","Johnny Cueto",429664,456501,"null","called_strike",,,,,"7","null","R","L","R","SF","SEA","S","null","null",0,0,2018,"-1.4227","0.4651","-0.7874","2.2169","null","null","null",0,6,"Top","null","null",,,457763,,"180405_010626","6.7749","-127.0208","-3.0563","-16.2442","24.7179","-26.9530","3.7175","1.7601","null","null","null","85.9900","2062","5.3400",529492,456501,457763,474832,605412,467055,543063,453923,491676,457705,"55.1575","null","null","null","null","null","null","null",52,"1","2-Seam Fastball",9,0,0,9,0,9,0,9,"Standard","Standard"
"SI","2018-04-04","93.1","2.0103","5.1660","James Pazos",457705,572021,"null","called_strike",,,,,"4","null","R","R","L","SF","SEA","S","null","null",1,0,2018,"1.3367","1.0101","-0.3759","2.5548","453923.00","491676.00","474832.00",2,5,"Bot","null","null",,,605357,,"180405_010201","-9.0217","-135.3107","-3.1266","18.3050","28.9319","-19.3471","3.3691","1.5772","null","null","null","92.9740","2205","6.2350",529492,572021,605357,596129,429664,572122,516416,400085,543829,571745,"54.2629","null","null","null","null","null","null","null",51,"2","Sinker",9,0,9,0,0,9,9,0,"Standard","Standard"
"SI","2018-04-04","92.5","1.9475","5.1090","James Pazos",457705,572021,"null","ball",,,,,"12","null","R","R","L","SF","SEA","B","null","null",0,0,2018,"1.2568","1.2122","0.4981","4.2981","453923.00","491676.00","474832.00",2,5,"Bot","null","null",,,605357,,"180405_010139","-6.4992","-134.6293","1.1036","16.8285","30.4966","-17.8240","3.3916","1.6447","null","null","null","92.8590","2218","6.5870",529492,572021,605357,596129,429664,572122,516416,400085,543829,571745,"53.9099","null","null","null","null","null","null","null",51,"1","Sinker",9,0,9,0,0,9,9,0,"Standard","Standard"
"SI","2018-04-04","94.2","1.9612","5.1459","James Pazos",474832,572021,"walk","ball",,,,,"13","Brandon Belt walks.  ","R","L","L","SF","SEA","B","null","null",3,1,2018,"0.9735","1.0985","-1.3097","1.2800","453923.00","491676.00","null",2,5,"Bot","null","null",,,605357,,"180405_010100","-10.7402","-136.7147","-6.7824","14.7935","31.6025","-16.9208","3.1629","1.4144","null","null","null","94.4750","2286","6.7030",529492,572021,605357,596129,429664,572122,516416,400085,543829,571745,"53.7944","null","null","0.70",1,0,0,"null",50,"5","Sinker",9,0,9,0,0,9,9,0,"Strategic","Standard"
"SL","2018-04-04","76.4","2.1487","5.0709","James Pazos",474832,572021,"null","ball",,,,,"12","null","R","L","L","SF","SEA","B","null","null",2,1,2018,"-0.4181","-0.1872","3.4671","4.8455","null","453923.00","491676.00",2,5,"Bot","null","null",,,605357,,"180405_010021","3.4798","-110.9637","6.7926","-3.9922","18.4522","-35.0546","3.2080","1.4144","null","null","null","75.8920","1781","5.8640",529492,572021,605357,596129,429664,572122,516416,400085,543829,571745,"54.6332","null","null","null","null","null","null","null",50,"4","Slider",9,0,9,0,0,9,9,0,"Strategic","Standard"
"SI","2018-04-04","93.8","2.1858","5.1831","James Pazos",474832,572021,"null","ball",,,,,"14","null","R","L","L","SF","SEA","B","null","null",0,1,2018,"1.1533","1.2415","1.2178","2.3007","null","453923.00","491676.00",2,5,"Bot","null","null",,,605357,,"180405_005840","-5.0651","-136.5608","-4.4997","15.5577","29.3403","-15.8392","3.1855","1.4819","null","null","null","94.0990","2111","6.3810",529492,572021,605357,596129,429664,572122,516416,400085,543829,571745,"54.1167","null","null","null","null","null","null","null",50,"2","Sinker",9,0,9,0,0,9,9,0,"Strategic","Standard"
"SI","2018-04-04","95.0","1.9873","5.1281","James Pazos",605412,572021,"strikeout","called_strike",,,,,"7","Joe Panik called out on strikes.  ","R","L","L","SF","SEA","S",2,"null",3,2,2018,"1.4807","0.7515","-0.3226","1.4753","null","453923.00","491676.00",1,5,"Bot","null","null",,,605357,,"180405_005737","-9.3757","-137.8771","-5.5429","21.0484","32.0591","-21.5291","3.1501","1.4213","null","null","null","94.8190","2119","6.4310",529492,572021,605357,596129,429664,572122,516416,400085,543829,571745,"54.0668","null","null","0.00",1,0,0,"null",49,"7","Sinker",9,0,9,0,0,9,9,0,"Standard","Standard"
"SI","2018-04-04","94.7","2.0309","5.1275","James Pazos",605412,572021,"null","ball",,,,,"12","null","R","L","L","SF","SEA","B","null","null",2,2,2018,"1.2057","1.2107","1.0571","3.1574","null","453923.00","491676.00",1,5,"Bot","null","null",,,605357,,"180405_005708","-5.2526","-137.8397","-2.2105","16.5737","29.2161","-16.3824","3.1702","1.4639","null","null","null","95.1410","2243","6.4240",529492,572021,605357,596129,429664,572122,516416,400085,543829,571745,"54.0730","null","null","null","null","null","null","null",49,"6","Sinker",9,0,9,0,0,9,9,0,"Standard","Standard"
"SI","2018-04-04","94.3","1.9459","5.2544","James Pazos",605412,572021,"null","called_strike",,,,,"6","null","R","L","L","SF","SEA","S","null","null",0,1,2018,"1.4461","1.0614","0.6901","2.2377","null","453923.00","491676.00",1,5,"Bot","null","null",,,605357,,"180405_005504","-6.3965","-137.0374","-4.4419","19.4253","29.7702","-18.1990","3.1501","1.4213","null","null","null","93.7940","2141","6.0260",529492,572021,605357,596129,429664,572122,516416,400085,543829,571745,"54.4716","null","null","null","null","null","null","null",49,"2","Sinker",9,0,9,0,0,9,9,0,"Standard","Standard"
"SI","2018-04-04","93.6","1.9240","5.1604","James Pazos",605412,572021,"null","called_strike",,,,,"9","null","R","L","L","SF","SEA","S","null","null",0,0,2018,"1.3802","0.9902","0.4585","1.5428","null","453923.00","491676.00",1,5,"Bot","null","null",,,605357,,"180405_005443","-6.8320","-136.1381","-5.8183","18.6573","27.6929","-18.7992","3.1276","1.5114","null","null","null","93.9850","2063","6.3750",529492,572021,605357,596129,429664,572122,516416,400085,543829,571745,"54.1227","null","null","null","null","null","null","null",49,"1","Sinker",9,0,9,0,0,9,9,0,"Standard","Standard"
"SL","2018-04-04","77.8","2.0090","5.1440","James Pazos",456501,572021,"null","ball",,,,,"12","null","R","R","L","SF","SEA","B","null","null",0,0,2018,"-0.0627","-0.4029","1.3143","2.7161","null","453923.00","491676.00",0,5,"Bot","null","null",,,605357,,"180405_005236","-1.3749","-113.3345","2.3149","-0.3302","17.5970","-36.2144","3.2935","1.6045","null","null","null","78.2320","1932","6.1980",529492,572021,605357,596129,429664,572122,516416,400085,543829,571745,"54.2993","null","null","null","null","null","null","null",48,"1","Slider",9,0,9,0,0,9,9,0,"Strategic","Standard"
"SI","2018-04-04","92.3","2.0055","5.1503","James Pazos",491676,572021,"null","ball",,,,,"14","null","R","R","L","SF","SEA","B","null","null",1,1,2018,"1.1414","0.8596","0.9585","0.7479","null","null","453923.00",0,5,"Bot","null","null",,,605357,,"180405_005129","-5.1231","-134.1445","-7.2267","14.8298","28.2102","-20.5115","3.3531","1.5266","null","null","null","92.2080","1974","6.2380",529492,572021,605357,596129,429664,572122,516416,400085,543829,571745,"54.2596","null","null","null","null","null","null","null",47,"3","Sinker",9,0,9,0,0,9,9,0,"Standard","Standard"
"SL","2018-04-04","78.9","1.9166","5.2219","James Pazos",491676,572021,"null","ball",,,,,"12","null","R","R","L","SF","SEA","B","null","null",0,0,2018,"-0.2001","-0.0499","1.2028","2.4044","null","null","453923.00",0,5,"Bot","null","null",,,605357,,"180405_005054","-1.1772","-114.8173","0.7825","-1.5078","22.0204","-33.0065","3.2405","1.5266","null","null","null","78.1400","1971","5.8290",529492,572021,605357,596129,429664,572122,516416,400085,543829,571745,"54.6688","null","null","null","null","null","null","null",47,"1","Slider",9,0,9,0,0,9,9,0,"Standard","Standard"
"SI","2018-04-04","92.5","1.8917","5.1983","James Pazos",543063,572021,"null","ball",,,,,"14","null","R","L","L","SF","SEA","B","null","null",1,0,2018,"1.1647","0.9322","0.6335","0.7277","null","null","null",0,5,"Bot","null","null",,,605357,,"180405_004901","-5.8076","-134.6091","-7.7385","15.5383","26.6120","-19.3087","3.2132","1.5093","null","null","null","93.4180","1946","6.6270",529492,572021,605357,596129,429664,572122,516416,400085,543829,571745,"53.8701","null","null","null","null","null","null","null",45,"2","Sinker",8,0,8,0,0,8,8,0,"Standard","Standard"
"SI","2018-04-04","94.2","1.8437","5.1397","James Pazos",543063,572021,"null","ball",,,,,"14","null","R","L","L","SF","SEA","B","null","null",0,0,2018,"1.1869","0.8809","0.2308","1.1011","null","null","null",0,5,"Bot","null","null",,,605357,,"180405_004845","-6.8554","-137.1000","-6.8281","16.5030","27.0718","-19.7674","3.3257","1.6444","null","null","null","94.9460","1999","6.4730",529492,572021,605357,596129,429664,572122,516416,400085,543829,571745,"54.0247","null","null","null","null","null","null","null",45,"1","Sinker",8,0,8,0,0,8,8,0,"Standard","Standard"
"FF","2018-04-04","89.9","-2.2511","5.9150","Felix Hernandez",467055,433587,"null","ball",,,,,"14","null","R","L","R","SF","SEA","B","null","null",2,2,2018,"-0.6056","0.9995","0.7712","1.1123","null","457705.00","457763.00",0,5,"Bot","null","null",,,605357,,"180405_004444","8.7651","-130.5742","-8.1067","-8.5506","22.8606","-19.3538","3.0424","1.4767","null","null","null","90.4670","2078","6.3620",529492,433587,605357,596129,429664,572122,516416,400085,543829,571745,"54.1358","null","null","null","null","null","null","null",44,"8","4-Seam Fastball",5,0,5,0,0,5,5,0,"Standard","Standard"
"SI","2018-04-04","88.5","-1.9491","5.8216","Felix Hernandez",467055,433587,"null","ball",,,,,"14","null","R","L","R","SF","SEA","B","null","null",0,1,2018,"-1.1938","0.7621","0.6860","1.0891","null","457705.00","457763.00",0,5,"Bot","null","null",,,605357,,"180405_004208","8.8928","-128.5531","-7.1006","-14.9387","23.1269","-22.5702","3.1550","1.5218","null","null","null","88.8310","1939","6.2960",529492,433587,605357,596129,429664,572122,516416,400085,543829,571745,"54.2013","null","null","null","null","null","null","null",44,"2","Sinker",5,0,5,0,0,5,5,0,"Standard","Standard"
"CH","2018-04-04","84.9","-2.1394","5.8780","Felix Hernandez",467055,433587,"null","called_strike",,,,,"9","null","R","L","R","SF","SEA","S","null","null",0,0,2018,"-1.2675","0.3747","0.3030","1.8533","null","457705.00","457763.00",0,5,"Bot","null","null",,,605357,,"180405_004148","8.1443","-123.3436","-3.8585","-14.2941","21.4036","-27.9015","3.0750","1.4767","null","null","null","84.6930","3315","5.9580",529492,433587,605357,596129,429664,572122,516416,400085,543829,571745,"54.5396","null","null","null","null","null","null","null",44,"1","Changeup",5,0,5,0,0,5,5,0,"Standard","Standard"
"CH","2018-04-04","83.9","-2.1465","5.9513","Felix Hernandez",457763,433587,"walk","ball",,,,,"11","Buster Posey walks.   Andrew McCutchen to 2nd.  ","R","R","R","SF","SEA","B","null","null",3,2,2018,"-0.7755","-0.0005","-1.3582","3.3430","null","null","457705.00",0,5,"Bot","null","null",,,605357,,"180405_004032","3.3014","-122.2025","0.2282","-8.2741","19.1112","-32.4046","3.2389","1.5571","null","null","null","84.0500","1536","5.8780",529492,433587,605357,596129,429664,572122,516416,400085,543829,571745,"54.6197","null","null","0.70",1,0,0,"null",43,"7","Changeup",5,0,5,0,0,5,5,0,"Standard","Standard"
"SI","2018-04-04","88.2","-2.1306","6.0207","Felix Hernandez",457763,433587,"null","ball",,,,,"3","null","R","R","R","SF","SEA","B","null","null",2,1,2018,"-0.9644","0.5823","0.4984","3.4159","null","null","457705.00",0,5,"Bot","null","null",,,605357,,"180405_003859","8.4327","-128.2752","-1.4865","-12.3890","25.0569","-25.5932","3.4085","1.6261","null","null","null","88.6830","2005","6.4930",529492,433587,605357,596129,429664,572122,516416,400085,543829,571745,"54.0049","null","null","null","null","null","null","null",43,"4","Sinker",5,0,5,0,0,5,5,0,"Standard","Standard"
"SI","2018-04-04","88.3","-1.9286","6.0135","Felix Hernandez",457763,433587,"null","ball",,,,,"14","null","R","R","R","SF","SEA","B","null","null",1,1,2018,"-0.6780","0.6322","0.4736","1.4877","null","null","457705.00",0,5,"Bot","null","null",,,605357,,"180405_003835","7.3105","-128.4769","-6.3534","-8.9821","23.6720","-24.0627","3.4864","1.6246","null","null","null","89.1930","2023","6.5990",529492,433587,605357,596129,429664,572122,516416,400085,543829,571745,"53.8988","null","null","null","null","null","null","null",43,"3","Sinker",5,0,5,0,0,5,5,0,"Standard","Standard"
"SI","2018-04-04","88.2","-2.0849","5.9184","Felix Hernandez",457763,433587,"null","called_strike",,,,,"6","null","R","R","R","SF","SEA","S","null","null",1,0,2018,"-0.8726","0.6654","0.7319","2.3751","null","null","457705.00",0,5,"Bot","null","null",,,605357,,"180405_003812","8.6369","-128.1035","-3.8865","-11.3360","25.7562","-24.2853","3.4390","1.5120","null","null","null","88.1100","2049","6.2740",529492,433587,605357,596129,429664,572122,516416,400085,543829,571745,"54.2231","null","null","null","null","null","null","null",43,"2","Sinker",5,0,5,0,0,5,5,0,"Standard","Standard"
"CU","2018-04-04","77.4","-2.1268","6.0541","Felix Hernandez",457763,433587,"null","ball",,,,,"14","null","R","R","R","SF","SEA","B","null","null",0,0,2018,"0.8604","-1.0224","0.2998","0.9841","null","null","457705.00",0,5,"Bot","null","null",,,605357,,"180405_003752","3.5977","-112.4920","-1.9649","6.3424","22.2918","-40.4481","3.4864","1.5120","null","null","null","75.9920","2376","5.5420",529492,433587,605357,596129,429664,572122,516416,400085,543829,571745,"54.9554","null","null","null","null","null","null","null",43,"1","Curveball",5,0,5,0,0,5,5,0,"Standard","Standard"
"SI","2018-04-04","88.0","-2.1031","6.1495","Felix Hernandez",457705,433587,"walk","ball",,,,,"14","Andrew McCutchen walks.  ","R","R","R","SF","SEA","B","null","null",3,0,2018,"-1.0763","0.7424","1.2542","1.1170","null","null","null",0,5,"Bot","null","null",,,605357,,"180405_003711","10.3863","-127.7489","-7.6969","-13.7944","22.7802","-22.7458","3.3015","1.5096","null","null","null","88.5310","2041","6.4490",529492,433587,605357,596129,429664,572122,516416,400085,543829,571745,"54.0479","null","null","0.70",1,0,0,"null",42,"4","Sinker",5,0,5,0,0,5,5,0,"Infield shift","Standard"
"SI","2018-04-04","88.5","-2.3336","6.0206","Felix Hernandez",457705,433587,"null","ball",,,,,"14","null","R","R","R","SF","SEA","B","null","null",2,0,2018,"-1.0365","0.7162","1.4957","1.8637","null","null","null",0,5,"Bot","null","null",,,605357,,"180405_003655","11.4616","-128.4011","-5.5952","-13.5803","22.4785","-23.3811","3.4141","1.6898","null","null","null","88.8100","2078","6.2990",529492,433587,605357,596129,429664,572122,516416,400085,543829,571745,"54.1983","null","null","null","null","null","null","null",42,"3","Sinker",5,0,5,0,0,5,5,0,"Infield shift","Standard"
"SI","2018-04-04","88.9","-2.3397","5.8597","Felix Hernandez",457705,433587,"null","ball",,,,,"13","null","R","R","R","SF","SEA","B","null","null",1,0,2018,"-1.1164","0.6031","-0.2557","1.1682","null","null","null",0,5,"Bot","null","null",,,605357,,"180405_003635","7.5264","-129.1751","-6.7554","-14.2222","26.9741","-24.1258","3.4591","1.6222","null","null","null","89.4460","2016","6.7090",529492,433587,605357,596129,429664,572122,516416,400085,543829,571745,"53.7881","null","null","null","null","null","null","null",42,"2","Sinker",5,0,5,0,0,5,5,0,"Infield shift","Standard"
"FF","2018-04-04","89.6","-2.1637","6.0368","Felix Hernandez",457705,433587,"null","ball",,,,,"14","null","R","R","R","SF","SEA","B","null","null",0,0,2018,"-0.1310","1.0394","1.4321","1.7078","null","null","null",0,5,"Bot","null","null",,,605357,,"180405_003622","9.1693","-130.1446","-6.9630","-3.1512","23.2884","-19.1245","3.4366","1.5997","null","null","null","90.2400","2282","6.4510",529492,433587,605357,596129,429664,572122,516416,400085,543829,571745,"54.0464","null","null","null","null","null","null","null",42,"1","4-Seam Fastball",5,0,5,0,0,5,5,0,"Infield shift","Standard"
"CU","2018-04-04","76.2","-2.4469","5.9492","Felix Hernandez",474832,433587,"null","ball",,,,,"11","null","R","L","R","SF","SEA","B","null","null",1,0,2018,"0.8520","-0.7787","-1.1506","3.1703","null","null","null",0,5,"Bot","null","null",,,605357,,"180405_003524","1.2339","-110.6231","2.5080","6.4580","20.1117","-39.0239","3.2530","1.3918","null","null","null","74.3110","2393","5.0580",529492,433587,605357,596129,429664,572122,516416,400085,543829,571745,"55.4395","null","null","null","null","null","null","null",41,"2","Curveball",4,0,4,0,0,4,4,0,"Infield shift","Standard"
"CH","2018-04-04","83.1","-2.4867","6.1169","Felix Hernandez",474832,433587,"null","ball",,,,,"1","null","R","L","R","SF","SEA","B","null","null",0,0,2018,"-0.6373","0.2048","-0.7842","3.2893","null","null","null",0,5,"Bot","null","null",,,605357,,"180405_003510","5.1031","-120.9850","-0.4438","-7.1507","22.5180","-30.3216","3.2530","1.4594","null","null","null","82.8480","1534","5.9880",529492,433587,605357,596129,429664,572122,516416,400085,543829,571745,"54.5093","null","null","null","null","null","null","null",41,"1","Changeup",4,0,4,0,0,4,4,0,"Infield shift","Standard"
"SL","2018-04-04","80.6","-2.1228","5.8541","Johnny Cueto",516416,456501,"null","called_strike",,,,,"9","null","R","R","R","SF","SEA","S","null","null",0,0,2018,"0.2143","0.0762","0.8219","1.9066","null","null","null",2,5,"Top","null","null",,,457763,,"180405_003132","6.0109","-117.1847","-2.3142","0.9928","17.9605","-31.3670","3.2807","1.4442","null","null","null","79.3690","2385","5.0610",529492,456501,457763,474832,605412,467055,543063,453923,491676,457705,"55.4366","null","null","null","null","null","null","null",39,"1","Slider",4,0,0,4,0,4,0,4,"Standard","Standard"
"FF","2018-04-04","89.2","-2.2638","5.7164","Johnny Cueto",543829,456501,"null","ball",,,,,"12","null","R","L","R","SF","SEA","B","null","null",1,1,2018,"-0.4889","1.4450","0.3073","3.6537","null","null","null",1,5,"Top","null","null",,,457763,,"180405_003012","7.2031","-129.5538","-1.9679","-6.8223","26.1523","-16.1590","3.3190","1.5130","null","null","null","87.9760","2084","5.5490",529492,456501,457763,474832,605412,467055,543063,453923,491676,457705,"54.9485","null","null","null","null","null","null","null",38,"3","4-Seam Fastball",4,0,0,4,0,4,0,4,"Strategic","Standard"
"SL","2018-04-04","83.3","-2.4946","5.6273","Johnny Cueto",543829,456501,"null","called_strike",,,,,"4","null","R","L","R","SF","SEA","S","null","null",1,0,2018,"0.3503","0.0626","-0.5282","2.2155","null","null","null",1,5,"Top","null","null",,,457763,,"180405_002955","3.7744","-121.1516","-1.5469","2.6776","21.0029","-31.5570","3.3506","1.5263","null","null","null","81.8880","2183","5.1130",529492,456501,457763,474832,605412,467055,543063,453923,491676,457705,"55.3846","null","null","null","null","null","null","null",38,"2","Slider",4,0,0,4,0,4,0,4,"Strategic","Standard"
"CH","2018-04-04","81.0","-2.4610","5.5588","Johnny Cueto",543829,456501,"null","ball",,,,,"11","null","R","L","R","SF","SEA","B","null","null",0,0,2018,"-0.9603","0.5017","-2.2032","3.1594","null","null","null",1,5,"Top","null","null",,,457763,,"180405_002942","2.2814","-117.8438","0.2844","-9.0541","20.4239","-27.9488","3.3731","1.2561","null","null","null","79.7210","1380","5.2160",529492,456501,457763,474832,605412,467055,543063,453923,491676,457705,"55.2815","null","null","null","null","null","null","null",38,"1","Changeup",4,0,0,4,0,4,0,4,"Strategic","Standard"
"FT","2018-04-04","86.4","-2.3513","5.8270","Johnny Cueto",433587,456501,"null","called_strike",,,,,"4","null","R","R","R","SF","SEA","S","null","null",1,0,2018,"-1.2711","0.8603","-0.4414","2.9202","null","null","null",0,5,"Top","null","null",,,457763,,"180405_002744","6.9001","-125.5055","-2.3478","-14.3558","24.7978","-23.1771","3.5077","1.6499","null","null","null","84.8670","1994","5.3340",529492,456501,457763,474832,605412,467055,543063,453923,491676,457705,"55.1630","null","null","null","null","null","null","null",37,"2","2-Seam Fastball",4,0,0,4,0,4,0,4,"Standard","Strategic"
"FF","2018-04-04","88.0","-2.2654","5.8186","Johnny Cueto",433587,456501,"null","ball",,,,,"11","null","R","R","R","SF","SEA","B","null","null",0,0,2018,"-0.8847","1.4483","-0.2809","4.0172","null","null","null",0,5,"Top","null","null",,,457763,,"180405_002733","6.4111","-127.7875","-1.0972","-10.6149","26.2608","-17.0047","3.7552","1.7400","null","null","null","86.0320","2187","5.1340",529492,456501,457763,474832,605412,467055,543063,453923,491676,457705,"55.3633","null","null","null","null","null","null","null",37,"1","4-Seam Fastball",4,0,0,4,0,4,0,4,"Standard","Strategic"
"CH","2018-04-04","85.7","-1.9742","6.0628","Felix Hernandez",456501,433587,"null","ball",,,,,"12","null","R","R","R","SF","SEA","B","null","null",1,0,2018,"-0.8746","1.0400","0.1631","4.5602","null","null","491676.00",1,4,"Bot","null","null",,,605357,,"180405_002309","6.7897","-124.5989","0.6247","-10.4138","24.4415","-21.7135","2.7533","1.1317","null","null","null","85.5980","1945","6.2160",529492,433587,605357,596129,429664,572122,516416,400085,543829,571745,"54.2815","null","null","null","null","null","null","null",35,"2","Changeup",4,0,4,0,0,4,4,0,"Strategic","Standard"
"CU","2018-04-04","75.2","-2.3887","6.1458","Felix Hernandez",456501,433587,"null","ball",,,,,"11","null","R","R","R","SF","SEA","B","null","null",0,0,2018,"1.0235","-0.7168","-1.0819","4.2684","null","null","491676.00",1,4,"Bot","null","null",,,605357,,"180405_002243","0.9455","-109.3300","4.3363","7.8413","17.5597","-38.7087","2.6858","1.1317","null","null","null","74.2060","2204","5.3980",529492,433587,605357,596129,429664,572122,516416,400085,543829,571745,"55.0991","null","null","null","null","null","null","null",35,"1","Curveball",4,0,4,0,0,4,4,0,"Strategic","Standard"
"CH","2018-04-04","85.4","-2.2188","5.8625","Felix Hernandez",491676,433587,"null","ball",,,,,"14","null","R","R","R","SF","SEA","B","null","null",0,2,2018,"-1.2662","-0.3140","0.8043","-0.4082","null","null","null",1,4,"Bot","null","null",,,605357,,"180405_002141","9.6147","-123.7852","-7.7706","-14.8793","24.2239","-34.0912","3.3306","1.5491","null","null","null","85.1100","1679","6.2710",529492,433587,605357,596129,429664,572122,516416,400085,543829,571745,"54.2264","null","null","null","null","null","null","null",34,"3","Changeup",4,0,4,0,0,4,4,0,"Standard","Standard"
"SI","2018-04-04","88.7","-2.5763","5.8872","Felix Hernandez",491676,433587,"null","called_strike",,,,,"9","null","R","R","R","SF","SEA","S","null","null",0,1,2018,"-0.9218","0.5409","0.6483","1.7778","null","null","null",1,4,"Bot","null","null",,,605357,,"180405_002120","9.8223","-128.9311","-5.1866","-12.1793","23.3861","-25.3164","3.3780","1.5942","null","null","null","89.2570","2036","6.4080",529492,433587,605357,596129,429664,572122,516416,400085,543829,571745,"54.0899","null","null","null","null","null","null","null",34,"2","Sinker",4,0,4,0,0,4,4,0,"Standard","Standard"
"SI","2018-04-04","88.7","-2.3946","5.9870","Felix Hernandez",491676,433587,"null","called_strike",,,,,"8","null","R","R","R","SF","SEA","S","null","null",0,0,2018,"-1.2211","0.4140","-0.1106","1.9455","null","null","null",1,4,"Bot","null","null",,,605357,,"180405_002103","8.1310","-128.7965","-4.6248","-15.3176","28.3485","-26.7963","3.3780","1.5942","null","null","null","88.3990","1957","6.3530",529492,433587,605357,596129,429664,572122,516416,400085,543829,571745,"54.1447","null","null","null","null","null","null","null",34,"1","Sinker",4,0,4,0,0,4,4,0,"Standard","Standard"
"SI","2018-04-04","88.3","-2.4315","5.9676","Felix Hernandez",453923,433587,"null","called_strike",,,,,"5","null","R","L","R","SF","SEA","S","null","null",1,0,2018,"-1.1573","0.5782","0.1790","2.3707","null","null","null",0,4,"Bot","null","null",,,605357,,"180405_002014","8.8014","-128.4708","-3.9530","-14.6011","23.6355","-25.1449","2.9600","1.3617","null","null","null","89.0090","1976","6.4850",529492,433587,605357,596129,429664,572122,516416,400085,543829,571745,"54.0121","null","null","null","null","null","null","null",33,"2","Sinker",4,0,4,0,0,4,4,0,"Strategic","Standard"
"CH","2018-04-04","86.2","-2.6358","5.9922","Felix Hernandez",453923,433587,"null","ball",,,,,"11","null","R","L","R","SF","SEA","B","null","null",0,0,2018,"-0.8426","0.5537","-1.5416","4.1187","null","null","null",0,4,"Bot","null","null",,,605357,,"180405_001959","4.2677","-125.4476","0.6064","-9.6399","22.9236","-26.6711","3.0175","1.3617","null","null","null","86.1480","1892","6.0320",529492,433587,605357,596129,429664,572122,516416,400085,543829,571745,"54.4654","null","null","null","null","null","null","null",33,"1","Changeup",4,0,4,0,0,4,4,0,"Strategic","Standard"
"FF","2018-04-04","90.2","-2.4724","5.6440","Johnny Cueto",400085,456501,"null","ball",,,,,"11","null","R","L","R","SF","SEA","B","null","null",0,1,2018,"-0.8209","1.2693","-0.8618","4.3908","null","null","null",2,4,"Top","null","null",,,457763,,"180405_001630","5.6404","-131.1986","0.1395","-10.4035","24.3985","-17.9522","3.3331","1.3666","null","null","null","89.6700","2166","5.7150",529492,456501,457763,474832,605412,467055,543063,453923,491676,457705,"54.7821","null","null","null","null","null","null","null",32,"2","4-Seam Fastball",4,0,0,4,0,4,0,4,"Standard","Standard"
"FT","2018-04-04","90.4","-2.3550","5.6672","Johnny Cueto",605357,456501,"null","ball",,,,,"13","null","R","R","R","SF","SEA","B","null","null",0,1,2018,"-1.2117","0.6845","-1.4455","1.5017","null","null","596129.00",0,4,"Top","null","null",,,457763,,"180405_001519","4.7040","-131.3643","-5.7684","-14.6600","27.4391","-23.4928","3.5724","1.7161","null","null","null","89.1990","2122","5.5890",529492,456501,457763,474832,605412,467055,543063,453923,491676,457705,"54.9083","null","null","null","null","null","null","null",31,"2","2-Seam Fastball",4,0,0,4,0,4,0,4,"Standard","Standard"
"FF","2018-04-04","87.7","-2.6605","5.8335","Johnny Cueto",596129,456501,"null","ball",,,,,"11","null","R","L","R","SF","SEA","B","null","null",1,0,2018,"-0.6914","1.4963","-0.9670","3.4814","null","null","null",0,4,"Top","null","null",,,457763,,"180405_001402","5.3208","-127.3422","-2.4283","-8.2983","26.4484","-16.3853","3.4161","1.4719","null","null","null","85.5910","2189","5.0730",529492,456501,457763,474832,605412,467055,543063,453923,491676,457705,"55.4242","null","null","null","null","null","null","null",30,"2","4-Seam Fastball",4,0,0,4,0,4,0,4,"Strategic","Standard"
"SL","2018-04-04","78.5","-2.4074","5.8551","Johnny Cueto",596129,456501,"null","ball",,,,,"14","null","R","L","R","SF","SEA","B","null","null",0,0,2018,"0.4653","0.1169","0.1610","1.3697","null","null","null",0,4,"Top","null","null",,,457763,,"180405_001351","4.6329","-114.2028","-3.0711","3.1465","19.1753","-30.9266","3.3486","1.5394","null","null","null","77.1010","2347","5.1010",529492,456501,457763,474832,605412,467055,543063,453923,491676,457705,"55.3963","null","null","null","null","null","null","null",30,"1","Slider",4,0,0,4,0,4,0,4,"Strategic","Standard"
"CH","2018-04-04","86.5","-2.4498","5.9453","Felix Hernandez",543063,433587,"null","ball",,,,,"13","null","R","L","R","SF","SEA","B","null","null",2,2,2018,"-1.0634","0.0140","-0.2089","0.0249","null","null","null",2,3,"Bot","null","null",,,605357,,"180405_001057","7.4270","-125.6265","-7.8733","-12.6089","24.6788","-30.7060","3.2582","1.4868","null","null","null","86.0010","1761","6.0070",529492,433587,605357,596129,429664,572122,516416,400085,543829,571745,"54.4907","null","null","null","null","null","null","null",29,"6","Changeup",4,0,4,0,0,4,4,0,"Standard","Standard"
"FF","2018-04-04","88.4","-2.2642","5.8694","Felix Hernandez",543063,433587,"null","ball",,,,,"12","null","R","L","R","SF","SEA","B","null","null",1,2,2018,"-0.0361","0.8872","0.7783","3.2658","null","null","null",2,3,"Bot","null","null",,,605357,,"180405_001041","7.4748","-128.5736","-2.1210","-1.8823","25.5079","-22.1397","3.1392","1.4738","null","null","null","88.4040","2144","6.2200",529492,433587,605357,596129,429664,572122,516416,400085,543829,571745,"54.2776","null","null","null","null","null","null","null",29,"5","4-Seam Fastball",4,0,4,0,0,4,4,0,"Standard","Standard"
"FF","2018-04-04","88.5","-2.4397","5.8892","Felix Hernandez",543063,433587,"null","called_strike",,,,,"1","null","R","L","R","SF","SEA","S","null","null",1,1,2018,"-0.2780","1.3151","-0.6256","2.7494","null","null","null",2,3,"Bot","null","null",,,605357,,"180405_000958","4.9960","-128.8164","-4.3627","-4.0495","24.4998","-16.8839","3.2682","1.5318","null","null","null","88.7170","2151","6.2180",529492,433587,605357,596129,429664,572122,516416,400085,543829,571745,"54.2792","null","null","null","null","null","null","null",29,"3","4-Seam Fastball",4,0,4,0,0,4,4,0,"Standard","Standard"
"CH","2018-04-04","84.7","-2.4271","6.0463","Felix Hernandez",543063,433587,"null","ball",,,,,"1","null","R","L","R","SF","SEA","B","null","null",0,0,2018,"-0.7343","0.1752","-0.3549","3.3785","null","null","null",2,3,"Bot","null","null",,,605357,,"180405_000927","6.2208","-123.1373","-0.2678","-8.5277","22.5286","-30.5818","3.2807","1.5318","null","null","null","84.2610","1445","5.8750",529492,433587,605357,596129,429664,572122,516416,400085,543829,571745,"54.6220","null","null","null","null","null","null","null",29,"1","Changeup",4,0,4,0,0,4,4,0,"Standard","Standard"
"CU","2018-04-04","77.7","-2.4433","5.9648","Felix Hernandez",467055,433587,"null","called_strike",,,,,"4","null","R","L","R","SF","SEA","S","null","null",0,0,2018,"0.7810","-1.0447","-0.5335","2.5393","null","null","null",1,3,"Bot","null","null",,,605357,,"180405_000833","2.6667","-113.0590","1.3724","6.0909","19.5206","-41.4133","3.1425","1.5218","null","null","null","76.9050","2332","5.6010",529492,433587,605357,596129,429664,572122,516416,400085,543829,571745,"54.8969","null","null","null","null","null","null","null",28,"1","Curveball",4,0,4,0,0,4,4,0,"Standard","Standard"
"SI","2018-04-04","87.7","-2.3174","6.0773","Felix Hernandez",457763,433587,"null","called_strike",,,,,"2","null","R","R","R","SF","SEA","S","null","null",3,0,2018,"-0.9753","0.7831","0.1858","2.9492","null","null","null",0,3,"Bot","null","null",,,605357,,"180405_000706","8.0330","-127.4642","-3.0792","-12.1475","23.6476","-23.2457","3.3490","1.5571","null","null","null","87.8320","2169","6.2190",529492,433587,605357,596129,429664,572122,516416,400085,543829,571745,"54.2786","null","null","null","null","null","null","null",27,"4","Sinker",4,0,4,0,0,4,4,0,"Standard","Standard"
"SI","2018-04-04","88.0","-2.3135","6.0736","Felix Hernandez",457763,433587,"null","ball",,,,,"14","null","R","R","R","SF","SEA","B","null","null",2,0,2018,"-0.9458","0.7400","0.9060","1.8192","null","null","null",0,3,"Bot","null","null",,,605357,,"180405_000648","9.6881","-127.7064","-5.6937","-12.1927","25.0530","-23.2218","3.4189","1.6021","null","null","null","87.6250","2196","6.0950",529492,433587,605357,596129,429664,572122,516416,400085,543829,571745,"54.4022","null","null","null","null","null","null","null",27,"3","Sinker",4,0,4,0,0,4,4,0,"Standard","Standard"
"FF","2018-04-04","88.5","-2.1996","6.0115","Felix Hernandez",457763,433587,"null","ball",,,,,"14","null","R","R","R","SF","SEA","B","null","null",1,0,2018,"-0.2829","1.2747","1.3408","1.3689","null","null","null",0,3,"Bot","null","null",,,605357,,"180405_000632","9.2500","-128.5180","-7.9780","-4.8910","23.8100","-16.5625","3.4110","1.5650","null","null","null","89.0680","2183","6.5150",529492,433587,605357,596129,429664,572122,516416,400085,543829,571745,"53.9828","null","null","null","null","null","null","null",27,"2","4-Seam Fastball",4,0,4,0,0,4,4,0,"Standard","Standard"
"SI","2018-04-04","88.3","-2.4736","6.0566","Felix Hernandez",457763,433587,"null","ball",,,,,"8","null","R","R","R","SF","SEA","B","null","null",0,0,2018,"-1.1150","0.7639","0.0490","1.4926","null","null","null",0,3,"Bot","null","null",,,605357,,"180405_000615","8.4177","-128.3257","-6.6180","-13.9223","24.2872","-22.6773","3.4189","1.5796","null","null","null","88.3500","2070","6.1980",529492,433587,605357,596129,429664,572122,516416,400085,543829,571745,"54.2994","null","null","null","null","null","null","null",27,"1","Sinker",4,0,4,0,0,4,4,0,"Standard","Standard"
"FF","2018-04-04","90.4","-2.2395","5.7218","Johnny Cueto",571745,456501,"null","called_strike",,,,,"2","null","R","R","R","SF","SEA","S","null","null",0,0,2018,"-0.7437","1.3335","-0.1348","3.2566","null","null","543829.00",2,3,"Top","null","null",,,457763,,"180405_000131","6.6442","-131.2779","-2.8615","-9.7356","28.2285","-16.9316","3.3683","1.5841","null","null","null","88.7090","2236","5.3840",529492,456501,457763,474832,605412,467055,543063,453923,491676,457705,"55.1136","null","null","null","null","null","null","null",25,"1","4-Seam Fastball",4,0,0,4,0,4,0,4,"Standard","Standard"
"FT","2018-04-04","89.2","-2.3532","5.6682","Johnny Cueto",516416,456501,"null","ball",,,,,"12","null","R","R","R","SF","SEA","B","null","null",1,0,2018,"-1.4959","0.7120","0.1125","3.5170","null","null","543829.00",0,3,"Top","null","null",,,457763,,"180404_235931","8.9012","-129.5755","-0.7593","-18.0297","23.3255","-24.4491","3.1581","1.4442","null","null","null","88.0060","2160","5.3270",529492,456501,457763,474832,605412,467055,543063,453923,491676,457705,"55.1705","null","null","null","null","null","null","null",23,"2","2-Seam Fastball",4,0,0,4,0,4,0,4,"Standard","Standard"
"SL","2018-04-04","82.4","-2.4304","5.6810","Johnny Cueto",516416,456501,"null","ball",,,,,"14","null","R","R","R","SF","SEA","B","null","null",0,0,2018,"0.3987","0.2157","1.1587","1.5117","null","null","543829.00",0,3,"Top","null","null",,,457763,,"180404_235915","7.2406","-119.6961","-3.3521","2.5115","19.8036","-29.8511","3.1356","1.3766","null","null","null","80.9940","2409","5.1090",529492,456501,457763,474832,605412,467055,543063,453923,491676,457705,"55.3883","null","null","null","null","null","null","null",23,"1","Slider",4,0,0,4,0,4,0,4,"Standard","Standard"
"SL","2018-04-04","81.6","-2.5549","5.8096","Johnny Cueto",543829,456501,"null","ball",,,,,"11","null","R","L","R","SF","SEA","B","null","null",0,0,2018,"0.4390","0.7878","-0.1777","3.9218","null","null","null",0,3,"Top","null","null",,,457763,,"180404_235638","4.4316","-118.5557","0.8379","3.1804","21.1936","-25.4599","3.3731","1.3912","null","null","null","79.8480","2182","5.0170",529492,456501,457763,474832,605412,467055,543063,453923,491676,457705,"55.4802","null","null","null","null","null","null","null",22,"1","Slider",4,0,0,4,0,4,0,4,"Strategic","Standard"
"FF","2018-04-04","88.8","-2.3871","5.9748","Felix Hernandez",457705,433587,"null","called_strike",,,,,"2","null","R","R","R","SF","SEA","S","null","null",0,0,2018,"-0.1368","0.9137","0.1692","3.1333","null","605412.00","null",2,2,"Bot","null","null",,,605357,,"180404_235344","6.5171","-129.2144","-2.8425","-2.7601","24.4063","-21.6266","3.3916","1.6672","null","null","null","88.8400","2054","6.1050",529492,433587,605357,596129,429664,572122,516416,400085,543829,571745,"54.3926","null","null","null","null","null","null","null",21,"1","4-Seam Fastball",4,0,4,0,0,4,4,0,"Standard","Standard"
"FF","2018-04-04","87.8","-2.1621","6.0688","Felix Hernandez",474832,433587,"null","ball",,,,,"12","null","R","L","R","SF","SEA","B","null","null",0,2,2018,"0.0054","0.9324","0.1894","5.0694","null","null","605412.00",1,2,"Bot","null","null",,,605357,,"180404_235210","5.6207","-127.6838","1.7496","-1.0023","24.1023","-22.6743","3.1629","1.4369","null","null","null","87.2150","2235","5.7650",529492,433587,605357,596129,429664,572122,516416,400085,543829,571745,"54.7321","null","null","null","null","null","null","null",20,"3","4-Seam Fastball",4,0,4,0,0,4,4,0,"Strategic","Standard"
"CU","2018-04-04","78.5","-2.2009","6.0715","Felix Hernandez",474832,433587,"null","called_strike",,,,,"3","null","R","L","R","SF","SEA","S","null","null",0,1,2018,"1.1368","-0.5991","0.4891","3.1509","null","null","605412.00",1,2,"Bot","null","null",,,605357,,"180404_235147","3.7285","-114.1471","1.5293","9.0257","19.8258","-37.7836","3.1179","1.3918","null","null","null","77.4510","2330","5.4530",529492,433587,605357,596129,429664,572122,516416,400085,543829,571745,"55.0443","null","null","null","null","null","null","null",20,"2","Curveball",4,0,4,0,0,4,4,0,"Infield shift","Standard"
"SI","2018-04-04","89.2","-2.5524","6.0838","Felix Hernandez",605412,433587,"walk","ball",,,,,"11","Joe Panik walks.  ","R","L","R","SF","SEA","B","null","null",3,1,2018,"-0.6955","0.8442","-0.2236","3.6695","null","null","null",1,2,"Bot","null","null",,,605357,,"180404_235047","7.1663","-129.8381","-1.7343","-9.2311","24.4618","-22.4814","3.1648","1.4366","null","null","null","89.4400","1960","6.1950",529492,433587,605357,596129,429664,572122,516416,400085,543829,571745,"54.3021","null","null","0.70",1,0,0,"null",19,"5","Sinker",4,0,4,0,0,4,4,0,"Infield shift","Standard"
"CH","2018-04-04","85.9","-2.5154","6.0147","Felix Hernandez",605412,433587,"null","ball",,,,,"13","null","R","L","R","SF","SEA","B","null","null",2,1,2018,"-1.4098","0.2452","-0.6321","0.7128","null","null","null",1,2,"Bot","null","null",,,605357,,"180404_235026","7.2185","-124.8132","-6.7935","-15.9627","22.2803","-28.6153","3.2152","1.4864","null","null","null","85.7120","1740","5.9960",529492,433587,605357,596129,429664,572122,516416,400085,543829,571745,"54.5014","null","null","null","null","null","null","null",19,"4","Changeup",4,0,4,0,0,4,4,0,"Infield shift","Standard"
"CU","2018-04-04","78.9","-2.6468","6.0088","Felix Hernandez",605412,433587,"null","ball",,,,,"14","null","R","L","R","SF","SEA","B","null","null",1,1,2018,"1.1394","-0.8215","0.0849","1.1331","null","null","null",1,2,"Bot","null","null",,,605357,,"180404_235009","3.8248","-114.6477","-2.2277","9.0010","22.4249","-39.0350","3.1702","1.4414","null","null","null","77.6400","2272","5.6020",529492,433587,605357,596129,429664,572122,516416,400085,543829,571745,"54.8951","null","null","null","null","null","null","null",19,"3","Curveball",4,0,4,0,0,4,4,0,"Infield shift","Standard"
"FF","2018-04-04","89.7","-2.4683","6.2026","Felix Hernandez",605412,433587,"null","ball",,,,,"11","null","R","L","R","SF","SEA","B","null","null",0,0,2018,"-0.5859","1.2330","-0.3561","3.2925","null","null","null",1,2,"Bot","null","null",,,605357,,"180404_234932","6.4406","-130.3500","-3.7536","-8.0406","28.5346","-17.6289","2.9676","1.2387","null","null","null","89.3420","2016","6.2350",529492,433587,605357,596129,429664,572122,516416,400085,543829,571745,"54.2627","null","null","null","null","null","null","null",19,"1","4-Seam Fastball",4,0,4,0,0,4,4,0,"Infield shift","Standard"
"FT","2018-04-04","89.7","-1.8940","5.8537","Johnny Cueto",400085,456501,"strikeout","called_strike",,,,,"12","Ichiro Suzuki called out on strikes.  ","R","L","R","SF","SEA","S",2,"null",2,2,2018,"-1.2284","0.6162","0.3915","3.6026","null","605357.00","null",1,2,"Top","null","null",,,457763,,"180404_234434","8.0509","-130.5069","-0.9588","-15.1962","21.2541","-25.2501","3.2531","1.3766","null","null","null","89.3350","2251","5.5710",529492,456501,457763,474832,605412,467055,543063,453923,491676,457705,"54.9260","null","null","0.00",1,0,0,"null",15,"5","2-Seam Fastball",3,0,0,3,0,3,0,3,"Standard","Strategic"
"SL","2018-04-04","84.1","-2.6046","5.6661","Johnny Cueto",400085,456501,"null","ball",,,,,"13","null","R","L","R","SF","SEA","B","null","null",1,2,2018,"0.0086","0.4586","-0.3237","0.8122","null","605357.00","null",1,2,"Top","null","null",,,457763,,"180404_234411","5.1666","-122.2442","-5.7132","-0.7773","20.3860","-26.9701","3.2485","1.3264","null","null","null","83.0070","2272","5.2800",529492,456501,457763,474832,605412,467055,543063,453923,491676,457705,"55.2179","null","null","null","null","null","null","null",15,"4","Slider",3,0,0,3,0,3,0,3,"Standard","Strategic"
"CH","2018-04-04","81.2","-2.4911","5.6707","Johnny Cueto",400085,456501,"null","called_strike",,,,,"8","null","R","L","R","SF","SEA","S","null","null",0,0,2018,"-1.0614","0.0498","0.2627","1.7523","null","605357.00","null",1,2,"Top","null","null",,,457763,,"180404_234300","7.9879","-117.9785","-2.2553","-11.0611","20.4695","-31.5655","3.3711","1.4490","null","null","null","80.1740","1295","5.4690",529492,456501,457763,474832,605412,467055,543063,453923,491676,457705,"55.0281","null","null","null","null","null","null","null",15,"1","Changeup",3,0,0,3,0,3,0,3,"Standard","Standard"
"FF","2018-04-04","89.9","-1.9035","5.8622","Johnny Cueto",605357,456501,"null","ball",,,,,"14","null","R","R","R","SF","SEA","B","null","null",1,2,2018,"-0.6770","1.4773","1.0551","2.3048","null","null","null",1,2,"Top","null","null",,,457763,,"180404_234155","8.5540","-130.3868","-5.7407","-9.2513","26.6491","-14.8813","3.6174","1.7161","null","null","null","88.3800","2210","5.4600",529492,456501,457763,474832,605412,467055,543063,453923,491676,457705,"55.0378","null","null","null","null","null","null","null",14,"4","4-Seam Fastball",3,0,0,3,0,3,0,3,"Standard","Standard"
"SL","2018-04-04","82.7","-2.1780","5.6386","Johnny Cueto",605357,456501,"null","ball",,,,,"14","null","R","R","R","SF","SEA","B","null","null",0,1,2018,"0.3680","0.3756","1.1127","2.1420","null","null","null",1,2,"Top","null","null",,,457763,,"180404_234118","6.6598","-120.2005","-2.1712","2.2460","21.4628","-28.5379","3.4148","1.6035","null","null","null","81.1070","2303","5.0920",529492,456501,457763,474832,605412,467055,543063,453923,491676,457705,"55.4056","null","null","null","null","null","null","null",14,"2","Slider",3,0,0,3,0,3,0,3,"Standard","Standard"
"FF","2018-04-04","90.2","-2.1264","5.8706","Johnny Cueto",605357,456501,"null","called_strike",,,,,"6","null","R","R","R","SF","SEA","S","null","null",0,0,2018,"-0.8091","1.5294","0.5345","2.5378","null","null","null",1,2,"Top","null","null",,,457763,,"180404_234103","8.0566","-130.7750","-5.2400","-10.6749","29.3462","-14.5303","3.5949","1.6486","null","null","null","87.8330","2310","5.1500",529492,456501,457763,474832,605412,467055,543063,453923,491676,457705,"55.3472","null","null","null","null","null","null","null",14,"1","4-Seam Fastball",3,0,0,3,0,3,0,3,"Standard","Standard"
"CH","2018-04-04","80.0","-2.3488","5.7413","Johnny Cueto",596129,456501,"null","ball",,,,,"13","null","R","L","R","SF","SEA","B","null","null",0,0,2018,"-1.2628","0.3628","-0.9397","2.2713","null","null","null",0,2,"Top","null","null",,,457763,,"180404_234018","5.2624","-116.1742","-1.5643","-11.9652","21.0573","-28.9923","3.3711","1.4043","null","null","null","78.3790","1372","5.1870",529492,456501,457763,474832,605412,467055,543063,453923,491676,457705,"55.3109","null","null","null","null","null","null","null",13,"1","Changeup",3,0,0,3,0,3,0,3,"Strategic","Standard"
"CH","2018-04-04","86.2","-2.2545","5.9722","Felix Hernandez",543063,433587,"null","ball",,,,,"14","null","R","L","R","SF","SEA","B","null","null",0,2,2018,"-0.5895","-0.2329","0.6536","0.2859","474832.00","457763.00","467055.00",1,1,"Bot","null","null",,,605357,,"180404_233621","8.0930","-125.3239","-6.8494","-7.7128","22.7743","-33.5919","3.1682","1.4417","null","null","null","86.4620","1685","6.2780",529492,433587,605357,596129,429664,572122,516416,400085,543829,571745,"54.2196","null","null","null","null","null","null","null",11,"3","Changeup",1,0,1,0,0,1,1,0,"Standard","Standard"
"SI","2018-04-04","90.8","-2.1596","6.1063","Felix Hernandez",467055,433587,"walk","ball",,,,,"13","Pablo Sandoval walks.   Joe Panik scores.    Brandon Belt to 3rd.    Buster Posey to 2nd.  ","R","L","R","SF","SEA","B","null","null",3,0,2018,"-1.2704","1.1173","-1.1458","1.5013","605412.00","474832.00","457763.00",1,1,"Bot","null","null",,,605357,,"180404_233417","5.2391","-132.0329","-8.0025","-15.9290","26.6688","-17.6862","3.2225","1.5218","null","null","null","90.8950","1972","6.2700",529492,433587,605357,596129,429664,572122,516416,400085,543829,571745,"54.2277","null","null","0.70",1,0,0,"null",10,"4","Sinker",0,0,0,0,0,0,0,0,"Standard","Standard"
"SI","2018-04-04","90.4","-2.2497","6.0142","Felix Hernandez",467055,433587,"null","ball",,,,,"14","null","R","L","R","SF","SEA","B","null","null",2,0,2018,"-1.2279","1.0956","0.0963","0.7370","605412.00","474832.00","457763.00",1,1,"Bot","null","null",,,605357,,"180404_233354","8.5919","-131.2992","-9.6947","-16.2265","25.5413","-17.4737","3.2675","1.5218","null","null","null","91.5170","2084","6.8810",529492,433587,605357,596129,429664,572122,516416,400085,543829,571745,"53.6165","null","null","null","null","null","null","null",10,"3","Sinker",0,0,0,0,0,0,0,0,"Standard","Standard"
"CU","2018-04-04","79.1","-2.3434","6.0407","Felix Hernandez",467055,433587,"null","ball",,,,,"11","null","R","L","R","SF","SEA","B","null","null",1,0,2018,"0.8842","-0.6967","-1.5475","2.2846","605412.00","474832.00","457763.00",1,1,"Bot","null","null",,,605357,,"180404_233333","0.0984","-115.2112","-0.1501","7.8361","20.4889","-38.5488","3.0199","1.4542","null","null","null","79.1710","2371","6.1890",529492,433587,605357,596129,429664,572122,516416,400085,543829,571745,"54.3083","null","null","null","null","null","null","null",10,"2","Curveball",0,0,0,0,0,0,0,0,"Standard","Standard"
"CU","2018-04-04","78.8","-2.2311","6.1190","Felix Hernandez",457763,433587,"null","ball",,,,,"11","null","R","R","R","SF","SEA","B","null","null",0,0,2018,"0.6470","-0.8059","-1.1217","2.7446","null","605412.00","474832.00",1,1,"Bot","null","null",,,605357,,"180404_233111","1.2250","-114.6872","0.9149","5.3608","20.8841","-39.5412","3.4189","1.5796","null","null","null","78.0030","2412","5.6780",529492,433587,605357,596129,429664,572122,516416,400085,543829,571745,"54.8192","null","null","null","null","null","null","null",9,"1","Curveball",0,0,0,0,0,0,0,0,"Standard","Standard"
"SI","2018-04-04","90.3","-2.0956","5.9531","Felix Hernandez",457705,433587,"null","ball",,,,,"14","null","R","R","R","SF","SEA","B","null","null",0,0,2018,"-1.0669","0.6962","1.3666","1.0130","null","605412.00","474832.00",0,1,"Bot","null","null",,,605357,,"180404_232959","10.8852","-130.9935","-7.8738","-14.4054","23.4702","-22.8144","3.4141","1.5772","null","null","null","90.8120","2090","6.4310",529492,433587,605357,596129,429664,572122,516416,400085,543829,571745,"54.0665","null","null","null","null","null","null","null",8,"1","Sinker",0,0,0,0,0,0,0,0,"Standard","Standard"
"FF","2018-04-04","90.5","-2.1737","6.0811","Felix Hernandez",605412,433587,"walk","ball",,,,,"11","Joe Panik walks.  ","R","L","R","SF","SEA","B","null","null",3,2,2018,"-0.6674","1.3589","-1.7809","2.6913","null","null","null",0,1,"Bot","null","null",,,605357,,"180404_232834","2.4111","-131.7467","-5.4617","-8.3002","26.9240","-15.3649","3.1927","1.4639","null","null","null","90.8710","2107","6.4040",529492,433587,605357,596129,429664,572122,516416,400085,543829,571745,"54.0934","null","null","0.70",1,0,0,"null",6,"6","4-Seam Fastball",0,0,0,0,0,0,0,0,"Infield shift","Standard"
"FF","2018-04-04","89.4","-2.3102","6.0248","Felix Hernandez",605412,433587,"null","called_strike",,,,,"4","null","R","L","R","SF","SEA","S","null","null",3,0,2018,"-0.4632","1.0436","-0.5836","2.2621","null","null","null",0,1,"Bot","null","null",,,605357,,"180404_232749","5.2003","-130.1627","-5.5116","-6.1973","23.1100","-19.5056","3.0601","1.2862","null","null","null","89.6670","2126","6.0790",529492,433587,605357,596129,429664,572122,516416,400085,543829,571745,"54.4183","null","null","null","null","null","null","null",6,"4","4-Seam Fastball",0,0,0,0,0,0,0,0,"Infield shift","Standard"
"SI","2018-04-04","89.0","-2.3433","6.0321","Felix Hernandez",605412,433587,"null","ball",,,,,"11","null","R","L","R","SF","SEA","B","null","null",2,0,2018,"-0.8032","0.8386","-1.6285","2.7220","null","null","null",0,1,"Bot","null","null",,,605357,,"180404_232732","3.4426","-129.6093","-3.8810","-9.7668","25.9978","-22.1248","3.0577","1.3738","null","null","null","89.3090","1956","6.3450",529492,433587,605357,596129,429664,572122,516416,400085,543829,571745,"54.1521","null","null","null","null","null","null","null",6,"3","Sinker",0,0,0,0,0,0,0,0,"Infield shift","Standard"
"SI","2018-04-04","88.3","-2.4876","6.0801","Felix Hernandez",605412,433587,"null","ball",,,,,"11","null","R","L","R","SF","SEA","B","null","null",1,0,2018,"-0.8158","0.9381","-0.5604","3.8468","null","null","null",0,1,"Bot","null","null",,,605357,,"180404_232715","6.3702","-128.4118","-1.2575","-10.3371","27.9179","-21.8382","3.2827","1.5315","null","null","null","87.9740","1909","6.2300",529492,433587,605357,596129,429664,572122,516416,400085,543829,571745,"54.2679","null","null","null","null","null","null","null",6,"2","Sinker",0,0,0,0,0,0,0,0,"Infield shift","Standard"
"SI","2018-04-04","88.7","-2.3265","6.1462","Felix Hernandez",605412,433587,"null","ball",,,,,"11","null","R","L","R","SF","SEA","B","null","null",0,0,2018,"-1.0037","0.8499","-1.7341","4.0564","null","null","null",0,1,"Bot","null","null",,,605357,,"180404_232659","3.5379","-129.1866","-0.8707","-11.9449","25.1379","-22.6783","3.3278","1.5315","null","null","null","88.9710","1968","6.2590",529492,433587,605357,596129,429664,572122,516416,400085,543829,571745,"54.2386","null","null","null","null","null","null","null",6,"1","Sinker",0,0,0,0,0,0,0,0,"Infield shift","Standard"
"FF","2018-04-04","89.5","-2.2291","5.7740","Johnny Cueto",572122,456501,"null","ball",,,,,"12","null","R","L","R","SF","SEA","B","null","null",1,1,2018,"-0.7552","1.4282","1.2953","3.1094","543829.00","null","571745.00",2,1,"Top","null","null",,,457763,,"180404_232327","10.0336","-129.7141","-3.3712","-10.3779","27.3956","-16.1069","3.2558","1.3312","null","null","null","87.7780","2277","5.4510",529492,456501,457763,474832,605412,467055,543063,453923,491676,457705,"55.0467","null","null","null","null","null","null","null",5,"3","4-Seam Fastball",0,0,0,0,0,0,0,0,"Strategic","Standard"
"SL","2018-04-04","84.3","-2.4724","5.6866","Johnny Cueto",572122,456501,"null","called_strike",,,,,"14","null","R","L","R","SF","SEA","S","null","null",1,0,2018,"0.3534","0.8313","0.8710","1.9852","543829.00","null","571745.00",2,1,"Top","null","null",,,457763,,"180404_232256","6.9657","-122.4729","-3.7496","2.0793","24.0249","-23.5923","3.4133","1.4989","null","null","null","82.8930","2240","5.4240",529492,456501,457763,474832,605412,467055,543063,453923,491676,457705,"55.0730","null","null","null","null","null","null","null",5,"2","Slider",0,0,0,0,0,0,0,0,"Strategic","Standard"
"SL","2018-04-04","85.7","-2.4732","5.7006","Johnny Cueto",572122,456501,"null","ball",,,,,"12","null","R","L","R","SF","SEA","B","null","null",0,0,2018,"0.2577","0.9230","1.1485","2.4089","543829.00","null","571745.00",2,1,"Top","null","null",,,457763,,"180404_232235","7.8934","-124.3631","-3.2316","1.0553","24.1755","-22.5269","3.3458","1.2186","null","null","null","84.1580","2256","5.3610",529492,456501,457763,474832,605412,467055,543063,453923,491676,457705,"55.1363","null","null","null","null","null","null","null",5,"1","Slider",0,0,0,0,0,0,0,0,"Strategic","Standard"
"SL","2018-04-04","84.6","-2.4378","5.6564","Johnny Cueto",571745,456501,"null","ball",,,,,"14","null","R","R","R","SF","SEA","B","null","null",2,2,2018,"0.3207","0.2581","1.1427","1.5831","543829.00","null","null",2,1,"Top","null","null",,,457763,,"180404_232046","7.5969","-122.8375","-3.5990","1.7400","22.9810","-29.2013","3.3784","1.4941","null","null","null","83.3680","2283","5.4690",529492,456501,457763,474832,605412,467055,543063,453923,491676,457705,"55.0289","null","null","null","null","null","null","null",4,"5","Slider",0,0,0,0,0,0,0,0,"Strategic","Standard"
"FF","2018-04-04","90.0","-2.3550","5.7483","Johnny Cueto",571745,456501,"null","called_strike",,,,,"6","null","R","R","R","SF","SEA","S","null","null",2,1,2018,"-0.6285","1.3846","0.7740","2.7386","543829.00","null","null",2,1,"Top","null","null",,,457763,,"180404_232021","8.8846","-130.4945","-4.2191","-8.8559","27.7986","-16.1985","3.4583","1.5616","null","null","null","88.3510","2186","5.4850",529492,456501,457763,474832,605412,467055,543063,453923,491676,457705,"55.0122","null","null","null","null","null","null","null",4,"4","4-Seam Fastball",0,0,0,0,0,0,0,0,"Strategic","Standard"
"FF","2018-04-04","89.8","-2.5073","5.7778","Johnny Cueto",571745,456501,"null","ball",,,,,"13","null","R","R","R","SF","SEA","B","null","null",1,0,2018,"-1.2784","1.2403","-2.1979","2.2980","543829.00","null","null",2,1,"Top","null","null",,,457763,,"180404_231926","3.3467","-130.5336","-5.1118","-14.9477","27.1108","-17.5344","3.3559","1.5166","null","null","null","88.6490","2168","5.6000",529492,456501,457763,474832,605412,467055,543063,453923,491676,457705,"54.8975","null","null","null","null","null","null","null",4,"2","4-Seam Fastball",0,0,0,0,0,0,0,0,"Strategic","Standard"
"SL","2018-04-04","83.4","-2.6303","5.7669","Johnny Cueto",571745,456501,"null","ball",,,,,"14","null","R","R","R","SF","SEA","B","null","null",0,0,2018,"-0.0192","0.4610","0.7526","0.9096","543829.00","null","null",2,1,"Top","null","null",,,457763,,"180404_231909","7.6413","-121.1471","-5.5343","-1.4947","20.7865","-27.0645","3.3333","1.4941","null","null","null","82.0390","2301","5.1990",529492,456501,457763,474832,605412,467055,543063,453923,491676,457705,"55.2987","null","null","null","null","null","null","null",4,"1","Slider",0,0,0,0,0,0,0,0,"Strategic","Standard"
"SL","2018-04-04","84.2","-2.3616","5.8047","Johnny Cueto",429664,456501,"null","ball",,,,,"14","null","R","L","R","SF","SEA","B","null","null",0,1,2018,"-0.1325","0.6946","1.8706","1.8040","null","543829.00","null",1,1,"Top","null","null",,,457763,,"180404_231747","9.8778","-122.1387","-4.1949","-3.0014","21.0982","-24.8936","3.7175","1.6925","null","null","null","83.0140","2307","5.4000",529492,456501,457763,474832,605412,467055,543063,453923,491676,457705,"55.0969","null","null","null","null","null","null","null",3,"2","Slider",0,0,0,0,0,0,0,0,"Standard","Standard"
"CH","2018-04-04","80.4","-2.4694","5.6135","Johnny Cueto",429664,456501,"null","called_strike",,,,,"7","null","R","L","R","SF","SEA","S","null","null",0,0,2018,"-1.8427","0.4190","-0.5646","2.1368","null","543829.00","null",1,1,"Top","null","null",,,457763,,"180404_231717","7.4409","-116.5823","-1.6694","-17.6766","23.6113","-28.4430","3.7850","1.7826","null","null","null","78.6050","1347","5.3990",529492,456501,457763,474832,605412,467055,543063,453923,491676,457705,"55.0981","null","null","null","null","null","null","null",3,"1","Changeup",0,0,0,0,0,0,0,0,"Standard","Standard"