"pitch_type","game_date","release_speed","release_pos_x","release_pos_z","player_name","batter","pitcher","events","description","spin_dir","spin_rate_deprecated","break_angle_deprecated","break_length_deprecated","zone","des","game_type","stand","p_throws","home_team","away_team","type","hit_location","bb_type","balls","strikes","game_year","pfx_x","pfx_z","plate_x","plate_z","on_3b","on_2b","on_1b","outs_when_up","inning","inning_topbot","hc_x","hc_y","tfs_deprecated","tfs_zulu_deprecated","pos2_person_id","umpire","sv_id","vx0","vy0","vz0","ax","ay","az","sz_top","sz_bot","hit_distance_sc","launch_speed","launch_angle","effective_speed","release_spin_rate","release_extension","game_pk","pos1_person_id","pos2_person_id","pos3_person_id","pos4_person_id","pos5_person_id","pos6_person_id","pos7_person_id","pos8_person_id","pos9_person_id","release_pos_y","estimated_ba_using_speedangle","estimated_woba_using_speedangle","woba_value","woba_denom","babip_value","iso_value","launch_speed_angle","at_bat_number","pitch_number","pitch_name","home_score","away_score","bat_score","fld_score","post_away_score","post_home_score","post_bat_score","post_fld_score","if_fielding_alignment","of_fielding_alignment"
"SL","2018-08-22","82.4","-3.3738","4.3760","Paul Sewald",596103,623149,"null","ball",,,,,"14","null","R","R","R","NYM","SF","B","null","null",1,1,2018,"0.6049","0.2160","1.0507","1.1632","null","null","null",1,9,"Top","null","null",,,608700,,"180823_015146","8.8054","-119.5812","-1.0581","3.7160","26.3442","-30.1915","3.3831","1.5894","null","null","null","81.1580","2179","5.9210",531315,623149,608700,642086,643446,453943,595373,624424,457706,430832,"54.5790","null","null","null","null","null","null","null",71,"3","Slider",5,3,3,5,3,5,3,5,"Standard","Standard"
"FF","2018-08-22","89.3","-3.3779","4.2995","Paul Sewald",596103,623149,"null","called_strike",,,,,"9","null","R","R","R","NYM","SF","S","null","null",1,0,2018,"-1.1502","0.9834","0.7836","1.6796","null","null","null",1,9,"Top","null","null",,,608700,,"180823_015129","12.6027","-129.3756","-2.4153","-15.5691","27.8735","-20.8879","3.3585","1.5894","null","null","null","88.7900","2150","6.2890",531315,623149,608700,642086,643446,453943,595373,624424,457706,430832,"54.2103","null","null","null","null","null","null","null",71,"2","4-Seam Fastball",5,3,3,5,3,5,3,5,"Standard","Standard"
"FF","2018-08-22","89.6","-3.4200","4.3269","Paul Sewald",596103,623149,"null","ball",,,,,"14","null","R","R","R","NYM","SF","B","null","null",0,0,2018,"-1.1708","0.8960","1.2212","1.7267","null","null","null",1,9,"Top","null","null",,,608700,,"180823_015113","13.8544","-129.7526","-2.2577","-16.0323","26.3920","-21.8153","3.3095","1.5894","null","null","null","89.2440","2218","6.2740",531315,623149,608700,642086,643446,453943,595373,624424,457706,430832,"54.2253","null","null","null","null","null","null","null",71,"1","4-Seam Fastball",5,3,3,5,3,5,3,5,"Standard","Standard"
"SL","2018-08-22","87.7","3.6815","5.1988","Daniel Zamora",543063,623354,"null","ball",,,,,"13","null","R","L","L","NYM","SF","B","null","null",2,2,2018,"0.6434","0.6521","-1.0146","2.1230","null","null","null",0,9,"Top","null","null",,,608700,,"180823_014810","-12.6062","-126.9994","-2.5401","9.6537","27.7285","-24.8593","3.1867","1.5893","null","null","null","86.9750","2404","6.2490",531315,623354,608700,642086,643446,453943,595373,624424,457706,430832,"54.2509","null","null","null","null","null","null","null",70,"7","Slider",5,3,3,5,3,5,3,5,"Standard","Standard"
"SL","2018-08-22","76.9","3.7503","5.0439","Daniel Zamora",543063,623354,"null","called_strike",,,,,"9","null","R","L","L","NYM","SF","S","null","null",2,0,2018,"-1.6244","-0.4472","0.7638","1.7075","null","null","null",0,9,"Top","null","null",,,608700,,"180823_014639","-3.4194","-111.6492","0.7897","-12.3326","22.6642","-36.2174","3.3339","1.5893","null","null","null","75.1290","2549","5.4050",531315,623354,608700,642086,643446,453943,595373,624424,457706,430832,"55.0949","null","null","null","null","null","null","null",70,"3","Slider",5,3,3,5,3,5,3,5,"Standard","Standard"
"SL","2018-08-22","77.6","3.7248","5.0609","Daniel Zamora",543063,623354,"null","ball",,,,,"7","null","R","L","L","NYM","SF","B","null","null",1,0,2018,"-1.3588","-0.6516","-0.6380","1.8162","null","null","null",0,9,"Top","null","null",,,608700,,"180823_014618","-6.8090","-112.5671","1.2861","-9.7750","23.7106","-38.0999","3.3094","1.5893","null","null","null","76.2190","2762","5.8310",531315,623354,608700,642086,643446,453943,595373,624424,457706,430832,"54.6685","null","null","null","null","null","null","null",70,"2","Slider",5,3,3,5,3,5,3,5,"Standard","Standard"
"SL","2018-08-22","77.4","3.7416","5.0538","Daniel Zamora",543063,623354,"null","ball",,,,,"11","null","R","L","L","NYM","SF","B","null","null",0,0,2018,"-1.4895","-0.4323","-0.9559","2.4774","null","null","null",0,9,"Top","null","null",,,608700,,"180823_014603","-7.2683","-112.2261","2.3729","-10.7175","23.9485","-36.5145","3.3339","1.5893","null","null","null","76.1690","2724","6.0080",531315,623354,608700,642086,643446,453943,595373,624424,457706,430832,"54.4916","null","null","null","null","null","null","null",70,"1","Slider",5,3,3,5,3,5,3,5,"Standard","Standard"
"SL","2018-08-22","80.7","-3.1531","5.8878","Hunter Strickland",430832,519326,"null","ball",,,,,"11","null","R","R","R","NYM","SF","B","null","null",0,0,2018,"0.8893","0.2212","-1.7782","3.0824","null","527038.00","595373.00",2,8,"Bot","null","null",,,457763,,"180823_014257","1.3920","-117.3120","0.1051","7.6082","25.3996","-30.5202","3.3694","1.6820","null","null","null","79.1280","2572","5.5780",531315,519326,457763,474832,605412,446334,543063,596103,621453,491676,"54.9214","null","null","null","null","null","null","null",69,"1","Slider",5,3,5,3,3,5,5,3,"Strategic","Standard"
"FF","2018-08-22","92.2","-2.6991","6.1042","Hunter Strickland",595373,519326,"walk","ball",,,,,"14","Jack Reinheimer walks.   Wilmer Flores to 2nd.  ","R","R","R","NYM","SF","B","null","null",3,2,2018,"-0.1896","1.2352","0.8918","1.4782","null","null","527038.00",2,8,"Bot","null","null",,,457763,,"180823_014140","9.4340","-133.5879","-8.3843","-4.4670","31.7803","-15.9589","3.4075","1.6574","null","null","null","90.8850","2271","5.9690",531315,519326,457763,474832,605412,446334,543063,596103,621453,491676,"54.5307","null","null","0.70",1,0,0,"null",68,"6","4-Seam Fastball",5,3,5,3,3,5,5,3,"Standard","Standard"
"FF","2018-08-22","90.8","-2.6989","6.1775","Hunter Strickland",595373,519326,"null","called_strike",,,,,"9","null","R","R","R","NYM","SF","S","null","null",3,1,2018,"-0.0911","1.1453","0.7430","2.1351","null","null","527038.00",2,8,"Bot","null","null",,,457763,,"180823_014119","8.7426","-131.7830","-6.5100","-3.0255","29.8556","-17.8110","3.4566","1.5837","null","null","null","89.9120","2214","6.0390",531315,519326,457763,474832,605412,446334,543063,596103,621453,491676,"54.4604","null","null","null","null","null","null","null",68,"5","4-Seam Fastball",5,3,5,3,3,5,5,3,"Standard","Standard"
"SL","2018-08-22","77.1","-2.9461","6.0981","Hunter Strickland",595373,519326,"null","ball",,,,,"11","null","R","R","R","NYM","SF","B","null","null",2,1,2018,"0.9579","-0.7782","-1.6873","2.9621","null","null","527038.00",2,8,"Bot","null","null",,,457763,,"180823_014059","0.9877","-111.7631","1.7846","7.3290","24.4311","-39.0381","3.4075","1.5593","null","null","null","74.4010","2437","4.9910",531315,519326,457763,474832,605412,446334,543063,596103,621453,491676,"55.5082","null","null","null","null","null","null","null",68,"4","Slider",5,3,5,3,3,5,5,3,"Standard","Standard"
"FF","2018-08-22","91.4","-2.7582","6.1773","Hunter Strickland",595373,519326,"null","called_strike",,,,,"9","null","R","R","R","NYM","SF","S","null","null",2,0,2018,"-0.1250","1.2290","0.2764","2.1632","null","null","527038.00",2,8,"Bot","null","null",,,457763,,"180823_014042","7.8632","-132.6468","-6.7358","-3.2913","31.0229","-16.5658","3.4320","1.6574","null","null","null","90.5050","2224","6.1040",531315,519326,457763,474832,605412,446334,543063,596103,621453,491676,"54.3956","null","null","null","null","null","null","null",68,"3","4-Seam Fastball",5,3,5,3,3,5,5,3,"Standard","Standard"
"FF","2018-08-22","91.8","-2.7726","6.1952","Hunter Strickland",595373,519326,"null","ball",,,,,"11","null","R","R","R","NYM","SF","B","null","null",1,0,2018,"-0.3592","1.2555","-0.8673","4.6246","null","null","527038.00",2,8,"Bot","null","null",,,457763,,"180823_014017","5.5419","-133.3474","-0.7025","-5.5338","32.4934","-17.6473","3.3584","1.6574","null","null","null","90.5800","2304","5.9480",531315,519326,457763,474832,605412,446334,543063,596103,621453,491676,"54.5515","null","null","null","null","null","null","null",68,"2","4-Seam Fastball",5,3,5,3,3,5,5,3,"Standard","Standard"
"FF","2018-08-22","91.3","-3.1151","5.7867","Hunter Strickland",595373,519326,"null","ball",,,,,"3","null","R","R","R","NYM","SF","B","null","null",0,0,2018,"-0.0518","1.0760","0.6896","3.2698","null","null","527038.00",2,8,"Bot","null","null",,,457763,,"180823_013958","9.6014","-132.4076","-2.5962","-2.9424","32.3634","-19.4352","3.4811","1.5837","null","null","null","89.9990","2322","6.0100",531315,519326,457763,474832,605412,446334,543063,596103,621453,491676,"54.4892","null","null","null","null","null","null","null",68,"1","4-Seam Fastball",5,3,5,3,3,5,5,3,"Standard","Standard"
"SL","2018-08-22","78.8","-3.0654","6.1307","Hunter Strickland",527038,519326,"null","called_strike",,,,,"11","null","R","R","R","NYM","SF","S","null","null",0,0,2018,"1.1584","-0.7130","-0.8798","2.6257","null","null","null",2,8,"Bot","null","null",,,457763,,"180823_013757","2.6268","-114.4698","0.5490","9.1323","23.7487","-38.5566","3.4894","1.5993","null","null","null","76.6650","2690","5.1290",531315,519326,457763,474832,605412,446334,543063,596103,621453,491676,"55.3701","null","null","null","null","null","null","null",67,"1","Slider",5,3,5,3,3,5,5,3,"Standard","Standard"
"FF","2018-08-22","93.1","-2.7853","6.1170","Hunter Strickland",608700,519326,"null","ball",,,,,"11","null","R","R","R","NYM","SF","B","null","null",1,2,2018,"-0.0823","1.4051","-0.5918","4.2312","null","null","null",1,8,"Bot","null","null",,,457763,,"180823_013657","5.7450","-135.2350","-2.0061","-2.3524","32.1867","-15.1484","3.3339","1.5893","null","null","null","91.8150","2469","5.8230",531315,519326,457763,474832,605412,446334,543063,596103,621453,491676,"54.6766","null","null","null","null","null","null","null",66,"4","4-Seam Fastball",5,3,5,3,3,5,5,3,"Standard","Standard"
"FF","2018-08-22","93.2","-2.9607","5.6702","Hunter Strickland",608700,519326,"null","ball",,,,,"12","null","R","R","R","NYM","SF","B","null","null",0,2,2018,"-0.2442","1.2893","0.2805","4.3520","null","null","null",1,8,"Bot","null","null",,,457763,,"180823_013638","8.7834","-135.3497","-0.3728","-4.9338","30.5091","-16.7362","3.3339","1.5893","null","null","null","92.3490","2441","5.9660",531315,519326,457763,474832,605412,446334,543063,596103,621453,491676,"54.5339","null","null","null","null","null","null","null",66,"3","4-Seam Fastball",5,3,5,3,3,5,5,3,"Standard","Standard"
"FF","2018-08-22","93.3","-2.7107","6.2603","Hunter Strickland",642086,519326,"null","called_strike",,,,,"3","null","R","L","R","NYM","SF","S","null","null",3,0,2018,"-0.3631","1.4876","0.4489","3.3997","null","null","null",0,8,"Bot","null","null",,,457763,,"180823_013444","8.7749","-135.4709","-4.6981","-6.2712","29.4521","-13.5266","3.3694","1.6574","null","null","null","92.0330","2284","5.6400",531315,519326,457763,474832,605412,446334,543063,596103,621453,491676,"54.8597","null","null","null","null","null","null","null",65,"4","4-Seam Fastball",5,3,5,3,3,5,5,3,"Infield shift","Standard"
"FF","2018-08-22","92.5","-3.1096","5.8040","Hunter Strickland",642086,519326,"null","ball",,,,,"11","null","R","L","R","NYM","SF","B","null","null",2,0,2018,"-0.4882","1.4357","-1.3934","3.0562","null","null","null",0,8,"Bot","null","null",,,457763,,"180823_013427","5.3411","-134.4478","-4.1582","-6.9714","30.5580","-14.5608","3.2848","1.7066","null","null","null","91.1540","2258","5.6470",531315,519326,457763,474832,605412,446334,543063,596103,621453,491676,"54.8528","null","null","null","null","null","null","null",65,"3","4-Seam Fastball",5,3,5,3,3,5,5,3,"Infield shift","Standard"
"CH","2018-08-22","87.0","-2.7939","6.2820","Hunter Strickland",642086,519326,"null","ball",,,,,"13","null","R","L","R","NYM","SF","B","null","null",1,0,2018,"-1.3953","1.0078","-0.2394","1.3718","null","null","null",0,8,"Bot","null","null",,,457763,,"180823_013409","8.7107","-126.0743","-7.4217","-16.1682","24.8733","-20.5268","3.2357","1.6820","null","null","null","85.4340","1722","5.4430",531315,519326,457763,474832,605412,446334,543063,596103,621453,491676,"55.0563","null","null","null","null","null","null","null",65,"2","Changeup",5,3,5,3,3,5,5,3,"Infield shift","Standard"
"CH","2018-08-22","86.2","-2.7675","6.3934","Hunter Strickland",642086,519326,"null","ball",,,,,"11","null","R","L","R","NYM","SF","B","null","null",0,0,2018,"-1.1695","1.0538","-1.4270","3.2797","null","null","null",0,8,"Bot","null","null",,,457763,,"180823_013354","5.3758","-125.2035","-3.1377","-12.9937","26.2252","-21.0970","3.1621","1.5345","null","null","null","84.5450","1744","5.3960",531315,519326,457763,474832,605412,446334,543063,596103,621453,491676,"55.1040","null","null","null","null","null","null","null",65,"1","Changeup",5,3,5,3,3,5,5,3,"Infield shift","Standard"
"CU","2018-08-22","82.3","-1.3705","5.9267","Robert Gsellman",446334,607229,"null","ball",,,,,"14","null","R","R","R","NYM","SF","B","null","null",1,2,2018,"0.6084","-0.4905","0.4427","1.3539","null","null","null",2,8,"Top","null","null",,,608700,,"180823_013108","2.9336","-119.7716","-2.8434","5.1654","25.0863","-36.4812","3.6528","1.8049","null","null","null","81.8420","2609","6.1670",531315,607229,608700,642086,643446,453943,595373,624424,457706,430832,"54.3328","null","null","null","null","null","null","null",64,"4","Curveball",5,3,3,5,3,5,3,5,"Standard","Standard"
"SL","2018-08-22","91.8","-1.6252","5.8637","Robert Gsellman",446334,607229,"null","ball",,,,,"14","null","R","R","R","NYM","SF","B","null","null",0,1,2018,"-0.7597","0.4665","1.0817","2.1083","null","null","null",2,8,"Top","null","null",,,608700,,"180823_013028","8.3890","-133.2635","-4.5767","-10.7228","28.6538","-25.9496","3.6773","1.7557","null","null","null","90.9860","2342","5.9300",531315,607229,608700,642086,643446,453943,595373,624424,457706,430832,"54.5696","null","null","null","null","null","null","null",64,"2","Slider",5,3,3,5,3,5,3,5,"Standard","Standard"
"FT","2018-08-22","95.3","-1.2956","6.0371","Robert Gsellman",446334,607229,"null","called_strike",,,,,"5","null","R","R","R","NYM","SF","S","null","null",0,0,2018,"-1.4687","0.9553","-0.2114","2.7185","null","null","null",2,8,"Top","null","null",,,608700,,"180823_013014","6.0513","-138.5085","-5.1247","-19.9904","32.0693","-19.1399","3.6528","1.7557","null","null","null","94.4620","2156","5.9500",531315,607229,608700,642086,643446,453943,595373,624424,457706,430832,"54.5499","null","null","null","null","null","null","null",64,"1","2-Seam Fastball",5,3,3,5,3,5,3,5,"Standard","Standard"
"FT","2018-08-22","96.4","-1.4128","5.9775","Robert Gsellman",474832,607229,"null","ball",,,,,"12","null","R","L","R","NYM","SF","B","null","null",0,1,2018,"-1.6496","0.7208","1.1621","2.4250","null","null","null",1,8,"Top","null","null",,,608700,,"180823_012828","10.4116","-139.8016","-5.3733","-23.6499","32.1317","-21.8929","3.1867","1.6293","null","null","null","95.3160","2188","5.8940",531315,607229,608700,642086,643446,453943,595373,624424,457706,430832,"54.6051","null","null","null","null","null","null","null",63,"2","2-Seam Fastball",5,3,3,5,3,5,3,5,"Infield shift","Standard"
"CU","2018-08-22","84.5","-1.4864","5.9128","Robert Gsellman",457763,607229,"strikeout","called_strike",,,,,"5","Buster Posey called out on strikes.  ","R","R","R","NYM","SF","S",2,"null",2,2,2018,"0.7221","-0.1213","-0.1033","2.3060","null","null","null",0,8,"Top","null","null",,,608700,,"180823_012744","1.8159","-122.6191","-1.7136","6.4016","25.4858","-33.2901","3.3584","1.7312","null","null","null","81.2400","2723","4.3450",531315,607229,608700,642086,643446,453943,595373,624424,457706,430832,"56.1547","null","null","0.00",1,0,0,"null",62,"5","Curveball",5,3,3,5,3,5,3,5,"Standard","Standard"
"CU","2018-08-22","83.4","-1.4534","5.9411","Robert Gsellman",457763,607229,"null","ball",,,,,"14","null","R","R","R","NYM","SF","B","null","null",1,2,2018,"0.6162","-0.5540","1.7625","1.6565","null","null","null",0,8,"Top","null","null",,,608700,,"180823_012729","6.1297","-121.1003","-2.2059","4.5142","26.8955","-37.2463","3.3584","1.5593","null","null","null","81.9420","2760","5.7400",531315,607229,608700,642086,643446,453943,595373,624424,457706,430832,"54.7598","null","null","null","null","null","null","null",62,"4","Curveball",5,3,3,5,3,5,3,5,"Standard","Standard"
"SL","2018-08-22","92.1","-1.5443","5.9618","Robert Gsellman",457763,607229,"null","ball",,,,,"14","null","R","R","R","NYM","SF","B","null","null",0,1,2018,"-0.2658","0.9960","1.7647","1.5375","null","null","null",0,8,"Top","null","null",,,608700,,"180823_012656","8.8760","-133.6242","-7.4337","-4.9949","27.8973","-19.0788","3.3830","1.6329","null","null","null","91.3100","2411","5.9060",531315,607229,608700,642086,643446,453943,595373,624424,457706,430832,"54.5937","null","null","null","null","null","null","null",62,"2","Slider",5,3,3,5,3,5,3,5,"Standard","Standard"
"FT","2018-08-22","94.2","-1.4057","6.0902","Robert Gsellman",457763,607229,"null","called_strike",,,,,"13","null","R","R","R","NYM","SF","S","null","null",0,0,2018,"-1.5811","0.9123","-0.8443","2.3259","null","null","null",0,8,"Top","null","null",,,608700,,"180823_012640","4.8349","-136.9595","-5.9847","-20.5604","30.0607","-19.8534","3.2357","1.5643","null","null","null","93.2460","2161","5.7570",531315,607229,608700,642086,643446,453943,595373,624424,457706,430832,"54.7421","null","null","null","null","null","null","null",62,"1","2-Seam Fastball",5,3,3,5,3,5,3,5,"Standard","Standard"
"FF","2018-08-22","93.0","-2.6887","6.2622","Hunter Strickland",457706,519326,"null","ball",,,,,"11","null","R","R","R","NYM","SF","B","null","null",1,0,2018,"-0.2796","1.4949","-0.8272","4.3869","null","null","624424.00",2,7,"Bot","null","null",,,457763,,"180823_012338","5.2925","-135.0766","-2.1245","-4.5764","32.1857","-14.2200","3.3339","1.6329","null","null","null","91.3790","2461","5.6280",531315,519326,457763,474832,605412,446334,543063,596103,621453,491676,"54.8719","null","null","null","null","null","null","null",61,"2","4-Seam Fastball",5,3,5,3,3,5,5,3,"Standard","Standard"
"FF","2018-08-22","92.6","-3.0719","5.6814","Hunter Strickland",457706,519326,"null","ball",,,,,"12","null","R","R","R","NYM","SF","B","null","null",0,0,2018,"-0.5517","1.4878","1.0359","3.3122","null","null","624424.00",2,7,"Bot","null","null",,,457763,,"180823_012303","11.5473","-134.2536","-3.3405","-9.1700","30.4643","-14.0026","3.3339","1.6329","null","null","null","91.4770","2441","5.9250",531315,519326,457763,474832,605412,446334,543063,596103,621453,491676,"54.5746","null","null","null","null","null","null","null",61,"1","4-Seam Fastball",5,3,5,3,3,5,5,3,"Standard","Standard"
"CH","2018-08-22","87.4","-2.8753","6.2580","Hunter Strickland",624424,519326,"null","ball",,,,,"13","null","R","L","R","NYM","SF","B","null","null",0,1,2018,"-1.4530","0.7812","-0.4261","0.9938","null","null","null",2,7,"Bot","null","null",,,457763,,"180823_012207","8.6909","-126.6033","-7.9091","-17.0916","27.0202","-22.5514","3.2112","1.5593","null","null","null","85.9650","1730","5.7240",531315,519326,457763,474832,605412,446334,543063,596103,621453,491676,"54.7751","null","null","null","null","null","null","null",60,"2","Changeup",5,3,5,3,3,5,5,3,"Infield shift","Standard"
"SL","2018-08-22","78.3","-2.9276","6.0700","Hunter Strickland",453943,519326,"null","called_strike",,,,,"1","null","R","R","R","NYM","SF","S","null","null",1,0,2018,"1.2396","-0.8247","-0.3922","2.9609","null","null","null",2,7,"Bot","null","null",,,457763,,"180823_012037","3.1968","-113.5029","1.7464","9.4214","25.0943","-39.6312","3.1376","1.5837","null","null","null","75.7910","2608","5.1550",531315,519326,457763,474832,605412,446334,543063,596103,621453,491676,"55.3446","null","null","null","null","null","null","null",59,"2","Slider",4,3,4,3,3,4,4,3,"Strategic","Standard"
"FF","2018-08-22","92.8","-2.9989","5.5965","Hunter Strickland",453943,519326,"null","ball",,,,,"12","null","R","R","R","NYM","SF","B","null","null",0,0,2018,"-0.4970","0.9723","0.7183","3.5191","null","null","null",2,7,"Bot","null","null",,,457763,,"180823_012020","10.5410","-134.6809","-1.5535","-8.4637","31.8249","-20.3646","3.2112","1.5345","null","null","null","92.0500","2240","6.1870",531315,519326,457763,474832,605412,446334,543063,596103,621453,491676,"54.3127","null","null","null","null","null","null","null",59,"1","4-Seam Fastball",4,3,4,3,3,4,4,3,"Strategic","Standard"
"FF","2018-08-22","93.2","-3.1654","5.8754","Hunter Strickland",643446,519326,"null","ball",,,,,"13","null","R","L","R","NYM","SF","B","null","null",0,0,2018,"-0.4742","1.1045","-1.5208","2.4147","null","null","null",1,7,"Bot","null","null",,,457763,,"180823_011924","5.2012","-135.4642","-5.4244","-6.9122","31.0361","-17.8577","3.5547","1.8049","null","null","null","92.2140","2289","5.8740",531315,519326,457763,474832,605412,446334,543063,596103,621453,491676,"54.6259","null","null","null","null","null","null","null",58,"1","4-Seam Fastball",4,3,4,3,3,4,4,3,"Standard","Standard"
"FF","2018-08-22","93.1","-2.7879","6.1603","Hunter Strickland",430832,519326,"null","called_strike",,,,,"2","null","R","R","R","NYM","SF","S","null","null",0,0,2018,"-0.2565","1.2259","0.0438","2.8122","null","null","null",0,7,"Bot","null","null",,,457763,,"180823_011807","7.7913","-135.2297","-5.4306","-4.8712","30.4441","-16.2830","2.9903","1.4116","null","null","null","92.5850","2327","6.1560",531315,519326,457763,474832,605412,446334,543063,596103,621453,491676,"54.3436","null","null","null","null","null","null","null",57,"1","4-Seam Fastball",4,3,4,3,3,4,4,3,"Strategic","Standard"
"CU","2018-08-22","72.1","2.7208","5.3909","Jerry Blevins",605412,460283,"null","ball",,,,,"13","null","R","L","L","NYM","SF","B","null","null",2,2,2018,"-1.6404","-0.4584","-1.0683","1.8071","null","488818.00","null",2,7,"Top","null","null",,,608700,,"180823_012210","-4.7364","-104.8242","1.2790","-10.9385","21.4333","-36.0211","3.0885","1.4608","null","null","null","71.5210","2411","6.3730",531315,460283,608700,642086,643446,453943,595373,624424,457706,430832,"54.1266","null","null","null","null","null","null","null",56,"5","Curveball",4,3,3,4,3,4,3,4,"Standard","Standard"
"CU","2018-08-22","71.5","2.8511","5.3661","Jerry Blevins",605412,460283,"null","ball",,,,,"12","null","R","L","L","NYM","SF","B","null","null",0,2,2018,"-1.3376","-0.6366","1.4699","2.5926","null","null","488818.00",2,7,"Top","null","null",,,608700,,"180823_012210","-0.4900","-103.8686","3.2170","-9.3617","19.9988","-37.5614","3.1621","1.5593","null","null","null","70.5720","2322","5.9990",531315,460283,608700,642086,643446,453943,595373,624424,457706,430832,"54.5006","null","null","null","null","null","null","null",56,"3","Curveball",4,3,3,4,3,4,3,4,"Standard","Standard"
"FF","2018-08-22","88.6","2.9006","5.6333","Jerry Blevins",605412,460283,"null","called_strike",,,,,"2","null","R","L","L","NYM","SF","S","null","null",0,0,2018,"0.5902","1.4359","0.1345","3.0815","null","null","488818.00",2,7,"Top","null","null",,,608700,,"180823_012210","-8.0040","-128.7416","-3.1541","8.2634","27.1571","-15.7243","3.2603","1.5100","null","null","null","88.6680","2212","6.4470",531315,460283,608700,642086,643446,453943,595373,624424,457706,430832,"54.0523","null","null","null","null","null","null","null",56,"1","4-Seam Fastball",4,3,3,4,3,4,3,4,"Standard","Standard"
"FF","2018-08-22","96.1","-2.1827","5.8803","Drew Smith",488818,622098,"null","called_strike",,,,,"2","null","R","R","R","NYM","SF","S","null","null",0,0,2018,"-0.2825","1.5060","0.2154","2.9500","null","null","null",1,7,"Top","null","null",,,608700,,"180823_010617","6.9350","-139.6120","-5.4478","-5.3018","33.6632","-11.7578","3.4565","1.6819","null","null","null","95.1700","2259","6.0020",531315,622098,608700,642086,643446,453943,595373,624424,457706,430832,"54.4976","null","null","null","null","null","null","null",54,"1","4-Seam Fastball",4,3,3,4,3,4,3,4,"Standard","Standard"
"CU","2018-08-22","81.7","-2.2126","5.9111","Drew Smith",491676,622098,"null","ball",,,,,"14","null","R","R","R","NYM","SF","B","null","null",1,2,2018,"0.9862","-0.7262","1.2643","0.8465","null","null","null",0,7,"Top","null","null",,,608700,,"180823_010454","5.8685","-118.5138","-3.2360","7.4437","27.6495","-38.2370","3.2847","1.5592","null","null","null","79.2670","2683","5.2780",531315,622098,608700,642086,643446,453943,595373,624424,457706,430832,"55.2211","null","null","null","null","null","null","null",53,"4","Curveball",4,3,3,4,3,4,3,4,"Standard","Standard"
"CU","2018-08-22","81.4","-2.1626","5.9015","Drew Smith",491676,622098,"null","ball",,,,,"14","null","R","R","R","NYM","SF","B","null","null",0,1,2018,"0.9915","-0.8767","0.1922","1.0838","null","null","null",0,7,"Top","null","null",,,608700,,"180823_010414","3.3819","-118.0684","-2.4782","7.9749","24.2954","-39.6627","3.2111","1.5592","null","null","null","78.4150","2745","4.5520",531315,622098,608700,642086,643446,453943,595373,624424,457706,430832,"55.9479","null","null","null","null","null","null","null",53,"2","Curveball",4,3,3,4,3,4,3,4,"Standard","Standard"
"FF","2018-08-22","95.1","-2.2965","5.9174","Drew Smith",596103,622098,"null","ball",,,,,"12","null","R","R","R","NYM","SF","B","null","null",1,0,2018,"-0.3576","1.7601","0.8936","3.0204","null","null","null",0,7,"Top","null","null",,,608700,,"180823_010258","8.9852","-137.7721","-5.5354","-6.7713","36.8124","-9.4889","3.3583","1.5892","null","null","null","92.7360","2346","5.5960",531315,622098,608700,642086,643446,453943,595373,624424,457706,430832,"54.9030","null","null","null","null","null","null","null",52,"2","4-Seam Fastball",4,2,2,4,2,4,2,4,"Standard","Standard"
"FF","2018-08-22","95.0","-2.3508","5.8726","Drew Smith",596103,622098,"null","ball",,,,,"14","null","R","R","R","NYM","SF","B","null","null",0,0,2018,"-0.6240","1.6566","0.0750","1.2138","null","null","null",0,7,"Top","null","null",,,608700,,"180823_010240","7.6620","-137.6596","-9.9809","-9.7280","35.7004","-9.3035","3.3338","1.5892","null","null","null","93.4840","2311","6.0140",531315,622098,608700,642086,643446,453943,595373,624424,457706,430832,"54.4852","null","null","null","null","null","null","null",52,"1","4-Seam Fastball",4,2,2,4,2,4,2,4,"Standard","Standard"
"CU","2018-08-22","81.1","-2.1067","6.2153","Casey Kelly",595373,543391,"null","ball",,,,,"14","null","R","R","R","NYM","SF","B","null","null",0,0,2018,"1.0389","-0.3995","2.0573","1.6342","null","408314.00","null",2,6,"Bot","null","null",,,457763,,"180823_005852","7.2308","-117.5759","-2.6851","7.6060","25.6384","-35.4306","3.4093","1.5836","null","null","null","78.8590","2149","5.2720",531315,543391,457763,474832,605412,446334,543063,596103,621453,491676,"55.2278","null","null","null","null","null","null","null",51,"1","Curveball",4,2,4,2,2,4,4,2,"Standard","Standard"
"SL","2018-08-22","87.8","-2.4208","6.0719","Casey Kelly",408314,543391,"null","ball",,,,,"14","null","R","L","R","NYM","SF","B","null","null",1,2,2018,"0.3347","0.5617","0.5143","0.8706","null","null","null",2,6,"Bot","null","null",,,457763,,"180823_005747","6.3022","-127.3392","-7.3684","2.1343","27.6544","-24.9774","3.0148","1.5099","null","null","null","85.8440","2169","5.3480",531315,543391,457763,474832,605412,446334,543063,596103,621453,491676,"55.1516","null","null","null","null","null","null","null",50,"4","Slider",4,2,4,2,2,4,4,2,"Standard","Standard"
"FT","2018-08-22","91.7","-2.1053","6.1791","Casey Kelly",408314,543391,"null","called_strike",,,,,"7","null","R","L","R","NYM","SF","S","null","null",1,1,2018,"-0.9318","1.2007","-0.3918","1.8543","null","null","null",2,6,"Bot","null","null",,,457763,,"180823_005734","6.1563","-132.9892","-7.3572","-12.0769","30.9746","-17.0310","3.0393","1.5590","null","null","null","89.6780","2120","5.4290",531315,543391,457763,474832,605412,446334,543063,596103,621453,491676,"55.0708","null","null","null","null","null","null","null",50,"3","2-Seam Fastball",4,2,4,2,2,4,4,2,"Standard","Standard"
"CH","2018-08-22","86.4","-2.3127","6.2088","Casey Kelly",408314,543391,"null","called_strike",,,,,"4","null","R","L","R","NYM","SF","S","null","null",1,0,2018,"-1.4840","1.1830","-0.8063","2.0668","null","null","null",2,6,"Bot","null","null",,,457763,,"180823_005720","6.2649","-125.1147","-5.6012","-16.1407","30.0085","-19.5034","3.0148","1.5392","null","null","null","83.2660","1545","4.9190",531315,543391,457763,474832,605412,446334,543063,596103,621453,491676,"55.5809","null","null","null","null","null","null","null",50,"2","Changeup",4,2,4,2,2,4,4,2,"Standard","Standard"
"CH","2018-08-22","85.1","-2.2436","6.0373","Casey Kelly",408314,543391,"null","ball",,,,,"14","null","R","L","R","NYM","SF","B","null","null",0,0,2018,"-1.5438","0.2099","0.3805","0.6755","null","null","null",2,6,"Bot","null","null",,,457763,,"180823_005708","9.0678","-123.2640","-6.4234","-17.3554","28.8405","-28.8860","3.0884","1.5099","null","null","null","83.3530","1496","5.7970",531315,543391,457763,474832,605412,446334,543063,596103,621453,491676,"54.7030","null","null","null","null","null","null","null",50,"1","Changeup",4,2,4,2,2,4,4,2,"Standard","Standard"
"FT","2018-08-22","90.3","-2.1213","6.1234","Casey Kelly",608700,543391,"null","ball",,,,,"14","null","R","R","R","NYM","SF","B","null","null",0,0,2018,"-1.2231","1.0212","0.4161","0.7015","null","null","null",1,6,"Bot","null","null",,,457763,,"180823_005559","8.7115","-130.5907","-9.3381","-15.6645","32.3582","-18.8746","3.3338","1.5892","null","null","null","88.1690","2050","5.7070",531315,543391,457763,474832,605412,446334,543063,596103,621453,491676,"54.7923","null","null","null","null","null","null","null",49,"1","2-Seam Fastball",4,2,4,2,2,4,4,2,"Strategic","Standard"
"FF","2018-08-22","99.4","-0.6284","6.4165","Noah Syndergaard",543063,592789,"strikeout","called_strike",,,,,"14","Brandon Crawford called out on strikes.  ","R","L","R","NYM","SF","S",2,"null",2,2,2018,"-0.7320","1.3017","0.8622","1.9809","null","null","null",2,6,"Top","null","null",,,608700,,"180823_005251","5.7909","-144.3215","-9.7409","-11.5917","34.8141","-11.9183","3.2111","1.5345","null","null","null","99.1200","2357","6.3390",531315,592789,608700,642086,643446,453943,595373,624424,457706,430832,"54.1606","null","null","0.00",1,0,0,"null",47,"8","4-Seam Fastball",4,2,2,4,2,4,2,4,"Standard","Standard"
"CU","2018-08-22","84.5","-0.3941","6.3092","Noah Syndergaard",543063,592789,"null","ball",,,,,"14","null","R","L","R","NYM","SF","B","null","null",1,2,2018,"1.0766","-0.0033","1.7026","0.4035","null","null","null",2,6,"Top","null","null",,,608700,,"180823_005151","2.7348","-122.8001","-7.2306","10.0342","29.5252","-30.7327","3.2356","1.5892","null","null","null","83.6470","2294","6.2920",531315,592789,608700,642086,643446,453943,595373,624424,457706,430832,"54.2078","null","null","null","null","null","null","null",47,"5","Curveball",4,2,2,4,2,4,2,4,"Standard","Standard"
"CH","2018-08-22","90.4","-0.6041","6.2841","Noah Syndergaard",543063,592789,"null","ball",,,,,"13","null","R","L","R","NYM","SF","B","null","null",0,1,2018,"-1.2829","0.9405","-0.9327","2.0203","null","null","null",2,6,"Top","null","null",,,608700,,"180823_005049","1.9605","-131.4572","-6.5935","-15.2426","34.6717","-19.8894","3.4074","1.7556","null","null","null","89.9480","1552","6.6130",531315,592789,608700,642086,643446,453943,595373,624424,457706,430832,"53.8869","null","null","null","null","null","null","null",47,"2","Changeup",4,2,2,4,2,4,2,4,"Standard","Standard"
"SI","2018-08-22","97.7","-0.3599","6.4785","Noah Syndergaard",446334,592789,"null","called_strike",,,,,"9","null","R","R","R","NYM","SF","S","null","null",2,1,2018,"-1.3319","0.8378","0.6447","2.2554","null","null","null",1,6,"Top","null","null",,,608700,,"180823_004927","5.7797","-141.9681","-7.7372","-19.3413","35.8821","-19.2068","3.5791","1.7311","null","null","null","97.2970","2117","6.3760",531315,592789,608700,642086,643446,453943,595373,624424,457706,430832,"54.1239","null","null","null","null","null","null","null",46,"4","Sinker",4,2,2,4,2,4,2,4,"Standard","Standard"
"SL","2018-08-22","90.4","-0.4209","6.4053","Noah Syndergaard",446334,592789,"null","ball",,,,,"14","null","R","R","R","NYM","SF","B","null","null",1,1,2018,"0.1422","0.7342","1.8129","1.1085","null","null","null",1,6,"Top","null","null",,,608700,,"180823_004910","5.2768","-131.4198","-8.8153","0.4805","29.1338","-21.9175","3.6036","1.6573","null","null","null","90.4800","1989","6.4950",531315,592789,608700,642086,643446,453943,595373,624424,457706,430832,"54.0041","null","null","null","null","null","null","null",46,"3","Slider",4,2,2,4,2,4,2,4,"Standard","Standard"
"SI","2018-08-22","97.8","-0.4990","6.5523","Noah Syndergaard",446334,592789,"null","ball",,,,,"13","null","R","R","R","NYM","SF","B","null","null",0,1,2018,"-1.4321","0.8600","-1.1009","1.7999","null","null","null",1,6,"Top","null","null",,,608700,,"180823_004853","1.6863","-142.1427","-9.2446","-19.7116","35.6856","-18.5029","3.6282","1.6082","null","null","null","97.4610","2069","6.3810",531315,592789,608700,642086,643446,453943,595373,624424,457706,430832,"54.1186","null","null","null","null","null","null","null",46,"2","Sinker",4,2,2,4,2,4,2,4,"Standard","Standard"
"CU","2018-08-22","84.1","-0.4870","6.4165","Noah Syndergaard",446334,592789,"null","called_strike",,,,,"5","null","R","R","R","NYM","SF","S","null","null",0,0,2018,"0.8207","0.0685","-0.1859","2.8342","null","null","null",1,6,"Top","null","null",,,608700,,"180823_004836","-0.9196","-122.6065","-2.1094","8.4441","22.9620","-31.2984","3.6772","1.6328","null","null","null","84.3400","2294","6.2250",531315,592789,608700,642086,643446,453943,595373,624424,457706,430832,"54.2742","null","null","null","null","null","null","null",46,"1","Curveball",4,2,2,4,2,4,2,4,"Standard","Standard"
"CU","2018-08-22","81.1","-2.2623","6.2496","Casey Kelly",457706,543391,"null","called_strike",,,,,"4","null","R","R","R","NYM","SF","S","null","null",0,0,2018,"0.1456","-0.7346","-0.6353","2.4688","null","null","null",2,5,"Bot","null","null",,,457763,,"180823_004519","3.2832","-117.6477","-0.2989","0.5038","27.4954","-38.8645","3.3829","1.5592","null","null","null","78.3340","1984","5.0470",531315,543391,457763,474832,605412,446334,543063,596103,621453,491676,"55.4524","null","null","null","null","null","null","null",44,"1","Curveball",4,2,4,2,2,4,4,2,"Standard","Standard"
"SL","2018-08-22","85.7","-2.3117","6.1485","Casey Kelly",453943,543391,"null","called_strike",,,,,"1","null","R","R","R","NYM","SF","S","null","null",2,1,2018,"0.2556","0.5299","-0.6701","2.9538","null","null","null",0,5,"Bot","null","null",,,457763,,"180823_004241","3.3105","-124.4241","-2.1397","1.7486","29.2970","-26.7446","3.1866","1.4607","null","null","null","83.4100","2134","5.2970",531315,543391,457763,474832,605412,446334,543063,596103,621453,491676,"55.2022","null","null","null","null","null","null","null",42,"4","Slider",4,2,4,2,2,4,4,2,"Strategic","Standard"
"CU","2018-08-22","78.6","-2.2125","6.2655","Casey Kelly",453943,543391,"null","ball",,,,,"14","null","R","R","R","NYM","SF","B","null","null",1,1,2018,"0.8255","-0.7816","0.2531","1.3545","null","null","null",0,5,"Bot","null","null",,,457763,,"180823_004226","3.7548","-113.5796","-1.7883","5.3835","34.5385","-38.2652","3.0639","1.6082","null","null","null","74.4060","2102","5.1620",531315,543391,457763,474832,605412,446334,543063,596103,621453,491676,"55.3377","null","null","null","null","null","null","null",42,"3","Curveball",4,2,4,2,2,4,4,2,"Strategic","Standard"
"CH","2018-08-22","85.2","-2.3703","6.1253","Casey Kelly",453943,543391,"null","ball",,,,,"14","null","R","R","R","NYM","SF","B","null","null",0,1,2018,"-1.5178","1.3048","0.2027","0.4022","null","null","null",0,5,"Bot","null","null",,,457763,,"180823_004215","8.8355","-123.1066","-9.2763","-16.9352","29.9615","-17.5166","3.2356","1.5992","null","null","null","82.7850","1587","5.5970",531315,543391,457763,474832,605412,446334,543063,596103,621453,491676,"54.9028","null","null","null","null","null","null","null",42,"2","Changeup",4,2,4,2,2,4,4,2,"Strategic","Standard"
"CU","2018-08-22","79.3","-2.2522","6.2449","Casey Kelly",453943,543391,"null","called_strike",,,,,"3","null","R","R","R","NYM","SF","S","null","null",0,0,2018,"1.0154","-0.5770","0.6286","2.6698","null","null","null",0,5,"Bot","null","null",,,457763,,"180823_004158","4.3782","-115.1535","0.0698","7.7391","23.4092","-37.3902","3.1620","1.4115","null","null","null","77.3390","2156","5.2210",531315,543391,457763,474832,605412,446334,543063,596103,621453,491676,"55.2789","null","null","null","null","null","null","null",42,"1","Curveball",4,2,4,2,2,4,4,2,"Strategic","Standard"
"SI","2018-08-22","98.1","-0.2773","6.4476","Noah Syndergaard",457763,592789,"null","called_strike",,,,,"1","null","R","R","R","NYM","SF","S","null","null",2,0,2018,"-0.9452","0.9669","-0.4156","2.9748","null","null","605412.00",2,5,"Top","null","null",,,608700,,"180823_003838","1.8471","-142.9145","-6.2918","-13.5779","29.0813","-17.5642","3.3829","1.5592","null","null","null","99.3370","2154","6.6530",531315,592789,608700,642086,643446,453943,595373,624424,457706,430832,"53.8463","null","null","null","null","null","null","null",41,"3","Sinker",4,2,2,4,2,4,2,4,"Standard","Standard"
"SI","2018-08-22","97.7","-0.3818","6.3744","Noah Syndergaard",457763,592789,"null","ball",,,,,"11","null","R","R","R","NYM","SF","B","null","null",1,0,2018,"-0.9326","0.8606","-0.8791","3.1008","null","null","605412.00",2,5,"Top","null","null",,,608700,,"180823_003815","0.8340","-142.3571","-5.4337","-13.0899","28.7166","-19.3306","3.2847","1.5592","null","null","null","98.9360","2133","6.6360",531315,592789,608700,642086,643446,453943,595373,624424,457706,430832,"53.8633","null","null","null","null","null","null","null",41,"2","Sinker",4,2,2,4,2,4,2,4,"Standard","Standard"
"SL","2018-08-22","92.2","-0.5504","6.3254","Noah Syndergaard",457763,592789,"null","ball",,,,,"14","null","R","R","R","NYM","SF","B","null","null",0,0,2018,"0.0553","0.6603","0.5068","1.2632","null","null","605412.00",2,5,"Top","null","null",,,608700,,"180823_003756","2.5787","-134.2498","-8.6256","0.2264","23.7018","-22.6811","3.3583","1.5592","null","null","null","93.3260","2133","6.5120",531315,592789,608700,642086,643446,453943,595373,624424,457706,430832,"53.9877","null","null","null","null","null","null","null",41,"1","Slider",4,2,2,4,2,4,2,4,"Standard","Standard"
"CH","2018-08-22","91.4","-0.4887","6.2191","Noah Syndergaard",621453,592789,"null","ball",,,,,"14","null","R","L","R","NYM","SF","B","null","null",2,2,2018,"-1.0387","0.7774","0.6884","0.7884","null","null","null",1,5,"Top","null","null",,,608700,,"180823_003620","5.3308","-132.9535","-9.7147","-13.7339","24.7959","-20.9826","3.3093","1.5836","null","null","null","93.1170","1595","7.0360",531315,592789,608700,642086,643446,453943,595373,624424,457706,430832,"53.4633","null","null","null","null","null","null","null",39,"7","Changeup",4,2,2,4,2,4,2,4,"Standard","Standard"
"CH","2018-08-22","91.0","-0.3895","6.2630","Noah Syndergaard",621453,592789,"null","ball",,,,,"7","null","R","L","R","NYM","SF","B","null","null",1,2,2018,"-1.2163","0.6280","-0.6251","1.6004","null","null","null",1,5,"Top","null","null",,,608700,,"180823_003600","2.1327","-132.5426","-7.3433","-15.2386","26.6409","-23.2144","3.3583","1.6819","null","null","null","92.7670","1613","7.1560",531315,592789,608700,642086,643446,453943,595373,624424,457706,430832,"53.3433","null","null","null","null","null","null","null",39,"6","Changeup",4,2,2,4,2,4,2,4,"Standard","Standard"
"CU","2018-08-22","84.1","-0.4955","6.3232","Noah Syndergaard",621453,592789,"null","ball",,,,,"14","null","R","L","R","NYM","SF","B","null","null",0,2,2018,"0.6697","-0.1278","0.1195","1.6502","null","null","null",1,5,"Top","null","null",,,608700,,"180823_003518","0.0974","-122.5928","-4.3103","6.8211","21.0728","-32.9210","3.4693","1.7802","null","null","null","84.9210","2248","6.4370",531315,592789,608700,642086,643446,453943,595373,624424,457706,430832,"54.0628","null","null","null","null","null","null","null",39,"4","Curveball",4,2,2,4,2,4,2,4,"Standard","Standard"
"CU","2018-08-22","84.0","-0.4248","6.3534","Noah Syndergaard",621453,592789,"null","called_strike",,,,,"9","null","R","L","R","NYM","SF","S","null","null",0,0,2018,"0.5164","0.0072","0.3114","2.0827","null","null","null",1,5,"Top","null","null",,,608700,,"180823_003413","0.6865","-122.3740","-3.5616","5.0719","22.7507","-31.6446","3.4074","1.5892","null","null","null","84.3010","2191","6.2930",531315,592789,608700,642086,643446,453943,595373,624424,457706,430832,"54.2063","null","null","null","null","null","null","null",39,"1","Curveball",4,2,2,4,2,4,2,4,"Standard","Standard"
"FF","2018-08-22","97.2","-0.5390","6.5276","Noah Syndergaard",543391,592789,"null","called_strike",,,,,"3","null","R","R","R","NYM","SF","S","null","null",0,0,2018,"-0.6619","0.9584","0.5818","2.8856","null","null","null",0,5,"Top","null","null",,,608700,,"180823_003257","4.5109","-141.4619","-6.4448","-9.8674","30.5555","-18.1120","3.3829","1.6328","null","null","null","97.3840","2186","6.2660",531315,592789,608700,642086,643446,453943,595373,624424,457706,430832,"54.2334","null","null","null","null","null","null","null",38,"1","4-Seam Fastball",4,2,2,4,2,4,2,4,"Standard","Standard"
"CH","2018-08-22","87.0","-2.1517","6.1682","Casey Kelly",643446,543391,"null","ball",,,,,"11","null","R","L","R","NYM","SF","B","null","null",0,0,2018,"-1.0174","0.9763","-1.7407","3.4148","null","null","null",2,4,"Bot","null","null",,,457763,,"180823_003018","2.9605","-126.5857","-2.3624","-11.2360","24.8143","-21.7341","3.5546","1.7311","null","null","null","85.9230","1570","5.5130",531315,543391,457763,474832,605412,446334,543063,596103,621453,491676,"54.9864","null","null","null","null","null","null","null",37,"1","Changeup",4,2,4,2,2,4,4,2,"Standard","Standard"
"CU","2018-08-22","83.2","-2.2381","6.1505","Casey Kelly",430832,543391,"null","ball",,,,,"14","null","R","R","R","NYM","SF","B","null","null",0,2,2018,"0.4330","-0.6694","1.7392","0.3136","null","null","null",2,4,"Bot","null","null",,,457763,,"180823_002904","8.1364","-120.6796","-5.5286","2.5277","23.2296","-37.7010","3.3583","1.6328","null","null","null","81.6260","2196","5.3800",531315,543391,457763,474832,605412,446334,543063,596103,621453,491676,"55.1193","null","null","null","null","null","null","null",36,"3","Curveball",3,2,3,2,2,3,3,2,"Infield shift","Standard"
"CU","2018-08-22","83.2","-2.0294","6.2235","Casey Kelly",595373,543391,"null","ball",,,,,"14","null","R","R","R","NYM","SF","B","null","null",2,2,2018,"0.4336","-0.6875","0.2143","0.7133","null","null","null",1,4,"Bot","null","null",,,457763,,"180823_002741","4.2365","-120.8486","-4.7922","3.2882","22.8743","-38.0190","3.3583","1.5592","null","null","null","81.5230","2086","5.1900",531315,543391,457763,474832,605412,446334,543063,596103,621453,491676,"55.3091","null","null","null","null","null","null","null",35,"5","Curveball",3,2,3,2,2,3,3,2,"Standard","Standard"
"FF","2018-08-22","92.2","-2.0424","6.1426","Casey Kelly",595373,543391,"null","ball",,,,,"9","null","R","R","R","NYM","SF","B","null","null",1,2,2018,"-0.6264","1.2734","0.6768","1.5328","null","null","null",1,4,"Bot","null","null",,,457763,,"180823_002724","8.1199","-133.7860","-8.5029","-8.9564","25.3677","-15.7026","3.4565","1.5590","null","null","null","91.4020","2186","5.6950",531315,543391,457763,474832,605412,446334,543063,596103,621453,491676,"54.8046","null","null","null","null","null","null","null",35,"4","4-Seam Fastball",3,2,3,2,2,3,3,2,"Standard","Standard"
"SL","2018-08-22","87.8","-2.2655","6.1790","Casey Kelly",595373,543391,"null","called_strike",,,,,"1","null","R","R","R","NYM","SF","S","null","null",1,1,2018,"0.2082","0.5296","-0.5751","3.5135","null","null","null",1,4,"Bot","null","null",,,457763,,"180823_002709","3.6124","-127.7608","-1.4427","1.5681","23.0812","-26.4983","3.5055","1.5590","null","null","null","86.7360","2175","5.3380",531315,543391,457763,474832,605412,446334,543063,596103,621453,491676,"55.1613","null","null","null","null","null","null","null",35,"3","Slider",3,2,3,2,2,3,3,2,"Standard","Standard"
"CU","2018-08-22","82.5","-2.2318","6.2365","Casey Kelly",595373,543391,"null","ball",,,,,"14","null","R","R","R","NYM","SF","B","null","null",0,1,2018,"0.6677","-0.2912","1.0967","1.4326","null","null","null",1,4,"Bot","null","null",,,457763,,"180823_002654","6.2088","-119.8233","-3.7674","4.9987","23.8752","-34.4081","3.3829","1.6819","null","null","null","81.1170","2220","5.5240",531315,543391,457763,474832,605412,446334,543063,596103,621453,491676,"54.9754","null","null","null","null","null","null","null",35,"2","Curveball",3,2,3,2,2,3,3,2,"Standard","Standard"
"CU","2018-08-22","81.3","-2.1890","6.2141","Casey Kelly",595373,543391,"null","called_strike",,,,,"8","null","R","R","R","NYM","SF","S","null","null",0,0,2018,"0.8099","-0.5192","0.1599","1.7788","null","null","null",1,4,"Bot","null","null",,,457763,,"180823_002642","3.7016","-118.1868","-2.3271","6.6405","22.6103","-36.7027","3.4074","1.5592","null","null","null","79.9570","2238","5.4260",531315,543391,457763,474832,605412,446334,543063,596103,621453,491676,"55.0738","null","null","null","null","null","null","null",35,"1","Curveball",3,2,3,2,2,3,3,2,"Standard","Standard"
"FF","2018-08-22","90.8","-2.3656","6.2384","Casey Kelly",592789,543391,"null","ball",,,,,"13","null","R","L","R","NYM","SF","B","null","null",0,2,2018,"-0.4165","1.2691","-0.2776","1.6095","null","null","null",0,4,"Bot","null","null",,,457763,,"180823_002558","5.9986","-131.8124","-8.2173","-5.9092","25.0848","-16.3093","3.4319","1.8785","null","null","null","89.8570","2187","5.6090",531315,543391,457763,474832,605412,446334,543063,596103,621453,491676,"54.8900","null","null","null","null","null","null","null",34,"3","4-Seam Fastball",3,2,3,2,2,3,3,2,"Standard","Standard"
"SI","2018-08-22","98.8","-0.3150","6.3805","Noah Syndergaard",596103,592789,"null","ball",,,,,"13","null","R","R","R","NYM","SF","B","null","null",0,2,2018,"-1.3897","0.6444","-1.2150","2.3429","null","446334.00","543063.00",1,4,"Top","null","null",,,608700,,"180823_002133","0.8444","-144.0274","-7.2561","-20.0359","28.5338","-21.6869","3.3338","1.5892","null","null","null","100.5220","2181","6.8100",531315,592789,608700,642086,643446,453943,595373,624424,457706,430832,"53.6892","null","null","null","null","null","null","null",32,"3","Sinker",3,2,2,3,2,3,2,3,"Standard","Standard"
"SI","2018-08-22","97.3","-0.3940","6.3514","Noah Syndergaard",596103,592789,"null","called_strike",,,,,"8","null","R","R","R","NYM","SF","S","null","null",0,0,2018,"-0.9478","1.0062","0.2614","2.0867","null","446334.00","543063.00",1,4,"Top","null","null",,,608700,,"180823_002046","3.9897","-141.6944","-8.4035","-13.8435","27.5784","-16.8335","3.2845","1.5891","null","null","null","98.7040","2156","6.7030",531315,592789,608700,642086,643446,453943,595373,624424,457706,430832,"53.7962","null","null","null","null","null","null","null",32,"1","Sinker",3,2,2,3,2,3,2,3,"Standard","Standard"
"FF","2018-08-22","97.6","-0.6215","6.3476","Noah Syndergaard",543063,592789,"walk","ball",,,,,"12","Brandon Crawford walks.   Evan Longoria to 2nd.  ","R","L","R","NYM","SF","B","null","null",3,1,2018,"-0.6259","1.0873","0.4259","4.3166","null","null","446334.00",1,4,"Top","null","null",,,608700,,"180823_001930","4.3002","-142.2414","-2.5704","-9.5171","29.0177","-16.8211","3.2600","1.6080","null","null","null","98.7460","2163","6.5990",531315,592789,608700,642086,643446,453943,595373,624424,457706,430832,"53.9005","null","null","0.70",1,0,0,"null",31,"5","4-Seam Fastball",3,2,2,3,2,3,2,3,"Standard","Standard"
"SI","2018-08-22","96.2","-0.3851","6.3100","Noah Syndergaard",543063,592789,"null","called_strike",,,,,"7","null","R","L","R","NYM","SF","S","null","null",3,0,2018,"-1.4438","0.6481","-0.5925","1.7845","null","null","446334.00",1,4,"Top","null","null",,,608700,,"180823_001905","2.8092","-140.1524","-8.0581","-20.0520","28.7354","-21.9522","3.2354","1.5097","null","null","null","97.6280","2060","6.8240",531315,592789,608700,642086,643446,453943,595373,624424,457706,430832,"53.6750","null","null","null","null","null","null","null",31,"4","Sinker",3,2,2,3,2,3,2,3,"Standard","Standard"
"FF","2018-08-22","96.4","-0.5573","6.3981","Noah Syndergaard",543063,592789,"null","ball",,,,,"11","null","R","L","R","NYM","SF","B","null","null",2,0,2018,"-0.6625","1.0870","-0.5505","3.8740","null","null","446334.00",1,4,"Top","null","null",,,608700,,"180823_001839","1.5422","-140.5007","-3.7012","-9.2077","29.2538","-17.0099","3.2600","1.5891","null","null","null","97.3320","2195","6.5490",531315,592789,608700,642086,643446,453943,595373,624424,457706,430832,"53.9503","null","null","null","null","null","null","null",31,"3","4-Seam Fastball",3,2,2,3,2,3,2,3,"Standard","Standard"
"SI","2018-08-22","95.7","-0.4509","6.3932","Noah Syndergaard",543063,592789,"null","ball",,,,,"13","null","R","L","R","NYM","SF","B","null","null",1,0,2018,"-1.3075","0.7809","-0.9646","1.6889","null","null","446334.00",1,4,"Top","null","null",,,608700,,"180823_001816","1.6601","-139.3348","-8.7251","-17.7610","28.6667","-20.1496","3.3091","1.6080","null","null","null","97.0180","2036","6.8210",531315,592789,608700,642086,643446,453943,595373,624424,457706,430832,"53.6790","null","null","null","null","null","null","null",31,"2","Sinker",3,2,2,3,2,3,2,3,"Standard","Standard"
"SL","2018-08-22","89.9","-0.8155","6.4593","Noah Syndergaard",543063,592789,"null","ball",,,,,"11","null","R","L","R","NYM","SF","B","null","null",0,0,2018,"0.0617","0.6481","-1.6836","3.2058","null","null","446334.00",1,4,"Top","null","null",,,608700,,"180823_001753","-2.3042","-131.1502","-3.6491","1.1147","21.8750","-24.0477","3.2845","1.5891","null","null","null","91.4950","2051","6.6460",531315,592789,608700,642086,643446,453943,595373,624424,457706,430832,"53.8532","null","null","null","null","null","null","null",31,"1","Slider",3,2,2,3,2,3,2,3,"Standard","Standard"
"SL","2018-08-22","93.3","-0.3882","6.3784","Noah Syndergaard",446334,592789,"null","ball",,,,,"14","null","R","R","R","NYM","SF","B","null","null",2,2,2018,"0.1366","0.6473","1.6078","1.4152","null","null","null",1,4,"Top","null","null",,,608700,,"180823_001546","4.8409","-135.7321","-8.5292","0.8295","24.7382","-22.6858","3.6034","1.6572","null","null","null","94.0820","2086","6.3910",531315,592789,608700,642086,643446,453943,595373,624424,457706,430832,"54.1088","null","null","null","null","null","null","null",30,"5","Slider",3,2,2,3,2,3,2,3,"Infield shift","Standard"
"SL","2018-08-22","92.9","-0.4599","6.4054","Noah Syndergaard",446334,592789,"null","ball",,,,,"9","null","R","R","R","NYM","SF","B","null","null",1,0,2018,"0.0349","0.5235","0.4856","1.6387","null","null","null",1,4,"Top","null","null",,,608700,,"180823_001440","2.3478","-135.2364","-7.6722","0.0083","24.5137","-24.4623","3.5298","1.7309","null","null","null","93.6570","2033","6.3400",531315,592789,608700,642086,643446,453943,595373,624424,457706,430832,"54.1597","null","null","null","null","null","null","null",30,"2","Slider",3,2,2,3,2,3,2,3,"Standard","Standard"
"SL","2018-08-22","93.2","-0.5784","6.3817","Noah Syndergaard",446334,592789,"null","ball",,,,,"14","null","R","R","R","NYM","SF","B","null","null",0,0,2018,"0.2382","0.6020","1.4886","2.0817","null","null","null",1,4,"Top","null","null",,,608700,,"180823_001423","4.8020","-135.7441","-6.7350","2.1364","24.1552","-23.5896","3.7015","1.7554","null","null","null","94.1890","2106","6.4040",531315,592789,608700,642086,643446,453943,595373,624424,457706,430832,"54.0950","null","null","null","null","null","null","null",30,"1","Slider",3,2,2,3,2,3,2,3,"Standard","Standard"
"SI","2018-08-22","99.3","-0.5647","6.3696","Noah Syndergaard",474832,592789,"null","ball",,,,,"11","null","R","L","R","NYM","SF","B","null","null",2,2,2018,"-1.0840","0.8151","-0.3471","3.6564","null","null","null",0,4,"Top","null","null",,,608700,,"180823_001329","3.1420","-144.7035","-4.0420","-16.0601","27.7925","-19.9492","3.1373","1.6080","null","null","null","100.3720","2006","6.4080",531315,592789,608700,642086,643446,453943,595373,624424,457706,430832,"54.0911","null","null","null","null","null","null","null",29,"8","Sinker",3,2,2,3,2,3,2,3,"Infield shift","Standard"
"FF","2018-08-22","99.1","-0.1852","6.5173","Noah Syndergaard",474832,592789,"null","ball",,,,,"11","null","R","L","R","NYM","SF","B","null","null",1,2,2018,"-0.6712","1.1399","-1.0837","3.0373","null","null","null",0,4,"Top","null","null",,,608700,,"180823_001220","-0.8831","-144.3763","-6.8649","-9.3322","30.3648","-14.7509","3.2109","1.6326","null","null","null","100.0790","2100","6.5490",531315,592789,608700,642086,643446,453943,595373,624424,457706,430832,"53.9506","null","null","null","null","null","null","null",29,"5","4-Seam Fastball",3,2,2,3,2,3,2,3,"Infield shift","Standard"
"SI","2018-08-22","98.4","-0.6554","6.4114","Noah Syndergaard",474832,592789,"null","ball",,,,,"12","null","R","L","R","NYM","SF","B","null","null",0,2,2018,"-1.0923","0.8746","0.0209","3.6474","null","null","null",0,4,"Top","null","null",,,608700,,"180823_001129","4.3956","-143.3596","-4.1447","-16.1469","30.4662","-19.3039","3.2354","1.6080","null","null","null","99.1690","1966","6.4710",531315,592789,608700,642086,643446,453943,595373,624424,457706,430832,"54.0288","null","null","null","null","null","null","null",29,"3","Sinker",3,2,2,3,2,3,2,3,"Infield shift","Standard"
"CH","2018-08-22","86.4","-2.3328","6.1997","Casey Kelly",642086,543391,"null","ball",,,,,"13","null","R","L","R","NYM","SF","B","null","null",0,0,2018,"-1.1600","0.8549","-1.0394","2.3857","null","null","null",1,3,"Bot","null","null",,,457763,,"180823_000643","5.3172","-125.6092","-4.5418","-13.0682","23.7685","-22.6565","3.2600","1.6572","null","null","null","85.6370","1433","5.7010",531315,543391,457763,474832,605412,446334,543063,596103,621453,491676,"54.7981","null","null","null","null","null","null","null",27,"1","Changeup",3,2,3,2,2,3,3,2,"Infield shift","Standard"
"CU","2018-08-22","80.8","-2.1324","6.3675","Casey Kelly",457706,543391,"null","ball",,,,,"14","null","R","R","R","NYM","SF","B","null","null",0,1,2018,"0.2572","-0.3286","0.7070","1.3031","null","null","null",0,3,"Bot","null","null",,,457763,,"180823_000552","5.7491","-117.5255","-4.0229","1.3293","20.2279","-34.6845","3.4091","1.5591","null","null","null","79.7220","2185","5.3620",531315,543391,457763,474832,605412,446334,543063,596103,621453,491676,"55.1380","null","null","null","null","null","null","null",26,"2","Curveball",3,2,3,2,2,3,3,2,"Standard","Standard"
"CH","2018-08-22","87.7","-2.0950","6.4115","Casey Kelly",457706,543391,"null","called_strike",,,,,"8","null","R","R","R","NYM","SF","S","null","null",0,0,2018,"-0.9975","1.2542","0.2213","1.9664","null","null","null",0,3,"Bot","null","null",,,457763,,"180823_000539","7.5324","-127.3470","-7.1221","-12.1143","23.2071","-17.5853","3.4091","1.5591","null","null","null","87.1700","2069","5.8200",531315,543391,457763,474832,605412,446334,543063,596103,621453,491676,"54.6793","null","null","null","null","null","null","null",26,"1","Changeup",3,2,3,2,2,3,3,2,"Standard","Standard"
"FF","2018-08-22","97.4","-0.4208","6.6601","Noah Syndergaard",491676,592789,"null","ball",,,,,"11","null","R","R","R","NYM","SF","B","null","null",2,2,2018,"-0.5351","1.0066","-1.3984","2.5752","null","null","596103.00",0,3,"Top","null","null",,,608700,,"180822_235655","-1.4007","-141.7595","-7.8128","-6.9655","29.4403","-17.0977","3.3091","1.5591","null","null","null","97.8470","1987","6.3260",531315,592789,608700,642086,643446,453943,595373,624424,457706,430832,"54.1732","null","null","null","null","null","null","null",21,"5","4-Seam Fastball",3,0,0,3,0,3,0,3,"Standard","Standard"
"FF","2018-08-22","96.8","-0.5195","6.5916","Noah Syndergaard",491676,592789,"null","ball",,,,,"11","null","R","R","R","NYM","SF","B","null","null",1,1,2018,"-0.5938","1.2113","-1.4392","3.7731","null","null","596103.00",0,3,"Top","null","null",,,608700,,"180822_235551","-1.0934","-141.1317","-4.8686","-7.8396","30.0493","-14.8537","3.3091","1.5591","null","null","null","97.9920","2108","6.7110",531315,592789,608700,642086,643446,453943,595373,624424,457706,430832,"53.7889","null","null","null","null","null","null","null",21,"3","4-Seam Fastball",3,0,0,3,0,3,0,3,"Standard","Standard"
"FF","2018-08-22","96.9","-0.5369","6.5920","Noah Syndergaard",491676,592789,"null","ball",,,,,"12","null","R","R","R","NYM","SF","B","null","null",0,0,2018,"-0.4531","1.3284","0.0116","4.1129","null","null","596103.00",0,3,"Top","null","null",,,608700,,"180822_235444","2.5103","-141.1129","-4.1692","-6.6330","30.2380","-13.6088","3.3091","1.5591","null","null","null","97.4530","2055","6.4300",531315,592789,608700,642086,643446,453943,595373,624424,457706,430832,"54.0699","null","null","null","null","null","null","null",21,"1","4-Seam Fastball",3,0,0,3,0,3,0,3,"Standard","Standard"
"SI","2018-08-22","98.4","-0.3867","6.4791","Noah Syndergaard",596103,592789,"null","ball",,,,,"13","null","R","R","R","NYM","SF","B","null","null",0,1,2018,"-1.0625","0.9806","-0.5102","1.2656","null","null","null",0,3,"Top","null","null",,,608700,,"180822_235330","2.1579","-143.1025","-11.1064","-15.3224","27.5815","-16.4438","3.3336","1.5891","null","null","null","99.5710","2077","6.6050",531315,592789,608700,642086,643446,453943,595373,624424,457706,430832,"53.8949","null","null","null","null","null","null","null",20,"2","Sinker",3,0,0,3,0,3,0,3,"Standard","Standard"
"FF","2018-08-22","97.5","-0.4636","6.6014","Noah Syndergaard",596103,592789,"null","called_strike",,,,,"3","null","R","R","R","NYM","SF","S","null","null",0,0,2018,"-0.4427","1.2005","0.6387","3.0243","null","null","null",0,3,"Top","null","null",,,608700,,"180822_235313","3.9972","-141.9772","-6.9573","-6.8729","29.0261","-14.5153","3.2600","1.5891","null","null","null","98.2930","2047","6.4570",531315,592789,608700,642086,643446,453943,595373,624424,457706,430832,"54.0423","null","null","null","null","null","null","null",20,"1","4-Seam Fastball",3,0,0,3,0,3,0,3,"Standard","Standard"
"SL","2018-08-22","87.4","-2.1857","6.1718","Casey Kelly",624424,543391,"null","ball",,,,,"11","null","R","L","R","NYM","SF","B","null","null",0,2,2018,"0.2549","0.5345","-1.7275","2.4629","643446.00","453943.00","null",2,2,"Bot","null","null",,,457763,,"180822_234910","0.5871","-127.2435","-3.8896","2.6147","23.2297","-25.9814","3.1618","1.5591","null","null","null","86.7860","2211","5.6250",531315,543391,457763,474832,605412,446334,543063,596103,621453,491676,"54.8740","null","null","null","null","null","null","null",19,"3","Slider",3,0,3,0,0,3,3,0,"Standard","Standard"
"FT","2018-08-22","91.6","-1.9527","6.1682","Casey Kelly",453943,543391,"null","called_strike",,,,,"3","null","R","R","R","NYM","SF","S","null","null",1,0,2018,"-1.0744","0.8381","0.7174","2.8401","null","430832.00","643446.00",2,2,"Bot","null","null",,,457763,,"180822_234517","8.9539","-132.9533","-4.2313","-14.5465","29.9567","-21.6933","3.1373","1.4359","null","null","null","90.6690","2111","5.9790",531315,543391,457763,474832,605412,446334,543063,596103,621453,491676,"54.5205","null","null","null","null","null","null","null",18,"2","2-Seam Fastball",2,0,2,0,0,2,2,0,"Standard","Standard"
"CU","2018-08-22","81.4","-2.1053","6.2432","Casey Kelly",453943,543391,"null","ball",,,,,"8","null","R","R","R","NYM","SF","B","null","null",0,0,2018,"0.3409","-0.5194","0.1059","1.4243","null","430832.00","643446.00",2,2,"Bot","null","null",,,457763,,"180822_234454","4.2572","-118.3061","-3.1377","2.2107","24.3923","-36.5120","3.1373","1.5097","null","null","null","79.8700","2109","5.4820",531315,543391,457763,474832,605412,446334,543063,596103,621453,491676,"55.0172","null","null","null","null","null","null","null",18,"1","Curveball",2,0,2,0,0,2,2,0,"Standard","Standard"
"FT","2018-08-22","90.8","-2.1486","6.1558","Casey Kelly",643446,543391,"null","ball",,,,,"13","null","R","L","R","NYM","SF","B","null","null",2,0,2018,"-1.1336","0.6597","-1.3501","2.3062","595373.00","null","430832.00",2,2,"Bot","null","null",,,457763,,"180822_234339","4.3890","-132.1041","-5.1002","-14.1030","28.1816","-23.6500","3.4808","1.6572","null","null","null","90.5150","1923","6.1290",531315,543391,457763,474832,605412,446334,543063,596103,621453,491676,"54.3709","null","null","null","null","null","null","null",17,"3","2-Seam Fastball",1,0,1,0,0,1,1,0,"Standard","Standard"
"FF","2018-08-22","90.2","-2.0024","6.2509","Casey Kelly",643446,543391,"null","ball",,,,,"12","null","R","L","R","NYM","SF","B","null","null",1,0,2018,"-0.4417","1.1597","0.4937","4.3256","595373.00","null","430832.00",2,2,"Bot","null","null",,,457763,,"180822_234317","7.0912","-131.1951","-1.2962","-6.4527","25.5839","-18.8251","3.4317","1.8292","null","null","null","89.9940","2074","6.0130",531315,543391,457763,474832,605412,446334,543063,596103,621453,491676,"54.4866","null","null","null","null","null","null","null",17,"2","4-Seam Fastball",1,0,1,0,0,1,1,0,"Standard","Standard"
"FF","2018-08-22","90.9","-2.0118","6.2737","Casey Kelly",643446,543391,"null","ball",,,,,"12","null","R","L","R","NYM","SF","B","null","null",0,0,2018,"-0.1665","1.4102","0.6188","4.3789","595373.00","null","430832.00",2,2,"Bot","null","null",,,457763,,"180822_234257","6.8170","-132.0088","-1.7102","-3.3524","28.3646","-16.0847","3.4808","1.7800","null","null","null","89.3670","2159","5.4750",531315,543391,457763,474832,605412,446334,543063,596103,621453,491676,"55.0243","null","null","null","null","null","null","null",17,"1","4-Seam Fastball",1,0,1,0,0,1,1,0,"Standard","Standard"
"CU","2018-08-22","80.5","-1.9739","6.2366","Casey Kelly",430832,543391,"null","ball",,,,,"9","null","R","R","R","NYM","SF","B","null","null",0,0,2018,"0.5622","-0.5929","0.5739","1.6338","null","null","595373.00",2,2,"Bot","null","null",,,457763,,"180822_234103","4.5505","-117.0776","-2.4220","4.1702","21.9427","-37.2734","3.3336","1.7063","null","null","null","79.3480","2223","5.5010",531315,543391,457763,474832,605412,446334,543063,596103,621453,491676,"54.9988","null","null","null","null","null","null","null",16,"1","Curveball",1,0,1,0,0,1,1,0,"Infield shift","Standard"
"FF","2018-08-22","93.5","-2.0772","6.1876","Casey Kelly",592789,543391,"null","ball",,,,,"12","null","R","L","R","NYM","SF","B","null","null",1,2,2018,"-0.2599","1.0524","1.5838","3.8544","null","null","null",1,2,"Bot","null","null",,,457763,,"180822_233930","9.8837","-135.7394","-2.5190","-5.2060","28.0103","-19.0596","3.4563","1.8537","null","null","null","92.7050","2283","5.8170",531315,543391,457763,474832,605412,446334,543063,596103,621453,491676,"54.6824","null","null","null","null","null","null","null",14,"4","4-Seam Fastball",1,0,1,0,0,1,1,0,"Standard","Standard"
"CU","2018-08-22","79.7","-2.2308","6.2269","Casey Kelly",592789,543391,"null","ball",,,,,"11","null","R","L","R","NYM","SF","B","null","null",0,1,2018,"0.2320","-0.6915","-1.4107","2.8081","null","null","null",1,2,"Bot","null","null",,,457763,,"180822_233902","1.3551","-115.9234","0.4260","1.7613","21.0302","-38.5051","3.5053","1.7800","null","null","null","78.0660","2070","5.0920",531315,543391,457763,474832,605412,446334,543063,596103,621453,491676,"55.4077","null","null","null","null","null","null","null",14,"2","Curveball",1,0,1,0,0,1,1,0,"Standard","Standard"
"FF","2018-08-22","91.6","-2.1054","6.2593","Casey Kelly",608700,543391,"null","ball",,,,,"11","null","R","R","R","NYM","SF","B","null","null",0,2,2018,"-0.0005","0.9637","-0.2579","4.4134","null","null","null",0,2,"Bot","null","null",,,457763,,"180822_233757","4.5885","-133.2399","-0.8317","-0.9256","26.6940","-21.0824","3.4072","1.5834","null","null","null","90.3940","2231","5.4230",531315,543391,457763,474832,605412,446334,543063,596103,621453,491676,"55.0763","null","null","null","null","null","null","null",13,"4","4-Seam Fastball",1,0,1,0,0,1,1,0,"Standard","Standard"
"CU","2018-08-22","80.4","-2.2822","6.2501","Casey Kelly",608700,543391,"null","called_strike",,,,,"4","null","R","R","R","NYM","SF","S","null","null",0,0,2018,"0.4964","-0.6283","-0.3300","2.7147","null","null","null",0,2,"Bot","null","null",,,457763,,"180822_233702","3.3521","-116.8762","-0.0360","3.7556","21.4725","-37.9701","3.4072","1.6080","null","null","null","78.7640","2167","5.1420",531315,543391,457763,474832,605412,446334,543063,596103,621453,491676,"55.3578","null","null","null","null","null","null","null",13,"1","Curveball",1,0,1,0,0,1,1,0,"Standard","Standard"
"CH","2018-08-22","90.8","-0.4915","6.2972","Noah Syndergaard",446334,592789,"null","ball",,,,,"13","null","R","R","R","NYM","SF","B","null","null",0,2,2018,"-1.2166","0.8752","-0.6115","-0.3275","null","null","null",1,2,"Top","null","null",,,608700,,"180822_233148","2.3477","-131.8408","-12.6568","-14.9177","25.3150","-19.5134","3.6279","1.7063","null","null","null","91.6560","1754","6.7070",531315,592789,608700,642086,643446,453943,595373,624424,457706,430832,"53.7926","null","null","null","null","null","null","null",10,"4","Changeup",0,0,0,0,0,0,0,0,"Standard","Standard"
"SL","2018-08-22","92.4","-0.5539","6.4980","Noah Syndergaard",446334,592789,"null","called_strike",,,,,"14","null","R","R","R","NYM","SF","S","null","null",0,1,2018,"0.2297","0.3999","0.8899","1.9025","null","null","null",1,2,"Top","null","null",,,608700,,"180822_233107","3.1682","-134.4564","-6.7874","2.1802","25.4464","-26.2522","3.6034","1.6817","null","null","null","92.4250","2153","6.0210",531315,592789,608700,642086,643446,453943,595373,624424,457706,430832,"54.4783","null","null","null","null","null","null","null",10,"2","Slider",0,0,0,0,0,0,0,0,"Standard","Standard"
"SI","2018-08-22","99.0","-0.4450","6.5792","Noah Syndergaard",446334,592789,"null","called_strike",,,,,"7","null","R","R","R","NYM","SF","S","null","null",0,0,2018,"-1.1232","0.8088","-0.4342","2.1378","null","null","null",1,2,"Top","null","null",,,608700,,"180822_233051","2.6753","-144.1417","-8.7252","-16.4714","27.8092","-19.1712","3.7506","1.8046","null","null","null","100.1900","2068","6.5370",531315,592789,608700,642086,643446,453943,595373,624424,457706,430832,"53.9628","null","null","null","null","null","null","null",10,"1","Sinker",0,0,0,0,0,0,0,0,"Standard","Standard"
"CH","2018-08-22","90.1","-0.4850","6.3430","Noah Syndergaard",474832,592789,"null","ball",,,,,"11","null","R","L","R","NYM","SF","B","null","null",0,2,2018,"-1.2949","0.5365","-0.8359","3.3280","null","null","null",0,2,"Top","null","null",,,608700,,"180822_232923","1.9406","-131.3713","-2.7938","-15.7099","24.7892","-25.4609","3.2600","1.5588","null","null","null","91.5030","1461","6.7830",531315,592789,608700,642086,643446,453943,595373,624424,457706,430832,"53.7163","null","null","null","null","null","null","null",9,"3","Changeup",0,0,0,0,0,0,0,0,"Infield shift","Standard"
"FF","2018-08-22","97.6","-0.6206","6.5271","Noah Syndergaard",474832,592789,"null","called_strike",,,,,"3","null","R","L","R","NYM","SF","S","null","null",0,0,2018,"-0.5445","1.0733","0.7125","2.8724","null","null","null",0,2,"Top","null","null",,,608700,,"180822_232844","4.8587","-142.0557","-6.8654","-8.4712","30.2271","-16.2466","3.2354","1.6291","null","null","null","98.2080","2073","6.4590",531315,592789,608700,642086,643446,453943,595373,624424,457706,430832,"54.0405","null","null","null","null","null","null","null",9,"1","4-Seam Fastball",0,0,0,0,0,0,0,0,"Infield shift","Standard"
"SL","2018-08-22","86.9","-2.3454","6.2180","Casey Kelly",624424,543391,"null","called_strike",,,,,"11","null","R","L","R","NYM","SF","S","null","null",0,0,2018,"0.0588","0.5483","-0.6643","3.3498","643446.00","null","453943.00",1,1,"Bot","null","null",,,457763,,"180822_232503","3.8515","-126.5180","-1.8297","-0.0765","22.7834","-26.3191","3.2109","1.5591","null","null","null","86.0480","2152","5.4530",531315,543391,457763,474832,605412,446334,543063,596103,621453,491676,"55.0468","null","null","null","null","null","null","null",7,"1","Slider",0,0,0,0,0,0,0,0,"Standard","Standard"
"CU","2018-08-22","80.8","-2.0389","6.2745","Casey Kelly",453943,543391,"null","called_strike",,,,,"11","null","R","R","R","NYM","SF","S","null","null",1,0,2018,"0.3395","-0.3675","-0.5497","3.6654","643446.00","null","null",1,1,"Bot","null","null",,,457763,,"180822_232243","2.6354","-117.3769","1.4725","2.5038","22.2278","-35.9839","3.1373","1.4359","null","null","null","78.9170","2164","5.0680",531315,543391,457763,474832,605412,446334,543063,596103,621453,491676,"55.4319","null","null","null","null","null","null","null",6,"2","Curveball",0,0,0,0,0,0,0,0,"Strategic","Standard"
"FT","2018-08-22","92.3","-2.1151","6.2496","Casey Kelly",453943,543391,"null","ball",,,,,"8","null","R","R","R","NYM","SF","B","null","null",0,0,2018,"-1.2738","0.9165","-0.1926","1.5303","643446.00","null","null",1,1,"Bot","null","null",,,457763,,"180822_232225","7.4878","-133.9604","-8.0192","-16.5872","27.6751","-19.9335","3.2109","1.4359","null","null","null","91.2460","2232","5.6990",531315,543391,457763,474832,605412,446334,543063,596103,621453,491676,"54.8002","null","null","null","null","null","null","null",6,"1","2-Seam Fastball",0,0,0,0,0,0,0,0,"Strategic","Standard"
"CU","2018-08-22","82.5","-2.2547","6.3248","Casey Kelly",643446,543391,"null","ball",,,,,"14","null","R","L","R","NYM","SF","B","null","null",1,2,2018,"0.5844","-0.3157","1.1281","1.6910","null","null","null",1,1,"Bot","null","null",,,457763,,"180822_232110","6.4737","-119.8578","-3.4195","4.3391","21.0241","-34.7736","3.4091","1.6817","null","null","null","81.2680","2227","5.3350",531315,543391,457763,474832,605412,446334,543063,596103,621453,491676,"55.1643","null","null","null","null","null","null","null",5,"4","Curveball",0,0,0,0,0,0,0,0,"Standard","Standard"
"FF","2018-08-22","93.2","-2.1759","6.3145","Casey Kelly",643446,543391,"null","ball",,,,,"11","null","R","L","R","NYM","SF","B","null","null",0,2,2018,"-0.5507","1.3381","-0.0150","4.3818","null","null","null",1,1,"Bot","null","null",,,457763,,"180822_232051","6.6686","-135.6051","-2.0979","-8.0481","27.4789","-15.7033","3.3581","1.7554","null","null","null","92.6160","2269","5.7830",531315,543391,457763,474832,605412,446334,543063,596103,621453,491676,"54.7163","null","null","null","null","null","null","null",5,"3","4-Seam Fastball",0,0,0,0,0,0,0,0,"Standard","Standard"
"FF","2018-08-22","91.4","-2.3115","6.2211","Casey Kelly",643446,543391,"null","called_strike",,,,,"1","null","R","L","R","NYM","SF","S","null","null",0,0,2018,"-0.3690","1.4162","-0.4064","3.3091","null","null","null",1,1,"Bot","null","null",,,457763,,"180822_232014","5.5207","-132.9599","-4.4499","-5.3911","25.7856","-14.9524","3.5298","1.7554","null","null","null","90.8810","2265","5.7780",531315,543391,457763,474832,605412,446334,543063,596103,621453,491676,"54.7214","null","null","null","null","null","null","null",5,"1","4-Seam Fastball",0,0,0,0,0,0,0,0,"Standard","Standard"
"FF","2018-08-22","91.2","-2.0703","6.2186","Casey Kelly",430832,543391,"null","called_strike",,,,,"12","null","R","R","R","NYM","SF","S","null","null",1,1,2018,"-0.4206","1.3495","1.2131","2.6826","null","null","null",0,1,"Bot","null","null",,,457763,,"180822_231920","9.0464","-132.5241","-5.8591","-6.5320","23.5118","-15.5250","3.4072","1.7063","null","null","null","90.9420","2160","5.8340",531315,543391,457763,474832,605412,446334,543063,596103,621453,491676,"54.6659","null","null","null","null","null","null","null",4,"3","4-Seam Fastball",0,0,0,0,0,0,0,0,"Infield shift","Standard"
"FF","2018-08-22","91.4","-2.1171","6.2463","Casey Kelly",430832,543391,"null","ball",,,,,"14","null","R","R","R","NYM","SF","B","null","null",0,0,2018,"-0.5273","1.3192","1.0126","1.8448","null","null","null",0,1,"Bot","null","null",,,457763,,"180822_231847","8.8681","-132.6328","-7.9097","-7.8113","25.0342","-15.5437","3.4317","1.7063","null","null","null","90.6240","2190","5.7090",531315,543391,457763,474832,605412,446334,543063,596103,621453,491676,"54.7906","null","null","null","null","null","null","null",4,"1","4-Seam Fastball",0,0,0,0,0,0,0,0,"Strategic","Standard"
"CH","2018-08-22","91.0","-0.5143","6.2897","Noah Syndergaard",605412,592789,"null","ball",,,,,"13","null","R","L","R","NYM","SF","B","null","null",1,2,2018,"-1.3253","0.3789","-0.0262","1.1959","null","null","null",1,1,"Top","null","null",,,608700,,"180822_231455","4.1382","-132.4597","-7.7827","-16.6919","27.2345","-26.2334","3.4091","1.3868","null","null","null","91.8770","1535","6.7150",531315,592789,608700,642086,643446,453943,595373,624424,457706,430832,"53.7844","null","null","null","null","null","null","null",2,"6","Changeup",0,0,0,0,0,0,0,0,"Standard","Standard"
"FF","2018-08-22","98.7","-0.5133","6.4324","Noah Syndergaard",605412,592789,"null","ball",,,,,"11","null","R","L","R","NYM","SF","B","null","null",0,0,2018,"-0.4917","1.0919","-0.4701","3.7748","null","null","null",1,1,"Top","null","null",,,608700,,"180822_231303","1.2768","-143.8701","-4.4410","-7.1938","29.9778","-16.0476","3.0637","1.3130","null","null","null","99.7580","2020","6.5540",531315,592789,608700,642086,643446,453943,595373,624424,457706,430832,"53.9457","null","null","null","null","null","null","null",2,"1","4-Seam Fastball",0,0,0,0,0,0,0,0,"Standard","Standard"
"FF","2018-08-22","98.9","-0.6236","6.4271","Noah Syndergaard",621453,592789,"null","called_strike",,,,,"5","null","R","L","R","NYM","SF","S","null","null",0,0,2018,"-0.7737","1.1754","-0.2089","2.3854","null","null","null",0,1,"Top","null","null",,,608700,,"180822_231117","2.9396","-143.9376","-8.3689","-11.4520","31.7490","-14.1173","3.4749","1.6112","null","null","null","99.2830","2192","6.3820",531315,592789,608700,642086,643446,453943,595373,624424,457706,430832,"54.1174","null","null","null","null","null","null","null",1,"1","4-Seam Fastball",0,0,0,0,0,0,0,0,"Standard","Standard"