"pitch_type","game_date","release_speed","release_pos_x","release_pos_z","player_name","batter","pitcher","events","description","spin_dir","spin_rate_deprecated","break_angle_deprecated","break_length_deprecated","zone","des","game_type","stand","p_throws","home_team","away_team","type","hit_location","bb_type","balls","strikes","game_year","pfx_x","pfx_z","plate_x","plate_z","on_3b","on_2b","on_1b","outs_when_up","inning","inning_topbot","hc_x","hc_y","tfs_deprecated","tfs_zulu_deprecated","pos2_person_id","umpire","sv_id","vx0","vy0","vz0","ax","ay","az","sz_top","sz_bot","hit_distance_sc","launch_speed","launch_angle","effective_speed","release_spin_rate","release_extension","game_pk","pos1_person_id","pos2_person_id","pos3_person_id","pos4_person_id","pos5_person_id","pos6_person_id","pos7_person_id","pos8_person_id","pos9_person_id","release_pos_y","estimated_ba_using_speedangle","estimated_woba_using_speedangle","woba_value","woba_denom","babip_value","iso_value","launch_speed_angle","at_bat_number","pitch_number","pitch_name","home_score","away_score","bat_score","fld_score","post_away_score","post_home_score","post_bat_score","post_fld_score","if_fielding_alignment","of_fielding_alignment"
"FF","2018-08-03","91.7","-1.6810","5.4765","Brad Boxberger",491676,502202,"null","ball",,,,,"14","null","R","R","R","ARI","SF","B","null","null",1,1,2018,"-0.4883","1.4443","1.2690","1.0962","452254.00","621453.00","null",2,9,"Top","null","null",,,488671,,"180804_043925","8.3220","-132.9738","-8.0688","-7.3625","27.5844","-14.0795","3.3042","1.6362","null","null","null","90.2010","2297","5.4960",531061,502202,488671,502671,606466,500871,605113,444482,572041,445055,"55.0060","null","null","null","null","null","null","null",75,"3","4-Seam Fastball",6,3,3,6,3,6,3,6,"Standard","Standard"
"FF","2018-08-03","92.8","-1.8750","5.4894","Brad Boxberger",491676,502202,"null","called_strike",,,,,"9","null","R","R","R","ARI","SF","S","null","null",1,0,2018,"-0.4595","1.4795","0.4632","1.5213","452254.00","621453.00","null",2,9,"Top","null","null",,,488671,,"180804_043900","6.8281","-134.6989","-7.3493","-6.8810","28.5235","-13.3730","3.3042","1.3965","null","null","null","91.3010","2345","5.4700",531061,502202,488671,502671,606466,500871,605113,444482,572041,445055,"55.0325","null","null","null","null","null","null","null",75,"2","4-Seam Fastball",6,3,3,6,3,6,3,6,"Standard","Standard"
"CH","2018-08-03","80.2","-1.8688","5.3990","Brad Boxberger",491676,502202,"null","ball",,,,,"13","null","R","R","R","ARI","SF","B","null","null",0,0,2018,"-1.2407","0.7984","-0.4962","1.3262","452254.00","null","621453.00",2,9,"Top","null","null",,,488671,,"180804_043813","5.2363","-116.5361","-3.7504","-11.9900","20.4178","-24.6275","3.4248","1.6662","null","null","null","79.3300","1300","5.6140",531061,502202,488671,502671,606466,500871,605113,444482,572041,445055,"54.8876","null","null","null","null","null","null","null",75,"1","Changeup",6,3,3,6,3,6,3,6,"Standard","Standard"
"FF","2018-08-03","91.9","-1.9065","5.5869","Brad Boxberger",593700,502202,"null","ball",,,,,"11","null","R","L","R","ARI","SF","B","null","null",0,0,2018,"-0.6811","1.2085","-1.0300","2.8808","null","null","null",1,9,"Top","null","null",,,488671,,"180804_043428","3.5691","-133.6232","-3.4857","-8.6339","27.4828","-17.6950","3.4631","1.6362","null","null","null","90.4140","2290","5.3260",531061,502202,488671,502671,606466,500871,605113,444482,572041,445055,"55.1760","null","null","null","null","null","null","null",72,"1","4-Seam Fastball",6,3,3,6,3,6,3,6,"Standard","Standard"
"FF","2018-08-03","91.8","-1.7608","5.5348","Brad Boxberger",596103,502202,"null","called_strike",,,,,"14","null","R","R","R","ARI","SF","S","null","null",1,1,2018,"-0.5592","1.4096","0.8380","1.8000","null","null","null",0,9,"Top","null","null",,,488671,,"180804_043325","7.6104","-133.2226","-6.4278","-8.0659","27.7994","-14.7565","3.4631","1.6962","null","null","null","90.3570","2270","5.4970",531061,502202,488671,502671,606466,500871,605113,444482,572041,445055,"55.0055","null","null","null","null","null","null","null",71,"3","4-Seam Fastball",6,3,3,6,3,6,3,6,"Standard","Standard"
"FF","2018-08-03","92.0","-1.7239","5.5893","Brad Boxberger",596103,502202,"null","ball",,,,,"14","null","R","R","R","ARI","SF","B","null","null",0,1,2018,"-0.3007","1.1317","2.5027","2.3457","null","null","null",0,9,"Top","null","null",,,488671,,"180804_043304","11.1311","-133.3257","-4.6528","-5.7811","27.4365","-18.3283","3.5154","1.6962","null","null","null","90.4560","2189","5.4830",531061,502202,488671,502671,606466,500871,605113,444482,572041,445055,"55.0188","null","null","null","null","null","null","null",71,"2","4-Seam Fastball",6,3,3,6,3,6,3,6,"Standard","Standard"
"FF","2018-08-03","90.2","-2.0119","5.5186","Brad Boxberger",596103,502202,"null","called_strike",,,,,"6","null","R","R","R","ARI","SF","S","null","null",0,0,2018,"-0.6677","1.1997","0.6497","2.2623","null","null","null",0,9,"Top","null","null",,,488671,,"180804_043244","7.8432","-131.0136","-4.5338","-9.0500","26.3338","-18.0853","3.3947","1.6662","null","null","null","88.8210","2168","5.4290",531061,502202,488671,502671,606466,500871,605113,444482,572041,445055,"55.0735","null","null","null","null","null","null","null",71,"1","4-Seam Fastball",6,3,3,6,3,6,3,6,"Standard","Standard"
"CU","2018-08-03","82.9","-1.1137","5.4603","Sam Dyson",502671,473879,"null","ball",,,,,"12","null","R","R","R","ARI","SF","B","null","null",1,2,2018,"1.2583","-0.6455","0.3714","4.0115","null","605113.00","null",1,8,"Bot","null","null",,,460026,,"180804_042730","1.0151","-120.3770","4.2883","11.5948","23.0219","-39.3089","3.5456","1.6662","null","null","null","81.2430","3138","5.2510",531061,473879,460026,596103,488818,446334,543063,452254,621453,457705,"55.2514","null","null","null","null","null","null","null",69,"4","Curveball",6,3,6,3,3,6,6,3,"Standard","Standard"
"FT","2018-08-03","94.3","-1.4457","5.2793","Sam Dyson",502671,473879,"null","ball",,,,,"14","null","R","R","R","ARI","SF","B","null","null",0,0,2018,"-1.4901","-0.0128","0.4098","1.2817","null","605113.00","null",1,8,"Bot","null","null",,,460026,,"180804_042555","7.9306","-136.8849","-4.5692","-20.0367","30.7101","-31.5610","3.5456","1.6962","null","null","null","92.9260","2168","5.6490",531061,473879,460026,596103,488818,446334,543063,452254,621453,457705,"54.8530","null","null","null","null","null","null","null",69,"1","2-Seam Fastball",6,3,6,3,3,6,6,3,"Standard","Standard"
"KC","2018-08-03","81.3","-1.8803","5.9047","Archie Bradley",446334,605151,"null","called_strike",,,,,"7","null","R","R","R","ARI","SF","S","null","null",0,0,2018,"0.3510","-0.9992","-0.7236","2.0565","null","null","null",1,8,"Top","null","null",,,488671,,"180804_041906","1.9234","-118.4466","-0.1325","2.9299","22.4039","-41.7431","3.9083","1.7861","null","null","null","81.3690","2007","6.2510",531061,605151,488671,502671,606466,500871,605113,444482,572041,445055,"54.2515","null","null","null","null","null","null","null",65,"1","Knuckle Curve",6,3,3,6,3,6,3,6,"Standard","Standard"
"FF","2018-08-03","94.3","-2.0474","5.9168","Archie Bradley",460026,605151,"null","ball",,,,,"11","null","R","R","R","ARI","SF","B","null","null",0,1,2018,"-0.7027","1.3078","-0.7137","3.8669","null","null","null",0,8,"Top","null","null",,,488671,,"180804_041803","5.0010","-137.2350","-2.5126","-9.9155","30.1808","-15.4383","3.3671","1.6362","null","null","null","94.0760","2254","6.1410",531061,605151,488671,502671,606466,500871,605113,444482,572041,445055,"54.3614","null","null","null","null","null","null","null",64,"2","4-Seam Fastball",6,3,3,6,3,6,3,6,"Standard","Standard"
"KC","2018-08-03","82.4","-1.6561","6.2834","Mark Melancon",488671,453343,"null","ball",,,,,"13","null","R","L","R","ARI","SF","B","null","null",0,2,2018,"0.0270","-1.3443","-0.6753","0.1310","null","null","null",2,7,"Bot","null","null",,,460026,,"180804_041424","2.1466","-119.7429","-4.7525","-0.2165","26.0517","-43.9157","3.4248","1.6962","null","null","null","80.8880","2769","5.6240",531061,453343,460026,596103,488818,446334,543063,452254,621453,457705,"54.8785","null","null","null","null","null","null","null",63,"3","Knuckle Curve",6,3,6,3,3,6,6,3,"Infield shift","Standard"
"KC","2018-08-03","82.6","-1.6608","6.4324","Mark Melancon",488671,453343,"null","called_strike",,,,,"7","null","R","L","R","ARI","SF","S","null","null",0,0,2018,"0.1129","-0.9862","-0.6472","1.5937","null","null","null",2,7,"Bot","null","null",,,460026,,"180804_041342","2.0615","-119.9773","-2.5038","0.5957","26.4150","-41.0840","3.3343","1.4864","null","null","null","80.9060","2665","5.5520",531061,453343,460026,596103,488818,446334,543063,452254,621453,457705,"54.9503","null","null","null","null","null","null","null",63,"1","Knuckle Curve",6,3,6,3,3,6,6,3,"Infield shift","Standard"
"KC","2018-08-03","81.3","-1.4829","6.3011","Mark Melancon",606466,453343,"null","ball",,,,,"13","null","R","L","R","ARI","SF","B","null","null",2,1,2018,"-0.1781","-1.3441","-1.2915","1.6853","null","null","518614.00",0,7,"Bot","null","null",,,460026,,"180804_041230","0.7475","-118.2226","-1.1373","-1.7658","25.5112","-44.3299","3.7269","1.7262","null","null","null","79.6280","2857","5.4710",531061,453343,460026,596103,488818,446334,543063,452254,621453,457705,"55.0314","null","null","null","null","null","null","null",62,"4","Knuckle Curve",6,3,6,3,3,6,6,3,"Standard","Standard"
"FC","2018-08-03","91.6","-1.7367","6.2151","Mark Melancon",606466,453343,"null","called_strike",,,,,"8","null","R","L","R","ARI","SF","S","null","null",2,0,2018,"0.1914","0.8198","-0.0614","1.8714","null","null","518614.00",0,7,"Bot","null","null",,,460026,,"180804_041207","3.7994","-133.1948","-6.7921","1.4145","29.1997","-21.2935","3.8781","1.8161","null","null","null","91.0050","2468","6.0180",531061,453343,460026,596103,488818,446334,543063,452254,621453,457705,"54.4843","null","null","null","null","null","null","null",62,"3","Cutter",6,3,6,3,3,6,6,3,"Standard","Standard"
"FC","2018-08-03","90.1","-1.8491","6.2528","Mark Melancon",606466,453343,"null","ball",,,,,"13","null","R","L","R","ARI","SF","B","null","null",1,0,2018,"-0.1352","0.7211","-1.4881","2.0425","null","null","518614.00",0,7,"Bot","null","null",,,460026,,"180804_041143","1.1683","-131.1178","-5.9583","-1.7777","27.4389","-22.9854","3.7873","1.7861","null","null","null","89.4350","2360","5.8550",531061,453343,460026,596103,488818,446334,543063,452254,621453,457705,"54.6474","null","null","null","null","null","null","null",62,"2","Cutter",6,3,6,3,3,6,6,3,"Standard","Standard"
"FS","2018-08-03","82.2","-1.9830","5.9331","Yoshihisa Hirano",457705,673633,"null","ball",,,,,"11","null","R","R","R","ARI","SF","B","null","null",0,0,2018,"-0.6948","0.1485","-1.3199","2.9188","null","null","null",2,7,"Top","null","null",,,488671,,"180804_040643","2.7897","-119.6934","-0.6363","-7.0741","21.1965","-30.8803","3.4852","1.6062","null","null","null","81.7360","914","5.7570",531061,673633,488671,502671,518614,500871,606466,444482,572041,445055,"54.7454","null","null","null","null","null","null","null",60,"1","Split Finger",6,3,3,6,3,6,3,6,"Infield shift","Standard"
"FS","2018-08-03","83.0","-2.0972","5.9625","Yoshihisa Hirano",605412,673633,"null","ball",,,,,"13","null","R","L","R","ARI","SF","B","null","null",2,2,2018,"-0.5814","0.0232","-1.5020","1.3053","null","null","null",1,7,"Top","null","null",,,488671,,"180804_040511","2.4621","-120.9192","-4.2820","-6.0867","21.2164","-31.4112","3.2137","1.4564","null","null","null","82.8450","950","5.9000",531061,673633,488671,502671,518614,500871,606466,444482,572041,445055,"54.6017","null","null","null","null","null","null","null",59,"5","Split Finger",6,3,3,6,3,6,3,6,"Standard","Standard"
"FF","2018-08-03","89.4","-1.9725","6.0803","Yoshihisa Hirano",605412,673633,"null","ball",,,,,"12","null","R","L","R","ARI","SF","B","null","null",1,2,2018,"-0.7365","1.4170","0.5068","3.6981","null","null","null",1,7,"Top","null","null",,,488671,,"180804_040450","7.6183","-129.9206","-2.8016","-9.8688","27.0152","-15.8746","3.1233","1.5163","null","null","null","89.0840","2164","6.1510",531061,673633,488671,502671,518614,500871,606466,444482,572041,445055,"54.3507","null","null","null","null","null","null","null",59,"4","4-Seam Fastball",6,3,3,6,3,6,3,6,"Standard","Standard"
"FF","2018-08-03","90.6","-2.0653","6.1324","Yoshihisa Hirano",605412,673633,"null","ball",,,,,"11","null","R","L","R","ARI","SF","B","null","null",0,2,2018,"-0.5201","1.6547","-1.3774","4.5258","null","null","null",1,7,"Top","null","null",,,488671,,"180804_040428","2.8180","-131.8946","-1.5773","-6.6406","29.1343","-12.9100","3.1835","1.5163","null","null","null","90.3390","2131","6.1950",531061,673633,488671,502671,518614,500871,606466,444482,572041,445055,"54.3067","null","null","null","null","null","null","null",59,"3","4-Seam Fastball",6,3,3,6,3,6,3,6,"Standard","Standard"
"FF","2018-08-03","90.9","-2.4485","5.9108","Yoshihisa Hirano",605412,673633,"null","called_strike",,,,,"13","null","R","L","R","ARI","SF","S","null","null",0,0,2018,"-1.2599","1.3811","-0.8491","1.6738","null","null","null",1,7,"Top","null","null",,,488671,,"180804_040348","6.6130","-131.9450","-7.5384","-15.9320","27.8625","-14.8802","3.2438","1.5091","null","null","null","90.2040","2243","5.9870",531061,673633,488671,502671,518614,500871,606466,444482,572041,445055,"54.5153","null","null","null","null","null","null","null",59,"1","4-Seam Fastball",6,3,3,6,3,6,3,6,"Standard","Standard"
"FF","2018-08-03","90.8","-2.1565","5.9719","Yoshihisa Hirano",621453,673633,"null","ball",,,,,"13","null","R","L","R","ARI","SF","B","null","null",2,1,2018,"-0.7500","1.5458","-1.1521","2.3722","null","null","null",0,7,"Top","null","null",,,488671,,"180804_040203","4.0884","-132.0974","-6.3764","-9.5665","26.5640","-13.0837","3.5456","1.6962","null","null","null","90.7040","2279","6.1210",531061,673633,488671,502671,518614,500871,606466,444482,572041,445055,"54.3815","null","null","null","null","null","null","null",58,"4","4-Seam Fastball",6,3,3,6,3,6,3,6,"Standard","Standard"
"FS","2018-08-03","81.4","-2.0645","5.9774","Yoshihisa Hirano",621453,673633,"null","ball",,,,,"14","null","R","L","R","ARI","SF","B","null","null",1,1,2018,"-0.4488","0.1274","0.3492","-0.0374","null","null","null",0,7,"Top","null","null",,,488671,,"180804_040139","6.2419","-118.2511","-7.1466","-5.2886","20.4275","-29.9476","3.5154","1.7262","null","null","null","81.3730","1223","6.1560",531061,673633,488671,502671,518614,500871,606466,444482,572041,445055,"54.3462","null","null","null","null","null","null","null",58,"3","Split Finger",6,3,3,6,3,6,3,6,"Standard","Standard"
"FF","2018-08-03","88.5","-1.8508","6.1697","Yoshihisa Hirano",621453,673633,"null","ball",,,,,"11","null","R","L","R","ARI","SF","B","null","null",0,1,2018,"-0.6003","1.3901","-0.7409","3.7562","null","null","null",0,7,"Top","null","null",,,488671,,"180804_040118","3.9139","-128.8458","-2.7056","-7.3780","24.7088","-16.5259","3.4631","1.7262","null","null","null","88.2590","2065","5.9410",531061,673633,488671,502671,518614,500871,606466,444482,572041,445055,"54.5611","null","null","null","null","null","null","null",58,"2","4-Seam Fastball",6,3,3,6,3,6,3,6,"Standard","Standard"
"FF","2018-08-03","92.3","-2.1829","6.0164","Yoshihisa Hirano",621453,673633,"null","called_strike",,,,,"1","null","R","L","R","ARI","SF","S","null","null",0,0,2018,"-0.8341","1.2944","-0.6286","3.1312","null","null","null",0,7,"Top","null","null",,,488671,,"180804_040059","5.7761","-134.2616","-4.3545","-11.3288","28.1432","-15.7659","3.5154","1.6662","null","null","null","92.5300","2188","6.3780",531061,673633,488671,502671,518614,500871,606466,444482,572041,445055,"54.1242","null","null","null","null","null","null","null",58,"1","4-Seam Fastball",6,3,3,6,3,6,3,6,"Standard","Standard"
"SL","2018-08-03","80.8","-1.5494","5.1805","Reyes Moronta",500871,606625,"null","called_strike",,,,,"4","null","R","L","R","ARI","SF","S","null","null",1,1,2018,"1.1786","-0.3255","-0.7238","2.3425","null","445055.00","444482.00",2,6,"Bot","null","null",,,460026,,"180804_035730","-0.3396","-117.5423","0.9563","10.6593","23.7661","-35.5629","3.0028","1.3067","null","null","null","79.5620","2521","5.5990",531061,606625,460026,596103,488818,446334,543063,452254,621453,457705,"54.9028","null","null","null","null","null","null","null",57,"3","Slider",6,3,6,3,3,6,6,3,"Standard","Standard"
"SL","2018-08-03","83.0","-1.5623","5.0309","Reyes Moronta",572041,606625,"strikeout","called_strike",,,,,"8","A.  J.   Pollock called out on strikes.  ","R","R","R","ARI","SF","S",2,"null",1,2,2018,"1.2019","0.1029","-0.0699","1.8021","null","445055.00","444482.00",1,6,"Bot","null","null",,,460026,,"180804_035559","1.1088","-120.7208","-1.0795","11.2297","24.2453","-31.2336","3.4071","1.6362","null","null","null","81.9440","2573","5.6780",531061,606625,460026,596103,488818,446334,543063,452254,621453,457705,"54.8244","null","null","0.00",1,0,0,"null",56,"4","Slider",6,3,6,3,3,6,6,3,"Standard","Standard"
"FF","2018-08-03","95.9","-1.4155","5.3149","Reyes Moronta",572041,606625,"null","called_strike",,,,,"7","null","R","R","R","ARI","SF","S","null","null",0,1,2018,"-0.3209","1.4275","-0.7440","1.7152","null","445055.00","444482.00",1,6,"Bot","null","null",,,460026,,"180804_035453","2.5112","-139.6502","-7.2066","-4.7657","29.9732","-12.0257","3.4550","1.6962","null","null","null","96.4270","2510","6.4490",531061,606625,460026,596103,488818,446334,543063,452254,621453,457705,"54.0533","null","null","null","null","null","null","null",56,"2","4-Seam Fastball",6,3,6,3,3,6,6,3,"Standard","Standard"
"FF","2018-08-03","96.4","-1.2530","5.4593","Reyes Moronta",572041,606625,"null","called_strike",,,,,"4","null","R","R","R","ARI","SF","S","null","null",0,0,2018,"-0.4486","1.3602","-0.7178","2.7940","null","445055.00","444482.00",1,6,"Bot","null","null",,,460026,,"180804_035428","2.4418","-140.4137","-4.6109","-6.4747","31.6458","-13.3897","3.4071","1.5463","null","null","null","96.5290","2449","6.3010",531061,606625,460026,596103,488818,446334,543063,452254,621453,457705,"54.2006","null","null","null","null","null","null","null",56,"1","4-Seam Fastball",6,3,6,3,3,6,6,3,"Standard","Standard"
"SI","2018-08-03","89.8","2.9847","6.1707","Ty Blach",444482,621389,"walk","ball",,,,,"13","David Peralta walks.   Jon Jay to 2nd.  ","R","L","L","ARI","SF","B","null","null",3,0,2018,"1.2577","0.9194","-0.8820","1.7186","null","null","445055.00",1,6,"Bot","null","null",,,460026,,"180804_035124","-11.6364","-129.8125","-6.5531","15.8929","27.6473","-21.2769","3.4550","1.7561","null","null","null","86.6350","2164","4.6880",531061,621389,460026,596103,488818,446334,543063,452254,621453,457705,"55.8136","null","null","0.70",1,0,0,"null",55,"4","Sinker",6,3,6,3,3,6,6,3,"Standard","Standard"
"CH","2018-08-03","79.8","3.0237","6.2539","Ty Blach",444482,621389,"null","ball",,,,,"14","null","R","L","L","ARI","SF","B","null","null",2,0,2018,"1.5128","0.5968","1.1908","2.4482","null","null","445055.00",1,6,"Bot","null","null",,,460026,,"180804_035021","-6.5578","-115.7579","-2.5811","14.2271","22.6199","-26.8594","3.5661","1.8161","null","null","null","77.6100","2039","5.0160",531061,621389,460026,596103,488818,446334,543063,452254,621453,457705,"55.4860","null","null","null","null","null","null","null",55,"3","Changeup",6,3,6,3,3,6,6,3,"Standard","Standard"
"SI","2018-08-03","89.6","3.0904","6.0654","Ty Blach",444482,621389,"null","ball",,,,,"13","null","R","L","L","ARI","SF","B","null","null",1,0,2018,"1.1760","1.0231","-0.3286","1.3274","null","null","445055.00",1,6,"Bot","null","null",,,460026,,"180804_035002","-10.4362","-129.5797","-7.4273","14.7880","27.6658","-19.9602","3.4852","1.8161","null","null","null","86.7000","2191","4.8430",531061,621389,460026,596103,488818,446334,543063,452254,621453,457705,"55.6588","null","null","null","null","null","null","null",55,"2","Sinker",6,3,6,3,3,6,6,3,"Standard","Standard"
"SI","2018-08-03","89.2","3.0057","6.1614","Ty Blach",444482,621389,"null","ball",,,,,"13","null","R","L","L","ARI","SF","B","null","null",0,0,2018,"1.2591","1.0629","-0.9199","1.4239","null","null","445055.00",1,6,"Bot","null","null",,,460026,,"180804_034944","-11.7165","-128.8695","-7.3713","15.7757","27.8206","-19.7083","3.4852","1.7561","null","null","null","86.0380","2266","4.7590",531061,621389,460026,596103,488818,446334,543063,452254,621453,457705,"55.7436","null","null","null","null","null","null","null",55,"1","Sinker",6,3,6,3,3,6,6,3,"Standard","Standard"
"CH","2018-08-03","78.9","3.0220","6.3028","Ty Blach",502671,621389,"null","called_strike",,,,,"14","null","R","R","L","ARI","SF","S","null","null",1,0,2018,"1.5316","0.7838","1.0036","2.0589","null","null","445055.00",0,6,"Bot","null","null",,,460026,,"180804_034815","-6.8143","-114.3991","-3.6177","13.9385","21.6337","-25.3283","3.5456","1.5763","null","null","null","76.2270","2016","4.6150",531061,621389,460026,596103,488818,446334,543063,452254,621453,457705,"55.8867","null","null","null","null","null","null","null",54,"2","Changeup",6,3,6,3,3,6,6,3,"Standard","Standard"
"SI","2018-08-03","88.0","2.8808","6.3569","Ty Blach",502671,621389,"null","ball",,,,,"12","null","R","R","L","ARI","SF","B","null","null",0,0,2018,"1.2602","1.0447","1.0792","3.1886","null","null","445055.00",0,6,"Bot","null","null",,,460026,,"180804_034753","-6.5408","-127.5097","-3.4133","14.2343","27.1640","-21.1265","3.6261","1.6962","null","null","null","84.6510","2116","4.4300",531061,621389,460026,596103,488818,446334,543063,452254,621453,457705,"56.0725","null","null","null","null","null","null","null",54,"1","Sinker",6,3,6,3,3,6,6,3,"Standard","Standard"
"SI","2018-08-03","87.8","2.9727","6.2179","Ty Blach",445055,621389,"null","ball",,,,,"13","null","R","L","L","ARI","SF","B","null","null",0,1,2018,"1.2049","0.8047","-0.9361","1.4065","null","null","null",0,6,"Bot","null","null",,,460026,,"180804_034659","-11.3901","-126.8774","-6.7998","14.6038","25.1403","-22.8687","3.6362","1.7861","null","null","null","84.9380","2179","4.7540",531061,621389,460026,596103,488818,446334,543063,452254,621453,457705,"55.7476","null","null","null","null","null","null","null",53,"2","Sinker",6,3,6,3,3,6,6,3,"Standard","Standard"
"SL","2018-08-03","77.0","2.9970","6.2717","Ty Blach",445055,621389,"null","called_strike",,,,,"13","null","R","L","L","ARI","SF","S","null","null",0,0,2018,"-0.6692","-0.1323","-0.8691","2.3374","null","null","null",0,6,"Bot","null","null",,,460026,,"180804_034649","-6.8311","-111.6735","-1.0521","-3.9628","21.2567","-33.3330","3.6362","1.8161","null","null","null","74.3780","2320","4.6620",531061,621389,460026,596103,488818,446334,543063,452254,621453,457705,"55.8402","null","null","null","null","null","null","null",53,"1","Slider",6,3,6,3,3,6,6,3,"Standard","Standard"
"SL","2018-08-03","80.6","2.5230","6.2564","Patrick Corbin",488818,571578,"null","ball",,,,,"13","null","R","R","L","ARI","SF","B","null","null",1,1,2018,"-0.0577","0.0591","-1.5284","0.8671","null","null","null",1,6,"Top","null","null",,,488671,,"180804_034329","-8.8053","-116.8811","-5.3121","1.1683","22.4218","-30.8615","3.3645","1.6662","null","null","null","79.7720","2292","5.9510",531061,571578,488671,502671,518614,500871,606466,444482,572041,445055,"54.5506","null","null","null","null","null","null","null",51,"3","Slider",6,3,3,6,3,6,3,6,"Standard","Standard"
"SL","2018-08-03","82.6","2.4293","6.3159","Patrick Corbin",488818,571578,"null","ball",,,,,"13","null","R","R","L","ARI","SF","B","null","null",0,1,2018,"-0.0242","0.0313","-1.2029","0.9640","null","null","null",1,6,"Top","null","null",,,488671,,"180804_034310","-8.0983","-119.8670","-5.6408","1.3009","22.6287","-31.0607","3.4550","1.7561","null","null","null","81.4620","2444","5.6210",531061,571578,488671,502671,518614,500871,606466,444482,572041,445055,"54.8810","null","null","null","null","null","null","null",51,"2","Slider",6,3,3,6,3,6,3,6,"Standard","Standard"
"FF","2018-08-03","88.2","2.2703","6.3043","Patrick Corbin",488818,571578,"null","called_strike",,,,,"7","null","R","R","L","ARI","SF","S","null","null",0,0,2018,"0.8142","1.4187","-0.7497","2.1763","null","null","null",1,6,"Top","null","null",,,488671,,"180804_034253","-9.0172","-127.9696","-6.8296","10.8336","27.0819","-15.3975","3.4852","1.6662","null","null","null","87.9410","2312","6.3490",531061,571578,488671,502671,518614,500871,606466,444482,572041,445055,"54.1533","null","null","null","null","null","null","null",51,"1","4-Seam Fastball",6,3,3,6,3,6,3,6,"Standard","Standard"
"SL","2018-08-03","78.1","2.9735","6.2628","Ty Blach",571578,621389,"null","ball",,,,,"12","null","R","L","L","ARI","SF","B","null","null",2,2,2018,"-0.1897","0.0030","0.8366","3.7852","null","null","null",2,5,"Bot","null","null",,,460026,,"180804_033853","-4.1457","-113.4104","1.4574","-0.8495","19.4130","-32.6743","3.5456","1.7861","null","null","null","76.0850","2241","4.8040",531061,621389,460026,596103,488818,446334,543063,452254,621453,457705,"55.6983","null","null","null","null","null","null","null",49,"5","Slider",6,3,6,3,3,6,6,3,"Standard","Standard"
"CH","2018-08-03","78.6","2.9290","6.2408","Ty Blach",571578,621389,"null","ball",,,,,"13","null","R","L","L","ARI","SF","B","null","null",1,2,2018,"1.3935","0.5609","-2.1560","0.7755","null","null","null",2,5,"Bot","null","null",,,460026,,"180804_033838","-13.0970","-113.4363","-5.7446","13.9206","20.3731","-26.7559","3.4861","1.7262","null","null","null","76.4710","1925","5.1790",531061,621389,460026,596103,488818,446334,543063,452254,621453,457705,"55.3233","null","null","null","null","null","null","null",49,"4","Changeup",6,3,6,3,3,6,6,3,"Standard","Standard"
"SI","2018-08-03","88.0","2.9634","6.2981","Ty Blach",571578,621389,"null","called_strike",,,,,"8","null","R","L","L","ARI","SF","S","null","null",1,0,2018,"1.2486","0.9972","0.0783","2.3330","null","null","null",2,5,"Bot","null","null",,,460026,,"180804_033807","-9.1271","-127.3387","-5.2086","14.7941","27.3694","-21.1148","3.8176","1.9962","null","null","null","85.0350","2195","4.7890",531061,621389,460026,596103,488818,446334,543063,452254,621453,457705,"55.7132","null","null","null","null","null","null","null",49,"2","Sinker",6,3,6,3,3,6,6,3,"Standard","Standard"
"SI","2018-08-03","88.0","2.8900","6.3320","Ty Blach",571578,621389,"null","ball",,,,,"14","null","R","L","L","ARI","SF","B","null","null",0,0,2018,"1.3471","0.9679","0.3542","1.5970","null","null","null",2,5,"Bot","null","null",,,460026,,"180804_033754","-8.4620","-127.2678","-6.9156","15.6112","27.9094","-21.0951","3.8478","1.9362","null","null","null","84.7460","2222","4.6760",531061,621389,460026,596103,488818,446334,543063,452254,621453,457705,"55.8257","null","null","null","null","null","null","null",49,"1","Sinker",6,3,6,3,3,6,6,3,"Standard","Standard"
"SL","2018-08-03","78.8","2.9132","6.2645","Ty Blach",488671,621389,"null","ball",,,,,"13","null","R","L","L","ARI","SF","B","null","null",0,0,2018,"-0.3057","0.2464","-1.3149","1.6445","null","null","null",1,5,"Bot","null","null",,,460026,,"180804_033704","-8.2767","-113.9978","-3.3676","-0.7772","23.1377","-29.8711","3.3861","1.7262","null","null","null","75.1400","2400","4.1710",531061,621389,460026,596103,488818,446334,543063,452254,621453,457705,"56.3311","null","null","null","null","null","null","null",48,"1","Slider",6,3,6,3,3,6,6,3,"Infield shift","Standard"
"CU","2018-08-03","76.3","2.9548","6.3062","Ty Blach",606466,621389,"null","ball",,,,,"13","null","R","R","L","ARI","SF","B","null","null",0,1,2018,"-0.7156","-1.0465","-0.9083","0.2779","null","null","null",0,5,"Bot","null","null",,,460026,,"180804_033547","-6.6843","-110.5810","-3.6325","-4.1815","21.8990","-39.8379","3.5361","1.6962","null","null","null","73.5440","2566","4.7020",531061,621389,460026,596103,488818,446334,543063,452254,621453,457705,"55.8001","null","null","null","null","null","null","null",47,"2","Curveball",6,3,6,3,3,6,6,3,"Standard","Standard"
"FT","2018-08-03","90.0","2.4314","6.3097","Patrick Corbin",446334,571578,"null","ball",,,,,"12","null","R","R","L","ARI","SF","B","null","null",1,2,2018,"1.1321","0.9360","2.8330","3.1743","null","null","null",1,5,"Top","null","null",,,488671,,"180804_033120","-1.3614","-131.0200","-3.7551","13.1535","27.5489","-20.9784","3.8478","1.7561","null","null","null","89.5320","2250","5.9680",531061,571578,488671,502671,518614,500871,606466,444482,572041,445055,"54.5337","null","null","null","null","null","null","null",45,"4","2-Seam Fastball",6,3,3,6,3,6,3,6,"Infield shift","Standard"
"SL","2018-08-03","81.4","2.4891","6.3154","Patrick Corbin",446334,571578,"null","called_strike",,,,,"4","null","R","R","L","ARI","SF","S","null","null",1,1,2018,"-0.2566","-0.0855","-0.6624","2.4041","null","null","null",1,5,"Top","null","null",,,488671,,"180804_033105","-6.5083","-118.2768","-1.9721","-1.0960","22.8224","-32.8287","3.7873","1.7262","null","null","null","80.3820","2411","5.7000",531061,571578,488671,502671,518614,500871,606466,444482,572041,445055,"54.8020","null","null","null","null","null","null","null",45,"3","Slider",6,3,3,6,3,6,3,6,"Infield shift","Standard"
"SL","2018-08-03","80.8","2.5201","6.2942","Patrick Corbin",446334,571578,"null","ball",,,,,"13","null","R","R","L","ARI","SF","B","null","null",0,1,2018,"-0.1290","-0.1039","-0.9022","2.4561","null","null","null",1,5,"Top","null","null",,,488671,,"180804_033050","-7.2878","-117.3734","-1.6256","0.3129","23.7142","-33.0449","3.7269","1.6962","null","null","null","79.5920","2381","5.7030",531061,571578,488671,502671,518614,500871,606466,444482,572041,445055,"54.7991","null","null","null","null","null","null","null",45,"2","Slider",6,3,3,6,3,6,3,6,"Infield shift","Standard"
"CU","2018-08-03","69.0","2.3546","6.5326","Patrick Corbin",446334,571578,"null","called_strike",,,,,"7","null","R","R","L","ARI","SF","S","null","null",0,0,2018,"-0.0292","0.0936","-0.4786","1.6946","null","null","null",1,5,"Top","null","null",,,488671,,"180804_033036","-5.2937","-100.4205","-1.6175","0.5961","15.0011","-31.5318","3.7873","1.7561","null","null","null","68.6170","2023","5.8020",531061,571578,488671,502671,518614,500871,606466,444482,572041,445055,"54.6998","null","null","null","null","null","null","null",45,"1","Curveball",6,3,3,6,3,6,3,6,"Infield shift","Standard"
"FF","2018-08-03","87.2","2.1721","6.3519","Patrick Corbin",460026,571578,"null","called_strike",,,,,"7","null","R","R","L","ARI","SF","S","null","null",2,1,2018,"0.9123","1.4460","-0.4407","1.9077","null","null","null",0,5,"Top","null","null",,,488671,,"180804_032943","-8.1484","-126.5753","-7.4145","11.5378","27.6883","-15.3184","3.3947","1.6362","null","null","null","86.8470","2265","6.3680",531061,571578,488671,502671,518614,500871,606466,444482,572041,445055,"54.1343","null","null","null","null","null","null","null",44,"4","4-Seam Fastball",6,3,3,6,3,6,3,6,"Infield shift","Standard"
"SL","2018-08-03","79.9","2.5284","6.2329","Patrick Corbin",460026,571578,"null","ball",,,,,"13","null","R","R","L","ARI","SF","B","null","null",1,1,2018,"-0.1086","-0.0099","-0.4311","1.0277","null","null","null",0,5,"Top","null","null",,,488671,,"180804_032929","-6.2502","-116.0435","-4.5710","0.3595","24.3931","-31.5713","3.3671","1.6962","null","null","null","78.6880","2318","5.8300",531061,571578,488671,502671,518614,500871,606466,444482,572041,445055,"54.6721","null","null","null","null","null","null","null",44,"3","Slider",6,3,3,6,3,6,3,6,"Infield shift","Standard"
"FF","2018-08-03","87.4","2.3233","6.3556","Patrick Corbin",460026,571578,"null","ball",,,,,"12","null","R","R","L","ARI","SF","B","null","null",0,0,2018,"0.8328","1.5252","1.6253","4.1336","null","null","null",0,5,"Top","null","null",,,488671,,"180804_032857","-3.3919","-127.2199","-2.3062","9.7112","27.7225","-15.4731","3.3671","1.6662","null","null","null","87.1650","2167","6.2670",531061,571578,488671,502671,518614,500871,606466,444482,572041,445055,"54.2350","null","null","null","null","null","null","null",44,"1","4-Seam Fastball",6,3,3,6,3,6,3,6,"Infield shift","Standard"
"SI","2018-08-03","89.4","2.9980","6.3277","Ty Blach",518614,621389,"null","called_strike",,,,,"7","null","R","L","L","ARI","SF","S","null","null",1,0,2018,"1.2428","1.2527","-0.7571","2.0084","502671.00","444482.00","572041.00",1,4,"Bot","null","null",,,460026,,"180804_032526","-11.2617","-129.2616","-6.8210","15.3723","25.1836","-17.8473","3.2971","1.6662","null","null","null","86.4070","2213","4.5950",531061,621389,460026,596103,488818,446334,543063,452254,621453,457705,"55.9067","null","null","null","null","null","null","null",43,"2","Sinker",6,3,6,3,3,6,6,3,"Standard","Standard"
"SI","2018-08-03","89.6","2.9894","6.2766","Ty Blach",518614,621389,"null","ball",,,,,"11","null","R","L","L","ARI","SF","B","null","null",0,0,2018,"1.2892","1.2036","-1.1057","2.6791","502671.00","444482.00","572041.00",1,4,"Bot","null","null",,,460026,,"180804_032505","-12.1884","-129.5963","-5.0577","16.1259","25.3762","-18.6419","3.3042","1.6362","null","null","null","86.6260","2231","4.5970",531061,621389,460026,596103,488818,446334,543063,452254,621453,457705,"55.9047","null","null","null","null","null","null","null",43,"1","Sinker",6,3,6,3,3,6,6,3,"Standard","Standard"
"FC","2018-08-03","89.0","-1.7329","6.0751","Chris Stratton",572041,608717,"walk","ball",,,,,"11","A.  J.   Pollock walks.  ","R","R","R","ARI","SF","B","null","null",3,2,2018,"0.1547","0.9779","-0.4383","4.2768","502671.00","444482.00","null",0,4,"Bot","null","null",,,460026,,"180804_032051","2.8499","-129.6342","-0.4386","1.1563","26.3875","-21.3295","3.4550","1.6662","null","null","null","88.9820","2455","6.1680",531061,608717,460026,596103,488818,446334,543063,452254,621453,457705,"54.3339","null","null","0.70",1,0,0,"null",41,"7","Cutter",6,3,6,3,3,6,6,3,"Strategic","Standard"
"CH","2018-08-03","83.5","-1.8389","5.9697","Chris Stratton",572041,608717,"null","ball",,,,,"13","null","R","R","R","ARI","SF","B","null","null",2,2,2018,"-0.9004","0.3029","-0.3788","1.1672","502671.00","444482.00","null",0,4,"Bot","null","null",,,460026,,"180804_031925","5.1536","-121.5766","-5.2692","-9.9481","22.7396","-28.3664","3.5758","1.6362","null","null","null","83.9300","1900","6.4390",531061,608717,460026,596103,488818,446334,543063,452254,621453,457705,"54.0629","null","null","null","null","null","null","null",41,"5","Changeup",6,3,6,3,3,6,6,3,"Strategic","Standard"
"FF","2018-08-03","89.8","-1.6134","6.0379","Chris Stratton",572041,608717,"null","ball",,,,,"12","null","R","R","R","ARI","SF","B","null","null",1,1,2018,"0.0391","1.0662","0.1328","3.9160","502671.00","444482.00","null",0,4,"Bot","null","null",,,460026,,"180804_031818","4.2370","-130.7520","-1.5507","-0.3973","26.0897","-19.8530","3.5154","1.6662","null","null","null","89.9430","2639","6.2260",531061,608717,460026,596103,488818,446334,543063,452254,621453,457705,"54.2759","null","null","null","null","null","null","null",41,"3","4-Seam Fastball",6,3,6,3,3,6,6,3,"Strategic","Standard"
"CU","2018-08-03","75.9","-1.6729","6.1198","Chris Stratton",572041,608717,"null","ball",,,,,"11","null","R","R","R","ARI","SF","B","null","null",0,0,2018,"1.5087","-0.9590","-1.2788","3.8296","502671.00","444482.00","null",0,4,"Bot","null","null",,,460026,,"180804_031713","-1.8195","-110.2258","4.0780","12.3422","22.7741","-40.8980","3.4248","1.6662","null","null","null","74.7420","3125","5.9190",531061,608717,460026,596103,488818,446334,543063,452254,621453,457705,"54.5828","null","null","null","null","null","null","null",41,"1","Curveball",6,3,6,3,3,6,6,3,"Strategic","Standard"
"FF","2018-08-03","91.2","-1.6945","5.9543","Chris Stratton",444482,608717,"null","called_strike",,,,,"14","null","R","L","R","ARI","SF","S","null","null",0,1,2018,"-0.3691","0.9720","0.8317","2.0807","null","null","502671.00",0,4,"Bot","null","null",,,460026,,"180804_031539","7.1599","-132.6484","-5.9769","-5.8325","26.8083","-19.6150","3.5661","1.7561","null","null","null","91.5900","2447","6.4290",531061,608717,460026,596103,488818,446334,543063,452254,621453,457705,"54.0733","null","null","null","null","null","null","null",40,"2","4-Seam Fastball",6,3,6,3,3,6,6,3,"Standard","Standard"
"FF","2018-08-03","90.7","-1.5709","6.0401","Chris Stratton",502671,608717,"null","ball",,,,,"13","null","R","R","R","ARI","SF","B","null","null",2,1,2018,"-0.3910","1.2214","-1.2759","1.1565","null","null","null",0,4,"Bot","null","null",,,460026,,"180804_031352","1.5435","-131.9670","-8.8539","-4.8207","24.1280","-16.5856","3.6300","1.6600","null","null","null","90.5100","2495","5.8700",531061,608717,460026,596103,488818,446334,543063,452254,621453,457705,"54.6324","null","null","null","null","null","null","null",39,"4","4-Seam Fastball",6,3,6,3,3,6,6,3,"Standard","Strategic"
"FF","2018-08-03","90.5","-1.7305","6.0293","Chris Stratton",502671,608717,"null","called_strike",,,,,"3","null","R","R","R","ARI","SF","S","null","null",2,0,2018,"0.0398","1.1336","0.6134","3.0154","null","null","null",0,4,"Bot","null","null",,,460026,,"180804_031322","5.7680","-131.8246","-4.0736","-0.6099","24.6086","-18.3015","3.6261","1.6662","null","null","null","91.0350","2574","6.2890",531061,608717,460026,596103,488818,446334,543063,452254,621453,457705,"54.2126","null","null","null","null","null","null","null",39,"3","4-Seam Fastball",6,3,6,3,3,6,6,3,"Standard","Strategic"
"CH","2018-08-03","83.5","-1.7127","5.9184","Chris Stratton",502671,608717,"null","ball",,,,,"14","null","R","R","R","ARI","SF","B","null","null",1,0,2018,"-0.5983","0.3643","0.4463","1.4305","null","null","null",0,4,"Bot","null","null",,,460026,,"180804_031306","6.2305","-121.6095","-4.7379","-7.1778","21.5693","-27.8085","3.5758","1.6561","null","null","null","84.6860","2080","6.8040",531061,608717,460026,596103,488818,446334,543063,452254,621453,457705,"53.6977","null","null","null","null","null","null","null",39,"2","Changeup",6,3,6,3,3,6,6,3,"Standard","Standard"
"FC","2018-08-03","88.9","-1.5678","6.0858","Chris Stratton",502671,608717,"null","ball",,,,,"11","null","R","R","R","ARI","SF","B","null","null",0,0,2018,"0.0291","1.1621","-1.4277","3.5552","null","null","null",0,4,"Bot","null","null",,,460026,,"180804_031251","0.2827","-129.5441","-2.6723","0.2787","23.3538","-18.7259","3.5456","1.6561","null","null","null","89.4170","2483","6.2290",531061,608717,460026,596103,488818,446334,543063,452254,621453,457705,"54.2729","null","null","null","null","null","null","null",39,"1","Cutter",6,3,6,3,3,6,6,3,"Standard","Standard"
"SL","2018-08-03","81.4","2.3309","6.2066","Patrick Corbin",457705,571578,"null","called_strike",,,,,"7","null","R","R","L","ARI","SF","S","null","null",1,1,2018,"-0.3460","-0.0713","-0.5552","1.6966","null","null","608717.00",2,4,"Top","null","null",,,488671,,"180804_030939","-5.7659","-118.2685","-3.3044","-2.0217","23.7059","-32.4196","3.4852","1.6362","null","null","null","80.4510","2367","5.8410",531061,571578,488671,502671,518614,500871,606466,444482,572041,445055,"54.6611","null","null","null","null","null","null","null",38,"3","Slider",6,3,3,6,3,6,3,6,"Infield shift","Standard"
"SL","2018-08-03","80.4","2.4139","6.2795","Patrick Corbin",457705,571578,"null","called_strike",,,,,"7","null","R","R","L","ARI","SF","S","null","null",0,0,2018,"-0.0836","0.0550","-0.6225","2.1443","null","null","608717.00",2,4,"Top","null","null",,,488671,,"180804_030849","-6.5209","-116.8579","-2.4866","0.6069","24.2916","-31.4247","3.4852","1.6662","null","null","null","79.4550","2302","5.9350",531061,571578,488671,502671,518614,500871,606466,444482,572041,445055,"54.5675","null","null","null","null","null","null","null",38,"1","Slider",6,3,3,6,3,6,3,6,"Infield shift","Standard"
"SL","2018-08-03","80.4","2.4085","6.3387","Patrick Corbin",608717,571578,"null","ball",,,,,"13","null","R","R","L","ARI","SF","B","null","null",0,1,2018,"-0.0467","-0.0415","-0.7554","1.1589","null","null","null",2,4,"Top","null","null",,,488671,,"180804_030750","-6.8379","-116.6283","-4.5460","1.0290","24.6197","-31.8556","3.4631","1.6362","null","null","null","79.0320","2332","5.7900",531061,571578,488671,502671,518614,500871,606466,444482,572041,445055,"54.7119","null","null","null","null","null","null","null",37,"2","Slider",6,3,3,6,3,6,3,6,"Standard","Standard"
"FT","2018-08-03","89.5","2.2910","6.3877","Patrick Corbin",608717,571578,"null","called_strike",,,,,"5","null","R","R","L","ARI","SF","S","null","null",0,0,2018,"1.0332","1.2110","0.2281","2.3168","null","null","null",2,4,"Top","null","null",,,488671,,"180804_030736","-7.1626","-129.9426","-6.4362","13.0556","28.6751","-17.5544","3.4631","1.6662","null","null","null","88.4780","2246","5.9000",531061,571578,488671,502671,518614,500871,606466,444482,572041,445055,"54.6018","null","null","null","null","null","null","null",37,"1","2-Seam Fastball",6,3,3,6,3,6,3,6,"Standard","Standard"
"FF","2018-08-03","89.4","2.1992","6.5296","Patrick Corbin",621453,571578,"null","ball",,,,,"1","null","R","L","L","ARI","SF","B","null","null",0,0,2018,"0.6681","1.3976","-0.7696","3.6163","null","null","null",1,4,"Top","null","null",,,488671,,"180804_030624","-8.6547","-129.7225","-3.9944","9.3624","28.7940","-15.9621","3.5456","1.7561","null","null","null","88.6180","2273","6.1010",531061,571578,488671,502671,518614,500871,606466,444482,572041,445055,"54.4012","null","null","null","null","null","null","null",36,"1","4-Seam Fastball",6,3,3,6,3,6,3,6,"Infield shift","Standard"
"CU","2018-08-03","76.2","2.4199","6.4076","Patrick Corbin",452254,571578,"null","called_strike",,,,,"1","null","R","R","L","ARI","SF","S","null","null",1,0,2018,"-0.1824","-0.2989","-0.5288","2.8049","null","null","null",0,4,"Top","null","null",,,488671,,"180804_030530","-5.8122","-110.7106","0.0247","-0.4344","19.7802","-34.8332","3.1835","1.6761","null","null","null","75.4470","2176","5.8290",531061,571578,488671,502671,518614,500871,606466,444482,572041,445055,"54.6728","null","null","null","null","null","null","null",35,"2","Curveball",6,3,3,6,3,6,3,6,"Standard","Standard"
"SL","2018-08-03","80.7","2.5271","6.3273","Patrick Corbin",452254,571578,"null","ball",,,,,"13","null","R","R","L","ARI","SF","B","null","null",0,0,2018,"-0.1197","-0.0706","-1.3557","0.1849","null","null","null",0,4,"Top","null","null",,,488671,,"180804_030512","-8.3117","-117.0620","-6.7721","0.4470","21.5368","-31.8022","3.3042","1.7861","null","null","null","79.8330","2375","5.8100",531061,571578,488671,502671,518614,500871,606466,444482,572041,445055,"54.6919","null","null","null","null","null","null","null",35,"1","Slider",6,3,3,6,3,6,3,6,"Standard","Standard"
"FF","2018-08-03","92.0","-1.7275","5.9474","Chris Stratton",445055,608717,"null","ball",,,,,"14","null","R","L","R","ARI","SF","B","null","null",0,0,2018,"-0.1505","1.3190","1.0738","1.9768","null","null","null",2,3,"Bot","null","null",,,460026,,"180804_030237","7.4683","-133.6392","-7.1097","-3.4829","29.8444","-14.8831","3.5161","1.7861","null","null","null","92.2700","2596","6.6320",531061,608717,460026,596103,488818,446334,543063,452254,621453,457705,"53.8698","null","null","null","null","null","null","null",34,"1","4-Seam Fastball",6,3,6,3,3,6,6,3,"Standard","Standard"
"SL","2018-08-03","83.9","-1.5548","5.9751","Chris Stratton",571578,608717,"strikeout","called_strike",,,,,"13","Patrick Corbin called out on strikes.  ","R","L","R","ARI","SF","S",2,"null",2,2,2018,"0.2701","0.1690","-0.9454","2.3958","null","null","null",1,3,"Bot","null","null",,,460026,,"180804_030158","0.8788","-122.1687","-2.2261","2.5058","23.1467","-30.3067","3.6060","1.9062","null","null","null","83.5450","2875","5.9340",531061,608717,460026,596103,488818,446334,543063,452254,621453,457705,"54.5678","null","null","0.00",1,0,0,"null",33,"5","Slider",6,3,6,3,3,6,6,3,"Standard","Standard"
"CU","2018-08-03","78.3","-1.5499","5.9734","Chris Stratton",571578,608717,"null","ball",,,,,"13","null","R","L","R","ARI","SF","B","null","null",1,2,2018,"1.1299","-1.2423","-0.3536","0.4639","null","null","null",1,3,"Bot","null","null",,,460026,,"180804_030133","0.5250","-113.9557","-2.6715","9.4857","23.6956","-42.4367","3.6060","1.7861","null","null","null","77.3440","2988","5.9000",531061,608717,460026,596103,488818,446334,543063,452254,621453,457705,"54.6016","null","null","null","null","null","null","null",33,"4","Curveball",6,3,6,3,3,6,6,3,"Standard","Standard"
"CU","2018-08-03","74.7","-1.3825","6.1180","Chris Stratton",571578,608717,"null","ball",,,,,"11","null","R","L","R","ARI","SF","B","null","null",0,1,2018,"1.6642","-0.7055","-1.8190","4.2338","null","null","null",1,3,"Bot","null","null",,,460026,,"180804_030058","-3.6859","-108.3718","4.5752","13.3634","21.5710","-38.7291","3.6362","1.7861","null","null","null","73.0940","3005","5.5650",531061,608717,460026,596103,488818,446334,543063,452254,621453,457705,"54.9370","null","null","null","null","null","null","null",33,"2","Curveball",6,3,6,3,3,6,6,3,"Standard","Standard"
"FF","2018-08-03","90.7","-1.6724","6.0576","Chris Stratton",571578,608717,"null","called_strike",,,,,"4","null","R","L","R","ARI","SF","S","null","null",0,0,2018,"-0.2587","1.2772","-0.4862","2.8358","null","null","null",1,3,"Bot","null","null",,,460026,,"180804_030047","3.4885","-131.9453","-4.8243","-3.6939","26.4126","-16.6387","3.6967","1.9662","null","null","null","90.3850","2448","5.9830",531061,608717,460026,596103,488818,446334,543063,452254,621453,457705,"54.5195","null","null","null","null","null","null","null",33,"1","4-Seam Fastball",6,3,6,3,3,6,6,3,"Standard","Standard"
"FC","2018-08-03","90.3","-1.7140","6.0425","Chris Stratton",488671,608717,"null","ball",,,,,"12","null","R","L","R","ARI","SF","B","null","null",2,2,2018,"0.2595","1.0108","0.4253","4.4264","null","null","null",0,3,"Bot","null","null",,,460026,,"180804_025959","4.7395","-131.3625","-0.2140","2.0203","26.0674","-20.8242","3.3042","1.7262","null","null","null","89.7180","2535","5.8080",531061,608717,460026,596103,488818,446334,543063,452254,621453,457705,"54.6942","null","null","null","null","null","null","null",32,"5","Cutter",6,3,6,3,3,6,6,3,"Infield shift","Standard"
"CU","2018-08-03","76.7","-1.5243","6.1055","Chris Stratton",488671,608717,"null","ball",,,,,"13","null","R","L","R","ARI","SF","B","null","null",1,2,2018,"1.2805","-1.3189","-0.9753","1.7632","null","null","null",0,3,"Bot","null","null",,,460026,,"180804_025936","-1.0901","-111.4899","0.2643","10.5522","23.0717","-43.1496","3.3861","1.7262","null","null","null","75.3540","3148","5.7110",531061,608717,460026,596103,488818,446334,543063,452254,621453,457705,"54.7913","null","null","null","null","null","null","null",32,"4","Curveball",6,3,6,3,3,6,6,3,"Infield shift","Standard"
"CU","2018-08-03","77.4","-1.5399","6.1220","Chris Stratton",488671,608717,"null","ball",,,,,"14","null","R","L","R","ARI","SF","B","null","null",0,2,2018,"1.4006","-0.8954","0.0219","1.0186","null","null","null",0,3,"Bot","null","null",,,460026,,"180804_025912","0.8178","-112.5700","-2.1903","11.3237","24.3404","-39.3443","3.3042","1.8161","null","null","null","76.0290","3108","5.7630",531061,608717,460026,596103,488818,446334,543063,452254,621453,457705,"54.7387","null","null","null","null","null","null","null",32,"3","Curveball",6,3,6,3,3,6,6,3,"Infield shift","Standard"
"CU","2018-08-03","75.7","-1.6011","6.1996","Chris Stratton",488671,608717,"null","called_strike",,,,,"9","null","R","L","R","ARI","SF","S","null","null",0,1,2018,"1.3359","-0.9238","0.2948","2.1300","null","null","null",0,3,"Bot","null","null",,,460026,,"180804_025850","1.6113","-110.0347","0.3187","10.1262","22.4845","-39.7606","3.3861","1.6962","null","null","null","74.2270","2976","5.6030",531061,608717,460026,596103,488818,446334,543063,452254,621453,457705,"54.8988","null","null","null","null","null","null","null",32,"2","Curveball",6,3,6,3,3,6,6,3,"Infield shift","Standard"
"FF","2018-08-03","89.6","-1.7895","6.1106","Chris Stratton",488671,608717,"null","called_strike",,,,,"4","null","R","L","R","ARI","SF","S","null","null",0,0,2018,"-0.1274","1.2326","-0.6501","2.8192","null","null","null",0,3,"Bot","null","null",,,460026,,"180804_025759","3.0688","-130.4088","-4.7104","-2.0713","26.7181","-17.4723","3.4550","1.7262","null","null","null","89.3830","2454","6.0880",531061,608717,460026,596103,488818,446334,543063,452254,621453,457705,"54.4138","null","null","null","null","null","null","null",32,"1","4-Seam Fastball",6,3,6,3,3,6,6,3,"Infield shift","Standard"
"SL","2018-08-03","80.9","2.3197","6.2183","Patrick Corbin",488818,571578,"strikeout","called_strike",,,,,"2","Chase d'Arnaud called out on strikes.  ","R","R","L","ARI","SF","S",2,"null",1,2,2018,"-0.2774","-0.4537","0.0435","2.8693","null","null","596103.00",2,3,"Top","null","null",,,488671,,"180804_025531","-4.5293","-117.6299","0.0658","-1.6418","23.3454","-36.5822","3.3042","1.6662","null","null","null","80.3580","2455","6.0680",531061,571578,488671,502671,518614,500871,606466,444482,572041,445055,"54.4345","null","null","0.00",1,0,0,"null",31,"4","Slider",6,3,3,6,3,6,3,6,"Standard","Standard"
"SL","2018-08-03","80.7","2.3023","6.3187","Patrick Corbin",488818,571578,"null","ball",,,,,"11","null","R","R","L","ARI","SF","B","null","null",0,0,2018,"-0.6217","0.1039","-0.2065","3.6347","null","null","596103.00",2,3,"Top","null","null",,,488671,,"180804_025331","-4.3715","-117.3125","0.5396","-4.6905","23.7987","-31.6184","3.2438","1.5611","null","null","null","79.4970","2427","5.6760",531061,571578,488671,502671,518614,500871,606466,444482,572041,445055,"54.8257","null","null","null","null","null","null","null",31,"1","Slider",6,3,3,6,3,6,3,6,"Standard","Standard"
"FF","2018-08-03","90.9","2.3096","6.1774","Patrick Corbin",596103,571578,"null","ball",,,,,"12","null","R","R","L","ARI","SF","B","null","null",0,1,2018,"0.5058","1.2135","0.2727","4.3218","null","446334.00","null",2,3,"Top","null","null",,,488671,,"180804_024725","-6.1952","-132.1994","-1.3232","7.2759","28.8211","-17.8875","3.4631","1.6962","null","null","null","90.9140","2339","6.3830",531061,571578,488671,502671,518614,500871,606466,444482,572041,445055,"54.1195","null","null","null","null","null","null","null",30,"2","4-Seam Fastball",6,2,2,6,2,6,2,6,"Standard","Standard"
"FT","2018-08-03","91.4","2.2260","6.2623","Patrick Corbin",446334,571578,"null","called_strike",,,,,"6","null","R","R","L","ARI","SF","S","null","null",1,0,2018,"1.0567","1.2473","0.6013","2.8233","null","null","457763.00",1,3,"Top","null","null",,,488671,,"180804_024154","-6.3204","-132.8238","-5.3608","13.7921","30.9873","-16.6313","3.7873","1.7262","null","null","null","90.6470","2340","6.1100",531061,571578,488671,502671,518614,500871,606466,444482,572041,445055,"54.3919","null","null","null","null","null","null","null",28,"2","2-Seam Fastball",6,1,1,6,1,6,1,6,"Infield shift","Standard"
"FF","2018-08-03","90.9","2.1681","6.3442","Patrick Corbin",446334,571578,"null","ball",,,,,"13","null","R","R","L","ARI","SF","B","null","null",0,0,2018,"0.7240","1.4773","-1.0406","2.1091","null","null","457763.00",1,3,"Top","null","null",,,488671,,"180804_024136","-9.5475","-131.7391","-7.7440","10.5229","29.7108","-13.5809","3.7571","1.6962","null","null","null","90.2960","2328","6.2870",531061,571578,488671,502671,518614,500871,606466,444482,572041,445055,"54.2154","null","null","null","null","null","null","null",28,"1","4-Seam Fastball",6,1,1,6,1,6,1,6,"Infield shift","Standard"
"FT","2018-08-03","90.4","2.2789","6.3391","Patrick Corbin",457763,571578,"null","ball",,,,,"14","null","R","R","L","ARI","SF","B","null","null",0,0,2018,"1.2458","1.1321","0.4442","1.2118","null","null","null",1,3,"Top","null","null",,,488671,,"180804_024037","-7.1767","-131.1738","-9.1187","15.8436","29.5269","-17.4283","3.3645","1.5611","null","null","null","89.7430","2226","6.1900",531061,571578,488671,502671,518614,500871,606466,444482,572041,445055,"54.3119","null","null","null","null","null","null","null",27,"1","2-Seam Fastball",6,1,1,6,1,6,1,6,"Standard","Standard"
"FT","2018-08-03","90.6","2.3592","6.3535","Patrick Corbin",457705,571578,"null","ball",,,,,"14","null","R","R","L","ARI","SF","B","null","null",2,2,2018,"1.4009","0.9051","1.6375","1.7914","null","null","null",0,3,"Top","null","null",,,488671,,"180804_023941","-4.7627","-131.6699","-7.3189","17.2044","29.4215","-20.3455","3.4550","1.6362","null","null","null","90.1390","2384","6.1980",531061,571578,488671,502671,518614,500871,606466,444482,572041,445055,"54.3039","null","null","null","null","null","null","null",26,"5","2-Seam Fastball",6,1,1,6,1,6,1,6,"Infield shift","Standard"
"FT","2018-08-03","89.7","2.1215","6.3944","Patrick Corbin",457705,571578,"null","called_strike",,,,,"4","null","R","R","L","ARI","SF","S","null","null",2,1,2018,"1.2151","0.9187","-0.4709","2.4648","null","null","null",0,3,"Top","null","null",,,488671,,"180804_023923","-8.9194","-130.2284","-5.5784","15.6441","28.5445","-20.8358","3.4550","1.6662","null","null","null","89.1340","2263","6.1680",531061,571578,488671,502671,518614,500871,606466,444482,572041,445055,"54.3345","null","null","null","null","null","null","null",26,"4","2-Seam Fastball",6,1,1,6,1,6,1,6,"Infield shift","Standard"
"SL","2018-08-03","81.8","2.3795","6.3101","Patrick Corbin",457705,571578,"null","ball",,,,,"13","null","R","R","L","ARI","SF","B","null","null",1,1,2018,"-0.1258","-0.0334","-0.8360","0.6227","null","null","null",0,3,"Top","null","null",,,488671,,"180804_023905","-6.9305","-118.7769","-6.1282","0.0954","21.6995","-31.5979","3.4550","1.6362","null","null","null","81.0240","2460","5.7790",531061,571578,488671,502671,518614,500871,606466,444482,572041,445055,"54.7233","null","null","null","null","null","null","null",26,"3","Slider",6,1,1,6,1,6,1,6,"Infield shift","Standard"
"FT","2018-08-03","88.8","2.4092","6.3698","Patrick Corbin",457705,571578,"null","called_strike",,,,,"14","null","R","R","L","ARI","SF","S","null","null",1,0,2018,"1.4057","1.0442","1.2310","1.7959","null","null","null",0,3,"Top","null","null",,,488671,,"180804_023847","-5.7317","-128.8796","-7.1852","16.6434","27.7842","-19.4226","3.3645","1.4864","null","null","null","87.9070","2203","5.9610",531061,571578,488671,502671,518614,500871,606466,444482,572041,445055,"54.5408","null","null","null","null","null","null","null",26,"2","2-Seam Fastball",6,1,1,6,1,6,1,6,"Infield shift","Standard"
"SL","2018-08-03","79.4","2.4222","6.3470","Patrick Corbin",457705,571578,"null","ball",,,,,"14","null","R","R","L","ARI","SF","B","null","null",0,0,2018,"0.0987","0.1696","0.2927","0.5953","null","null","null",0,3,"Top","null","null",,,488671,,"180804_023830","-4.7897","-115.3702","-6.0760","1.7280","20.7392","-29.8268","3.3151","1.5763","null","null","null","78.6950","2272","5.8030",531061,571578,488671,502671,518614,500871,606466,444482,572041,445055,"54.6994","null","null","null","null","null","null","null",26,"1","Slider",6,1,1,6,1,6,1,6,"Infield shift","Standard"
"FT","2018-08-03","89.8","-1.8737","5.9662","Chris Stratton",518614,608717,"null","ball",,,,,"13","null","R","L","R","ARI","SF","B","null","null",0,0,2018,"-0.7355","0.6751","-1.6014","2.3434","null","572041.00","500871.00",0,2,"Bot","null","null",,,457763,,"180804_023440","2.2247","-130.8506","-4.4542","-8.8955","26.2734","-23.7341","3.2971","1.6662","null","null","null","90.0400","2400","6.2560",531061,608717,457763,596103,488818,446334,543063,452254,621453,457705,"54.2464","null","null","null","null","null","null","null",24,"1","2-Seam Fastball",6,1,6,1,1,6,6,1,"Standard","Standard"
"SL","2018-08-03","83.4","-1.6454","6.0715","Chris Stratton",572041,608717,"null","called_strike",,,,,"6","null","R","R","R","ARI","SF","S","null","null",2,0,2018,"0.4641","0.0571","0.2963","2.3557","null","null","null",0,2,"Bot","null","null",,,457763,,"180804_023212","3.5337","-121.3345","-2.2098","3.8218","22.9598","-31.4442","3.4852","1.7561","null","null","null","82.5960","2948","5.6920",531061,608717,457763,596103,488818,446334,543063,452254,621453,457705,"54.8099","null","null","null","null","null","null","null",22,"3","Slider",6,1,6,1,1,6,6,1,"Infield shift","Standard"
"FF","2018-08-03","92.0","-1.5625","5.9743","Chris Stratton",572041,608717,"null","ball",,,,,"14","null","R","R","R","ARI","SF","B","null","null",1,0,2018,"0.1082","1.2974","1.0899","2.3803","null","null","null",0,2,"Bot","null","null",,,457763,,"180804_023149","6.4894","-133.8631","-6.1029","-0.0220","27.3134","-15.5221","3.4852","1.6362","null","null","null","92.1650","2563","6.2720",531061,608717,457763,596103,488818,446334,543063,452254,621453,457705,"54.2298","null","null","null","null","null","null","null",22,"2","4-Seam Fastball",6,1,6,1,1,6,6,1,"Infield shift","Standard"
"FF","2018-08-03","91.3","-1.6716","6.0367","Chris Stratton",572041,608717,"null","ball",,,,,"1","null","R","R","R","ARI","SF","B","null","null",0,0,2018,"-0.3199","1.0948","-0.3238","3.3910","null","null","null",0,2,"Bot","null","null",,,457763,,"180804_023124","4.0416","-132.9233","-3.1275","-4.5492","25.9817","-18.9115","3.5758","1.5763","null","null","null","91.0650","2545","5.9240",531061,608717,457763,596103,488818,446334,543063,452254,621453,457705,"54.5778","null","null","null","null","null","null","null",22,"1","4-Seam Fastball",6,1,6,1,1,6,6,1,"Infield shift","Standard"
"FT","2018-08-03","87.9","-1.6227","6.0652","Chris Stratton",444482,608717,"null","called_strike",,,,,"2","null","R","L","R","ARI","SF","S","null","null",2,0,2018,"-0.6209","0.7328","-0.0771","2.9550","null","null","null",0,2,"Bot","null","null",,,457763,,"180804_023012","4.9990","-127.8850","-2.8838","-7.8100","27.8323","-23.8531","3.3343","1.7861","null","null","null","87.3730","2306","6.0940",531061,608717,457763,596103,488818,446334,543063,452254,621453,457705,"54.4082","null","null","null","null","null","null","null",21,"3","2-Seam Fastball",5,1,5,1,1,5,5,1,"Infield shift","Standard"
"SL","2018-08-03","82.4","-1.7735","6.0268","Chris Stratton",444482,608717,"null","ball",,,,,"13","null","R","L","R","ARI","SF","B","null","null",1,0,2018,"0.2448","0.0150","-0.2897","1.2260","null","null","null",0,2,"Bot","null","null",,,457763,,"180804_022956","2.8784","-119.9258","-4.3788","1.7572","23.2961","-31.4257","3.6362","1.6962","null","null","null","81.6780","2765","5.8040",531061,608717,457763,596103,488818,446334,543063,452254,621453,457705,"54.6982","null","null","null","null","null","null","null",21,"2","Slider",5,1,5,1,1,5,5,1,"Standard","Standard"
"SL","2018-08-03","82.2","-1.9205","6.0684","Chris Stratton",444482,608717,"null","ball",,,,,"13","null","R","L","R","ARI","SF","B","null","null",0,0,2018,"0.0490","0.0454","-0.9738","2.3220","null","null","null",0,2,"Bot","null","null",,,457763,,"180804_022944","2.0287","-119.5828","-2.0253","0.0725","22.8466","-31.6080","3.4550","1.7861","null","null","null","81.3230","2760","5.6900",531061,608717,457763,596103,488818,446334,543063,452254,621453,457705,"54.8125","null","null","null","null","null","null","null",21,"1","Slider",5,1,5,1,1,5,5,1,"Standard","Standard"
"SL","2018-08-03","82.9","2.2729","6.2532","Patrick Corbin",608717,571578,"null","ball",,,,,"13","null","R","R","L","ARI","SF","B","null","null",0,2,2018,"0.0411","-0.4275","-0.8104","0.4031","null","null","null",2,2,"Top","null","null",,,488671,,"180804_022646","-7.0579","-120.4209","-6.0019","1.7448","23.0569","-35.3567","3.4550","1.6062","null","null","null","82.2040","2561","5.8910",531061,571578,488671,502671,518614,500871,606466,444482,572041,445055,"54.6115","null","null","null","null","null","null","null",20,"3","Slider",5,1,1,5,1,5,1,5,"Standard","Standard"
"FT","2018-08-03","91.0","2.2272","6.2746","Patrick Corbin",608717,571578,"null","called_strike",,,,,"12","null","R","R","L","ARI","SF","S","null","null",0,0,2018,"1.3087","0.8074","1.2798","2.7411","null","null","null",2,2,"Top","null","null",,,488671,,"180804_022610","-5.1763","-132.3243","-4.6787","16.4545","28.2204","-21.9219","3.2740","1.3367","null","null","null","90.9760","2189","6.3160",531061,571578,488671,502671,518614,500871,606466,444482,572041,445055,"54.1865","null","null","null","null","null","null","null",20,"1","2-Seam Fastball",5,1,1,5,1,5,1,5,"Standard","Standard"
"SL","2018-08-03","82.6","2.3833","6.1920","Patrick Corbin",621453,571578,"null","ball",,,,,"13","null","R","L","L","ARI","SF","B","null","null",1,2,2018,"-0.1662","-0.3314","-1.6970","-0.4100","null","null","null",1,2,"Top","null","null",,,488671,,"180804_022508","-8.8838","-119.6141","-7.6227","0.5073","27.7524","-33.7810","3.4631","1.6662","null","null","null","81.1500","2507","6.0430",531061,571578,488671,502671,518614,500871,606466,444482,572041,445055,"54.4595","null","null","null","null","null","null","null",19,"4","Slider",5,1,1,5,1,5,1,5,"Infield shift","Standard"
"FF","2018-08-03","90.5","2.1640","6.3282","Patrick Corbin",621453,571578,"null","called_strike",,,,,"13","null","R","L","L","ARI","SF","S","null","null",1,1,2018,"0.6337","1.3607","-0.8484","1.9989","null","null","null",1,2,"Top","null","null",,,488671,,"180804_022445","-8.8390","-131.2713","-7.6795","9.2361","28.8651","-15.0509","3.4631","1.6662","null","null","null","90.1020","2250","6.3120",531061,571578,488671,502671,518614,500871,606466,444482,572041,445055,"54.1897","null","null","null","null","null","null","null",19,"3","4-Seam Fastball",5,1,1,5,1,5,1,5,"Infield shift","Standard"
"FF","2018-08-03","90.1","2.0446","6.5094","Patrick Corbin",621453,571578,"null","ball",,,,,"11","null","R","L","L","ARI","SF","B","null","null",0,0,2018,"0.7203","1.5089","-0.9596","2.9494","null","null","null",1,2,"Top","null","null",,,488671,,"180804_022401","-8.9017","-130.8329","-5.9748","10.0426","27.4621","-14.0286","3.4631","1.7262","null","null","null","89.4610","2316","6.0030",531061,571578,488671,502671,518614,500871,606466,444482,572041,445055,"54.4989","null","null","null","null","null","null","null",19,"1","4-Seam Fastball",5,1,1,5,1,5,1,5,"Infield shift","Standard"
"FT","2018-08-03","90.1","2.2576","6.4045","Patrick Corbin",452254,571578,"null","ball",,,,,"12","null","R","R","L","ARI","SF","B","null","null",0,1,2018,"1.1023","1.2990","1.6171","2.6333","null","null","null",0,2,"Top","null","null",,,488671,,"180804_022300","-3.8664","-130.9376","-6.0551","13.3193","27.9695","-16.3952","3.4550","1.7861","null","null","null","89.3980","2209","5.9570",531061,571578,488671,502671,518614,500871,606466,444482,572041,445055,"54.5446","null","null","null","null","null","null","null",18,"2","2-Seam Fastball",5,1,1,5,1,5,1,5,"Standard","Standard"
"FT","2018-08-03","89.6","2.2688","6.3419","Patrick Corbin",452254,571578,"null","called_strike",,,,,"14","null","R","R","L","ARI","SF","S","null","null",0,0,2018,"1.3534","1.0500","0.9343","2.4520","null","null","null",0,2,"Top","null","null",,,488671,,"180804_022245","-6.1109","-130.1970","-5.7839","16.5756","26.9636","-19.3184","3.3947","1.6962","null","null","null","89.3370","2239","6.1770",531061,571578,488671,502671,518614,500871,606466,444482,572041,445055,"54.3249","null","null","null","null","null","null","null",18,"1","2-Seam Fastball",5,1,1,5,1,5,1,5,"Standard","Standard"
"CU","2018-08-03","77.2","-1.6751","6.1279","Chris Stratton",502671,608717,"null","called_strike",,,,,"11","null","R","R","R","ARI","SF","S","null","null",0,0,2018,"1.3824","-1.0154","-0.9074","2.7405","488671.00","571578.00","445055.00",2,1,"Bot","null","null",,,457763,,"180804_021630","-0.8491","-112.2383","1.7070","11.5581","24.1885","-41.1739","3.6261","1.6962","null","null","null","76.1270","3223","6.0000",531061,608717,457763,596103,488818,446334,543063,452254,621453,457705,"54.5016","null","null","null","null","null","null","null",17,"1","Curveball",5,1,5,1,1,5,5,1,"Standard","Standard"
"FF","2018-08-03","91.8","-1.8397","5.9723","Chris Stratton",488671,608717,"walk","ball",,,,,"13","Alex Avila walks.   Eduardo Escobar scores.    Daniel Descalso to 3rd.    Ketel Marte to 2nd.  ","R","L","R","ARI","SF","B","null","null",3,1,2018,"-0.2587","1.2106","-0.4869","1.2281","500871.00","518614.00","606466.00",2,1,"Bot","null","null",,,457763,,"180804_021251","4.0015","-133.5946","-8.8691","-3.9178","26.1324","-15.9574","3.3861","1.7561","null","null","null","92.5090","2377","6.5040",531061,608717,457763,596103,488818,446334,543063,452254,621453,457705,"53.9976","null","null","0.70",1,0,0,"null",14,"5","4-Seam Fastball",2,1,2,1,1,2,2,1,"Infield shift","Standard"
"FF","2018-08-03","92.0","-1.7860","5.9360","Chris Stratton",488671,608717,"null","called_strike",,,,,"3","null","R","L","R","ARI","SF","S","null","null",3,0,2018,"0.0121","0.9649","0.3389","3.1812","500871.00","518614.00","606466.00",2,1,"Bot","null","null",,,457763,,"180804_021206","5.3945","-133.9812","-3.3090","-0.9582","27.4585","-19.9380","3.3861","1.6362","null","null","null","92.7320","2468","6.5680",531061,608717,457763,596103,488818,446334,543063,452254,621453,457705,"53.9338","null","null","null","null","null","null","null",14,"4","4-Seam Fastball",2,1,2,1,1,2,2,1,"Infield shift","Standard"
"FF","2018-08-03","91.8","-1.7484","5.9614","Chris Stratton",488671,608717,"null","ball",,,,,"11","null","R","L","R","ARI","SF","B","null","null",2,0,2018,"0.0532","1.1819","-0.0345","3.5269","500871.00","518614.00","606466.00",2,1,"Bot","null","null",,,457763,,"180804_021136","4.2219","-133.6859","-2.9038","-0.2010","26.5940","-17.6013","3.3861","1.7561","null","null","null","92.0870","2475","6.2490",531061,608717,457763,596103,488818,446334,543063,452254,621453,457705,"54.2530","null","null","null","null","null","null","null",14,"3","4-Seam Fastball",2,1,2,1,1,2,2,1,"Infield shift","Standard"
"SL","2018-08-03","83.9","-1.7358","5.9921","Chris Stratton",488671,608717,"null","ball",,,,,"13","null","R","L","R","ARI","SF","B","null","null",1,0,2018,"0.3835","-0.2566","-0.0322","1.4988","500871.00","518614.00","606466.00",2,1,"Bot","null","null",,,457763,,"180804_021104","3.1745","-122.1880","-3.4965","3.1789","23.5392","-34.2683","3.3861","1.7262","null","null","null","83.4880","2806","5.9240",531061,608717,457763,596103,488818,446334,543063,452254,621453,457705,"54.5783","null","null","null","null","null","null","null",14,"2","Slider",2,1,2,1,1,2,2,1,"Standard","Standard"
"CH","2018-08-03","85.8","-1.8694","5.9546","Chris Stratton",488671,608717,"null","ball",,,,,"13","null","R","L","R","ARI","SF","B","null","null",0,0,2018,"-0.9440","0.0919","-0.7262","1.2153","500871.00","518614.00","606466.00",2,1,"Bot","null","null",,,457763,,"180804_021036","4.6449","-124.9254","-5.2223","-10.8584","22.7351","-30.4349","3.3861","1.6662","null","null","null","86.5540","2030","6.5250",531061,608717,457763,596103,488818,446334,543063,452254,621453,457705,"53.9771","null","null","null","null","null","null","null",14,"1","Changeup",2,1,2,1,1,2,2,1,"Standard","Standard"
"SL","2018-08-03","82.9","-1.8511","6.0188","Chris Stratton",606466,608717,"null","ball",,,,,"13","null","R","L","R","ARI","SF","B","null","null",0,2,2018,"0.3438","-0.1602","-1.9402","2.2868","null","500871.00","518614.00",2,1,"Bot","null","null",,,457763,,"180804_020913","-0.8557","-120.6138","-1.7298","3.4650","23.4480","-33.6146","3.8176","1.7561","null","null","null","82.2560","2773","5.8670",531061,608717,457763,596103,488818,446334,543063,452254,621453,457705,"54.6354","null","null","null","null","null","null","null",13,"3","Slider",2,1,2,1,1,2,2,1,"Standard","Standard"
"SL","2018-08-03","83.1","-1.8980","6.0667","Chris Stratton",606466,608717,"null","called_strike",,,,,"13","null","R","L","R","ARI","SF","S","null","null",0,0,2018,"0.2420","0.0464","-0.9519","2.2269","null","500871.00","518614.00",2,1,"Bot","null","null",,,457763,,"180804_020824","1.6887","-120.9572","-2.4030","2.0006","23.8559","-31.4946","3.7873","1.8161","null","null","null","82.4530","2858","5.8680",531061,608717,457763,596103,488818,446334,543063,452254,621453,457705,"54.6340","null","null","null","null","null","null","null",13,"1","Slider",2,1,2,1,1,2,2,1,"Standard","Standard"
"FC","2018-08-03","90.8","-1.9604","6.0006","Chris Stratton",518614,608717,"walk","ball",,,,,"11","Daniel Descalso walks.  ","R","L","R","ARI","SF","B","null","null",3,1,2018,"0.0617","0.8185","-0.5885","3.7112","null","500871.00","null",2,1,"Bot","null","null",,,457763,,"180804_020743","3.3018","-132.2309","-1.5971","0.0594","26.6256","-22.4559","3.2740","1.6662","null","null","null","91.0050","2593","6.2490",531061,608717,457763,596103,488818,446334,543063,452254,621453,457705,"54.2534","null","null","0.70",1,0,0,"null",12,"5","Cutter",2,1,2,1,1,2,2,1,"Standard","Standard"
"CH","2018-08-03","84.9","-1.7163","5.9997","Chris Stratton",518614,608717,"null","ball",,,,,"13","null","R","L","R","ARI","SF","B","null","null",2,1,2018,"-1.1055","0.3071","-1.0550","1.4789","null","500871.00","null",2,1,"Bot","null","null",,,457763,,"180804_020717","3.7595","-123.6396","-4.9041","-12.0753","23.7186","-28.2875","3.2137","1.6362","null","null","null","85.1400","2137","6.3190",531061,608717,457763,596103,488818,446334,543063,452254,621453,457705,"54.1828","null","null","null","null","null","null","null",12,"4","Changeup",2,1,2,1,1,2,2,1,"Standard","Standard"
"CH","2018-08-03","85.4","-1.7968","5.9540","Chris Stratton",518614,608717,"null","ball",,,,,"13","null","R","L","R","ARI","SF","B","null","null",1,1,2018,"-1.0431","0.3660","-0.6984","0.9566","null","500871.00","null",2,1,"Bot","null","null",,,457763,,"180804_020651","4.6997","-124.2719","-6.2423","-11.7677","24.1786","-27.3565","3.2137","1.5163","null","null","null","85.6980","2108","6.4180",531061,608717,457763,596103,488818,446334,543063,452254,621453,457705,"54.0841","null","null","null","null","null","null","null",12,"3","Changeup",2,1,2,1,1,2,2,1,"Standard","Standard"
"CU","2018-08-03","78.5","-1.7544","6.1638","Chris Stratton",518614,608717,"null","called_strike",,,,,"7","null","R","L","R","ARI","SF","S","null","null",0,0,2018,"1.1704","-0.9695","-0.3843","2.1628","null","500871.00","null",2,1,"Bot","null","null",,,457763,,"180804_020538","0.8312","-114.2456","0.0104","9.8185","23.2592","-40.7162","3.2971","1.6662","null","null","null","77.5370","3201","5.8370",531061,608717,457763,596103,488818,446334,543063,452254,621453,457705,"54.6648","null","null","null","null","null","null","null",12,"1","Curveball",2,1,2,1,1,2,2,1,"Standard","Standard"
"FF","2018-08-03","91.2","-1.6755","6.0117","Chris Stratton",500871,608717,"null","called_strike",,,,,"6","null","R","L","R","ARI","SF","S","null","null",0,0,2018,"-0.5562","1.1111","0.5668","2.3616","null","444482.00","null",2,1,"Bot","null","null",,,457763,,"180804_020420","6.7985","-132.5721","-5.6743","-7.8790","25.7295","-18.1730","3.2438","1.7561","null","null","null","91.2410","2379","6.1680",531061,608717,457763,596103,488818,446334,543063,452254,621453,457705,"54.3338","null","null","null","null","null","null","null",11,"1","4-Seam Fastball",1,1,1,1,1,1,1,1,"Standard","Standard"
"CU","2018-08-03","78.9","-1.6667","6.0468","Chris Stratton",572041,608717,"null","called_strike",,,,,"8","null","R","R","R","ARI","SF","S","null","null",0,1,2018,"1.3840","-0.8412","-0.0915","1.9465","null","null","444482.00",1,1,"Bot","null","null",,,457763,,"180804_020141","0.8849","-114.6919","-0.4644","11.7082","24.1053","-39.5772","3.4852","1.5763","null","null","null","77.8070","3107","5.8850",531061,608717,457763,596103,488818,446334,543063,452254,621453,457705,"54.6169","null","null","null","null","null","null","null",10,"2","Curveball",1,1,1,1,1,1,1,1,"Standard","Standard"
"CH","2018-08-03","84.8","-1.7439","6.0252","Chris Stratton",444482,608717,"null","called_strike",,,,,"5","null","R","L","R","ARI","SF","S","null","null",1,0,2018,"-0.8577","0.2450","-0.2106","2.6844","null","null","null",1,1,"Bot","null","null",,,457763,,"180804_015907","5.2948","-123.5370","-2.0370","-9.7732","22.1917","-29.4855","3.4550","1.6962","null","null","null","85.2160","2100","6.2800",531061,608717,457763,596103,488818,446334,543063,452254,621453,457705,"54.2223","null","null","null","null","null","null","null",9,"2","Changeup",1,1,1,1,1,1,1,1,"Infield shift","Standard"
"FT","2018-08-03","91.0","-1.8086","6.0492","Chris Stratton",444482,608717,"null","ball",,,,,"13","null","R","L","R","ARI","SF","B","null","null",0,0,2018,"-0.8564","0.8976","-0.8398","1.7962","null","null","null",1,1,"Bot","null","null",,,457763,,"180804_015855","4.2307","-132.3281","-6.6434","-10.8737","27.8957","-20.5355","3.5758","1.7861","null","null","null","90.6760","2417","6.1060",531061,608717,457763,596103,488818,446334,543063,452254,621453,457705,"54.3965","null","null","null","null","null","null","null",9,"1","2-Seam Fastball",1,1,1,1,1,1,1,1,"Infield shift","Standard"
"SL","2018-08-03","83.6","-1.8106","6.1144","Chris Stratton",502671,608717,"null","ball",,,,,"11","null","R","R","R","ARI","SF","B","null","null",0,0,2018,"0.3555","-0.2928","-1.1992","2.6427","null","null","null",1,1,"Bot","null","null",,,457763,,"180804_015748","0.7178","-121.6988","-1.0215","3.3221","23.5373","-35.0701","3.5758","1.5163","null","null","null","82.8440","2934","5.7330",531061,608717,457763,596103,488818,446334,543063,452254,621453,457705,"54.7689","null","null","null","null","null","null","null",8,"1","Slider",0,1,0,1,1,0,0,1,"Standard","Standard"
"FF","2018-08-03","91.4","-1.8428","6.1114","Chris Stratton",445055,608717,"null","called_strike",,,,,"8","null","R","L","R","ARI","SF","S","null","null",0,0,2018,"-0.4040","1.1944","-0.1373","2.2666","null","null","null",0,1,"Bot","null","null",,,457763,,"180804_015700","5.1085","-132.9244","-6.3321","-5.7357","25.7728","-17.1325","3.6664","1.8461","null","null","null","91.0400","2484","5.8920",531061,608717,457763,596103,488818,446334,543063,452254,621453,457705,"54.6100","null","null","null","null","null","null","null",7,"1","4-Seam Fastball",0,1,0,1,1,0,0,1,"Standard","Standard"
"SL","2018-08-03","80.9","2.3307","6.2332","Patrick Corbin",488818,571578,"null","called_strike",,,,,"8","null","R","R","L","ARI","SF","S","null","null",1,0,2018,"-0.0324","0.0301","0.2176","1.9737","446334.00","null","596103.00",2,1,"Top","null","null",,,488671,,"180804_015324","-4.6141","-117.6875","-2.8646","0.6181","23.2946","-31.5822","3.3947","1.6362","null","null","null","80.1400","2265","5.8810",531061,571578,488671,502671,518614,500871,606466,444482,572041,445055,"54.6206","null","null","null","null","null","null","null",6,"2","Slider",0,1,1,0,1,0,1,0,"Standard","Standard"
"CU","2018-08-03","72.6","2.4218","6.3308","Patrick Corbin",488818,571578,"null","ball",,,,,"14","null","R","R","L","ARI","SF","B","null","null",0,0,2018,"-0.1321","0.0568","0.3008","1.2266","446334.00","null","596103.00",2,1,"Top","null","null",,,488671,,"180804_015254","-3.9580","-105.4047","-2.7668","-0.2100","19.7032","-31.5314","3.4248","1.5763","null","null","null","71.1530","2087","5.5230",531061,571578,488671,502671,518614,500871,606466,444482,572041,445055,"54.9795","null","null","null","null","null","null","null",6,"1","Curveball",0,1,1,0,1,0,1,0,"Standard","Standard"
"FF","2018-08-03","91.5","2.2438","6.2638","Patrick Corbin",596103,571578,"null","called_strike",,,,,"8","null","R","R","L","ARI","SF","S","null","null",0,0,2018,"0.8668","1.2245","0.0220","1.9985","null","457763.00","446334.00",2,1,"Top","null","null",,,488671,,"180804_015122","-7.4353","-132.9312","-7.4861","11.7848","27.4877","-16.3658","3.5154","1.6362","null","null","null","91.3330","2346","6.2010",531061,571578,488671,502671,518614,500871,606466,444482,572041,445055,"54.3010","null","null","null","null","null","null","null",5,"1","4-Seam Fastball",0,0,0,0,0,0,0,0,"Standard","Standard"
"FT","2018-08-03","91.8","2.1409","6.2905","Patrick Corbin",543063,571578,"null","ball",,,,,"13","null","R","L","L","ARI","SF","B","null","null",0,1,2018,"0.8574","1.1264","-1.5997","2.0502","null","457763.00","446334.00",1,1,"Top","null","null",,,488671,,"180804_014856","-11.2282","-133.1203","-7.2663","12.3396","25.3913","-17.5906","3.3947","1.6362","null","null","null","91.6340","2268","6.1350",531061,571578,488671,502671,518614,500871,606466,444482,572041,445055,"54.3669","null","null","null","null","null","null","null",4,"2","2-Seam Fastball",0,0,0,0,0,0,0,0,"Standard","Standard"
"CU","2018-08-03","72.8","2.4857","6.3688","Patrick Corbin",446334,571578,"null","called_strike",,,,,"8","null","R","R","L","ARI","SF","S","null","null",0,0,2018,"-0.0561","0.0961","0.1983","1.4919","null","null","457763.00",1,1,"Top","null","null",,,488671,,"180804_014634","-4.4142","-105.7792","-2.4779","0.3815","18.8756","-31.3134","3.5456","1.3965","null","null","null","71.3800","2185","5.3800",531061,571578,488671,502671,518614,500871,606466,444482,572041,445055,"55.1225","null","null","null","null","null","null","null",3,"1","Curveball",0,0,0,0,0,0,0,0,"Infield shift","Standard"
"FF","2018-08-03","92.7","2.1146","6.2268","Patrick Corbin",457763,571578,"null","ball",,,,,"11","null","R","R","L","ARI","SF","B","null","null",2,2,2018,"0.6944","1.1477","-1.0659","3.1514","null","null","null",1,1,"Top","null","null",,,488671,,"180804_014528","-9.6511","-134.5993","-4.5533","10.5515","29.1413","-17.4129","3.1534","1.4265","null","null","null","92.7370","2318","6.4280",531061,571578,488671,502671,518614,500871,606466,444482,572041,445055,"54.0738","null","null","null","null","null","null","null",2,"8","4-Seam Fastball",0,0,0,0,0,0,0,0,"Standard","Standard"
"SL","2018-08-03","84.1","2.3411","6.1617","Patrick Corbin",457763,571578,"null","ball",,,,,"13","null","R","R","L","ARI","SF","B","null","null",1,2,2018,"-0.1015","-0.0300","-0.3793","0.5140","null","null","null",1,1,"Top","null","null",,,488671,,"180804_014342","-6.0458","-122.1660","-6.5895","0.1337","22.9356","-31.4634","3.0329","1.4564","null","null","null","83.4180","2415","5.8320",531061,571578,488671,502671,518614,500871,606466,444482,572041,445055,"54.6702","null","null","null","null","null","null","null",2,"4","Slider",0,0,0,0,0,0,0,0,"Standard","Standard"
"FF","2018-08-03","91.7","2.1118","6.3222","Patrick Corbin",457763,571578,"null","called_strike",,,,,"4","null","R","R","L","ARI","SF","S","null","null",1,1,2018,"0.7469","1.2925","-0.7012","2.2084","null","null","null",1,1,"Top","null","null",,,488671,,"180804_014320","-8.6910","-133.0944","-7.2828","10.6846","27.8961","-15.5235","3.3645","1.6362","null","null","null","91.5090","2323","6.2660",531061,571578,488671,502671,518614,500871,606466,444482,572041,445055,"54.2356","null","null","null","null","null","null","null",2,"3","4-Seam Fastball",0,0,0,0,0,0,0,0,"Standard","Standard"
"CH","2018-08-03","82.2","2.3064","6.2934","Patrick Corbin",457763,571578,"null","ball",,,,,"14","null","R","R","L","ARI","SF","B","null","null",0,1,2018,"0.6972","0.7572","2.4029","1.0630","null","null","null",1,1,"Top","null","null",,,488671,,"180804_014304","-1.1019","-119.5424","-6.7091","6.8010","22.8991","-23.9668","3.2740","1.5611","null","null","null","81.6400","1611","5.9320",531061,571578,488671,502671,518614,500871,606466,444482,572041,445055,"54.5698","null","null","null","null","null","null","null",2,"2","Changeup",0,0,0,0,0,0,0,0,"Standard","Standard"
"SL","2018-08-03","83.9","2.1542","6.1474","Patrick Corbin",457705,571578,"null","ball",,,,,"13","null","R","R","L","ARI","SF","B","null","null",1,2,2018,"-0.1118","-0.1427","-1.2175","0.9126","null","null","null",0,1,"Top","null","null",,,488671,,"180804_014139","-7.5150","-121.8539","-5.3461","0.4107","24.4319","-32.7422","3.4248","1.5763","null","null","null","83.1410","2422","5.9400",531061,571578,488671,502671,518614,500871,606466,444482,572041,445055,"54.5620","null","null","null","null","null","null","null",1,"4","Slider",0,0,0,0,0,0,0,0,"Infield shift","Standard"
"CU","2018-08-03","73.9","2.4148","6.4234","Patrick Corbin",457705,571578,"null","called_strike",,,,,"2","null","R","R","L","ARI","SF","S","null","null",1,1,2018,"-0.0818","0.0317","-0.2710","3.1542","null","null","null",0,1,"Top","null","null",,,488671,,"180804_014121","-5.2166","-107.1838","0.6557","0.3994","20.5885","-32.3661","3.3947","1.5763","null","null","null","72.0160","2200","5.2850",531061,571578,488671,502671,518614,500871,606466,444482,572041,445055,"55.2171","null","null","null","null","null","null","null",1,"3","Curveball",0,0,0,0,0,0,0,0,"Infield shift","Standard"
"SL","2018-08-03","82.4","2.2312","6.2578","Patrick Corbin",457705,571578,"null","ball",,,,,"13","null","R","R","L","ARI","SF","B","null","null",0,1,2018,"-0.1882","0.0752","-1.7151","0.5992","null","null","null",0,1,"Top","null","null",,,488671,,"180804_014103","-8.5093","-119.5875","-6.3828","-0.1539","22.7802","-30.4872","3.4550","1.5763","null","null","null","81.5550","2354","5.8400",531061,571578,488671,502671,518614,500871,606466,444482,572041,445055,"54.6620","null","null","null","null","null","null","null",1,"2","Slider",0,0,0,0,0,0,0,0,"Infield shift","Standard"
"FT","2018-08-03","90.9","2.0775","6.4140","Patrick Corbin",457705,571578,"null","called_strike",,,,,"14","null","R","R","L","ARI","SF","S","null","null",0,0,2018,"1.2847","1.0021","0.9635","2.2590","null","null","null",0,1,"Top","null","null",,,488671,,"180804_014047","-5.4814","-132.0806","-6.5507","16.0514","29.1141","-19.3904","3.3151","1.5763","null","null","null","90.2600","2238","6.0610",531061,571578,488671,502671,518614,500871,606466,444482,572041,445055,"54.4415","null","null","null","null","null","null","null",1,"1","2-Seam Fastball",0,0,0,0,0,0,0,0,"Infield shift","Standard"