"pitch_type","game_date","release_speed","release_pos_x","release_pos_z","player_name","batter","pitcher","events","description","spin_dir","spin_rate_deprecated","break_angle_deprecated","break_length_deprecated","zone","des","game_type","stand","p_throws","home_team","away_team","type","hit_location","bb_type","balls","strikes","game_year","pfx_x","pfx_z","plate_x","plate_z","on_3b","on_2b","on_1b","outs_when_up","inning","inning_topbot","hc_x","hc_y","tfs_deprecated","tfs_zulu_deprecated","pos2_person_id","umpire","sv_id","vx0","vy0","vz0","ax","ay","az","sz_top","sz_bot","hit_distance_sc","launch_speed","launch_angle","effective_speed","release_spin_rate","release_extension","game_pk","pos1_person_id","pos2_person_id","pos3_person_id","pos4_person_id","pos5_person_id","pos6_person_id","pos7_person_id","pos8_person_id","pos9_person_id","release_pos_y","estimated_ba_using_speedangle","estimated_woba_using_speedangle","woba_value","woba_denom","babip_value","iso_value","launch_speed_angle","at_bat_number","pitch_number","pitch_name","home_score","away_score","bat_score","fld_score","post_away_score","post_home_score","post_bat_score","post_fld_score","if_fielding_alignment","of_fielding_alignment"
"SL","2018-07-10","75.6","-3.5327","3.8061","Steve Cishek",457705,518553,"null","ball",,,,,"13","null","R","R","R","SF","CHC","B","null","null",1,0,2018,"1.5305","0.0355","-1.0532","2.3616","null","null","null",2,9,"Bot","null","null",,,575929,,"180711_045747","2.4317","-110.0213","4.0813","12.0177","20.3333","-32.8530","3.4190","1.7020","null","null","null","75.8180","2334","6.5340",530773,518553,575929,605170,595879,664023,608365,450314,546991,518792,"53.9631","null","null","null","null","null","null","null",64,"2","Slider",0,2,0,2,2,0,0,2,"Standard","Standard"
"SL","2018-07-10","78.0","-3.5179","3.8077","Steve Cishek",457705,518553,"null","ball",,,,,"14","null","R","R","R","SF","CHC","B","null","null",0,0,2018,"1.1947","-0.1067","1.4473","1.4489","null","null","null",2,9,"Bot","null","null",,,575929,,"180711_045729","8.5304","-113.3346","2.1156","8.8407","22.0525","-33.7123","3.4759","1.7590","null","null","null","78.7840","2419","7.0640",530773,518553,575929,605170,595879,664023,608365,450314,546991,518792,"53.4338","null","null","null","null","null","null","null",64,"1","Slider",0,2,0,2,2,0,0,2,"Standard","Standard"
"SI","2018-07-10","91.2","-3.5609","3.8713","Steve Cishek",474832,518553,"null","ball",,,,,"13","null","R","L","R","SF","CHC","B","null","null",2,2,2018,"-1.5607","-0.1068","-1.5918","2.3269","null","null","null",1,9,"Bot","null","null",,,575929,,"180711_045630","8.4936","-132.7045","2.2770","-20.6595","28.3075","-34.1315","3.1490","1.5189","null","null","null","92.3590","2411","6.9750",530773,518553,575929,605170,595879,664023,608365,450314,546991,518792,"53.5228","null","null","null","null","null","null","null",63,"5","Sinker",0,2,0,2,2,0,0,2,"Infield shift","Standard"
"SI","2018-07-10","89.3","-3.4673","3.8525","Steve Cishek",474832,518553,"null","ball",,,,,"11","null","R","L","R","SF","CHC","B","null","null",1,2,2018,"-1.0341","0.5000","-0.9874","3.7161","null","null","null",1,9,"Bot","null","null",,,575929,,"180711_045613","8.4839","-129.9514","4.6384","-13.7636","25.2774","-27.3806","3.0541","1.5759","null","null","null","90.9930","2420","7.1510",530773,518553,575929,605170,595879,664023,608365,450314,546991,518792,"53.3469","null","null","null","null","null","null","null",63,"4","Sinker",0,2,0,2,2,0,0,2,"Infield shift","Standard"
"SI","2018-07-10","89.9","-3.4171","3.8590","Steve Cishek",474832,518553,"null","ball",,,,,"12","null","R","L","R","SF","CHC","B","null","null",0,0,2018,"-1.0555","0.5762","0.7989","3.5279","null","null","null",1,9,"Bot","null","null",,,575929,,"180711_045522","13.0209","-130.5020","3.9611","-15.1429","25.6680","-26.2337","3.1870","1.5949","null","null","null","91.8080","2476","7.4170",530773,518553,575929,605170,595879,664023,608365,450314,546991,518792,"53.0799","null","null","null","null","null","null","null",63,"1","Sinker",0,2,0,2,2,0,0,2,"Standard","Standard"
"SL","2018-07-10","78.2","-3.3800","3.8079","Steve Cishek",491676,518553,"null","ball",,,,,"14","null","R","R","R","SF","CHC","B","null","null",1,2,2018,"1.3844","-0.1420","3.2338","1.8033","null","null","null",0,9,"Bot","null","null",,,575929,,"180711_045421","11.7477","-113.3776","2.9609","9.7537","22.6425","-34.2077","3.2350","1.5615","null","null","null","78.5490","2393","6.9440",530773,518553,575929,605170,595879,664023,608365,450314,546991,518792,"53.5539","null","null","null","null","null","null","null",62,"4","Slider",0,2,0,2,2,0,0,2,"Standard","Standard"
"SI","2018-07-10","89.5","-3.5461","3.8399","Steve Cishek",491676,518553,"null","ball",,,,,"13","null","R","R","R","SF","CHC","B","null","null",0,1,2018,"-1.4437","0.4935","-1.1375","1.8285","null","null","null",0,9,"Bot","null","null",,,575929,,"180711_045346","9.1877","-130.1464","-0.0370","-18.7015","26.1736","-26.5776","3.2899","1.6363","null","null","null","90.8200","2260","7.0330",530773,518553,575929,605170,595879,664023,608365,450314,546991,518792,"53.4642","null","null","null","null","null","null","null",62,"2","Sinker",0,2,0,2,2,0,0,2,"Standard","Standard"
"SI","2018-07-10","89.4","-3.4999","3.8704","Steve Cishek",491676,518553,"null","called_strike",,,,,"3","null","R","R","R","SF","CHC","S","null","null",0,0,2018,"-1.3832","0.5443","0.4209","2.7408","null","null","null",0,9,"Bot","null","null",,,575929,,"180711_045332","12.8946","-129.7887","2.0892","-18.8028","26.2536","-26.3844","3.1940","1.5604","null","null","null","90.9690","2369","7.2900",530773,518553,575929,605170,595879,664023,608365,450314,546991,518792,"53.2079","null","null","null","null","null","null","null",62,"1","Sinker",0,2,0,2,2,0,0,2,"Standard","Standard"
"FF","2018-07-10","98.3","-2.1036","5.4650","Ray Black",656941,605143,"null","called_strike",,,,,"6","null","R","L","R","SF","CHC","S","null","null",3,1,2018,"-0.3145","1.6090","0.3151","2.3698","null","null","null",2,9,"Top","null","null",,,460026,,"180711_045031","7.2877","-142.9211","-6.6470","-5.9887","32.8702","-8.7921","3.4038","1.6933","null","null","null","98.3750","2699","6.3710",530773,605143,460026,474832,488818,593700,543063,452254,491676,457705,"54.1265","null","null","null","null","null","null","null",61,"5","4-Seam Fastball",0,2,2,0,2,0,2,0,"Strategic","Standard"
"SL","2018-07-10","85.7","-2.0131","5.6079","Ray Black",656941,605143,"null","ball",,,,,"14","null","R","L","R","SF","CHC","B","null","null",2,1,2018,"1.1387","-0.5253","0.8294","1.7023","null","null","null",2,9,"Top","null","null",,,460026,,"180711_045012","4.4222","-124.7009","-1.9123","10.7338","24.9091","-37.3973","3.2825","1.5401","null","null","null","84.8040","3085","5.6910",530773,605143,460026,474832,488818,593700,543063,452254,491676,457705,"54.8064","null","null","null","null","null","null","null",61,"4","Slider",0,2,2,0,2,0,2,0,"Strategic","Standard"
"CU","2018-07-10","77.2","-1.7647","5.5687","Ray Black",656941,605143,"null","ball",,,,,"13","null","R","L","R","SF","CHC","B","null","null",1,1,2018,"1.2164","-1.1114","-1.4367","1.5507","null","null","null",2,9,"Top","null","null",,,460026,,"180711_044953","-1.4757","-112.3035","0.4411","10.3954","21.5545","-41.7458","3.2888","1.5414","null","null","null","76.5510","2935","5.9720",530773,605143,460026,474832,488818,593700,543063,452254,491676,457705,"54.5257","null","null","null","null","null","null","null",61,"3","Curveball",0,2,2,0,2,0,2,0,"Standard","Standard"
"CU","2018-07-10","80.6","-1.7494","5.6622","Ray Black",656941,605143,"null","ball",,,,,"14","null","R","L","R","SF","CHC","B","null","null",0,0,2018,"1.3376","-1.1967","0.9293","1.9768","null","null","null",2,9,"Top","null","null",,,460026,,"180711_044908","3.4149","-117.0475","0.8540","11.1633","26.2112","-43.3202","3.2509","1.4654","null","null","null","79.2430","3336","5.8820",530773,605143,460026,474832,488818,593700,543063,452254,491676,457705,"54.6151","null","null","null","null","null","null","null",61,"1","Curveball",0,2,2,0,2,0,2,0,"Standard","Standard"
"FF","2018-07-10","96.9","-2.2265","5.3188","Ray Black",608365,605143,"null","called_strike",,,,,"8","null","R","R","R","SF","CHC","S","null","null",3,1,2018,"-0.4368","1.3403","0.1884","2.2091","null","null","null",1,9,"Top","null","null",,,460026,,"180711_044818","7.4025","-140.9030","-5.7697","-7.4154","31.2620","-13.4014","3.5730","1.7209","null","null","null","96.5640","2473","6.0820",530773,605143,460026,474832,488818,593700,543063,452254,491676,457705,"54.4153","null","null","null","null","null","null","null",60,"5","4-Seam Fastball",0,2,2,0,2,0,2,0,"Standard","Standard"
"FF","2018-07-10","97.2","-1.9685","5.5476","Ray Black",608365,605143,"null","ball",,,,,"12","null","R","R","R","SF","CHC","B","null","null",2,1,2018,"-0.4379","1.4425","1.2288","2.8319","null","null","null",1,9,"Top","null","null",,,460026,,"180711_044801","9.5018","-141.2024","-4.9764","-7.9445","31.8084","-12.1614","3.5350","1.7588","null","null","null","96.6880","2546","6.0640",530773,605143,460026,474832,488818,593700,543063,452254,491676,457705,"54.4331","null","null","null","null","null","null","null",60,"4","4-Seam Fastball",0,2,2,0,2,0,2,0,"Standard","Standard"
"CU","2018-07-10","78.5","-1.8054","5.6969","Ray Black",608365,605143,"null","ball",,,,,"13","null","R","R","R","SF","CHC","B","null","null",1,1,2018,"1.2084","-1.1351","-1.4995","1.5204","null","null","null",1,9,"Top","null","null",,,460026,,"180711_044742","-1.5295","-114.2127","-0.0328","10.6266","23.9788","-42.1177","3.3452","1.6449","null","null","null","77.5090","3178","5.9090",530773,605143,460026,474832,488818,593700,543063,452254,491676,457705,"54.5889","null","null","null","null","null","null","null",60,"3","Curveball",0,2,2,0,2,0,2,0,"Standard","Standard"
"FF","2018-07-10","98.5","-2.2183","5.4187","Ray Black",608365,605143,"null","called_strike",,,,,"4","null","R","R","R","SF","CHC","S","null","null",1,0,2018,"-0.3643","1.4727","-0.4987","2.3461","null","null","null",1,9,"Top","null","null",,,460026,,"180711_044726","5.4682","-143.1444","-6.2084","-6.2182","33.2503","-10.9648","3.4591","1.7019","null","null","null","97.8650","2528","6.0160",530773,605143,460026,474832,488818,593700,543063,452254,491676,457705,"54.4812","null","null","null","null","null","null","null",60,"2","4-Seam Fastball",0,2,2,0,2,0,2,0,"Standard","Standard"
"SL","2018-07-10","85.1","-1.8601","5.6550","Ray Black",608365,605143,"null","ball",,,,,"2","null","R","R","R","SF","CHC","B","null","null",0,0,2018,"1.1245","-0.2910","0.2600","3.2795","null","null","null",1,9,"Top","null","null",,,460026,,"180711_044710","2.7371","-123.8263","1.3204","10.7581","25.6968","-35.6297","3.4612","1.6393","null","null","null","84.2590","3076","5.8280",530773,605143,460026,474832,488818,593700,543063,452254,491676,457705,"54.6694","null","null","null","null","null","null","null",60,"1","Slider",0,2,2,0,2,0,2,0,"Standard","Standard"
"CU","2018-07-10","79.2","-1.6445","5.7126","Ray Black",575929,605143,"strikeout","called_strike",,,,,"8","Willson Contreras called out on strikes.  ","R","R","R","SF","CHC","S",2,"null",1,2,2018,"1.0890","-1.4980","-0.1242","1.8512","null","null","null",0,9,"Top","null","null",,,460026,,"180711_044632","1.3131","-115.1228","1.1914","9.0855","24.7541","-45.6016","3.2785","1.6016","null","null","null","77.8260","3174","5.7350",530773,605143,460026,474832,488818,593700,543063,452254,491676,457705,"54.7629","null","null","0.00",1,0,0,"null",59,"4","Curveball",0,2,2,0,2,0,2,0,"Standard","Standard"
"SL","2018-07-10","85.2","-2.1027","5.5343","Ray Black",575929,605143,"null","ball",,,,,"14","null","R","R","R","SF","CHC","B","null","null",0,0,2018,"1.0478","-0.1081","1.4230","1.2007","null","null","null",0,9,"Top","null","null",,,460026,,"180711_044519","6.1580","-123.8418","-3.6130","9.3563","24.8804","-32.7827","3.2316","1.5446","null","null","null","84.4290","3001","5.8580",530773,605143,460026,474832,488818,593700,543063,452254,491676,457705,"54.6390","null","null","null","null","null","null","null",59,"1","Slider",0,2,2,0,2,0,2,0,"Standard","Standard"
"FF","2018-07-10","94.3","0.8646","6.4766","Justin Wilson",457763,458677,"null","ball",,,,,"14","null","R","R","L","SF","CHC","B","null","null",0,1,2018,"0.6159","1.5940","1.8183","0.8858","null","null","null",2,8,"Bot","null","null",,,575929,,"180711_044106","1.1333","-136.8236","-12.0703","7.3176","28.6242","-10.3388","3.3387","1.5858","null","null","null","92.9950","2298","5.5580",530773,458677,575929,605170,595879,664023,608365,656941,546991,518792,"54.9393","null","null","null","null","null","null","null",58,"2","4-Seam Fastball",0,2,0,2,2,0,0,2,"Standard","Standard"
"FF","2018-07-10","94.5","1.0325","6.4215","Justin Wilson",596103,458677,"null","ball",,,,,"13","null","R","R","L","SF","CHC","B","null","null",0,0,2018,"0.5686","1.6218","-0.1386","0.8182","null","null","null",1,8,"Bot","null","null",,,575929,,"180711_043850","-4.2363","-136.9767","-12.2603","7.9552","29.7802","-9.6826","3.4441","1.6787","null","null","null","93.4000","2477","5.8190",530773,458677,575929,605170,595879,664023,608365,656941,546991,518792,"54.6787","null","null","null","null","null","null","null",57,"1","4-Seam Fastball",0,2,0,2,2,0,0,2,"Standard","Standard"
"FF","2018-07-10","94.3","0.6750","6.4524","Justin Wilson",488818,458677,"null","ball",,,,,"13","null","R","R","L","SF","CHC","B","null","null",1,2,2018,"0.2719","1.4551","-0.4421","0.2460","null","null","null",0,8,"Bot","null","null",,,575929,,"180711_043704","-3.4746","-136.6965","-13.5043","4.1277","29.2542","-11.3955","3.2781","1.5759","null","null","null","93.7050","2253","6.0840",530773,458677,575929,605170,595879,664023,608365,656941,546991,518792,"54.4139","null","null","null","null","null","null","null",56,"4","4-Seam Fastball",0,2,0,2,2,0,0,2,"Standard","Standard"
"FF","2018-07-10","93.3","0.9277","6.5398","Justin Wilson",488818,458677,"null","called_strike",,,,,"13","null","R","R","L","SF","CHC","S","null","null",1,0,2018,"0.4654","1.7022","-0.0159","1.4876","null","null","null",0,8,"Bot","null","null",,,575929,,"180711_043617","-3.3463","-135.2405","-10.5777","6.2719","30.5946","-9.8809","3.3246","1.6166","null","null","null","91.3640","2387","5.4190",530773,458677,575929,605170,595879,664023,608365,656941,546991,518792,"55.0783","null","null","null","null","null","null","null",56,"2","4-Seam Fastball",0,2,0,2,2,0,0,2,"Standard","Standard"
"FC","2018-07-10","89.9","0.9899","6.5900","Justin Wilson",488818,458677,"null","ball",,,,,"13","null","R","R","L","SF","CHC","B","null","null",0,0,2018,"-0.6877","1.0367","-0.9986","1.6840","null","null","null",0,8,"Bot","null","null",,,575929,,"180711_043556","-3.4562","-130.5368","-8.1208","-6.8498","28.3494","-19.2228","3.2086","1.6574","null","null","null","88.2340","2392","5.4360",530773,458677,575929,605170,595879,664023,608365,656941,546991,518792,"55.0610","null","null","null","null","null","null","null",56,"1","Cutter",0,2,0,2,2,0,0,2,"Standard","Standard"
"CU","2018-07-10","82.8","-1.4209","5.4083","Sam Dyson",546991,473879,"null","ball",,,,,"14","null","R","R","R","SF","CHC","B","null","null",1,2,2018,"0.5701","-0.4028","1.2675","0.5668","null","null","null",0,8,"Top","null","null",,,460026,,"180711_042935","4.9644","-120.3682","-3.8094","4.5254","20.4222","-35.5616","3.5106","1.6284","null","null","null","81.4770","2705","5.1650",530773,473879,460026,474832,488818,467055,543063,452254,491676,457705,"55.3321","null","null","null","null","null","null","null",53,"5","Curveball",0,2,2,0,2,0,2,0,"Standard","Standard"
"CH","2018-07-10","86.1","-1.5310","5.3184","Sam Dyson",546991,473879,"null","ball",,,,,"14","null","R","R","R","SF","CHC","B","null","null",0,2,2018,"-1.5237","0.3077","0.0178","-0.0332","null","null","null",0,8,"Top","null","null",,,460026,,"180711_042845","6.5039","-124.8720","-6.8270","-16.6945","27.3064","-27.8896","3.4625","1.6382","null","null","null","83.9980","2004","5.2870",530773,473879,460026,474832,488818,467055,543063,452254,491676,457705,"55.2101","null","null","null","null","null","null","null",53,"3","Changeup",0,2,2,0,2,0,2,0,"Standard","Standard"
"FF","2018-07-10","93.4","-1.7781","6.1626","Carl Edwards Jr.",452254,605218,"null","ball",,,,,"11","null","R","R","R","SF","CHC","B","null","null",0,2,2018,"0.2687","1.2622","-0.2596","3.9181","null","null","null",2,7,"Bot","null","null",,,575929,,"180711_042502","3.3212","-136.0133","-2.8379","2.6601","27.8461","-16.1066","3.3264","1.7036","null","null","null","93.6730","2772","6.2580",530773,605218,575929,605170,595879,664023,608365,656941,546991,518792,"54.2395","null","null","null","null","null","null","null",52,"3","4-Seam Fastball",0,2,0,2,2,0,0,2,"Standard","Standard"
"CU","2018-07-10","80.8","-1.6014","6.2097","Carl Edwards Jr.",543063,605218,"null","called_strike",,,,,"8","null","R","L","R","SF","CHC","S","null","null",1,0,2018,"0.3822","-0.9203","-0.2102","1.6312","null","null","null",1,7,"Bot","null","null",,,575929,,"180711_042245","2.3525","-117.4791","-1.8144","2.9462","22.8644","-40.2947","3.3110","1.5253","null","null","null","79.2020","2567","5.2810",530773,605218,575929,605170,595879,664023,608365,656941,546991,518792,"55.2165","null","null","null","null","null","null","null",51,"2","Curveball",0,2,0,2,2,0,0,2,"Standard","Standard"
"FF","2018-07-10","94.8","-1.6330","6.2100","Carl Edwards Jr.",543063,605218,"null","ball",,,,,"12","null","R","L","R","SF","CHC","B","null","null",0,0,2018,"-0.1784","1.4467","0.0361","3.8467","null","null","null",1,7,"Bot","null","null",,,575929,,"180711_042226","4.8026","-138.0700","-3.8553","-3.3047","28.3171","-12.7501","3.2440","1.5253","null","null","null","95.8490","2681","6.6670",530773,605218,575929,605170,595879,664023,608365,656941,546991,518792,"53.8308","null","null","null","null","null","null","null",51,"1","4-Seam Fastball",0,2,0,2,2,0,0,2,"Standard","Standard"
"CU","2018-07-10","82.0","-1.5688","6.3049","Carl Edwards Jr.",460026,605218,"null","ball",,,,,"14","null","R","R","R","SF","CHC","B","null","null",0,2,2018,"0.7649","-1.1371","2.1846","0.1014","null","null","null",0,7,"Bot","null","null",,,575929,,"180711_042107","7.0095","-119.2303","-5.2470","5.9000","23.5440","-42.1856","3.2526","1.5833","null","null","null","81.9700","2614","6.3710",530773,605218,575929,605170,595879,664023,608365,656941,546991,518792,"54.1266","null","null","null","null","null","null","null",50,"3","Curveball",0,2,0,2,2,0,0,2,"Standard","Standard"
"FF","2018-07-10","94.8","-1.8290","6.1207","Carl Edwards Jr.",460026,605218,"null","called_strike",,,,,"9","null","R","R","R","SF","CHC","S","null","null",0,0,2018,"0.0677","1.4182","0.6456","2.0664","null","null","null",0,7,"Bot","null","null",,,575929,,"180711_042025","6.3314","-137.8762","-8.1461","-0.4715","29.2151","-12.4300","3.2816","1.5833","null","null","null","95.2270","2702","6.4580",530773,605218,575929,605170,595879,664023,608365,656941,546991,518792,"54.0390","null","null","null","null","null","null","null",50,"1","4-Seam Fastball",0,2,0,2,2,0,0,2,"Standard","Standard"
"FT","2018-07-10","91.1","-1.6669","5.3090","Sam Dyson",600303,473879,"null","ball",,,,,"13","null","R","L","R","SF","CHC","B","null","null",1,0,2018,"-1.5015","0.3991","-0.1456","1.1902","null","605170.00","null",2,7,"Top","null","null",,,460026,,"180711_041714","6.7132","-132.2583","-5.1589","-18.2733","26.1553","-26.9106","3.0664","1.5343","null","null","null","89.1760","2222","5.0630",530773,473879,460026,474832,488818,467055,543063,452254,491676,457705,"55.4345","null","null","null","null","null","null","null",49,"2","2-Seam Fastball",0,2,2,0,2,0,2,0,"Standard","Standard"
"FT","2018-07-10","91.0","-1.3016","5.3854","Sam Dyson",600303,473879,"null","ball",,,,,"14","null","R","L","R","SF","CHC","B","null","null",0,0,2018,"-1.4803","0.4926","0.9420","0.9266","null","605170.00","null",2,7,"Top","null","null",,,460026,,"180711_041651","8.4479","-132.1091","-6.1895","-18.3544","24.9628","-25.6731","3.0854","1.4963","null","null","null","89.3360","2185","5.1380",530773,473879,460026,474832,488818,467055,543063,452254,491676,457705,"55.3590","null","null","null","null","null","null","null",49,"1","2-Seam Fastball",0,2,2,0,2,0,2,0,"Standard","Standard"
"FF","2018-07-10","92.4","-1.3006","5.4265","Sam Dyson",664023,473879,"walk","ball",,,,,"11","Ian Happ walks.  ","R","L","R","SF","CHC","B","null","null",3,1,2018,"-0.4903","1.0930","-0.2225","3.9878","null","null","null",2,7,"Top","null","null",,,460026,,"180711_041430","3.6994","-134.4842","-0.2296","-6.4761","24.4881","-19.4242","3.5082","1.7482","null","null","null","91.3640","2305","5.2940",530773,473879,460026,474832,488818,467055,543063,452254,491676,457705,"55.2037","null","null","0.70",1,0,0,"null",47,"5","4-Seam Fastball",0,1,1,0,1,0,1,0,"Infield shift","Standard"
"FT","2018-07-10","90.4","-1.4754","5.4063","Sam Dyson",664023,473879,"null","ball",,,,,"11","null","R","L","R","SF","CHC","B","null","null",2,1,2018,"-1.3679","0.3952","-1.7315","4.1427","null","null","656941.00",1,7,"Top","null","null",,,460026,,"180711_041349","2.0938","-131.5241","1.8964","-15.7120","25.9595","-28.3867","3.5207","1.7618","null","null","null","88.7770","2190","5.1310",530773,473879,460026,474832,488818,467055,543063,452254,491676,457705,"55.3662","null","null","null","null","null","null","null",47,"4","2-Seam Fastball",0,1,1,0,1,0,1,0,"Standard","Standard"
"CH","2018-07-10","85.7","-1.6131","5.2907","Sam Dyson",664023,473879,"null","ball",,,,,"11","null","R","L","R","SF","CHC","B","null","null",1,1,2018,"-1.4688","0.4728","-1.2660","2.7394","null","null","656941.00",1,7,"Top","null","null",,,460026,,"180711_041259","3.5581","-124.6802","-0.7427","-15.4260","21.7581","-27.5219","3.4513","1.7292","null","null","null","84.3000","1938","5.0880",530773,473879,460026,474832,488818,467055,543063,452254,491676,457705,"55.4094","null","null","null","null","null","null","null",47,"3","Changeup",0,1,1,0,1,0,1,0,"Standard","Standard"
"FT","2018-07-10","91.6","-1.4755","5.3682","Sam Dyson",664023,473879,"null","ball",,,,,"13","null","R","L","R","SF","CHC","B","null","null",0,0,2018,"-1.6335","0.4098","-1.2186","1.4706","null","null","656941.00",1,7,"Top","null","null",,,460026,,"180711_041159","4.0028","-133.2344","-4.7760","-19.7712","28.0682","-26.6715","3.5462","1.7482","null","null","null","90.3710","2348","5.5170",530773,473879,460026,474832,488818,467055,543063,452254,491676,457705,"54.9808","null","null","null","null","null","null","null",47,"1","2-Seam Fastball",0,1,1,0,1,0,1,0,"Infield shift","Standard"
"CH","2018-07-10","85.4","-1.6283","5.3698","Sam Dyson",656941,473879,"walk","ball",,,,,"13","Kyle Schwarber walks.  ","R","L","R","SF","CHC","B","null","null",3,1,2018,"-1.5287","0.3476","-1.6286","1.2491","null","null","null",1,7,"Top","null","null",,,460026,,"180711_041102","2.8994","-124.0676","-3.9649","-15.7849","25.9889","-28.1734","3.3357","1.5512","null","null","null","83.6160","1929","5.3060",530773,473879,460026,474832,488818,467055,543063,452254,491676,457705,"55.1914","null","null","0.70",1,0,0,"null",46,"5","Changeup",0,1,1,0,1,0,1,0,"Infield shift","Standard"
"CH","2018-07-10","85.1","-1.6080","5.3667","Sam Dyson",656941,473879,"null","ball",,,,,"14","null","R","L","R","SF","CHC","B","null","null",2,1,2018,"-1.5214","0.2186","0.3267","-0.1871","null","608365.00","null",1,7,"Top","null","null",,,460026,,"180711_041017","7.3048","-123.5104","-6.9992","-16.4389","23.1615","-28.9502","3.4496","1.6841","null","null","null","83.5520","2139","5.2800",530773,473879,460026,474832,488818,467055,543063,452254,491676,457705,"55.2177","null","null","null","null","null","null","null",46,"4","Changeup",0,0,0,0,0,0,0,0,"Standard","Standard"
"FF","2018-07-10","92.8","-1.5302","5.4156","Sam Dyson",656941,473879,"null","ball",,,,,"12","null","R","L","R","SF","CHC","B","null","null",1,1,2018,"-0.4244","1.1927","2.0696","2.7486","null","608365.00","null",1,7,"Top","null","null",,,460026,,"180711_040942","9.9399","-134.8172","-3.5534","-6.9637","25.6805","-17.4738","3.3927","1.6461","null","null","null","91.8010","2503","5.5020",530773,473879,460026,474832,488818,467055,543063,452254,491676,457705,"54.9955","null","null","null","null","null","null","null",46,"3","4-Seam Fastball",0,0,0,0,0,0,0,0,"Standard","Standard"
"FF","2018-07-10","92.9","-1.5082","5.5454","Sam Dyson",656941,473879,"null","ball",,,,,"14","null","R","L","R","SF","CHC","B","null","null",0,1,2018,"-0.7038","1.4594","0.9520","2.3645","null","608365.00","null",1,7,"Top","null","null",,,460026,,"180711_040911","7.6951","-134.8565","-5.3850","-10.0584","29.1417","-13.8472","3.4434","1.7167","null","null","null","91.7030","2417","5.6880",530773,473879,460026,474832,488818,467055,543063,452254,491676,457705,"54.8098","null","null","null","null","null","null","null",46,"2","4-Seam Fastball",0,0,0,0,0,0,0,0,"Standard","Standard"
"SI","2018-07-10","92.5","2.8798","5.9037","Derek Holland",608365,502706,"null","called_strike",,,,,"3","null","R","R","L","SF","CHC","S","null","null",0,0,2018,"1.5891","0.8084","0.2959","3.0703","null","null","null",1,7,"Top","null","null",,,460026,,"180711_040455","-9.9966","-134.4106","-3.1856","21.2658","26.7996","-21.9395","3.5120","1.7383","null","null","null","92.5240","2312","6.2010",530773,502706,460026,474832,488818,467055,543063,452254,491676,457705,"54.2964","null","null","null","null","null","null","null",45,"1","Sinker",0,0,0,0,0,0,0,0,"Standard","Standard"
"SL","2018-07-10","80.7","2.7821","6.1193","Derek Holland",575929,502706,"null","ball",,,,,"14","null","R","R","L","SF","CHC","B","null","null",2,2,2018,"-0.0308","0.1699","0.0069","-0.2749","null","null","null",0,7,"Top","null","null",,,460026,,"180711_040400","-5.9744","-116.8406","-7.4506","1.1853","28.3858","-29.2401","3.2847","1.5433","null","null","null","77.9630","2237","5.3030",530773,502706,460026,474832,488818,467055,543063,452254,491676,457705,"55.1942","null","null","null","null","null","null","null",44,"10","Slider",0,0,0,0,0,0,0,0,"Standard","Standard"
"SI","2018-07-10","91.8","2.6883","6.0318","Derek Holland",575929,502706,"null","ball",,,,,"11","null","R","R","L","SF","CHC","B","null","null",1,2,2018,"1.4869","1.3707","-1.1111","2.9632","null","null","null",0,7,"Top","null","null",,,460026,,"180711_040208","-12.7177","-132.9614","-4.7811","20.2180","27.9140","-15.2128","3.2785","1.6304","null","null","null","91.2520","2497","6.1670",530773,502706,460026,474832,488818,467055,543063,452254,491676,457705,"54.3301","null","null","null","null","null","null","null",44,"6","Sinker",0,0,0,0,0,0,0,0,"Standard","Standard"
"SL","2018-07-10","79.8","2.8962","6.1426","Derek Holland",575929,502706,"null","ball",,,,,"13","null","R","R","L","SF","CHC","B","null","null",0,2,2018,"0.1827","0.2903","-0.6019","-0.1212","null","null","null",0,7,"Top","null","null",,,460026,,"180711_040115","-7.8668","-115.7807","-7.4547","2.9332","19.6275","-28.6085","3.2342","1.5300","null","null","null","78.5740","2221","5.3850",530773,502706,460026,474832,488818,467055,543063,452254,491676,457705,"55.1127","null","null","null","null","null","null","null",44,"4","Slider",0,0,0,0,0,0,0,0,"Standard","Standard"
"KC","2018-07-10","78.7","2.7990","6.1818","Derek Holland",575929,502706,"null","called_strike",,,,,"1","null","R","R","L","SF","CHC","S","null","null",0,0,2018,"0.0014","0.0713","-0.6089","3.3504","null","null","null",0,7,"Top","null","null",,,460026,,"180711_040014","-7.2740","-114.3570","0.5210","1.2836","19.9866","-31.9009","3.3569","1.5868","null","null","null","77.6250","1910","5.4850",530773,502706,460026,474832,488818,467055,543063,452254,491676,457705,"55.0121","null","null","null","null","null","null","null",44,"1","Knuckle Curve",0,0,0,0,0,0,0,0,"Standard","Standard"
"FF","2018-07-10","90.4","1.6180","5.8532","Jose Quintana",457705,500779,"null","called_strike",,,,,"4","null","R","R","L","SF","CHC","S","null","null",1,0,2018,"0.3738","1.6156","-0.7475","2.7134","null","null","491676.00",1,6,"Bot","null","null",,,575929,,"180711_035654","-6.7455","-131.4997","-5.4082","5.7814","27.0558","-12.2639","3.4193","1.6672","null","null","null","91.1030","1941","6.6660",530773,500779,575929,605170,595879,623520,608365,664023,546991,518792,"53.8318","null","null","null","null","null","null","null",43,"2","4-Seam Fastball",0,0,0,0,0,0,0,0,"Standard","Standard"
"FF","2018-07-10","91.4","1.5383","5.8046","Jose Quintana",457705,500779,"null","ball",,,,,"13","null","R","R","L","SF","CHC","B","null","null",0,0,2018,"0.6637","1.1593","-0.3408","1.4794","null","null","491676.00",1,6,"Bot","null","null",,,575929,,"180711_035634","-6.2688","-133.0632","-7.7289","9.2945","25.0401","-16.7073","3.3433","1.6480","null","null","null","92.9600","2041","6.9140",530773,500779,575929,605170,595879,623520,608365,664023,546991,518792,"53.5838","null","null","null","null","null","null","null",43,"1","4-Seam Fastball",0,0,0,0,0,0,0,0,"Standard","Standard"
"FF","2018-07-10","91.5","1.7288","5.7625","Jose Quintana",474832,500779,"strikeout","called_strike",,,,,"7","Brandon Belt called out on strikes.  ","R","L","L","SF","CHC","S",2,"null",3,2,2018,"0.4538","1.2512","-0.6710","1.8113","null","null","491676.00",0,6,"Bot","null","null",,,575929,,"180711_035543","-7.1259","-133.1063","-6.9623","6.9146","25.8042","-15.7380","3.1181","1.5655","null","null","null","92.8210","2101","6.8720",530773,500779,575929,605170,595879,623520,608365,664023,546991,518792,"53.6250","null","null","0.00",1,0,0,"null",42,"7","4-Seam Fastball",0,0,0,0,0,0,0,0,"Standard","Standard"
"FF","2018-07-10","90.8","1.7608","5.8663","Jose Quintana",474832,500779,"null","ball",,,,,"11","null","R","L","L","SF","CHC","B","null","null",0,1,2018,"0.3690","1.1695","-1.9248","2.6116","null","null","491676.00",0,6,"Bot","null","null",,,575929,,"180711_035212","-10.1024","-131.9822","-4.8496","6.3170","24.9093","-17.4528","3.1371","1.5466","null","null","null","91.8950","1896","6.7520",530773,500779,575929,605170,595879,623520,608365,664023,546991,518792,"53.7452","null","null","null","null","null","null","null",42,"2","4-Seam Fastball",0,0,0,0,0,0,0,0,"Standard","Standard"
"FF","2018-07-10","91.2","1.8950","5.8245","Jose Quintana",474832,500779,"null","called_strike",,,,,"7","null","R","L","L","SF","CHC","S","null","null",0,0,2018,"0.5246","1.2752","-0.4093","1.8730","null","null","491676.00",0,6,"Bot","null","null",,,575929,,"180711_035149","-7.0169","-132.7799","-6.9797","7.6850","24.8138","-15.5424","3.1940","1.6035","null","null","null","92.6620","1943","6.8460",530773,500779,575929,605170,595879,623520,608365,664023,546991,518792,"53.6516","null","null","null","null","null","null","null",42,"1","4-Seam Fastball",0,0,0,0,0,0,0,0,"Standard","Standard"
"FF","2018-07-10","91.3","1.9112","5.8528","Jose Quintana",491676,500779,"walk","ball",,,,,"11","Gorkys Hernandez walks.  ","R","R","L","SF","CHC","B","null","null",3,1,2018,"0.1823","1.1000","-1.3699","2.5553","null","null","null",0,6,"Bot","null","null",,,575929,,"180711_035111","-8.7711","-132.8992","-5.0058","3.7315","22.5870","-17.9477","3.2610","1.6462","null","null","null","93.2340","1954","6.9560",530773,500779,575929,605170,595879,623520,608365,664023,546991,518792,"53.5416","null","null","0.70",1,0,0,"null",41,"5","4-Seam Fastball",0,0,0,0,0,0,0,0,"Standard","Standard"
"FF","2018-07-10","91.0","1.7654","5.8321","Jose Quintana",491676,500779,"null","ball",,,,,"11","null","R","R","L","SF","CHC","B","null","null",2,1,2018,"0.1098","1.3902","-1.5936","2.7389","null","null","null",0,6,"Bot","null","null",,,575929,,"180711_035050","-8.7650","-132.3558","-4.9612","3.1331","27.4004","-14.6297","3.2230","1.5893","null","null","null","92.1110","2036","6.9110",530773,500779,575929,605170,595879,623520,608365,664023,546991,518792,"53.5862","null","null","null","null","null","null","null",41,"4","4-Seam Fastball",0,0,0,0,0,0,0,0,"Standard","Standard"
"CH","2018-07-10","85.3","2.0129","5.9075","Jose Quintana",491676,500779,"null","ball",,,,,"14","null","R","R","L","SF","CHC","B","null","null",1,1,2018,"1.0900","0.4422","0.8847","2.2725","null","null","null",0,6,"Bot","null","null",,,575929,,"180711_035030","-4.8869","-124.1779","-3.1521","12.3343","25.3719","-27.1399","3.2990","1.6272","null","null","null","85.6730","1273","6.5500",530773,500779,575929,605170,595879,623520,608365,664023,546991,518792,"53.9474","null","null","null","null","null","null","null",41,"3","Changeup",0,0,0,0,0,0,0,0,"Standard","Standard"
"CU","2018-07-10","75.6","1.8629","5.8151","Jose Quintana",491676,500779,"null","ball",,,,,"14","null","R","R","L","SF","CHC","B","null","null",0,0,2018,"-0.5859","-0.7932","0.5317","0.8545","null","null","null",0,6,"Bot","null","null",,,575929,,"180711_034952","-1.7366","-110.0000","-1.8370","-4.3309","19.6061","-38.3812","3.2610","1.5893","null","null","null","74.7170","2128","5.6500",530773,500779,575929,605170,595879,623520,608365,664023,546991,518792,"54.8472","null","null","null","null","null","null","null",41,"1","Curveball",0,0,0,0,0,0,0,0,"Standard","Standard"
"SL","2018-07-10","80.2","2.7969","6.1793","Derek Holland",518792,502706,"null","ball",,,,,"12","null","R","L","L","SF","CHC","B","null","null",0,0,2018,"-0.0408","0.2578","0.4922","3.7272","null","null","null",2,6,"Top","null","null",,,460026,,"180711_034524","-4.9601","-116.6452","0.7428","0.4939","20.2312","-30.2203","3.4938","1.6337","null","null","null","79.5380","2194","5.6810",530773,502706,460026,474832,488818,467055,543063,452254,491676,457705,"54.8160","null","null","null","null","null","null","null",39,"1","Slider",0,0,0,0,0,0,0,0,"Infield shift","Strategic"
"SL","2018-07-10","80.8","2.9501","6.1559","Derek Holland",546991,502706,"null","ball",,,,,"13","null","R","R","L","SF","CHC","B","null","null",0,1,2018,"0.0617","0.1712","-1.5483","-0.1310","null","null","null",1,6,"Top","null","null",,,460026,,"180711_034359","-9.9115","-116.8644","-7.4060","2.4928","22.9561","-29.4759","3.5006","1.6194","null","null","null","78.9640","2191","5.4410",530773,502706,460026,474832,488818,467055,543063,452254,491676,457705,"55.0568","null","null","null","null","null","null","null",38,"2","Slider",0,0,0,0,0,0,0,0,"Standard","Standard"
"CH","2018-07-10","84.1","2.7412","6.0256","Derek Holland",546991,502706,"null","called_strike",,,,,"4","null","R","R","L","SF","CHC","S","null","null",0,0,2018,"0.9810","1.4369","-0.3013","2.5062","null","null","null",1,6,"Top","null","null",,,460026,,"180711_034343","-8.8984","-122.0866","-4.5108","11.4466","24.2360","-17.3344","3.5397","1.6183","null","null","null","83.4200","2273","5.9880",530773,502706,460026,474832,488818,467055,543063,452254,491676,457705,"54.5090","null","null","null","null","null","null","null",38,"1","Changeup",0,0,0,0,0,0,0,0,"Standard","Standard"
"SI","2018-07-10","92.9","2.8605","5.9790","Derek Holland",500779,502706,"strikeout","called_strike",,,,,"1","Jose Quintana called out on strikes.  ","R","R","L","SF","CHC","S",2,"null",3,2,2018,"1.1994","1.3708","-0.4312","2.9289","null","null","null",0,6,"Top","null","null",,,460026,,"180711_034308","-11.0145","-134.7275","-4.9718","16.9627","29.0500","-14.6453","3.3979","1.7049","null","null","null","92.6400","2561","6.3020",530773,502706,460026,474832,488818,467055,543063,452254,491676,457705,"54.1953","null","null","0.00",1,0,0,"null",37,"6","Sinker",0,0,0,0,0,0,0,0,"Strategic","Strategic"
"SI","2018-07-10","92.3","2.7767","6.0240","Derek Holland",500779,502706,"null","ball",,,,,"11","null","R","R","L","SF","CHC","B","null","null",2,2,2018,"1.5092","0.9054","-0.8755","3.8045","null","null","null",0,6,"Top","null","null",,,460026,,"180711_034238","-12.5265","-133.9436","-1.7947","20.7225","26.6880","-21.0833","3.4706","1.7150","null","null","null","92.3330","2127","6.2840",530773,502706,460026,474832,488818,467055,543063,452254,491676,457705,"54.2130","null","null","null","null","null","null","null",37,"5","Sinker",0,0,0,0,0,0,0,0,"Strategic","Strategic"
"SI","2018-07-10","92.4","2.7997","6.0942","Derek Holland",500779,502706,"null","called_strike",,,,,"2","null","R","R","L","SF","CHC","S","null","null",2,1,2018,"0.9375","1.4768","0.1513","3.1877","null","null","null",0,6,"Top","null","null",,,460026,,"180711_034220","-8.7405","-134.1346","-4.7304","13.1680","29.5535","-13.6493","3.2271","1.6100","null","null","null","91.9700","2307","6.2040",530773,502706,460026,474832,488818,467055,543063,452254,491676,457705,"54.2934","null","null","null","null","null","null","null",37,"4","Sinker",0,0,0,0,0,0,0,0,"Strategic","Strategic"
"SI","2018-07-10","91.5","2.7545","6.0496","Derek Holland",500779,502706,"null","ball",,,,,"13","null","R","R","L","SF","CHC","B","null","null",1,1,2018,"0.9266","1.4705","-1.4079","1.9912","null","null","null",0,6,"Top","null","null",,,460026,,"180711_034203","-12.4066","-132.5204","-7.4490","13.4034","26.6009","-13.5687","3.4326","1.6960","null","null","null","91.1700","2403","6.2120",530773,502706,460026,474832,488818,467055,543063,452254,491676,457705,"54.2855","null","null","null","null","null","null","null",37,"3","Sinker",0,0,0,0,0,0,0,0,"Strategic","Strategic"
"SI","2018-07-10","92.2","2.7855","6.0160","Derek Holland",500779,502706,"null","called_strike",,,,,"11","null","R","R","L","SF","CHC","S","null","null",1,0,2018,"1.1368","1.3314","-0.1727","3.5341","null","null","null",0,6,"Top","null","null",,,460026,,"180711_034150","-9.8660","-133.8797","-3.3110","15.5499","27.2602","-15.8630","3.3914","1.6424","null","null","null","91.6690","2316","5.9580",530773,502706,460026,474832,488818,467055,543063,452254,491676,457705,"54.5393","null","null","null","null","null","null","null",37,"2","Sinker",0,0,0,0,0,0,0,0,"Strategic","Strategic"
"SL","2018-07-10","79.8","2.8092","6.1203","Derek Holland",500779,502706,"null","ball",,,,,"13","null","R","R","L","SF","CHC","B","null","null",0,0,2018,"0.1530","0.2570","-1.0622","1.3812","null","null","null",0,6,"Top","null","null",,,460026,,"180711_034135","-8.6697","-115.8347","-4.1295","2.8425","19.9143","-29.4229","3.4137","1.6960","null","null","null","78.9560","2212","5.6570",530773,502706,460026,474832,488818,467055,543063,452254,491676,457705,"54.8405","null","null","null","null","null","null","null",37,"1","Slider",0,0,0,0,0,0,0,0,"Strategic","Strategic"
"FF","2018-07-10","90.4","1.7582","5.8330","Jose Quintana",502706,500779,"null","called_strike",,,,,"13","null","R","R","L","SF","CHC","S","null","null",1,0,2018,"0.3765","1.2019","-0.9657","2.4021","null","null","488818.00",2,5,"Bot","null","null",,,575929,,"180711_033817","-7.6185","-131.4656","-5.2507","5.8548","24.6596","-17.2436","3.4051","1.6824","null","null","null","91.1220","1974","6.5010",530773,500779,575929,605170,595879,623520,608365,664023,546991,518792,"53.9964","null","null","null","null","null","null","null",36,"2","4-Seam Fastball",0,0,0,0,0,0,0,0,"Standard","Standard"
"CU","2018-07-10","75.0","1.8011","5.7798","Jose Quintana",502706,500779,"null","ball",,,,,"12","null","R","R","L","SF","CHC","B","null","null",0,0,2018,"-0.5118","-0.7136","1.2273","2.5526","null","null","488818.00",2,5,"Bot","null","null",,,575929,,"180711_033758","-0.3030","-109.1267","1.6440","-3.9584","17.9639","-38.2676","3.3516","1.5502","null","null","null","74.3130","2108","5.6370",530773,500779,575929,605170,595879,623520,608365,664023,546991,518792,"54.8601","null","null","null","null","null","null","null",36,"1","Curveball",0,0,0,0,0,0,0,0,"Standard","Standard"
"CU","2018-07-10","74.2","1.9292","5.8448","Jose Quintana",467055,500779,"null","ball",,,,,"12","null","R","R","L","SF","CHC","B","null","null",0,1,2018,"-0.6684","-0.8404","1.7480","2.5221","null","null","488818.00",1,5,"Bot","null","null",,,575929,,"180711_033524","0.7590","-107.9635","1.8303","-5.2438","18.3544","-39.1598","3.1708","1.6322","null","null","null","73.4490","2014","5.6750",530773,500779,575929,605170,595879,623520,608365,664023,546991,518792,"54.8229","null","null","null","null","null","null","null",35,"2","Curveball",0,0,0,0,0,0,0,0,"Standard","Standard"
"CU","2018-07-10","75.3","1.9386","5.8041","Jose Quintana",452254,500779,"null","called_strike",,,,,"14","null","R","R","L","SF","CHC","S","null","null",0,0,2018,"-0.7448","-0.6918","0.8005","1.5093","null","null","null",0,5,"Bot","null","null",,,575929,,"180711_033220","-1.0669","-109.7244","-0.6953","-5.7603","16.9532","-37.7886","3.3550","1.6637","null","null","null","74.9170","2060","5.6460",530773,500779,575929,605170,595879,623520,608365,664023,546991,518792,"54.8514","null","null","null","null","null","null","null",33,"1","Curveball",0,0,0,0,0,0,0,0,"Standard","Standard"
"SI","2018-07-10","91.6","2.9415","5.9998","Derek Holland",605170,502706,"null","ball",,,,,"11","null","R","R","L","SF","CHC","B","null","null",0,2,2018,"1.4232","0.8536","-0.2560","4.2964","null","null","623520.00",2,5,"Top","null","null",,,460026,,"180711_032842","-10.9509","-132.7752","-0.1893","18.9040","29.0023","-22.4738","3.1080","1.4505","null","null","null","90.4400","2322","5.8410",530773,502706,460026,474832,488818,467055,543063,452254,491676,457705,"54.6562","null","null","null","null","null","null","null",32,"3","Sinker",0,0,0,0,0,0,0,0,"Standard","Standard"
"SL","2018-07-10","80.3","3.0933","6.1182","Derek Holland",605170,502706,"null","called_strike",,,,,"3","null","R","R","L","SF","CHC","S","null","null",0,0,2018,"0.0193","0.3320","0.4605","3.0182","null","null","623520.00",2,5,"Top","null","null",,,460026,,"180711_032753","-5.7465","-116.8496","-0.8675","1.0905","18.6734","-29.3096","3.1459","1.5075","null","null","null","79.2580","2114","5.2230",530773,502706,460026,474832,488818,467055,543063,452254,491676,457705,"55.2740","null","null","null","null","null","null","null",32,"1","Slider",0,0,0,0,0,0,0,0,"Standard","Standard"
"SI","2018-07-10","93.1","2.8305","6.0342","Derek Holland",664023,502706,"null","ball",,,,,"11","null","R","R","L","SF","CHC","B","null","null",1,1,2018,"1.0434","1.5400","-1.7417","2.6347","null","null","623520.00",1,5,"Top","null","null",,,460026,,"180711_032625","-13.7831","-134.7482","-6.1449","15.3894","28.0073","-12.6415","3.4475","1.7053","null","null","null","92.0120","2532","5.8360",530773,502706,460026,474832,488818,467055,543063,452254,491676,457705,"54.6611","null","null","null","null","null","null","null",31,"3","Sinker",0,0,0,0,0,0,0,0,"Standard","Standard"
"SI","2018-07-10","92.2","2.7591","6.1120","Derek Holland",664023,502706,"null","ball",,,,,"4","null","R","R","L","SF","CHC","B","null","null",0,1,2018,"0.9344","1.6192","-0.7894","2.3563","null","null","623520.00",1,5,"Top","null","null",,,460026,,"180711_032541","-10.8659","-133.5975","-7.0505","13.2704","27.6897","-11.8505","3.4746","1.6644","null","null","null","91.1950","2497","5.8300",530773,502706,460026,474832,488818,467055,543063,452254,491676,457705,"54.6674","null","null","null","null","null","null","null",31,"2","Sinker",0,0,0,0,0,0,0,0,"Strategic","Standard"
"SI","2018-07-10","93.0","2.6677","6.0509","Derek Holland",623520,502706,"null","ball",,,,,"13","null","R","R","L","SF","CHC","B","null","null",2,2,2018,"1.4065","1.1197","-1.0321","2.3780","null","null","null",1,5,"Top","null","null",,,460026,,"180711_032414","-12.4942","-134.7292","-6.0332","19.7146","27.6755","-17.4897","3.5066","1.6024","null","null","null","92.7640","2311","6.2700",530773,502706,460026,474832,488818,467055,543063,452254,491676,457705,"54.2274","null","null","null","null","null","null","null",30,"5","Sinker",0,0,0,0,0,0,0,0,"Standard","Standard"
"SI","2018-07-10","92.9","2.7730","5.9845","Derek Holland",623520,502706,"null","ball",,,,,"2","null","R","R","L","SF","CHC","B","null","null",1,1,2018,"1.5616","1.0404","0.2042","3.3109","null","null","null",1,5,"Top","null","null",,,460026,,"180711_032318","-9.9198","-134.8924","-3.2839","21.0799","29.2968","-19.0766","3.5145","1.6207","null","null","null","92.4610","2330","6.1410",530773,502706,460026,474832,488818,467055,543063,452254,491676,457705,"54.3561","null","null","null","null","null","null","null",30,"3","Sinker",0,0,0,0,0,0,0,0,"Standard","Standard"
"SL","2018-07-10","79.8","2.9329","6.1565","Derek Holland",623520,502706,"null","ball",,,,,"13","null","R","R","L","SF","CHC","B","null","null",0,1,2018,"0.1634","0.3413","-1.0645","2.3636","null","null","null",1,5,"Top","null","null",,,460026,,"180711_032302","-8.8898","-115.7440","-2.1314","3.1197","22.2212","-29.0902","3.4368","1.6276","null","null","null","78.0380","2242","5.2870",530773,502706,460026,474832,488818,467055,543063,452254,491676,457705,"55.2101","null","null","null","null","null","null","null",30,"2","Slider",0,0,0,0,0,0,0,0,"Standard","Standard"
"CH","2018-07-10","83.6","2.6800","6.0654","Derek Holland",623520,502706,"null","called_strike",,,,,"6","null","R","R","L","SF","CHC","S","null","null",0,0,2018,"0.9642","1.4967","0.3585","2.3808","null","null","null",1,5,"Top","null","null",,,460026,,"180711_032245","-7.1761","-121.5552","-5.0118","10.7563","20.6835","-16.7216","3.5317","1.6466","null","null","null","83.5520","2183","6.0050",530773,502706,460026,474832,488818,467055,543063,452254,491676,457705,"54.4920","null","null","null","null","null","null","null",30,"1","Changeup",0,0,0,0,0,0,0,0,"Standard","Standard"
"KC","2018-07-10","78.8","2.8064","6.2009","Derek Holland",608365,502706,"null","called_strike",,,,,"3","null","R","R","L","SF","CHC","S","null","null",0,0,2018,"-0.2552","0.0931","0.4741","3.0419","null","null","null",0,5,"Top","null","null",,,460026,,"180711_032156","-4.5384","-114.6340","-0.2808","-1.4470","19.0396","-31.5572","3.4701","1.6749","null","null","null","77.9800","2030","5.4960",530773,502706,460026,474832,488818,467055,543063,452254,491676,457705,"55.0018","null","null","null","null","null","null","null",29,"1","Knuckle Curve",0,0,0,0,0,0,0,0,"Standard","Standard"
"SI","2018-07-10","91.8","1.8172","5.8253","Jose Quintana",543063,500779,"null","called_strike",,,,,"5","null","R","L","L","SF","CHC","S","null","null",3,1,2018,"0.9310","1.0051","0.1587","2.1418","474832.00","null","null",2,4,"Bot","null","null",,,575929,,"180711_031858","-6.2775","-133.6822","-5.7727","12.5764","25.7287","-18.9672","3.1992","1.5076","null","null","null","92.8790","1922","6.6490",530773,500779,575929,605170,595879,623520,608365,664023,546991,518792,"53.8485","null","null","null","null","null","null","null",28,"5","Sinker",0,0,0,0,0,0,0,0,"Standard","Standard"
"CH","2018-07-10","87.7","1.7249","5.7874","Jose Quintana",543063,500779,"null","ball",,,,,"13","null","R","L","L","SF","CHC","B","null","null",2,1,2018,"0.6575","0.9890","-1.2075","1.1484","474832.00","null","null",2,4,"Bot","null","null",,,575929,,"180711_031832","-8.4784","-127.3341","-7.1443","8.9211","25.7460","-20.0900","3.1892","1.5455","null","null","null","87.9650","1385","6.5410",530773,500779,575929,605170,595879,623520,608365,664023,546991,518792,"53.9564","null","null","null","null","null","null","null",28,"4","Changeup",0,0,0,0,0,0,0,0,"Standard","Standard"
"CH","2018-07-10","88.1","1.8142","5.7787","Jose Quintana",543063,500779,"null","ball",,,,,"13","null","R","L","L","SF","CHC","B","null","null",1,1,2018,"0.5702","0.6658","-0.5458","1.3416","474832.00","null","null",2,4,"Bot","null","null",,,575929,,"180711_031811","-6.9404","-128.2038","-6.1760","7.5882","22.1512","-23.8213","3.2019","1.5400","null","null","null","88.9770","1311","6.4640",530773,500779,575929,605170,595879,623520,608365,664023,546991,518792,"54.0331","null","null","null","null","null","null","null",28,"3","Changeup",0,0,0,0,0,0,0,0,"Standard","Standard"
"FF","2018-07-10","91.4","1.6146","5.7931","Jose Quintana",543063,500779,"null","ball",,,,,"11","null","R","L","L","SF","CHC","B","null","null",0,1,2018,"0.3972","1.1012","-1.4533","2.7527","474832.00","null","null",2,4,"Bot","null","null",,,575929,,"180711_031752","-8.7077","-133.0970","-4.3413","6.4460","24.1197","-18.0467","3.1639","1.5590","null","null","null","93.0830","1983","6.9000",530773,500779,575929,605170,595879,623520,608365,664023,546991,518792,"53.5974","null","null","null","null","null","null","null",28,"2","4-Seam Fastball",0,0,0,0,0,0,0,0,"Standard","Standard"
"FF","2018-07-10","92.0","1.5644","5.7873","Jose Quintana",460026,500779,"null","ball",,,,,"13","null","R","R","L","SF","CHC","B","null","null",2,1,2018,"0.5953","1.1487","-1.7023","0.9514","null","474832.00","457705.00",0,4,"Bot","null","null",,,575929,,"180711_031613","-9.6117","-133.5332","-8.9418","9.2041","27.9901","-16.6245","3.2927","1.6035","null","null","null","92.3410","1958","6.5720",530773,500779,575929,605170,595879,623520,608365,664023,546991,518792,"53.9258","null","null","null","null","null","null","null",27,"4","4-Seam Fastball",0,0,0,0,0,0,0,0,"Standard","Standard"
"FF","2018-07-10","92.2","1.5194","5.8662","Jose Quintana",460026,500779,"null","ball",,,,,"13","null","R","R","L","SF","CHC","B","null","null",0,0,2018,"0.3393","1.3816","-1.6348","1.4070","null","474832.00","457705.00",0,4,"Bot","null","null",,,575929,,"180711_031436","-8.7527","-133.8105","-8.4855","5.9586","28.6016","-13.9265","3.3497","1.5466","null","null","null","92.2060","2038","6.4160",530773,500779,575929,605170,595879,623520,608365,664023,546991,518792,"54.0817","null","null","null","null","null","null","null",27,"1","4-Seam Fastball",0,0,0,0,0,0,0,0,"Standard","Standard"
"CU","2018-07-10","76.6","1.6424","5.7903","Jose Quintana",457705,500779,"walk","ball",,,,,"13","Andrew McCutchen walks.   Brandon Belt to 2nd.  ","R","R","L","SF","CHC","B","null","null",3,2,2018,"-0.5071","-0.7750","-1.0190","1.2835","null","null","474832.00",0,4,"Bot","null","null",,,575929,,"180711_031334","-4.6598","-111.3138","-1.1130","-3.2529","20.1735","-38.4929","3.3708","1.6168","null","null","null","75.4600","2155","5.5500",530773,500779,575929,605170,595879,623520,608365,664023,546991,518792,"54.9474","null","null","0.70",1,0,0,"null",26,"7","Curveball",0,0,0,0,0,0,0,0,"Standard","Standard"
"SI","2018-07-10","91.6","1.4828","5.8063","Jose Quintana",457705,500779,"null","ball",,,,,"13","null","R","R","L","SF","CHC","B","null","null",2,2,2018,"0.8925","1.1538","-1.4409","1.3815","null","null","474832.00",0,4,"Bot","null","null",,,575929,,"180711_031308","-9.4069","-133.1300","-7.9474","12.6243","24.8165","-16.8078","3.3518","1.6927","null","null","null","92.7730","1956","6.7580",530773,500779,575929,605170,595879,623520,608365,664023,546991,518792,"53.7393","null","null","null","null","null","null","null",26,"6","Sinker",0,0,0,0,0,0,0,0,"Standard","Standard"
"FF","2018-07-10","91.4","1.6952","5.7428","Jose Quintana",457705,500779,"null","called_strike",,,,,"13","null","R","R","L","SF","CHC","S","null","null",2,1,2018,"0.3591","1.3143","-0.9281","1.9239","null","null","474832.00",0,4,"Bot","null","null",,,575929,,"180711_031206","-7.4530","-132.9615","-6.7060","5.8051","26.0866","-15.1399","3.3708","1.6927","null","null","null","92.4350","1894","6.7320",530773,500779,575929,605170,595879,623520,608365,664023,546991,518792,"53.7658","null","null","null","null","null","null","null",26,"4","4-Seam Fastball",0,0,0,0,0,0,0,0,"Standard","Standard"
"CU","2018-07-10","75.4","1.5947","5.7984","Jose Quintana",457705,500779,"null","called_strike",,,,,"7","null","R","R","L","SF","CHC","S","null","null",2,0,2018,"-0.3928","-0.7016","-0.4968","1.5857","null","null","474832.00",0,4,"Bot","null","null",,,575929,,"180711_031104","-3.6240","-109.7022","-0.4950","-2.5480","17.2905","-37.8910","3.3139","1.6358","null","null","null","74.8500","2025","5.6470",530773,500779,575929,605170,595879,623520,608365,664023,546991,518792,"54.8509","null","null","null","null","null","null","null",26,"3","Curveball",0,0,0,0,0,0,0,0,"Standard","Standard"
"CU","2018-07-10","75.0","1.6973","5.8051","Jose Quintana",457705,500779,"null","ball",,,,,"12","null","R","R","L","SF","CHC","B","null","null",1,0,2018,"-0.4828","-0.8630","1.0367","2.6589","null","null","474832.00",0,4,"Bot","null","null",,,575929,,"180711_031044","-0.5300","-109.2298","2.0233","-3.7224","17.1013","-39.5153","3.3708","1.6358","null","null","null","74.5730","2005","5.6760",530773,500779,575929,605170,595879,623520,608365,664023,546991,518792,"54.8218","null","null","null","null","null","null","null",26,"2","Curveball",0,0,0,0,0,0,0,0,"Strategic","Standard"
"CH","2018-07-10","85.4","1.7548","5.8498","Jose Quintana",457705,500779,"null","ball",,,,,"12","null","R","R","L","SF","CHC","B","null","null",0,0,2018,"1.0235","0.6909","1.2055","2.9794","null","null","474832.00",0,4,"Bot","null","null",,,575929,,"180711_031021","-3.4116","-124.4319","-1.9530","11.4631","22.9647","-24.6806","3.3898","1.6738","null","null","null","86.4690","1306","6.7190",530773,500779,575929,605170,595879,623520,608365,664023,546991,518792,"53.7782","null","null","null","null","null","null","null",26,"1","Changeup",0,0,0,0,0,0,0,0,"Strategic","Standard"
"CU","2018-07-10","76.5","1.9022","5.8238","Jose Quintana",474832,500779,"null","called_strike",,,,,"5","null","R","L","L","SF","CHC","S","null","null",1,0,2018,"-0.2354","-0.6405","-0.2297","2.3364","null","null","null",0,4,"Bot","null","null",,,575929,,"180711_030915","-4.0347","-111.2945","0.7220","-1.2596","18.3008","-37.7533","3.1390","1.5477","null","null","null","75.9060","2036","5.6800",530773,500779,575929,605170,595879,623520,608365,664023,546991,518792,"54.8172","null","null","null","null","null","null","null",25,"2","Curveball",0,0,0,0,0,0,0,0,"Standard","Standard"
"SI","2018-07-10","91.5","1.9210","5.8118","Jose Quintana",474832,500779,"null","ball",,,,,"13","null","R","L","L","SF","CHC","B","null","null",0,0,2018,"1.1126","1.1234","-0.0767","1.3850","null","null","null",0,4,"Bot","null","null",,,575929,,"180711_030856","-7.5047","-132.9197","-7.7710","14.9279","28.0319","-17.2558","3.1770","1.5287","null","null","null","92.0260","1977","6.6600",530773,500779,575929,605170,595879,623520,608365,664023,546991,518792,"53.8372","null","null","null","null","null","null","null",25,"1","Sinker",0,0,0,0,0,0,0,0,"Standard","Standard"
"SL","2018-07-10","82.4","3.0436","6.0937","Derek Holland",575929,502706,"null","ball",,,,,"13","null","R","R","L","SF","CHC","B","null","null",0,2,2018,"0.1778","0.4960","-1.0891","1.5661","null","595879.00","null",2,4,"Top","null","null",,,460026,,"180711_030516","-9.6194","-119.5075","-4.5726","3.6631","24.8070","-26.8328","3.2805","1.6125","null","null","null","81.2710","2351","5.8810",530773,502706,460026,474832,488818,467055,543063,452254,491676,457705,"54.6168","null","null","null","null","null","null","null",24,"3","Slider",0,0,0,0,0,0,0,0,"Standard","Standard"
"SI","2018-07-10","92.9","2.8059","6.1348","Derek Holland",575929,502706,"null","called_strike",,,,,"4","null","R","R","L","SF","CHC","S","null","null",0,0,2018,"1.1917","1.4196","-0.3920","2.2054","null","595879.00","null",2,4,"Top","null","null",,,460026,,"180711_030435","-10.6646","-134.6421","-7.2601","16.5855","27.9440","-13.7672","3.2705","1.5745","null","null","null","92.2420","2450","6.0170",530773,502706,460026,474832,488818,467055,543063,452254,491676,457705,"54.4800","null","null","null","null","null","null","null",24,"1","Sinker",0,0,0,0,0,0,0,0,"Standard","Standard"
"SL","2018-07-10","83.0","3.0449","6.0770","Derek Holland",595879,502706,"null","ball",,,,,"13","null","R","R","L","SF","CHC","B","null","null",0,1,2018,"0.2243","1.2013","-0.9699","2.0145","null","null","null",2,4,"Top","null","null",,,460026,,"180711_030318","-9.5084","-120.2773","-4.9989","4.0640","24.3827","-19.9654","3.4636","1.6659","null","null","null","81.9420","2212","5.9080",530773,502706,460026,474832,488818,467055,543063,452254,491676,457705,"54.5891","null","null","null","null","null","null","null",23,"2","Slider",0,0,0,0,0,0,0,0,"Standard","Standard"
"SI","2018-07-10","93.2","2.7455","6.0436","Derek Holland",595879,502706,"null","called_strike",,,,,"11","null","R","R","L","SF","CHC","S","null","null",0,0,2018,"1.2631","1.3846","-0.8615","2.5622","null","null","null",2,4,"Top","null","null",,,460026,,"180711_030304","-11.9466","-135.0958","-6.1425","17.9039","28.0625","-14.2056","3.3397","1.6089","null","null","null","92.8240","2482","6.1740",530773,502706,460026,474832,488818,467055,543063,452254,491676,457705,"54.3238","null","null","null","null","null","null","null",23,"1","Sinker",0,0,0,0,0,0,0,0,"Standard","Standard"
"SI","2018-07-10","93.7","2.6275","5.9568","Derek Holland",518792,502706,"null","ball",,,,,"13","null","R","L","L","SF","CHC","B","null","null",1,1,2018,"1.2708","1.1467","-0.9733","1.2962","null","null","null",1,4,"Top","null","null",,,460026,,"180711_030200","-12.0854","-135.7935","-8.8057","18.3096","28.0186","-16.2852","3.5907","1.6347","null","null","null","93.7360","2497","6.4030",530773,502706,460026,474832,488818,467055,543063,452254,491676,457705,"54.0942","null","null","null","null","null","null","null",22,"3","Sinker",0,0,0,0,0,0,0,0,"Infield shift","Standard"
"SL","2018-07-10","82.0","2.8880","6.0689","Derek Holland",518792,502706,"null","called_strike",,,,,"2","null","R","L","L","SF","CHC","S","null","null",1,0,2018,"-0.0298","0.7494","-0.2050","3.4453","null","null","null",1,4,"Top","null","null",,,460026,,"180711_030142","-6.8451","-119.1850","-0.7807","1.0184","22.5688","-25.2929","3.5427","1.7006","null","null","null","81.0320","2201","5.6580",530773,502706,460026,474832,488818,467055,543063,452254,491676,457705,"54.8391","null","null","null","null","null","null","null",22,"2","Slider",0,0,0,0,0,0,0,0,"Infield shift","Standard"
"SL","2018-07-10","82.4","3.0282","6.0778","Derek Holland",518792,502706,"null","ball",,,,,"13","null","R","L","L","SF","CHC","B","null","null",0,0,2018,"0.1133","0.6231","-1.0620","2.4861","null","null","null",1,4,"Top","null","null",,,460026,,"180711_030129","-9.4158","-119.4757","-2.7214","2.9962","24.4919","-26.0047","3.5527","1.7676","null","null","null","81.4210","2196","5.9680",530773,502706,460026,474832,488818,467055,543063,452254,491676,457705,"54.5294","null","null","null","null","null","null","null",22,"1","Slider",0,0,0,0,0,0,0,0,"Infield shift","Standard"
"SL","2018-07-10","79.8","2.9349","6.2658","Derek Holland",546991,502706,"null","called_strike",,,,,"5","null","R","R","L","SF","CHC","S","null","null",0,0,2018,"-0.0494","0.3047","0.0513","2.2924","null","null","null",0,4,"Top","null","null",,,460026,,"180711_030117","-6.1849","-116.0254","-2.5331","0.7263","21.8268","-29.2484","3.4088","1.5623","null","null","null","78.9650","2203","5.7610",530773,502706,460026,474832,488818,467055,543063,452254,491676,457705,"54.7360","null","null","null","null","null","null","null",21,"1","Slider",0,0,0,0,0,0,0,0,"Standard","Standard"
"FF","2018-07-10","91.6","1.6556","5.8219","Jose Quintana",491676,500779,"null","ball",,,,,"11","null","R","R","L","SF","CHC","B","null","null",1,2,2018,"0.5769","1.2593","-1.1550","2.9748","null","null","null",2,3,"Bot","null","null",,,575929,,"180711_025733","-8.4134","-133.2380","-4.1070","8.7236","27.9456","-16.3156","3.2249","1.5713","null","null","null","92.2910","1998","6.6690",530773,500779,575929,605170,595879,623520,608365,664023,546991,518792,"53.8284","null","null","null","null","null","null","null",20,"4","4-Seam Fastball",0,0,0,0,0,0,0,0,"Standard","Standard"
"CU","2018-07-10","75.7","1.8854","5.7907","Jose Quintana",491676,500779,"null","called_strike",,,,,"9","null","R","R","L","SF","CHC","S","null","null",1,1,2018,"-0.5392","-0.8840","0.3532","1.7879","null","null","null",2,3,"Bot","null","null",,,575929,,"180711_025715","-2.2329","-110.1318","0.2574","-3.8848","19.3359","-39.4815","3.1859","1.4953","null","null","null","74.7700","2175","5.5870",530773,500779,575929,605170,595879,623520,608365,664023,546991,518792,"54.9109","null","null","null","null","null","null","null",20,"3","Curveball",0,0,0,0,0,0,0,0,"Standard","Standard"
"FF","2018-07-10","92.2","1.8260","5.8558","Jose Quintana",491676,500779,"null","ball",,,,,"12","null","R","R","L","SF","CHC","B","null","null",0,1,2018,"0.5867","1.3007","0.0161","3.4994","null","null","null",2,3,"Bot","null","null",,,575929,,"180711_025659","-5.9201","-134.2917","-3.0554","8.4062","28.0848","-15.8392","3.2528","1.5621","null","null","null","92.8800","1972","6.5630",530773,500779,575929,605170,595879,623520,608365,664023,546991,518792,"53.9346","null","null","null","null","null","null","null",20,"2","4-Seam Fastball",0,0,0,0,0,0,0,0,"Standard","Standard"
"FF","2018-07-10","91.9","1.7532","5.8318","Jose Quintana",491676,500779,"null","called_strike",,,,,"5","null","R","R","L","SF","CHC","S","null","null",0,0,2018,"0.6422","1.3005","-0.0399","2.4960","null","null","null",2,3,"Bot","null","null",,,575929,,"180711_025643","-5.9796","-133.7465","-5.5082","9.0197","27.1558","-15.4385","3.2138","1.5621","null","null","null","92.6460","1988","6.5930",530773,500779,575929,605170,595879,623520,608365,664023,546991,518792,"53.9043","null","null","null","null","null","null","null",20,"1","4-Seam Fastball",0,0,0,0,0,0,0,0,"Standard","Standard"
"SI","2018-07-10","91.6","1.7450","5.8077","Jose Quintana",502706,500779,"null","ball",,,,,"11","null","R","R","L","SF","CHC","B","null","null",0,1,2018,"0.9532","0.9251","-1.0532","3.2816","null","null","null",1,3,"Bot","null","null",,,575929,,"180711_025534","-9.3045","-133.3639","-2.6673","13.4979","24.9698","-20.4221","3.3687","1.6234","null","null","null","93.3700","1948","7.0160",530773,500779,575929,605170,595879,623520,608365,664023,546991,518792,"53.4816","null","null","null","null","null","null","null",19,"2","Sinker",0,0,0,0,0,0,0,0,"Standard","Standard"
"FF","2018-07-10","91.7","1.7948","5.8250","Jose Quintana",502706,500779,"null","called_strike",,,,,"4","null","R","R","L","SF","CHC","S","null","null",0,0,2018,"0.4636","1.2051","-0.3423","2.8577","null","null","null",1,3,"Bot","null","null",,,575929,,"180711_025520","-6.4587","-133.5772","-4.3854","6.8570","24.7497","-16.8221","3.3842","1.7368","null","null","null","92.8760","1965","6.6180",530773,500779,575929,605170,595879,623520,608365,664023,546991,518792,"53.8796","null","null","null","null","null","null","null",19,"1","4-Seam Fastball",0,0,0,0,0,0,0,0,"Standard","Standard"
"FF","2018-07-10","92.4","1.9474","5.7693","Jose Quintana",467055,500779,"strikeout","called_strike",,,,,"8","Pablo Sandoval called out on strikes.  ","R","R","L","SF","CHC","S",2,"null",1,2,2018,"0.2246","1.3659","0.1722","1.6314","null","null","null",0,3,"Bot","null","null",,,575929,,"180711_025453","-5.0907","-134.5922","-7.9510","3.7745","25.3307","-13.7082","3.0859","1.5555","null","null","null","94.1490","1843","6.9610",530773,500779,575929,605170,595879,623520,608365,664023,546991,518792,"53.5362","null","null","0.00",1,0,0,"null",18,"7","4-Seam Fastball",0,0,0,0,0,0,0,0,"Standard","Standard"
"FF","2018-07-10","91.3","1.8882","5.8432","Jose Quintana",467055,500779,"null","ball",,,,,"11","null","R","R","L","SF","CHC","B","null","null",0,2,2018,"0.3270","1.4810","-0.7144","4.7151","null","null","null",0,3,"Bot","null","null",,,575929,,"180711_025346","-7.3241","-132.9457","-0.2074","5.4501","27.5118","-14.4995","2.8947","1.2415","null","null","null","92.1850","2003","6.7020",530773,500779,575929,605170,595879,623520,608365,664023,546991,518792,"53.7957","null","null","null","null","null","null","null",18,"4","4-Seam Fastball",0,0,0,0,0,0,0,0,"Standard","Standard"
"FF","2018-07-10","91.7","1.8519","5.8795","Jose Quintana",467055,500779,"null","called_strike",,,,,"4","null","R","R","L","SF","CHC","S","null","null",0,0,2018,"0.6888","1.4523","-0.3247","2.1540","null","null","null",0,3,"Bot","null","null",,,575929,,"180711_025233","-7.0656","-133.3762","-6.7983","9.8240","27.9379","-13.3478","2.9109","1.2468","null","null","null","92.4890","2045","6.7240",530773,500779,575929,605170,595879,623520,608365,664023,546991,518792,"53.7730","null","null","null","null","null","null","null",18,"1","4-Seam Fastball",0,0,0,0,0,0,0,0,"Standard","Standard"
"SI","2018-07-10","92.0","2.7271","6.0063","Derek Holland",500779,502706,"strikeout","called_strike",,,,,"8","Jose Quintana called out on strikes.  ","R","R","L","SF","CHC","S",2,"null",1,2,2018,"1.2396","1.1328","-0.0389","1.8999","null","null","null",2,3,"Top","null","null",,,460026,,"180711_024920","-9.7337","-133.4881","-7.0176","17.0055","28.8871","-17.2471","3.3239","1.4592","null","null","null","92.1060","2324","6.5220",530773,502706,460026,474832,488818,467055,543063,452254,491676,457705,"53.9757","null","null","0.00",1,0,0,"null",17,"4","Sinker",0,0,0,0,0,0,0,0,"Strategic","Strategic"
"SI","2018-07-10","92.7","2.7440","5.9903","Derek Holland",500779,502706,"null","ball",,,,,"3","null","R","R","L","SF","CHC","B","null","null",0,2,2018,"1.1640","0.8251","0.4946","3.2620","null","null","null",2,3,"Top","null","null",,,460026,,"180711_024900","-8.2022","-134.7131","-2.9558","15.7437","27.4977","-21.8154","3.3985","1.6714","null","null","null","92.3510","2338","6.0170",530773,502706,460026,474832,488818,467055,543063,452254,491676,457705,"54.4805","null","null","null","null","null","null","null",17,"3","Sinker",0,0,0,0,0,0,0,0,"Strategic","Strategic"
"SL","2018-07-10","82.8","2.8660","6.0614","Derek Holland",605170,502706,"null","ball",,,,,"13","null","R","R","L","SF","CHC","B","null","null",1,2,2018,"0.3807","0.8196","-1.3356","0.9068","null","null","null",1,3,"Top","null","null",,,460026,,"180711_024727","-10.1724","-119.9615","-6.6940","5.5756","23.2753","-23.3649","3.5571","1.3291","null","null","null","81.6750","2404","5.7770",530773,502706,460026,474832,488818,467055,543063,452254,491676,457705,"54.7203","null","null","null","null","null","null","null",16,"5","Slider",0,0,0,0,0,0,0,0,"Standard","Standard"
"SI","2018-07-10","92.8","2.7841","6.0674","Derek Holland",605170,502706,"null","called_strike",,,,,"1","null","R","R","L","SF","CHC","S","null","null",1,1,2018,"1.4376","1.3763","-0.7421","2.7410","null","null","null",1,3,"Top","null","null",,,460026,,"180711_024647","-12.0171","-134.5422","-5.6828","19.6733","24.7604","-14.6066","3.2469","1.5326","null","null","null","92.6070","2561","6.0380",530773,502706,460026,474832,488818,467055,543063,452254,491676,457705,"54.4592","null","null","null","null","null","null","null",16,"3","Sinker",0,0,0,0,0,0,0,0,"Standard","Standard"
"SI","2018-07-10","92.2","2.8358","6.0484","Derek Holland",605170,502706,"null","ball",,,,,"11","null","R","R","L","SF","CHC","B","null","null",0,0,2018,"1.1338","1.5421","-0.3774","3.4569","null","null","null",1,3,"Top","null","null",,,460026,,"180711_024609","-10.5112","-133.7518","-3.9979","15.7243","29.0315","-13.2549","3.2469","1.5326","null","null","null","91.4430","2542","6.0160",530773,502706,460026,474832,488818,467055,543063,452254,491676,457705,"54.4818","null","null","null","null","null","null","null",16,"1","Sinker",0,0,0,0,0,0,0,0,"Standard","Standard"
"SL","2018-07-10","83.0","3.3569","5.9483","Derek Holland",664023,502706,"null","ball",,,,,"14","null","R","R","L","SF","CHC","B","null","null",1,2,2018,"0.1054","0.6292","1.1467","2.3430","null","null","null",0,3,"Top","null","null",,,460026,,"180711_024429","-5.2135","-120.7159","-2.9278","2.0725","24.6149","-25.8029","3.4156","1.6544","null","null","null","82.1580","2271","5.8570",530773,502706,460026,474832,488818,467055,543063,452254,491676,457705,"54.6399","null","null","null","null","null","null","null",15,"4","Slider",0,0,0,0,0,0,0,0,"Standard","Standard"
"SL","2018-07-10","83.3","2.8598","6.0118","Derek Holland",664023,502706,"null","ball",,,,,"13","null","R","R","L","SF","CHC","B","null","null",0,2,2018,"0.1734","0.6797","-2.4095","0.3082","null","null","null",0,3,"Top","null","null",,,460026,,"180711_024406","-12.2048","-120.5330","-7.8362","3.6464","19.5362","-24.5765","3.4156","1.5974","null","null","null","82.3880","2381","5.6210",530773,502706,460026,474832,488818,467055,543063,452254,491676,457705,"54.8761","null","null","null","null","null","null","null",15,"3","Slider",0,0,0,0,0,0,0,0,"Standard","Standard"
"KC","2018-07-10","79.7","2.8165","6.2570","Derek Holland",664023,502706,"null","called_strike",,,,,"6","null","R","R","L","SF","CHC","S","null","null",0,0,2018,"-0.1112","-0.0362","0.6920","2.4494","null","null","null",0,3,"Top","null","null",,,460026,,"180711_024336","-4.3903","-115.8026","-1.4840","-0.0961","22.9397","-32.4701","3.4535","1.6924","null","null","null","78.2270","2197","5.4680",530773,502706,460026,474832,488818,467055,543063,452254,491676,457705,"55.0290","null","null","null","null","null","null","null",15,"1","Knuckle Curve",0,0,0,0,0,0,0,0,"Standard","Standard"
"FF","2018-07-10","89.8","1.6464","5.9339","Jose Quintana",488818,500779,"null","called_strike",,,,,"3","null","R","R","L","SF","CHC","S","null","null",0,0,2018,"0.5589","1.4851","0.2817","2.9546","null","null","543063.00",2,2,"Bot","null","null",,,575929,,"180711_023959","-4.6094","-130.7893","-4.6668","7.4082","24.8974","-14.1121","3.3433","1.6295","null","null","null","90.8520","2029","6.6600",530773,500779,575929,605170,595879,623520,608365,664023,546991,518792,"53.8372","null","null","null","null","null","null","null",14,"1","4-Seam Fastball",0,0,0,0,0,0,0,0,"Strategic","Standard"
"CH","2018-07-10","86.0","1.9489","5.8583","Jose Quintana",543063,500779,"null","ball",,,,,"12","null","R","L","L","SF","CHC","B","null","null",2,2,2018,"0.8910","0.3674","0.4001","3.7294","null","null","null",1,2,"Bot","null","null",,,575929,,"180711_023806","-5.5470","-125.2483","0.4235","10.5964","24.4610","-28.5245","3.0663","1.4407","null","null","null","86.8310","1200","6.6950",530773,500779,575929,605170,595879,623520,608365,664023,546991,518792,"53.8021","null","null","null","null","null","null","null",12,"5","Changeup",0,0,0,0,0,0,0,0,"Standard","Standard"
"SI","2018-07-10","92.1","1.7828","5.7661","Jose Quintana",543063,500779,"null","ball",,,,,"13","null","R","L","L","SF","CHC","B","null","null",1,2,2018,"1.1230","0.9373","-1.0818","1.7011","null","null","null",1,2,"Bot","null","null",,,575929,,"180711_023744","-9.7670","-133.7841","-6.5802","15.6244","26.7717","-19.6360","3.0283","1.4787","null","null","null","92.7170","1988","6.5890",530773,500779,575929,605170,595879,623520,608365,664023,546991,518792,"53.9085","null","null","null","null","null","null","null",12,"4","Sinker",0,0,0,0,0,0,0,0,"Standard","Standard"
"CH","2018-07-10","87.0","2.0394","5.7847","Jose Quintana",543063,500779,"null","ball",,,,,"13","null","R","L","L","SF","CHC","B","null","null",0,2,2018,"0.8632","0.7627","-0.9581","0.9713","null","null","null",1,2,"Bot","null","null",,,575929,,"180711_023726","-9.0150","-126.4313","-7.0521","10.9967","21.6260","-22.7830","3.1232","1.4787","null","null","null","87.9750","1203","6.6130",530773,500779,575929,605170,595879,623520,608365,664023,546991,518792,"53.8842","null","null","null","null","null","null","null",12,"3","Changeup",0,0,0,0,0,0,0,0,"Standard","Standard"
"SI","2018-07-10","92.6","1.8675","5.8758","Jose Quintana",543063,500779,"null","called_strike",,,,,"7","null","R","L","L","SF","CHC","S","null","null",0,1,2018,"1.1830","0.9263","-0.6048","1.4567","null","null","null",1,2,"Bot","null","null",,,575929,,"180711_023707","-8.9171","-134.4197","-7.5125","16.3086","27.9588","-19.4923","3.2471","1.5356","null","null","null","92.8760","1987","6.4950",530773,500779,575929,605170,595879,623520,608365,664023,546991,518792,"54.0029","null","null","null","null","null","null","null",12,"2","Sinker",0,0,0,0,0,0,0,0,"Standard","Standard"
"FF","2018-07-10","91.7","1.8400","5.9284","Jose Quintana",460026,500779,"null","called_strike",,,,,"7","null","R","R","L","SF","CHC","S","null","null",0,0,2018,"0.6018","1.3991","-0.3128","1.6604","null","null","null",0,2,"Bot","null","null",,,575929,,"180711_023548","-6.7776","-133.2537","-8.0279","8.6129","26.5484","-13.8794","3.2749","1.5557","null","null","null","92.3150","1882","6.5670",530773,500779,575929,605170,595879,623520,608365,664023,546991,518792,"53.9300","null","null","null","null","null","null","null",11,"1","4-Seam Fastball",0,0,0,0,0,0,0,0,"Standard","Standard"
"SI","2018-07-10","92.9","2.8784","6.0657","Derek Holland",664023,502706,"null","ball",,,,,"12","null","R","R","L","SF","CHC","B","null","null",0,0,2018,"1.5480","1.0460","1.1599","4.1739","null","null","623520.00",2,2,"Top","null","null",,,460026,,"180711_023205","-7.6481","-134.9949","-1.2895","20.2559","29.0608","-19.5593","3.3119","1.4547","null","null","null","92.0710","2388","5.8430",530773,502706,460026,474832,488818,467055,543063,452254,491676,457705,"54.6546","null","null","null","null","null","null","null",10,"1","Sinker",0,0,0,0,0,0,0,0,"Standard","Standard"
"SL","2018-07-10","81.5","2.8817","6.2147","Derek Holland",623520,502706,"null","ball",,,,,"13","null","R","R","L","SF","CHC","B","null","null",0,1,2018,"0.1853","0.2515","-0.0434","0.6262","null","null","null",2,2,"Top","null","null",,,460026,,"180711_023043","-6.8144","-118.3219","-6.3020","3.0221","23.0553","-28.9048","3.4470","1.6557","null","null","null","80.2650","1991","5.6140",530773,502706,460026,474832,488818,467055,543063,452254,491676,457705,"54.8832","null","null","null","null","null","null","null",9,"2","Slider",0,0,0,0,0,0,0,0,"Standard","Standard"
"SI","2018-07-10","93.6","2.9495","6.1629","Derek Holland",623520,502706,"null","called_strike",,,,,"9","null","R","R","L","SF","CHC","S","null","null",0,0,2018,"1.2570","1.1661","0.3828","1.9512","null","null","null",2,2,"Top","null","null",,,460026,,"180711_023029","-9.2424","-135.7707","-7.5613","17.2772","28.4141","-16.5858","3.5229","1.6367","null","null","null","92.7880","2471","5.8810",530773,502706,460026,474832,488818,467055,543063,452254,491676,457705,"54.6160","null","null","null","null","null","null","null",9,"1","Sinker",0,0,0,0,0,0,0,0,"Standard","Standard"
"SL","2018-07-10","81.5","2.8672","6.0831","Derek Holland",575929,502706,"null","ball",,,,,"13","null","R","R","L","SF","CHC","B","null","null",0,2,2018,"0.1549","0.4220","-1.2365","1.7300","null","null","null",0,2,"Top","null","null",,,460026,,"180711_022836","-9.4071","-118.3010","-3.9353","3.1608","21.7355","-27.7795","3.3285","1.5077","null","null","null","80.7690","2295","5.8430",530773,502706,460026,474832,488818,467055,543063,452254,491676,457705,"54.6547","null","null","null","null","null","null","null",7,"3","Slider",0,0,0,0,0,0,0,0,"Standard","Standard"
"SI","2018-07-10","92.4","2.7747","6.1206","Derek Holland",575929,502706,"null","called_strike",,,,,"7","null","R","R","L","SF","CHC","S","null","null",0,1,2018,"1.1246","1.4325","-0.7809","1.7048","null","null","null",0,2,"Top","null","null",,,460026,,"180711_022819","-11.3347","-133.6562","-8.2799","15.9035","32.0327","-13.6525","3.2046","1.5267","null","null","null","90.8990","2447","5.9640",530773,502706,460026,474832,488818,467055,543063,452254,491676,457705,"54.5335","null","null","null","null","null","null","null",7,"2","Sinker",0,0,0,0,0,0,0,0,"Standard","Standard"
"SI","2018-07-10","91.3","2.7863","6.1879","Derek Holland",575929,502706,"null","called_strike",,,,,"6","null","R","R","L","SF","CHC","S","null","null",0,0,2018,"1.0265","1.5326","0.3685","2.5369","null","null","null",0,2,"Top","null","null",,,460026,,"180711_022806","-8.2823","-132.6211","-6.5516","13.8992","29.3048","-12.9304","3.1477","1.4887","null","null","null","91.0730","2408","6.3220",530773,502706,460026,474832,488818,467055,543063,452254,491676,457705,"54.1751","null","null","null","null","null","null","null",7,"1","Sinker",0,0,0,0,0,0,0,0,"Standard","Standard"
"SI","2018-07-10","91.5","1.8278","5.8628","Jose Quintana",457705,500779,"null","ball",,,,,"12","null","R","R","L","SF","CHC","B","null","null",1,2,2018,"0.6903","1.0137","0.1181","3.9456","null","null","null",2,1,"Bot","null","null",,,575929,,"180711_022511","-5.8823","-133.4455","-1.3050","9.5193","23.9486","-19.6722","3.3429","1.6260","null","null","null","93.0920","1899","6.7400",530773,500779,575929,605170,595879,623520,608365,664023,546991,518792,"53.7571","null","null","null","null","null","null","null",6,"4","Sinker",0,0,0,0,0,0,0,0,"Standard","Standard"
"FF","2018-07-10","92.3","1.7885","5.8765","Jose Quintana",457705,500779,"null","called_strike",,,,,"11","null","R","R","L","SF","CHC","S","null","null",1,1,2018,"0.5968","1.2394","-0.8851","2.9132","null","null","null",2,1,"Bot","null","null",,,575929,,"180711_022454","-8.1808","-134.3182","-4.5470","8.9369","25.5485","-16.1535","3.4188","1.6449","null","null","null","93.4780","1952","6.7080",530773,500779,575929,605170,595879,623520,608365,664023,546991,518792,"53.7896","null","null","null","null","null","null","null",6,"3","4-Seam Fastball",0,0,0,0,0,0,0,0,"Standard","Standard"
"CU","2018-07-10","75.9","1.7865","5.7748","Jose Quintana",457705,500779,"null","ball",,,,,"13","null","R","R","L","SF","CHC","B","null","null",0,1,2018,"-0.7376","-0.7920","-0.6383","0.8449","null","null","null",2,1,"Bot","null","null",,,575929,,"180711_022435","-3.7616","-110.6121","-1.9115","-5.4395","18.0176","-38.5665","3.3619","1.6449","null","null","null","76.1030","2156","6.1580",530773,500779,575929,605170,595879,623520,608365,664023,546991,518792,"54.3395","null","null","null","null","null","null","null",6,"2","Curveball",0,0,0,0,0,0,0,0,"Standard","Standard"
"CU","2018-07-10","76.4","1.9164","5.8382","Jose Quintana",457705,500779,"null","called_strike",,,,,"8","null","R","R","L","SF","CHC","S","null","null",0,0,2018,"-0.7001","-0.6390","0.2384","2.0282","null","null","null",2,1,"Bot","null","null",,,575929,,"180711_022423","-2.2848","-111.3453","0.0170","-5.3908","17.5303","-37.6415","3.3429","1.6260","null","null","null","76.1300","2180","5.7320",530773,500779,575929,605170,595879,623520,608365,664023,546991,518792,"54.7657","null","null","null","null","null","null","null",6,"1","Curveball",0,0,0,0,0,0,0,0,"Standard","Standard"
"FF","2018-07-10","92.7","1.9240","5.8886","Jose Quintana",474832,500779,"null","ball",,,,,"11","null","R","L","L","SF","CHC","B","null","null",0,1,2018,"0.5819","1.2457","-0.9714","3.6085","null","null","null",1,1,"Bot","null","null",,,575929,,"180711_022324","-8.7921","-134.9459","-2.9240","8.9236","24.4466","-16.1071","3.1299","1.5378","null","null","null","94.3700","1966","6.8700",530773,500779,575929,605170,595879,623520,608365,664023,546991,518792,"53.6271","null","null","null","null","null","null","null",5,"2","4-Seam Fastball",0,0,0,0,0,0,0,0,"Strategic","Standard"
"FF","2018-07-10","92.1","1.8130","5.9842","Jose Quintana",491676,500779,"null","called_strike",,,,,"9","null","R","R","L","SF","CHC","S","null","null",0,0,2018,"0.5058","1.3041","0.2999","2.0380","null","null","null",0,1,"Bot","null","null",,,575929,,"180711_022200","-4.9507","-134.0660","-7.1037","7.1015","25.3741","-15.1200","3.2148","1.5424","null","null","null","92.7830","1933","6.3970",530773,500779,575929,605170,595879,623520,608365,664023,546991,518792,"54.1005","null","null","null","null","null","null","null",4,"1","4-Seam Fastball",0,0,0,0,0,0,0,0,"Standard","Standard"
"SL","2018-07-10","81.2","2.8973","6.2818","Derek Holland",595879,502706,"null","ball",,,,,"13","null","R","R","L","SF","CHC","B","null","null",0,2,2018,"0.1513","0.0831","-1.5697","0.1961","null","null","null",2,1,"Top","null","null",,,460026,,"180711_021844","-10.0682","-117.5452","-6.9678","3.2353","21.8704","-30.3845","3.2458","1.6371","null","null","null","79.6590","2058","5.4690",530773,502706,460026,474832,488818,467055,543063,452254,491676,457705,"55.0280","null","null","null","null","null","null","null",3,"3","Slider",0,0,0,0,0,0,0,0,"Standard","Standard"
"SI","2018-07-10","92.0","2.6761","6.1766","Derek Holland",595879,502706,"null","called_strike",,,,,"13","null","R","R","L","SF","CHC","S","null","null",0,0,2018,"0.9534","1.4028","-0.8320","2.0132","null","null","null",2,1,"Top","null","null",,,460026,,"180711_021810","-10.8903","-133.4510","-7.7239","13.4954","25.4162","-14.0960","3.4636","1.6561","null","null","null","91.9660","2451","6.1850",530773,502706,460026,474832,488818,467055,543063,452254,491676,457705,"54.3122","null","null","null","null","null","null","null",3,"1","Sinker",0,0,0,0,0,0,0,0,"Standard","Standard"
"SI","2018-07-10","92.6","2.7705","6.1586","Derek Holland",518792,502706,"null","called_strike",,,,,"4","null","R","L","L","SF","CHC","S","null","null",0,0,2018,"1.2983","1.3174","-0.7588","2.2446","null","null","null",1,1,"Top","null","null",,,460026,,"180711_021712","-11.7075","-134.2449","-6.9823","17.9311","26.2140","-15.1423","3.4199","1.5958","null","null","null","92.2240","2468","6.0500",530773,502706,460026,474832,488818,467055,543063,452254,491676,457705,"54.4473","null","null","null","null","null","null","null",2,"1","Sinker",0,0,0,0,0,0,0,0,"Infield shift","Standard"