"pitch_type","game_date","release_speed","release_pos_x","release_pos_z","player_name","batter","pitcher","events","description","spin_dir","spin_rate_deprecated","break_angle_deprecated","break_length_deprecated","zone","des","game_type","stand","p_throws","home_team","away_team","type","hit_location","bb_type","balls","strikes","game_year","pfx_x","pfx_z","plate_x","plate_z","on_3b","on_2b","on_1b","outs_when_up","inning","inning_topbot","hc_x","hc_y","tfs_deprecated","tfs_zulu_deprecated","pos2_person_id","umpire","sv_id","vx0","vy0","vz0","ax","ay","az","sz_top","sz_bot","hit_distance_sc","launch_speed","launch_angle","effective_speed","release_spin_rate","release_extension","game_pk","pos1_person_id","pos2_person_id","pos3_person_id","pos4_person_id","pos5_person_id","pos6_person_id","pos7_person_id","pos8_person_id","pos9_person_id","release_pos_y","estimated_ba_using_speedangle","estimated_woba_using_speedangle","woba_value","woba_denom","babip_value","iso_value","launch_speed_angle","at_bat_number","pitch_number","pitch_name","home_score","away_score","bat_score","fld_score","post_away_score","post_home_score","post_bat_score","post_fld_score","if_fielding_alignment","of_fielding_alignment"
"FF","2018-07-31","91.9","1.8165","6.4649","Will Smith",622534,519293,"null","ball",,,,,"13","null","R","R","L","SD","SF","B","null","null",0,0,2018,"0.7132","1.2597","-0.0261","1.1804","null","null","null",2,10,"Bot","null","null",,,460026,,"180731_231421","-6.2136","-133.3516","-10.2163","9.8896","29.7747","-15.0963","3.5303","1.6602","null","null","null","91.7090","2192","6.4180",531022,519293,460026,596103,488818,446334,543063,491676,621453,457705,"54.0825","null","null","null","null","null","null","null",83,"1","4-Seam Fastball",2,3,2,3,3,2,2,3,"Standard","Standard"
"FF","2018-07-31","91.4","1.8394","6.6093","Will Smith",592669,519293,"null","ball",,,,,"14","null","R","R","L","SD","SF","B","null","null",0,0,2018,"0.3951","1.3610","0.9792","2.0879","null","null","null",1,10,"Bot","null","null",,,460026,,"180731_231322","-2.9810","-132.8100","-8.3042","5.2549","29.2069","-14.7467","3.6450","1.6372","null","null","null","90.5930","2138","5.9390",531022,519293,460026,596103,488818,446334,543063,491676,621453,457705,"54.5613","null","null","null","null","null","null","null",82,"1","4-Seam Fastball",2,3,2,3,3,2,2,3,"Infield shift","Standard"
"FF","2018-07-31","92.2","1.8933","6.5632","Will Smith",454560,519293,"strikeout","called_strike",,,,,"14","A.  J.   Ellis called out on strikes.  ","R","R","L","SD","SF","S",2,"null",2,2,2018,"0.4973","1.3604","0.8872","2.1534","null","null","null",0,10,"Bot","null","null",,,460026,,"180731_231251","-3.5730","-133.9186","-8.1265","6.6576","30.8039","-14.6009","3.3926","1.7063","null","null","null","90.9350","2169","5.7720",531022,519293,460026,596103,488818,446334,543063,491676,621453,457705,"54.7283","null","null","0.00",1,0,0,"null",81,"7","4-Seam Fastball",2,3,2,3,3,2,2,3,"Standard","Standard"
"SL","2018-07-31","79.5","2.0862","6.3760","Will Smith",454560,519293,"null","called_strike",,,,,"6","null","R","R","L","SD","SF","S","null","null",2,1,2018,"-0.7406","-0.0318","0.3763","2.4889","null","null","null",0,10,"Bot","null","null",,,460026,,"180731_231124","-2.3745","-115.8889","-1.8178","-6.2301","18.2899","-32.3789","3.3697","1.5827","null","null","null","79.3350","2132","5.7320",531022,519293,460026,596103,488818,446334,543063,491676,621453,457705,"54.7680","null","null","null","null","null","null","null",81,"4","Slider",2,3,2,3,3,2,2,3,"Standard","Standard"
"SL","2018-07-31","78.8","2.1318","6.3299","Will Smith",454560,519293,"null","ball",,,,,"13","null","R","R","L","SD","SF","B","null","null",1,1,2018,"-0.8772","0.0643","-1.7560","1.7875","null","null","null",0,10,"Bot","null","null",,,460026,,"180731_231106","-6.7903","-114.6365","-3.1961","-6.4979","19.3968","-31.2931","3.3697","1.5827","null","null","null","78.4240","2238","5.8500",531022,519293,460026,596103,488818,446334,543063,491676,621453,457705,"54.6498","null","null","null","null","null","null","null",81,"3","Slider",2,3,2,3,3,2,2,3,"Standard","Standard"
"FF","2018-07-31","90.6","1.7781","6.5685","Will Smith",454560,519293,"null","ball",,,,,"11","null","R","R","L","SD","SF","B","null","null",0,1,2018,"0.5537","1.1629","-1.2134","2.7665","null","null","null",0,10,"Bot","null","null",,,460026,,"180731_231048","-8.5647","-131.5921","-6.0037","8.0134","24.8257","-17.8119","3.4156","1.6372","null","null","null","90.3080","2086","5.9670",531022,519293,460026,596103,488818,446334,543063,491676,621453,457705,"54.5334","null","null","null","null","null","null","null",81,"2","4-Seam Fastball",2,3,2,3,3,2,2,3,"Standard","Standard"
"FF","2018-07-31","90.5","1.9115","6.5643","Will Smith",454560,519293,"null","called_strike",,,,,"5","null","R","R","L","SD","SF","S","null","null",0,0,2018,"0.6123","1.2427","0.0666","2.6912","null","null","null",0,10,"Bot","null","null",,,460026,,"180731_231031","-5.8424","-131.6491","-6.3603","8.1555","24.1059","-16.8311","3.3697","1.5827","null","null","null","90.3830","2059","5.9310",531022,519293,460026,596103,488818,446334,543063,491676,621453,457705,"54.5694","null","null","null","null","null","null","null",81,"1","4-Seam Fastball",2,3,2,3,3,2,2,3,"Standard","Standard"
"FF","2018-07-31","91.3","-0.9994","5.2980","Phil Maton",621453,664208,"null","called_strike",,,,,"14","null","R","L","R","SD","SF","S","null","null",0,0,2018,"-0.0237","1.0677","0.1524","1.5124","543063.00","593700.00","491676.00",2,10,"Top","null","null",,,595978,,"180731_230631","2.9948","-133.0047","-6.1334","-0.8843","26.4201","-18.0868","3.4583","1.6372","null","null","null","92.8890","2615","7.0080",531022,664208,595978,543333,641319,570799,520471,571976,622534,608671,"53.4925","null","null","null","null","null","null","null",80,"1","4-Seam Fastball",2,3,3,2,3,2,3,2,"Strategic","Standard"
"FF","2018-07-31","90.8","-0.9299","5.3564","Phil Maton",491676,664208,"walk","ball",,,,,"12","Gorkys Hernandez walks.   Alen Hanson to 2nd.  ","R","R","R","SD","SF","B","null","null",3,1,2018,"0.4498","1.3006","0.0264","3.6780","543063.00","null","593700.00",2,10,"Top","null","null",,,595978,,"180731_230548","1.4315","-132.4630","-1.1719","5.0972","27.9271","-16.4978","3.3467","1.5587","null","null","null","92.0800","2678","6.8900",531022,664208,595978,543333,641319,570799,520471,571976,622534,608671,"53.6102","null","null","0.70",1,0,0,"null",79,"5","4-Seam Fastball",2,3,3,2,3,2,3,2,"Standard","Standard"
"SL","2018-07-31","78.6","-1.0692","5.2938","Phil Maton",491676,664208,"null","ball",,,,,"2","null","R","R","R","SD","SF","B","null","null",2,1,2018,"1.3961","-0.3481","0.0874","3.3961","543063.00","null","593700.00",2,10,"Top","null","null",,,595978,,"180731_230526","-0.0833","-114.2911","3.4719","12.1161","23.9758","-36.1637","3.3008","1.5587","null","null","null","78.1620","2975","6.3370",531022,664208,595978,543333,641319,570799,520471,571976,622534,608671,"54.1635","null","null","null","null","null","null","null",79,"4","Slider",2,3,3,2,3,2,3,2,"Standard","Standard"
"FF","2018-07-31","90.2","-1.1327","5.4041","Phil Maton",491676,664208,"null","ball",,,,,"12","null","R","R","R","SD","SF","B","null","null",1,1,2018,"0.0277","0.9261","0.8471","2.8907","543063.00","null","593700.00",2,10,"Top","null","null",,,595978,,"180731_230505","4.9406","-131.5630","-2.4460","-0.5696","24.0119","-20.7633","3.4156","1.5910","null","null","null","92.1310","2639","7.0080",531022,664208,595978,543333,641319,570799,520471,571976,622534,608671,"53.4919","null","null","null","null","null","null","null",79,"3","4-Seam Fastball",2,3,3,2,3,2,3,2,"Standard","Standard"
"SL","2018-07-31","77.7","-1.1545","5.3296","Phil Maton",491676,664208,"null","ball",,,,,"14","null","R","R","R","SD","SF","B","null","null",0,0,2018,"1.5833","-0.6440","1.1754","1.0819","543063.00","null","593700.00",2,10,"Top","null","null",,,595978,,"180731_230419","2.0575","-113.0098","-0.7975","12.9738","26.0850","-37.7087","3.2779","1.5587","null","null","null","77.3780","2864","6.7040",531022,664208,595978,543333,641319,570799,520471,571976,622534,608671,"53.7959","null","null","null","null","null","null","null",79,"1","Slider",2,3,3,2,3,2,3,2,"Standard","Standard"
"FF","2018-07-31","90.9","-1.0105","5.4943","Phil Maton",593700,664208,"null","ball",,,,,"11","null","R","L","R","SD","SF","B","null","null",0,1,2018,"0.0945","1.0940","-2.1586","3.8284","null","null","543063.00",2,10,"Top","null","null",,,595978,,"180731_230232","-3.1531","-132.6166","-0.7411","1.8126","27.7322","-18.8285","3.4844","1.7755","null","null","null","92.8830","2541","7.2780",531022,664208,595978,543333,641319,570799,520471,571976,622534,608671,"53.2222","null","null","null","null","null","null","null",78,"2","4-Seam Fastball",2,3,3,2,3,2,3,2,"Standard","Standard"
"SL","2018-07-31","78.5","-1.0737","5.3275","Phil Maton",460026,664208,"null","ball",,,,,"14","null","R","R","R","SD","SF","B","null","null",1,1,2018,"1.5002","-0.3956","1.7266","2.0413","446334.00","null","null",0,10,"Top","null","null",,,595978,,"180731_225657","3.2832","-114.2189","0.5661","12.2760","24.1472","-35.9613","3.3467","1.6372","null","null","null","78.0660","2798","6.3260",531022,664208,595978,543333,641319,570799,520471,571976,622534,608671,"54.1739","null","null","null","null","null","null","null",75,"3","Slider",2,2,2,2,2,2,2,2,"Strategic","Standard"
"FF","2018-07-31","90.6","-0.7033","5.4979","Phil Maton",460026,664208,"null","ball",,,,,"12","null","R","R","R","SD","SF","B","null","null",0,0,2018,"0.2258","1.1684","1.5726","3.7293","446334.00","null","null",0,10,"Top","null","null",,,595978,,"180731_225613","5.2835","-132.0872","-1.0898","1.5810","28.3970","-18.0580","3.4385","1.5679","null","null","null","92.1950","2571","7.1630",531022,664208,595978,543333,641319,570799,520471,571976,622534,608671,"53.3376","null","null","null","null","null","null","null",75,"1","4-Seam Fastball",2,2,2,2,2,2,2,2,"Strategic","Standard"
"SL","2018-07-31","78.5","-1.2470","5.4018","Phil Maton",446334,664208,"null","ball",,,,,"14","null","R","R","R","SD","SF","B","null","null",0,0,2018,"1.3726","-0.4089","1.3719","1.0625","null","null","null",0,10,"Top","null","null",,,595978,,"180731_225815","3.1306","-114.2686","-1.7066","11.2183","23.8547","-35.6012","3.7596","1.8447","null","null","null","78.0820","2803","6.2790",531022,664208,595978,543333,641319,570799,520471,571976,622534,608671,"54.2211","null","null","null","null","null","null","null",74,"1","Slider",2,2,2,2,2,2,2,2,"Standard","Standard"
"SL","2018-07-31","83.5","3.5184","5.1153","Tony Watson",641319,453265,"null","ball",,,,,"13","null","R","L","L","SD","SF","B","null","null",0,1,2018,"-0.3445","0.1915","-0.4788","1.1878","null","null","null",2,9,"Bot","null","null",,,460026,,"180731_225129","-8.4063","-121.2912","-2.9757","-1.8619","21.1668","-30.0342","3.1631","1.5449","null","null","null","82.5590","2324","5.5190",531022,453265,460026,596103,488818,446334,543063,491676,621453,457705,"54.9816","null","null","null","null","null","null","null",73,"2","Slider",2,2,2,2,2,2,2,2,"Standard","Standard"
"SL","2018-07-31","83.1","3.5442","5.1229","Tony Watson",641319,453265,"null","called_strike",,,,,"4","null","R","L","L","SD","SF","S","null","null",0,0,2018,"-0.4300","0.1003","-0.8283","2.3089","null","null","null",2,9,"Bot","null","null",,,460026,,"180731_225113","-9.0410","-120.6778","-0.1920","-2.4442","21.9940","-31.4286","3.2090","1.4808","null","null","null","81.9070","2327","5.4570",531022,453265,460026,596103,488818,446334,543063,491676,621453,457705,"55.0430","null","null","null","null","null","null","null",73,"1","Slider",2,2,2,2,2,2,2,2,"Standard","Standard"
"SI","2018-07-31","92.2","3.5478","5.1559","Tony Watson",570799,453265,"null","ball",,,,,"2","null","R","R","L","SD","SF","B","null","null",0,1,2018,"0.8648","0.7914","0.1650","3.6355","null","null","null",1,9,"Bot","null","null",,,460026,,"180731_225004","-10.2942","-133.6715","0.3320","12.4255","29.7699","-23.2287","3.5991","1.7294","null","null","null","90.8740","2306","5.7650",531022,453265,460026,596103,488818,446334,543063,491676,621453,457705,"54.7353","null","null","null","null","null","null","null",72,"2","Sinker",2,2,2,2,2,2,2,2,"Infield shift","Standard"
"CH","2018-07-31","85.7","3.5438","5.0631","Tony Watson",570799,453265,"null","called_strike",,,,,"4","null","R","R","L","SD","SF","S","null","null",0,0,2018,"1.4252","0.8952","-0.3131","2.4175","null","null","null",1,9,"Bot","null","null",,,460026,,"180731_224950","-11.7377","-123.9772","-1.5854","16.8869","27.6634","-23.1327","3.6679","1.7525","null","null","null","83.9710","2390","5.7470",531022,453265,460026,596103,488818,446334,543063,491676,621453,457705,"54.7538","null","null","null","null","null","null","null",72,"1","Changeup",2,2,2,2,2,2,2,2,"Infield shift","Standard"
"CH","2018-07-31","85.1","3.4860","5.0967","Tony Watson",520471,453265,"null","ball",,,,,"13","null","R","R","L","SD","SF","B","null","null",1,1,2018,"1.6087","0.6992","-0.2076","1.3762","null","null","null",0,9,"Bot","null","null",,,460026,,"180731_224850","-11.6292","-123.2878","-3.7021","18.3052","23.4562","-24.7117","3.1860","1.5910","null","null","null","83.9890","2464","5.7100",531022,453265,460026,596103,488818,446334,543063,491676,621453,457705,"54.7906","null","null","null","null","null","null","null",71,"3","Changeup",2,2,2,2,2,2,2,2,"Standard","Standard"
"CH","2018-07-31","85.5","3.5790","5.1490","Tony Watson",520471,453265,"null","ball",,,,,"12","null","R","R","L","SD","SF","B","null","null",0,0,2018,"1.6038","0.8180","1.0900","3.2814","null","null","null",0,9,"Bot","null","null",,,460026,,"180731_224813","-8.9309","-123.9471","0.3645","18.0867","27.3339","-24.2992","3.1860","1.4978","null","null","null","84.1440","2276","5.8460",531022,453265,460026,596103,488818,446334,543063,491676,621453,457705,"54.6543","null","null","null","null","null","null","null",71,"1","Changeup",2,2,2,2,2,2,2,2,"Standard","Standard"
"FF","2018-07-31","93.7","-2.5295","5.7334","Kirby Yates",488818,489446,"null","called_strike",,,,,"5","null","R","R","R","SD","SF","S","null","null",1,0,2018,"-0.9548","1.2260","0.0759","2.2257","null","null","621453.00",1,9,"Top","null","null",,,595978,,"180731_224356","8.6393","-135.9678","-5.8451","-13.4189","29.4660","-16.3308","3.3697","1.6141","null","null","null","92.3270","2346","5.5990",531022,489446,595978,543333,641319,570799,520471,571976,622534,608671,"54.9013","null","null","null","null","null","null","null",70,"2","4-Seam Fastball",2,2,2,2,2,2,2,2,"Standard","Standard"
"FF","2018-07-31","92.6","-2.3571","5.5800","Kirby Yates",488818,489446,"null","ball",,,,,"14","null","R","R","R","SD","SF","B","null","null",0,0,2018,"-1.1845","1.2041","1.9225","1.3646","null","null","621453.00",1,9,"Top","null","null",,,595978,,"180731_224319","13.3089","-134.0630","-7.4268","-16.8665","27.5740","-16.5076","3.4615","1.6602","null","null","null","91.7310","2367","5.9410",531022,489446,595978,543333,641319,570799,520471,571976,622534,608671,"54.5589","null","null","null","null","null","null","null",70,"1","4-Seam Fastball",2,2,2,2,2,2,2,2,"Standard","Standard"
"FS","2018-07-31","86.4","-2.3356","5.6298","Kirby Yates",457705,489446,"null","ball",,,,,"11","null","R","R","R","SD","SF","B","null","null",1,2,2018,"-1.0746","0.3983","-1.4110","2.6373","null","null","621453.00",0,9,"Top","null","null",,,595978,,"180731_224157","4.3089","-125.6520","-1.6634","-12.0556","26.4655","-27.9428","3.4385","1.6833","null","null","null","85.5100","1334","5.8370",531022,489446,595978,543333,641319,570799,520471,571976,622534,608671,"54.6630","null","null","null","null","null","null","null",69,"4","Split Finger",2,2,2,2,2,2,2,2,"Standard","Standard"
"FS","2018-07-31","87.2","-2.4926","5.6466","Kirby Yates",457705,489446,"null","ball",,,,,"9","null","R","R","R","SD","SF","B","null","null",0,2,2018,"-0.8953","0.8817","0.7424","1.6388","null","null","621453.00",0,9,"Top","null","null",,,595978,,"180731_224128","9.4011","-126.5037","-5.1291","-11.2406","25.1702","-22.1754","3.5532","1.6833","null","null","null","85.8890","1337","5.5620",531022,489446,595978,543333,641319,570799,520471,571976,622534,608671,"54.9380","null","null","null","null","null","null","null",69,"3","Split Finger",2,2,2,2,2,2,2,2,"Standard","Standard"
"FS","2018-07-31","87.6","-2.4047","5.4723","Kirby Yates",621453,489446,"null","ball",,,,,"14","null","R","L","R","SD","SF","B","null","null",2,2,2018,"-1.4041","-0.0135","0.4589","0.2758","null","null","null",0,9,"Top","null","null",,,595978,,"180731_223817","9.5995","-126.9251","-6.2024","-16.8719","27.8877","-31.2187","3.4583","1.6833","null","null","null","86.0660","1432","5.7130",531022,489446,595978,543333,641319,570799,520471,571976,622534,608671,"54.7875","null","null","null","null","null","null","null",68,"6","Split Finger",2,2,2,2,2,2,2,2,"Strategic","Standard"
"FF","2018-07-31","93.7","-2.6339","5.5185","Kirby Yates",621453,489446,"null","ball",,,,,"12","null","R","L","R","SD","SF","B","null","null",1,1,2018,"-1.2937","1.2593","0.2733","4.7244","null","null","null",0,9,"Top","null","null",,,595978,,"180731_223658","10.2414","-135.8259","1.0390","-18.2098","33.7093","-17.4435","3.4844","1.6833","null","null","null","92.3750","2442","6.0160",531022,489446,595978,543333,641319,570799,520471,571976,622534,608671,"54.4841","null","null","null","null","null","null","null",68,"3","4-Seam Fastball",2,2,2,2,2,2,2,2,"Standard","Standard"
"FF","2018-07-31","93.2","-2.5548","5.4047","Kirby Yates",621453,489446,"null","called_strike",,,,,"3","null","R","L","R","SD","SF","S","null","null",1,0,2018,"-1.2942","1.2497","0.7029","3.3583","null","null","null",0,9,"Top","null","null",,,595978,,"180731_223636","11.0336","-135.0695","-2.0832","-18.0788","31.5771","-16.9761","3.4615","1.5827","null","null","null","91.8710","2474","5.8850",531022,489446,595978,543333,641319,570799,520471,571976,622534,608671,"54.6155","null","null","null","null","null","null","null",68,"2","4-Seam Fastball",2,2,2,2,2,2,2,2,"Strategic","Standard"
"FF","2018-07-31","94.3","-2.6418","5.4974","Kirby Yates",621453,489446,"null","ball",,,,,"14","null","R","L","R","SD","SF","B","null","null",0,0,2018,"-1.2538","1.2390","1.1650","2.0247","null","null","null",0,9,"Top","null","null",,,595978,,"180731_223615","12.4124","-136.4813","-5.8700","-18.0492","29.8242","-15.9807","3.4583","1.6141","null","null","null","92.8630","2365","5.7220",531022,489446,595978,543333,641319,570799,520471,571976,622534,608671,"54.7788","null","null","null","null","null","null","null",68,"1","4-Seam Fastball",2,2,2,2,2,2,2,2,"Standard","Standard"
"FF","2018-07-31","97.5","-1.0224","5.4472","Reyes Moronta",595978,606625,"null","ball",,,,,"14","null","R","R","R","SD","SF","B","null","null",0,2,2018,"-0.4340","1.4507","1.3305","1.9125","null","622534.00","543333.00",2,8,"Bot","null","null",,,460026,,"180731_224304","7.2764","-141.6952","-7.2801","-7.3716","30.0697","-11.3603","3.3695","1.6831","null","null","null","97.3470","2552","6.1150",531022,606625,460026,596103,488818,446334,543063,491676,621453,457705,"54.3854","null","null","null","null","null","null","null",67,"3","4-Seam Fastball",2,2,2,2,2,2,2,2,"Standard","Standard"
"SL","2018-07-31","84.2","-1.2686","5.2783","Reyes Moronta",571976,606625,"null","ball",,,,,"14","null","R","R","R","SD","SF","B","null","null",1,2,2018,"1.0940","0.0988","1.2165","0.7049","null","null","622534.00",1,8,"Bot","null","null",,,460026,,"180731_222737","3.5951","-122.2559","-4.2334","9.7513","28.5887","-30.5187","3.4815","1.5219","null","null","null","82.5590","2598","5.7420",531022,606625,460026,596103,488818,446334,543063,491676,621453,457705,"54.7585","null","null","null","null","null","null","null",65,"4","Slider",2,2,2,2,2,2,2,2,"Standard","Standard"
"FF","2018-07-31","96.6","-1.0803","5.4906","Reyes Moronta",571976,606625,"null","ball",,,,,"14","null","R","R","R","SD","SF","B","null","null",0,2,2018,"-0.3171","1.3294","1.9080","2.4820","null","null","622534.00",1,8,"Bot","null","null",,,460026,,"180731_222716","8.6629","-140.3486","-5.4660","-6.0633","30.2633","-13.6122","3.5993","1.5948","null","null","null","96.6380","2489","6.2920",531022,606625,460026,596103,488818,446334,543063,491676,621453,457705,"54.2082","null","null","null","null","null","null","null",65,"3","4-Seam Fastball",2,2,2,2,2,2,2,2,"Standard","Standard"
"FF","2018-07-31","98.0","-1.1924","5.2884","Reyes Moronta",622534,606625,"null","ball",,,,,"13","null","R","R","R","SD","SF","B","null","null",0,0,2018,"-0.5519","1.2480","-0.0431","1.0437","517369.00","null","608671.00",0,8,"Bot","null","null",,,460026,,"180731_222203","4.3962","-142.4467","-8.9009","-8.5463","31.9425","-13.2861","3.4387","1.6142","null","null","null","98.3340","2561","6.4850",531022,606625,460026,596103,488818,446334,543063,491676,621453,457705,"54.0153","null","null","null","null","null","null","null",64,"1","4-Seam Fastball",1,2,1,2,2,1,1,2,"Standard","Standard"
"SL","2018-07-31","83.4","-1.3842","5.1908","Reyes Moronta",608671,606625,"null","called_strike",,,,,"4","null","R","L","R","SD","SF","S","null","null",2,1,2018,"1.1997","0.4604","-0.5143","2.5529","null","null","517369.00",0,8,"Bot","null","null",,,460026,,"180731_222051","-0.3003","-121.5125","-0.5596","11.7449","22.4542","-27.8165","3.2781","1.5219","null","null","null","82.8960","2585","5.7570",531022,606625,460026,596103,488818,446334,543063,491676,621453,457705,"54.7436","null","null","null","null","null","null","null",63,"4","Slider",1,2,1,2,2,1,1,2,"Standard","Standard"
"SL","2018-07-31","80.5","-1.2975","5.3845","Reyes Moronta",608671,606625,"null","ball",,,,,"13","null","R","L","R","SD","SF","B","null","null",1,1,2018,"0.9958","0.4747","-0.2219","1.3247","null","null","517369.00",0,8,"Bot","null","null",,,460026,,"180731_222030","0.5353","-117.1498","-3.1926","8.8802","22.0472","-27.5366","3.2781","1.5828","null","null","null","79.7370","2644","5.7480",531022,606625,460026,596103,488818,446334,543063,491676,621453,457705,"54.7521","null","null","null","null","null","null","null",63,"3","Slider",1,2,1,2,2,1,1,2,"Standard","Standard"
"FF","2018-07-31","97.7","-1.1951","5.3712","Reyes Moronta",608671,606625,"null","ball",,,,,"13","null","R","L","R","SD","SF","B","null","null",0,1,2018,"-0.4049","1.3675","-0.9894","2.0156","null","null","517369.00",0,8,"Bot","null","null",,,460026,,"180731_222006","1.4944","-142.2653","-6.7495","-5.8620","31.2956","-12.2000","3.2781","1.5450","null","null","null","98.2250","2513","6.4550",531022,606625,460026,596103,488818,446334,543063,491676,621453,457705,"54.0449","null","null","null","null","null","null","null",63,"2","4-Seam Fastball",1,2,1,2,2,1,1,2,"Standard","Standard"
"FF","2018-07-31","97.2","-1.0263","5.3880","Reyes Moronta",517369,606625,"walk","ball",,,,,"14","Jose Pirela walks.  ","R","R","R","SD","SF","B","null","null",3,0,2018,"-0.4173","1.3942","0.9754","1.4143","null","null","null",0,8,"Bot","null","null",,,460026,,"180731_221845","6.3317","-141.4109","-8.3806","-6.9486","28.9900","-11.7682","3.4387","1.5912","null","null","null","97.7840","2425","6.4060",531022,606625,460026,596103,488818,446334,543063,491676,621453,457705,"54.0943","null","null","0.70",1,0,0,"null",62,"4","4-Seam Fastball",1,2,1,2,2,1,1,2,"Standard","Standard"
"FF","2018-07-31","96.8","-1.3341","5.3968","Reyes Moronta",517369,606625,"null","ball",,,,,"11","null","R","R","R","SD","SF","B","null","null",2,0,2018,"-0.3566","1.2034","-0.2225","3.5901","null","null","null",0,8,"Bot","null","null",,,460026,,"180731_221825","3.7922","-140.9986","-2.0765","-5.5871","29.5241","-15.7599","3.3928","1.5681","null","null","null","97.4150","2549","6.4070",531022,606625,460026,596103,488818,446334,543063,491676,621453,457705,"54.0930","null","null","null","null","null","null","null",62,"3","4-Seam Fastball",1,2,1,2,2,1,1,2,"Standard","Standard"
"FF","2018-07-31","97.5","-1.2971","5.3928","Reyes Moronta",517369,606625,"null","ball",,,,,"13","null","R","R","R","SD","SF","B","null","null",1,0,2018,"-0.3226","1.1146","-0.9082","2.5340","null","null","null",0,8,"Bot","null","null",,,460026,,"180731_221803","1.7911","-142.0018","-4.7988","-4.7717","29.8145","-16.1749","3.6222","1.6142","null","null","null","98.0850","2481","6.3860",531022,606625,460026,596103,488818,446334,543063,491676,621453,457705,"54.1147","null","null","null","null","null","null","null",62,"2","4-Seam Fastball",1,2,1,2,2,1,1,2,"Standard","Standard"
"SL","2018-07-31","83.4","-1.3822","5.2081","Reyes Moronta",517369,606625,"null","ball",,,,,"14","null","R","R","R","SD","SF","B","null","null",0,0,2018,"0.8240","0.0869","0.5572","1.5453","null","null","null",0,8,"Bot","null","null",,,460026,,"180731_221746","2.8486","-121.4503","-2.1477","7.4493","23.6150","-31.1538","3.6452","1.7065","null","null","null","82.7510","2607","5.7990",531022,606625,460026,596103,488818,446334,543063,491676,621453,457705,"54.7008","null","null","null","null","null","null","null",62,"1","Slider",1,2,1,2,2,1,1,2,"Standard","Standard"
"SL","2018-07-31","83.5","-2.4973","5.2862","Robert Stock",543063,476594,"strikeout","called_strike",,,,,"6","Brandon Crawford called out on strikes.  ","R","L","R","SD","SF","S",2,"null",0,2,2018,"1.2187","0.0911","0.3462","2.3689","446334.00","460026.00","596103.00",0,8,"Top","null","null",,,595978,,"180731_221142","4.1561","-121.5267","-0.4335","10.9943","24.8548","-31.4486","3.2321","1.4758","null","null","null","82.7690","2655","5.8910",531022,476594,595978,543333,641319,570799,520471,571976,622534,608671,"54.6089","null","null","0.00",1,0,0,"null",59,"3","Slider",1,2,2,1,2,1,2,1,"Strategic","Standard"
"FF","2018-07-31","98.0","-2.4376","5.4538","Robert Stock",543063,476594,"null","called_strike",,,,,"13","null","R","L","R","SD","SF","S","null","null",0,1,2018,"-0.8889","0.9990","-0.8965","2.3008","446334.00","460026.00","596103.00",0,8,"Top","null","null",,,595978,,"180731_221116","6.2161","-142.6309","-5.3633","-13.5270","31.5821","-17.5397","3.3010","1.5828","null","null","null","98.2190","2258","6.3200",531022,476594,595978,543333,641319,570799,520471,571976,622534,608671,"54.1805","null","null","null","null","null","null","null",59,"2","4-Seam Fastball",1,2,2,1,2,1,2,1,"Strategic","Standard"
"CH","2018-07-31","81.1","-2.3741","5.5408","Robert Stock",543063,476594,"null","called_strike",,,,,"6","null","R","L","R","SD","SF","S","null","null",0,0,2018,"-0.8429","0.8345","0.7866","2.2509","446334.00","460026.00","596103.00",0,8,"Top","null","null",,,595978,,"180731_221052","8.5741","-117.8442","-2.3307","-9.2494","19.9704","-24.2721","3.4160","1.5830","null","null","null","80.7930","1703","5.9180",531022,476594,595978,543333,641319,570799,520471,571976,622534,608671,"54.5820","null","null","null","null","null","null","null",59,"1","Changeup",1,2,2,1,2,1,2,1,"Strategic","Standard"
"SL","2018-07-31","84.3","-2.2552","5.3252","Robert Stock",596103,476594,"walk","ball",,,,,"14","Austin Slater walks.   Nick Hundley to 2nd.  ","R","R","R","SD","SF","B","null","null",3,2,2018,"0.9950","-0.0521","3.3461","0.8876","446334.00","null","460026.00",0,8,"Top","null","null",,,595978,,"180731_220932","10.9684","-122.2839","-3.7413","7.5751","25.1195","-32.1624","3.3012","1.6605","null","null","null","83.4500","2790","5.9970",531022,476594,595978,543333,641319,570799,520471,571976,622534,608671,"54.5031","null","null","0.70",1,0,0,"null",58,"6","Slider",1,2,2,1,2,1,2,1,"Strategic","Standard"
"SL","2018-07-31","82.6","-2.3612","5.3830","Robert Stock",596103,476594,"null","called_strike",,,,,"4","null","R","R","R","SD","SF","S","null","null",3,1,2018,"1.2621","0.0750","-0.5946","2.5000","446334.00","null","460026.00",0,8,"Top","null","null",,,595978,,"180731_220907","1.5964","-120.2185","-0.1827","11.6738","24.3072","-31.6736","3.4848","1.7297","null","null","null","81.8560","2766","5.8750",531022,476594,595978,543333,641319,570799,520471,571976,622534,608671,"54.6257","null","null","null","null","null","null","null",58,"5","Slider",1,2,2,1,2,1,2,1,"Strategic","Standard"
"SL","2018-07-31","83.4","-2.2517","5.3684","Robert Stock",596103,476594,"null","ball",,,,,"14","null","R","R","R","SD","SF","B","null","null",2,1,2018,"1.3746","0.1560","1.8525","1.9070","446334.00","null","460026.00",0,8,"Top","null","null",,,595978,,"180731_220846","6.7191","-121.1964","-1.7269","11.8232","26.1632","-30.5522","3.3930","1.6605","null","null","null","82.4920","2757","5.9950",531022,476594,595978,543333,641319,570799,520471,571976,622534,608671,"54.5049","null","null","null","null","null","null","null",58,"4","Slider",1,2,2,1,2,1,2,1,"Strategic","Standard"
"FF","2018-07-31","98.1","-2.3763","5.5001","Robert Stock",596103,476594,"null","ball",,,,,"14","null","R","R","R","SD","SF","B","null","null",1,1,2018,"-1.0896","0.9184","0.9529","2.0961","446334.00","null","460026.00",0,8,"Top","null","null",,,595978,,"180731_220824","11.4190","-142.3344","-5.7787","-17.2460","31.5780","-18.7108","3.4389","1.7528","null","null","null","97.6030","2287","6.0960",531022,476594,595978,543333,641319,570799,520471,571976,622534,608671,"54.4046","null","null","null","null","null","null","null",58,"3","4-Seam Fastball",1,2,2,1,2,1,2,1,"Strategic","Standard"
"SL","2018-07-31","82.4","-2.3372","5.2982","Robert Stock",596103,476594,"null","ball",,,,,"14","null","R","R","R","SD","SF","B","null","null",0,0,2018,"0.8990","-0.4462","0.2261","1.3128","446334.00","null","460026.00",0,8,"Top","null","null",,,595978,,"180731_220736","4.0736","-119.8227","-1.6322","7.7052","24.2132","-36.3196","3.4389","1.6375","null","null","null","81.7820","2665","6.0150",531022,476594,595978,543333,641319,570799,520471,571976,622534,608671,"54.4857","null","null","null","null","null","null","null",58,"1","Slider",1,2,2,1,2,1,2,1,"Strategic","Standard"
"FF","2018-07-31","98.5","-2.4806","5.5113","Robert Stock",460026,476594,"null","ball",,,,,"14","null","R","R","R","SD","SF","B","null","null",0,1,2018,"-0.8073","1.2515","0.8514","1.8795","null","null","446334.00",0,8,"Top","null","null",,,595978,,"180731_220438","10.8648","-142.7907","-7.1975","-13.6023","34.8052","-13.6705","3.4389","1.5682","null","null","null","97.8250","2422","6.2520",531022,476594,595978,543333,641319,570799,520471,571976,622534,608671,"54.2484","null","null","null","null","null","null","null",57,"2","4-Seam Fastball",1,2,2,1,2,1,2,1,"Standard","Standard"
"SL","2018-07-31","82.6","-2.4061","5.4600","Robert Stock",446334,476594,"null","called_strike",,,,,"8","null","R","R","R","SD","SF","S","null","null",1,0,2018,"0.6873","0.0542","0.0880","2.3438","null","null","null",0,8,"Top","null","null",,,595978,,"180731_220322","4.3298","-120.2660","-0.7551","5.7943","21.3049","-31.7498","3.6683","1.7528","null","null","null","82.0610","2681","5.7020",531022,476594,595978,543333,641319,570799,520471,571976,622534,608671,"54.7986","null","null","null","null","null","null","null",56,"2","Slider",1,2,2,1,2,1,2,1,"Standard","Standard"
"FF","2018-07-31","96.7","-2.5002","5.4867","Robert Stock",446334,476594,"null","ball",,,,,"14","null","R","R","R","SD","SF","B","null","null",0,0,2018,"-1.0968","0.8606","1.0468","2.0445","null","null","null",0,8,"Top","null","null",,,595978,,"180731_220309","11.8480","-140.3424","-5.5559","-16.8554","28.1089","-19.8991","3.8517","1.8680","null","null","null","96.5470","2365","6.0920",531022,476594,595978,543333,641319,570799,520471,571976,622534,608671,"54.4083","null","null","null","null","null","null","null",56,"1","4-Seam Fastball",1,2,2,1,2,1,2,1,"Standard","Standard"
"FF","2018-07-31","93.2","-0.7414","6.2539","Dereck Rodriguez",641319,605446,"null","ball",,,,,"12","null","R","L","R","SD","SF","B","null","null",0,2,2018,"-0.2364","1.1419","0.0891","4.2187","null","null","570799.00",2,7,"Bot","null","null",,,460026,,"180731_220030","2.6674","-135.7355","-1.9862","-3.5294","30.5550","-17.7959","3.2783","1.5682","null","null","null","93.4940","1997","6.4810",531022,605446,460026,596103,488818,446334,543063,452254,491676,457705,"54.0188","null","null","null","null","null","null","null",55,"3","4-Seam Fastball",1,2,1,2,2,1,1,2,"Standard","Standard"
"CU","2018-07-31","76.3","-0.7285","6.1607","Dereck Rodriguez",641319,605446,"null","called_strike",,,,,"3","null","R","L","R","SD","SF","S","null","null",0,1,2018,"0.7957","-1.0396","0.3521","3.2185","null","null","570799.00",2,7,"Bot","null","null",,,460026,,"180731_220013","0.8282","-111.0842","2.8421","6.4484","22.0096","-41.5940","3.2553","1.4811","null","null","null","76.5760","2676","6.7030",531022,605446,460026,596103,488818,446334,543063,452254,491676,457705,"53.7971","null","null","null","null","null","null","null",55,"2","Curveball",1,2,1,2,2,1,1,2,"Standard","Standard"
"CU","2018-07-31","75.7","-0.9096","6.2500","Dereck Rodriguez",641319,605446,"null","called_strike",,,,,"2","null","R","L","R","SD","SF","S","null","null",0,0,2018,"1.0123","-0.7734","0.0897","3.1335","null","null","570799.00",2,7,"Bot","null","null",,,460026,,"180731_215955","0.2678","-110.2082","2.0259","8.2130","20.6500","-39.0836","3.2323","1.4990","null","null","null","75.8920","2626","6.5270",531022,605446,460026,596103,488818,446334,543063,452254,491676,457705,"53.9737","null","null","null","null","null","null","null",55,"1","Curveball",1,2,1,2,2,1,1,2,"Standard","Standard"
"CU","2018-07-31","76.9","-0.6248","6.1190","Dereck Rodriguez",570799,605446,"walk","ball",,,,,"13","Christian Villanueva walks.  ","R","R","R","SD","SF","B","null","null",3,2,2018,"0.8927","-0.8533","-0.4103","1.1075","null","null","null",2,7,"Bot","null","null",,,460026,,"180731_215920","-1.1770","-112.0318","-2.0871","7.7516","20.8334","-39.2008","3.4619","1.7528","null","null","null","77.1670","2557","6.4830",531022,605446,460026,596103,488818,446334,543063,452254,491676,457705,"54.0168","null","null","0.70",1,0,0,"null",54,"7","Curveball",1,2,1,2,2,1,1,2,"Standard","Standard"
"FF","2018-07-31","91.4","-0.7505","6.2865","Dereck Rodriguez",570799,605446,"null","ball",,,,,"12","null","R","R","R","SD","SF","B","null","null",2,1,2018,"-0.4193","1.2672","0.0444","3.8897","null","null","null",2,7,"Bot","null","null",,,460026,,"180731_215823","2.9031","-133.1265","-2.9059","-5.5855","27.8531","-16.7355","3.5995","1.8911","null","null","null","91.5300","2007","6.2590",531022,605446,460026,596103,488818,446334,543063,452254,491676,457705,"54.2411","null","null","null","null","null","null","null",54,"4","4-Seam Fastball",1,2,1,2,2,1,1,2,"Infield shift","Standard"
"FF","2018-07-31","91.3","-0.8723","6.2507","Dereck Rodriguez",570799,605446,"null","ball",,,,,"11","null","R","R","R","SD","SF","B","null","null",1,1,2018,"-0.3778","1.4323","-0.6079","3.9226","null","null","null",2,7,"Bot","null","null",,,460026,,"180731_215805","1.4877","-133.0192","-3.0941","-4.8194","28.5479","-14.6591","3.6224","1.7989","null","null","null","91.6870","2076","6.4560",531022,605446,460026,596103,488818,446334,543063,452254,491676,457705,"54.0439","null","null","null","null","null","null","null",54,"3","4-Seam Fastball",1,2,1,2,2,1,1,2,"Infield shift","Standard"
"FF","2018-07-31","91.2","-1.1432","6.3668","Dereck Rodriguez",570799,605446,"null","ball",,,,,"12","null","R","R","R","SD","SF","B","null","null",0,0,2018,"-0.4274","1.3515","0.5751","3.6995","null","null","null",2,7,"Bot","null","null",,,460026,,"180731_215733","5.2117","-132.6384","-3.6363","-6.1739","30.4915","-15.8457","3.5766","1.7297","null","null","null","90.6020","2031","6.1250",531022,605446,460026,596103,488818,446334,543063,452254,491676,457705,"54.3750","null","null","null","null","null","null","null",54,"1","4-Seam Fastball",1,2,1,2,2,1,1,2,"Infield shift","Standard"
"FC","2018-07-31","85.4","-1.0553","6.2026","Dereck Rodriguez",520471,605446,"null","ball",,,,,"13","null","R","L","R","SD","SF","B","null","null",2,2,2018,"0.0061","0.6332","-1.1460","2.0014","null","null","null",1,7,"Bot","null","null",,,460026,,"180731_215643","-0.2255","-124.2499","-4.8238","0.1107","26.3985","-24.8832","3.1634","1.4981","null","null","null","85.0820","2111","6.2300",531022,605446,460026,596103,488818,446334,543063,452254,491676,457705,"54.2704","null","null","null","null","null","null","null",53,"5","Cutter",1,2,1,2,2,1,1,2,"Standard","Standard"
"FF","2018-07-31","91.1","-1.1259","6.2450","Dereck Rodriguez",520471,605446,"null","ball",,,,,"14","null","R","L","R","SD","SF","B","null","null",1,1,2018,"-0.4025","1.3430","0.4890","1.0160","null","null","null",1,7,"Bot","null","null",,,460026,,"180731_215607","4.8871","-132.3242","-10.0728","-5.6694","25.5864","-14.6682","3.1175","1.4981","null","null","null","91.0210","2033","6.1330",531022,605446,460026,596103,488818,446334,543063,452254,491676,457705,"54.3673","null","null","null","null","null","null","null",53,"3","4-Seam Fastball",1,2,1,2,2,1,1,2,"Standard","Standard"
"CH","2018-07-31","84.7","-1.0462","6.2874","Dereck Rodriguez",520471,605446,"null","called_strike",,,,,"6","null","R","L","R","SD","SF","S","null","null",1,0,2018,"-1.4541","0.5735","0.5567","2.2694","null","null","null",1,7,"Bot","null","null",,,460026,,"180731_215556","6.6393","-123.2624","-4.2559","-16.0961","21.5335","-25.7294","3.1175","1.4981","null","null","null","85.1690","1930","6.3200",531022,605446,460026,596103,488818,446334,543063,452254,491676,457705,"54.1808","null","null","null","null","null","null","null",53,"2","Changeup",1,2,1,2,2,1,1,2,"Standard","Standard"
"CH","2018-07-31","83.2","-0.8365","6.4106","Dereck Rodriguez",520471,605446,"null","ball",,,,,"13","null","R","L","R","SD","SF","B","null","null",0,0,2018,"-1.2661","0.9813","-0.9635","0.4921","null","null","null",1,7,"Bot","null","null",,,460026,,"180731_215541","2.1654","-121.0776","-9.1137","-12.8887","19.5900","-21.1664","3.2094","1.4981","null","null","null","83.6350","1922","6.1930",531022,605446,460026,596103,488818,446334,543063,452254,491676,457705,"54.3072","null","null","null","null","null","null","null",53,"1","Changeup",1,2,1,2,2,1,1,2,"Standard","Standard"
"CU","2018-07-31","74.1","-1.0880","6.3336","Dereck Rodriguez",595978,605446,"null","ball",,,,,"12","null","R","R","R","SD","SF","B","null","null",1,1,2018,"0.7692","-0.8560","1.1217","2.5825","null","null","null",0,7,"Bot","null","null",,,460026,,"180731_215446","3.1748","-107.8765","1.0866","5.4230","19.1043","-39.2482","3.4028","1.5590","null","null","null","74.0910","2574","6.2990",531022,605446,460026,596103,488818,446334,543063,452254,491676,457705,"54.2011","null","null","null","null","null","null","null",52,"3","Curveball",1,2,1,2,2,1,1,2,"Standard","Standard"
"FF","2018-07-31","91.0","-1.0656","6.4100","Dereck Rodriguez",595978,605446,"null","ball",,,,,"12","null","R","R","R","SD","SF","B","null","null",0,1,2018,"-0.6258","1.3312","0.9846","3.2395","null","null","null",0,7,"Bot","null","null",,,460026,,"180731_215430","6.4324","-132.4124","-4.8866","-8.5817","25.9948","-15.8584","3.3701","1.5590","null","null","null","90.8470","2093","6.0200",531022,605446,460026,596103,488818,446334,543063,452254,491676,457705,"54.4805","null","null","null","null","null","null","null",52,"2","4-Seam Fastball",1,2,1,2,2,1,1,2,"Standard","Standard"
"FF","2018-07-31","89.3","-0.7023","6.3115","Dereck Rodriguez",595978,605446,"null","called_strike",,,,,"9","null","R","R","R","SD","SF","S","null","null",0,0,2018,"-0.5279","1.3854","0.7958","1.7371","null","null","null",0,7,"Bot","null","null",,,460026,,"180731_215418","4.8192","-129.9435","-8.2623","-6.9521","24.0823","-14.9267","3.3242","1.5221","null","null","null","90.0330","1999","6.4830",531022,605446,460026,596103,488818,446334,543063,452254,491676,457705,"54.0175","null","null","null","null","null","null","null",52,"1","4-Seam Fastball",1,2,1,2,2,1,1,2,"Standard","Strategic"
"CH","2018-07-31","88.2","-1.1460","5.7762","Jordan Lyles",488818,543475,"null","ball",,,,,"14","null","R","R","R","SD","SF","B","null","null",1,2,2018,"-1.4652","-0.0659","0.2561","0.1951","null","null","null",2,7,"Top","null","null",,,595978,,"180731_215124","6.6217","-128.2613","-7.3768","-17.9263","28.5097","-31.4680","3.3701","1.7528","null","null","null","89.0500","1675","7.0220",531022,543475,595978,543333,641319,570799,520471,571976,622534,608671,"53.4785","null","null","null","null","null","null","null",51,"4","Changeup",1,2,2,1,2,1,2,1,"Standard","Standard"
"FT","2018-07-31","94.5","-0.9089","5.8845","Jordan Lyles",488818,543475,"null","ball",,,,,"13","null","R","R","R","SD","SF","B","null","null",0,1,2018,"-1.1120","0.9629","-0.2508","1.5371","null","null","null",2,7,"Top","null","null",,,595978,,"180731_215038","4.3180","-137.5428","-7.9579","-15.4159","30.1794","-18.0758","3.4848","1.7066","null","null","null","95.8750","1973","7.0460",531022,543475,595978,543333,641319,570799,520471,571976,622534,608671,"53.4548","null","null","null","null","null","null","null",51,"2","2-Seam Fastball",1,2,2,1,2,1,2,1,"Standard","Standard"
"FF","2018-07-31","95.9","-1.0145","5.9744","Jordan Lyles",488818,543475,"null","called_strike",,,,,"8","null","R","R","R","SD","SF","S","null","null",0,0,2018,"-0.9442","1.0764","-0.1978","1.5608","null","null","null",2,7,"Top","null","null",,,595978,,"180731_215019","4.3700","-139.4334","-8.5796","-13.4946","32.8119","-16.1433","3.3701","1.6375","null","null","null","96.5440","2179","6.8100",531022,543475,595978,543333,641319,570799,520471,571976,622534,608671,"53.6907","null","null","null","null","null","null","null",51,"1","4-Seam Fastball",1,2,2,1,2,1,2,1,"Standard","Standard"
"CU","2018-07-31","84.2","-1.0095","5.9582","Jordan Lyles",457705,543475,"null","called_strike",,,,,"8","null","R","R","R","SD","SF","S","null","null",1,0,2018,"-0.2308","-1.1639","0.2485","2.1700","null","null","null",1,7,"Top","null","null",,,595978,,"180731_214927","3.3985","-122.7131","-0.1052","-3.0183","24.4118","-44.1720","3.4160","1.6375","null","null","null","84.6290","2314","6.4970",531022,543475,595978,543333,641319,570799,520471,571976,622534,608671,"54.0031","null","null","null","null","null","null","null",50,"2","Curveball",1,2,2,1,2,1,2,1,"Standard","Standard"
"FF","2018-07-31","95.5","-0.9590","6.0060","Jordan Lyles",457705,543475,"null","ball",,,,,"14","null","R","R","R","SD","SF","B","null","null",0,0,2018,"-0.7223","1.0611","0.6472","1.0479","null","null","null",1,7,"Top","null","null",,,595978,,"180731_214914","5.7486","-138.5661","-9.6257","-10.4034","30.5443","-16.8709","3.4389","1.6836","null","null","null","94.4370","2137","5.7990",531022,543475,595978,543333,641319,570799,520471,571976,622534,608671,"54.7012","null","null","null","null","null","null","null",50,"1","4-Seam Fastball",1,2,2,1,2,1,2,1,"Standard","Standard"
"CU","2018-07-31","85.2","-0.8703","5.9181","Jordan Lyles",605446,543475,"null","ball",,,,,"14","null","R","R","R","SD","SF","B","null","null",1,2,2018,"0.3588","-1.2728","1.5201","-0.4031","null","null","null",0,7,"Top","null","null",,,595978,,"180731_214815","4.8924","-123.8697","-5.9494","2.6637","25.6982","-44.2130","3.4619","1.6605","null","null","null","85.0410","2472","6.3230",531022,543475,595978,543333,641319,570799,520471,571976,622534,608671,"54.1774","null","null","null","null","null","null","null",49,"4","Curveball",1,2,2,1,2,1,2,1,"Standard","Standard"
"CU","2018-07-31","83.2","-0.9876","5.9561","Jordan Lyles",605446,543475,"null","ball",,,,,"14","null","R","R","R","SD","SF","B","null","null",0,1,2018,"0.0487","-0.9905","1.6584","1.2476","null","null","null",0,7,"Top","null","null",,,595978,,"180731_214746","5.9878","-121.0310","-2.3791","-0.7149","24.1473","-41.6610","3.5536","1.7297","null","null","null","83.3340","2334","6.4460",531022,543475,595978,543333,641319,570799,520471,571976,622534,608671,"54.0541","null","null","null","null","null","null","null",49,"2","Curveball",1,2,2,1,2,1,2,1,"Standard","Standard"
"FF","2018-07-31","94.2","-1.0833","6.0533","Jordan Lyles",605446,543475,"null","called_strike",,,,,"8","null","R","R","R","SD","SF","S","null","null",0,0,2018,"-0.6837","1.2818","0.1012","1.6035","null","null","null",0,7,"Top","null","null",,,595978,,"180731_214734","4.7068","-137.0972","-8.9542","-9.8551","27.6576","-13.8309","3.5307","1.6605","null","null","null","95.9540","2119","7.0950",531022,543475,595978,543333,641319,570799,520471,571976,622534,608671,"53.4057","null","null","null","null","null","null","null",49,"1","4-Seam Fastball",1,2,2,1,2,1,2,1,"Standard","Standard"
"CU","2018-07-31","77.2","-0.8424","6.2393","Dereck Rodriguez",543333,605446,"null","ball",,,,,"11","null","R","L","R","SD","SF","B","null","null",2,1,2018,"0.8206","-0.9102","-0.8772","3.8615","null","null","null",2,6,"Bot","null","null",,,460026,,"180731_214442","-1.5564","-112.4017","3.4987","7.2155","19.3351","-40.6926","3.6224","1.6375","null","null","null","77.3020","2674","6.2170",531022,605446,460026,596103,488818,446334,543063,452254,491676,457705,"54.2831","null","null","null","null","null","null","null",48,"4","Curveball",1,2,1,2,2,1,1,2,"Strategic","Standard"
"FF","2018-07-31","93.1","-0.7712","6.2465","Dereck Rodriguez",543333,605446,"null","ball",,,,,"11","null","R","L","R","SD","SF","B","null","null",1,1,2018,"-0.5141","1.3447","-0.3514","3.9540","null","null","null",2,6,"Bot","null","null",,,460026,,"180731_214427","2.1960","-135.5977","-3.0914","-6.7887","27.5571","-15.1638","3.6224","1.7989","null","null","null","93.3130","2023","6.2080",531022,605446,460026,596103,488818,446334,543063,452254,491676,457705,"54.2922","null","null","null","null","null","null","null",48,"3","4-Seam Fastball",1,2,1,2,2,1,1,2,"Strategic","Standard"
"CH","2018-07-31","84.8","-0.7342","6.3192","Dereck Rodriguez",543333,605446,"null","ball",,,,,"13","null","R","L","R","SD","SF","B","null","null",0,0,2018,"-1.1274","0.7413","-0.9832","2.1185","null","null","null",2,6,"Bot","null","null",,,460026,,"180731_214351","1.7291","-123.5829","-5.1085","-12.1278","22.7869","-23.6436","3.7371","1.7989","null","null","null","86.0240","1980","6.8260",531022,605446,460026,596103,488818,446334,543063,452254,491676,457705,"53.6744","null","null","null","null","null","null","null",48,"1","Changeup",1,2,1,2,2,1,1,2,"Standard","Standard"
"FC","2018-07-31","85.2","-1.1343","6.1474","Dereck Rodriguez",571976,605446,"null","ball",,,,,"14","null","R","R","R","SD","SF","B","null","null",0,2,2018,"0.2113","0.2515","1.9768","0.4909","null","null","null",1,6,"Bot","null","null",,,460026,,"180731_214251","6.8671","-123.8401","-7.4922","0.9042","22.9252","-28.4033","3.4619","1.5949","null","null","null","85.2430","2104","6.2170",531022,605446,460026,596103,488818,446334,543063,452254,491676,457705,"54.2837","null","null","null","null","null","null","null",47,"3","Cutter",1,2,1,2,2,1,1,2,"Standard","Standard"
"FF","2018-07-31","91.2","-1.0628","6.4073","Dereck Rodriguez",571976,605446,"null","called_strike",,,,,"14","null","R","R","R","SD","SF","S","null","null",0,0,2018,"-0.5173","1.3807","0.9432","2.6680","null","null","null",1,6,"Bot","null","null",,,460026,,"180731_214207","6.0817","-132.4407","-6.3433","-7.3093","28.7153","-15.0511","3.6912","1.6605","null","null","null","90.3580","2077","5.9230",531022,605446,460026,596103,488818,446334,543063,452254,491676,457705,"54.5772","null","null","null","null","null","null","null",47,"1","4-Seam Fastball",1,2,1,2,2,1,1,2,"Standard","Standard"
"CU","2018-07-31","73.1","-1.1114","6.4339","Dereck Rodriguez",622534,605446,"null","ball",,,,,"3","null","R","R","R","SD","SF","B","null","null",0,0,2018,"1.2035","-0.7373","0.6376","3.4549","null","null","null",0,6,"Bot","null","null",,,460026,,"180731_214119","1.4613","-106.2507","2.7350","8.5963","21.5303","-38.4489","3.3930","1.7066","null","null","null","72.1420","2538","6.0390",531022,605446,460026,596103,488818,446334,543063,452254,491676,457705,"54.4612","null","null","null","null","null","null","null",46,"1","Curveball",1,2,1,2,2,1,1,2,"Standard","Standard"
"FF","2018-07-31","95.3","-1.0004","6.0457","Jordan Lyles",491676,543475,"null","ball",,,,,"12","null","R","R","R","SD","SF","B","null","null",0,0,2018,"-0.8448","1.5396","0.9569","2.8955","null","null","null",2,6,"Top","null","null",,,595978,,"180731_213816","7.2153","-138.6319","-6.2278","-12.9068","34.9295","-10.5906","3.4848","1.6144","null","null","null","96.2710","2231","7.1550",531022,543475,595978,543333,641319,570799,520471,571976,622534,608671,"53.3458","null","null","null","null","null","null","null",45,"1","4-Seam Fastball",1,2,2,1,2,1,2,1,"Standard","Standard"
"FF","2018-07-31","94.0","-1.0952","6.0273","Jordan Lyles",452254,543475,"null","called_strike",,,,,"5","null","R","R","R","SD","SF","S","null","null",1,0,2018,"-0.9430","1.5024","0.0709","2.4587","null","null","null",1,6,"Top","null","null",,,595978,,"180731_213726","5.1930","-136.8173","-6.9567","-13.1695","31.3396","-11.6936","3.5406","1.6836","null","null","null","94.7040","2188","6.7740",531022,543475,595978,543333,641319,570799,520471,571976,622534,608671,"53.7267","null","null","null","null","null","null","null",44,"2","4-Seam Fastball",1,2,2,1,2,1,2,1,"Standard","Standard"
"FF","2018-07-31","94.8","-0.9014","5.9959","Jordan Lyles",452254,543475,"null","ball",,,,,"11","null","R","R","R","SD","SF","B","null","null",0,0,2018,"-0.9501","1.4262","-0.0455","4.4486","null","null","null",1,6,"Top","null","null",,,595978,,"180731_213711","4.5032","-138.1239","-1.6450","-13.5030","33.7966","-13.3470","3.4160","1.6144","null","null","null","96.0060","2177","7.1390",531022,543475,595978,543333,641319,570799,520471,571976,622534,608671,"53.3618","null","null","null","null","null","null","null",44,"1","4-Seam Fastball",1,2,2,1,2,1,2,1,"Standard","Standard"
"FF","2018-07-31","93.7","-1.2045","5.9862","Jordan Lyles",543063,543475,"null","ball",,,,,"11","null","R","L","R","SD","SF","B","null","null",0,1,2018,"-1.0586","1.3683","-0.1825","4.1566","null","null","null",0,6,"Top","null","null",,,595978,,"180731_213604","5.1085","-136.5293","-2.1135","-14.6600","30.8480","-14.4261","3.3930","1.5913","null","null","null","94.9240","2206","6.9890",531022,543475,595978,543333,641319,570799,520471,571976,622534,608671,"53.5115","null","null","null","null","null","null","null",43,"2","4-Seam Fastball",1,2,2,1,2,1,2,1,"Strategic","Standard"
"CH","2018-07-31","82.2","-0.9293","6.2560","Dereck Rodriguez",608671,605446,"null","ball",,,,,"11","null","R","L","R","SD","SF","B","null","null",0,0,2018,"-0.8029","1.1500","-0.8118","4.9298","null","570799.00","null",2,5,"Bot","null","null",,,460026,,"180731_213247","1.8269","-119.7756","1.3025","-8.0761","23.6565","-21.5995","3.2323","1.4990","null","null","null","82.3410","1886","6.3610",531022,605446,460026,596103,488818,446334,543063,452254,491676,457705,"54.1392","null","null","null","null","null","null","null",42,"1","Changeup",1,2,1,2,2,1,1,2,"Standard","Standard"
"FC","2018-07-31","86.8","-1.1751","6.2535","Dereck Rodriguez",605486,605446,"null","called_strike",,,,,"5","null","R","L","R","SD","SF","S","null","null",0,0,2018,"0.1777","0.5549","0.0519","2.1176","null","570799.00","null",1,5,"Bot","null","null",,,460026,,"180731_213121","2.5765","-126.4411","-4.9199","1.4499","22.9691","-25.4860","3.3471","1.5290","null","null","null","87.2880","2129","6.2970",531022,605446,460026,596103,488818,446334,543063,452254,491676,457705,"54.2028","null","null","null","null","null","null","null",41,"1","Cutter",1,2,1,2,2,1,1,2,"Standard","Standard"
"FT","2018-07-31","87.7","-1.2401","6.2903","Dereck Rodriguez",641319,605446,"null","ball",,,,,"14","null","R","L","R","SD","SF","B","null","null",0,0,2018,"-1.1932","0.9932","0.0036","1.3867","null","null","570799.00",0,5,"Bot","null","null",,,460026,,"180731_212911","5.4911","-127.4294","-7.8084","-14.1696","25.0490","-19.9418","3.2323","1.5682","null","null","null","88.0070","1821","6.4660",531022,605446,460026,596103,488818,446334,543063,452254,491676,457705,"54.0341","null","null","null","null","null","null","null",40,"1","2-Seam Fastball",1,2,1,2,2,1,1,2,"Standard","Standard"
"FF","2018-07-31","90.9","-0.9869","6.4229","Dereck Rodriguez",570799,605446,"walk","ball",,,,,"14","Christian Villanueva walks.  ","R","R","R","SD","SF","B","null","null",3,1,2018,"-0.0970","1.3276","1.5715","1.8186","null","null","null",0,5,"Bot","null","null",,,460026,,"180731_212830","6.5887","-131.9381","-8.3738","-2.5655","28.8681","-15.1814","3.6224","1.7528","null","null","null","90.4200","2049","6.2020",531022,605446,460026,596103,488818,446334,543063,452254,491676,457705,"54.2986","null","null","0.70",1,0,0,"null",39,"5","4-Seam Fastball",1,2,1,2,2,1,1,2,"Infield shift","Strategic"
"FF","2018-07-31","90.8","-1.2429","6.3543","Dereck Rodriguez",570799,605446,"null","ball",,,,,"14","null","R","R","R","SD","SF","B","null","null",2,1,2018,"-0.2250","1.3045","1.9573","1.8954","null","null","null",0,5,"Bot","null","null",,,460026,,"180731_212815","8.4256","-131.7902","-7.9172","-4.3892","28.0851","-15.6787","3.6224","1.6836","null","null","null","90.1700","1989","6.0530",531022,605446,460026,596103,488818,446334,543063,452254,491676,457705,"54.4477","null","null","null","null","null","null","null",39,"4","4-Seam Fastball",1,2,1,2,2,1,1,2,"Infield shift","Strategic"
"FF","2018-07-31","90.4","-1.0896","6.4074","Dereck Rodriguez",570799,605446,"null","called_strike",,,,,"6","null","R","R","R","SD","SF","S","null","null",2,0,2018,"-0.2866","1.4272","0.7861","2.9881","null","null","null",0,5,"Bot","null","null",,,460026,,"180731_212802","5.2165","-131.3693","-5.4344","-4.4423","30.4885","-15.0844","3.6454","1.7758","null","null","null","89.1350","2014","5.7980",531022,605446,460026,596103,488818,446334,543063,452254,491676,457705,"54.7021","null","null","null","null","null","null","null",39,"3","4-Seam Fastball",1,2,1,2,2,1,1,2,"Infield shift","Standard"
"FF","2018-07-31","87.0","-0.9832","6.3356","Dereck Rodriguez",570799,605446,"null","ball",,,,,"14","null","R","R","R","SD","SF","B","null","null",1,0,2018,"-0.2743","1.2598","0.7774","0.9351","null","null","null",0,5,"Bot","null","null",,,460026,,"180731_212745","4.7441","-126.3207","-9.2181","-3.8955","26.6183","-17.1681","3.6454","1.7989","null","null","null","86.2850","1948","6.0330",531022,605446,460026,596103,488818,446334,543063,452254,491676,457705,"54.4677","null","null","null","null","null","null","null",39,"2","4-Seam Fastball",1,2,1,2,2,1,1,2,"Infield shift","Strategic"
"CU","2018-07-31","73.3","-0.9699","6.3725","Dereck Rodriguez",570799,605446,"null","ball",,,,,"14","null","R","R","R","SD","SF","B","null","null",0,0,2018,"1.0066","-1.0490","2.6505","1.3631","null","null","null",0,5,"Bot","null","null",,,460026,,"180731_212730","5.5507","-106.4204","-0.8192","6.3018","21.8797","-40.0406","3.6454","1.7066","null","null","null","72.1610","2642","6.0010",531022,605446,460026,596103,488818,446334,543063,452254,491676,457705,"54.4998","null","null","null","null","null","null","null",39,"1","Curveball",1,2,1,2,2,1,1,2,"Infield shift","Strategic"
"SL","2018-07-31","79.0","2.2500","5.7702","Clayton Richard",596103,453385,"null","ball",,,,,"14","null","R","R","L","SD","SF","B","null","null",0,0,2018,"-0.1130","-0.0782","1.1489","2.5309","null","460026.00","null",2,5,"Top","null","null",,,595978,,"180731_212443","-2.1448","-114.8499","-0.1395","-0.5737","20.5809","-33.0849","3.5078","1.7758","null","null","null","77.2830","2394","5.0420",531022,453385,595978,543333,641319,570799,520471,571976,622534,608671,"55.4581","null","null","null","null","null","null","null",38,"1","Slider",1,2,2,1,2,1,2,1,"Standard","Standard"
"FT","2018-07-31","88.6","2.1016","5.8214","Clayton Richard",446334,453385,"null","ball",,,,,"13","null","R","R","L","SD","SF","B","null","null",0,1,2018,"1.6009","0.2748","-1.2842","1.2574","null","488818.00","null",0,5,"Top","null","null",,,595978,,"180731_212102","-11.2827","-128.3184","-5.4956","19.4874","25.9627","-28.3609","3.7829","1.7758","null","null","null","87.0310","2157","5.5100",531022,453385,595978,543333,641319,570799,520471,571976,622534,608671,"54.9906","null","null","null","null","null","null","null",36,"2","2-Seam Fastball",1,2,2,1,2,1,2,1,"Standard","Standard"
"SL","2018-07-31","79.5","1.9907","5.7847","Clayton Richard",446334,453385,"null","called_strike",,,,,"7","null","R","R","L","SD","SF","S","null","null",0,0,2018,"-0.3784","-0.0166","-0.4246","1.6575","null","488818.00","null",0,5,"Top","null","null",,,595978,,"180731_212044","-4.4994","-115.4096","-2.1618","-2.3537","22.2719","-32.1913","3.8058","1.7758","null","null","null","77.4220","2320","5.0250",531022,453385,595978,543333,641319,570799,520471,571976,622534,608671,"55.4751","null","null","null","null","null","null","null",36,"1","Slider",1,2,2,1,2,1,2,1,"Standard","Standard"
"FF","2018-07-31","91.2","-1.2144","6.1724","Dereck Rodriguez",520471,605446,"null","called_strike",,,,,"8","null","R","L","R","SD","SF","S","null","null",1,1,2018,"-0.0370","1.3077","-0.2595","1.5109","null","null","null",2,4,"Bot","null","null",,,460026,,"180731_211649","2.5038","-132.6194","-8.7189","-1.0108","30.1542","-14.7994","3.3012","1.4981","null","null","null","91.7530","1879","6.8040",531022,605446,460026,596103,488818,446334,543063,452254,491676,457705,"53.6967","null","null","null","null","null","null","null",33,"3","4-Seam Fastball",1,1,1,1,1,1,1,1,"Standard","Standard"
"FF","2018-07-31","91.7","-1.3085","6.2562","Dereck Rodriguez",520471,605446,"null","called_strike",,,,,"4","null","R","L","R","SD","SF","S","null","null",1,0,2018,"-0.3834","1.3775","-0.7410","2.4492","null","null","null",2,4,"Bot","null","null",,,460026,,"180731_211636","2.2666","-133.3932","-6.7085","-5.0761","30.7070","-14.4949","3.3012","1.4981","null","null","null","91.5370","1895","6.3690",531022,605446,460026,596103,488818,446334,543063,452254,491676,457705,"54.1312","null","null","null","null","null","null","null",33,"2","4-Seam Fastball",1,1,1,1,1,1,1,1,"Standard","Standard"
"CH","2018-07-31","84.1","-1.1724","6.2974","Dereck Rodriguez",520471,605446,"null","ball",,,,,"13","null","R","L","R","SD","SF","B","null","null",0,0,2018,"-1.3206","0.9865","-0.0954","0.3207","null","null","null",2,4,"Bot","null","null",,,460026,,"180731_211620","5.1094","-122.0239","-9.3673","-14.2060","24.2688","-20.6733","3.2930","1.4759","null","null","null","83.9510","1944","6.3770",531022,605446,460026,596103,488818,446334,543063,452254,491676,457705,"54.1236","null","null","null","null","null","null","null",33,"1","Changeup",1,1,1,1,1,1,1,1,"Standard","Standard"
"FC","2018-07-31","84.6","-1.1254","6.2378","Dereck Rodriguez",595978,605446,"null","ball",,,,,"14","null","R","R","R","SD","SF","B","null","null",1,1,2018,"0.5519","0.6841","0.8887","1.5706","null","null","null",1,4,"Bot","null","null",,,460026,,"180731_211525","3.5829","-122.9393","-5.7785","4.7386","25.6730","-24.4169","3.3467","1.5587","null","null","null","83.7090","2189","5.8980",531022,605446,460026,596103,488818,446334,543063,452254,491676,457705,"54.6020","null","null","null","null","null","null","null",32,"3","Cutter",1,1,1,1,1,1,1,1,"Standard","Standard"
"CU","2018-07-31","75.0","-0.8474","6.2720","Dereck Rodriguez",595978,605446,"null","called_strike",,,,,"8","null","R","R","R","SD","SF","S","null","null",1,0,2018,"0.8050","-1.2579","-0.2344","1.7728","null","null","null",1,4,"Bot","null","null",,,460026,,"180731_211512","-0.1200","-109.0736","0.1102","6.2458","21.3703","-42.1962","3.2319","1.5587","null","null","null","73.7800","2673","5.6680",531022,605446,460026,596103,488818,446334,543063,452254,491676,457705,"54.8320","null","null","null","null","null","null","null",32,"2","Curveball",1,1,1,1,1,1,1,1,"Standard","Standard"
"FF","2018-07-31","90.6","-1.0325","6.3036","Dereck Rodriguez",595978,605446,"null","ball",,,,,"14","null","R","R","R","SD","SF","B","null","null",0,0,2018,"-0.3957","1.3098","1.3252","1.4189","null","null","null",1,4,"Bot","null","null",,,460026,,"180731_211456","6.6856","-131.4807","-8.9472","-5.9897","28.3928","-15.4267","3.3697","1.5587","null","null","null","90.0110","1881","6.1210",531022,605446,460026,596103,488818,446334,543063,452254,491676,457705,"54.3796","null","null","null","null","null","null","null",32,"1","4-Seam Fastball",1,1,1,1,1,1,1,1,"Standard","Standard"
"CU","2018-07-31","76.1","-1.1243","6.1645","Dereck Rodriguez",543333,605446,"null","ball",,,,,"13","null","R","L","R","SD","SF","B","null","null",0,1,2018,"0.8321","-0.8449","-0.1235","1.1561","null","null","null",0,4,"Bot","null","null",,,460026,,"180731_211356","0.6176","-110.7255","-1.8505","6.5890","22.2676","-38.8765","3.5532","1.7294","null","null","null","75.4040","2688","6.0740",531022,605446,460026,596103,488818,446334,543063,452254,491676,457705,"54.4263","null","null","null","null","null","null","null",31,"2","Curveball",1,1,1,1,1,1,1,1,"Standard","Standard"
"FF","2018-07-31","91.6","-1.0847","6.3484","Dereck Rodriguez",543333,605446,"null","called_strike",,,,,"14","null","R","L","R","SD","SF","S","null","null",0,0,2018,"-0.5638","1.3535","0.9352","2.7346","null","null","null",0,4,"Bot","null","null",,,460026,,"180731_211340","6.2674","-133.0878","-6.0897","-7.9909","29.0017","-15.1759","3.6908","1.7986","null","null","null","91.0310","2033","6.0650",531022,605446,460026,596103,488818,446334,543063,452254,491676,457705,"54.4353","null","null","null","null","null","null","null",31,"1","4-Seam Fastball",1,1,1,1,1,1,1,1,"Standard","Standard"
"SL","2018-07-31","80.1","3.8785","5.7016","Clayton Richard",543063,453385,"null","called_strike",,,,,"12","null","R","L","L","SD","SF","S","null","null",1,0,2018,"-0.0691","-0.0688","0.9503","2.5906","null","null","596103.00",1,4,"Top","null","null",,,595978,,"180731_210631","-6.2118","-116.2473","0.0359","0.6508","23.4486","-33.0666","3.4615","1.7063","null","null","null","78.3130","2230","5.3520",531022,453385,595978,543333,641319,570799,520471,571976,622534,608671,"55.1481","null","null","null","null","null","null","null",27,"2","Slider",1,0,0,1,0,1,0,1,"Standard","Standard"
"FT","2018-07-31","89.2","3.9561","5.6346","Clayton Richard",543063,453385,"null","ball",,,,,"13","null","R","L","L","SD","SF","B","null","null",0,0,2018,"1.2730","-0.2849","-0.8222","1.4506","null","null","596103.00",1,4,"Top","null","null",,,595978,,"180731_210614","-13.9223","-128.7003","-3.4198","16.7625","30.3006","-34.6944","3.4583","1.6141","null","null","null","86.3310","2050","5.2430",531022,453385,595978,543333,641319,570799,520471,571976,622534,608671,"55.2570","null","null","null","null","null","null","null",27,"1","2-Seam Fastball",1,0,0,1,0,1,0,1,"Standard","Standard"
"FT","2018-07-31","88.8","2.1916","5.6871","Clayton Richard",596103,453385,"null","called_strike",,,,,"13","null","R","R","L","SD","SF","S","null","null",3,0,2018,"1.3466","0.2730","-0.1813","1.3054","null","null","null",1,4,"Top","null","null",,,595978,,"180731_210515","-8.2797","-128.8139","-5.0814","16.0608","26.0844","-28.5005","3.3238","1.4756","null","null","null","86.7420","2178","5.0990",531022,453385,595978,543333,641319,570799,520471,571976,622534,608671,"55.4011","null","null","null","null","null","null","null",26,"4","2-Seam Fastball",1,0,0,1,0,1,0,1,"Standard","Standard"
"FT","2018-07-31","89.2","2.2002","5.6502","Clayton Richard",596103,453385,"null","ball",,,,,"13","null","R","R","L","SD","SF","B","null","null",2,0,2018,"1.3752","0.2049","-0.5930","1.3807","null","null","null",1,4,"Top","null","null",,,595978,,"180731_210500","-9.3854","-129.2823","-4.7424","16.7329","26.4172","-29.2688","3.5074","1.7294","null","null","null","87.1130","2102","5.1470",531022,453385,595978,543333,641319,570799,520471,571976,622534,608671,"55.3532","null","null","null","null","null","null","null",26,"3","2-Seam Fastball",1,0,0,1,0,1,0,1,"Standard","Standard"
"FT","2018-07-31","89.3","2.1230","5.7735","Clayton Richard",596103,453385,"null","ball",,,,,"14","null","R","R","L","SD","SF","B","null","null",1,0,2018,"1.2830","0.2267","1.1695","2.5973","null","null","null",1,4,"Top","null","null",,,595978,,"180731_210446","-4.7908","-129.7706","-2.2071","14.8497","26.8413","-29.5488","3.5303","1.7755","null","null","null","87.2190","2198","5.0210",531022,453385,595978,543333,641319,570799,520471,571976,622534,608671,"55.4789","null","null","null","null","null","null","null",26,"2","2-Seam Fastball",1,0,0,1,0,1,0,1,"Standard","Standard"
"FT","2018-07-31","88.0","2.2874","5.7829","Clayton Richard",596103,453385,"null","ball",,,,,"12","null","R","R","L","SD","SF","B","null","null",0,0,2018,"1.2627","0.0302","2.0273","3.8304","null","null","null",1,4,"Top","null","null",,,595978,,"180731_210433","-3.0731","-127.8831","1.2747","13.9669","25.9808","-32.3820","3.5532","1.6833","null","null","null","86.2780","2055","5.2290",531022,453385,595978,543333,641319,570799,520471,571976,622534,608671,"55.2712","null","null","null","null","null","null","null",26,"1","2-Seam Fastball",1,0,0,1,0,1,0,1,"Standard","Standard"
"FF","2018-07-31","87.5","2.0908","6.0763","Clayton Richard",460026,453385,"null","ball",,,,,"11","null","R","R","L","SD","SF","B","null","null",1,1,2018,"1.0082","1.0408","-0.5787","3.7026","null","null","null",0,4,"Top","null","null",,,595978,,"180731_210327","-8.2012","-126.8941","-1.5393","12.1386","27.0337","-21.4105","3.3467","1.5288","null","null","null","85.1800","2247","5.0700",531022,453385,595978,543333,641319,570799,520471,571976,622534,608671,"55.4300","null","null","null","null","null","null","null",25,"3","4-Seam Fastball",1,0,0,1,0,1,0,1,"Standard","Standard"
"SL","2018-07-31","80.6","1.9693","5.8332","Clayton Richard",460026,453385,"null","ball",,,,,"13","null","R","R","L","SD","SF","B","null","null",0,0,2018,"0.0507","-0.4234","-1.3042","-0.1654","null","null","null",0,4,"Top","null","null",,,595978,,"180731_210250","-7.1176","-116.6388","-5.5370","2.0138","25.9027","-34.9078","3.3467","1.5288","null","null","null","77.4450","2351","4.7680",531022,453385,595978,543333,641319,570799,520471,571976,622534,608671,"55.7328","null","null","null","null","null","null","null",25,"1","Slider",1,0,0,1,0,1,0,1,"Standard","Standard"
"FT","2018-07-31","90.3","-0.8610","6.2907","Dereck Rodriguez",571976,605446,"null","ball",,,,,"11","null","R","R","R","SD","SF","B","null","null",0,1,2018,"-0.8158","1.2800","-0.0597","4.2055","null","608671.00","null",2,3,"Bot","null","null",,,460026,,"180731_205926","3.7373","-131.4623","-1.9701","-10.2528","28.0484","-17.1334","3.5532","1.5946","null","null","null","90.4340","2000","6.3610",531022,605446,460026,596103,488818,446334,543063,452254,491676,457705,"54.1395","null","null","null","null","null","null","null",24,"2","2-Seam Fastball",1,0,1,0,0,1,1,0,"Standard","Strategic"
"CU","2018-07-31","75.3","-0.9283","6.2023","Dereck Rodriguez",571976,605446,"null","called_strike",,,,,"9","null","R","R","R","SD","SF","S","null","null",0,0,2018,"1.2158","-0.8245","0.3929","2.1617","null","608671.00","null",2,3,"Bot","null","null",,,460026,,"180731_205903","0.5777","-109.6418","0.2941","9.6215","21.7412","-39.0712","3.5762","1.5946","null","null","null","75.1460","2587","6.4190",531022,605446,460026,596103,488818,446334,543063,452254,491676,457705,"54.0811","null","null","null","null","null","null","null",24,"1","Curveball",1,0,1,0,0,1,1,0,"Standard","Strategic"
"FF","2018-07-31","91.1","-1.3007","6.2578","Dereck Rodriguez",608671,605446,"null","called_strike",,,,,"4","null","R","L","R","SD","SF","S","null","null",3,1,2018,"-0.3873","1.1651","-0.7551","2.6287","null","null","null",1,3,"Bot","null","null",,,460026,,"180731_205720","2.1739","-132.5778","-5.6679","-4.9621","27.2454","-17.6508","3.2779","1.5679","null","null","null","90.6890","1934","5.9470",531022,605446,460026,596103,488818,446334,543063,452254,491676,457705,"54.5531","null","null","null","null","null","null","null",22,"5","4-Seam Fastball",1,0,1,0,0,1,1,0,"Standard","Standard"
"CH","2018-07-31","84.7","-1.1669","6.2335","Dereck Rodriguez",608671,605446,"null","ball",,,,,"13","null","R","L","R","SD","SF","B","null","null",2,1,2018,"-1.5789","0.7658","-0.0261","0.4680","null","null","null",1,3,"Bot","null","null",,,460026,,"180731_205704","5.7710","-123.0165","-8.6186","-17.0880","22.8723","-23.0130","3.2319","1.5827","null","null","null","84.6080","1979","6.1950",531022,605446,460026,596103,488818,446334,543063,452254,491676,457705,"54.3050","null","null","null","null","null","null","null",22,"4","Changeup",1,0,1,0,0,1,1,0,"Standard","Standard"
"FF","2018-07-31","90.4","-1.2833","6.2481","Dereck Rodriguez",608671,605446,"null","called_strike",,,,,"1","null","R","L","R","SD","SF","S","null","null",2,0,2018,"-0.4620","1.4898","-0.3729","2.9245","null","null","null",1,3,"Bot","null","null",,,460026,,"180731_205648","3.2142","-131.4464","-5.4288","-5.9574","27.3905","-14.2241","3.2319","1.5218","null","null","null","89.8420","2171","5.9510",531022,605446,460026,596103,488818,446334,543063,452254,491676,457705,"54.5494","null","null","null","null","null","null","null",22,"3","4-Seam Fastball",1,0,1,0,0,1,1,0,"Standard","Standard"
"FC","2018-07-31","84.7","-1.4829","6.1806","Dereck Rodriguez",608671,605446,"null","ball",,,,,"13","null","R","L","R","SD","SF","B","null","null",1,0,2018,"0.2286","0.4637","-0.6317","1.3291","null","null","null",1,3,"Bot","null","null",,,460026,,"180731_205633","1.5334","-123.2967","-5.9713","2.0674","22.2451","-26.5398","3.2779","1.5827","null","null","null","85.0770","2191","6.3080",531022,605446,460026,596103,488818,446334,543063,452254,491676,457705,"54.1926","null","null","null","null","null","null","null",22,"2","Cutter",1,0,1,0,0,1,1,0,"Standard","Standard"
"FF","2018-07-31","91.9","-1.2195","6.2858","Dereck Rodriguez",608671,605446,"null","ball",,,,,"14","null","R","L","R","SD","SF","B","null","null",0,0,2018,"-0.3533","1.3170","0.9244","2.0265","null","null","null",1,3,"Bot","null","null",,,460026,,"180731_205621","6.1651","-133.5727","-7.7765","-5.4388","26.2830","-15.0968","3.2549","1.5827","null","null","null","91.8830","2071","6.1510",531022,605446,460026,596103,488818,446334,543063,452254,491676,457705,"54.3493","null","null","null","null","null","null","null",22,"1","4-Seam Fastball",1,0,1,0,0,1,1,0,"Standard","Standard"
"FF","2018-07-31","91.0","-1.3559","6.2561","Dereck Rodriguez",453385,605446,"null","ball",,,,,"11","null","R","L","R","SD","SF","B","null","null",1,2,2018,"-0.5750","1.1477","-1.1063","4.4531","null","null","null",0,3,"Bot","null","null",,,460026,,"180731_205520","1.8228","-132.4056","-0.9962","-7.0327","30.0674","-18.9919","3.9658","1.8216","null","null","null","90.0660","1921","5.8670",531022,605446,460026,596103,488818,446334,543063,452254,491676,457705,"54.6332","null","null","null","null","null","null","null",21,"4","4-Seam Fastball",1,0,1,0,0,1,1,0,"Standard","Standard"
"FF","2018-07-31","90.0","-1.2833","6.2950","Dereck Rodriguez",453385,605446,"null","ball",,,,,"14","null","R","L","R","SD","SF","B","null","null",0,1,2018,"-0.5107","1.1321","0.4737","1.2523","null","null","null",0,3,"Bot","null","null",,,460026,,"180731_205450","5.4447","-130.8242","-8.9674","-6.9744","25.9502","-17.5285","3.8283","1.7986","null","null","null","90.2670","1921","6.3780",531022,605446,460026,596103,488818,446334,543063,452254,491676,457705,"54.1223","null","null","null","null","null","null","null",21,"2","4-Seam Fastball",1,0,1,0,0,1,1,0,"Standard","Standard"
"SL","2018-07-31","80.1","1.9043","5.7361","Clayton Richard",446334,453385,"null","ball",,,,,"13","null","R","R","L","SD","SF","B","null","null",2,1,2018,"-0.1989","-0.3123","-1.3109","1.2838","491676.00","null","457705.00",2,3,"Top","null","null",,,595978,,"180731_205103","-6.5844","-116.4572","-2.5961","-0.6802","18.8905","-34.7406","3.7137","1.7755","null","null","null","78.7290","2301","5.0740",531022,453385,595978,543333,641319,570799,520471,571976,622534,608671,"55.4267","null","null","null","null","null","null","null",20,"4","Slider",1,0,0,1,0,1,0,1,"Standard","Standard"
"FT","2018-07-31","89.6","1.8181","6.0119","Clayton Richard",446334,453385,"null","ball",,,,,"11","null","R","R","L","SD","SF","B","null","null",1,1,2018,"1.3340","0.4697","-0.8908","3.1920","491676.00","null","457705.00",2,3,"Top","null","null",,,595978,,"180731_205045","-9.1253","-130.0372","-1.8953","16.3069","24.9569","-26.9437","3.8512","1.8677","null","null","null","87.6870","2223","5.0450",531022,453385,595978,543333,641319,570799,520471,571976,622534,608671,"55.4553","null","null","null","null","null","null","null",20,"3","2-Seam Fastball",1,0,0,1,0,1,0,1,"Standard","Standard"
"SL","2018-07-31","79.0","1.9012","5.7968","Clayton Richard",446334,453385,"null","ball",,,,,"14","null","R","R","L","SD","SF","B","null","null",0,0,2018,"-0.2064","-0.2329","1.1390","2.5317","491676.00","null","457705.00",2,3,"Top","null","null",,,595978,,"180731_205007","-1.2631","-114.8954","0.0060","-1.5466","18.7545","-34.4085","3.7825","1.8677","null","null","null","77.3690","2258","4.8910",531022,453385,595978,543333,641319,570799,520471,571976,622534,608671,"55.6093","null","null","null","null","null","null","null",20,"1","Slider",1,0,0,1,0,1,0,1,"Standard","Standard"
"SL","2018-07-31","79.0","2.0426","5.7754","Clayton Richard",488818,453385,"null","ball",,,,,"13","null","R","R","L","SD","SF","B","null","null",0,0,2018,"-0.2887","-0.2203","-1.8746","1.6835","null","491676.00","457705.00",1,3,"Top","null","null",,,595978,,"180731_204850","-7.7906","-114.7202","-1.7239","-1.1154","19.4159","-34.0071","3.4844","1.5679","null","null","null","77.0590","2277","4.8250",531022,453385,595978,543333,641319,570799,520471,571976,622534,608671,"55.6752","null","null","null","null","null","null","null",19,"1","Slider",1,0,0,1,0,1,0,1,"Standard","Standard"
"SL","2018-07-31","81.2","2.1915","5.7771","Clayton Richard",457705,453385,"walk","ball",,,,,"14","Andrew McCutchen walks.  ","R","R","L","SD","SF","B","null","null",3,2,2018,"-0.3068","-0.2304","1.1888","2.4692","null","491676.00","null",1,3,"Top","null","null",,,595978,,"180731_204806","-1.6500","-118.1530","-0.4197","-2.4943","20.7916","-34.4404","3.5074","1.5679","null","null","null","79.9880","2175","5.2850",531022,453385,595978,543333,641319,570799,520471,571976,622534,608671,"55.2157","null","null","0.70",1,0,0,"null",18,"8","Slider",1,0,0,1,0,1,0,1,"Strategic","Standard"
"FT","2018-07-31","90.8","2.2207","5.6948","Clayton Richard",457705,453385,"null","called_strike",,,,,"9","null","R","R","L","SD","SF","S","null","null",2,1,2018,"1.4620","0.4678","0.8050","2.1658","null","491676.00","null",1,3,"Top","null","null",,,595978,,"180731_204532","-6.3976","-131.8646","-3.7975","17.7641","27.2156","-26.3929","3.4615","1.6372","null","null","null","89.0210","2147","5.2320",531022,453385,595978,543333,641319,570799,520471,571976,622534,608671,"55.2684","null","null","null","null","null","null","null",18,"4","2-Seam Fastball",1,0,0,1,0,1,0,1,"Standard","Strategic"
"SL","2018-07-31","80.6","2.0573","5.7124","Clayton Richard",457705,453385,"null","called_strike",,,,,"7","null","R","R","L","SD","SF","S","null","null",2,0,2018,"-0.5250","-0.1698","-0.4855","1.9105","null","491676.00","null",1,3,"Top","null","null",,,595978,,"180731_204505","-4.5843","-117.0994","-1.4703","-3.8126","20.9078","-33.6776","3.4385","1.6602","null","null","null","78.8300","2313","5.0170",531022,453385,595978,543333,641319,570799,520471,571976,622534,608671,"55.4831","null","null","null","null","null","null","null",18,"3","Slider",1,0,0,1,0,1,0,1,"Standard","Strategic"
"FT","2018-07-31","89.7","2.2797","5.7569","Clayton Richard",457705,453385,"null","ball",,,,,"12","null","R","R","L","SD","SF","B","null","null",1,0,2018,"1.2949","0.2537","1.9283","3.1935","null","491676.00","null",1,3,"Top","null","null",,,595978,,"180731_204445","-3.3979","-130.4653","-0.8835","14.8981","25.8426","-29.4749","3.5303","1.6833","null","null","null","87.9790","2142","5.1050",531022,453385,595978,543333,641319,570799,520471,571976,622534,608671,"55.3952","null","null","null","null","null","null","null",18,"2","2-Seam Fastball",1,0,0,1,0,1,0,1,"Standard","Strategic"
"SL","2018-07-31","80.5","2.2855","5.7569","Clayton Richard",457705,453385,"null","ball",,,,,"14","null","R","R","L","SD","SF","B","null","null",0,0,2018,"0.0258","-0.0426","1.5823","2.1637","null","491676.00","null",1,3,"Top","null","null",,,595978,,"180731_204406","-1.5673","-117.1657","-1.2890","0.4903","19.5712","-32.5887","3.5532","1.6141","null","null","null","78.9800","2246","4.9560",531022,453385,595978,543333,641319,570799,520471,571976,622534,608671,"55.5440","null","null","null","null","null","null","null",18,"1","Slider",1,0,0,1,0,1,0,1,"Standard","Strategic"
"FT","2018-07-31","89.3","2.0167","5.7957","Clayton Richard",491676,453385,"walk","ball",,,,,"13","Gorkys Hernandez walks.  ","R","R","L","SD","SF","B","null","null",3,0,2018,"1.2987","0.0455","-0.1398","1.3758","null","null","null",0,3,"Top","null","null",,,595978,,"180731_204157","-7.7360","-129.5886","-4.8521","15.6408","25.6677","-30.9788","3.3240","1.5589","null","null","null","87.4940","2172","5.1870",531022,453385,595978,543333,641319,570799,520471,571976,622534,608671,"55.3131","null","null","0.70",1,0,0,"null",16,"4","2-Seam Fastball",1,0,0,1,0,1,0,1,"Standard","Standard"
"FT","2018-07-31","89.3","2.1500","5.7157","Clayton Richard",491676,453385,"null","ball",,,,,"13","null","R","R","L","SD","SF","B","null","null",2,0,2018,"1.2942","-0.0616","-1.0340","1.3160","null","null","null",0,3,"Top","null","null",,,595978,,"180731_204138","-10.2032","-129.3117","-4.5150","16.1492","27.7990","-32.1462","3.3469","1.5589","null","null","null","87.1430","2104","5.2680",531022,453385,595978,543333,641319,570799,520471,571976,622534,608671,"55.2324","null","null","null","null","null","null","null",16,"3","2-Seam Fastball",1,0,0,1,0,1,0,1,"Standard","Standard"
"FT","2018-07-31","88.3","2.0739","5.8400","Clayton Richard",491676,453385,"null","ball",,,,,"13","null","R","R","L","SD","SF","B","null","null",1,0,2018,"1.3329","0.0592","-0.9391","2.0195","null","null","null",0,3,"Top","null","null",,,595978,,"180731_204125","-9.7454","-127.9676","-3.2176","16.0848","26.3973","-31.1590","3.4387","1.6373","null","null","null","86.2400","2081","5.1990",531022,453385,595978,543333,641319,570799,520471,571976,622534,608671,"55.3010","null","null","null","null","null","null","null",16,"2","2-Seam Fastball",1,0,0,1,0,1,0,1,"Standard","Standard"
"FT","2018-07-31","89.0","2.1104","5.8912","Clayton Richard",491676,453385,"null","ball",,,,,"12","null","R","R","L","SD","SF","B","null","null",0,0,2018,"1.4235","0.1763","0.9228","2.7379","null","null","null",0,3,"Top","null","null",,,595978,,"180731_204114","-5.6083","-129.2240","-1.9701","16.4134","27.8289","-30.1587","3.3699","1.6834","null","null","null","86.7150","2081","5.0340",531022,453385,595978,543333,641319,570799,520471,571976,622534,608671,"55.4666","null","null","null","null","null","null","null",16,"1","2-Seam Fastball",1,0,0,1,0,1,0,1,"Standard","Standard"
"FC","2018-07-31","86.0","-1.5086","6.0152","Dereck Rodriguez",641319,605446,"null","ball",,,,,"11","null","R","L","R","SD","SF","B","null","null",2,2,2018,"0.3800","0.3747","-1.5506","2.8346","null","null","null",2,2,"Bot","null","null",,,460026,,"180731_203827","-0.8624","-125.4177","-2.1623","4.1772","21.5720","-28.0203","3.1173","1.4810","null","null","null","86.5270","2087","6.1740",531022,605446,460026,596103,488818,446334,543063,452254,491676,457705,"54.3267","null","null","null","null","null","null","null",15,"5","Cutter",1,0,1,0,0,1,1,0,"Standard","Standard"
"FF","2018-07-31","90.7","-1.2547","6.2042","Dereck Rodriguez",641319,605446,"null","ball",,,,,"13","null","R","L","R","SD","SF","B","null","null",1,1,2018,"-0.2463","1.3300","-1.1669","1.8308","null","null","null",2,2,"Bot","null","null",,,460026,,"180731_203745","0.7404","-131.8384","-7.7853","-3.0110","28.6566","-15.3232","3.1862","1.4810","null","null","null","90.3350","2001","6.1780",531022,605446,460026,596103,488818,446334,543063,452254,491676,457705,"54.3224","null","null","null","null","null","null","null",15,"3","4-Seam Fastball",1,0,1,0,0,1,1,0,"Standard","Standard"
"CU","2018-07-31","75.1","-1.0590","6.2335","Dereck Rodriguez",641319,605446,"null","ball",,,,,"14","null","R","L","R","SD","SF","B","null","null",0,1,2018,"1.0919","-0.7593","1.0237","1.3819","null","null","null",2,2,"Bot","null","null",,,460026,,"180731_203728","2.3886","-109.2901","-1.5009","8.1430","20.8424","-38.1172","3.1403","1.4810","null","null","null","74.5030","2567","6.0300",531022,605446,460026,596103,488818,446334,543063,452254,491676,457705,"54.4706","null","null","null","null","null","null","null",15,"2","Curveball",1,0,1,0,0,1,1,0,"Standard","Standard"
"FF","2018-07-31","92.5","-1.0830","6.2277","Dereck Rodriguez",641319,605446,"null","called_strike",,,,,"4","null","R","L","R","SD","SF","S","null","null",0,0,2018,"-0.3117","1.2247","-0.7868","2.5288","null","null","null",2,2,"Bot","null","null",,,460026,,"180731_203714","1.4201","-134.6027","-6.2171","-4.0564","30.1939","-16.3290","3.1862","1.5681","null","null","null","91.9630","1999","6.0430",531022,605446,460026,596103,488818,446334,543063,452254,491676,457705,"54.4574","null","null","null","null","null","null","null",15,"1","4-Seam Fastball",1,0,1,0,0,1,1,0,"Standard","Standard"
"FF","2018-07-31","88.7","-1.1990","6.3143","Dereck Rodriguez",570799,605446,"null","ball",,,,,"11","null","R","R","R","SD","SF","B","null","null",0,0,2018,"-0.4666","1.2593","-0.9453","4.0334","null","null","520471.00",0,2,"Bot","null","null",,,460026,,"180731_203615","1.5834","-129.0429","-2.0891","-5.4998","28.5157","-18.0545","3.4617","1.6373","null","null","null","88.2130","1868","6.1380",531022,605446,460026,596103,488818,446334,543063,452254,491676,457705,"54.3621","null","null","null","null","null","null","null",14,"1","4-Seam Fastball",1,0,1,0,0,1,1,0,"Standard","Strategic"
"FF","2018-07-31","91.0","-1.1499","6.2635","Dereck Rodriguez",520471,605446,"walk","ball",,,,,"13","Freddy Galvis walks.  ","R","L","R","SD","SF","B","null","null",3,2,2018,"-0.4869","1.3365","-0.4293","1.3970","null","null","null",0,2,"Bot","null","null",,,460026,,"180731_203537","2.8100","-132.0937","-8.9566","-6.2334","31.1113","-15.0330","3.2551","1.5681","null","null","null","89.7920","1950","5.9250",531022,605446,460026,596103,488818,446334,543063,452254,491676,457705,"54.5757","null","null","0.70",1,0,0,"null",13,"7","4-Seam Fastball",1,0,1,0,0,1,1,0,"Standard","Standard"
"FF","2018-07-31","93.7","-1.2727","6.2113","Dereck Rodriguez",520471,605446,"null","ball",,,,,"1","null","R","L","R","SD","SF","B","null","null",2,2,2018,"-0.2050","1.3898","-0.6417","3.2448","null","null","null",0,2,"Bot","null","null",,,460026,,"180731_203503","2.0551","-136.2366","-4.8452","-2.9825","32.4734","-14.3837","3.2781","1.4527","null","null","null","92.5560","1986","5.8460",531022,605446,460026,596103,488818,446334,543063,452254,491676,457705,"54.6545","null","null","null","null","null","null","null",13,"5","4-Seam Fastball",1,0,1,0,0,1,1,0,"Standard","Standard"
"CU","2018-07-31","77.3","-1.0325","6.2378","Dereck Rodriguez",520471,605446,"null","ball",,,,,"14","null","R","L","R","SD","SF","B","null","null",1,1,2018,"0.8490","-0.4747","1.3538","1.8163","null","null","null",0,2,"Bot","null","null",,,460026,,"180731_203428","3.5289","-112.3235","-1.5631","6.2968","21.3833","-36.0404","3.1634","1.4981","null","null","null","76.0440","2700","5.5730",531022,605446,460026,596103,488818,446334,543063,452254,491676,457705,"54.9272","null","null","null","null","null","null","null",13,"3","Curveball",1,0,1,0,0,1,1,0,"Standard","Standard"
"CH","2018-07-31","84.5","-1.3565","6.2218","Dereck Rodriguez",520471,605446,"null","called_strike",,,,,"8","null","R","L","R","SD","SF","S","null","null",1,0,2018,"-1.5135","0.7531","0.1605","1.5594","null","null","null",0,2,"Bot","null","null",,,460026,,"180731_203415","6.4614","-122.8420","-5.9842","-16.4022","22.2732","-23.7233","3.2094","1.4981","null","null","null","84.2710","1973","6.0040",531022,605446,460026,596103,488818,446334,543063,452254,491676,457705,"54.4962","null","null","null","null","null","null","null",13,"2","Changeup",1,0,1,0,0,1,1,0,"Standard","Standard"
"FF","2018-07-31","89.6","-1.2686","6.3502","Dereck Rodriguez",520471,605446,"null","ball",,,,,"14","null","R","L","R","SD","SF","B","null","null",0,0,2018,"-0.4238","1.3762","0.8401","1.3176","null","null","null",0,2,"Bot","null","null",,,460026,,"180731_203401","6.0107","-130.0813","-9.1605","-5.9502","26.4834","-15.1969","3.2930","1.5682","null","null","null","88.6820","2010","5.7810",531022,605446,460026,596103,488818,446334,543063,452254,491676,457705,"54.7194","null","null","null","null","null","null","null",13,"1","4-Seam Fastball",1,0,1,0,0,1,1,0,"Standard","Standard"
"FT","2018-07-31","89.6","2.1836","5.7314","Clayton Richard",452254,453385,"null","called_strike",,,,,"7","null","R","R","L","SD","SF","S","null","null",0,0,2018,"1.3095","0.6366","-0.3295","2.0233","null","null","596103.00",2,2,"Top","null","null",,,595978,,"180731_203101","-8.5916","-129.9278","-4.3017","15.9480","26.8442","-24.6756","3.5766","1.7989","null","null","null","87.3020","2081","5.0020",531022,453385,595978,543333,641319,570799,520471,571976,622534,608671,"55.4988","null","null","null","null","null","null","null",12,"1","2-Seam Fastball",1,0,0,1,0,1,0,1,"Standard","Standard"
"FT","2018-07-31","89.6","1.9782","6.0482","Clayton Richard",596103,453385,"walk","ball",,,,,"11","Austin Slater walks.  ","R","R","L","SD","SF","B","null","null",3,2,2018,"1.2157","0.6351","-1.0042","2.8633","null","null","null",1,2,"Top","null","null",,,595978,,"180731_202941","-9.5306","-129.9412","-3.0891","15.0343","24.5305","-24.9328","3.5536","1.7528","null","null","null","87.5900","2165","4.9930",531022,453385,595978,543333,641319,570799,520471,571976,622534,608671,"55.5078","null","null","0.70",1,0,0,"null",10,"7","2-Seam Fastball",1,0,0,1,0,1,0,1,"Standard","Standard"
"SL","2018-07-31","80.4","1.9322","5.7879","Clayton Richard",596103,453385,"null","ball",,,,,"14","null","R","R","L","SD","SF","B","null","null",2,2,2018,"-0.2120","0.0206","1.2931","2.5650","null","null","null",1,2,"Top","null","null",,,595978,,"180731_202926","-1.0110","-116.9612","-0.5498","-1.6991","20.3299","-32.1524","3.5078","1.6375","null","null","null","78.9510","2265","5.1170",531022,453385,595978,543333,641319,570799,520471,571976,622534,608671,"55.3838","null","null","null","null","null","null","null",10,"6","Slider",1,0,0,1,0,1,0,1,"Standard","Standard"
"SL","2018-07-31","79.3","1.8661","5.8980","Clayton Richard",596103,453385,"null","ball",,,,,"13","null","R","R","L","SD","SF","B","null","null",1,1,2018,"-0.0282","-0.4312","-1.6229","0.5946","null","null","null",1,2,"Top","null","null",,,595978,,"180731_202820","-7.3671","-115.0955","-3.9676","1.0466","20.1007","-35.4166","3.5766","1.7066","null","null","null","77.3790","2356","4.9320",531022,453385,595978,543333,641319,570799,520471,571976,622534,608671,"55.5681","null","null","null","null","null","null","null",10,"3","Slider",1,0,0,1,0,1,0,1,"Standard","Standard"
"FF","2018-07-31","88.5","1.9430","6.1124","Clayton Richard",596103,453385,"null","ball",,,,,"13","null","R","R","L","SD","SF","B","null","null",0,1,2018,"0.6463","0.9900","-1.2308","1.7037","null","null","null",1,2,"Top","null","null",,,595978,,"180731_202805","-8.7726","-128.2301","-6.4187","8.6450","26.9423","-20.6949","3.4848","1.6836","null","null","null","86.0780","2115","5.0140",531022,453385,595978,543333,641319,570799,520471,571976,622534,608671,"55.4860","null","null","null","null","null","null","null",10,"2","4-Seam Fastball",1,0,0,1,0,1,0,1,"Standard","Standard"
"FT","2018-07-31","88.7","2.0769","5.8537","Clayton Richard",596103,453385,"null","called_strike",,,,,"6","null","R","R","L","SD","SF","S","null","null",0,0,2018,"1.3043","0.2864","0.4898","2.6844","null","null","null",1,2,"Top","null","null",,,595978,,"180731_202750","-6.3020","-128.8280","-2.2011","15.1693","26.5753","-28.9573","3.4389","1.5830","null","null","null","86.5310","2121","4.9960",531022,453385,595978,543333,641319,570799,520471,571976,622534,608671,"55.5046","null","null","null","null","null","null","null",10,"1","2-Seam Fastball",1,0,0,1,0,1,0,1,"Standard","Standard"
"FT","2018-07-31","89.2","2.2112","5.9001","Clayton Richard",460026,453385,"null","called_strike",,,,,"5","null","R","R","L","SD","SF","S","null","null",0,0,2018,"1.2646","0.4783","0.2389","2.3874","null","null","null",0,2,"Top","null","null",,,595978,,"180731_202703","-7.1738","-129.4753","-3.4676","15.0572","26.6852","-26.6055","3.3930","1.5913","null","null","null","86.9540","2114","4.9760",531022,453385,595978,543333,641319,570799,520471,571976,622534,608671,"55.5248","null","null","null","null","null","null","null",9,"1","2-Seam Fastball",1,0,0,1,0,1,0,1,"Standard","Standard"
"CU","2018-07-31","76.0","-0.8702","6.2123","Dereck Rodriguez",595978,605446,"null","ball",,,,,"14","null","R","R","R","SD","SF","B","null","null",2,2,2018,"0.9616","-0.8926","1.2691","1.5829","null","543333.00","null",2,1,"Bot","null","null",,,460026,,"180731_202352","2.7620","-110.5824","-0.9965","7.3272","20.7328","-39.4973","3.3012","1.5590","null","null","null","75.8580","2698","6.3080",531022,605446,460026,596103,488818,446334,543063,452254,491676,457705,"54.1927","null","null","null","null","null","null","null",8,"6","Curveball",1,0,1,0,0,1,1,0,"Standard","Strategic"
"FC","2018-07-31","85.0","-0.9462","6.1487","Dereck Rodriguez",595978,605446,"null","ball",,,,,"12","null","R","R","R","SD","SF","B","null","null",1,1,2018,"0.1828","0.3132","1.0445","3.7797","null","543333.00","null",2,1,"Bot","null","null",,,460026,,"180731_202223","4.2818","-123.7652","0.1211","1.0296","23.9682","-29.2385","3.3471","1.5590","null","null","null","84.6990","2158","5.9930",531022,605446,460026,596103,488818,446334,543063,452254,491676,457705,"54.5076","null","null","null","null","null","null","null",8,"3","Cutter",1,0,1,0,0,1,1,0,"Standard","Standard"
"CU","2018-07-31","75.4","-0.9568","6.2118","Dereck Rodriguez",595978,605446,"null","ball",,,,,"14","null","R","R","R","SD","SF","B","null","null",0,1,2018,"1.0832","-0.9579","1.2374","1.9936","null","543333.00","null",2,1,"Bot","null","null",,,460026,,"180731_202204","2.6372","-109.7918","0.1179","8.2062","21.1600","-40.1338","3.2783","1.4759","null","null","null","75.3280","2669","6.4020",531022,605446,460026,596103,488818,446334,543063,452254,491676,457705,"54.0988","null","null","null","null","null","null","null",8,"2","Curveball",1,0,1,0,0,1,1,0,"Standard","Strategic"
"CU","2018-07-31","75.3","-0.9961","6.2199","Dereck Rodriguez",595978,605446,"null","called_strike",,,,,"12","null","R","R","R","SD","SF","S","null","null",0,0,2018,"0.9571","-0.9355","0.9818","3.0266","null","543333.00","null",2,1,"Bot","null","null",,,460026,,"180731_202144","2.4127","-109.5021","2.2141","7.0542","21.5561","-40.2311","3.1864","1.4759","null","null","null","74.4500","2632","5.9570",531022,605446,460026,596103,488818,446334,543063,452254,491676,457705,"54.5430","null","null","null","null","null","null","null",8,"1","Curveball",1,0,1,0,0,1,1,0,"Strategic","Standard"
"CU","2018-07-31","77.1","-0.7772","6.2724","Dereck Rodriguez",571976,605446,"null","ball",,,,,"14","null","R","R","R","SD","SF","B","null","null",2,2,2018,"0.8847","-1.0231","1.2093","1.3062","null","null","null",2,1,"Bot","null","null",,,460026,,"180731_201911","2.6161","-112.1561","-1.6411","6.7937","23.0009","-40.5712","3.4619","1.4990","null","null","null","76.4140","2753","6.1180",531022,605446,460026,596103,488818,446334,543063,452254,491676,457705,"54.3822","null","null","null","null","null","null","null",6,"7","Curveball",0,0,0,0,0,0,0,0,"Standard","Standard"
"CH","2018-07-31","86.0","-0.8533","6.2927","Dereck Rodriguez",571976,605446,"null","ball",,,,,"13","null","R","R","R","SD","SF","B","null","null",1,2,2018,"-1.5930","0.9879","-0.8654","0.7979","null","null","null",2,1,"Bot","null","null",,,460026,,"180731_201807","3.2154","-125.0275","-8.7691","-17.3756","26.0580","-20.2036","3.5307","1.5949","null","null","null","86.0190","2154","6.4300",531022,605446,460026,596103,488818,446334,543063,452254,491676,457705,"54.0705","null","null","null","null","null","null","null",6,"4","Changeup",0,0,0,0,0,0,0,0,"Standard","Standard"
"FT","2018-07-31","90.8","-1.1100","6.2273","Dereck Rodriguez",571976,605446,"null","called_strike",,,,,"6","null","R","R","R","SD","SF","S","null","null",1,1,2018,"-1.3167","1.3175","0.5407","2.3113","null","null","null",2,1,"Bot","null","null",,,460026,,"180731_201752","6.9559","-131.9756","-6.7083","-16.8766","27.4982","-15.5482","3.6683","1.5913","null","null","null","90.9370","2123","6.3900",531022,605446,460026,596103,488818,446334,543063,452254,491676,457705,"54.1108","null","null","null","null","null","null","null",6,"3","2-Seam Fastball",0,0,0,0,0,0,0,0,"Standard","Standard"
"FF","2018-07-31","90.7","-1.1593","6.2534","Dereck Rodriguez",571976,605446,"null","called_strike",,,,,"9","null","R","R","R","SD","SF","S","null","null",1,0,2018,"-0.4752","1.2464","0.6709","2.1349","null","null","null",2,1,"Bot","null","null",,,460026,,"180731_201739","5.5292","-131.7827","-6.9240","-6.6304","27.9717","-16.6283","3.5307","1.5949","null","null","null","89.9860","2050","5.9340",531022,605446,460026,596103,488818,446334,543063,452254,491676,457705,"54.5668","null","null","null","null","null","null","null",6,"2","4-Seam Fastball",0,0,0,0,0,0,0,0,"Standard","Standard"
"FC","2018-07-31","86.1","-1.1850","6.2297","Dereck Rodriguez",571976,605446,"null","ball",,,,,"14","null","R","R","R","SD","SF","B","null","null",0,0,2018,"0.1571","0.6464","1.8112","1.3885","null","null","null",2,1,"Bot","null","null",,,460026,,"180731_201725","6.7580","-125.0914","-6.5312","0.3649","23.6356","-24.4011","3.4817","1.5682","null","null","null","85.8620","2275","6.0820",531022,605446,460026,596103,488818,446334,543063,452254,491676,457705,"54.4180","null","null","null","null","null","null","null",6,"1","Cutter",0,0,0,0,0,0,0,0,"Standard","Standard"
"FT","2018-07-31","92.2","-0.9671","6.2487","Dereck Rodriguez",622534,605446,"strikeout","called_strike",,,,,"8","Manuel Margot called out on strikes.  ","R","R","R","SD","SF","S",2,"null",1,2,2018,"-0.7834","1.1241","-0.1348","1.6357","null","null","null",1,1,"Bot","null","null",,,460026,,"180731_201657","3.7885","-133.9904","-8.3068","-10.1823","27.2094","-17.1918","3.4389","1.5913","null","null","null","92.0850","2099","6.1590",531022,605446,460026,596103,488818,446334,543063,452254,491676,457705,"54.3417","null","null","0.00",1,0,0,"null",5,"5","2-Seam Fastball",0,0,0,0,0,0,0,0,"Standard","Standard"
"CU","2018-07-31","76.8","-0.9195","6.2372","Dereck Rodriguez",622534,605446,"null","ball",,,,,"14","null","R","R","R","SD","SF","B","null","null",0,2,2018,"1.1414","-0.9187","2.1925","0.1279","null","null","null",1,1,"Bot","null","null",,,460026,,"180731_201607","4.5140","-111.5964","-4.1057","8.3658","24.2270","-39.0711","3.3242","1.5913","null","null","null","75.9510","2866","6.2270",531022,605446,460026,596103,488818,446334,543063,452254,491676,457705,"54.2737","null","null","null","null","null","null","null",5,"3","Curveball",0,0,0,0,0,0,0,0,"Standard","Standard"
"CU","2018-07-31","74.0","-1.1563","6.2816","Dereck Rodriguez",622534,605446,"null","called_strike",,,,,"4","null","R","R","R","SD","SF","S","null","null",0,1,2018,"1.3976","-0.8842","-0.6315","2.7454","null","null","null",1,1,"Bot","null","null",,,460026,,"180731_201552","-1.3562","-107.6468","1.7281","10.9232","22.4613","-39.5335","3.3471","1.5071","null","null","null","73.2350","2721","6.1950",531022,605446,460026,596103,488818,446334,543063,452254,491676,457705,"54.3052","null","null","null","null","null","null","null",5,"2","Curveball",0,0,0,0,0,0,0,0,"Standard","Standard"
"FF","2018-07-31","88.9","-1.2421","6.3337","Dereck Rodriguez",622534,605446,"null","called_strike",,,,,"6","null","R","R","R","SD","SF","S","null","null",0,0,2018,"-0.3013","1.4559","0.7410","2.5704","null","null","null",1,1,"Bot","null","null",,,460026,,"180731_201539","5.4490","-129.2077","-6.1052","-4.5281","28.6581","-15.0248","3.4389","1.5913","null","null","null","88.1330","1957","6.0230",531022,605446,460026,596103,488818,446334,543063,452254,491676,457705,"54.4777","null","null","null","null","null","null","null",5,"1","4-Seam Fastball",0,0,0,0,0,0,0,0,"Standard","Standard"
"FT","2018-07-31","88.6","2.2111","5.7969","Clayton Richard",446334,453385,"null","ball",,,,,"14","null","R","R","L","SD","SF","B","null","null",0,0,2018,"1.7622","0.4574","0.6870","1.3842","null","null","null",2,1,"Top","null","null",,,595978,,"180731_201157","-7.0276","-128.2333","-5.2978","20.0562","31.7792","-26.4452","3.8287","1.8219","null","null","null","85.4750","2115","5.0320",531022,453385,595978,543333,641319,570799,520471,571976,622534,608671,"55.4684","null","null","null","null","null","null","null",3,"1","2-Seam Fastball",0,0,0,0,0,0,0,0,"Standard","Standard"
"FT","2018-07-31","89.1","2.0887","5.9690","Clayton Richard",488818,453385,"null","ball",,,,,"12","null","R","R","L","SD","SF","B","null","null",0,0,2018,"1.5386","0.4431","1.1443","2.8489","null","null","null",1,1,"Top","null","null",,,595978,,"180731_201113","-5.2425","-129.2737","-2.3776","17.5375","29.4262","-27.2374","3.5307","1.6605","null","null","null","86.4480","2133","4.9700",531022,453385,595978,543333,641319,570799,520471,571976,622534,608671,"55.5302","null","null","null","null","null","null","null",2,"1","2-Seam Fastball",0,0,0,0,0,0,0,0,"Standard","Standard"
"FT","2018-07-31","89.6","2.0154","6.0206","Clayton Richard",457705,453385,"null","ball",,,,,"13","null","R","R","L","SD","SF","B","null","null",0,1,2018,"1.4372","0.1364","-0.0785","0.9808","null","null","null",0,1,"Top","null","null",,,595978,,"180731_201029","-7.8471","-129.8364","-6.4681","17.2303","29.2195","-29.5523","3.5307","1.5913","null","null","null","87.0200","2141","5.0590",531022,453385,595978,543333,641319,570799,520471,571976,622534,608671,"55.4416","null","null","null","null","null","null","null",1,"2","2-Seam Fastball",0,0,0,0,0,0,0,0,"Strategic","Strategic"
"SL","2018-07-31","76.0","1.9333","6.0194","Clayton Richard",457705,453385,"null","called_strike",,,,,"8","null","R","R","L","SD","SF","S","null","null",0,0,2018,"-0.2918","-0.1512","-0.0646","1.8199","null","null","null",0,1,"Top","null","null",,,595978,,"180731_201018","-3.5744","-110.3903","-1.4582","-1.6417","18.8256","-33.3855","3.4389","1.5682","null","null","null","73.6970","2266","4.5720",531022,453385,595978,543333,641319,570799,520471,571976,622534,608671,"55.9280","null","null","null","null","null","null","null",1,"1","Slider",0,0,0,0,0,0,0,0,"Standard","Standard"