"pitch_type","game_date","release_speed","release_pos_x","release_pos_z","player_name","batter","pitcher","events","description","spin_dir","spin_rate_deprecated","break_angle_deprecated","break_length_deprecated","zone","des","game_type","stand","p_throws","home_team","away_team","type","hit_location","bb_type","balls","strikes","game_year","pfx_x","pfx_z","plate_x","plate_z","on_3b","on_2b","on_1b","outs_when_up","inning","inning_topbot","hc_x","hc_y","tfs_deprecated","tfs_zulu_deprecated","pos2_person_id","umpire","sv_id","vx0","vy0","vz0","ax","ay","az","sz_top","sz_bot","hit_distance_sc","launch_speed","launch_angle","effective_speed","release_spin_rate","release_extension","game_pk","pos1_person_id","pos2_person_id","pos3_person_id","pos4_person_id","pos5_person_id","pos6_person_id","pos7_person_id","pos8_person_id","pos9_person_id","release_pos_y","estimated_ba_using_speedangle","estimated_woba_using_speedangle","woba_value","woba_denom","babip_value","iso_value","launch_speed_angle","at_bat_number","pitch_number","pitch_name","home_score","away_score","bat_score","fld_score","post_away_score","post_home_score","post_bat_score","post_fld_score","if_fielding_alignment","of_fielding_alignment"
"FS","2018-05-10","86.3","-2.1108","5.8663","Hector Neris",467055,593576,"strikeout","called_strike",,,,,"9","Pablo Sandoval called out on strikes.  ","R","L","R","PHI","SF","S",2,"null",1,2,2018,"-0.8604","-0.0752","0.4593","1.9515","null","null","null",2,9,"Top","null","null",,,595751,,"180510_195542","7.7444","-125.3188","-2.8735","-10.4841","25.8362","-32.6047","3.1749","1.4677","null","null","null","85.3320","1376","5.8280",529968,593576,595751,467793,514917,596748,465753,656555,546318,571437,"54.6749","null","null","0.00",1,0,0,"null",70,"4","Split Finger",6,3,3,6,3,6,3,6,"Standard","Standard"
"FF","2018-05-10","93.8","-1.8793","5.7018","Hector Neris",467055,593576,"null","ball",,,,,"11","null","R","L","R","PHI","SF","B","null","null",0,2,2018,"-0.8623","1.2098","-0.5427","4.6716","null","null","null",2,9,"Top","null","null",,,595751,,"180510_195528","5.2608","-136.4669","0.4411","-11.7011","29.9192","-17.7169","3.2015","1.4849","null","null","null","92.8630","2450","5.7370",529968,593576,595751,467793,514917,596748,465753,656555,546318,571437,"54.7654","null","null","null","null","null","null","null",70,"3","4-Seam Fastball",6,3,3,6,3,6,3,6,"Standard","Standard"
"FS","2018-05-10","86.3","-2.0660","5.7792","Hector Neris",467055,593576,"null","called_strike",,,,,"9","null","R","L","R","PHI","SF","S","null","null",0,0,2018,"-1.1070","-0.1865","0.2836","1.6585","null","null","null",2,9,"Top","null","null",,,595751,,"180510_195459","7.6779","-125.3605","-3.1308","-12.9709","26.1626","-33.6941","3.2299","1.5032","null","null","null","85.0700","1287","5.6650",529968,593576,595751,467793,514917,596748,465753,656555,546318,571437,"54.8379","null","null","null","null","null","null","null",70,"1","Split Finger",6,3,3,6,3,6,3,6,"Standard","Standard"
"FF","2018-05-10","94.9","-2.0605","5.8482","Hector Neris",474832,593576,"null","ball",,,,,"11","null","R","L","R","PHI","SF","B","null","null",1,2,2018,"-0.5933","1.4313","-0.7421","3.5469","null","null","null",0,9,"Top","null","null",,,595751,,"180510_195238","4.7305","-138.0998","-3.4992","-8.5492","30.7755","-13.5451","3.3040","1.5556","null","null","null","94.3920","2475","5.9950",529968,593576,595751,467793,514917,596748,465753,656555,546318,571437,"54.5081","null","null","null","null","null","null","null",68,"4","4-Seam Fastball",6,3,3,6,3,6,3,6,"Infield shift","Standard"
"FS","2018-05-10","86.0","-1.9938","6.0184","Hector Neris",474832,593576,"null","called_strike",,,,,"6","null","R","L","R","PHI","SF","S","null","null",1,0,2018,"-1.1605","0.7707","0.6423","2.3614","null","null","null",0,9,"Top","null","null",,,595751,,"180510_195202","8.3699","-124.8055","-3.8387","-13.4483","25.1255","-23.8489","3.3406","1.5343","null","null","null","84.5140","1336","5.4730",529968,593576,595751,467793,514917,596748,465753,656555,546318,571437,"55.0294","null","null","null","null","null","null","null",68,"2","Split Finger",6,3,3,6,3,6,3,6,"Infield shift","Standard"
"FF","2018-05-10","94.1","-2.0477","5.9997","Hector Neris",474832,593576,"null","ball",,,,,"13","null","R","L","R","PHI","SF","B","null","null",0,0,2018,"-0.8430","1.4137","-1.1316","2.0083","null","null","null",0,9,"Top","null","null",,,595751,,"180510_195149","4.1658","-136.8059","-7.6585","-11.3032","28.8061","-13.3069","3.4176","1.6112","null","null","null","93.3980","2485","5.8260",529968,593576,595751,467793,514917,596748,465753,656555,546318,571437,"54.6768","null","null","null","null","null","null","null",68,"1","4-Seam Fastball",6,3,3,6,3,6,3,6,"Infield shift","Standard"
"FF","2018-05-10","96.1","-2.8654","5.8036","Hunter Strickland",514917,519326,"null","ball",,,,,"12","null","R","L","R","PHI","SF","B","null","null",0,2,2018,"-0.2505","1.2578","0.3296","3.7293","null","608384.00","465753.00",2,8,"Bot","null","null",,,460026,,"180510_194805","9.0458","-139.6948","-2.7409","-5.3634","32.1475","-15.2784","3.3223","1.5517","null","null","null","96.1540","2324","6.4300",529968,519326,460026,467055,593700,446334,543063,474832,491676,453923,"54.0729","null","null","null","null","null","null","null",67,"3","4-Seam Fastball",6,3,6,3,3,6,6,3,"Standard","Standard"
"SL","2018-05-10","82.5","-3.0858","5.8943","Hunter Strickland",514917,519326,"null","called_strike",,,,,"8","null","R","L","R","PHI","SF","S","null","null",0,0,2018,"0.8505","-0.3880","-0.0952","1.9863","null","608384.00","465753.00",2,8,"Bot","null","null",,,460026,,"180510_194707","5.1198","-119.9245","-1.6038","6.9670","23.6098","-35.7558","3.4002","1.6095","null","null","null","81.2860","2484","5.5670",529968,519326,460026,467055,593700,446334,543063,474832,491676,453923,"54.9360","null","null","null","null","null","null","null",67,"1","Slider",6,3,6,3,3,6,6,3,"Standard","Standard"
"FF","2018-05-10","95.6","-3.0928","5.7376","Hunter Strickland",465753,519326,"walk","ball",,,,,"11","Pedro Florimon walks.   Nick Williams to 2nd.  ","R","L","R","PHI","SF","B","null","null",3,2,2018,"-0.3386","1.1905","-0.9171","3.9081","null","null","608384.00",2,8,"Bot","null","null",,,460026,,"180510_194626","6.4895","-139.0318","-1.8587","-5.8575","31.8053","-16.5942","3.4880","1.5911","null","null","null","95.4580","2333","6.2880",529968,519326,460026,467055,593700,446334,543063,474832,491676,453923,"54.2143","null","null","0.70",1,0,0,"null",66,"7","4-Seam Fastball",6,3,6,3,3,6,6,3,"Standard","Standard"
"FF","2018-05-10","97.0","-2.7625","5.7797","Hunter Strickland",465753,519326,"null","ball",,,,,"12","null","R","L","R","PHI","SF","B","null","null",2,2,2018,"-0.6773","1.0980","1.6489","2.8003","null","null","608384.00",2,8,"Bot","null","null",,,460026,,"180510_194523","13.4186","-140.6605","-4.9448","-12.1570","32.1399","-16.5040","3.4687","1.5334","null","null","null","97.3460","2448","6.6960",529968,519326,460026,467055,593700,446334,543063,474832,491676,453923,"53.8065","null","null","null","null","null","null","null",66,"5","4-Seam Fastball",6,3,6,3,3,6,6,3,"Standard","Standard"
"FF","2018-05-10","95.8","-2.9266","5.7285","Hunter Strickland",465753,519326,"null","called_strike",,,,,"8","null","R","L","R","PHI","SF","S","null","null",2,1,2018,"-0.7440","1.1777","-0.0461","2.1770","null","null","608384.00",2,8,"Bot","null","null",,,460026,,"180510_194453","9.2985","-139.1560","-6.4347","-11.7424","30.4213","-15.6014","3.5750","1.5911","null","null","null","95.9800","2335","6.4360",529968,519326,460026,467055,593700,446334,543063,474832,491676,453923,"54.0664","null","null","null","null","null","null","null",66,"4","4-Seam Fastball",6,3,6,3,3,6,6,3,"Standard","Standard"
"FF","2018-05-10","95.8","-2.5963","5.9972","Hunter Strickland",465753,519326,"null","ball",,,,,"14","null","R","L","R","PHI","SF","B","null","null",1,1,2018,"-0.5310","1.3003","1.1022","2.4760","null","null","608384.00",2,8,"Bot","null","null",,,460026,,"180510_194427","10.9844","-139.0871","-6.6199","-9.3866","31.2318","-13.9514","3.5072","1.5911","null","null","null","95.9030","2400","6.4800",529968,519326,460026,467055,593700,446334,543063,474832,491676,453923,"54.0229","null","null","null","null","null","null","null",66,"3","4-Seam Fastball",6,3,6,3,3,6,6,3,"Standard","Standard"
"FF","2018-05-10","96.9","-2.7255","6.0365","Hunter Strickland",465753,519326,"null","ball",,,,,"14","null","R","L","R","PHI","SF","B","null","null",0,0,2018,"-0.4571","1.2383","0.9237","1.4974","null","null","608384.00",2,8,"Bot","null","null",,,460026,,"180510_194317","10.7513","-140.4668","-9.3388","-8.4327","31.1048","-13.9247","3.6034","1.5526","null","null","null","96.6570","2400","6.3140",529968,519326,460026,467055,593700,446334,543063,474832,491676,453923,"54.1885","null","null","null","null","null","null","null",66,"1","4-Seam Fastball",6,3,6,3,3,6,6,3,"Standard","Standard"
"FF","2018-05-10","97.1","-2.9320","5.8903","Hunter Strickland",596748,519326,"null","ball",,,,,"13","null","R","R","R","PHI","SF","B","null","null",1,1,2018,"-0.6031","1.4102","-0.9963","2.2450","null","null","null",0,8,"Bot","null","null",,,460026,,"180510_193927","6.4548","-140.9443","-7.2562","-9.3791","33.1190","-12.3358","3.4395","1.6077","null","null","null","95.8610","2416","5.7940",529968,519326,460026,467055,593700,446334,543063,474832,491676,453923,"54.7088","null","null","null","null","null","null","null",63,"3","4-Seam Fastball",6,3,6,3,3,6,6,3,"Standard","Standard"
"FF","2018-05-10","96.7","-2.8916","5.9851","Hunter Strickland",596748,519326,"null","called_strike",,,,,"9","null","R","R","R","PHI","SF","S","null","null",1,0,2018,"-0.2372","1.4023","0.4830","1.9988","null","null","null",0,8,"Bot","null","null",,,460026,,"180510_193908","9.5595","-140.2959","-8.2546","-5.3841","32.8419","-11.8548","3.3727","1.5307","null","null","null","96.7450","2412","6.5610",529968,519326,460026,467055,593700,446334,543063,474832,491676,453923,"53.9420","null","null","null","null","null","null","null",63,"2","4-Seam Fastball",6,3,6,3,3,6,6,3,"Standard","Standard"
"SL","2018-05-10","81.8","-2.9680","6.1015","Hunter Strickland",596748,519326,"null","ball",,,,,"14","null","R","R","R","PHI","SF","B","null","null",0,0,2018,"0.9436","-0.6206","1.2836","2.1231","null","null","null",0,8,"Bot","null","null",,,460026,,"180510_193850","7.7181","-118.8719","-1.1912","7.2226","23.4151","-37.9416","3.4395","1.5692","null","null","null","80.8100","2646","5.7530",529968,519326,460026,467055,593700,446334,543063,474832,491676,453923,"54.7493","null","null","null","null","null","null","null",63,"1","Slider",6,3,6,3,3,6,6,3,"Standard","Standard"
"SL","2018-05-10","84.6","-2.9040","6.1091","Luis Garcia",446334,472610,"null","ball",,,,,"14","null","R","R","R","PHI","SF","B","null","null",2,2,2018,"0.8917","-0.0321","1.0903","0.5324","null","null","null",2,8,"Top","null","null",,,595751,,"180510_193524","7.5133","-122.8990","-6.5700","7.5854","22.8953","-31.4892","3.6701","1.7430","null","null","null","84.3230","2482","6.0700",529968,472610,595751,467793,514917,596748,465753,656555,546318,571437,"54.4326","null","null","null","null","null","null","null",62,"6","Slider",6,3,3,6,3,6,3,6,"Infield shift","Standard"
"FT","2018-05-10","98.4","-2.9313","6.2465","Luis Garcia",446334,472610,"null","ball",,,,,"11","null","R","R","R","PHI","SF","B","null","null",1,1,2018,"-1.0726","0.8801","-1.3549","2.9746","null","null","null",2,8,"Top","null","null",,,595751,,"180510_193349","6.8300","-143.0944","-5.4723","-16.4745","34.7555","-18.8995","3.7663","1.7430","null","null","null","98.7300","2043","6.6320",529968,472610,595751,467793,514917,596748,465753,656555,546318,571437,"53.8707","null","null","null","null","null","null","null",62,"3","2-Seam Fastball",6,3,3,6,3,6,3,6,"Infield shift","Standard"
"SL","2018-05-10","84.9","-2.9357","6.2293","Luis Garcia",446334,472610,"null","called_strike",,,,,"8","null","R","R","R","PHI","SF","S","null","null",1,0,2018,"0.9808","0.1033","-0.0166","1.9946","null","null","null",2,8,"Top","null","null",,,595751,,"180510_193327","4.8698","-123.5423","-3.7896","9.0085","23.7831","-30.6213","3.7672","1.6468","null","null","null","84.5800","2456","6.0080",529968,472610,595751,467793,514917,596748,465753,656555,546318,571437,"54.4948","null","null","null","null","null","null","null",62,"2","Slider",6,3,3,6,3,6,3,6,"Infield shift","Standard"
"SL","2018-05-10","85.8","-3.1364","6.1446","Luis Garcia",446334,472610,"null","ball",,,,,"14","null","R","R","R","PHI","SF","B","null","null",0,0,2018,"0.7364","0.3590","2.1715","-1.0289","null","null","null",2,8,"Top","null","null",,,595751,,"180510_193258","10.9851","-124.0375","-11.2638","5.4069","24.4589","-26.4793","3.8240","1.7046","null","null","null","85.1820","2533","6.2230",529968,472610,595751,467793,514917,596748,465753,656555,546318,571437,"54.2798","null","null","null","null","null","null","null",62,"1","Slider",6,3,3,6,3,6,3,6,"Standard","Standard"
"FT","2018-05-10","97.9","-2.9060","6.2798","Luis Garcia",543063,472610,"null","called_strike",,,,,"1","null","R","L","R","PHI","SF","S","null","null",0,0,2018,"-1.2325","0.7663","-0.4387","2.6226","null","null","null",1,8,"Top","null","null",,,595751,,"180510_193152","9.5509","-142.2492","-6.1883","-18.9863","31.0628","-20.5091","2.9009","1.2823","null","null","null","98.3980","2017","6.5450",529968,472610,595751,467793,514917,596748,465753,656555,546318,571437,"53.9573","null","null","null","null","null","null","null",61,"1","2-Seam Fastball",6,3,3,6,3,6,3,6,"Infield shift","Standard"
"FT","2018-05-10","94.3","-1.4330","5.3704","Sam Dyson",467793,473879,"null","called_strike",,,,,"3","null","R","L","R","PHI","SF","S","null","null",0,0,2018,"-1.3470","0.4940","0.6364","2.9469","null","571437.00","546318.00",2,7,"Bot","null","null",,,460026,,"180510_192640","8.1659","-136.8437","-1.6001","-18.3267","31.3921","-26.0347","3.3955","1.5920","null","null","null","92.7720","2170","5.6260",529968,473879,460026,467055,593700,446334,543063,474832,491676,453923,"54.8763","null","null","null","null","null","null","null",59,"1","2-Seam Fastball",6,3,6,3,3,6,6,3,"Infield shift","Strategic"
"FT","2018-05-10","94.7","-1.6402","5.2731","Sam Dyson",656555,473879,"null","called_strike",,,,,"6","null","R","R","R","PHI","SF","S","null","null",0,0,2018,"-1.2732","0.3729","0.3071","2.7211","null","571437.00","546318.00",1,7,"Bot","null","null",,,460026,,"180510_192441","7.7522","-137.5770","-1.8013","-17.4885","28.4760","-27.3799","3.7382","1.7548","null","null","null","93.8030","2229","5.7060",529968,473879,460026,467055,593700,446334,543063,474832,491676,453923,"54.7971","null","null","null","null","null","null","null",58,"1","2-Seam Fastball",6,3,6,3,3,6,6,3,"Infield shift","Standard"
"CU","2018-05-10","81.9","-1.3569","5.3498","Sam Dyson",571437,473879,"null","ball",,,,,"14","null","R","R","R","PHI","SF","B","null","null",2,1,2018,"1.4218","-0.0882","1.3504","1.3739","465753.00","null","null",1,7,"Bot","null","null",,,460026,,"180510_192218","3.3961","-118.9960","-2.1306","12.2514","25.4579","-32.8144","4.0638","1.9299","null","null","null","80.1600","2991","5.4400",529968,473879,460026,467055,593700,446334,543063,474832,491676,453923,"55.0625","null","null","null","null","null","null","null",56,"4","Curveball",5,3,5,3,3,5,5,3,"Strategic","Standard"
"FT","2018-05-10","93.9","-1.5874","5.2437","Sam Dyson",571437,473879,"null","ball",,,,,"14","null","R","R","R","PHI","SF","B","null","null",1,1,2018,"-1.5879","0.3254","1.5062","1.6153","465753.00","null","null",1,7,"Bot","null","null",,,460026,,"180510_192147","11.2721","-136.0730","-4.2501","-21.8111","30.8636","-27.5186","4.1215","1.8722","null","null","null","92.4440","2201","5.7310",529968,473879,460026,467055,593700,446334,543063,474832,491676,453923,"54.7718","null","null","null","null","null","null","null",56,"3","2-Seam Fastball",5,3,5,3,3,5,5,3,"Strategic","Standard"
"FT","2018-05-10","95.5","-1.5904","5.3282","Sam Dyson",571437,473879,"null","ball",,,,,"14","null","R","R","R","PHI","SF","B","null","null",0,1,2018,"-1.4960","0.4897","0.5928","1.3481","465753.00","null","null",1,7,"Bot","null","null",,,460026,,"180510_192123","8.8236","-138.5397","-5.7880","-20.6173","30.3666","-25.0468","4.1600","1.9106","null","null","null","93.8130","2161","5.4300",529968,473879,460026,467055,593700,446334,543063,474832,491676,453923,"55.0728","null","null","null","null","null","null","null",56,"2","2-Seam Fastball",5,3,5,3,3,5,5,3,"Strategic","Standard"
"FT","2018-05-10","94.6","-1.4934","5.2964","Sam Dyson",571437,473879,"null","called_strike",,,,,"9","null","R","R","R","PHI","SF","S","null","null",0,0,2018,"-1.5496","0.2121","0.7545","1.8775","465753.00","null","null",1,7,"Bot","null","null",,,460026,,"180510_192059","9.0736","-137.2417","-3.5799","-21.1184","32.0762","-29.0053","4.1893","1.8914","null","null","null","92.9340","2211","5.5990",529968,473879,460026,467055,593700,446334,543063,474832,491676,453923,"54.9041","null","null","null","null","null","null","null",56,"1","2-Seam Fastball",5,3,5,3,3,5,5,3,"Strategic","Standard"
"FT","2018-05-10","93.2","-1.6386","5.4241","Sam Dyson",514917,473879,"null","called_strike",,,,,"2","null","R","L","R","PHI","SF","S","null","null",2,1,2018,"-1.5988","0.2736","0.2052","3.0175","465753.00","null","null",0,7,"Bot","null","null",,,460026,,"180510_191858","7.9832","-135.4019","-0.9833","-20.7870","28.9863","-28.9552","3.4194","1.5710","null","null","null","91.7030","2208","5.4370",529968,473879,460026,467055,593700,446334,543063,474832,491676,453923,"55.0655","null","null","null","null","null","null","null",55,"4","2-Seam Fastball",5,3,5,3,3,5,5,3,"Strategic","Standard"
"CH","2018-05-10","87.5","-1.6395","5.3484","Sam Dyson",514917,473879,"null","ball",,,,,"1","null","R","L","R","PHI","SF","B","null","null",1,1,2018,"-1.5634","-0.0695","-0.8186","2.9087","465753.00","null","null",0,7,"Bot","null","null",,,460026,,"180510_191834","5.0092","-127.2435","0.3521","-17.4997","24.6650","-33.2232","3.3232","1.5527","null","null","null","86.3320","1810","5.4570",529968,473879,460026,467055,593700,446334,543063,474832,491676,453923,"55.0453","null","null","null","null","null","null","null",55,"3","Changeup",5,3,5,3,3,5,5,3,"Strategic","Standard"
"FT","2018-05-10","94.1","-1.5636","5.3874","Sam Dyson",514917,473879,"null","called_strike",,,,,"4","null","R","L","R","PHI","SF","S","null","null",1,0,2018,"-1.4253","0.1782","-0.8247","2.7010","465753.00","null","null",0,7,"Bot","null","null",,,460026,,"180510_191813","4.8943","-136.9164","-1.6558","-18.4825","28.4733","-29.8904","3.4395","1.5527","null","null","null","92.9450","2113","5.4810",529968,473879,460026,467055,593700,446334,543063,474832,491676,453923,"55.0215","null","null","null","null","null","null","null",55,"2","2-Seam Fastball",5,3,5,3,3,5,5,3,"Strategic","Standard"
"FT","2018-05-10","94.7","-1.5761","5.3823","Sam Dyson",514917,473879,"null","ball",,,,,"7","null","R","L","R","PHI","SF","B","null","null",0,0,2018,"-1.6377","0.6514","-0.6476","1.4446","465753.00","null","null",0,7,"Bot","null","null",,,460026,,"180510_191748","5.8447","-137.5827","-5.9205","-21.4511","29.0748","-23.1318","3.4194","1.5527","null","null","null","93.2810","2176","5.4350",529968,473879,460026,467055,593700,446334,543063,474832,491676,453923,"55.0674","null","null","null","null","null","null","null",55,"1","2-Seam Fastball",5,3,5,3,3,5,5,3,"Strategic","Standard"
"FT","2018-05-10","93.2","-1.6999","5.4817","Sam Dyson",465753,473879,"null","ball",,,,,"13","null","R","L","R","PHI","SF","B","null","null",1,1,2018,"-1.5753","0.4256","-1.1735","2.4490","null","null","null",0,7,"Bot","null","null",,,460026,,"180510_191542","4.5859","-135.3470","-2.8337","-19.6678","30.7067","-26.7766","3.5649","1.5334","null","null","null","91.2560","2227","5.3180",529968,473879,460026,467055,593700,446334,543063,474832,491676,453923,"55.1848","null","null","null","null","null","null","null",54,"3","2-Seam Fastball",5,3,5,3,3,5,5,3,"Standard","Standard"
"FT","2018-05-10","93.0","-1.7727","5.5053","Sam Dyson",465753,473879,"null","ball",,,,,"13","null","R","L","R","PHI","SF","B","null","null",0,0,2018,"-1.5314","0.0612","-1.7214","2.5590","null","null","null",0,7,"Bot","null","null",,,460026,,"180510_191447","3.3187","-135.3149","-1.8867","-18.9556","29.3835","-31.2959","3.5457","1.5911","null","null","null","91.5990","2106","5.4430",529968,473879,460026,467055,593700,446334,543063,474832,491676,453923,"55.0599","null","null","null","null","null","null","null",54,"1","2-Seam Fastball",5,3,5,3,3,5,5,3,"Standard","Standard"
"SL","2018-05-10","88.3","-2.1997","5.6595","Seranthony Dominguez",491676,622554,"null","ball",,,,,"14","null","R","R","R","PHI","SF","B","null","null",1,2,2018,"0.6021","-0.2724","1.2072","0.9482","null","null","null",1,7,"Top","null","null",,,595751,,"180510_191017","7.0079","-128.3754","-4.7618","5.0470","27.5543","-34.3583","3.2930","1.5206","null","null","null","87.5860","2767","5.9750",529968,622554,595751,467793,514917,596748,465753,656555,546318,571437,"54.5278","null","null","null","null","null","null","null",52,"4","Slider",5,3,3,5,3,5,3,5,"Standard","Strategic"
"FF","2018-05-10","97.5","-2.2194","5.6059","Seranthony Dominguez",491676,622554,"null","ball",,,,,"11","null","R","R","R","PHI","SF","B","null","null",0,2,2018,"0.0036","1.0655","-0.6587","3.5347","null","null","null",1,7,"Top","null","null",,,595751,,"180510_191003","4.1691","-141.9837","-2.5217","-0.8153","29.4283","-17.5099","3.3507","1.5206","null","null","null","97.4950","2374","6.0370",529968,622554,595751,467793,514917,596748,465753,656555,546318,571437,"54.4658","null","null","null","null","null","null","null",52,"3","4-Seam Fastball",5,3,3,5,3,5,3,5,"Standard","Strategic"
"FF","2018-05-10","97.5","-2.3465","5.5557","Seranthony Dominguez",593700,622554,"null","ball",,,,,"11","null","R","L","R","PHI","SF","B","null","null",2,1,2018,"-0.2996","1.0996","-1.1518","3.6640","null","null","null",0,7,"Top","null","null",,,595751,,"180510_190842","3.8826","-141.9892","-2.1317","-4.8504","29.3228","-17.0772","3.4184","1.5076","null","null","null","97.6700","2304","6.1270",529968,622554,595751,467793,514917,596748,465753,656555,546318,571437,"54.3761","null","null","null","null","null","null","null",51,"4","4-Seam Fastball",5,3,3,5,3,5,3,5,"Standard","Standard"
"FF","2018-05-10","96.9","-2.6207","5.4770","Seranthony Dominguez",593700,622554,"null","ball",,,,,"13","null","R","L","R","PHI","SF","B","null","null",1,1,2018,"-0.0199","0.7130","-0.4742","1.2545","null","null","null",0,7,"Top","null","null",,,595751,,"180510_190830","5.7480","-140.9249","-7.3482","-1.4478","29.0247","-21.4070","3.4568","1.5846","null","null","null","96.7820","2342","6.0470",529968,622554,595751,467793,514917,596748,465753,656555,546318,571437,"54.4555","null","null","null","null","null","null","null",51,"3","4-Seam Fastball",5,3,3,5,3,5,3,5,"Standard","Standard"
"FT","2018-05-10","98.4","-2.4670","5.6113","Seranthony Dominguez",593700,622554,"null","ball",,,,,"11","null","R","L","R","PHI","SF","B","null","null",0,1,2018,"-1.1885","0.5870","-1.6260","2.7524","null","null","null",0,7,"Top","null","null",,,595751,,"180510_190806","4.9412","-143.1874","-3.6223","-17.2055","31.8786","-23.6443","3.3991","1.5076","null","null","null","97.7630","2209","5.8520",529968,622554,595751,467793,514917,596748,465753,656555,546318,571437,"54.6507","null","null","null","null","null","null","null",51,"2","2-Seam Fastball",5,3,3,5,3,5,3,5,"Standard","Standard"
"FF","2018-05-10","97.9","-2.3358","5.5188","Seranthony Dominguez",593700,622554,"null","called_strike",,,,,"4","null","R","L","R","PHI","SF","S","null","null",0,0,2018,"-0.3462","0.9910","-0.4353","2.4376","null","null","null",0,7,"Top","null","null",,,595751,,"180510_190753","5.9015","-142.4838","-5.1211","-5.9519","30.0992","-17.8314","3.3121","1.5076","null","null","null","97.9410","2272","6.1260",529968,622554,595751,467793,514917,596748,465753,656555,546318,571437,"54.3769","null","null","null","null","null","null","null",51,"1","4-Seam Fastball",5,3,3,5,3,5,3,5,"Standard","Standard"
"FF","2018-05-10","98.7","-1.1383","5.2522","Reyes Moronta",664068,606625,"null","ball",,,,,"14","null","R","R","R","PHI","SF","B","null","null",0,1,2018,"-0.1759","1.4196","1.5596","2.2107","null","null","null",1,6,"Bot","null","null",,,460026,,"180510_190247","7.7682","-143.5760","-6.1855","-4.1278","30.9861","-11.2480","3.4500","1.4770","null","null","null","99.2020","2605","6.4380",529968,606625,460026,467055,593700,446334,543063,474832,491676,453923,"54.0647","null","null","null","null","null","null","null",49,"2","4-Seam Fastball",5,3,5,3,3,5,5,3,"Standard","Standard"
"SL","2018-05-10","84.9","-1.2339","5.2337","Reyes Moronta",596748,606625,"null","ball",,,,,"14","null","R","R","R","PHI","SF","B","null","null",1,2,2018,"1.2729","0.1512","3.4414","1.2053","null","null","null",0,6,"Bot","null","null",,,460026,,"180510_190129","8.3525","-123.2693","-3.3066","10.9568","25.7912","-30.2257","3.2664","1.4922","null","null","null","83.8720","2711","5.8580",529968,606625,460026,467055,593700,446334,543063,474832,491676,453923,"54.6445","null","null","null","null","null","null","null",48,"4","Slider",5,3,5,3,3,5,5,3,"Standard","Standard"
"FF","2018-05-10","97.2","-1.1681","5.4523","Reyes Moronta",596748,606625,"null","ball",,,,,"11","null","R","R","R","PHI","SF","B","null","null",0,0,2018,"-0.3477","1.4228","-1.8070","3.5136","null","null","null",0,6,"Bot","null","null",,,460026,,"180510_190028","-0.9129","-141.7152","-3.0433","-4.5606","31.5237","-12.1901","3.4010","1.5692","null","null","null","98.3700","2576","6.7840",529968,606625,460026,467055,593700,446334,543063,474832,491676,453923,"53.7191","null","null","null","null","null","null","null",48,"1","4-Seam Fastball",5,3,5,3,3,5,5,3,"Standard","Standard"
"CU","2018-05-10","79.7","-2.4128","5.7602","Vince Velasquez",467055,592826,"null","called_strike",,,,,"4","null","R","L","R","PHI","SF","S","null","null",0,0,2018,"0.3204","-1.0353","-0.3377","2.0043","null","null","null",2,6,"Top","null","null",,,595751,,"180510_185717","3.9282","-115.9364","0.4280","2.0327","23.1088","-41.6189","3.1529","1.4646","null","null","null","78.6870","2386","5.7510",529968,592826,595751,467793,514917,596748,664068,656555,546318,571437,"54.7522","null","null","null","null","null","null","null",47,"1","Curveball",5,3,3,5,3,5,3,5,"Standard","Standard"
"SL","2018-05-10","84.4","-2.1272","5.8076","Vince Velasquez",460026,592826,"null","ball",,,,,"9","null","R","R","R","PHI","SF","B","null","null",1,0,2018,"0.5764","0.0589","0.3813","1.5626","null","null","null",1,6,"Top","null","null",,,595751,,"180510_185455","4.6713","-122.8034","-3.6561","4.9294","21.9152","-31.1520","3.4568","1.6113","null","null","null","83.9880","2317","5.8060",529968,592826,595751,467793,514917,596748,664068,656555,546318,571437,"54.6965","null","null","null","null","null","null","null",46,"2","Slider",5,3,3,5,3,5,3,5,"Standard","Standard"
"FF","2018-05-10","94.8","-2.3109","5.8166","Vince Velasquez",460026,592826,"null","ball",,,,,"14","null","R","R","R","PHI","SF","B","null","null",0,0,2018,"-0.3047","1.5844","0.4757","0.8389","null","null","null",1,6,"Top","null","null",,,595751,,"180510_185437","7.9828","-137.5115","-10.8606","-5.7444","32.1977","-9.6925","3.4944","1.6103","null","null","null","94.7410","2375","6.5600",529968,592826,595751,467793,514917,596748,664068,656555,546318,571437,"53.9429","null","null","null","null","null","null","null",46,"1","4-Seam Fastball",5,3,3,5,3,5,3,5,"Standard","Standard"
"FF","2018-05-10","94.9","-2.3794","5.8162","Vince Velasquez",474832,592826,"null","ball",,,,,"11","null","R","L","R","PHI","SF","B","null","null",2,2,2018,"-0.2956","1.3423","-0.9837","3.3970","null","null","null",0,6,"Top","null","null",,,595751,,"180510_185334","4.3265","-138.2235","-3.7050","-4.7483","30.2779","-14.3122","3.2829","1.4957","null","null","null","95.2610","2375","6.4110",529968,592826,595751,467793,514917,596748,664068,656555,546318,571437,"54.0915","null","null","null","null","null","null","null",45,"6","4-Seam Fastball",5,3,3,5,3,5,3,5,"Infield shift","Standard"
"FF","2018-05-10","94.5","-2.3768","5.7478","Vince Velasquez",474832,592826,"null","called_strike",,,,,"11","null","R","L","R","PHI","SF","S","null","null",2,1,2018,"-0.4883","1.3819","-0.8915","2.5361","null","null","null",0,6,"Top","null","null",,,595751,,"180510_185258","4.9480","-137.5160","-5.7795","-7.2250","28.2997","-13.6239","3.3021","1.5150","null","null","null","94.7210","2328","6.2580",529968,592826,595751,467793,514917,596748,664068,656555,546318,571437,"54.2442","null","null","null","null","null","null","null",45,"4","4-Seam Fastball",5,3,3,5,3,5,3,5,"Infield shift","Standard"
"CH","2018-05-10","87.1","-2.5048","5.7061","Vince Velasquez",474832,592826,"null","ball",,,,,"11","null","R","L","R","PHI","SF","B","null","null",1,1,2018,"-0.6275","0.7752","-1.0637","3.5355","null","null","null",0,6,"Top","null","null",,,595751,,"180510_185242","4.7658","-126.8816","-0.7454","-7.6928","21.6969","-23.7260","3.3214","1.4957","null","null","null","87.9980","1635","6.4320",529968,592826,595751,467793,514917,596748,664068,656555,546318,571437,"54.0710","null","null","null","null","null","null","null",45,"3","Changeup",5,3,3,5,3,5,3,5,"Infield shift","Standard"
"FF","2018-05-10","91.9","-2.5020","5.6907","Vince Velasquez",474832,592826,"null","ball",,,,,"11","null","R","L","R","PHI","SF","B","null","null",0,1,2018,"-0.2928","1.3190","-0.9560","3.1515","null","null","null",0,6,"Top","null","null",,,595751,,"180510_185227","4.6064","-133.9680","-3.5682","-4.5267","27.2713","-15.4652","3.3406","1.5535","null","null","null","93.0440","2321","6.7440",529968,592826,595751,467793,514917,596748,664068,656555,546318,571437,"53.7588","null","null","null","null","null","null","null",45,"2","4-Seam Fastball",5,3,3,5,3,5,3,5,"Infield shift","Standard"
"FF","2018-05-10","89.6","1.8388","6.5919","Will Smith",467793,519293,"null","ball",,,,,"14","null","R","R","L","PHI","SF","B","null","null",0,0,2018,"0.8827","1.3482","2.0034","2.2266","571437.00","null","546318.00",2,5,"Bot","null","null",,,460026,,"180510_184929","-1.4123","-130.2794","-7.5209","10.1923","27.0099","-15.7304","3.5109","1.6690","null","null","null","88.9310","2075","5.8910",529968,519293,460026,467055,593700,446334,543063,474832,491676,453923,"54.6116","null","null","null","null","null","null","null",44,"1","4-Seam Fastball",5,3,5,3,3,5,5,3,"Infield shift","Standard"
"FF","2018-05-10","90.1","1.8266","6.5843","Will Smith",656555,519293,"null","called_strike",,,,,"12","null","R","R","L","PHI","SF","S","null","null",2,0,2018,"0.5033","1.3702","1.0237","2.9100","571437.00","null","546318.00",1,5,"Bot","null","null",,,460026,,"180510_184739","-3.0157","-131.0463","-6.0149","6.3187","25.1337","-15.6110","3.4989","1.7350","null","null","null","89.7040","2103","5.8690",529968,519293,460026,467055,593700,446334,543063,474832,491676,453923,"54.6335","null","null","null","null","null","null","null",43,"3","4-Seam Fastball",5,3,5,3,3,5,5,3,"Infield shift","Standard"
"FF","2018-05-10","91.7","1.6905","6.6840","Will Smith",656555,519293,"null","ball",,,,,"12","null","R","R","L","PHI","SF","B","null","null",1,0,2018,"0.3859","1.3392","1.2912","3.2856","571437.00","null","546318.00",1,5,"Bot","null","null",,,460026,,"180510_184717","-1.8042","-133.4133","-5.5324","4.8972","27.1825","-15.5608","3.6805","1.7163","null","null","null","90.9830","2194","5.7490",529968,519293,460026,467055,593700,446334,543063,474832,491676,453923,"54.7541","null","null","null","null","null","null","null",43,"2","4-Seam Fastball",5,3,5,3,3,5,5,3,"Infield shift","Standard"
"SI","2018-05-10","89.7","3.2216","6.2864","Ty Blach",571437,621389,"null","ball",,,,,"14","null","R","R","L","PHI","SF","B","null","null",0,1,2018,"1.3498","0.7564","1.5776","1.7010","null","592826.00","514917.00",0,5,"Bot","null","null",,,460026,,"180510_184013","-6.5590","-130.1577","-6.6579","15.9367","26.5676","-22.9185","4.1023","1.8914","null","null","null","87.2660","2151","4.8500",529968,621389,460026,467055,593700,446334,543063,474832,491676,453923,"55.6525","null","null","null","null","null","null","null",41,"2","Sinker",4,3,4,3,3,4,4,3,"Standard","Standard"
"CH","2018-05-10","76.4","2.8891","6.6025","Ty Blach",592826,621389,"null","called_strike",,,,,"9","null","R","R","L","PHI","SF","S","null","null",0,0,2018,"1.4619","0.7743","0.3494","1.5619","null","null","null",0,5,"Bot","null","null",,,460026,,"180510_183624","-7.4733","-110.5867","-4.6259","12.5491","20.1064","-25.7290","3.4843","1.5727","null","null","null","73.3720","2022","4.3580",529968,621389,460026,467055,593700,446334,543063,474832,491676,453923,"56.1446","null","null","null","null","null","null","null",39,"1","Changeup",4,3,4,3,3,4,4,3,"Standard","Standard"
"CU","2018-05-10","82.0","-2.2661","5.8325","Vince Velasquez",446334,592826,"null","ball",,,,,"14","null","R","R","R","PHI","SF","B","null","null",1,1,2018,"0.2263","-0.7958","1.0418","1.5867","null","543063.00","null",2,5,"Top","null","null",,,595751,,"180510_183337","6.9733","-119.0935","-1.4778","0.7192","23.7309","-39.5457","3.6701","1.7045","null","null","null","81.0420","2451","5.8320",529968,592826,595751,467793,514917,596748,664068,656555,546318,571437,"54.6708","null","null","null","null","null","null","null",38,"3","Curveball",4,3,3,4,3,4,3,4,"Standard","Standard"
"FF","2018-05-10","95.1","-2.1817","5.7566","Vince Velasquez",446334,592826,"null","ball",,,,,"14","null","R","R","R","PHI","SF","B","null","null",0,1,2018,"-0.3983","1.5011","2.2789","1.2448","null","543063.00","null",2,5,"Top","null","null",,,595751,,"180510_183313","12.6735","-137.8111","-9.6020","-7.9828","30.7587","-10.7971","3.7818","1.7557","null","null","null","95.5920","2351","6.8140",529968,592826,595751,467793,514917,596748,664068,656555,546318,571437,"53.6884","null","null","null","null","null","null","null",38,"2","4-Seam Fastball",4,3,3,4,3,4,3,4,"Standard","Standard"
"FF","2018-05-10","95.0","-2.1192","5.7260","Vince Velasquez",446334,592826,"null","called_strike",,,,,"9","null","R","R","R","PHI","SF","S","null","null",0,0,2018,"-0.3953","1.4701","0.6521","1.7059","null","543063.00","null",2,5,"Top","null","null",,,595751,,"180510_183238","8.2165","-138.0728","-8.2543","-6.9625","30.8981","-11.4677","3.8441","1.7045","null","null","null","95.6620","2423","6.7520",529968,592826,595751,467793,514917,596748,664068,656555,546318,571437,"53.7504","null","null","null","null","null","null","null",38,"1","4-Seam Fastball",4,3,3,4,3,4,3,4,"Strategic","Standard"
"FF","2018-05-10","93.7","-2.3884","5.7342","Vince Velasquez",543063,592826,"null","called_strike",,,,,"8","null","R","L","R","PHI","SF","S","null","null",3,1,2018,"-0.3779","1.4350","-0.1852","1.9332","null","null","null",2,5,"Top","null","null",,,595751,,"180510_183103","6.5754","-136.2237","-7.2850","-6.2735","31.9746","-12.7150","3.4010","1.5132","null","null","null","93.9820","2338","6.6640",529968,592826,595751,467793,514917,596748,664068,656555,546318,571437,"53.8388","null","null","null","null","null","null","null",37,"5","4-Seam Fastball",4,3,3,4,3,4,3,4,"Infield shift","Standard"
"FF","2018-05-10","94.1","-2.2598","5.7520","Vince Velasquez",543063,592826,"null","called_strike",,,,,"5","null","R","L","R","PHI","SF","S","null","null",3,0,2018,"-0.4950","1.4609","-0.1216","2.5916","null","null","null",2,5,"Top","null","null",,,595751,,"180510_183047","6.6349","-136.7826","-5.7072","-7.6559","29.9305","-12.8289","3.4203","1.5132","null","null","null","94.0450","2398","6.3020",529968,592826,595751,467793,514917,596748,664068,656555,546318,571437,"54.2009","null","null","null","null","null","null","null",37,"4","4-Seam Fastball",4,3,3,4,3,4,3,4,"Infield shift","Standard"
"FF","2018-05-10","95.1","-2.3268","5.7204","Vince Velasquez",543063,592826,"null","ball",,,,,"14","null","R","L","R","PHI","SF","B","null","null",2,0,2018,"-0.9953","1.4010","0.4296","-0.0234","null","null","null",2,5,"Top","null","null",,,595751,,"180510_183023","9.4610","-137.7068","-12.4693","-14.8850","32.1488","-11.6366","3.4487","1.5517","null","null","null","94.7980","2296","6.5040",529968,592826,595751,467793,514917,596748,664068,656555,546318,571437,"53.9986","null","null","null","null","null","null","null",37,"3","4-Seam Fastball",4,3,3,4,3,4,3,4,"Infield shift","Standard"
"CU","2018-05-10","79.5","-2.3262","5.7920","Vince Velasquez",543063,592826,"null","ball",,,,,"9","null","R","L","R","PHI","SF","B","null","null",1,0,2018,"0.7244","-1.2452","0.7101","1.5995","null","null","null",2,5,"Top","null","null",,,595751,,"180510_183009","5.2652","-115.4540","-0.0366","5.2144","24.0292","-43.2825","3.1927","1.4793","null","null","null","78.3380","2449","5.8540",529968,592826,595751,467793,514917,596748,664068,656555,546318,571437,"54.6491","null","null","null","null","null","null","null",37,"2","Curveball",4,3,3,4,3,4,3,4,"Infield shift","Standard"
"CU","2018-05-10","77.7","-2.3480","5.8139","Vince Velasquez",543063,592826,"null","ball",,,,,"11","null","R","L","R","PHI","SF","B","null","null",0,0,2018,"0.8052","-1.3532","-1.0800","3.1459","null","null","null",2,5,"Top","null","null",,,595751,,"180510_182952","1.2560","-112.9239","3.6892","6.4336","23.2113","-44.4522","3.2371","1.4555","null","null","null","76.5060","2400","5.7940",529968,592826,595751,467793,514917,596748,664068,656555,546318,571437,"54.7083","null","null","null","null","null","null","null",37,"1","Curveball",4,3,3,4,3,4,3,4,"Infield shift","Standard"
"FF","2018-05-10","93.4","-2.2501","5.7614","Vince Velasquez",621389,592826,"strikeout","called_strike",,,,,"3","Ty Blach called out on strikes.  ","R","R","R","PHI","SF","S",2,"null",2,2,2018,"-0.2628","1.4899","0.5884","2.9256","null","null","null",0,5,"Top","null","null",,,595751,,"180510_182754","7.8598","-135.6444","-4.7550","-5.0121","30.9310","-13.0641","3.4027","1.6405","null","null","null","92.9640","2382","6.2380",529968,592826,595751,467793,514917,596748,664068,656555,546318,571437,"54.2643","null","null","0.00",1,0,0,"null",35,"5","4-Seam Fastball",4,3,3,4,3,4,3,4,"Standard","Strategic"
"FF","2018-05-10","94.5","-2.3353","5.7313","Vince Velasquez",621389,592826,"null","ball",,,,,"14","null","R","R","R","PHI","SF","B","null","null",1,2,2018,"-0.3278","1.5065","1.0413","2.4055","null","null","null",0,5,"Top","null","null",,,595751,,"180510_182740","9.4877","-137.0973","-6.2185","-6.3702","32.9223","-12.1142","3.4741","1.6983","null","null","null","93.8190","2377","6.2550",529968,592826,595751,467793,514917,596748,664068,656555,546318,571437,"54.2475","null","null","null","null","null","null","null",35,"4","4-Seam Fastball",4,3,3,4,3,4,3,4,"Standard","Standard"
"FF","2018-05-10","91.5","-2.5188","5.7341","Vince Velasquez",621389,592826,"null","called_strike",,,,,"9","null","R","R","R","PHI","SF","S","null","null",1,0,2018,"-0.4204","1.4991","0.5191","2.1469","null","null","null",0,5,"Top","null","null",,,595751,,"180510_182712","8.5975","-132.8914","-6.3925","-6.9355","30.0770","-13.1516","3.4797","1.6983","null","null","null","91.5120","2261","6.5330",529968,592826,595751,467793,514917,596748,664068,656555,546318,571437,"53.9701","null","null","null","null","null","null","null",35,"2","4-Seam Fastball",4,3,3,4,3,4,3,4,"Standard","Standard"
"FF","2018-05-10","92.4","-2.3513","5.6842","Vince Velasquez",621389,592826,"null","ball",,,,,"14","null","R","R","R","PHI","SF","B","null","null",0,0,2018,"-0.4761","1.4106","1.0115","1.8121","null","null","null",0,5,"Top","null","null",,,595751,,"180510_182701","9.6805","-134.1239","-7.1553","-7.9992","30.3855","-13.5529","3.4357","1.6213","null","null","null","92.7840","2252","6.7640",529968,592826,595751,467793,514917,596748,664068,656555,546318,571437,"53.7384","null","null","null","null","null","null","null",35,"1","4-Seam Fastball",4,3,3,4,3,4,3,4,"Standard","Standard"
"SI","2018-05-10","88.5","2.6391","6.3542","Ty Blach",595751,621389,"null","called_strike",,,,,"7","null","R","R","L","PHI","SF","S","null","null",1,1,2018,"1.2860","0.9530","-0.3170","2.0831","null","null","null",2,4,"Bot","null","null",,,460026,,"180510_182353","-9.5362","-128.2266","-6.0902","15.5521","25.0825","-21.0991","3.7040","1.6690","null","null","null","86.6010","2038","5.2030",529968,621389,460026,467055,593700,446334,543063,474832,491676,453923,"55.2997","null","null","null","null","null","null","null",34,"3","Sinker",4,3,4,3,3,4,4,3,"Standard","Standard"
"CH","2018-05-10","77.7","2.7709","6.4222","Ty Blach",595751,621389,"null","ball",,,,,"12","null","R","R","L","PHI","SF","B","null","null",0,0,2018,"1.3570","0.5302","1.0157","4.5731","null","null","null",2,4,"Bot","null","null",,,460026,,"180510_182310","-6.0068","-112.8252","1.9599","12.2331","19.4658","-28.3950","3.7022","1.6112","null","null","null","76.2530","1961","5.2480",529968,621389,460026,467055,593700,446334,543063,474832,491676,453923,"55.2551","null","null","null","null","null","null","null",34,"1","Changeup",4,3,4,3,3,4,4,3,"Standard","Standard"
"CH","2018-05-10","77.6","2.8824","6.3967","Ty Blach",664068,621389,"null","ball",,,,,"12","null","R","R","L","PHI","SF","B","null","null",0,1,2018,"1.8398","0.9504","1.4509","3.8405","null","null","null",1,4,"Bot","null","null",,,460026,,"180510_182211","-5.9687","-112.4772","-0.1001","15.7346","21.4731","-24.9428","3.4692","1.5154","null","null","null","74.6890","2117","4.4810",529968,621389,460026,467055,593700,446334,543063,474832,491676,453923,"56.0215","null","null","null","null","null","null","null",33,"2","Changeup",4,3,4,3,3,4,4,3,"Standard","Standard"
"SI","2018-05-10","88.6","2.8465","6.3718","Ty Blach",664068,621389,"null","called_strike",,,,,"5","null","R","R","L","PHI","SF","S","null","null",0,0,2018,"1.3307","1.1518","0.2680","2.3956","null","null","null",1,4,"Bot","null","null",,,460026,,"180510_182153","-8.6855","-128.4132","-5.7406","15.8410","26.3284","-19.1082","3.4884","1.5154","null","null","null","86.2590","2061","4.9970",529968,621389,460026,467055,593700,446334,543063,474832,491676,453923,"55.5062","null","null","null","null","null","null","null",33,"1","Sinker",4,3,4,3,3,4,4,3,"Standard","Standard"
"SI","2018-05-10","89.0","2.9108","6.3027","Ty Blach",596748,621389,"null","ball",,,,,"14","null","R","R","L","PHI","SF","B","null","null",2,1,2018,"1.4588","0.6269","1.0847","1.3400","null","null","null",0,4,"Bot","null","null",,,460026,,"180510_182041","-7.1614","-128.9934","-7.1135","17.0058","27.9822","-24.2914","3.4010","1.5884","null","null","null","86.3400","2105","4.9130",529968,621389,460026,467055,593700,446334,543063,474832,491676,453923,"55.5898","null","null","null","null","null","null","null",32,"4","Sinker",4,3,4,3,3,4,4,3,"Standard","Standard"
"CH","2018-05-10","79.7","2.8445","6.4125","Ty Blach",596748,621389,"null","called_strike",,,,,"9","null","R","R","L","PHI","SF","S","null","null",2,0,2018,"1.4507","0.2422","0.5688","1.8079","null","null","null",0,4,"Bot","null","null",,,460026,,"180510_182026","-7.3643","-115.5066","-3.6295","13.7677","22.6207","-29.7078","3.2572","1.5692","null","null","null","77.3240","1952","4.9410",529968,621389,460026,467055,593700,446334,543063,474832,491676,453923,"55.5619","null","null","null","null","null","null","null",32,"3","Changeup",4,3,4,3,3,4,4,3,"Standard","Standard"
"SI","2018-05-10","90.3","2.6786","6.4843","Ty Blach",596748,621389,"null","ball",,,,,"13","null","R","R","L","PHI","SF","B","null","null",1,0,2018,"1.4797","0.8027","-1.2784","1.2209","null","null","null",0,4,"Bot","null","null",,,460026,,"180510_182010","-12.4112","-130.3435","-8.3869","18.7208","28.2943","-21.9566","3.4780","1.5884","null","null","null","87.3130","2154","4.9350",529968,621389,460026,467055,593700,446334,543063,474832,491676,453923,"55.5673","null","null","null","null","null","null","null",32,"2","Sinker",4,3,4,3,3,4,4,3,"Standard","Standard"
"CU","2018-05-10","74.8","2.7465","6.5602","Ty Blach",596748,621389,"null","ball",,,,,"13","null","R","R","L","PHI","SF","B","null","null",0,0,2018,"-0.7774","-1.2044","-0.9398","1.9630","null","null","null",0,4,"Bot","null","null",,,460026,,"180510_181958","-6.0622","-108.3105","-0.2338","-4.4992","20.5309","-41.2342","3.5357","1.5307","null","null","null","71.4470","2358","4.1740",529968,621389,460026,467055,593700,446334,543063,474832,491676,453923,"56.3289","null","null","null","null","null","null","null",32,"1","Curveball",4,3,4,3,3,4,4,3,"Standard","Standard"
"SI","2018-05-10","90.4","2.8604","6.3559","Ty Blach",467793,621389,"null","ball",,,,,"13","null","R","R","L","PHI","SF","B","null","null",0,0,2018,"1.2290","0.8495","-0.9872","2.0012","546318.00","null","656555.00",0,4,"Bot","null","null",,,460026,,"180510_181851","-11.7138","-130.7283","-6.3491","15.9863","28.7606","-21.8050","3.7032","1.8037","null","null","null","87.6340","2136","5.0010",529968,621389,460026,467055,593700,446334,543063,474832,491676,453923,"55.5019","null","null","null","null","null","null","null",31,"1","Sinker",1,3,1,3,3,1,1,3,"Standard","Standard"
"SI","2018-05-10","90.3","3.1085","6.2807","Ty Blach",656555,621389,"null","ball",,,,,"14","null","R","R","L","PHI","SF","B","null","null",0,0,2018,"1.2752","0.8309","0.9046","1.6009","571437.00","546318.00","null",0,4,"Bot","null","null",,,460026,,"180510_181737","-7.8571","-130.8911","-7.1464","15.6965","28.2034","-21.7960","3.7766","1.7355","null","null","null","87.9300","2191","5.0700",529968,621389,460026,467055,593700,446334,543063,474832,491676,453923,"55.4327","null","null","null","null","null","null","null",30,"1","Sinker",0,3,0,3,3,0,0,3,"Standard","Standard"
"SI","2018-05-10","92.2","2.8418","6.3117","Ty Blach",546318,621389,"null","ball",,,,,"14","null","R","L","L","PHI","SF","B","null","null",1,2,2018,"1.6538","0.7911","0.3407","1.4603","null","null","571437.00",0,4,"Bot","null","null",,,460026,,"180510_181526","-9.4588","-133.3766","-7.7921","20.8707","30.5858","-21.7488","3.3259","1.5938","null","null","null","89.2000","2225","4.9190",529968,621389,460026,467055,593700,446334,543063,474832,491676,453923,"55.5840","null","null","null","null","null","null","null",29,"5","Sinker",0,3,0,3,3,0,0,3,"Standard","Standard"
"SI","2018-05-10","91.4","3.0188","6.3350","Ty Blach",546318,621389,"null","called_strike",,,,,"5","null","R","L","L","PHI","SF","S","null","null",1,1,2018,"1.2537","0.8007","-0.0373","2.2447","null","null","571437.00",0,4,"Bot","null","null",,,460026,,"180510_181423","-9.9216","-132.3035","-5.8347","16.0697","27.5310","-22.3002","3.4697","1.5351","null","null","null","88.6880","2134","4.8460",529968,621389,460026,467055,593700,446334,543063,474832,491676,453923,"55.6571","null","null","null","null","null","null","null",29,"3","Sinker",0,3,0,3,3,0,0,3,"Standard","Standard"
"CU","2018-05-10","73.8","2.9055","6.5296","Ty Blach",546318,621389,"null","ball",,,,,"13","null","R","L","L","PHI","SF","B","null","null",0,1,2018,"-0.6406","-0.9963","-1.1961","1.8989","null","null","571437.00",0,4,"Bot","null","null",,,460026,,"180510_181358","-7.1042","-107.0683","-0.4257","-3.4550","19.0442","-39.7212","3.2874","1.5553","null","null","null","72.0170","2400","5.1620",529968,621389,460026,467055,593700,446334,543063,474832,491676,453923,"55.3405","null","null","null","null","null","null","null",29,"2","Curveball",0,3,0,3,3,0,0,3,"Standard","Standard"
"SI","2018-05-10","88.8","2.8040","6.3982","Ty Blach",571437,621389,"walk","ball",,,,,"3","Aaron Altherr walks.  ","R","R","L","PHI","SF","B","null","null",3,2,2018,"1.3513","0.8215","0.5969","3.8736","null","null","null",0,4,"Bot","null","null",,,460026,,"180510_181247","-7.8307","-128.8488","-1.7060","15.8943","25.8063","-23.4055","3.9433","1.9334","null","null","null","86.4010","2080","4.8390",529968,621389,460026,467055,593700,446334,543063,474832,491676,453923,"55.6635","null","null","0.70",1,0,0,"null",28,"6","Sinker",0,3,0,3,3,0,0,3,"Standard","Standard"
"SI","2018-05-10","88.5","2.7402","6.4768","Ty Blach",571437,621389,"null","called_strike",,,,,"6","null","R","R","L","PHI","SF","S","null","null",3,0,2018,"1.4841","0.8107","0.5620","3.0543","null","null","null",0,4,"Bot","null","null",,,460026,,"180510_181217","-7.9705","-128.1319","-3.6484","17.2064","29.2606","-23.2610","4.0739","1.9684","null","null","null","85.3850","2111","4.8030",529968,621389,460026,467055,593700,446334,543063,474832,491676,453923,"55.6996","null","null","null","null","null","null","null",28,"4","Sinker",0,3,0,3,3,0,0,3,"Standard","Standard"
"SI","2018-05-10","88.3","2.9956","6.3786","Ty Blach",571437,621389,"null","ball",,,,,"14","null","R","R","L","PHI","SF","B","null","null",2,0,2018,"1.7086","0.7063","2.3351","1.6916","null","null","null",0,4,"Bot","null","null",,,460026,,"180510_181204","-4.8166","-127.8639","-6.3641","18.7380","30.7976","-23.7164","4.1215","1.9684","null","null","null","85.0360","2124","4.8340",529968,621389,460026,467055,593700,446334,543063,474832,491676,453923,"55.6689","null","null","null","null","null","null","null",28,"3","Sinker",0,3,0,3,3,0,0,3,"Standard","Standard"
"CH","2018-05-10","78.6","2.8703","6.4416","Ty Blach",571437,621389,"null","ball",,,,,"14","null","R","R","L","PHI","SF","B","null","null",1,0,2018,"1.8528","0.6245","0.8946","0.8249","null","null","null",0,4,"Bot","null","null",,,460026,,"180510_181152","-7.2327","-113.7515","-6.0780","16.5185","22.9101","-26.2055","4.0446","1.9106","null","null","null","75.6010","2057","4.6350",529968,621389,460026,467055,593700,446334,543063,474832,491676,453923,"55.8678","null","null","null","null","null","null","null",28,"2","Changeup",0,3,0,3,3,0,0,3,"Standard","Standard"
"CU","2018-05-10","72.4","2.7067","6.6711","Ty Blach",571437,621389,"null","ball",,,,,"14","null","R","R","L","PHI","SF","B","null","null",0,0,2018,"-0.7194","-1.2288","0.5499","1.1184","null","null","null",0,4,"Bot","null","null",,,460026,,"180510_181135","-3.0538","-105.1708","-1.5542","-4.4649","19.6560","-40.8054","4.1023","1.7567","null","null","null","70.1650","2387","4.8610",529968,621389,460026,467055,593700,446334,543063,474832,491676,453923,"55.6414","null","null","null","null","null","null","null",28,"1","Curveball",0,3,0,3,3,0,0,3,"Standard","Standard"
"CU","2018-05-10","82.7","-2.4610","5.7812","Vince Velasquez",491676,592826,"null","called_strike",,,,,"2","null","R","R","R","PHI","SF","S","null","null",1,0,2018,"0.2423","-0.6274","-0.1964","3.2739","null","null","467055.00",2,4,"Top","null","null",,,595751,,"180510_180720","4.6469","-120.2419","1.9641","1.3819","23.6610","-38.7580","3.2728","1.5398","null","null","null","81.7340","2382","5.7200",529968,592826,595751,467793,514917,596748,664068,656555,546318,571437,"54.7831","null","null","null","null","null","null","null",27,"2","Curveball",0,3,3,0,3,0,3,0,"Standard","Standard"
"CU","2018-05-10","81.7","-2.3676","5.8682","Vince Velasquez",491676,592826,"null","ball",,,,,"11","null","R","R","R","PHI","SF","B","null","null",0,0,2018,"0.3073","-0.8310","-1.3107","3.9152","null","null","467055.00",2,4,"Top","null","null",,,595751,,"180510_180659","1.7821","-118.8687","3.6521","2.5199","21.8710","-40.7898","3.3532","1.5808","null","null","null","80.8340","2376","5.6190",529968,592826,595751,467793,514917,596748,664068,656555,546318,571437,"54.8837","null","null","null","null","null","null","null",27,"1","Curveball",0,3,3,0,3,0,3,0,"Standard","Standard"
"FF","2018-05-10","95.8","-2.3530","5.7752","Vince Velasquez",467055,592826,"null","ball",,,,,"11","null","R","L","R","PHI","SF","B","null","null",1,2,2018,"-0.3255","1.5244","-1.0988","2.8021","null","null","null",1,4,"Top","null","null",,,595751,,"180510_180403","4.0506","-139.3941","-5.6802","-5.1615","31.8424","-11.2536","3.3352","1.5416","null","null","null","95.8320","2392","6.3510",529968,592826,595751,467793,514917,596748,664068,656555,546318,571437,"54.1514","null","null","null","null","null","null","null",25,"5","4-Seam Fastball",0,3,3,0,3,0,3,0,"Standard","Standard"
"FF","2018-05-10","95.1","-2.4554","5.6326","Vince Velasquez",467055,592826,"null","ball",,,,,"11","null","R","L","R","PHI","SF","B","null","null",0,2,2018,"-0.2114","1.3622","-1.2655","2.5305","null","null","null",1,4,"Top","null","null",,,595751,,"180510_180327","3.6036","-138.5715","-5.6210","-3.4684","27.7674","-13.5386","3.3352","1.5416","null","null","null","95.7880","2304","6.3850",529968,592826,595751,467793,514917,596748,664068,656555,546318,571437,"54.1181","null","null","null","null","null","null","null",25,"3","4-Seam Fastball",0,3,3,0,3,0,3,0,"Standard","Standard"
"CU","2018-05-10","81.8","-2.4140","5.8405","Vince Velasquez",467055,592826,"null","called_strike",,,,,"1","null","R","L","R","PHI","SF","S","null","null",0,0,2018,"0.3443","-0.9111","-0.4010","3.1036","null","null","null",1,4,"Top","null","null",,,595751,,"180510_180255","3.8411","-118.9076","2.1426","2.3662","24.7989","-41.2741","3.1721","1.4069","null","null","null","80.4940","2439","5.6530",529968,592826,595751,467793,514917,596748,664068,656555,546318,571437,"54.8495","null","null","null","null","null","null","null",25,"1","Curveball",0,3,3,0,3,0,3,0,"Standard","Standard"
"SL","2018-05-10","83.0","-2.3129","5.9309","Vince Velasquez",460026,592826,"null","ball",,,,,"1","null","R","R","R","PHI","SF","B","null","null",0,1,2018,"0.4492","-0.1174","-0.5099","3.5038","null","null","null",0,4,"Top","null","null",,,595751,,"180510_180144","3.2382","-120.7857","1.1378","3.6928","23.7295","-33.7678","3.4174","1.6296","null","null","null","82.4310","2260","5.9270",529968,592826,595751,467793,514917,596748,664068,656555,546318,571437,"54.5753","null","null","null","null","null","null","null",24,"2","Slider",0,3,3,0,3,0,3,0,"Standard","Standard"
"CH","2018-05-10","78.8","3.0466","6.4263","Ty Blach",514917,621389,"null","ball",,,,,"12","null","R","R","L","PHI","SF","B","null","null",0,0,2018,"1.3721","1.0459","1.0214","3.0034","null","null","592826.00",1,3,"Bot","null","null",,,460026,,"180510_175803","-6.5517","-114.3169","-2.3680","12.5226","20.0621","-23.3795","3.4954","1.5324","null","null","null","76.3880","2066","4.6130",529968,621389,460026,467055,593700,446334,543063,474832,491676,453923,"55.8893","null","null","null","null","null","null","null",23,"1","Changeup",0,3,0,3,3,0,0,3,"Standard","Standard"
"CH","2018-05-10","79.6","2.9282","6.4406","Ty Blach",595751,621389,"null","ball",,,,,"12","null","R","R","L","PHI","SF","B","null","null",2,2,2018,"1.4116","0.4963","1.9057","3.8501","null","null","null",0,3,"Bot","null","null",,,460026,,"180510_175629","-4.6443","-115.6631","0.1567","12.9779","20.9150","-28.2079","3.6253","1.5727","null","null","null","77.8260","2030","5.0460",529968,621389,460026,467055,593700,446334,543063,474832,491676,453923,"55.4566","null","null","null","null","null","null","null",21,"5","Changeup",0,3,0,3,3,0,0,3,"Standard","Standard"
"SI","2018-05-10","89.9","2.6380","6.4798","Ty Blach",595751,621389,"null","ball",,,,,"12","null","R","R","L","PHI","SF","B","null","null",1,1,2018,"1.4193","0.9184","0.9790","3.2900","null","null","null",0,3,"Bot","null","null",,,460026,,"180510_175541","-6.7177","-130.4042","-3.6168","16.7341","27.7127","-21.8015","3.6253","1.6882","null","null","null","87.1200","2060","4.7330",529968,621389,460026,467055,593700,446334,543063,474832,491676,453923,"55.7698","null","null","null","null","null","null","null",21,"3","Sinker",0,3,0,3,3,0,0,3,"Standard","Standard"
"CU","2018-05-10","73.9","2.9355","6.4958","Ty Blach",595751,621389,"null","ball",,,,,"13","null","R","R","L","PHI","SF","B","null","null",0,1,2018,"-0.8042","-1.3176","-0.3060","0.4614","null","null","null",0,3,"Bot","null","null",,,460026,,"180510_175516","-5.1019","-107.1010","-2.6730","-4.8021","20.3948","-41.4646","3.5868","1.6112","null","null","null","71.0410","2458","4.5320",529968,621389,460026,467055,593700,446334,543063,474832,491676,453923,"55.9704","null","null","null","null","null","null","null",21,"2","Curveball",0,3,0,3,3,0,0,3,"Standard","Standard"
"SI","2018-05-10","87.7","2.8784","6.4734","Ty Blach",595751,621389,"null","called_strike",,,,,"9","null","R","R","L","PHI","SF","S","null","null",0,0,2018,"1.2808","0.9746","0.3370","1.7799","null","null","null",0,3,"Bot","null","null",,,460026,,"180510_175456","-8.3960","-127.0685","-6.9362","14.8709","23.7733","-21.0182","3.7040","1.6112","null","null","null","85.5370","2064","4.9450",529968,621389,460026,467055,593700,446334,543063,474832,491676,453923,"55.5578","null","null","null","null","null","null","null",21,"1","Sinker",0,3,0,3,3,0,0,3,"Standard","Standard"
"CH","2018-05-10","88.9","-2.7064","5.6137","Vince Velasquez",474832,592826,"null","called_strike",,,,,"4","null","R","L","R","PHI","SF","S","null","null",0,0,2018,"-0.9222","0.2345","-0.8055","2.5679","null","null","null",2,3,"Top","null","null",,,595751,,"180510_175144","6.5647","-129.3531","-1.9709","-11.5984","23.8997","-29.3658","3.3791","1.5727","null","null","null","89.1700","1469","6.2090",529968,592826,595751,467793,514917,596748,664068,656555,546318,571437,"54.2933","null","null","null","null","null","null","null",20,"1","Changeup",0,3,3,0,3,0,3,0,"Infield shift","Standard"
"SL","2018-05-10","85.2","-2.3348","5.8402","Vince Velasquez",446334,592826,"null","called_strike",,,,,"14","null","R","R","R","PHI","SF","S","null","null",0,0,2018,"0.4803","0.1210","0.8600","2.1546","null","null","null",1,3,"Top","null","null",,,595751,,"180510_175008","6.5303","-124.0629","-2.6770","3.8437","21.3291","-30.6586","3.6518","1.7045","null","null","null","85.4440","2304","6.1000",529968,592826,595751,467793,514917,596748,664068,656555,546318,571437,"54.4027","null","null","null","null","null","null","null",19,"1","Slider",0,3,3,0,3,0,3,0,"Standard","Standard"
"CH","2018-05-10","88.6","-2.6703","5.7257","Vince Velasquez",543063,592826,"null","ball",,,,,"11","null","R","L","R","PHI","SF","B","null","null",1,2,2018,"-0.7950","0.6623","-1.6330","3.0827","null","null","null",0,3,"Top","null","null",,,595751,,"180510_174921","4.1644","-129.0270","-1.8204","-9.6508","24.3300","-24.6504","3.2756","1.4170","null","null","null","88.7220","1656","6.1160",529968,592826,595751,467793,514917,596748,664068,656555,546318,571437,"54.3865","null","null","null","null","null","null","null",18,"5","Changeup",0,3,3,0,3,0,3,0,"Infield shift","Standard"
"FF","2018-05-10","94.9","-2.4336","5.7916","Vince Velasquez",543063,592826,"null","ball",,,,,"11","null","R","L","R","PHI","SF","B","null","null",0,2,2018,"-0.3336","1.2387","-1.3805","3.0104","null","null","null",0,3,"Top","null","null",,,595751,,"180510_174901","3.4957","-138.2029","-4.4190","-5.0002","28.4205","-15.5710","3.3717","1.4747","null","null","null","95.1830","2260","6.2400",529968,592826,595751,467793,514917,596748,664068,656555,546318,571437,"54.2623","null","null","null","null","null","null","null",18,"4","4-Seam Fastball",0,3,3,0,3,0,3,0,"Infield shift","Standard"
"FF","2018-05-10","93.9","-2.5264","5.7800","Vince Velasquez",543063,592826,"null","called_strike",,,,,"7","null","R","L","R","PHI","SF","S","null","null",0,0,2018,"-0.4236","1.4136","-0.4676","1.5617","null","null","null",0,3,"Top","null","null",,,595751,,"180510_174756","6.2911","-136.5190","-8.3680","-6.6886","29.4220","-12.7772","3.4587","1.5902","null","null","null","94.2700","2274","6.5100",529968,592826,595751,467793,514917,596748,664068,656555,546318,571437,"53.9927","null","null","null","null","null","null","null",18,"1","4-Seam Fastball",0,3,3,0,3,0,3,0,"Infield shift","Standard"
"SI","2018-05-10","90.1","2.9330","6.3688","Ty Blach",664068,621389,"null","ball",,,,,"14","null","R","R","L","PHI","SF","B","null","null",1,0,2018,"1.2633","0.9118","1.8061","2.4662","null","null","null",2,2,"Bot","null","null",,,460026,,"180510_174513","-5.2024","-130.7503","-5.4139","14.9242","27.0867","-21.3384","3.5077","1.4770","null","null","null","87.8570","2035","4.9970",529968,621389,460026,467055,593700,446334,543063,474832,491676,453923,"55.5053","null","null","null","null","null","null","null",17,"2","Sinker",0,3,0,3,3,0,0,3,"Standard","Standard"
"SI","2018-05-10","89.0","2.9030","6.3903","Ty Blach",664068,621389,"null","ball",,,,,"14","null","R","R","L","PHI","SF","B","null","null",0,0,2018,"1.3461","0.8777","1.7938","2.1160","null","null","null",2,2,"Bot","null","null",,,460026,,"180510_174458","-5.2563","-129.2202","-6.0242","15.4781","26.8592","-21.8266","3.5269","1.5154","null","null","null","86.7450","2072","4.9760",529968,621389,460026,467055,593700,446334,543063,474832,491676,453923,"55.5265","null","null","null","null","null","null","null",17,"1","Sinker",0,3,0,3,3,0,0,3,"Standard","Standard"
"SI","2018-05-10","89.9","2.8545","6.3469","Ty Blach",596748,621389,"strikeout","called_strike",,,,,"7","Maikel Franco called out on strikes.  ","R","R","L","PHI","SF","S",2,"null",2,2,2018,"1.2730","0.8697","-0.5356","1.9691","null","null","null",1,2,"Bot","null","null",,,460026,,"180510_174426","-10.7014","-130.1787","-6.4548","16.0819","25.8001","-21.6148","3.3534","1.5307","null","null","null","87.9120","2109","5.1940",529968,621389,460026,467055,593700,446334,543063,474832,491676,453923,"55.3085","null","null","0.00",1,0,0,"null",16,"6","Sinker",0,3,0,3,3,0,0,3,"Standard","Standard"
"CH","2018-05-10","79.8","3.1469","6.3632","Ty Blach",596748,621389,"null","ball",,,,,"12","null","R","R","L","PHI","SF","B","null","null",1,2,2018,"1.5871","0.4862","3.3147","2.6106","null","null","null",1,2,"Bot","null","null",,,460026,,"180510_174409","-2.3698","-115.8360","-2.2768","13.9595","22.4869","-27.9036","3.4010","1.5884","null","null","null","77.3610","2022","4.7780",529968,621389,460026,467055,593700,446334,543063,474832,491676,453923,"55.7245","null","null","null","null","null","null","null",16,"5","Changeup",0,3,0,3,3,0,0,3,"Standard","Standard"
"CU","2018-05-10","75.2","2.8120","6.5229","Ty Blach",596748,621389,"null","ball",,,,,"13","null","R","R","L","PHI","SF","B","null","null",0,2,2018,"-0.8769","-1.5123","-0.0739","0.0092","null","null","null",1,2,"Bot","null","null",,,460026,,"180510_174326","-4.3608","-108.8868","-3.4846","-5.5225","23.7546","-42.9519","3.3626","1.4729","null","null","null","72.0010","2579","4.6780",529968,621389,460026,467055,593700,446334,543063,474832,491676,453923,"55.8250","null","null","null","null","null","null","null",16,"3","Curveball",0,3,0,3,3,0,0,3,"Standard","Standard"
"CU","2018-05-10","74.2","2.7871","6.6452","Ty Blach",596748,621389,"null","called_strike",,,,,"6","null","R","R","L","PHI","SF","S","null","null",0,0,2018,"-0.8483","-1.1728","0.2937","2.8278","null","null","null",1,2,"Bot","null","null",,,460026,,"180510_174253","-3.5856","-107.6202","1.4124","-5.5331","20.3538","-41.3490","3.4688","1.4922","null","null","null","71.7630","2387","4.8050",529968,621389,460026,467055,593700,446334,543063,474832,491676,453923,"55.6979","null","null","null","null","null","null","null",16,"1","Curveball",0,3,0,3,3,0,0,3,"Standard","Standard"
"SI","2018-05-10","90.2","2.5965","6.4605","Ty Blach",467793,621389,"null","ball",,,,,"13","null","R","R","L","PHI","SF","B","null","null",1,1,2018,"1.2353","1.0686","-1.3278","1.9172","null","null","null",0,2,"Bot","null","null",,,460026,,"180510_174110","-11.8578","-130.4797","-7.2419","15.8214","25.6093","-19.3484","3.6840","1.7267","null","null","null","87.7230","2006","4.9180",529968,621389,460026,467055,593700,446334,543063,474832,491676,453923,"55.5851","null","null","null","null","null","null","null",15,"3","Sinker",0,3,0,3,3,0,0,3,"Infield shift","Standard"
"CH","2018-05-10","78.4","2.9294","6.4304","Ty Blach",467793,621389,"null","called_strike",,,,,"9","null","R","R","L","PHI","SF","S","null","null",1,0,2018,"1.6655","0.7260","0.7086","1.9285","null","null","null",0,2,"Bot","null","null",,,460026,,"180510_174059","-7.4578","-113.6333","-3.9982","15.0387","20.2735","-25.7716","3.5686","1.6497","null","null","null","76.1240","1934","4.8060",529968,621389,460026,467055,593700,446334,543063,474832,491676,453923,"55.6970","null","null","null","null","null","null","null",15,"2","Changeup",0,3,0,3,3,0,0,3,"Infield shift","Standard"
"SI","2018-05-10","88.6","2.9988","6.3851","Ty Blach",467793,621389,"null","ball",,,,,"8","null","R","R","L","PHI","SF","B","null","null",0,0,2018,"1.3048","1.0181","0.0881","1.5952","null","null","null",0,2,"Bot","null","null",,,460026,,"180510_174047","-9.3982","-128.3648","-7.4153","15.6264","25.2028","-20.2387","3.5695","1.6892","null","null","null","86.2520","1996","4.9200",529968,621389,460026,467055,593700,446334,543063,474832,491676,453923,"55.5829","null","null","null","null","null","null","null",15,"1","Sinker",0,3,0,3,3,0,0,3,"Infield shift","Standard"
"FF","2018-05-10","95.4","-2.4573","5.6698","Vince Velasquez",453923,592826,"strikeout","called_strike",,,,,"4","Gregor Blanco called out on strikes.  ","R","L","R","PHI","SF","S",2,"null",0,2,2018,"-0.5585","1.4868","-0.6981","2.1404","null","null","null",2,2,"Top","null","null",,,595751,,"180510_173818","5.8645","-138.5996","-6.9387","-8.4979","31.5087","-11.7471","3.1538","1.5618","null","null","null","95.1310","2349","6.2630",529968,592826,595751,467793,514917,596748,664068,656555,546318,571437,"54.2392","null","null","0.00",1,0,0,"null",14,"3","4-Seam Fastball",0,3,3,0,3,0,3,0,"Standard","Standard"
"FF","2018-05-10","93.5","-2.4615","5.7744","Vince Velasquez",453923,592826,"null","called_strike",,,,,"11","null","R","L","R","PHI","SF","S","null","null",0,1,2018,"-0.4584","1.4564","-0.9242","2.6176","null","null","null",2,2,"Top","null","null",,,595751,,"180510_173804","4.9597","-136.0405","-5.5626","-6.7668","30.4832","-13.1860","3.1730","1.5233","null","null","null","93.2870","2258","6.2220",529968,592826,595751,467793,514917,596748,664068,656555,546318,571437,"54.2812","null","null","null","null","null","null","null",14,"2","4-Seam Fastball",0,3,3,0,3,0,3,0,"Standard","Standard"
"CU","2018-05-10","80.0","-2.4823","5.7960","Vince Velasquez",453923,592826,"null","called_strike",,,,,"2","null","R","L","R","PHI","SF","S","null","null",0,0,2018,"0.4811","-0.4873","-0.1541","2.7861","null","null","null",2,2,"Top","null","null",,,595751,,"180510_173747","4.2081","-116.3467","1.0139","3.4470","23.0939","-36.9642","3.1346","1.5618","null","null","null","79.2070","2271","5.9020",529968,592826,595751,467793,514917,596748,664068,656555,546318,571437,"54.6008","null","null","null","null","null","null","null",14,"1","Curveball",0,3,3,0,3,0,3,0,"Standard","Standard"
"SL","2018-05-10","84.2","-2.5003","5.7797","Vince Velasquez",621389,592826,"null","ball",,,,,"14","null","R","R","R","PHI","SF","B","null","null",0,2,2018,"0.2285","0.3297","0.9149","0.0056","null","null","null",1,2,"Top","null","null",,,595751,,"180510_173659","7.4063","-122.2922","-7.6279","0.9598","21.6396","-27.7645","3.5895","1.7560","null","null","null","83.7240","2298","5.8540",529968,592826,595751,467793,514917,596748,664068,656555,546318,571437,"54.6484","null","null","null","null","null","null","null",13,"3","Slider",0,3,3,0,3,0,3,0,"Standard","Strategic"
"FF","2018-05-10","92.2","-2.5709","5.7104","Vince Velasquez",621389,592826,"null","called_strike",,,,,"6","null","R","R","R","PHI","SF","S","null","null",0,1,2018,"-0.4670","1.3958","0.2813","2.4404","null","null","null",1,2,"Top","null","null",,,595751,,"180510_173644","8.3061","-134.0422","-5.5802","-7.3898","27.3638","-14.2075","3.5374","1.7752","null","null","null","92.7910","2222","6.5700",529968,592826,595751,467793,514917,596748,664068,656555,546318,571437,"53.9331","null","null","null","null","null","null","null",13,"2","4-Seam Fastball",0,3,3,0,3,0,3,0,"Standard","Strategic"
"FF","2018-05-10","93.2","-2.5083","5.6863","Vince Velasquez",621389,592826,"null","called_strike",,,,,"5","null","R","R","R","PHI","SF","S","null","null",0,0,2018,"-0.5865","1.4261","0.1089","2.2902","null","null","null",1,2,"Top","null","null",,,595751,,"180510_173631","8.0402","-135.5645","-6.1468","-8.9489","27.9581","-13.3751","3.4412","1.6405","null","null","null","93.6850","2175","6.4740",529968,592826,595751,467793,514917,596748,664068,656555,546318,571437,"54.0285","null","null","null","null","null","null","null",13,"1","4-Seam Fastball",0,3,3,0,3,0,3,0,"Standard","Standard"
"FF","2018-05-10","94.3","-2.2388","5.6989","Vince Velasquez",491676,592826,"null","ball",,,,,"14","null","R","R","R","PHI","SF","B","null","null",2,2,2018,"0.0056","1.3442","1.1682","2.0448","null","null","null",0,2,"Top","null","null",,,595751,,"180510_173516","8.8780","-136.9785","-6.8292","-1.8501","29.6474","-13.8089","3.4084","1.6168","null","null","null","94.7290","2242","6.5950",529968,592826,595751,467793,514917,596748,664068,656555,546318,571437,"53.9081","null","null","null","null","null","null","null",12,"5","4-Seam Fastball",0,3,3,0,3,0,3,0,"Standard","Strategic"
"SL","2018-05-10","86.2","-2.4220","5.7650","Vince Velasquez",491676,592826,"null","ball",,,,,"14","null","R","R","R","PHI","SF","B","null","null",1,1,2018,"0.3369","0.2138","0.2114","0.5433","null","null","null",0,2,"Top","null","null",,,595751,,"180510_173433","5.5589","-125.3962","-6.6136","2.4817","23.8476","-28.8837","3.3892","1.5783","null","null","null","86.1000","2309","6.1120",529968,592826,595751,467793,514917,596748,664068,656555,546318,571437,"54.3908","null","null","null","null","null","null","null",12,"3","Slider",0,3,3,0,3,0,3,0,"Standard","Standard"
"SL","2018-05-10","86.2","-2.3109","5.7678","Vince Velasquez",491676,592826,"null","ball",,,,,"14","null","R","R","R","PHI","SF","B","null","null",0,1,2018,"0.2795","0.1887","2.1474","0.9667","null","null","null",0,2,"Top","null","null",,,595751,,"180510_173417","9.9640","-125.1153","-5.5003","0.9417","24.7285","-29.3467","3.3892","1.5591","null","null","null","85.7090","2440","6.0710",529968,592826,595751,467793,514917,596748,664068,656555,546318,571437,"54.4313","null","null","null","null","null","null","null",12,"2","Slider",0,3,3,0,3,0,3,0,"Standard","Standard"
"FF","2018-05-10","94.6","-2.2711","5.7759","Vince Velasquez",491676,592826,"null","called_strike",,,,,"4","null","R","R","R","PHI","SF","S","null","null",0,0,2018,"-0.3005","1.3512","-0.8249","2.1909","null","null","null",0,2,"Top","null","null",,,595751,,"180510_173402","4.4604","-137.5857","-6.7215","-4.8171","30.1330","-13.6390","3.4460","1.6168","null","null","null","94.9770","2323","6.5110",529968,592826,595751,467793,514917,596748,664068,656555,546318,571437,"53.9915","null","null","null","null","null","null","null",12,"1","4-Seam Fastball",0,3,3,0,3,0,3,0,"Standard","Standard"
"CU","2018-05-10","78.2","-2.5127","5.8245","Vince Velasquez",593700,592826,"null","called_strike",,,,,"11","null","R","L","R","PHI","SF","S","null","null",0,0,2018,"0.7454","-1.0604","-1.0938","3.1202","null","null","467055.00",0,2,"Top","null","null",,,595751,,"180510_173238","1.6985","-113.7255","2.9001","6.0365","20.3608","-41.9538","3.2463","1.5514","null","null","null","77.4450","2265","5.7340",529968,592826,595751,467793,514917,596748,664068,656555,546318,571437,"54.7691","null","null","null","null","null","null","null",11,"1","Curveball",0,1,1,0,1,0,1,0,"Standard","Standard"
"FF","2018-05-10","91.7","-2.4517","5.8074","Vince Velasquez",467055,592826,"null","ball",,,,,"11","null","R","L","R","PHI","SF","B","null","null",0,0,2018,"-0.3925","1.2658","-1.7210","3.2889","null","null","null",0,2,"Top","null","null",,,595751,,"180510_173136","2.6795","-133.5459","-3.2426","-5.2234","27.5298","-16.6588","3.3352","1.5801","null","null","null","91.6350","2100","6.1130",529968,592826,595751,467793,514917,596748,664068,656555,546318,571437,"54.3899","null","null","null","null","null","null","null",10,"1","4-Seam Fastball",0,1,1,0,1,0,1,0,"Standard","Standard"
"SI","2018-05-10","91.6","2.6196","6.5283","Ty Blach",656555,621389,"null","ball",,,,,"11","null","R","R","L","PHI","SF","B","null","null",2,2,2018,"1.0966","1.1291","-0.5948","4.1275","null","514917.00","null",2,1,"Bot","null","null",,,460026,,"180510_172836","-10.0640","-132.9080","-2.4684","14.4119","25.7913","-19.1280","3.6805","1.7163","null","null","null","89.4730","1925","4.9310",529968,621389,460026,467055,593700,446334,543063,474832,491676,453923,"55.5718","null","null","null","null","null","null","null",9,"5","Sinker",0,1,0,1,1,0,0,1,"Infield shift","Standard"
"CH","2018-05-10","79.6","3.0854","6.3268","Ty Blach",656555,621389,"null","ball",,,,,"14","null","R","R","L","PHI","SF","B","null","null",1,1,2018,"1.6127","0.4985","1.2768","1.1118","null","514917.00","null",2,1,"Bot","null","null",,,460026,,"180510_172742","-6.5931","-115.4158","-5.3608","14.8642","21.7806","-27.2543","3.6612","1.7163","null","null","null","77.0940","1947","4.7310",529968,621389,460026,467055,593700,446334,543063,474832,491676,453923,"55.7713","null","null","null","null","null","null","null",9,"3","Changeup",0,1,0,1,1,0,0,1,"Infield shift","Standard"
"CH","2018-05-10","78.8","3.1901","6.3475","Ty Blach",656555,621389,"null","ball",,,,,"14","null","R","R","L","PHI","SF","B","null","null",0,1,2018,"1.5800","0.3106","1.9515","2.4408","null","514917.00","null",2,1,"Bot","null","null",,,460026,,"180510_172720","-5.2781","-114.3496","-2.1549","14.0899","20.2330","-29.4915","3.7190","1.7163","null","null","null","76.5690","1956","4.7480",529968,621389,460026,467055,593700,446334,543063,474832,491676,453923,"55.7542","null","null","null","null","null","null","null",9,"2","Changeup",0,1,0,1,1,0,0,1,"Infield shift","Standard"
"CH","2018-05-10","79.7","2.9749","6.4088","Ty Blach",656555,621389,"null","called_strike",,,,,"14","null","R","R","L","PHI","SF","S","null","null",0,0,2018,"1.5926","0.5032","1.0043","2.6659","null","514917.00","null",2,1,"Bot","null","null",,,460026,,"180510_172700","-6.9055","-115.6119","-2.3093","14.7680","20.4291","-27.7692","3.7190","1.6970","null","null","null","77.3960","2011","4.7090",529968,621389,460026,467055,593700,446334,543063,474832,491676,453923,"55.7942","null","null","null","null","null","null","null",9,"1","Changeup",0,1,0,1,1,0,0,1,"Infield shift","Standard"
"SI","2018-05-10","89.9","2.8842","6.4779","Ty Blach",546318,621389,"null","called_strike",,,,,"1","null","R","L","L","PHI","SF","S","null","null",0,0,2018,"0.9607","1.3345","-0.3553","2.5205","null","null","514917.00",1,1,"Bot","null","null",,,460026,,"180510_172243","-9.6611","-130.0838","-6.2483","12.4772","28.3615","-16.7023","2.9503","1.4774","null","null","null","87.1700","2130","4.9700",529968,621389,460026,467055,593700,446334,543063,474832,491676,453923,"55.5328","null","null","null","null","null","null","null",8,"1","Sinker",0,1,0,1,1,0,0,1,"Standard","Standard"
"SI","2018-05-10","90.3","3.0200","6.3717","Ty Blach",571437,621389,"null","called_strike",,,,,"5","null","R","R","L","PHI","SF","S","null","null",0,0,2018,"0.9846","1.2523","-0.0848","2.8142","null","null","514917.00",0,1,"Bot","null","null",,,460026,,"180510_172136","-9.4369","-130.8252","-5.2338","12.7943","28.1086","-17.6461","4.1124","2.0068","null","null","null","87.7390","2063","4.9700",529968,621389,460026,467055,593700,446334,543063,474832,491676,453923,"55.5330","null","null","null","null","null","null","null",7,"1","Sinker",0,1,0,1,1,0,0,1,"Standard","Standard"
"SI","2018-05-10","90.6","2.9268","6.2746","Ty Blach",514917,621389,"null","ball",,,,,"14","null","R","R","L","PHI","SF","B","null","null",1,2,2018,"1.4139","0.8222","1.3357","1.9822","null","null","null",0,1,"Bot","null","null",,,460026,,"180510_172044","-6.6468","-131.3746","-6.2473","17.0226","28.0494","-22.0544","3.3031","1.5902","null","null","null","88.1450","2089","4.9700",529968,621389,460026,467055,593700,446334,543063,474832,491676,453923,"55.5328","null","null","null","null","null","null","null",6,"4","Sinker",0,1,0,1,1,0,0,1,"Standard","Standard"
"CH","2018-05-10","79.0","2.9490","6.4683","Ty Blach",514917,621389,"null","ball",,,,,"12","null","R","R","L","PHI","SF","B","null","null",0,1,2018,"1.4541","0.9248","1.4264","2.8190","null","null","null",0,1,"Bot","null","null",,,460026,,"180510_172012","-5.6614","-114.6296","-2.6580","13.1437","21.1754","-24.2908","3.4569","1.6672","null","null","null","76.5180","2086","4.6600",529968,621389,460026,467055,593700,446334,543063,474832,491676,453923,"55.8424","null","null","null","null","null","null","null",6,"2","Changeup",0,1,0,1,1,0,0,1,"Standard","Standard"
"SI","2018-05-10","88.2","2.7338","6.5697","Ty Blach",514917,621389,"null","called_strike",,,,,"8","null","R","R","L","PHI","SF","S","null","null",0,0,2018,"1.4150","0.9367","0.0469","1.8447","null","null","null",0,1,"Bot","null","null",,,460026,,"180510_172001","-9.0612","-127.6741","-6.9911","16.6528","26.4230","-21.2295","3.5155","1.6672","null","null","null","85.7520","2142","5.0230",529968,621389,460026,467055,593700,446334,543063,474832,491676,453923,"55.4794","null","null","null","null","null","null","null",6,"1","Sinker",0,1,0,1,1,0,0,1,"Standard","Standard"
"FF","2018-05-10","95.0","-2.2858","5.7077","Vince Velasquez",460026,592826,"null","ball",,,,,"13","null","R","R","R","PHI","SF","B","null","null",1,2,2018,"-0.4434","1.4554","-0.1295","1.1394","null","null","543063.00",2,1,"Top","null","null",,,595751,,"180510_171654","6.6372","-137.8890","-9.5164","-7.1788","31.8175","-11.6618","3.5521","1.5911","null","null","null","94.7930","2234","6.3970",529968,592826,595751,467793,514917,596748,664068,656555,546318,571437,"54.1052","null","null","null","null","null","null","null",5,"4","4-Seam Fastball",0,1,1,0,1,0,1,0,"Standard","Standard"
"FF","2018-05-10","94.3","-2.3093","5.7636","Vince Velasquez",460026,592826,"null","called_strike",,,,,"6","null","R","R","R","PHI","SF","S","null","null",1,1,2018,"-0.3881","1.4997","0.8005","2.4973","null","null","543063.00",2,1,"Top","null","null",,,595751,,"180510_171608","8.9517","-137.0272","-6.1039","-6.9123","31.0171","-12.1307","3.5429","1.5911","null","null","null","94.2470","2362","6.3950",529968,592826,595751,467793,514917,596748,664068,656555,546318,571437,"54.1082","null","null","null","null","null","null","null",5,"3","4-Seam Fastball",0,1,1,0,1,0,1,0,"Standard","Standard"
"SL","2018-05-10","86.1","-2.3601","5.8868","Vince Velasquez",460026,592826,"null","ball",,,,,"14","null","R","R","R","PHI","SF","B","null","null",0,0,2018,"0.3894","0.4423","1.2511","1.3507","null","null","543063.00",2,1,"Top","null","null",,,595751,,"180510_171509","7.7432","-125.1643","-5.3966","2.5677","24.0974","-26.7462","3.5713","1.6681","null","null","null","85.7530","2276","6.0210",529968,592826,595751,467793,514917,596748,664068,656555,546318,571437,"54.4818","null","null","null","null","null","null","null",5,"1","Slider",0,1,1,0,1,0,1,0,"Standard","Standard"
"FT","2018-05-10","93.2","-2.5549","5.6922","Vince Velasquez",474832,592826,"null","ball",,,,,"11","null","R","L","R","PHI","SF","B","null","null",0,0,2018,"-1.4872","0.7083","-1.5251","2.8574","null","null","543063.00",1,1,"Top","null","null",,,595751,,"180510_171343","5.9072","-135.5490","-3.0583","-19.5967","30.0361","-23.0054","3.3983","1.5727","null","null","null","93.1450","2065","6.3200",529968,592826,595751,467793,514917,596748,664068,656555,546318,571437,"54.1825","null","null","null","null","null","null","null",4,"1","2-Seam Fastball",0,1,1,0,1,0,1,0,"Infield shift","Standard"
"FF","2018-05-10","92.3","-2.4388","5.8346","Vince Velasquez",446334,592826,"null","ball",,,,,"2","null","R","R","R","PHI","SF","B","null","null",1,1,2018,"-0.4386","1.3113","0.0769","3.9310","null","null","543063.00",0,1,"Top","null","null",,,595751,,"180510_171227","7.2865","-134.2425","-1.8263","-6.7769","28.4088","-16.3662","3.8432","1.7238","null","null","null","91.7540","2063","5.9420",529968,592826,595751,467793,514917,596748,664068,656555,546318,571437,"54.5611","null","null","null","null","null","null","null",3,"3","4-Seam Fastball",0,1,1,0,1,0,1,0,"Standard","Standard"
"CU","2018-05-10","81.7","-2.4049","5.8862","Vince Velasquez",446334,592826,"null","called_strike",,,,,"8","null","R","R","R","PHI","SF","S","null","null",1,0,2018,"0.1709","-0.6152","0.0449","2.3829","null","null","543063.00",0,1,"Top","null","null",,,595751,,"180510_171203","5.1278","-118.7191","-0.1309","0.5664","23.3308","-38.0731","3.8249","1.7430","null","null","null","80.5790","2297","5.6620",529968,592826,595751,467793,514917,596748,664068,656555,546318,571437,"54.8404","null","null","null","null","null","null","null",3,"2","Curveball",0,1,1,0,1,0,1,0,"Standard","Standard"
"FF","2018-05-10","93.0","-2.4598","5.8130","Vince Velasquez",446334,592826,"null","ball",,,,,"11","null","R","R","R","PHI","SF","B","null","null",0,0,2018,"-0.5004","1.2779","-1.2855","3.3568","null","null","543063.00",0,1,"Top","null","null",,,595751,,"180510_171117","4.0917","-135.3963","-3.3072","-7.0034","29.2610","-16.0521","3.8817","1.7623","null","null","null","92.8870","1971","6.1750",529968,592826,595751,467793,514917,596748,664068,656555,546318,571437,"54.3279","null","null","null","null","null","null","null",3,"1","4-Seam Fastball",0,1,1,0,1,0,1,0,"Standard","Standard"
"FF","2018-05-10","91.3","-2.5811","5.8500","Vince Velasquez",543063,592826,"walk","ball",,,,,"11","Brandon Crawford walks.  ","R","L","R","PHI","SF","B","null","null",3,0,2018,"-0.4940","1.4595","-2.7954","3.0763","null","null","null",0,1,"Top","null","null",,,595751,,"180510_171035","0.5013","-132.8819","-4.1679","-5.8731","27.9745","-14.4896","3.4679","1.5325","null","null","null","90.7420","2230","5.9020",529968,592826,595751,467793,514917,596748,664068,656555,546318,571437,"54.6005","null","null","0.70",1,0,0,"null",2,"4","4-Seam Fastball",0,1,1,0,1,0,1,0,"Infield shift","Standard"
"FF","2018-05-10","94.0","-2.4978","5.7717","Vince Velasquez",543063,592826,"null","ball",,,,,"13","null","R","L","R","PHI","SF","B","null","null",2,0,2018,"-0.5309","1.4868","-1.1900","2.0539","null","null","null",0,1,"Top","null","null",,,595751,,"180510_171018","4.5215","-136.5908","-7.1067","-7.5721","30.4205","-12.4387","3.4102","1.5132","null","null","null","93.3860","2249","6.0330",529968,592826,595751,467793,514917,596748,664068,656555,546318,571437,"54.4696","null","null","null","null","null","null","null",2,"3","4-Seam Fastball",0,1,1,0,1,0,1,0,"Infield shift","Standard"
"FF","2018-05-10","93.6","-2.4828","5.7329","Vince Velasquez",543063,592826,"null","ball",,,,,"11","null","R","L","R","PHI","SF","B","null","null",1,0,2018,"-0.4832","1.5637","-1.1865","3.0998","null","null","null",0,1,"Top","null","null",,,595751,,"180510_170957","4.3785","-136.1160","-4.4279","-6.9219","30.6217","-12.1995","3.4487","1.6094","null","null","null","93.0850","2343","6.0780",529968,592826,595751,467793,514917,596748,664068,656555,546318,571437,"54.4245","null","null","null","null","null","null","null",2,"2","4-Seam Fastball",0,1,1,0,1,0,1,0,"Infield shift","Standard"
"FF","2018-05-10","92.8","-2.5230","5.7371","Vince Velasquez",543063,592826,"null","ball",,,,,"11","null","R","L","R","PHI","SF","B","null","null",0,0,2018,"-0.6441","1.3637","-1.0143","2.6508","null","null","null",0,1,"Top","null","null",,,595751,,"180510_170942","5.3263","-135.1075","-5.1672","-9.1360","29.4279","-14.3599","3.4679","1.5325","null","null","null","93.5020","2347","6.6780",529968,592826,595751,467793,514917,596748,664068,656555,546318,571437,"53.8243","null","null","null","null","null","null","null",2,"1","4-Seam Fastball",0,1,1,0,1,0,1,0,"Infield shift","Standard"