"pitch_type","game_date","release_speed","release_pos_x","release_pos_z","player_name","batter","pitcher","events","description","spin_dir","spin_rate_deprecated","break_angle_deprecated","break_length_deprecated","zone","des","game_type","stand","p_throws","home_team","away_team","type","hit_location","bb_type","balls","strikes","game_year","pfx_x","pfx_z","plate_x","plate_z","on_3b","on_2b","on_1b","outs_when_up","inning","inning_topbot","hc_x","hc_y","tfs_deprecated","tfs_zulu_deprecated","pos2_person_id","umpire","sv_id","vx0","vy0","vz0","ax","ay","az","sz_top","sz_bot","hit_distance_sc","launch_speed","launch_angle","effective_speed","release_spin_rate","release_extension","game_pk","pos1_person_id","pos2_person_id","pos3_person_id","pos4_person_id","pos5_person_id","pos6_person_id","pos7_person_id","pos8_person_id","pos9_person_id","release_pos_y","estimated_ba_using_speedangle","estimated_woba_using_speedangle","woba_value","woba_denom","babip_value","iso_value","launch_speed_angle","at_bat_number","pitch_number","pitch_name","home_score","away_score","bat_score","fld_score","post_away_score","post_home_score","post_bat_score","post_fld_score","if_fielding_alignment","of_fielding_alignment"
"SL","2018-03-29","85.6","-2.9704","5.7099","Hunter Strickland",592626,519326,"null","ball",,,,,"11","null","R","L","R","LAD","SF","B","null","null",1,2,2018,"0.6687","0.0381","-1.5160","3.0661","null","null","605131.00",2,9,"Bot","null","null",,,457763,,"180330_020234","2.0937","-124.5215","-0.0413","6.3386","25.0243","-32.0382","3.3708","1.4626","null","null","null","84.4010","2677","5.5260",529418,519326,457763,474832,605412,446334,543063,452254,457706,457705,"54.9757","null","null","null","null","null","null","null",72,"4","Slider",0,1,0,1,1,0,0,1,"Strategic","Standard"
"FF","2018-03-29","96.0","-3.0267","5.5099","Hunter Strickland",592626,519326,"null","ball",,,,,"11","null","R","L","R","LAD","SF","B","null","null",0,2,2018,"-0.4248","1.2143","-2.0995","3.9770","null","null","605131.00",2,9,"Bot","null","null",,,457763,,"180330_020205","3.4126","-139.7763","-1.1806","-6.3377","33.0514","-16.3154","3.3708","1.4626","null","null","null","95.8260","2342","6.2700",529418,519326,457763,474832,605412,446334,543063,452254,457706,457705,"54.2315","null","null","null","null","null","null","null",72,"3","4-Seam Fastball",0,1,0,1,1,0,0,1,"Strategic","Standard"
"SL","2018-03-29","83.9","-2.7690","5.8855","Hunter Strickland",592626,519326,"null","called_strike",,,,,"5","null","R","L","R","LAD","SF","S","null","null",0,0,2018,"0.6471","0.0428","0.2153","2.4435","null","null","605131.00",2,9,"Bot","null","null",,,457763,,"180330_020104","5.5889","-121.9045","-1.5391","5.0613","26.6927","-31.6897","3.3703","1.4924","null","null","null","82.7210","2744","5.8480",529418,519326,457763,474832,605412,446334,543063,452254,457706,457705,"54.6542","null","null","null","null","null","null","null",72,"1","Slider",0,1,0,1,1,0,0,1,"Standard","Standard"
"FF","2018-03-29","95.6","-2.8474","5.7347","Hunter Strickland",523253,519326,"null","ball",,,,,"13","null","R","R","R","LAD","SF","B","null","null",1,1,2018,"-0.3154","1.3268","-1.1010","1.8347","null","null","461314.00",1,9,"Bot","null","null",,,457763,,"180330_015913","5.3241","-138.9098","-7.6061","-5.3672","33.8848","-13.4320","3.3406","1.4681","null","null","null","95.3860","2489","6.4510",529418,519326,457763,474832,605412,446334,543063,452254,457706,457705,"54.0508","null","null","null","null","null","null","null",71,"3","4-Seam Fastball",0,1,0,1,1,0,0,1,"Standard","Standard"
"FF","2018-03-29","95.1","-2.8456","5.6021","Hunter Strickland",523253,519326,"null","called_strike",,,,,"12","null","R","R","R","LAD","SF","S","null","null",1,0,2018,"-0.3269","1.1986","0.9048","2.7783","null","null","461314.00",1,9,"Bot","null","null",,,457763,,"180330_015846","10.5235","-137.9543","-4.3504","-6.6166","32.4229","-16.1920","3.4420","1.5695","null","null","null","94.5430","2452","6.2680",529418,519326,457763,474832,605412,446334,543063,452254,457706,457705,"54.2344","null","null","null","null","null","null","null",71,"2","4-Seam Fastball",0,1,0,1,1,0,0,1,"Standard","Standard"
"SL","2018-03-29","85.6","-2.9025","5.8195","Hunter Strickland",523253,519326,"null","ball",,,,,"14","null","R","R","R","LAD","SF","B","null","null",0,0,2018,"0.5219","0.0537","0.9777","1.3623","null","null","461314.00",1,9,"Bot","null","null",,,457763,,"180330_015756","8.0339","-124.3008","-4.2160","3.4933","27.5078","-30.9654","3.3406","1.4224","null","null","null","84.3510","2813","5.8270",529418,519326,457763,474832,605412,446334,543063,452254,457706,457705,"54.6747","null","null","null","null","null","null","null",71,"1","Slider",0,1,0,1,1,0,0,1,"Standard","Standard"
"FF","2018-03-29","96.3","-2.8278","5.6684","Hunter Strickland",461314,519326,"null","ball",,,,,"14","null","R","R","R","LAD","SF","B","null","null",1,1,2018,"-0.1673","1.1206","1.3041","1.6520","null","null","null",0,9,"Bot","null","null",,,457763,,"180330_015332","11.3273","-139.5782","-7.5576","-4.8023","32.2493","-16.0046","3.6586","1.7404","null","null","null","96.0120","2469","6.4050",529418,519326,457763,474832,605412,446334,543063,452254,457706,457705,"54.0971","null","null","null","null","null","null","null",69,"3","4-Seam Fastball",0,1,0,1,1,0,0,1,"Strategic","Standard"
"SL","2018-03-29","85.9","-2.9283","5.7684","Hunter Strickland",461314,519326,"null","ball",,,,,"14","null","R","R","R","LAD","SF","B","null","null",0,0,2018,"0.6900","-0.2501","1.2356","1.5541","null","null","null",0,9,"Bot","null","null",,,457763,,"180330_015245","8.3898","-124.7341","-3.1413","5.2615","26.3007","-34.3167","3.6129","1.8318","null","null","null","84.7350","null","5.7600",529418,519326,457763,474832,605412,446334,543063,452254,457706,457705,"54.7425","null","null","null","null","null","null","null",69,"1","Slider",0,1,0,1,1,0,0,1,"Standard","Standard"
"SL","2018-03-29","83.9","2.9412","5.4952","Tony Cingrani",467055,571561,"null","ball",,,,,"13","null","R","R","L","LAD","SF","B","null","null",0,2,2018,"-1.0164","0.1853","-1.7898","0.0337","null","null","null",2,9,"Top","null","null",,,518735,,"180330_014931","-8.9011","-121.8101","-6.5025","-8.1830","25.0010","-29.2498","3.3688","1.5293","null","null","null","83.3350","null","6.1450",529418,571561,518735,641355,571771,523253,608369,461314,621035,624577,"54.3568","null","null","null","null","null","null","null",68,"4","Slider",0,1,1,0,1,0,1,0,"Strategic","Standard"
"FF","2018-03-29","94.1","2.8211","5.4649","Tony Cingrani",467055,571561,"null","called_strike",,,,,"6","null","R","R","L","LAD","SF","S","null","null",0,0,2018,"0.5406","1.0010","0.5166","2.2344","null","null","null",2,9,"Top","null","null",,,518735,,"180330_014826","-7.2439","-136.9361","-5.0040","8.3696","27.1845","-18.5236","3.2418","1.5750","null","null","null","95.1750","2442","6.6870",529418,571561,518735,641355,571771,523253,608369,461314,621035,624577,"53.8149","null","null","null","null","null","null","null",68,"1","4-Seam Fastball",0,1,1,0,1,0,1,0,"Strategic","Standard"
"FF","2018-03-29","95.2","2.7844","5.4587","Tony Cingrani",543063,571561,"null","ball",,,,,"11","null","R","L","L","LAD","SF","B","null","null",2,1,2018,"0.4205","1.2299","-1.1920","2.3950","null","null","null",1,9,"Top","null","null",,,518735,,"180330_014632","-11.4172","-138.1969","-5.2075","7.7840","28.0768","-15.3200","3.2657","1.4023","null","null","null","95.8000","2453","6.5720",529418,571561,518735,641355,571771,523253,608369,461314,621035,624577,"53.9298","null","null","null","null","null","null","null",67,"4","4-Seam Fastball",0,1,1,0,1,0,1,0,"Standard","Standard"
"FF","2018-03-29","94.8","2.7547","5.3635","Tony Cingrani",543063,571561,"null","ball",,,,,"13","null","R","L","L","LAD","SF","B","null","null",1,1,2018,"0.4580","1.2050","-1.2664","2.0430","null","null","null",1,9,"Top","null","null",,,518735,,"180330_014615","-11.5648","-137.6704","-5.7626","8.1996","27.3044","-15.6760","3.2200","1.4023","null","null","null","95.4360","2414","6.5320",529418,571561,518735,641355,571771,523253,608369,461314,621035,624577,"53.9699","null","null","null","null","null","null","null",67,"3","4-Seam Fastball",0,1,1,0,1,0,1,0,"Standard","Standard"
"SL","2018-03-29","82.3","2.8321","5.3835","Tony Cingrani",543063,571561,"null","ball",,,,,"14","null","R","L","L","LAD","SF","B","null","null",0,1,2018,"-1.0048","-0.0546","1.0702","0.4535","null","null","null",1,9,"Top","null","null",,,518735,,"180330_014551","-2.0612","-119.7827","-4.5602","-9.2203","22.3981","-32.0644","3.3113","1.4023","null","null","null","82.1250","2447","6.0920",529418,571561,518735,641355,571771,523253,608369,461314,621035,624577,"54.4103","null","null","null","null","null","null","null",67,"2","Slider",0,1,1,0,1,0,1,0,"Standard","Standard"
"SL","2018-03-29","82.2","3.4321","5.2285","Tony Watson",641355,453265,"null","ball",,,,,"13","null","R","L","L","LAD","SF","B","null","null",0,2,2018,"-0.1833","0.2407","-0.9137","2.1055","null","null","571771.00",2,8,"Bot","null","null",,,457763,,"180330_014021","-9.2938","-119.1982","-0.9537","0.0454","22.2270","-30.0431","3.7514","1.6268","null","null","null","80.5320","2244","5.2760",529418,453265,457763,474832,605412,446334,543063,452254,457706,457705,"55.2257","null","null","null","null","null","null","null",65,"3","Slider",0,1,0,1,1,0,0,1,"Standard","Standard"
"SI","2018-03-29","91.0","3.4048","5.2334","Tony Watson",641355,453265,"null","called_strike",,,,,"4","null","R","L","L","LAD","SF","S","null","null",0,1,2018,"0.7035","1.0165","-0.6208","2.4404","null","null","571771.00",2,8,"Bot","null","null",,,457763,,"180330_013957","-11.5098","-132.0603","-3.2181","10.5632","27.5359","-19.9326","3.7971","1.6725","null","null","null","90.4720","2040","6.0730",529418,453265,457763,474832,605412,446334,543063,452254,457706,457705,"54.4290","null","null","null","null","null","null","null",65,"2","Sinker",0,1,0,1,1,0,0,1,"Strategic","Standard"
"SL","2018-03-29","82.2","3.3987","5.2439","Tony Watson",641355,453265,"null","called_strike",,,,,"13","null","R","L","L","LAD","SF","S","null","null",0,0,2018,"-0.2131","0.0762","-0.9797","1.7934","null","null","571771.00",2,8,"Bot","null","null",,,457763,,"180330_013909","-9.4047","-119.2801","-1.3679","-0.1488","23.3995","-31.4397","3.5231","1.4897","null","null","null","81.2090","2205","5.8190",529418,453265,457763,474832,605412,446334,543063,452254,457706,457705,"54.6833","null","null","null","null","null","null","null",65,"1","Slider",0,1,0,1,1,0,0,1,"Strategic","Standard"
"SI","2018-03-29","91.4","3.4785","5.1489","Tony Watson",571771,453265,"walk","ball",,,,,"13","Enrique Hernandez walks.  ","R","R","L","LAD","SF","B","null","null",3,1,2018,"1.1906","0.5383","-0.8624","2.0056","null","null","null",2,8,"Bot","null","null",,,457763,,"180330_013833","-13.2724","-132.3520","-3.1099","16.4962","26.9386","-25.5339","3.3323","1.4936","null","null","null","90.4000","2080","5.8490",529418,453265,457763,474832,605412,446334,543063,452254,457706,457705,"54.6527","null","null","0.70",1,0,0,"null",64,"5","Sinker",0,1,0,1,1,0,0,1,"Standard","Strategic"
"SI","2018-03-29","91.8","3.4784","5.1712","Tony Watson",571771,453265,"null","called_strike",,,,,"8","null","R","R","L","LAD","SF","S","null","null",3,0,2018,"1.4123","0.4902","-0.2372","1.7099","null","null","null",2,8,"Bot","null","null",,,457763,,"180330_013814","-12.2635","-132.9613","-3.8610","19.1127","28.1349","-25.8572","3.1697","1.4023","null","null","null","90.8190","2148","5.9260",529418,453265,457763,474832,605412,446334,543063,452254,457706,457705,"54.5762","null","null","null","null","null","null","null",64,"4","Sinker",0,1,0,1,1,0,0,1,"Standard","Strategic"
"CH","2018-03-29","84.8","3.3842","5.1696","Tony Watson",571771,453265,"null","ball",,,,,"12","null","R","R","L","LAD","SF","B","null","null",2,0,2018,"1.2576","0.7757","1.1025","2.5440","null","null","null",2,8,"Bot","null","null",,,457763,,"180330_013752","-7.6793","-123.0390","-1.2357","14.0451","25.7119","-24.5032","3.1496","1.4023","null","null","null","83.4890","2050","5.7080",529418,453265,457763,474832,605412,446334,543063,452254,457706,457705,"54.7943","null","null","null","null","null","null","null",64,"3","Changeup",0,1,0,1,1,0,0,1,"Standard","Strategic"
"CH","2018-03-29","84.8","3.4462","5.2123","Tony Watson",571771,453265,"null","ball",,,,,"14","null","R","R","L","LAD","SF","B","null","null",1,0,2018,"1.5807","0.5616","2.0843","2.2262","null","null","null",2,8,"Bot","null","null",,,457763,,"180330_013729","-6.1926","-123.2054","-1.6821","16.9825","25.4795","-26.5046","3.3323","1.4480","null","null","null","83.6680","2222","5.7240",529418,453265,457763,474832,605412,446334,543063,452254,457706,457705,"54.7779","null","null","null","null","null","null","null",64,"2","Changeup",0,1,0,1,1,0,0,1,"Standard","Strategic"
"SI","2018-03-29","91.6","3.4919","5.1932","Tony Watson",571771,453265,"null","ball",,,,,"12","null","R","R","L","LAD","SF","B","null","null",0,0,2018,"1.3401","0.4916","1.2164","4.0117","null","null","null",2,8,"Bot","null","null",,,457763,,"180330_013713","-8.4894","-133.0620","1.8461","17.4577","29.0062","-27.0968","3.2410","1.4023","null","null","null","90.6090","2110","5.8200",529418,453265,457763,474832,605412,446334,543063,452254,457706,457705,"54.6820","null","null","null","null","null","null","null",64,"1","Sinker",0,1,0,1,1,0,0,1,"Standard","Strategic"
"SI","2018-03-29","91.7","3.3939","5.1913","Tony Watson",624577,453265,"strikeout","called_strike",,,,,"1","Yasiel Puig called out on strikes.  ","R","R","L","LAD","SF","S",2,"null",0,2,2018,"0.9165","0.7395","-0.6710","3.3434","null","null","null",1,8,"Bot","null","null",,,457763,,"180330_013633","-12.0548","-132.8583","-0.3214","13.2596","28.8211","-23.7604","3.7244","1.7057","null","null","null","90.4850","2209","5.8210",529418,453265,457763,474832,605412,446334,543063,452254,457706,457705,"54.6807","null","null","0.00",1,0,0,"null",63,"4","Sinker",0,1,0,1,1,0,0,1,"Standard","Standard"
"SI","2018-03-29","90.8","3.3699","5.1378","Tony Watson",608369,453265,"strikeout","called_strike",,,,,"8","Corey Seager called out on strikes.  ","R","L","L","LAD","SF","S",2,"null",1,2,2018,"1.5274","0.5458","0.2380","2.0101","null","null","null",0,8,"Bot","null","null",,,457763,,"180330_013445","-11.1042","-131.7251","-3.0194","20.2084","29.0941","-25.3818","3.6540","1.5339","null","null","null","90.5640","2194","6.4070",529418,453265,457763,474832,605412,446334,543063,452254,457706,457705,"54.0953","null","null","0.00",1,0,0,"null",62,"4","Sinker",0,1,0,1,1,0,0,1,"Standard","Standard"
"SI","2018-03-29","90.3","3.4168","5.2306","Tony Watson",608369,453265,"null","ball",,,,,"11","null","R","L","L","LAD","SF","B","null","null",0,2,2018,"1.0731","0.9056","-0.6539","5.3761","null","null","null",0,8,"Bot","null","null",,,457763,,"180330_013426","-12.1617","-130.7242","4.4115","14.5861","27.4217","-23.1902","3.4914","1.4425","null","null","null","88.9150","2245","5.7090",529418,453265,457763,474832,605412,446334,543063,452254,457706,457705,"54.7928","null","null","null","null","null","null","null",62,"3","Sinker",0,1,0,1,1,0,0,1,"Standard","Standard"
"KC","2018-03-29","81.4","-1.9640","5.3171","Josh Fields",452254,451661,"null","ball",,,,,"14","null","R","R","R","LAD","SF","B","null","null",1,2,2018,"0.0506","-0.8613","1.1369","-1.3811","null","null","null",2,8,"Top","null","null",,,518735,,"180330_013040","6.7976","-118.2067","-6.7098","-0.8485","22.8627","-39.0563","3.3406","1.5430","null","null","null","80.6150","2141","5.9020",529418,451661,518735,641355,571771,523253,608369,461314,621035,624577,"54.6004","null","null","null","null","null","null","null",61,"5","Knuckle Curve",0,1,1,0,1,0,1,0,"Standard","Strategic"
"KC","2018-03-29","79.9","-1.9364","5.5581","Josh Fields",452254,451661,"null","ball",,,,,"14","null","R","R","R","LAD","SF","B","null","null",0,1,2018,"0.4619","-0.8747","1.0340","1.6193","null","null","null",2,8,"Top","null","null",,,518735,,"180330_012930","5.6355","-116.1435","-0.2597","2.9287","23.7728","-40.1123","3.3406","1.5430","null","null","null","78.9100","2077","5.8690",529418,451661,518735,641355,571771,523253,608369,461314,621035,624577,"54.6332","null","null","null","null","null","null","null",61,"2","Knuckle Curve",0,1,1,0,1,0,1,0,"Standard","Strategic"
"KC","2018-03-29","79.6","-1.9265","5.5518","Josh Fields",452254,451661,"null","called_strike",,,,,"2","null","R","R","R","LAD","SF","S","null","null",0,0,2018,"0.3433","-1.0011","0.1628","3.1387","null","null","null",2,8,"Top","null","null",,,518735,,"180330_012911","3.9033","-115.5712","3.2985","2.2350","22.5785","-41.8193","3.3607","1.5430","null","null","null","78.4420","2117","5.7110",529418,451661,518735,641355,571771,523253,608369,461314,621035,624577,"54.7914","null","null","null","null","null","null","null",61,"1","Knuckle Curve",0,1,1,0,1,0,1,0,"Standard","Strategic"
"FF","2018-03-29","93.2","-2.0722","5.4024","Josh Fields",446334,451661,"null","ball",,,,,"11","null","R","R","R","LAD","SF","B","null","null",1,2,2018,"-0.4384","1.5122","-0.0548","4.3870","null","null","null",1,8,"Top","null","null",,,518735,,"180330_012812","6.1882","-135.5561","-0.1470","-6.8786","32.0410","-13.6752","3.6523","1.7303","null","null","null","93.3630","2167","6.5990",529418,451661,518735,641355,571771,523253,608369,461314,621035,624577,"53.9029","null","null","null","null","null","null","null",60,"5","4-Seam Fastball",0,1,1,0,1,0,1,0,"Standard","Standard"
"KC","2018-03-29","81.6","-1.8626","5.3218","Josh Fields",446334,451661,"null","ball",,,,,"14","null","R","R","R","LAD","SF","B","null","null",0,2,2018,"0.2549","-0.8879","0.9654","-0.4446","null","null","null",1,8,"Top","null","null",,,518735,,"180330_012746","5.8276","-118.5995","-4.6696","1.2758","22.2702","-39.7858","3.6523","1.6847","null","null","null","80.9710","2074","5.8880",529418,451661,518735,641355,571771,523253,608369,461314,621035,624577,"54.6136","null","null","null","null","null","null","null",60,"4","Knuckle Curve",0,1,1,0,1,0,1,0,"Standard","Standard"
"KC","2018-03-29","79.2","-1.7246","5.5843","Josh Fields",446334,451661,"null","called_strike",,,,,"9","null","R","R","R","LAD","SF","S","null","null",0,0,2018,"0.2637","-1.0637","0.6713","1.4379","null","null","null",1,8,"Top","null","null",,,518735,,"180330_012637","4.6583","-115.0573","-0.2801","1.2875","23.4917","-41.4461","3.6840","1.5511","null","null","null","77.3030","2098","5.2570",529418,451661,518735,641355,571771,523253,608369,461314,621035,624577,"55.2449","null","null","null","null","null","null","null",60,"1","Knuckle Curve",0,1,1,0,1,0,1,0,"Standard","Standard"
"SL","2018-03-29","85.9","-2.6507","4.6719","Cory Gearrin",621035,518715,"strikeout","called_strike",,,,,"5","Chris Taylor called out on strikes.  ","R","R","R","LAD","SF","S",2,"null",3,2,2018,"0.2511","0.6577","0.0524","2.3212","518735.00","400284.00","null",2,7,"Bot","null","null",,,457763,,"180330_012309","5.8123","-124.8041","-0.5790","1.3715","25.2441","-25.6446","3.5179","1.7166","null","null","null","84.5480","2851","5.5070",529418,518715,457763,474832,605412,446334,543063,452254,457706,457705,"54.9952","null","null","0.00",1,0,0,"null",58,"7","Slider",0,1,0,1,1,0,0,1,"Standard","Standard"
"SL","2018-03-29","85.0","-2.5171","4.6583","Cory Gearrin",621035,518715,"null","ball",,,,,"14","null","R","R","R","LAD","SF","B","null","null",2,2,2018,"0.5278","0.3769","2.3041","1.0531","518735.00","400284.00","null",2,7,"Bot","null","null",,,457763,,"180330_012239","10.0743","-123.1973","-2.7177","3.0337","26.2984","-28.1710","3.4923","1.6810","null","null","null","83.1710","1401","5.4690",529418,518715,457763,474832,605412,446334,543063,452254,457706,457705,"55.0325","null","null","null","null","null","null","null",58,"6","Slider",0,1,0,1,1,0,0,1,"Standard","Standard"
"SI","2018-03-29","91.9","-2.5629","4.6499","Cory Gearrin",621035,518715,"null","ball",,,,,"13","null","R","R","R","LAD","SF","B","null","null",1,2,2018,"-1.5848","0.1973","-0.3207","1.0580","518735.00","null","400284.00",2,7,"Bot","null","null",,,457763,,"180330_012148","8.9928","-133.4230","-3.6391","-20.6112","27.8448","-29.3081","3.5380","1.6810","null","null","null","91.3160","2258","5.9980",529418,518715,457763,474832,605412,446334,543063,452254,457706,457705,"54.5036","null","null","null","null","null","null","null",58,"5","Sinker",0,1,0,1,1,0,0,1,"Standard","Standard"
"SI","2018-03-29","90.8","-2.4410","4.7045","Cory Gearrin",621035,518715,"null","ball",,,,,"13","null","R","R","R","LAD","SF","B","null","null",0,1,2018,"-1.5416","0.0227","-1.1043","2.1797","518735.00","null","400284.00",2,7,"Bot","null","null",,,457763,,"180330_012001","6.5573","-132.0531","-0.4491","-19.2048","27.8912","-32.0482","3.5836","1.7723","null","null","null","90.2910","2199","5.9930",529418,518715,457763,474832,605412,446334,543063,452254,457706,457705,"54.5085","null","null","null","null","null","null","null",58,"2","Sinker",0,1,0,1,1,0,0,1,"Standard","Standard"
"SI","2018-03-29","91.4","-2.5671","4.8011","Cory Gearrin",400284,518715,"null","ball",,,,,"11","null","R","L","R","LAD","SF","B","null","null",1,2,2018,"-1.5366","0.5408","-1.7006","3.2540","null","null","518735.00",2,7,"Bot","null","null",,,457763,,"180330_011808","5.3763","-132.9351","0.8462","-19.0311","29.2771","-26.3282","3.4311","1.6298","null","null","null","90.4830","2275","5.8220",529418,518715,457763,474832,605412,446334,543063,452254,457706,457705,"54.6804","null","null","null","null","null","null","null",57,"4","Sinker",0,1,0,1,1,0,0,1,"Standard","Standard"
"CH","2018-03-29","82.9","-2.4315","4.6825","Cory Gearrin",400284,518715,"null","ball",,,,,"13","null","R","L","R","LAD","SF","B","null","null",0,0,2018,"-1.0497","-0.3954","-1.1661","2.3944","null","null","518735.00",2,7,"Bot","null","null",,,457763,,"180330_011650","4.8363","-120.5210","1.9507","-10.9385","22.0424","-36.5496","3.5681","1.6755","null","null","null","82.1900","1983","5.7340",529418,518715,457763,474832,605412,446334,543063,452254,457706,457705,"54.7676","null","null","null","null","null","null","null",57,"1","Changeup",0,1,0,1,1,0,0,1,"Standard","Standard"
"SL","2018-03-29","82.8","-2.4334","4.8925","Cory Gearrin",523253,518715,"null","ball",,,,,"14","null","R","R","R","LAD","SF","B","null","null",0,2,2018,"0.4340","0.4540","1.4835","1.7867","null","null","518735.00",1,7,"Bot","null","null",,,457763,,"180330_011524","7.9711","-120.2053","-1.4417","2.6258","22.0554","-27.8819","3.3406","1.5594","null","null","null","81.4830","null","5.4110",529418,518715,457763,474832,605412,446334,543063,452254,457706,457705,"55.0915","null","null","null","null","null","null","null",56,"3","Slider",0,1,0,1,1,0,0,1,"Standard","Standard"
"SI","2018-03-29","91.1","-2.3287","4.9365","Cory Gearrin",523253,518715,"null","called_strike",,,,,"3","null","R","R","R","LAD","SF","S","null","null",0,0,2018,"-1.1615","1.0627","0.7586","2.9119","null","null","518735.00",1,7,"Bot","null","null",,,457763,,"180330_011434","10.0859","-132.2282","-1.3821","-15.5383","28.2829","-19.8777","3.3507","1.4324","null","null","null","90.1250","2256","5.8430",529418,518715,457763,474832,605412,446334,543063,452254,457706,457705,"54.6590","null","null","null","null","null","null","null",56,"1","Sinker",0,1,0,1,1,0,0,1,"Standard","Standard"
"SL","2018-03-29","84.8","-1.8029","4.6843","JT Chargois",457705,608638,"null","called_strike",,,,,"8","null","R","R","R","LAD","SF","S","null","null",0,1,2018,"0.2509","-0.3549","-0.2281","1.6716","null","null","null",2,7,"Top","null","null",,,518735,,"180330_010947","3.1771","-123.4958","-0.0261","1.9286","24.1834","-35.9988","3.3616","1.4334","null","null","null","84.6900","2417","6.1390",529418,608638,518735,641355,571771,523253,608369,461314,621035,624577,"54.3634","null","null","null","null","null","null","null",53,"2","Slider",0,1,1,0,1,0,1,0,"Infield shift","Standard"
"SL","2018-03-29","84.0","-1.8602","4.7772","JT Chargois",457705,608638,"null","called_strike",,,,,"7","null","R","R","R","LAD","SF","S","null","null",0,0,2018,"0.1342","-0.5892","-0.3412","1.4495","null","null","null",2,7,"Top","null","null",,,518735,,"180330_010929","3.2539","-122.3084","-0.1592","0.7079","23.9369","-38.2618","3.4238","1.4294","null","null","null","84.0770","2398","6.2910",529418,608638,518735,641355,571771,523253,608369,461314,621035,624577,"54.2110","null","null","null","null","null","null","null",53,"1","Slider",0,1,1,0,1,0,1,0,"Infield shift","Standard"
"SL","2018-03-29","84.9","-1.8622","4.6482","JT Chargois",605412,608638,"null","ball",,,,,"14","null","R","L","R","LAD","SF","B","null","null",1,2,2018,"0.0972","-0.4602","1.2393","0.8245","null","null","null",1,7,"Top","null","null",,,518735,,"180330_010827","7.0670","-123.5231","-1.6914","-0.4332","24.9298","-36.7526","3.2464","1.3118","null","null","null","84.8920","2350","6.3260",529418,608638,518735,641355,571771,523253,608369,461314,621035,624577,"54.1765","null","null","null","null","null","null","null",52,"4","Slider",0,1,1,0,1,0,1,0,"Standard","Standard"
"SI","2018-03-29","95.9","-2.0063","4.8300","JT Chargois",605412,608638,"null","ball",,,,,"13","null","R","L","R","LAD","SF","B","null","null",0,1,2018,"-1.7051","0.6171","-0.9746","1.9694","null","null","null",1,7,"Top","null","null",,,518735,,"180330_010740","6.5297","-139.4094","-3.3164","-23.5477","31.7220","-23.6620","3.3377","1.5859","null","null","null","95.5340","2399","6.1630",529418,608638,518735,641355,571771,523253,608369,461314,621035,624577,"54.3388","null","null","null","null","null","null","null",52,"2","Sinker",0,1,1,0,1,0,1,0,"Standard","Standard"
"SI","2018-03-29","94.6","-2.0503","4.6107","JT Chargois",605412,608638,"null","called_strike",,,,,"11","null","R","L","R","LAD","SF","S","null","null",0,0,2018,"-1.8139","0.2577","-0.8365","2.7359","null","null","null",1,7,"Top","null","null",,,518735,,"180330_010718","7.1546","-137.5682","0.2214","-24.4587","30.2999","-29.1954","3.0893","1.2917","null","null","null","94.3370","2332","6.1580",529418,608638,518735,641355,571771,523253,608369,461314,621035,624577,"54.3443","null","null","null","null","null","null","null",52,"1","Sinker",0,1,1,0,1,0,1,0,"Standard","Standard"
"SI","2018-03-29","94.6","-2.1028","4.7151","JT Chargois",457706,608638,"null","called_strike",,,,,"9","null","R","R","R","LAD","SF","S","null","null",0,0,2018,"-1.5515","0.4930","0.4668","1.4941","null","null","null",0,7,"Top","null","null",,,"null",,"180330_010522","10.1870","-137.3066","-3.7749","-21.9939","31.6728","-25.2779","3.3507","1.4324","null","null","null","null","2241","6.4810",529418,"null","null","null","null","null","null","null","null","null","54.0215","null","null","null","null","null","null","null",51,"1","Sinker",0,1,1,0,1,0,1,0,"null","null"
"CH","2018-03-29","85.9","1.0197","6.1674","Josh Osich",641355,592612,"null","ball",,,,,"13","null","R","L","L","LAD","SF","B","null","null",1,2,2018,"1.2930","0.4729","-1.1766","-0.5725","null","null","571771.00",2,6,"Bot","null","null",,,457763,,"180330_010207","-7.6991","-124.5514","-10.5643","14.7626","22.4060","-25.5913","3.7971","1.6268","null","null","null","85.4490","1739","5.9660",529418,592612,457763,474832,605412,446334,543063,452254,457706,457705,"54.5364","null","null","null","null","null","null","null",50,"5","Changeup",0,1,0,1,1,0,0,1,"Standard","Standard"
"FC","2018-03-29","91.9","1.2936","6.2896","Josh Osich",641355,592612,"null","ball",,,,,"13","null","R","L","L","LAD","SF","B","null","null",0,1,2018,"-0.2749","0.6119","-0.1809","1.1962","null","null","571771.00",2,6,"Bot","null","null",,,457763,,"180330_010024","-3.1250","-133.5849","-8.3301","-2.6462","26.3022","-23.4892","3.7971","1.5354","null","null","null","91.5020","2208","5.9190",529418,592612,457763,474832,605412,446334,543063,452254,457706,457705,"54.5828","null","null","null","null","null","null","null",50,"2","Cutter",0,1,0,1,1,0,0,1,"Standard","Standard"
"FC","2018-03-29","92.2","1.4168","6.2984","Josh Osich",571771,592612,"null","ball",,,,,"9","null","R","R","L","LAD","SF","B","null","null",2,2,2018,"-0.2314","0.3469","0.5668","1.8956","null","null","null",2,6,"Bot","null","null",,,457763,,"180330_005841","-1.6554","-134.2836","-6.1348","-2.4581","25.6652","-27.0555","3.0366","1.4304","null","null","null","91.9770","2242","5.8480",529418,592612,457763,474832,605412,446334,543063,452254,457706,457705,"54.6543","null","null","null","null","null","null","null",49,"6","Cutter",0,1,0,1,1,0,0,1,"Standard","Standard"
"CH","2018-03-29","85.6","1.1805","6.3476","Josh Osich",571771,592612,"null","ball",,,,,"13","null","R","R","L","LAD","SF","B","null","null",1,2,2018,"1.0781","0.9148","-0.4042","1.2801","null","null","null",2,6,"Bot","null","null",,,457763,,"180330_005748","-5.8302","-124.3076","-7.4512","12.1694","23.3236","-21.5979","3.1491","1.4019","null","null","null","85.1340","1641","5.9590",529418,592612,457763,474832,605412,446334,543063,452254,457706,457705,"54.5428","null","null","null","null","null","null","null",49,"4","Changeup",0,1,0,1,1,0,0,1,"Standard","Strategic"
"FF","2018-03-29","96.3","1.3562","6.2261","Josh Osich",571771,592612,"null","ball",,,,,"14","null","R","R","L","LAD","SF","B","null","null",0,1,2018,"0.4779","1.0152","0.1054","0.9719","null","null","null",2,6,"Bot","null","null",,,457763,,"180330_005700","-4.3497","-139.8639","-10.5460","7.1453","30.4372","-16.9389","3.1948","1.4019","null","null","null","95.6500","2305","5.9440",529418,592612,457763,474832,605412,446334,543063,452254,457706,457705,"54.5582","null","null","null","null","null","null","null",49,"2","4-Seam Fastball",0,1,0,1,1,0,0,1,"Standard","Strategic"
"CH","2018-03-29","84.6","1.3180","6.4401","Josh Osich",571771,592612,"null","called_strike",,,,,"9","null","R","R","L","LAD","SF","S","null","null",0,0,2018,"1.1094","0.9526","0.7681","1.9249","null","null","null",2,6,"Bot","null","null",,,457763,,"180330_005643","-3.4269","-123.0197","-6.0030","11.7682","23.9330","-21.7073","3.3524","1.4023","null","null","null","84.0060","1817","5.8970",529418,592612,457763,474832,605412,446334,543063,452254,457706,457705,"54.6052","null","null","null","null","null","null","null",49,"1","Changeup",0,1,0,1,1,0,0,1,"Standard","Strategic"
"FC","2018-03-29","89.9","1.4369","6.3087","Josh Osich",624577,592612,"null","ball",,,,,"13","null","R","R","L","LAD","SF","B","null","null",0,2,2018,"-0.3841","0.3131","-1.0776","0.0781","null","null","null",1,6,"Bot","null","null",,,457763,,"180330_005511","-5.3669","-130.4517","-9.9675","-3.1924","26.9795","-26.8461","3.8513","1.7513","null","null","null","88.8710","2038","5.7710",529418,592612,457763,474832,605412,446334,543063,452254,457706,457705,"54.7312","null","null","null","null","null","null","null",48,"3","Cutter",0,1,0,1,1,0,0,1,"Standard","Standard"
"FF","2018-03-29","96.3","1.5005","6.2674","Josh Osich",624577,592612,"null","called_strike",,,,,"9","null","R","R","L","LAD","SF","S","null","null",0,1,2018,"0.5255","1.3548","0.5001","2.1960","null","null","null",1,6,"Bot","null","null",,,457763,,"180330_005453","-3.7732","-139.9198","-8.1275","7.5996","31.1125","-13.1795","3.7700","1.7057","null","null","null","95.2400","2291","5.7290",529418,592612,457763,474832,605412,446334,543063,452254,457706,457705,"54.7735","null","null","null","null","null","null","null",48,"2","4-Seam Fastball",0,1,0,1,1,0,0,1,"Standard","Standard"
"FF","2018-03-29","96.7","1.3760","6.3292","Josh Osich",624577,592612,"null","called_strike",,,,,"5","null","R","R","L","LAD","SF","S","null","null",0,0,2018,"0.5145","1.2801","-0.2359","2.6341","null","null","null",1,6,"Bot","null","null",,,457763,,"180330_005437","-5.3583","-140.5958","-7.0675","7.7986","29.1867","-14.3028","3.6330","1.7057","null","null","null","95.7380","2370","5.5950",529418,592612,457763,474832,605412,446334,543063,452254,457706,457705,"54.9067","null","null","null","null","null","null","null",48,"1","4-Seam Fastball",0,1,0,1,1,0,0,1,"Standard","Standard"
"FF","2018-03-29","89.8","1.1552","6.2609","Clayton Kershaw",491676,477132,"null","called_strike",,,,,"14","null","R","R","L","LAD","SF","S","null","null",0,1,2018,"-0.0842","1.7372","0.9354","2.2850","null","null","543063.00",2,6,"Top","null","null",,,518735,,"180330_005036","-0.3658","-130.5479","-7.4973","-0.8813","27.8430","-11.0059","3.3880","1.5804","null","null","null","89.6490","2336","6.2810",529418,477132,518735,641355,571771,523253,608369,461314,621035,624577,"54.2208","null","null","null","null","null","null","null",46,"2","4-Seam Fastball",0,1,1,0,1,0,1,0,"Standard","Standard"
"SL","2018-03-29","88.0","1.3844","6.3030","Clayton Kershaw",474832,477132,"null","ball",,,,,"13","null","R","L","L","LAD","SF","B","null","null",0,0,2018,"-0.5842","0.8541","-1.7031","0.5339","null","null","null",1,6,"Top","null","null",,,518735,,"180330_004708","-6.2477","-127.7555","-9.5938","-5.2060","23.7306","-21.2923","3.3067","1.5795","null","null","null","87.7030","2455","6.0140",529418,477132,518735,641355,571771,523253,608369,461314,621035,624577,"54.4878","null","null","null","null","null","null","null",44,"1","Slider",0,1,1,0,1,0,1,0,"Infield shift","Standard"
"CH","2018-03-29","85.1","1.5911","6.2878","Clayton Kershaw",452254,477132,"null","called_strike",,,,,"14","null","R","R","L","LAD","SF","S","null","null",0,1,2018,"0.6475","1.4496","0.8341","2.1358","null","null","null",0,6,"Top","null","null",,,518735,,"180330_004620","-3.0767","-123.8287","-6.3415","7.2724","24.5747","-16.2150","3.3218","1.4586","null","null","null","85.2070","2133","6.3490",529418,477132,518735,641355,571771,523253,608369,461314,621035,624577,"54.1526","null","null","null","null","null","null","null",43,"2","Changeup",0,1,1,0,1,0,1,0,"Standard","Standard"
"FF","2018-03-29","89.8","1.4004","6.2493","Clayton Kershaw",452254,477132,"null","called_strike",,,,,"14","null","R","R","L","LAD","SF","S","null","null",0,0,2018,"-0.3810","1.6821","1.0600","1.9774","null","null","null",0,6,"Top","null","null",,,518735,,"180330_004605","-0.0406","-130.5053","-8.0818","-4.3156","27.9861","-11.5778","3.2850","1.6252","null","null","null","89.4710","2279","6.2030",529418,477132,518735,641355,571771,523253,608369,461314,621035,624577,"54.2993","null","null","null","null","null","null","null",43,"1","4-Seam Fastball",0,1,1,0,1,0,1,0,"Standard","Standard"
"SI","2018-03-29","89.3","3.0897","6.3054","Ty Blach",621035,621389,"null","called_strike",,,,,"9","null","R","R","L","LAD","SF","S","null","null",0,0,2018,"1.0213","0.9884","0.4523","1.7530","null","523253.00","477132.00",2,5,"Bot","null","null",,,457763,,"180330_004151","-8.2885","-129.4150","-6.9163","12.6935","27.6022","-20.4171","3.6548","1.6709","null","null","null","86.7790","2165","4.9680",529418,621389,457763,474832,605412,446334,543063,452254,457706,457705,"55.5340","null","null","null","null","null","null","null",42,"1","Sinker",0,1,0,1,1,0,0,1,"Standard","Standard"
"SI","2018-03-29","89.9","2.5620","6.4872","Ty Blach",477132,621389,"null","ball",,,,,"11","null","R","L","L","LAD","SF","B","null","null",0,2,2018,"1.0507","1.1140","-1.6148","3.0316","null","null","523253.00",2,5,"Bot","null","null",,,457763,,"180330_003950","-12.1514","-130.0233","-4.6667","13.9789","26.9420","-19.3260","3.1379","1.4827","null","null","null","87.6590","2181","5.1970",529418,621389,457763,474832,605412,446334,543063,452254,457706,457705,"55.3051","null","null","null","null","null","null","null",41,"4","Sinker",0,1,0,1,1,0,0,1,"Standard","Standard"
"SI","2018-03-29","88.2","2.7611","6.4623","Ty Blach",477132,621389,"null","called_strike",,,,,"8","null","R","L","L","LAD","SF","S","null","null",0,1,2018,"0.9975","1.1117","-0.1764","1.5196","null","null","523253.00",2,5,"Bot","null","null",,,457763,,"180330_003907","-8.8364","-127.7306","-7.8678","12.1652","24.8552","-19.2719","3.5578","1.5582","null","null","null","85.8870","1974","4.9510",529418,621389,457763,474832,605412,446334,543063,452254,457706,457705,"55.5506","null","null","null","null","null","null","null",41,"2","Sinker",0,1,0,1,1,0,0,1,"Standard","Standard"
"SI","2018-03-29","88.9","2.7203","6.4452","Ty Blach",523253,621389,"null","ball",,,,,"1","null","R","R","L","LAD","SF","B","null","null",0,1,2018,"0.8755","0.8916","-0.8017","3.2298","null","null","518735.00",1,5,"Bot","null","null",,,457763,,"180330_003744","-10.0447","-128.8334","-3.4827","11.2910","25.7252","-22.3029","3.3640","1.5248","null","null","null","86.4240","1996","4.8540",529418,621389,457763,474832,605412,446334,543063,452254,457706,457705,"55.6482","null","null","null","null","null","null","null",40,"2","Sinker",0,1,0,1,1,0,0,1,"Standard","Standard"
"SI","2018-03-29","88.5","2.9748","6.3827","Ty Blach",523253,621389,"null","called_strike",,,,,"3","null","R","R","L","LAD","SF","S","null","null",0,0,2018,"0.8757","0.9854","0.6975","3.2610","null","null","518735.00",1,5,"Bot","null","null",,,457763,,"180330_003725","-7.0341","-128.3645","-3.3468","10.6023","26.5093","-21.4867","3.4872","1.5691","null","null","null","85.7510","2021","4.6990",529418,621389,457763,474832,605412,446334,543063,452254,457706,457705,"55.8029","null","null","null","null","null","null","null",40,"1","Sinker",0,1,0,1,1,0,0,1,"Standard","Standard"
"SI","2018-03-29","87.8","2.7740","6.4211","Ty Blach",518735,621389,"walk","ball",,,,,"12","Yasmani Grandal walks.  ","R","R","L","LAD","SF","B","null","null",3,2,2018,"0.9298","0.9481","0.8696","3.4074","null","null","null",1,5,"Bot","null","null",,,457763,,"180330_003650","-6.2310","-127.3604","-2.9106","10.8894","26.4564","-22.0825","3.3826","1.5850","null","null","null","85.2250","1931","4.8270",529418,621389,457763,474832,605412,446334,543063,452254,457706,457705,"55.6753","null","null","0.70",1,0,0,"null",39,"6","Sinker",0,1,0,1,1,0,0,1,"Standard","Strategic"
"SI","2018-03-29","88.8","2.8234","6.2497","Ty Blach",518735,621389,"null","ball",,,,,"12","null","R","R","L","LAD","SF","B","null","null",2,2,2018,"1.0255","1.0233","1.2008","3.0517","null","null","null",1,5,"Bot","null","null",,,457763,,"180330_003635","-5.7985","-128.8885","-3.6589","12.0124","26.9191","-20.9321","3.4277","1.6760","null","null","null","86.0960","2039","4.7110",529418,621389,457763,474832,605412,446334,543063,452254,457706,457705,"55.7907","null","null","null","null","null","null","null",39,"5","Sinker",0,1,0,1,1,0,0,1,"Standard","Strategic"
"CU","2018-03-29","76.8","2.3955","6.3827","Ty Blach",518735,621389,"null","ball",,,,,"13","null","R","R","L","LAD","SF","B","null","null",1,2,2018,"-0.2182","-1.2994","-1.3568","-0.4474","null","null","null",1,5,"Bot","null","null",,,457763,,"180330_003614","-7.3731","-111.3242","-4.9797","-0.2717","21.9638","-41.7793","3.2912","1.4932","null","null","null","74.6220","2338","5.1230",529418,621389,457763,474832,605412,446334,543063,452254,457706,457705,"55.3787","null","null","null","null","null","null","null",39,"4","Curveball",0,1,0,1,1,0,0,1,"Standard","Strategic"
"SI","2018-03-29","89.2","2.5395","6.4479","Ty Blach",518735,621389,"null","ball",,,,,"12","null","R","R","L","LAD","SF","B","null","null",0,2,2018,"1.0052","1.1761","0.2415","3.7893","null","null","null",1,5,"Bot","null","null",,,457763,,"180330_003559","-7.3427","-129.4069","-2.7233","12.1023","26.0934","-19.4981","3.4739","1.4936","null","null","null","86.2360","1996","4.4890",529418,621389,457763,474832,605412,446334,543063,452254,457706,457705,"56.0132","null","null","null","null","null","null","null",39,"3","Sinker",0,1,0,1,1,0,0,1,"Standard","Strategic"
"SI","2018-03-29","87.8","2.9226","6.3785","Ty Blach",518735,621389,"null","called_strike",,,,,"14","null","R","R","L","LAD","SF","S","null","null",0,1,2018,"0.9618","1.2243","0.9475","2.3981","null","null","null",1,5,"Bot","null","null",,,457763,,"180330_003545","-6.4205","-127.2857","-5.6720","11.1773","25.9568","-18.7560","3.4282","1.5850","null","null","null","84.9760","2082","4.6530",529418,621389,457763,474832,605412,446334,543063,452254,457706,457705,"55.8490","null","null","null","null","null","null","null",39,"2","Sinker",0,1,0,1,1,0,0,1,"Standard","Strategic"
"CH","2018-03-29","78.8","2.7353","6.5123","Ty Blach",518735,621389,"null","called_strike",,,,,"2","null","R","R","L","LAD","SF","S","null","null",0,0,2018,"1.2924","0.5738","0.0900","3.0420","null","null","null",1,5,"Bot","null","null",,,457763,,"180330_003530","-7.6822","-114.2322","-1.6543","11.9969","20.1599","-27.4558","3.4282","1.5393","null","null","null","76.1240","1859","4.4710",529418,621389,457763,474832,605412,446334,543063,452254,457706,457705,"56.0311","null","null","null","null","null","null","null",39,"1","Changeup",0,1,0,1,1,0,0,1,"Standard","Strategic"
"SI","2018-03-29","87.8","2.7422","6.4189","Ty Blach",461314,621389,"null","called_strike",,,,,"7","null","R","R","L","LAD","SF","S","null","null",1,1,2018,"1.0720","0.8058","-0.6535","1.8016","null","null","null",0,5,"Bot","null","null",,,457763,,"180330_003436","-9.9810","-126.9352","-6.3088","13.1629","28.1852","-22.8601","3.7499","1.8117","null","null","null","84.7530","1998","4.8670",529418,621389,457763,474832,605412,446334,543063,452254,457706,457705,"55.6350","null","null","null","null","null","null","null",38,"3","Sinker",0,1,0,1,1,0,0,1,"Standard","Standard"
"SI","2018-03-29","87.7","2.7921","6.3256","Ty Blach",461314,621389,"null","called_strike",,,,,"9","null","R","R","L","LAD","SF","S","null","null",1,0,2018,"1.0031","0.8538","0.7358","2.3106","null","null","null",0,5,"Bot","null","null",,,457763,,"180330_003421","-6.7154","-127.1445","-5.0175","11.7455","27.9724","-22.6454","3.7499","1.8573","null","null","null","84.8580","2007","4.8170",529418,621389,457763,474832,605412,446334,543063,452254,457706,457705,"55.6848","null","null","null","null","null","null","null",38,"2","Sinker",0,1,0,1,1,0,0,1,"Standard","Standard"
"SI","2018-03-29","88.4","2.6951","6.4439","Ty Blach",461314,621389,"null","ball",,,,,"13","null","R","R","L","LAD","SF","B","null","null",0,0,2018,"0.9937","0.9346","-1.4013","2.1490","null","null","null",0,5,"Bot","null","null",,,457763,,"180330_003407","-11.5636","-127.8318","-5.9496","12.8319","27.6579","-21.4745","3.7043","1.8318","null","null","null","85.5290","2014","4.9050",529418,621389,457763,474832,605412,446334,543063,452254,457706,457705,"55.5970","null","null","null","null","null","null","null",38,"1","Sinker",0,1,0,1,1,0,0,1,"Standard","Standard"
"FF","2018-03-29","91.6","1.1908","6.1504","Clayton Kershaw",446334,477132,"null","ball",,,,,"14","null","R","R","L","LAD","SF","B","null","null",0,2,2018,"-0.1307","1.5551","0.8989","1.4136","null","457705.00","457763.00",2,5,"Top","null","null",,,518735,,"180330_003043","-0.4551","-133.1715","-9.5317","-1.4814","26.6912","-11.7423","3.7436","1.7760","null","null","null","92.1790","2359","6.5390",529418,477132,518735,641355,571771,523253,608369,461314,621035,624577,"53.9633","null","null","null","null","null","null","null",37,"3","4-Seam Fastball",0,1,1,0,1,0,1,0,"Standard","Standard"
"FF","2018-03-29","90.8","0.9984","6.2559","Clayton Kershaw",457763,477132,"walk","ball",,,,,"12","Buster Posey walks.  ","R","R","L","LAD","SF","B","null","null",3,0,2018,"-0.2417","1.9608","0.1602","3.2540","null","457705.00","null",2,5,"Top","null","null",,,518735,,"180330_002817","-1.5820","-132.0643","-5.7527","-2.4321","31.6424","-8.2231","3.0556","1.5127","null","null","null","90.5690","2274","6.4630",529418,477132,518735,641355,571771,523253,608369,461314,621035,624577,"54.0392","null","null","0.70",1,0,0,"null",36,"4","4-Seam Fastball",0,1,1,0,1,0,1,0,"Standard","Standard"
"SL","2018-03-29","88.2","0.9528","6.0775","Clayton Kershaw",457763,477132,"null","ball",,,,,"14","null","R","R","L","LAD","SF","B","null","null",2,0,2018,"-0.1557","0.7760","0.2123","0.6383","null","457705.00","null",2,5,"Top","null","null",,,518735,,"180330_002749","-1.4744","-128.2934","-8.7211","-1.4181","25.4544","-22.1340","3.3804","1.5636","null","null","null","88.0520","2510","6.1290",529418,477132,518735,641355,571771,523253,608369,461314,621035,624577,"54.3727","null","null","null","null","null","null","null",36,"3","Slider",0,1,1,0,1,0,1,0,"Standard","Standard"
"CU","2018-03-29","73.4","0.8374","6.1745","Clayton Kershaw",457763,477132,"null","ball",,,,,"14","null","R","R","L","LAD","SF","B","null","null",1,0,2018,"-0.1175","-1.1579","1.2216","1.0561","null","457705.00","null",2,5,"Top","null","null",,,518735,,"180330_002725","0.9660","-106.7727","-0.9783","-1.0588","20.6675","-40.8540","3.2434","1.4723","null","null","null","72.3010","2543","5.7530",529418,477132,518735,641355,571771,523253,608369,461314,621035,624577,"54.7486","null","null","null","null","null","null","null",36,"2","Curveball",0,1,1,0,1,0,1,0,"Standard","Standard"
"SL","2018-03-29","87.6","1.4518","6.3923","Clayton Kershaw",457705,477132,"null","ball",,,,,"14","null","R","R","L","LAD","SF","B","null","null",0,0,2018,"-0.2669","0.8448","0.9896","1.5447","null","null","null",2,5,"Top","null","null",,,518735,,"180330_002540","-0.5716","-127.4153","-7.2358","-2.7494","24.9137","-21.9347","3.4211","1.6755","null","null","null","86.9510","2514","5.7960",529418,477132,518735,641355,571771,523253,608369,461314,621035,624577,"54.7062","null","null","null","null","null","null","null",35,"1","Slider",0,1,1,0,1,0,1,0,"Infield shift","Standard"
"FF","2018-03-29","90.6","1.1880","5.9952","Clayton Kershaw",605412,477132,"null","ball",,,,,"13","null","R","L","L","LAD","SF","B","null","null",0,0,2018,"-0.3236","1.3591","-1.4076","1.3613","null","null","null",2,5,"Top","null","null",,,518735,,"180330_002345","-5.7890","-131.6978","-8.5265","-2.5415","27.7722","-14.7894","3.1094","1.3575","null","null","null","90.5770","2462","6.3200",529418,477132,518735,641355,571771,523253,608369,461314,621035,624577,"54.1819","null","null","null","null","null","null","null",34,"1","4-Seam Fastball",0,0,0,0,0,0,0,0,"Standard","Standard"
"FF","2018-03-29","90.2","1.2416","6.2781","Clayton Kershaw",457706,477132,"null","called_strike",,,,,"6","null","R","R","L","LAD","SF","S","null","null",0,0,2018,"0.1014","1.4546","0.3274","2.8505","null","null","null",1,5,"Top","null","null",,,518735,,"180330_002629","-2.4968","-131.2767","-5.6915","1.7006","27.5575","-14.3057","3.5334","1.6609","null","null","null","90.5050","2208","6.4500",529418,477132,518735,641355,571771,523253,608369,461314,621035,624577,"54.0522","null","null","null","null","null","null","null",33,"1","4-Seam Fastball",0,0,0,0,0,0,0,0,"Standard","Standard"
"CU","2018-03-29","72.3","0.7135","6.2598","Clayton Kershaw",621389,477132,"null","ball",,,,,"14","null","R","R","L","LAD","SF","B","null","null",0,2,2018,"-0.0177","-1.3529","1.0529","1.3258","null","null","null",0,5,"Top","null","null",,,518735,,"180330_002159","0.7073","-105.2613","0.0155","-0.2696","20.7939","-42.3450","3.4349","1.4525","null","null","null","71.8730","2544","6.3100",529418,477132,518735,641355,571771,523253,608369,461314,621035,624577,"54.1916","null","null","null","null","null","null","null",32,"3","Curveball",0,0,0,0,0,0,0,0,"Strategic","Strategic"
"FF","2018-03-29","89.7","1.1753","6.0535","Clayton Kershaw",621389,477132,"null","called_strike",,,,,"5","null","R","R","L","LAD","SF","S","null","null",0,0,2018,"0.0872","1.6112","0.0002","2.4763","null","null","null",0,5,"Top","null","null",,,518735,,"180330_002124","-3.0994","-130.6071","-6.3046","1.6420","26.9675","-12.5745","3.3444","1.4525","null","null","null","90.0350","2285","6.4190",529418,477132,518735,641355,571771,523253,608369,461314,621035,624577,"54.0825","null","null","null","null","null","null","null",32,"1","4-Seam Fastball",0,0,0,0,0,0,0,0,"Standard","Standard"
"CU","2018-03-29","75.8","2.5575","6.5601","Ty Blach",641355,621389,"null","ball",,,,,"13","null","R","L","L","LAD","SF","B","null","null",0,0,2018,"-0.5023","-1.3866","-0.1336","1.2130","null","null","null",2,4,"Bot","null","null",,,457763,,"180330_001827","-4.6224","-109.8575","-1.5424","-2.8510","22.7010","-42.7085","3.8427","1.7638","null","null","null","72.9780","2345","4.7640",529418,621389,457763,474832,605412,446334,543063,452254,457706,457705,"55.7381","null","null","null","null","null","null","null",31,"1","Curveball",0,0,0,0,0,0,0,0,"Standard","Standard"
"SI","2018-03-29","88.9","2.7976","6.4479","Ty Blach",571771,621389,"null","ball",,,,,"14","null","R","R","L","LAD","SF","B","null","null",2,1,2018,"1.3718","0.9044","0.7374","1.4190","null","null","null",1,4,"Bot","null","null",,,457763,,"180330_001727","-7.5401","-128.7259","-7.7616","16.1180","28.2102","-21.2403","3.0864","1.5840","null","null","null","86.1430","2228","4.9300",529418,621389,457763,474832,605412,446334,543063,452254,457706,457705,"55.5724","null","null","null","null","null","null","null",30,"4","Sinker",0,0,0,0,0,0,0,0,"Standard","Strategic"
"CU","2018-03-29","74.9","2.6640","6.5898","Ty Blach",571771,621389,"null","ball",,,,,"12","null","R","R","L","LAD","SF","B","null","null",1,1,2018,"-1.0007","-1.2749","1.1408","2.9907","null","null","null",1,4,"Bot","null","null",,,457763,,"180330_001710","-1.4442","-108.5982","1.8586","-7.0723","21.0578","-42.2503","3.1948","1.4019","null","null","null","71.8560","2372","4.4000",529418,621389,457763,474832,605412,446334,543063,452254,457706,457705,"56.1020","null","null","null","null","null","null","null",30,"3","Curveball",0,0,0,0,0,0,0,0,"Standard","Strategic"
"SI","2018-03-29","88.5","2.7208","6.4165","Ty Blach",571771,621389,"null","called_strike",,,,,"14","null","R","R","L","LAD","SF","S","null","null",1,0,2018,"1.3111","0.9276","0.9898","1.6966","null","null","null",1,4,"Bot","null","null",,,457763,,"180330_001653","-6.6021","-128.2154","-6.9927","15.1279","27.7083","-21.2727","3.3524","1.4023","null","null","null","85.7560","2269","4.8750",529418,621389,457763,474832,605412,446334,543063,452254,457706,457705,"55.6267","null","null","null","null","null","null","null",30,"2","Sinker",0,0,0,0,0,0,0,0,"Standard","Strategic"
"CU","2018-03-29","74.1","2.5624","6.6572","Ty Blach",571771,621389,"null","ball",,,,,"14","null","R","R","L","LAD","SF","B","null","null",0,0,2018,"-0.4387","-1.3398","0.4955","0.6811","null","null","null",1,4,"Bot","null","null",,,457763,,"180330_001631","-3.3813","-107.4479","-2.5532","-2.5038","21.0784","-41.6932","3.3318","1.4019","null","null","null","71.2330","2338","4.5690",529418,621389,457763,474832,605412,446334,543063,452254,457706,457705,"55.9334","null","null","null","null","null","null","null",30,"1","Curveball",0,0,0,0,0,0,0,0,"Standard","Standard"
"CU","2018-03-29","73.7","2.6216","6.5971","Ty Blach",624577,621389,"null","ball",,,,,"14","null","R","R","L","LAD","SF","B","null","null",0,0,2018,"-0.4892","-1.5448","0.8229","1.2919","null","null","null",0,4,"Bot","null","null",,,457763,,"180330_001531","-2.7557","-106.9129","-0.8284","-2.9288","21.2541","-43.3485","3.5317","1.5229","null","null","null","70.6550","2262","4.4350",529418,621389,457763,474832,605412,446334,543063,452254,457706,457705,"56.0668","null","null","null","null","null","null","null",29,"1","Curveball",0,0,0,0,0,0,0,0,"Standard","Standard"
"SL","2018-03-29","88.4","1.0358","6.3371","Clayton Kershaw",446334,477132,"null","called_strike",,,,,"4","null","R","R","L","LAD","SF","S","null","null",0,0,2018,"-0.5417","0.6092","-0.6008","3.1759","null","null","457763.00",0,4,"Top","null","null",,,518735,,"180330_000310","-2.8609","-128.6815","-2.8877","-5.3837","26.1726","-25.1022","3.8551","1.7760","null","null","null","88.1420","2486","6.0660",529418,477132,518735,641355,571771,523253,608369,461314,621035,624577,"54.4363","null","null","null","null","null","null","null",25,"1","Slider",0,0,0,0,0,0,0,0,"Standard","Standard"
"FF","2018-03-29","91.4","1.2928","6.1689","Clayton Kershaw",457763,477132,"walk","ball",,,,,"13","Buster Posey walks.  ","R","R","L","LAD","SF","B","null","null",3,2,2018,"-0.4168","1.4745","-1.2643","1.9524","null","null","null",0,4,"Top","null","null",,,518735,,"180330_000229","-5.5501","-132.8937","-7.9229","-3.7462","28.6662","-13.1891","3.3809","1.4727","null","null","null","91.4870","2374","6.4040",529418,477132,518735,641355,571771,523253,608369,461314,621035,624577,"54.0984","null","null","0.70",1,0,0,"null",24,"7","4-Seam Fastball",0,0,0,0,0,0,0,0,"Standard","Standard"
"FF","2018-03-29","92.1","1.1493","5.9847","Clayton Kershaw",457763,477132,"null","ball",,,,,"13","null","R","R","L","LAD","SF","B","null","null",2,2,2018,"-0.3931","1.7872","-1.3587","1.6814","null","null","null",0,4,"Top","null","null",,,518735,,"180330_000142","-5.5281","-133.7489","-8.9897","-3.4741","30.6086","-8.7834","3.1982","1.4727","null","null","null","92.2360","2329","6.6230",529418,477132,518735,641355,571771,523253,608369,461314,621035,624577,"53.8790","null","null","null","null","null","null","null",24,"5","4-Seam Fastball",0,0,0,0,0,0,0,0,"Standard","Standard"
"SL","2018-03-29","88.8","1.3521","6.2749","Clayton Kershaw",457763,477132,"null","ball",,,,,"14","null","R","R","L","LAD","SF","B","null","null",1,2,2018,"-0.2264","0.8748","1.4065","1.5809","null","null","null",0,4,"Top","null","null",,,518735,,"180330_000125","0.5929","-129.1202","-7.1839","-2.6152","26.2386","-21.3076","3.1068","1.4727","null","null","null","88.1560","2460","5.8760",529418,477132,518735,641355,571771,523253,608369,461314,621035,624577,"54.6258","null","null","null","null","null","null","null",24,"4","Slider",0,0,0,0,0,0,0,0,"Strategic","Standard"
"SL","2018-03-29","89.0","1.2191","6.3629","Clayton Kershaw",457763,477132,"null","ball",,,,,"13","null","R","R","L","LAD","SF","B","null","null",0,1,2018,"-0.4246","0.8528","-0.2506","1.0733","null","null","null",0,4,"Top","null","null",,,518735,,"180330_000047","-2.7102","-129.3497","-8.6541","-4.1539","27.1057","-21.1047","3.3809","1.6097","null","null","null","88.5680","2444","6.1010",529418,477132,518735,641355,571771,523253,608369,461314,621035,624577,"54.4012","null","null","null","null","null","null","null",24,"2","Slider",0,0,0,0,0,0,0,0,"Standard","Standard"
"SI","2018-03-29","89.2","2.7275","6.4555","Ty Blach",608369,621389,"null","ball",,,,,"3","null","R","L","L","LAD","SF","B","null","null",0,0,2018,"1.0565","0.7775","0.3825","3.5489","null","null","621035.00",1,3,"Bot","null","null",,,457763,,"180329_235713","-7.8701","-129.6774","-2.7123","13.3357","26.3104","-23.2179","3.6482","1.6534","null","null","null","88.5200","2073","5.8530",529418,621389,457763,474832,605412,446334,543063,452254,457706,457705,"54.6489","null","null","null","null","null","null","null",23,"1","Sinker",0,0,0,0,0,0,0,0,"Standard","Standard"
"SL","2018-03-29","76.5","2.7544","6.5429","Ty Blach",477132,621389,"null","called_strike",,,,,"8","null","R","L","L","LAD","SF","S","null","null",1,1,2018,"-0.3699","-0.4776","0.1738","2.1591","null","null","null",0,3,"Bot","null","null",,,457763,,"180329_235507","-4.6551","-111.0640","-1.3371","-2.0041","20.7069","-35.9520","3.6959","1.7212","null","null","null","73.9030","2320","4.5720",529418,621389,457763,474832,605412,446334,543063,452254,457706,457705,"55.9299","null","null","null","null","null","null","null",21,"3","Slider",0,0,0,0,0,0,0,0,"Standard","Standard"
"SI","2018-03-29","88.3","2.8170","6.4874","Ty Blach",477132,621389,"null","called_strike",,,,,"4","null","R","L","L","LAD","SF","S","null","null",1,0,2018,"0.8176","1.0666","-0.3997","2.6584","null","null","null",0,3,"Bot","null","null",,,457763,,"180329_235453","-9.1781","-128.0535","-5.2083","10.3788","24.5392","-20.1959","3.5996","1.7163","null","null","null","86.1860","2087","4.9680",529418,621389,457763,474832,605412,446334,543063,452254,457706,457705,"55.5340","null","null","null","null","null","null","null",21,"2","Sinker",0,0,0,0,0,0,0,0,"Standard","Standard"
"SI","2018-03-29","88.1","2.7024","6.4736","Ty Blach",477132,621389,"null","ball",,,,,"11","null","R","L","L","LAD","SF","B","null","null",0,0,2018,"0.7691","1.0767","-0.4246","3.6833","null","null","null",0,3,"Bot","null","null",,,457763,,"180329_235440","-8.8618","-127.8611","-2.7379","9.8073","24.9980","-20.6052","3.4439","1.6187","null","null","null","86.0000","2022","4.9750",529418,621389,457763,474832,605412,446334,543063,452254,457706,457705,"55.5266","null","null","null","null","null","null","null",21,"1","Sinker",0,0,0,0,0,0,0,0,"Standard","Standard"
"SL","2018-03-29","89.8","1.2645","6.3246","Clayton Kershaw",457705,477132,"null","called_strike",,,,,"7","null","R","R","L","LAD","SF","S","null","null",1,0,2018,"-0.6636","1.1104","-0.5590","2.0194","null","null","null",2,3,"Top","null","null",,,518735,,"180329_235152","-3.1079","-130.5431","-6.9323","-6.8485","26.6075","-18.4723","3.4211","1.4928","null","null","null","89.1760","2507","5.8900",529418,477132,518735,641355,571771,523253,608369,461314,621035,624577,"54.6125","null","null","null","null","null","null","null",20,"2","Slider",0,0,0,0,0,0,0,0,"Infield shift","Strategic"
"FF","2018-03-29","91.6","1.2803","6.2790","Clayton Kershaw",457705,477132,"null","ball",,,,,"11","null","R","R","L","LAD","SF","B","null","null",0,0,2018,"0.0408","1.4467","-0.3281","4.1629","null","null","null",2,3,"Top","null","null",,,518735,,"180329_235127","-4.1499","-133.3810","-2.5756","1.4166","29.9962","-14.6671","3.4211","1.4928","null","null","null","91.4580","2284","6.2720",529418,477132,518735,641355,571771,523253,608369,461314,621035,624577,"54.2299","null","null","null","null","null","null","null",20,"1","4-Seam Fastball",0,0,0,0,0,0,0,0,"Infield shift","Strategic"
"FF","2018-03-29","90.1","1.3937","6.2800","Clayton Kershaw",605412,477132,"null","called_strike",,,,,"9","null","R","L","L","LAD","SF","S","null","null",1,0,2018,"0.4408","1.6161","0.7553","1.6866","null","null","null",1,3,"Top","null","null",,,518735,,"180329_235033","-2.5076","-130.8808","-8.7772","5.5747","29.0345","-12.0637","3.3633","1.4744","null","null","null","89.5990","2288","6.1960",529418,477132,518735,641355,571771,523253,608369,461314,621035,624577,"54.3063","null","null","null","null","null","null","null",19,"2","4-Seam Fastball",0,0,0,0,0,0,0,0,"Standard","Standard"
"FF","2018-03-29","89.7","1.3730","6.2255","Clayton Kershaw",605412,477132,"null","ball",,,,,"12","null","R","L","L","LAD","SF","B","null","null",0,0,2018,"-0.2820","1.5692","0.2597","3.8412","null","null","null",1,3,"Top","null","null",,,518735,,"180329_235019","-2.1616","-130.6717","-3.2174","-2.7376","29.0950","-13.7691","3.1094","1.3118","null","null","null","89.7360","2228","6.3820",529418,477132,518735,641355,571771,523253,608369,461314,621035,624577,"54.1204","null","null","null","null","null","null","null",19,"1","4-Seam Fastball",0,0,0,0,0,0,0,0,"Standard","Standard"
"SI","2018-03-29","90.3","2.7455","6.4098","Ty Blach",523253,621389,"null","ball",,,,,"11","null","R","R","L","LAD","SF","B","null","null",0,2,2018,"1.4844","1.0650","-1.3169","2.8196","null","461314.00","518735.00",1,2,"Bot","null","null",,,457763,,"180329_234629","-12.8211","-130.4335","-4.8846","19.2522","31.2018","-19.6978","3.3406","1.4224","null","null","null","87.5940","2289","5.3170",529418,621389,457763,474832,605412,446334,543063,452254,457706,457705,"55.1854","null","null","null","null","null","null","null",17,"3","Sinker",0,0,0,0,0,0,0,0,"Standard","Standard"
"SI","2018-03-29","90.2","2.8739","6.3730","Ty Blach",523253,621389,"null","called_strike",,,,,"3","null","R","R","L","LAD","SF","S","null","null",0,1,2018,"1.3047","0.9573","0.4941","3.2709","null","461314.00","518735.00",1,2,"Bot","null","null",,,457763,,"180329_234606","-8.3218","-130.6383","-3.4972","16.1048","30.2287","-21.2709","3.3507","1.5695","null","null","null","87.4420","2328","5.0390",529418,621389,457763,474832,605412,446334,543063,452254,457706,457705,"55.4629","null","null","null","null","null","null","null",17,"2","Sinker",0,0,0,0,0,0,0,0,"Standard","Standard"
"CU","2018-03-29","74.2","2.6938","6.6206","Ty Blach",523253,621389,"null","called_strike",,,,,"7","null","R","R","L","LAD","SF","S","null","null",0,0,2018,"-0.9362","-1.1858","-0.7649","1.6524","null","461314.00","518735.00",1,2,"Bot","null","null",,,457763,,"180329_234544","-5.3408","-107.5102","-0.8105","-5.6969","21.3380","-40.9231","3.3964","1.5695","null","null","null","71.2150","2421","4.5500",529418,621389,457763,474832,605412,446334,543063,452254,457706,457705,"55.9520","null","null","null","null","null","null","null",17,"1","Curveball",0,0,0,0,0,0,0,0,"Standard","Standard"
"SI","2018-03-29","90.4","2.8667","6.3500","Ty Blach",518735,621389,"null","ball",,,,,"11","null","R","R","L","LAD","SF","B","null","null",0,1,2018,"1.1927","0.8235","-0.4838","3.3009","null","null","461314.00",1,2,"Bot","null","null",,,457763,,"180329_234441","-10.5079","-130.9485","-3.1990","15.4205","28.1910","-22.6810","3.0872","1.5137","null","null","null","88.1420","2234","5.1780",529418,621389,457763,474832,605412,446334,543063,452254,457706,457705,"55.3244","null","null","null","null","null","null","null",16,"2","Sinker",0,0,0,0,0,0,0,0,"Standard","Standard"
"CH","2018-03-29","79.4","2.7671","6.5049","Ty Blach",518735,621389,"null","called_strike",,,,,"7","null","R","R","L","LAD","SF","S","null","null",0,0,2018,"1.5772","0.2973","-0.4174","2.1264","null","null","461314.00",1,2,"Bot","null","null",,,457763,,"180329_234423","-9.5256","-114.9059","-3.1361","15.2371","23.4087","-29.3342","3.4233","1.5801","null","null","null","77.0210","1938","5.1230",529418,621389,457763,474832,605412,446334,543063,452254,457706,457705,"55.3795","null","null","null","null","null","null","null",16,"1","Changeup",0,0,0,0,0,0,0,0,"Standard","Standard"
"SI","2018-03-29","89.4","2.6374","6.4588","Ty Blach",461314,621389,"walk","ball",,,,,"3","Matt Kemp walks.  ","R","R","L","LAD","SF","B","null","null",3,2,2018,"1.2430","0.8385","0.8102","3.4910","null","null","null",1,2,"Bot","null","null",,,457763,,"180329_234349","-6.8639","-129.7549","-2.8973","14.9744","28.0678","-22.7280","3.5416","1.7313","null","null","null","87.4200","2207","5.2630",529418,621389,457763,474832,605412,446334,543063,452254,457706,457705,"55.2394","null","null","0.70",1,0,0,"null",15,"7","Sinker",0,0,0,0,0,0,0,0,"Standard","Standard"
"SI","2018-03-29","90.3","2.5990","6.3783","Ty Blach",461314,621389,"null","ball",,,,,"13","null","R","R","L","LAD","SF","B","null","null",2,2,2018,"1.3002","0.8655","-0.8352","1.1371","null","null","null",1,2,"Bot","null","null",,,457763,,"180329_234328","-10.9059","-130.7495","-8.6317","16.5216","25.3605","-21.1635","3.6576","1.7853","null","null","null","88.3690","2282","5.1850",529418,621389,457763,474832,605412,446334,543063,452254,457706,457705,"55.3168","null","null","null","null","null","null","null",15,"6","Sinker",0,0,0,0,0,0,0,0,"Standard","Standard"
"CH","2018-03-29","79.9","2.7931","6.4730","Ty Blach",461314,621389,"null","ball",,,,,"14","null","R","R","L","LAD","SF","B","null","null",1,1,2018,"1.4541","0.5317","0.4882","0.0540","null","null","null",1,2,"Bot","null","null",,,457763,,"180329_234216","-7.2779","-115.6075","-7.9478","13.4888","21.3149","-26.5861","3.6581","1.7857","null","null","null","76.6520","2034","4.2510",529418,621389,457763,474832,605412,446334,543063,452254,457706,457705,"56.2510","null","null","null","null","null","null","null",15,"3","Changeup",0,0,0,0,0,0,0,0,"Standard","Standard"
"SI","2018-03-29","89.3","2.6130","6.4812","Ty Blach",461314,621389,"null","ball",,,,,"11","null","R","R","L","LAD","SF","B","null","null",0,1,2018,"1.0273","0.8731","-1.7156","2.8209","null","null","null",1,2,"Bot","null","null",,,457763,,"180329_234158","-12.2628","-129.1590","-4.5623","13.2999","24.6058","-22.2567","3.7038","1.7857","null","null","null","86.7060","2298","4.7930",529418,621389,457763,474832,605412,446334,543063,452254,457706,457705,"55.7094","null","null","null","null","null","null","null",15,"2","Sinker",0,0,0,0,0,0,0,0,"Standard","Standard"
"CU","2018-03-29","76.8","2.6549","6.4008","Ty Blach",641355,621389,"null","ball",,,,,"13","null","R","L","L","LAD","SF","B","null","null",0,2,2018,"-0.5196","-1.1546","-1.4193","-0.4690","null","null","null",0,2,"Bot","null","null",,,457763,,"180329_234035","-7.4661","-111.2676","-5.3257","-2.6347","21.0074","-40.4784","3.7971","1.6268","null","null","null","73.9860","2438","4.5570",529418,621389,457763,474832,605412,446334,543063,452254,457706,457705,"55.9450","null","null","null","null","null","null","null",14,"3","Curveball",0,0,0,0,0,0,0,0,"Standard","Standard"
"SI","2018-03-29","89.3","2.7040","6.4367","Ty Blach",641355,621389,"null","called_strike",,,,,"8","null","R","L","L","LAD","SF","S","null","null",0,1,2018,"0.9802","1.1441","0.0978","1.5989","null","null","null",0,2,"Bot","null","null",,,457763,,"180329_234020","-8.1158","-129.3128","-7.8833","12.1656","27.1132","-18.5978","3.7971","1.7182","null","null","null","86.6900","2176","4.9170",529418,621389,457763,474832,605412,446334,543063,452254,457706,457705,"55.5851","null","null","null","null","null","null","null",14,"2","Sinker",0,0,0,0,0,0,0,0,"Standard","Standard"
"SI","2018-03-29","87.8","2.7080","6.4779","Ty Blach",641355,621389,"null","called_strike",,,,,"7","null","R","L","L","LAD","SF","S","null","null",0,0,2018,"1.0930","1.0892","-0.6701","2.0078","null","null","null",0,2,"Bot","null","null",,,457763,,"180329_234009","-9.9378","-127.0638","-6.5296","13.2261","26.2136","-19.9931","3.8427","1.6725","null","null","null","84.8260","2126","4.6820",529418,621389,457763,474832,605412,446334,543063,452254,457706,457705,"55.8205","null","null","null","null","null","null","null",14,"1","Sinker",0,0,0,0,0,0,0,0,"Standard","Standard"
"FF","2018-03-29","91.0","1.0945","6.1893","Clayton Kershaw",621389,477132,"null","ball",,,,,"13","null","R","R","L","LAD","SF","B","null","null",1,1,2018,"-0.4797","1.3936","-1.8341","1.1141","452254.00","null","474832.00",2,2,"Top","null","null",,,518735,,"180329_233602","-6.3445","-132.1850","-9.8652","-4.2208","30.1798","-13.6594","3.4349","1.4525","null","null","null","91.3300","2348","6.7500",529418,477132,518735,641355,571771,523253,608369,461314,621035,624577,"53.7521","null","null","null","null","null","null","null",13,"3","4-Seam Fastball",0,0,0,0,0,0,0,0,"Standard","Standard"
"SL","2018-03-29","88.6","1.1180","6.3206","Clayton Kershaw",621389,477132,"null","ball",,,,,"14","null","R","R","L","LAD","SF","B","null","null",0,1,2018,"-0.2311","0.9971","0.5028","1.4881","452254.00","null","474832.00",2,2,"Top","null","null",,,518735,,"180329_233537","-1.0206","-128.8494","-7.7873","-2.3554","25.8744","-19.7818","3.5262","1.7723","null","null","null","88.4110","2564","6.1320",529418,477132,518735,641355,571771,523253,608369,461314,621035,624577,"54.3702","null","null","null","null","null","null","null",13,"2","Slider",0,0,0,0,0,0,0,0,"Standard","Standard"
"FF","2018-03-29","91.8","1.2027","6.1679","Clayton Kershaw",621389,477132,"null","called_strike",,,,,"5","null","R","R","L","LAD","SF","S","null","null",0,0,2018,"-0.0578","1.5257","-0.2372","2.1961","452254.00","null","474832.00",2,2,"Top","null","null",,,518735,,"180329_233453","-3.5190","-133.4276","-7.4664","0.0986","29.8564","-12.5524","3.4814","1.4982","null","null","null","91.6680","2294","6.3670",529418,477132,518735,641355,571771,523253,608369,461314,621035,624577,"54.1347","null","null","null","null","null","null","null",13,"1","4-Seam Fastball",0,0,0,0,0,0,0,0,"Standard","Standard"
"FF","2018-03-29","91.5","1.1819","6.2982","Clayton Kershaw",474832,477132,"null","ball",,,,,"12","null","R","L","L","LAD","SF","B","null","null",1,1,2018,"0.1535","1.7254","1.5876","3.0066","null","452254.00","null",1,2,"Top","null","null",,,518735,,"180329_233205","0.6934","-133.1867","-6.1812","1.6815","28.7224","-10.4678","3.1770","1.3585","null","null","null","91.7580","2377","6.4400",529418,477132,518735,641355,571771,523253,608369,461314,621035,624577,"54.0622","null","null","null","null","null","null","null",11,"3","4-Seam Fastball",0,0,0,0,0,0,0,0,"Infield shift","Standard"
"FF","2018-03-29","90.3","0.9961","6.3175","Clayton Kershaw",474832,477132,"null","called_strike",,,,,"3","null","R","L","L","LAD","SF","S","null","null",1,0,2018,"0.1262","1.8080","0.6203","3.3482","null","452254.00","null",1,2,"Top","null","null",,,518735,,"180329_233127","-1.2053","-131.3760","-5.2715","1.7218","28.8919","-10.3632","3.3301","1.4826","null","null","null","90.2500","2335","6.3570",529418,477132,518735,641355,571771,523253,608369,461314,621035,624577,"54.1446","null","null","null","null","null","null","null",11,"2","4-Seam Fastball",0,0,0,0,0,0,0,0,"Infield shift","Standard"
"FF","2018-03-29","90.1","0.9453","6.2938","Clayton Kershaw",474832,477132,"null","ball",,,,,"3","null","R","L","L","LAD","SF","B","null","null",0,0,2018,"0.3067","1.7915","0.8161","2.7128","null","452254.00","null",1,2,"Top","null","null",,,518735,,"180329_233056","-0.9735","-131.1439","-6.7444","3.7442","27.9035","-10.2927","3.1731","1.5207","null","null","null","90.2120","2334","6.3600",529418,477132,518735,641355,571771,523253,608369,461314,621035,624577,"54.1424","null","null","null","null","null","null","null",11,"1","4-Seam Fastball",0,0,0,0,0,0,0,0,"Infield shift","Standard"
"CU","2018-03-29","72.4","0.9808","6.3917","Clayton Kershaw",446334,477132,"null","ball",,,,,"12","null","R","R","L","LAD","SF","B","null","null",0,1,2018,"-0.4016","-1.3463","0.0619","3.9543","null","null","null",0,2,"Top","null","null",,,518735,,"180329_232920","-1.1482","-105.0602","4.8306","-2.6948","18.9855","-43.0363","3.6524","1.6847","null","null","null","71.3630","2450","5.7960",529418,477132,518735,641355,571771,523253,608369,461314,621035,624577,"54.7061","null","null","null","null","null","null","null",9,"2","Curveball",0,0,0,0,0,0,0,0,"Infield shift","Standard"
"CH","2018-03-29","80.3","2.8648","6.5087","Ty Blach",571771,621389,"null","called_strike",,,,,"6","null","R","R","L","LAD","SF","S","null","null",3,1,2018,"1.2728","0.9405","0.2987","2.3847","null","624577.00","null",2,1,"Bot","null","null",,,457763,,"180329_232520","-7.6818","-116.2004","-3.8588","12.4244","24.0615","-23.6981","3.3068","1.4480","null","null","null","77.3650","2024","4.7510",529418,621389,457763,474832,605412,446334,543063,452254,457706,457705,"55.7512","null","null","null","null","null","null","null",8,"5","Changeup",0,0,0,0,0,0,0,0,"Standard","Standard"
"SI","2018-03-29","90.6","2.8542","6.4166","Ty Blach",571771,621389,"null","called_strike",,,,,"13","null","R","R","L","LAD","SF","S","null","null",3,0,2018,"1.1910","1.0679","-0.9092","1.7969","null","null","624577.00",2,1,"Bot","null","null",,,457763,,"180329_232447","-11.5463","-130.9964","-7.4804","15.8098","30.6179","-18.9672","3.3525","1.4024","null","null","null","88.0240","2150","5.2790",529418,621389,457763,474832,605412,446334,543063,452254,457706,457705,"55.2230","null","null","null","null","null","null","null",8,"4","Sinker",0,0,0,0,0,0,0,0,"Standard","Strategic"
"SI","2018-03-29","89.9","2.8166","6.4014","Ty Blach",571771,621389,"null","ball",,,,,"13","null","R","R","L","LAD","SF","B","null","null",1,0,2018,"1.2007","0.7940","-0.8467","2.0184","null","null","624577.00",2,1,"Bot","null","null",,,457763,,"180329_232400","-11.2576","-130.2694","-6.3593","15.4379","25.2645","-22.4234","3.2867","1.4937","null","null","null","88.2150","2173","5.3010",529418,621389,457763,474832,605412,446334,543063,452254,457706,457705,"55.2010","null","null","null","null","null","null","null",8,"2","Sinker",0,0,0,0,0,0,0,0,"Standard","Strategic"
"SI","2018-03-29","90.4","2.6946","6.4526","Ty Blach",624577,621389,"walk","ball",,,,,"2","Yasiel Puig walks.  ","R","R","L","LAD","SF","B","null","null",3,1,2018,"1.1684","0.8979","0.0825","3.4841","null","null","null",2,1,"Bot","null","null",,,457763,,"180329_232258","-8.6478","-131.0164","-3.1399","14.7397","28.6454","-21.9031","3.6266","1.6387","null","null","null","87.9890","2078","5.0840",529418,621389,457763,474832,605412,446334,543063,452254,457706,457705,"55.4178","null","null","0.70",1,0,0,"null",7,"5","Sinker",0,0,0,0,0,0,0,0,"Standard","Standard"
"SI","2018-03-29","91.0","2.8192","6.3072","Ty Blach",624577,621389,"null","ball",,,,,"14","null","R","R","L","LAD","SF","B","null","null",2,1,2018,"1.2287","0.8144","1.0678","2.3338","null","null","null",2,1,"Bot","null","null",,,457763,,"180329_232239","-6.7054","-131.9420","-5.5309","15.1284","28.4754","-22.2006","3.6682","1.7053","null","null","null","88.5410","2111","4.9940",529418,621389,457763,474832,605412,446334,543063,452254,457706,457705,"55.5084","null","null","null","null","null","null","null",7,"4","Sinker",0,0,0,0,0,0,0,0,"Standard","Standard"
"SI","2018-03-29","91.3","2.5429","6.4348","Ty Blach",624577,621389,"null","called_strike",,,,,"4","null","R","R","L","LAD","SF","S","null","null",2,0,2018,"1.2265","1.0334","-0.3520","2.5247","null","null","null",2,1,"Bot","null","null",,,457763,,"180329_232224","-9.5682","-132.2073","-5.8593","15.9228","29.7517","-19.5430","3.5413","1.6596","null","null","null","88.9030","2137","5.2040",529418,621389,457763,474832,605412,446334,543063,452254,457706,457705,"55.2976","null","null","null","null","null","null","null",7,"3","Sinker",0,0,0,0,0,0,0,0,"Standard","Standard"
"SI","2018-03-29","91.1","2.6436","6.3138","Ty Blach",624577,621389,"null","ball",,,,,"13","null","R","R","L","LAD","SF","B","null","null",1,0,2018,"1.2878","0.9217","-1.3583","1.8683","null","null","null",2,1,"Bot","null","null",,,457763,,"180329_232204","-12.2951","-131.6087","-6.8274","17.0128","29.7554","-20.7450","3.7139","1.7053","null","null","null","88.1940","2140","5.0300",529418,621389,457763,474832,605412,446334,543063,452254,457706,457705,"55.4721","null","null","null","null","null","null","null",7,"2","Sinker",0,0,0,0,0,0,0,0,"Standard","Standard"
"SI","2018-03-29","90.6","2.6132","6.4275","Ty Blach",624577,621389,"null","ball",,,,,"11","null","R","R","L","LAD","SF","B","null","null",0,0,2018,"1.2184","1.0433","-0.4363","3.7174","null","null","null",2,1,"Bot","null","null",,,457763,,"180329_232149","-9.8304","-131.2369","-2.8258","15.6102","28.8281","-20.3251","3.5106","1.6722","null","null","null","88.1580","2243","5.1050",529418,621389,457763,474832,605412,446334,543063,452254,457706,457705,"55.3969","null","null","null","null","null","null","null",7,"1","Sinker",0,0,0,0,0,0,0,0,"Standard","Standard"
"SI","2018-03-29","91.0","2.9049","6.2083","Ty Blach",608369,621389,"strikeout","called_strike",,,,,"4","Corey Seager called out on strikes.  ","R","L","L","LAD","SF","S",2,"null",1,2,2018,"0.8217","1.1155","-0.7955","2.4143","null","null","null",1,1,"Bot","null","null",,,457763,,"180329_232116","-10.6316","-131.7777","-5.6617","11.4104","28.4492","-18.8677","3.6997","1.6710","null","null","null","88.3730","2205","4.9600",529418,621389,457763,474832,605412,446334,543063,452254,457706,457705,"55.5419","null","null","0.00",1,0,0,"null",6,"6","Sinker",0,0,0,0,0,0,0,0,"Standard","Standard"
"CU","2018-03-29","76.5","2.5682","6.5940","Ty Blach",608369,621389,"null","ball",,,,,"13","null","R","L","L","LAD","SF","B","null","null",0,1,2018,"-0.6639","-1.3527","-0.9569","0.9359","null","null","null",1,1,"Bot","null","null",,,457763,,"180329_232005","-6.0925","-110.9028","-2.4878","-4.0151","20.5380","-42.5103","3.4915","1.4426","null","null","null","73.8230","2425","4.5810",529418,621389,457763,474832,605412,446334,543063,452254,457706,457705,"55.9208","null","null","null","null","null","null","null",6,"2","Curveball",0,0,0,0,0,0,0,0,"Standard","Standard"
"SI","2018-03-29","90.5","2.5255","6.4592","Ty Blach",621035,621389,"strikeout","called_strike",,,,,"1","Chris Taylor called out on strikes.  ","R","R","L","LAD","SF","S",2,"null",3,2,2018,"0.8274","1.0766","-0.5017","3.3130","null","null","null",0,1,"Bot","null","null",,,457763,,"180329_231919","-8.9679","-131.2606","-3.9629","10.9975","27.3803","-19.7533","3.4723","1.6710","null","null","null","88.1360","2140","4.9620",529418,621389,457763,474832,605412,446334,543063,452254,457706,457705,"55.5399","null","null","0.00",1,0,0,"null",5,"7","Sinker",0,0,0,0,0,0,0,0,"Standard","Standard"
"CH","2018-03-29","80.7","2.8707","6.5284","Ty Blach",621035,621389,"null","ball",,,,,"14","null","R","R","L","LAD","SF","B","null","null",2,2,2018,"1.1288","0.6515","0.6366","0.6669","null","null","null",0,1,"Bot","null","null",,,457763,,"180329_231858","-6.6498","-116.8175","-7.1596","10.8675","22.2542","-25.5976","3.4010","1.4983","null","null","null","77.3330","1956","4.2100",529418,621389,457763,474832,605412,446334,543063,452254,457706,457705,"56.2916","null","null","null","null","null","null","null",5,"6","Changeup",0,0,0,0,0,0,0,0,"Standard","Standard"
"SI","2018-03-29","91.0","2.4878","6.6013","Ty Blach",621035,621389,"null","ball",,,,,"12","null","R","R","L","LAD","SF","B","null","null",1,2,2018,"0.9403","1.0457","0.2043","4.8974","null","null","null",0,1,"Bot","null","null",,,457763,,"180329_231842","-7.3468","-131.9629","-0.4435","11.8874","27.5795","-20.8685","3.4924","1.5897","null","null","null","88.0250","2212","4.5800",529418,621389,457763,474832,605412,446334,543063,452254,457706,457705,"55.9221","null","null","null","null","null","null","null",5,"5","Sinker",0,0,0,0,0,0,0,0,"Standard","Standard"
"CU","2018-03-29","75.8","2.6876","6.6194","Ty Blach",621035,621389,"null","ball",,,,,"13","null","R","R","L","LAD","SF","B","null","null",0,1,2018,"-0.6080","-1.4085","-0.2505","0.2257","null","null","null",0,1,"Bot","null","null",,,457763,,"180329_231740","-4.9306","-109.9220","-3.6867","-3.5886","21.7645","-42.3746","3.4010","1.6810","null","null","null","72.6320","2409","4.3430",529418,621389,457763,474832,605412,446334,543063,452254,457706,457705,"56.1593","null","null","null","null","null","null","null",5,"2","Curveball",0,0,0,0,0,0,0,0,"Standard","Standard"
"SI","2018-03-29","89.4","2.7083","6.4674","Ty Blach",621035,621389,"null","called_strike",,,,,"3","null","R","R","L","LAD","SF","S","null","null",0,0,2018,"0.9530","0.9637","0.8162","3.2158","null","null","null",0,1,"Bot","null","null",,,457763,,"180329_231723","-6.3697","-129.7856","-3.7967","11.5659","27.3037","-21.3286","3.6549","1.7167","null","null","null","86.9090","2141","4.8520",529418,621389,457763,474832,605412,446334,543063,452254,457706,457705,"55.6496","null","null","null","null","null","null","null",5,"1","Sinker",0,0,0,0,0,0,0,0,"Standard","Standard"
"FF","2018-03-29","91.8","0.9697","6.3202","Clayton Kershaw",457705,477132,"null","called_strike",,,,,"1","null","R","R","L","LAD","SF","S","null","null",0,0,2018,"-0.2778","1.4909","-0.6295","2.9278","null","457706.00","605412.00",0,1,"Top","null","null",,,518735,,"180329_231131","-3.4525","-133.6385","-5.9680","-2.5668","29.4425","-13.2213","3.4211","1.6756","null","null","null","91.9240","2437","6.3940",529418,477132,518735,641355,571771,523253,608369,461314,621035,624577,"54.1078","null","null","null","null","null","null","null",3,"1","4-Seam Fastball",0,0,0,0,0,0,0,0,"Standard","Standard"
"SL","2018-03-29","90.6","1.3287","6.3491","Clayton Kershaw",457706,477132,"null","ball",,,,,"13","null","R","R","L","LAD","SF","B","null","null",0,2,2018,"-0.6389","1.0424","-1.2656","0.7805","null","null","null",0,1,"Top","null","null",,,518735,,"180329_230912","-5.1014","-131.5309","-10.1354","-6.3522","26.7476","-18.2708","3.3508","1.5239","null","null","null","90.3420","2593","6.1700",529418,477132,518735,641355,571771,523253,608369,461314,621035,624577,"54.3322","null","null","null","null","null","null","null",1,"3","Slider",0,0,0,0,0,0,0,0,"Standard","Standard"
"FF","2018-03-29","91.2","1.3504","6.2721","Clayton Kershaw",457706,477132,"null","called_strike",,,,,"1","null","R","R","L","LAD","SF","S","null","null",0,0,2018,"-0.2986","1.5682","-0.6425","3.2651","null","null","null",0,1,"Top","null","null",,,518735,,"180329_231108","-4.3868","-132.7642","-5.1104","-2.6582","27.4030","-12.6002","3.4237","1.5418","null","null","null","91.7960","2390","6.5470",529418,477132,518735,641355,571771,523253,608369,461314,621035,624577,"53.9549","null","null","null","null","null","null","null",1,"1","4-Seam Fastball",0,0,0,0,0,0,0,0,"Standard","Standard"