"pitch_type","game_date","release_speed","release_pos_x","release_pos_z","player_name","batter","pitcher","events","description","spin_dir","spin_rate_deprecated","break_angle_deprecated","break_length_deprecated","zone","des","game_type","stand","p_throws","home_team","away_team","type","hit_location","bb_type","balls","strikes","game_year","pfx_x","pfx_z","plate_x","plate_z","on_3b","on_2b","on_1b","outs_when_up","inning","inning_topbot","hc_x","hc_y","tfs_deprecated","tfs_zulu_deprecated","pos2_person_id","umpire","sv_id","vx0","vy0","vz0","ax","ay","az","sz_top","sz_bot","hit_distance_sc","launch_speed","launch_angle","effective_speed","release_spin_rate","release_extension","game_pk","pos1_person_id","pos2_person_id","pos3_person_id","pos4_person_id","pos5_person_id","pos6_person_id","pos7_person_id","pos8_person_id","pos9_person_id","release_pos_y","estimated_ba_using_speedangle","estimated_woba_using_speedangle","woba_value","woba_denom","babip_value","iso_value","launch_speed_angle","at_bat_number","pitch_number","pitch_name","home_score","away_score","bat_score","fld_score","post_away_score","post_home_score","post_bat_score","post_fld_score","if_fielding_alignment","of_fielding_alignment"
"FF","2018-04-15","86.2","-0.1191","6.6684","Kyle McGrath",474832,657681,"null","ball",,,,,"13","null","R","L","L","SD","SF","B","null","null",0,0,2018,"0.0331","1.4499","-0.8622","1.4333","null","null","null",2,9,"Top","null","null",,,595978,,"180415_231943","-1.8360","-125.2985","-9.1770","0.7111","24.5952","-15.2300","3.2849","1.7756","null","null","null","86.4370","2031","6.4340",529638,657681,595978,452104,605486,570799,520471,519333,614173,517369,"54.0630","null","null","null","null","null","null","null",77,"1","4-Seam Fastball",10,1,1,10,1,10,1,10,"Infield shift","Strategic"
"FF","2018-04-15","86.3","-0.2342","6.7535","Kyle McGrath",453923,657681,"null","ball",,,,,"11","null","R","L","L","SD","SF","B","null","null",0,1,2018,"-0.1124","1.7157","-1.1755","2.5424","null","null","null",0,9,"Top","null","null",,,595978,,"180415_231729","-2.0072","-125.5151","-7.2554","-0.7920","24.5325","-12.8960","3.1178","1.5443","null","null","null","86.2200","2064","6.1880",529638,657681,595978,452104,605486,570799,520471,519333,614173,517369,"54.3098","null","null","null","null","null","null","null",75,"2","4-Seam Fastball",10,1,1,10,1,10,1,10,"Standard","Standard"
"FF","2018-04-15","96.1","-2.9901","5.5036","Hunter Strickland",605486,519326,"null","ball",,,,,"14","null","R","L","R","SD","SF","B","null","null",1,2,2018,"-0.3206","1.0744","1.5247","0.5051","null","null","null",2,8,"Bot","null","null",,,460026,,"180415_231344","12.5451","-139.1140","-9.8909","-6.9408","31.3612","-16.3948","3.2494","1.5485","null","null","null","95.1130","2394","6.0150",529638,519326,460026,474832,605412,467055,605509,452254,457706,453923,"54.4821","null","null","null","null","null","null","null",74,"5","4-Seam Fastball",10,1,10,1,1,10,10,1,"Standard","Standard"
"FT","2018-04-15","93.9","-2.5960","6.1562","Hunter Strickland",605486,519326,"null","ball",,,,,"13","null","R","L","R","SD","SF","B","null","null",0,2,2018,"-1.3142","0.7001","-1.4559","2.1855","null","null","null",2,8,"Bot","null","null",,,460026,,"180415_231248","5.9013","-136.5124","-6.0649","-17.8273","33.3114","-22.1919","3.2157","1.4980","null","null","null","93.7840","2188","6.5170",529638,519326,460026,474832,605412,467055,605509,452254,457706,453923,"53.9804","null","null","null","null","null","null","null",74,"3","2-Seam Fastball",10,1,10,1,1,10,10,1,"Standard","Standard"
"SL","2018-04-15","82.4","-3.0089","5.8573","Hunter Strickland",605486,519326,"null","called_strike",,,,,"13","null","R","L","R","SD","SF","S","null","null",0,0,2018,"1.2587","-0.4722","-1.1474","1.7901","null","null","null",2,8,"Bot","null","null",,,460026,,"180415_231200","1.8343","-119.8938","-1.8106","11.4272","23.2516","-36.5026","2.9978","1.3628","null","null","null","81.2200","2730","5.4970",529638,519326,460026,474832,605412,467055,605509,452254,457706,453923,"55.0006","null","null","null","null","null","null","null",74,"1","Slider",10,1,10,1,1,10,10,1,"Standard","Standard"
"FF","2018-04-15","94.6","-2.8836","5.7644","Hunter Strickland",452104,519326,"null","ball",,,,,"11","null","R","L","R","SD","SF","B","null","null",1,0,2018,"-0.3605","0.7662","-1.0719","3.5989","null","null","null",1,8,"Bot","null","null",,,460026,,"180415_231100","5.5212","-137.7900","-1.7056","-5.7508","29.0152","-22.2733","3.1545","1.4872","null","null","null","94.7750","2413","6.2190",529638,519326,460026,474832,605412,467055,605509,452254,457706,453923,"54.2783","null","null","null","null","null","null","null",73,"2","4-Seam Fastball",10,1,10,1,1,10,10,1,"Infield shift","Standard"
"CH","2018-04-15","86.3","-2.7111","6.1781","Hunter Strickland",452104,519326,"null","ball",,,,,"11","null","R","L","R","SD","SF","B","null","null",0,0,2018,"-1.2130","0.6647","-1.0578","2.7633","null","null","null",1,8,"Bot","null","null",,,460026,,"180415_231043","6.2469","-125.4293","-3.1880","-13.7392","24.2963","-24.9315","3.1209","1.4704","null","null","null","85.3380","1348","5.6360",529638,519326,460026,474832,605412,467055,605509,452254,457706,453923,"54.8611","null","null","null","null","null","null","null",73,"1","Changeup",10,1,10,1,1,10,10,1,"Infield shift","Standard"
"FF","2018-04-15","95.6","-2.8397","5.6404","Hunter Strickland",657681,519326,"null","called_strike",,,,,"9","null","R","L","R","SD","SF","S","null","null",0,1,2018,"-0.3582","1.2985","0.3990","2.1390","null","null","null",0,8,"Bot","null","null",,,460026,,"180415_230942","9.2721","-138.7233","-6.4158","-6.7087","31.9688","-14.3569","3.7468","1.8362","null","null","null","94.8720","2306","6.0870",529638,519326,460026,474832,605412,467055,605509,452254,457706,453923,"54.4102","null","null","null","null","null","null","null",72,"2","4-Seam Fastball",10,1,10,1,1,10,10,1,"Standard","Standard"
"CH","2018-04-15","77.8","0.0398","6.4359","Kyle McGrath",460026,657681,"null","ball",,,,,"13","null","R","R","L","SD","SF","B","null","null",1,2,2018,"0.8080","1.3955","-0.3768","1.1702","467055.00","null","457705.00",2,8,"Top","null","null",,,595978,,"180415_230606","-2.3823","-113.1128","-6.9697","7.3899","20.0213","-19.1100","3.5138","1.6049","null","null","null","78.0220","1903","6.4260",529638,657681,595978,452104,605486,570799,520471,519333,614173,517369,"54.0715","null","null","null","null","null","null","null",71,"6","Changeup",10,1,1,10,1,10,1,10,"Standard","Standard"
"FF","2018-04-15","88.0","-0.1962","6.6734","Kyle McGrath",460026,657681,"null","ball",,,,,"11","null","R","R","L","SD","SF","B","null","null",0,2,2018,"0.1082","1.6375","-1.6631","3.2221","467055.00","null","457705.00",2,8,"Top","null","null",,,595978,,"180415_230445","-3.7740","-128.0836","-5.6433","1.9515","26.0065","-13.3107","3.3623","1.5880","null","null","null","87.9120","1963","6.1810",529638,657681,595978,452104,605486,570799,520471,519333,614173,517369,"54.3164","null","null","null","null","null","null","null",71,"3","4-Seam Fastball",10,1,1,10,1,10,1,10,"Standard","Standard"
"FF","2018-04-15","87.6","-0.2803","6.6358","Kyle McGrath",460026,657681,"null","called_strike",,,,,"8","null","R","R","L","SD","SF","S","null","null",0,1,2018,"-0.0684","1.7300","-0.2212","2.0830","467055.00","null","457705.00",2,8,"Top","null","null",,,595978,,"180415_230421","0.2810","-127.2638","-8.3177","-0.7938","26.6801","-12.0764","3.5576","1.6723","null","null","null","87.0460","2051","6.0750",529638,657681,595978,452104,605486,570799,520471,519333,614173,517369,"54.4227","null","null","null","null","null","null","null",71,"2","4-Seam Fastball",10,1,1,10,1,10,1,10,"Standard","Standard"
"FF","2018-04-15","87.2","-0.1377","6.6663","Kyle McGrath",460026,657681,"null","called_strike",,,,,"1","null","R","R","L","SD","SF","S","null","null",0,0,2018,"0.1327","1.5744","-0.6390","3.3843","467055.00","null","457705.00",2,8,"Top","null","null",,,595978,,"180415_230357","-1.4693","-126.8631","-4.9041","1.7234","26.3134","-14.5583","3.4902","1.7228","null","null","null","86.8290","1920","6.0940",529638,657681,595978,452104,605486,570799,520471,519333,614173,517369,"54.4036","null","null","null","null","null","null","null",71,"1","4-Seam Fastball",10,1,1,10,1,10,1,10,"Standard","Standard"
"CH","2018-04-15","77.5","-0.0420","6.4249","Kyle McGrath",457705,657681,"null","ball",,,,,"13","null","R","R","L","SD","SF","B","null","null",2,1,2018,"0.7300","1.6119","-0.1526","1.0905","467055.00","null","null",2,8,"Top","null","null",,,595978,,"180415_230300","-1.5831","-112.6288","-7.3845","6.5210","21.7987","-17.2412","3.5878","1.8774","null","null","null","77.5020","2065","6.5090",529638,657681,595978,452104,605486,570799,520471,519333,614173,517369,"53.9883","null","null","null","null","null","null","null",70,"4","Changeup",10,1,1,10,1,10,1,10,"Standard","Standard"
"FF","2018-04-15","88.5","0.0226","6.6055","Kyle McGrath",457705,657681,"null","ball",,,,,"14","null","R","R","L","SD","SF","B","null","null",1,1,2018,"-0.1542","1.6772","1.2238","2.0458","467055.00","null","null",2,8,"Top","null","null",,,595978,,"180415_230241","3.2218","-128.4409","-8.3607","-2.3998","28.8841","-12.3257","3.5709","1.7090","null","null","null","87.5030","2070","6.0000",529638,657681,595978,452104,605486,570799,520471,519333,614173,517369,"54.4969","null","null","null","null","null","null","null",70,"3","4-Seam Fastball",10,1,1,10,1,10,1,10,"Standard","Standard"
"CH","2018-04-15","78.1","0.0621","6.5281","Kyle McGrath",457705,657681,"null","ball",,,,,"12","null","R","R","L","SD","SF","B","null","null",0,0,2018,"0.6233","1.5715","0.8508","4.6003","467055.00","null","null",2,8,"Top","null","null",,,595978,,"180415_230203","0.5546","-113.6823","-0.0798","5.2161","23.2481","-18.9682","3.5204","1.7258","null","null","null","77.6370","2081","6.2040",529638,657681,595978,452104,605486,570799,520471,519333,614173,517369,"54.2935","null","null","null","null","null","null","null",70,"1","Changeup",10,1,1,10,1,10,1,10,"Standard","Standard"
"CU","2018-04-15","68.8","0.1033","6.4867","Kyle McGrath",605412,657681,"null","ball",,,,,"11","null","R","L","L","SD","SF","B","null","null",0,0,2018,"-0.4218","-1.1436","-0.7769","4.4595","null","467055.00","null",1,8,"Top","null","null",,,595978,,"180415_230058","-0.9902","-99.7929","5.6710","-2.5514","16.3892","-40.7373","3.3260","1.5274","null","null","null","67.3190","1954","5.2990",529638,657681,595978,452104,605486,570799,520471,519333,614173,517369,"55.1982","null","null","null","null","null","null","null",69,"1","Curveball",10,1,1,10,1,10,1,10,"Standard","Standard"
"CH","2018-04-15","77.4","-0.0633","6.5621","Kyle McGrath",457706,657681,"null","called_strike",,,,,"2","null","R","R","L","SD","SF","S","null","null",0,0,2018,"0.7206","1.7700","0.0938","3.3148","null","467055.00","null",0,8,"Top","null","null",,,595978,,"180415_225929","-0.9545","-112.6063","-3.1395","6.2177","20.8130","-16.9929","3.4496","1.6313","null","null","null","76.8870","1999","5.9700",529638,657681,595978,452104,605486,570799,520471,519333,614173,517369,"54.5274","null","null","null","null","null","null","null",68,"1","Changeup",10,1,1,10,1,10,1,10,"Standard","Standard"
"FF","2018-04-15","87.1","0.1565","6.7644","Kyle McGrath",467055,657681,"null","ball",,,,,"12","null","R","R","L","SD","SF","B","null","null",1,2,2018,"0.1703","1.3916","0.8655","4.0689","null","null","null",0,8,"Top","null","null",,,595978,,"180415_225819","1.3470","-126.8141","-3.0814","1.5296","25.3493","-17.1043","3.4007","1.7263","null","null","null","86.2890","1994","5.6860",529638,657681,595978,452104,605486,570799,520471,519333,614173,517369,"54.8108","null","null","null","null","null","null","null",67,"4","4-Seam Fastball",10,1,1,10,1,10,1,10,"Standard","Standard"
"CH","2018-04-15","75.9","0.1474","6.5984","Kyle McGrath",467055,657681,"null","called_strike",,,,,"7","null","R","R","L","SD","SF","S","null","null",1,1,2018,"0.5502","1.7148","-0.3931","1.6819","null","null","null",0,8,"Top","null","null",,,595978,,"180415_225803","-2.0920","-110.4707","-6.2424","4.8245","18.7841","-17.4065","3.3939","1.6758","null","null","null","75.6960","2015","6.0240",529638,657681,595978,452104,605486,570799,520471,519333,614173,517369,"54.4736","null","null","null","null","null","null","null",67,"3","Changeup",10,1,1,10,1,10,1,10,"Standard","Standard"
"CH","2018-04-15","77.2","0.0732","6.5166","Kyle McGrath",467055,657681,"null","ball",,,,,"14","null","R","R","L","SD","SF","B","null","null",0,1,2018,"0.6084","1.4276","0.1579","1.2567","null","null","null",0,8,"Top","null","null",,,595978,,"180415_225747","-0.9406","-112.3262","-6.9058","5.3675","19.7188","-18.9502","3.4176","1.6758","null","null","null","77.7010","2012","6.5790",529638,657681,595978,452104,605486,570799,520471,519333,614173,517369,"53.9179","null","null","null","null","null","null","null",67,"2","Changeup",10,1,1,10,1,10,1,10,"Standard","Standard"
"FF","2018-04-15","88.0","-0.0070","6.8096","Kyle McGrath",467055,657681,"null","called_strike",,,,,"2","null","R","R","L","SD","SF","S","null","null",0,0,2018,"0.0744","1.4967","0.2100","2.9520","null","null","null",0,8,"Top","null","null",,,595978,,"180415_225733","0.3718","-127.9985","-6.2703","0.7338","24.9531","-14.9515","3.4445","1.6252","null","null","null","87.4530","2011","5.8410",529638,657681,595978,452104,605486,570799,520471,519333,614173,517369,"54.6564","null","null","null","null","null","null","null",67,"1","4-Seam Fastball",10,1,1,10,1,10,1,10,"Standard","Standard"
"FF","2018-04-15","93.5","-0.9740","6.2516","Derek Law",570799,571882,"null","ball",,,,,"13","null","R","R","R","SD","SF","B","null","null",1,2,2018,"-0.2129","0.9428","-1.5683","2.6351","null","520471.00","614173.00",2,7,"Bot","null","null",,,460026,,"180415_225347","-1.0667","-136.2618","-5.7838","-2.4817","27.6909","-19.2312","3.6148","1.7934","null","null","null","94.6190","2056","6.6890",529638,571882,460026,474832,605412,446334,605509,452254,457706,457705,"53.8080","null","null","null","null","null","null","null",66,"5","4-Seam Fastball",10,1,10,1,1,10,10,1,"Standard","Strategic"
"SL","2018-04-15","86.8","-1.0059","6.3834","Derek Law",570799,571882,"null","ball",,,,,"14","null","R","R","R","SD","SF","B","null","null",0,0,2018,"0.5574","0.0729","1.7754","1.9372","null","520471.00","614173.00",2,7,"Bot","null","null",,,460026,,"180415_225212","5.4983","-126.2146","-4.5484","4.7298","26.4537","-30.6879","3.5979","1.7934","null","null","null","86.2650","2370","6.0530",529638,571882,460026,474832,605412,446334,605509,452254,457706,457705,"54.4443","null","null","null","null","null","null","null",66,"1","Slider",10,1,10,1,1,10,10,1,"Standard","Strategic"
"FF","2018-04-15","93.6","-1.3743","6.3932","Derek Law",614173,571882,"null","ball",,,,,"13","null","R","L","R","SD","SF","B","null","null",0,0,2018,"-0.4281","0.9687","-0.3970","1.0008","517369.00","null","520471.00",2,7,"Bot","null","null",,,460026,,"180415_225107","3.4875","-135.9996","-10.3570","-6.1142","29.4305","-18.0054","3.8205","1.7472","null","null","null","94.0090","2193","6.5790",529638,571882,460026,474832,605412,446334,605509,452254,457706,457705,"53.9180","null","null","null","null","null","null","null",65,"1","4-Seam Fastball",9,1,9,1,1,9,9,1,"Strategic","Standard"
"FF","2018-04-15","93.9","-1.0985","6.1861","Derek Law",520471,571882,"walk","ball",,,,,"11","Freddy Galvis walks.  ","R","L","R","SD","SF","B","null","null",3,2,2018,"-0.3843","0.8454","-0.8260","3.4870","517369.00","null","null",2,7,"Bot","null","null",,,460026,,"180415_224956","1.5734","-136.8013","-3.2133","-5.2132","28.5502","-20.9500","3.0741","1.4505","null","null","null","94.7360","2074","6.5880",529638,571882,460026,474832,605412,446334,605509,452254,457706,457705,"53.9092","null","null","0.70",1,0,0,"null",64,"7","4-Seam Fastball",9,1,9,1,1,9,9,1,"Standard","Standard"
"SL","2018-04-15","85.5","-0.9882","6.2519","Derek Law",520471,571882,"null","ball",,,,,"14","null","R","L","R","SD","SF","B","null","null",2,2,2018,"0.4737","-0.2274","0.1112","1.1368","517369.00","null","null",2,7,"Bot","null","null",,,460026,,"180415_224933","1.6407","-124.4378","-5.3369","4.5914","23.8388","-33.7209","2.9899","1.5010","null","null","null","85.4900","2227","6.1690",529638,571882,460026,474832,605412,446334,605509,452254,457706,457705,"54.3283","null","null","null","null","null","null","null",64,"6","Slider",9,1,9,1,1,9,9,1,"Standard","Standard"
"FF","2018-04-15","94.1","-1.1978","6.2750","Derek Law",520471,571882,"null","ball",,,,,"12","null","R","L","R","SD","SF","B","null","null",1,1,2018,"-0.1478","1.1695","1.1776","2.8450","517369.00","null","null",2,7,"Bot","null","null",,,460026,,"180415_224825","6.4927","-136.8571","-5.8037","-3.2233","28.6543","-16.4124","3.1246","1.4842","null","null","null","94.3540","2357","6.3500",529638,571882,460026,474832,605412,446334,605509,452254,457706,457705,"54.1473","null","null","null","null","null","null","null",64,"3","4-Seam Fastball",9,1,9,1,1,9,9,1,"Standard","Standard"
"FF","2018-04-15","92.7","-0.8204","6.3611","Derek Law",520471,571882,"null","ball",,,,,"14","null","R","L","R","SD","SF","B","null","null",0,1,2018,"-0.1359","1.1507","1.1232","1.6835","517369.00","null","null",2,7,"Bot","null","null",,,460026,,"180415_224806","5.2617","-134.7906","-8.6965","-2.7212","27.0869","-16.5364","3.1414","1.4842","null","null","null","92.9730","2279","6.3220",529638,571882,460026,474832,605412,446334,605509,452254,457706,457705,"54.1752","null","null","null","null","null","null","null",64,"2","4-Seam Fastball",9,1,9,1,1,9,9,1,"Standard","Standard"
"CU","2018-04-15","76.9","-0.5736","6.4537","Derek Law",520471,571882,"null","called_strike",,,,,"6","null","R","L","R","SD","SF","S","null","null",0,0,2018,"0.5193","-1.0059","0.7219","2.3716","517369.00","null","null",2,7,"Bot","null","null",,,460026,,"180415_224750","1.8075","-111.9118","0.1386","4.0079","20.1926","-40.8177","3.1716","1.5179","null","null","null","76.7270","2285","6.1570",529638,571882,460026,474832,605412,446334,605509,452254,457706,457705,"54.3404","null","null","null","null","null","null","null",64,"1","Curveball",9,1,9,1,1,9,9,1,"Standard","Standard"
"FF","2018-04-15","94.6","-1.1587","6.2530","Derek Law",519333,571882,"null","ball",,,,,"14","null","R","R","R","SD","SF","B","null","null",2,2,2018,"-0.1538","1.4130","0.9830","1.1053","null","null","605486.00",2,7,"Bot","null","null",,,460026,,"180415_224501","5.9485","-137.2871","-10.9124","-3.2993","30.9574","-11.9309","3.4231","1.5377","null","null","null","94.7920","2261","6.5890",529638,571882,460026,474832,605412,446334,605509,452254,457706,457705,"53.9079","null","null","null","null","null","null","null",62,"5","4-Seam Fastball",7,1,7,1,1,7,7,1,"Standard","Standard"
"CU","2018-04-15","76.8","-0.5561","6.4401","Derek Law",519333,571882,"null","called_strike",,,,,"5","null","R","R","R","SD","SF","S","null","null",1,1,2018,"0.3772","-1.0346","-0.1185","2.5238","null","null","605486.00",2,7,"Bot","null","null",,,460026,,"180415_224412","0.2577","-111.8095","0.5066","3.0488","20.0354","-40.9992","3.4231","1.5478","null","null","null","76.0510","2166","5.7020",529638,571882,460026,474832,605412,446334,605509,452254,457706,457705,"54.7951","null","null","null","null","null","null","null",62,"3","Curveball",7,1,7,1,1,7,7,1,"Standard","Standard"
"SL","2018-04-15","82.3","-1.0546","6.3488","Derek Law",519333,571882,"null","called_strike",,,,,"6","null","R","R","R","SD","SF","S","null","null",1,0,2018,"0.8487","-0.1240","0.5631","2.6458","null","null","605486.00",2,7,"Bot","null","null",,,460026,,"180415_224351","2.0301","-119.6818","-1.5426","7.5454","25.9169","-33.2673","3.5073","1.6152","null","null","null","81.4230","null","6.0060",529638,571882,460026,474832,605412,446334,605509,452254,457706,457705,"54.4908","null","null","null","null","null","null","null",62,"2","Slider",7,1,7,1,1,7,7,1,"Standard","Standard"
"FF","2018-04-15","92.7","-1.0967","6.2525","Derek Law",519333,571882,"null","ball",,,,,"14","null","R","R","R","SD","SF","B","null","null",0,0,2018,"-0.4125","1.3531","0.8786","1.3160","null","null","605486.00",2,7,"Bot","null","null",,,460026,,"180415_224333","5.9876","-134.7031","-9.8535","-6.3383","28.2424","-13.6277","3.5073","1.6051","null","null","null","93.2790","2322","6.6290",529638,571882,460026,474832,605412,446334,605509,452254,457706,457705,"53.8683","null","null","null","null","null","null","null",62,"1","4-Seam Fastball",7,1,7,1,1,7,7,1,"Standard","Standard"
"SL","2018-04-15","83.5","-1.2382","6.2802","Derek Law",595978,571882,"null","called_strike",,,,,"8","null","R","R","R","SD","SF","S","null","null",0,0,2018,"0.4568","-0.3263","0.2749","1.6997","null","null","605486.00",1,7,"Bot","null","null",,,460026,,"180415_224219","2.5823","-121.5150","-3.4716","3.9818","23.4449","-34.9316","3.3020","1.5647","null","null","null","83.1710","2349","6.0300",529638,571882,460026,474832,605412,446334,605509,452254,457706,457705,"54.4675","null","null","null","null","null","null","null",61,"1","Slider",7,1,7,1,1,7,7,1,"Standard","Strategic"
"FF","2018-04-15","94.2","-1.1885","6.2141","Derek Law",605486,571882,"walk","ball",,,,,"11","Cory Spangenberg walks.  ","R","L","R","SD","SF","B","null","null",3,1,2018,"-0.5703","1.1750","-1.5011","3.2233","null","null","null",1,7,"Bot","null","null",,,460026,,"180415_224146","0.4592","-137.1517","-4.7047","-7.3231","30.0094","-16.4722","3.2157","1.4980","null","null","null","94.5430","2229","6.4330",529638,571882,460026,474832,605412,446334,605509,452254,457706,457705,"54.0646","null","null","0.70",1,0,0,"null",60,"5","4-Seam Fastball",7,1,7,1,1,7,7,1,"Standard","Standard"
"SL","2018-04-15","84.1","-1.1051","6.3597","Derek Law",605486,571882,"null","ball",,,,,"11","null","R","L","R","SD","SF","B","null","null",2,1,2018,"0.5538","-0.2051","-0.9588","2.3548","null","null","null",1,7,"Bot","null","null",,,460026,,"180415_224132","-0.7292","-122.4507","-2.4947","5.6119","23.9941","-33.9517","3.1143","1.4301","null","null","null","83.4430","null","5.8020",529638,571882,460026,474832,605412,446334,605509,452254,457706,457705,"54.6949","null","null","null","null","null","null","null",60,"4","Slider",7,1,7,1,1,7,7,1,"Standard","Standard"
"FF","2018-04-15","95.8","-0.8399","6.3658","Derek Law",605486,571882,"null","ball",,,,,"14","null","R","L","R","SD","SF","B","null","null",1,1,2018,"-0.2575","1.4384","2.0476","1.0702","null","null","null",1,7,"Bot","null","null",,,460026,,"180415_224105","8.1828","-138.8972","-11.5259","-5.2297","32.4204","-11.1640","3.2658","1.5480","null","null","null","95.3650","2313","6.3320",529638,571882,460026,474832,605412,446334,605509,452254,457706,457705,"54.1650","null","null","null","null","null","null","null",60,"3","4-Seam Fastball",7,1,7,1,1,7,7,1,"Standard","Standard"
"FF","2018-04-15","93.6","-0.8221","6.3738","Derek Law",605486,571882,"null","ball",,,,,"12","null","R","L","R","SD","SF","B","null","null",0,1,2018,"-0.1753","1.1784","1.1491","2.6486","null","null","null",1,7,"Bot","null","null",,,460026,,"180415_224052","5.4979","-136.1984","-6.5064","-3.4110","30.1988","-16.2045","3.1147","1.4474","null","null","null","93.9440","2265","6.5120",529638,571882,460026,474832,605412,446334,605509,452254,457706,457705,"53.9850","null","null","null","null","null","null","null",60,"2","4-Seam Fastball",7,1,7,1,1,7,7,1,"Standard","Standard"
"CH","2018-04-15","83.7","-1.2801","6.1725","Derek Law",605486,571882,"null","called_strike",,,,,"8","null","R","L","R","SD","SF","S","null","null",0,0,2018,"-1.4672","0.5811","0.0293","1.5995","null","null","null",1,7,"Bot","null","null",,,460026,,"180415_224039","5.9191","-121.6176","-5.2284","-15.7315","25.0808","-25.5734","3.1416","1.4912","null","null","null","83.5260","1973","6.3700",529638,571882,460026,474832,605412,446334,605509,452254,457706,457705,"54.1270","null","null","null","null","null","null","null",60,"1","Changeup",7,1,7,1,1,7,7,1,"Standard","Standard"
"FF","2018-04-15","94.6","-1.0322","6.3891","Derek Law",452104,571882,"strikeout","called_strike",,,,,"8","Chase Headley called out on strikes.  ","R","L","R","SD","SF","S",2,"null",1,2,2018,"-0.2133","1.2321","-0.0169","1.9616","null","null","null",0,7,"Bot","null","null",,,460026,,"180415_224011","3.1334","-137.5530","-8.6441","-3.4076","30.1710","-14.7665","3.2051","1.5377","null","null","null","94.8880","2329","6.4720",529638,571882,460026,474832,605412,446334,605509,452254,457706,457705,"54.0256","null","null","0.00",1,0,0,"null",59,"4","4-Seam Fastball",7,1,7,1,1,7,7,1,"Infield shift","Standard"
"FF","2018-04-15","94.1","-0.8375","6.4500","Derek Law",452104,571882,"null","ball",,,,,"11","null","R","L","R","SD","SF","B","null","null",0,2,2018,"-0.2722","1.1773","-0.7109","3.5060","null","null","null",0,7,"Bot","null","null",,,460026,,"180415_223958","0.9304","-136.9397","-4.5219","-3.6210","30.8046","-16.6241","3.2219","1.4872","null","null","null","94.0300","2247","6.2840",529638,571882,460026,474832,605412,446334,605509,452254,457706,457705,"54.2131","null","null","null","null","null","null","null",59,"3","4-Seam Fastball",7,1,7,1,1,7,7,1,"Infield shift","Standard"
"CH","2018-04-15","83.0","-1.3818","6.2546","Derek Law",452104,571882,"null","called_strike",,,,,"13","null","R","L","R","SD","SF","S","null","null",0,0,2018,"-1.3467","0.4093","-0.8727","2.3917","null","null","null",0,7,"Bot","null","null",,,460026,,"180415_223930","3.8817","-120.8779","-3.1928","-14.1428","24.5013","-27.6671","3.2219","1.5714","null","null","null","83.6760","1912","6.7780",529638,571882,460026,474832,605412,446334,605509,452254,457706,457705,"53.7196","null","null","null","null","null","null","null",59,"1","Changeup",7,1,7,1,1,7,7,1,"Infield shift","Standard"
"CH","2018-04-15","85.5","-1.6870","5.8044","Jordan Lyles",474832,543475,"null","called_strike",,,,,"3","null","R","L","R","SD","SF","S","null","null",0,0,2018,"-1.4292","-0.0224","0.3735","3.1757","null","446334.00","null",1,7,"Top","null","null",,,595978,,"180415_223442","7.5956","-124.1431","0.1603","-16.0365","25.1677","-32.6786","3.3194","1.5913","null","null","null","84.5630","1860","5.8260",529638,543475,595978,452104,605486,570799,520471,519333,614173,517369,"54.6713","null","null","null","null","null","null","null",57,"1","Changeup",7,1,1,7,1,7,1,7,"Standard","Strategic"
"CU","2018-04-15","85.0","-1.3654","5.9663","Jordan Lyles",452254,543475,"null","called_strike",,,,,"8","null","R","R","R","SD","SF","S","null","null",0,1,2018,"0.2167","-1.0220","0.1417","1.7621","null","446334.00","null",0,7,"Top","null","null",,,595978,,"180415_223346","3.0928","-123.6859","-1.4422","1.5308","26.6648","-42.4675","3.5357","1.7507","null","null","null","84.5540","2336","6.1810",529638,543475,595978,452104,605486,570799,520471,519333,614173,517369,"54.3168","null","null","null","null","null","null","null",56,"2","Curveball",7,1,1,7,1,7,1,7,"Standard","Standard"
"FF","2018-04-15","94.6","-1.3215","6.0188","Jordan Lyles",452254,543475,"null","called_strike",,,,,"6","null","R","R","R","SD","SF","S","null","null",0,0,2018,"-0.6396","1.5011","0.6875","2.7437","null","446334.00","null",0,7,"Top","null","null",,,595978,,"180415_223321","6.7082","-137.5164","-6.2386","-9.6900","31.2710","-11.8024","3.6112","1.7588","null","null","null","94.9160","2242","6.5850",529638,543475,595978,452104,605486,570799,520471,519333,614173,517369,"53.9127","null","null","null","null","null","null","null",56,"1","4-Seam Fastball",7,1,1,7,1,7,1,7,"Standard","Standard"
"FF","2018-04-15","94.4","-1.3108","6.0667","Jordan Lyles",446334,543475,"null","ball",,,,,"14","null","R","R","R","SD","SF","B","null","null",1,0,2018,"-0.4370","1.3621","1.4398","2.2025","null","null","null",0,7,"Top","null","null",,,595978,,"180415_223148","8.2178","-137.2397","-7.5128","-7.3831","29.4062","-13.2261","3.7261","1.7331","null","null","null","95.3240","2134","6.8010",529638,543475,595978,452104,605486,570799,520471,519333,614173,517369,"53.6965","null","null","null","null","null","null","null",55,"2","4-Seam Fastball",7,1,1,7,1,7,1,7,"Standard","Standard"
"FF","2018-04-15","93.9","-1.4035","6.1551","Jordan Lyles",446334,543475,"null","ball",,,,,"11","null","R","R","R","SD","SF","B","null","null",0,0,2018,"-0.8059","1.2418","-0.3429","3.7114","null","null","null",0,7,"Top","null","null",,,595978,,"180415_223135","4.5992","-136.7732","-3.4509","-11.2615","29.1645","-15.7845","3.4597","1.5709","null","null","null","94.9180","2123","6.7510",529638,543475,595978,452104,605486,570799,520471,519333,614173,517369,"53.7467","null","null","null","null","null","null","null",55,"1","4-Seam Fastball",7,1,1,7,1,7,1,7,"Standard","Standard"
"CU","2018-04-15","77.1","-0.4621","6.4468","Derek Law",641319,571882,"null","called_strike",,,,,"2","null","R","L","R","SD","SF","S","null","null",1,1,2018,"0.1266","-0.7976","0.0053","2.9813","null","614173.00","570799.00",2,6,"Bot","null","null",,,460026,,"180415_222753","0.7613","-112.1490","1.0114","0.9149","20.1193","-39.2152","3.1381","1.4203","null","null","null","76.5170","1955","5.8700",529638,571882,460026,474832,605412,446334,605509,452254,457706,457705,"54.6278","null","null","null","null","null","null","null",54,"3","Curveball",7,1,7,1,1,7,7,1,"Standard","Standard"
"FF","2018-04-15","93.2","-0.9869","6.2600","Derek Law",641319,571882,"null","ball",,,,,"14","null","R","L","R","SD","SF","B","null","null",0,1,2018,"-0.3117","1.0099","1.3333","1.2274","null","614173.00","570799.00",2,6,"Bot","null","null",,,460026,,"180415_222730","6.7356","-135.4528","-9.5250","-5.3747","29.2501","-17.5995","3.1683","1.4708","null","null","null","94.2460","2150","6.9420",529638,571882,460026,474832,605412,446334,605509,452254,457706,457705,"53.5557","null","null","null","null","null","null","null",54,"2","4-Seam Fastball",7,1,7,1,1,7,7,1,"Standard","Standard"
"CU","2018-04-15","76.1","-0.4779","6.4234","Derek Law",641319,571882,"null","called_strike",,,,,"1","null","R","L","R","SD","SF","S","null","null",0,0,2018,"0.3569","-0.7816","-0.7994","2.9018","null","614173.00","570799.00",2,6,"Bot","null","null",,,460026,,"180415_222709","-1.2959","-110.6655","1.1368","3.1233","22.2004","-38.9384","3.1886","1.4203","null","null","null","75.1860","1912","5.9350",529638,571882,460026,474832,605412,446334,605509,452254,457706,457705,"54.5627","null","null","null","null","null","null","null",54,"1","Curveball",7,1,7,1,1,7,7,1,"Standard","Standard"
"FF","2018-04-15","94.2","-1.1931","6.2668","Derek Law",570799,571882,"walk","ball",,,,,"14","Christian Villanueva walks.  ","R","R","R","SD","SF","B","null","null",3,2,2018,"-0.1327","0.8495","1.1178","0.8369","null","614173.00","null",2,6,"Bot","null","null",,,460026,,"180415_222636","6.3108","-136.7336","-10.2844","-3.0720","30.2810","-19.3831","3.5643","1.7260","null","null","null","94.3740","1952","6.5360",529638,571882,460026,474832,605412,446334,605509,452254,457706,457705,"53.9613","null","null","0.70",1,0,0,"null",53,"6","4-Seam Fastball",7,1,7,1,1,7,7,1,"Strategic","Strategic"
"FF","2018-04-15","94.1","-1.0005","6.3461","Derek Law",570799,571882,"null","ball",,,,,"14","null","R","R","R","SD","SF","B","null","null",2,0,2018,"-0.7034","1.2144","1.7181","1.9837","null","614173.00","null",2,6,"Bot","null","null",,,460026,,"180415_222521","8.5776","-136.5689","-8.2429","-10.6376","29.4886","-15.4418","3.3190","1.5130","null","null","null","93.8790","2235","6.2590",529638,571882,460026,474832,605412,446334,605509,452254,457706,457705,"54.2383","null","null","null","null","null","null","null",53,"3","4-Seam Fastball",7,1,7,1,1,7,7,1,"Standard","Strategic"
"SL","2018-04-15","84.9","-0.9798","6.2908","Derek Law",570799,571882,"null","ball",,,,,"14","null","R","R","R","SD","SF","B","null","null",1,0,2018,"0.4950","0.2179","2.1907","1.9176","null","null","614173.00",2,6,"Bot","null","null",,,460026,,"180415_222452","6.4151","-123.5060","-4.3466","3.8162","23.5341","-29.3454","3.5807","1.7255","null","null","null","84.7450","null","6.1050",529638,571882,460026,474832,605412,446334,605509,452254,457706,457705,"54.3919","null","null","null","null","null","null","null",53,"2","Slider",7,1,7,1,1,7,7,1,"Standard","Strategic"
"SL","2018-04-15","85.7","-0.9543","6.4100","Derek Law",570799,571882,"null","ball",,,,,"14","null","R","R","R","SD","SF","B","null","null",0,0,2018,"0.3281","0.1712","1.3561","1.9237","null","null","614173.00",2,6,"Bot","null","null",,,460026,,"180415_222435","4.7818","-124.7254","-4.6631","2.4429","24.7472","-29.7063","3.5474","1.7260","null","null","null","85.3910","2333","6.0490",529638,571882,460026,474832,605412,446334,605509,452254,457706,457705,"54.4484","null","null","null","null","null","null","null",53,"1","Slider",7,1,7,1,1,7,7,1,"Standard","Strategic"
"FF","2018-04-15","94.4","1.5422","6.2981","Josh Osich",614173,592612,"null","ball",,,,,"14","null","R","L","L","SD","SF","B","null","null",2,2,2018,"0.4553","0.7080","1.2298","2.4647","null","517369.00","null",2,6,"Bot","null","null",,,460026,,"180415_222113","-1.7914","-137.3763","-5.8321","6.0660","27.9094","-22.3412","3.6604","1.7386","null","null","null","94.0040","2222","5.8650",529638,592612,460026,474832,605412,446334,605509,452254,457706,457705,"54.6319","null","null","null","null","null","null","null",52,"7","4-Seam Fastball",6,1,6,1,1,6,6,1,"Standard","Standard"
"FC","2018-04-15","89.5","1.4124","6.4038","Josh Osich",614173,592612,"null","ball",,,,,"13","null","R","L","L","SD","SF","B","null","null",0,2,2018,"-0.2450","0.5225","-1.5725","1.4604","null","517369.00","null",2,6,"Bot","null","null",,,460026,,"180415_222011","-6.8009","-130.0305","-7.2608","-1.4781","24.5152","-25.1291","3.7195","1.7472","null","null","null","89.1720","2239","5.9470",529638,592612,460026,474832,605412,446334,605509,452254,457706,457705,"54.5505","null","null","null","null","null","null","null",52,"5","Cutter",6,1,6,1,1,6,6,1,"Standard","Standard"
"FF","2018-04-15","93.3","1.3142","6.4059","Josh Osich",520471,592612,"null","ball",,,,,"14","null","R","R","L","SD","SF","B","null","null",1,1,2018,"0.6165","1.2059","0.2977","0.9994","null","517369.00","null",1,6,"Bot","null","null",,,460026,,"180415_223204","-3.9089","-135.4339","-10.6048","8.3334","30.6730","-15.4494","3.3010","1.5040","null","null","null","92.2870","2102","5.9010",529638,592612,460026,474832,605412,446334,605509,452254,457706,457705,"54.5966","null","null","null","null","null","null","null",51,"3","4-Seam Fastball",6,1,6,1,1,6,6,1,"Standard","Standard"
"FF","2018-04-15","93.9","1.3664","6.5038","Josh Osich",520471,592612,"null","ball",,,,,"11","null","R","R","L","SD","SF","B","null","null",0,0,2018,"0.0454","1.0429","-0.6974","3.7574","null","null","517369.00",1,6,"Bot","null","null",,,460026,,"180415_221556","-5.3576","-136.4649","-3.5630","1.7363","30.1757","-18.9722","3.1919","1.5010","null","null","null","92.5340","2254","5.5540",529638,592612,460026,474832,605412,446334,605509,452254,457706,457705,"54.9437","null","null","null","null","null","null","null",51,"1","4-Seam Fastball",6,1,6,1,1,6,6,1,"Standard","Standard"
"CH","2018-04-15","83.4","1.0729","6.5312","Josh Osich",517369,592612,"null","ball",,,,,"14","null","R","R","L","SD","SF","B","null","null",0,0,2018,"0.9782","1.0467","0.8357","0.6290","null","null","null",1,6,"Bot","null","null",,,460026,,"180415_221421","-2.4517","-121.2338","-9.1772","10.0969","22.2621","-20.3732","3.6924","1.5981","null","null","null","83.4310","1666","6.2290",529638,592612,460026,474832,605412,446334,605509,452254,457706,457705,"54.2685","null","null","null","null","null","null","null",50,"1","Changeup",6,1,6,1,1,6,6,1,"Standard","Standard"
"FF","2018-04-15","94.7","1.5449","6.3470","Josh Osich",519333,592612,"strikeout","called_strike",,,,,"9","Matt Szczur called out on strikes.  ","R","R","L","SD","SF","S",2,"null",3,2,2018,"0.4335","1.1896","0.4793","1.8163","null","null","null",0,6,"Bot","null","null",,,460026,,"180415_221348","-3.6766","-137.5370","-8.6378","6.1754","29.1572","-15.7712","3.4736","1.6152","null","null","null","93.6930","2264","5.7020",529638,592612,460026,474832,605412,446334,605509,452254,457706,457705,"54.7948","null","null","0.00",1,0,0,"null",49,"9","4-Seam Fastball",6,1,6,1,1,6,6,1,"Standard","Standard"
"CH","2018-04-15","85.2","1.1526","6.5518","Josh Osich",519333,592612,"null","ball",,,,,"13","null","R","R","L","SD","SF","B","null","null",2,2,2018,"0.6137","1.2190","-0.4643","0.4137","null","null","null",0,6,"Bot","null","null",,,460026,,"180415_221231","-4.9890","-123.6294","-10.5131","7.1763","21.6339","-18.0130","3.4399","1.5883","null","null","null","85.1520","1747","6.1400",529638,592612,460026,474832,605412,446334,605509,452254,457706,457705,"54.3576","null","null","null","null","null","null","null",49,"6","Changeup",6,1,6,1,1,6,6,1,"Standard","Standard"
"CH","2018-04-15","84.2","1.1518","6.5620","Josh Osich",519333,592612,"null","ball",,,,,"14","null","R","R","L","SD","SF","B","null","null",1,2,2018,"0.8157","1.1017","0.4767","0.9346","null","null","null",0,6,"Bot","null","null",,,460026,,"180415_221146","-3.1302","-122.3914","-8.8175","8.6896","21.2934","-19.8489","3.4904","1.6051","null","null","null","83.9470","1755","5.9170",529638,592612,460026,474832,605412,446334,605509,452254,457706,457705,"54.5808","null","null","null","null","null","null","null",49,"4","Changeup",6,1,6,1,1,6,6,1,"Standard","Standard"
"FC","2018-04-15","89.5","1.3293","6.5097","Josh Osich",519333,592612,"null","ball",,,,,"13","null","R","R","L","SD","SF","B","null","null",0,2,2018,"-0.5311","0.6844","-2.7319","0.5347","null","null","null",0,6,"Bot","null","null",,,460026,,"180415_221123","-8.8178","-129.8239","-10.0412","-4.2138","25.2598","-22.8041","3.4736","1.5209","null","null","null","88.7440","2086","5.8350",529638,592612,460026,474832,605412,446334,605509,452254,457706,457705,"54.6621","null","null","null","null","null","null","null",49,"3","Cutter",6,1,6,1,1,6,6,1,"Standard","Standard"
"SI","2018-04-15","90.0","2.0856","6.4751","Joey Lucchesi",460026,664192,"null","ball",,,,,"14","null","R","R","L","SD","SF","B","null","null",1,0,2018,"0.7984","1.1212","1.0713","1.6747","null","null","null",2,6,"Top","null","null",,,595978,,"180415_220743","-4.1975","-130.8273","-8.2794","10.0262","27.8763","-17.8059","3.3628","1.4033","null","null","null","89.8310","2316","6.2640",529638,664192,595978,452104,641319,570799,520471,605486,614173,517369,"54.2335","null","null","null","null","null","null","null",48,"2","Sinker",6,1,1,6,1,6,1,6,"Standard","Standard"
"SI","2018-04-15","90.0","2.0965","6.4950","Joey Lucchesi",460026,664192,"null","ball",,,,,"12","null","R","R","L","SD","SF","B","null","null",0,0,2018,"0.7093","1.2502","1.0208","3.5065","null","null","null",2,6,"Top","null","null",,,595978,,"180415_220722","-4.2122","-131.0302","-4.1256","9.1356","28.8155","-17.0078","3.3628","1.4033","null","null","null","90.3760","2310","6.5810",529638,664192,595978,452104,641319,570799,520471,605486,614173,517369,"53.9161","null","null","null","null","null","null","null",48,"1","Sinker",6,1,1,6,1,6,1,6,"Standard","Standard"
"SI","2018-04-15","90.0","2.0583","6.5278","Joey Lucchesi",605412,664192,"null","called_strike",,,,,"12","null","R","L","L","SD","SF","S","null","null",0,0,2018,"0.9563","1.3065","0.4279","3.1670","null","null","null",0,6,"Top","null","null",,,595978,,"180415_220440","-6.1209","-130.9023","-5.1178","12.4154","30.6657","-16.1984","2.9773","1.2784","null","null","null","90.0000","2344","6.5630",529638,664192,595978,452104,641319,570799,520471,605486,614173,517369,"53.9341","null","null","null","null","null","null","null",46,"1","Sinker",6,1,1,6,1,6,1,6,"Standard","Standard"
"FF","2018-04-15","94.5","1.4563","6.4330","Josh Osich",595978,592612,"null","ball",,,,,"12","null","R","R","L","SD","SF","B","null","null",1,1,2018,"0.3179","1.1260","0.4856","3.4795","null","641319.00","452104.00",1,5,"Bot","null","null",,,460026,,"180415_220056","-3.1830","-137.4787","-4.4282","4.6325","29.3294","-17.4665","3.3024","1.3630","null","null","null","93.6370","2135","5.7070",529638,592612,460026,474832,605412,446334,605509,452254,457706,457705,"54.7901","null","null","null","null","null","null","null",45,"3","4-Seam Fastball",6,1,6,1,1,6,6,1,"Standard","Standard"
"CH","2018-04-15","81.9","1.3114","6.5430","Josh Osich",595978,592612,"null","ball",,,,,"13","null","R","R","L","SD","SF","B","null","null",0,0,2018,"0.6890","1.2680","-0.9996","1.6493","null","641319.00","452104.00",1,5,"Bot","null","null",,,460026,,"180415_215954","-6.4867","-118.8730","-6.7971","7.7469","23.9722","-19.1956","3.4703","1.5983","null","null","null","81.1700","1710","6.0500",529638,592612,460026,474832,605412,446334,605509,452254,457706,457705,"54.4469","null","null","null","null","null","null","null",45,"1","Changeup",6,1,6,1,1,6,6,1,"Standard","Standard"
"CH","2018-04-15","82.9","1.3542","6.6137","Josh Osich",605486,592612,"null","ball",,,,,"12","null","R","L","L","SD","SF","B","null","null",0,0,2018,"1.1942","1.1553","0.6461","3.9458","null","641319.00","452104.00",0,5,"Bot","null","null",,,460026,,"180415_215753","-3.8302","-120.5336","-1.7777","12.0806","23.5955","-21.1193","3.1821","1.3969","null","null","null","81.7740","1697","5.5880",529638,592612,460026,474832,605412,446334,605509,452254,457706,457705,"54.9092","null","null","null","null","null","null","null",44,"1","Changeup",6,1,6,1,1,6,6,1,"Standard","Standard"
"CH","2018-04-15","83.4","1.1655","6.5375","Josh Osich",641319,592612,"walk","ball",,,,,"9","Carlos Asuaje walks.  ","R","L","L","SD","SF","B","null","null",3,2,2018,"1.3602","0.9545","0.7380","1.4209","null","null","null",0,5,"Bot","null","null",,,460026,,"180415_215631","-3.7101","-121.3324","-7.2504","14.2918","24.0583","-21.4257","3.2020","1.4708","null","null","null","83.8770","1688","6.6440",529638,592612,460026,474832,605412,446334,605509,452254,457706,457705,"53.8536","null","null","0.70",1,0,0,"null",42,"6","Changeup",6,1,6,1,1,6,6,1,"Standard","Standard"
"CH","2018-04-15","82.7","1.3159","6.6052","Josh Osich",641319,592612,"null","ball",,,,,"12","null","R","L","L","SD","SF","B","null","null",2,2,2018,"0.6951","1.2285","0.6428","4.0783","null","null","null",0,5,"Bot","null","null",,,460026,,"180415_215613","-2.8368","-120.4462","-1.6338","7.1869","22.5580","-20.3393","3.2020","1.4203","null","null","null","82.1720","1698","5.8040",529638,592612,460026,474832,605412,446334,605509,452254,457706,457705,"54.6937","null","null","null","null","null","null","null",42,"5","Changeup",6,1,6,1,1,6,6,1,"Standard","Standard"
"FF","2018-04-15","93.0","1.5808","6.3808","Josh Osich",641319,592612,"null","ball",,,,,"14","null","R","L","L","SD","SF","B","null","null",1,0,2018,"0.3429","1.2241","1.0543","1.6451","null","null","null",0,5,"Bot","null","null",,,460026,,"180415_215511","-2.0742","-135.1024","-8.9226","4.5955","29.3882","-15.6741","3.2357","1.5045","null","null","null","92.3170","2204","5.9680",529638,592612,460026,474832,605412,446334,605509,452254,457706,457705,"54.5289","null","null","null","null","null","null","null",42,"2","4-Seam Fastball",6,1,6,1,1,6,6,1,"Standard","Standard"
"FC","2018-04-15","88.4","1.5400","6.4504","Josh Osich",641319,592612,"null","ball",,,,,"13","null","R","L","L","SD","SF","B","null","null",0,0,2018,"-0.1688","0.6599","-1.9159","0.6479","null","null","null",0,5,"Bot","null","null",,,460026,,"180415_215454","-7.9481","-128.1475","-9.2118","-0.1799","26.3503","-23.4379","3.2525","1.4708","null","null","null","87.0370","2163","5.6240",529638,592612,460026,474832,605412,446334,605509,452254,457706,457705,"54.8736","null","null","null","null","null","null","null",42,"1","Cutter",6,1,6,1,1,6,6,1,"Standard","Standard"
"CU","2018-04-15","80.1","1.9190","6.9709","Joey Lucchesi",457706,664192,"null","ball",,,,,"14","null","R","R","L","SD","SF","B","null","null",2,2,2018,"-0.3063","-0.1372","1.3614","1.1201","null","null","null",2,5,"Top","null","null",,,595978,,"180415_215058","-0.6585","-116.5374","-5.9540","-2.6432","20.5461","-32.5837","3.5173","1.5813","null","null","null","79.7200","2191","5.8950",529638,664192,595978,452104,641319,570799,520471,605486,614173,517369,"54.6022","null","null","null","null","null","null","null",40,"5","Curveball",5,1,1,5,1,5,1,5,"Standard","Standard"
"CU","2018-04-15","78.3","1.9822","6.7573","Joey Lucchesi",457706,664192,"null","ball",,,,,"13","null","R","R","L","SD","SF","B","null","null",1,1,2018,"-0.0179","-0.2484","-0.2911","0.8898","null","null","null",2,5,"Top","null","null",,,595978,,"180415_215008","-4.8560","-113.9463","-5.3636","0.6955","19.9672","-33.6030","3.3321","1.4128","null","null","null","78.1760","2139","6.0920",529638,664192,595978,452104,641319,570799,520471,605486,614173,517369,"54.4054","null","null","null","null","null","null","null",40,"3","Curveball",5,1,1,5,1,5,1,5,"Standard","Standard"
"CU","2018-04-15","77.9","2.0114","6.8051","Joey Lucchesi",457706,664192,"null","ball",,,,,"13","null","R","R","L","SD","SF","B","null","null",0,0,2018,"-0.6334","0.1056","-0.5422","0.9730","null","null","null",2,5,"Top","null","null",,,595978,,"180415_214920","-4.2984","-113.1837","-5.6345","-4.3712","24.1614","-30.3682","3.4837","1.6486","null","null","null","76.6870","2026","5.8870",529638,664192,595978,452104,641319,570799,520471,605486,614173,517369,"54.6106","null","null","null","null","null","null","null",40,"1","Curveball",5,1,1,5,1,5,1,5,"Standard","Standard"
"CU","2018-04-15","78.2","2.1900","6.6267","Joey Lucchesi",491676,664192,"null","called_strike",,,,,"5","null","R","R","L","SD","SF","S","null","null",1,0,2018,"-0.3053","-0.3631","0.2677","2.4843","null","null","null",1,5,"Top","null","null",,,595978,,"180415_214753","-3.5450","-113.6984","-1.3324","-1.8577","22.5626","-35.2318","3.4104","1.6355","null","null","null","76.8660","2067","5.5620",529638,664192,595978,452104,641319,570799,520471,605486,614173,517369,"54.9358","null","null","null","null","null","null","null",39,"2","Curveball",5,1,1,5,1,5,1,5,"Standard","Standard"
"SI","2018-04-15","90.9","2.2743","6.3370","Joey Lucchesi",491676,664192,"null","ball",,,,,"12","null","R","R","L","SD","SF","B","null","null",0,0,2018,"1.2539","1.2058","1.5935","2.8657","null","null","null",1,5,"Top","null","null",,,595978,,"180415_214732","-4.4056","-132.1466","-5.2564","15.6071","33.7796","-17.1602","3.4473","1.6018","null","null","null","90.2180","2292","6.3820",529638,664192,595978,452104,641319,570799,520471,605486,614173,517369,"54.1158","null","null","null","null","null","null","null",39,"1","Sinker",5,1,1,5,1,5,1,5,"Standard","Standard"
"SI","2018-04-15","89.3","2.5817","5.9865","Joey Lucchesi",605509,664192,"null","ball",,,,,"12","null","R","R","L","SD","SF","B","null","null",2,1,2018,"1.2011","0.9282","1.2396","3.7754","null","null","null",0,5,"Top","null","null",,,595978,,"180415_214510","-5.8726","-129.9619","-1.3645","14.9242","28.8288","-21.5631","3.4839","1.6723","null","null","null","89.4510","2312","6.5060",529638,664192,595978,452104,641319,570799,520471,605486,614173,517369,"53.9914","null","null","null","null","null","null","null",38,"4","Sinker",5,1,1,5,1,5,1,5,"Standard","Standard"
"SI","2018-04-15","89.1","2.2070","6.1998","Joey Lucchesi",605509,664192,"null","called_strike",,,,,"3","null","R","R","L","SD","SF","S","null","null",2,0,2018,"1.0538","1.1210","0.7570","3.1238","null","null","null",0,5,"Top","null","null",,,595978,,"180415_214449","-5.8115","-129.5682","-3.8223","13.1885","30.6980","-18.9369","3.4670","1.7902","null","null","null","88.9080","2253","6.5110",529638,664192,595978,452104,641319,570799,520471,605486,614173,517369,"53.9867","null","null","null","null","null","null","null",38,"3","Sinker",5,1,1,5,1,5,1,5,"Standard","Standard"
"SI","2018-04-15","88.6","2.3851","6.3088","Joey Lucchesi",605509,664192,"null","ball",,,,,"12","null","R","R","L","SD","SF","B","null","null",1,0,2018,"1.0881","1.2615","1.0988","3.9574","null","null","null",0,5,"Top","null","null",,,595978,,"180415_214424","-5.4210","-128.9183","-2.2844","13.2704","28.2622","-17.8917","3.5175","1.7902","null","null","null","88.5030","2214","6.3540",529638,664192,595978,452104,641319,570799,520471,605486,614173,517369,"54.1434","null","null","null","null","null","null","null",38,"2","Sinker",5,1,1,5,1,5,1,5,"Standard","Standard"
"SI","2018-04-15","89.2","2.1125","6.2708","Joey Lucchesi",605509,664192,"null","ball",,,,,"14","null","R","R","L","SD","SF","B","null","null",0,0,2018,"0.9048","0.9967","0.6470","1.1867","null","null","null",0,5,"Top","null","null",,,595978,,"180415_214407","-5.5815","-129.6349","-8.6467","11.5273","27.5964","-19.1400","3.4334","1.6049","null","null","null","89.8210","2230","6.7800",529638,664192,595978,452104,641319,570799,520471,605486,614173,517369,"53.7176","null","null","null","null","null","null","null",38,"1","Sinker",5,1,1,5,1,5,1,5,"Standard","Standard"
"FF","2018-04-15","94.8","-1.2891","5.5303","Reyes Moronta",614173,606625,"null","called_strike",,,,,"4","null","R","L","R","SD","SF","S","null","null",1,1,2018,"-0.5227","1.4214","-0.5243","2.6989","null","null","520471.00",2,4,"Bot","null","null",,,460026,,"180415_214111","3.1402","-137.8546","-4.8219","-7.3093","32.1482","-13.4038","3.6349","1.8309","null","null","null","94.1920","2399","6.0800",529638,606625,460026,474832,605412,446334,605509,452254,457706,457705,"54.4175","null","null","null","null","null","null","null",37,"3","4-Seam Fastball",5,1,5,1,1,5,5,1,"Standard","Standard"
"SL","2018-04-15","77.4","-1.3237","5.5804","Reyes Moronta",614173,606625,"null","called_strike",,,,,"4","null","R","L","R","SD","SF","S","null","null",1,0,2018,"0.7737","-0.3830","-0.3540","2.9335","null","null","520471.00",2,4,"Bot","null","null",,,460026,,"180415_214053","0.6911","-112.4666","1.9628","6.2334","20.8980","-35.9530","3.6686","1.7299","null","null","null","76.1140","2659","5.4900",529638,606625,460026,474832,605412,446334,605509,452254,457706,457705,"55.0072","null","null","null","null","null","null","null",37,"2","Slider",5,1,5,1,1,5,5,1,"Standard","Standard"
"FF","2018-04-15","93.9","-1.2725","5.5759","Reyes Moronta",614173,606625,"null","ball",,,,,"14","null","R","L","R","SD","SF","B","null","null",0,0,2018,"-0.3494","1.4461","1.4005","2.4783","null","null","520471.00",2,4,"Bot","null","null",,,460026,,"180415_214034","7.7065","-136.6100","-5.5311","-6.0158","28.7029","-13.0197","3.6858","1.7135","null","null","null","94.2430","2343","6.3960",529638,606625,460026,474832,605412,446334,605509,452254,457706,457705,"54.1012","null","null","null","null","null","null","null",37,"1","4-Seam Fastball",5,1,5,1,1,5,5,1,"Standard","Standard"
"FT","2018-04-15","90.7","-2.5965","5.7341","Tyler Beede",664192,595881,"null","called_strike",,,,,"8","null","R","L","R","SD","SF","S","null","null",0,0,2018,"-1.7220","0.5972","-0.2507","1.9399","null","605486.00","null",1,4,"Bot","null","null",,,460026,,"180415_213351","9.5001","-131.6283","-4.7752","-21.9736","28.5317","-24.4561","3.4511","1.6082","null","null","null","90.3240","2258","6.2540",529638,595881,460026,474832,605412,446334,605509,452254,457706,457705,"54.2436","null","null","null","null","null","null","null",34,"1","2-Seam Fastball",3,1,3,1,1,3,3,1,"Strategic","Standard"
"CH","2018-04-15","80.5","-2.4265","5.6943","Tyler Beede",595978,595881,"null","ball",,,,,"11","null","R","R","R","SD","SF","B","null","null",2,1,2018,"-1.1017","0.4866","-0.1012","3.3272","null","605486.00","null",0,4,"Bot","null","null",,,460026,,"180415_213244","7.1410","-116.9779","0.5196","-11.2843","21.9369","-28.1178","3.1123","1.4776","null","null","null","79.7800","1389","5.8530",529638,595881,460026,474832,605412,446334,605509,452254,457706,457705,"54.6446","null","null","null","null","null","null","null",33,"4","Changeup",3,1,3,1,1,3,3,1,"Strategic","Strategic"
"CH","2018-04-15","79.8","-2.5732","5.7381","Tyler Beede",595978,595881,"null","ball",,,,,"14","null","R","R","R","SD","SF","B","null","null",1,1,2018,"-1.0084","-0.2383","1.2895","1.8663","null","605486.00","null",0,4,"Bot","null","null",,,460026,,"180415_213221","10.2632","-115.7440","-1.3015","-10.8324","21.2552","-34.2808","3.4362","1.5136","null","null","null","79.1070","1250","5.9480",529638,595881,460026,474832,605412,446334,605509,452254,457706,457705,"54.5493","null","null","null","null","null","null","null",33,"3","Changeup",3,1,3,1,1,3,3,1,"Strategic","Strategic"
"CU","2018-04-15","75.7","-2.3689","5.7554","Tyler Beede",595978,595881,"null","ball",,,,,"11","null","R","R","R","SD","SF","B","null","null",0,0,2018,"0.8746","-1.0644","-0.9548","3.8332","null","605486.00","null",0,4,"Bot","null","null",,,460026,,"180415_213133","1.4079","-109.9032","4.9431","6.6339","20.7090","-41.7649","3.3352","1.5473","null","null","null","74.5510","2300","5.7080",529638,595881,460026,474832,605412,446334,605509,452254,457706,457705,"54.7898","null","null","null","null","null","null","null",33,"1","Curveball",3,1,3,1,1,3,3,1,"Strategic","Strategic"
"FT","2018-04-15","90.7","-2.7522","5.7746","Tyler Beede",605486,595881,"null","ball",,,,,"11","null","R","L","R","SD","SF","B","null","null",0,0,2018,"-1.7037","0.6381","-1.2107","2.5536","null","null","452104.00",0,4,"Bot","null","null",,,460026,,"180415_212811","7.3171","-131.7418","-3.3933","-20.9656","28.4798","-24.4324","3.1147","1.4306","null","null","null","89.5500","2363","5.7190",529638,595881,460026,474832,605412,446334,605509,452254,457706,457705,"54.7779","null","null","null","null","null","null","null",32,"1","2-Seam Fastball",2,1,2,1,1,2,2,1,"Strategic","Standard"
"FT","2018-04-15","91.8","-2.7136","5.8572","Tyler Beede",452104,595881,"null","ball",,,,,"11","null","R","L","R","SD","SF","B","null","null",2,2,2018,"-1.8352","0.6178","-1.3217","2.4941","null","null","null",0,4,"Bot","null","null",,,460026,,"180415_212654","7.3252","-133.2531","-3.8753","-23.0201","29.7737","-24.3617","3.2219","1.5041","null","null","null","90.6230","2344","5.7980",529638,595881,460026,474832,605412,446334,605509,452254,457706,457705,"54.6995","null","null","null","null","null","null","null",31,"6","2-Seam Fastball",2,1,2,1,1,2,2,1,"Infield shift","Standard"
"FT","2018-04-15","91.1","-2.6627","5.8095","Tyler Beede",452104,595881,"null","ball",,,,,"11","null","R","L","R","SD","SF","B","null","null",1,2,2018,"-1.4118","1.3013","-1.6993","3.7349","null","null","null",0,4,"Bot","null","null",,,460026,,"180415_212615","5.3233","-132.2598","-1.9149","-17.3555","32.5716","-17.1964","3.2219","1.4535","null","null","null","89.4570","2350","5.7550",529638,595881,460026,474832,605412,446334,605509,452254,457706,457705,"54.7423","null","null","null","null","null","null","null",31,"4","2-Seam Fastball",2,1,2,1,1,2,2,1,"Infield shift","Standard"
"CU","2018-04-15","76.5","-2.5780","5.8598","Tyler Beede",452104,595881,"null","ball",,,,,"14","null","R","L","R","SD","SF","B","null","null",0,2,2018,"0.8948","-1.2749","0.9770","0.1318","null","null","null",0,4,"Bot","null","null",,,460026,,"180415_212554","5.8451","-110.9362","-2.4740","5.7320","26.3968","-42.0406","3.1882","1.5377","null","null","null","74.8380","2241","6.0220",529638,595881,460026,474832,605412,446334,605509,452254,457706,457705,"54.4752","null","null","null","null","null","null","null",31,"3","Curveball",2,1,2,1,1,2,2,1,"Infield shift","Standard"
"CU","2018-04-15","76.4","-2.5665","5.8964","Tyler Beede",452104,595881,"null","called_strike",,,,,"4","null","R","L","R","SD","SF","S","null","null",0,0,2018,"-0.0308","-1.2466","-0.4574","2.2134","null","null","null",0,4,"Bot","null","null",,,460026,,"180415_212516","4.4048","-110.8652","1.5657","-1.1734","23.4335","-42.6205","3.3061","1.5209","null","null","null","74.3720","2251","5.3550",529638,595881,460026,474832,605412,446334,605509,452254,457706,457705,"55.1422","null","null","null","null","null","null","null",31,"1","Curveball",2,1,2,1,1,2,2,1,"Infield shift","Standard"
"CU","2018-04-15","79.6","2.0947","6.8208","Joey Lucchesi",474832,664192,"strikeout","called_strike",,,,,"4","Brandon Belt called out on strikes.  ","R","L","L","SD","SF","S",2,"null",3,2,2018,"-0.3707","-0.3102","-0.5441","2.5188","null","460026.00","452254.00",2,4,"Top","null","null",,,595978,,"180415_212246","-5.0513","-115.7080","-2.0841","-2.3039","21.7988","-34.7553","3.4036","1.5745","null","null","null","78.6810","2171","5.7230",529638,664192,595978,452104,641319,570799,520471,605486,614173,517369,"54.7744","null","null","0.00",1,0,0,"null",30,"6","Curveball",2,1,1,2,1,2,1,2,"Standard","Strategic"
"SI","2018-04-15","91.6","2.4069","6.4314","Joey Lucchesi",474832,664192,"null","ball",,,,,"12","null","R","L","L","SD","SF","B","null","null",2,2,2018,"0.9545","1.2773","0.6838","4.1112","null","460026.00","452254.00",2,4,"Top","null","null",,,595978,,"180415_212217","-6.3822","-133.1811","-2.6862","12.6941","30.2662","-16.7531","3.3699","1.5913","null","null","null","91.1420","2344","6.1880",529638,664192,595978,452104,641319,570799,520471,605486,614173,517369,"54.3096","null","null","null","null","null","null","null",30,"5","Sinker",2,1,1,2,1,2,1,2,"Standard","Strategic"
"CU","2018-04-15","78.5","1.6546","6.9514","Joey Lucchesi",474832,664192,"null","ball",,,,,"11","null","R","L","L","SD","SF","B","null","null",1,2,2018,"-0.1457","-0.5098","-0.7171","4.3243","null","460026.00","452254.00",2,4,"Top","null","null",,,595978,,"180415_212148","-4.8091","-114.0906","2.0587","-0.3636","20.8908","-37.1517","3.4204","1.5745","null","null","null","77.5880","2153","5.6950",529638,664192,595978,452104,641319,570799,520471,605486,614173,517369,"54.8021","null","null","null","null","null","null","null",30,"4","Curveball",2,1,1,2,1,2,1,2,"Standard","Strategic"
"CU","2018-04-15","78.6","2.0922","6.7517","Joey Lucchesi",474832,664192,"null","called_strike",,,,,"4","null","R","L","L","SD","SF","S","null","null",1,1,2018,"-0.0813","-0.2613","-0.3119","2.6678","null","460026.00","452254.00",2,4,"Top","null","null",,,595978,,"180415_212122","-5.0197","-114.2098","-1.4628","0.2904","22.4855","-34.3808","3.3868","1.6250","null","null","null","77.7760","2039","5.9390",529638,664192,595978,452104,641319,570799,520471,605486,614173,517369,"54.5583","null","null","null","null","null","null","null",30,"3","Curveball",2,1,1,2,1,2,1,2,"Standard","Strategic"
"SI","2018-04-15","89.6","1.9302","6.3766","Joey Lucchesi",474832,664192,"null","ball",,,,,"12","null","R","L","L","SD","SF","B","null","null",0,1,2018,"0.7021","1.4203","0.6137","3.6397","null","460026.00","452254.00",2,4,"Top","null","null",,,595978,,"180415_212053","-4.7159","-130.4299","-3.7331","8.9626","27.8647","-15.5118","3.4036","1.5576","null","null","null","89.3960","2222","6.1760",529638,664192,595978,452104,641319,570799,520471,605486,614173,517369,"54.3211","null","null","null","null","null","null","null",30,"2","Sinker",2,1,1,2,1,2,1,2,"Standard","Standard"
"CU","2018-04-15","79.2","1.9604","6.8510","Joey Lucchesi",446334,664192,"null","called_strike",,,,,"1","null","R","R","L","SD","SF","S","null","null",2,1,2018,"-0.3259","-0.3155","-0.4956","3.5034","null","null","460026.00",1,4,"Top","null","null",,,595978,,"180415_211832","-4.6978","-115.0213","0.1339","-1.8331","23.5787","-35.1882","3.7214","1.7422","null","null","null","77.7250","2189","5.5880",529638,664192,595978,452104,641319,570799,520471,605486,614173,517369,"54.9089","null","null","null","null","null","null","null",28,"4","Curveball",2,1,1,2,1,2,1,2,"Standard","Standard"
"SI","2018-04-15","89.8","2.2654","6.2009","Joey Lucchesi",446334,664192,"null","called_strike",,,,,"6","null","R","R","L","SD","SF","S","null","null",2,0,2018,"0.8701","1.2480","0.4661","2.7270","null","null","460026.00",1,4,"Top","null","null",,,595978,,"180415_211811","-6.2813","-130.4354","-5.1120","11.3349","32.6705","-17.1521","3.8224","1.7254","null","null","null","88.9120","2212","6.2750",529638,664192,595978,452104,641319,570799,520471,605486,614173,517369,"54.2226","null","null","null","null","null","null","null",28,"3","Sinker",2,1,1,2,1,2,1,2,"Standard","Standard"
"SI","2018-04-15","91.3","1.6307","6.5246","Joey Lucchesi",446334,664192,"null","ball",,,,,"13","null","R","R","L","SD","SF","B","null","null",1,0,2018,"0.8728","1.2074","-1.4950","1.7420","null","null","460026.00",1,4,"Top","null","null",,,595978,,"180415_211729","-9.7795","-132.2239","-8.6267","12.6504","33.3680","-16.1482","3.7855","1.7254","null","null","null","90.7020","2285","6.6080",529638,664192,595978,452104,641319,570799,520471,605486,614173,517369,"53.8891","null","null","null","null","null","null","null",28,"2","Sinker",2,1,1,2,1,2,1,2,"Standard","Standard"
"CU","2018-04-15","78.4","1.9944","6.6381","Joey Lucchesi",446334,664192,"null","ball",,,,,"14","null","R","R","L","SD","SF","B","null","null",0,0,2018,"0.1466","-0.6697","0.5593","1.3973","null","null","460026.00",1,4,"Top","null","null",,,595978,,"180415_211648","-3.3190","-113.8705","-3.1286","1.9128","23.2780","-37.4523","3.7350","1.7591","null","null","null","77.0060","2232","5.6500",529638,664192,595978,452104,641319,570799,520471,605486,614173,517369,"54.8473","null","null","null","null","null","null","null",28,"1","Curveball",2,1,1,2,1,2,1,2,"Standard","Standard"
"SI","2018-04-15","90.6","2.1687","6.4011","Joey Lucchesi",460026,664192,"null","ball",,,,,"12","null","R","R","L","SD","SF","B","null","null",1,0,2018,"0.9549","1.3109","1.5379","3.9062","null","null","null",1,4,"Top","null","null",,,595978,,"180415_211517","-3.6195","-131.7871","-3.0468","11.8879","30.6266","-16.5352","3.4802","1.5712","null","null","null","90.3240","2317","6.3520",529638,664192,595978,452104,641319,570799,520471,605486,614173,517369,"54.1451","null","null","null","null","null","null","null",27,"2","Sinker",2,1,1,2,1,2,1,2,"Standard","Standard"
"CU","2018-04-15","78.1","2.4295","6.4655","Joey Lucchesi",460026,664192,"null","ball",,,,,"13","null","R","R","L","SD","SF","B","null","null",0,0,2018,"-0.3199","-0.2469","-0.7002","1.1824","null","null","null",1,4,"Top","null","null",,,595978,,"180415_211458","-6.1040","-113.4311","-3.9230","-1.4724","22.8370","-33.7283","3.4633","1.5880","null","null","null","77.1350","1918","5.9310",529638,664192,595978,452104,641319,570799,520471,605486,614173,517369,"54.5659","null","null","null","null","null","null","null",27,"1","Curveball",2,1,1,2,1,2,1,2,"Standard","Standard"
"CU","2018-04-15","79.5","1.9789","6.6863","Joey Lucchesi",457705,664192,"null","ball",,,,,"14","null","R","R","L","SD","SF","B","null","null",1,2,2018,"-0.8399","-0.0209","0.2479","-0.1884","null","null","null",0,4,"Top","null","null",,,595978,,"180415_211349","-2.2183","-115.5492","-8.2744","-7.1474","21.2940","-31.0435","3.5541","1.6753","null","null","null","79.6860","2204","6.4560",529638,664192,595978,452104,641319,570799,520471,605486,614173,517369,"54.0414","null","null","null","null","null","null","null",26,"5","Curveball",2,1,1,2,1,2,1,2,"Standard","Standard"
"SI","2018-04-15","88.6","2.2967","6.4003","Joey Lucchesi",457705,664192,"null","ball",,,,,"12","null","R","R","L","SD","SF","B","null","null",0,1,2018,"1.1601","1.4074","1.7737","3.5967","null","null","null",0,4,"Top","null","null",,,595978,,"180415_211239","-3.6904","-128.8083","-3.6204","13.6103","30.4210","-16.1129","3.5036","1.6416","null","null","null","87.9800","2227","6.2620",529638,664192,595978,452104,641319,570799,520471,605486,614173,517369,"54.2354","null","null","null","null","null","null","null",26,"2","Sinker",2,1,1,2,1,2,1,2,"Standard","Standard"
"CU","2018-04-15","77.7","1.8990","6.7770","Joey Lucchesi",457705,664192,"null","called_strike",,,,,"2","null","R","R","L","SD","SF","S","null","null",0,0,2018,"-0.5468","-0.3121","-0.0236","3.5375","null","null","null",0,4,"Top","null","null",,,595978,,"180415_211219","-3.1029","-112.9948","0.5134","-4.0158","20.2664","-35.1240","3.4867","1.7932","null","null","null","76.7760","2118","5.6220",529638,664192,595978,452104,641319,570799,520471,605486,614173,517369,"54.8751","null","null","null","null","null","null","null",26,"1","Curveball",2,1,1,2,1,2,1,2,"Standard","Standard"
"FF","2018-04-15","92.9","-2.6234","5.6518","Tyler Beede",641319,595881,"strikeout","called_strike",,,,,"8","Carlos Asuaje called out on strikes.  ","R","L","R","SD","SF","S",2,"null",2,2,2018,"-1.0250","1.2026","0.0102","1.7107","null","570799.00","null",2,3,"Bot","null","null",,,460026,,"180415_210952","8.9489","-134.7040","-6.7525","-14.5868","35.3094","-16.3061","3.1550","1.4877","null","null","null","91.7290","2302","6.2560",529638,595881,460026,474832,605412,446334,605509,452254,457706,457705,"54.2415","null","null","0.00",1,0,0,"null",25,"5","4-Seam Fastball",2,1,2,1,1,2,2,1,"Standard","Standard"
"CH","2018-04-15","82.3","-2.6636","5.6368","Tyler Beede",641319,595881,"null","called_strike",,,,,"11","null","R","L","R","SD","SF","S","null","null",2,1,2018,"-0.9393","-0.1499","-0.8554","2.4405","null","570799.00","null",2,3,"Bot","null","null",,,460026,,"180415_210929","5.8472","-119.5960","-0.3550","-10.0539","25.4280","-33.7658","3.1886","1.4371","null","null","null","81.2970","1422","5.9150",529638,595881,460026,474832,605412,446334,605509,452254,457706,457705,"54.5822","null","null","null","null","null","null","null",25,"4","Changeup",2,1,2,1,1,2,2,1,"Standard","Standard"
"CH","2018-04-15","80.7","-2.6317","5.7846","Tyler Beede",641319,595881,"null","ball",,,,,"14","null","R","L","R","SD","SF","B","null","null",1,1,2018,"-1.5825","0.1266","0.2975","1.0577","null","570799.00","null",2,3,"Bot","null","null",,,460026,,"180415_210840","9.4440","-116.9429","-3.9509","-16.2716","24.2628","-30.4562","3.2188","1.4203","null","null","null","79.8460","1285","6.1560",529638,595881,460026,474832,605412,446334,605509,452254,457706,457705,"54.3408","null","null","null","null","null","null","null",25,"3","Changeup",2,1,2,1,1,2,2,1,"Standard","Standard"
"FT","2018-04-15","92.0","-2.6976","5.6847","Tyler Beede",641319,595881,"null","ball",,,,,"11","null","R","L","R","SD","SF","B","null","null",0,1,2018,"-1.8526","0.7737","-1.5854","2.5669","null","570799.00","null",2,3,"Bot","null","null",,,460026,,"180415_210819","6.6750","-133.5028","-3.5623","-23.1299","32.6270","-22.6021","3.2020","1.4708","null","null","null","90.4040","2318","5.7760",529638,595881,460026,474832,605412,446334,605509,452254,457706,457705,"54.7212","null","null","null","null","null","null","null",25,"2","2-Seam Fastball",2,1,2,1,1,2,2,1,"Standard","Standard"
"CU","2018-04-15","76.9","-2.6007","5.7544","Tyler Beede",641319,595881,"null","called_strike",,,,,"7","null","R","L","R","SD","SF","S","null","null",0,0,2018,"0.4871","-0.9985","-0.5269","1.8231","null","570799.00","null",2,3,"Bot","null","null",,,460026,,"180415_210731","3.5101","-111.8011","0.5912","3.2836","23.5794","-40.8016","3.1213","1.4708","null","null","null","76.3020","2171","6.2930",529638,595881,460026,474832,605412,446334,605509,452254,457706,457705,"54.2041","null","null","null","null","null","null","null",25,"1","Curveball",2,1,2,1,1,2,2,1,"Strategic","Standard"
"CH","2018-04-15","79.6","-2.6687","5.7087","Tyler Beede",520471,595881,"walk","ball",,,,,"11","Freddy Galvis walks.  ","R","L","R","SD","SF","B","null","null",3,2,2018,"-0.9496","0.0604","-1.5161","3.1058","null","null","null",2,3,"Bot","null","null",,,460026,,"180415_210515","4.3158","-115.9340","0.9023","-9.3605","21.2631","-32.0059","3.0404","1.4673","null","null","null","79.8010","1275","6.3340",529638,595881,460026,474832,605412,446334,605509,452254,457706,457705,"54.1634","null","null","0.70",1,0,0,"null",22,"6","Changeup",0,1,0,1,1,0,0,1,"Standard","Standard"
"CH","2018-04-15","82.0","-2.6289","5.5797","Tyler Beede",520471,595881,"null","ball",,,,,"13","null","R","L","R","SD","SF","B","null","null",2,2,2018,"-1.7238","0.5055","-0.6378","-0.1179","null","null","null",2,3,"Bot","null","null",,,460026,,"180415_210444","7.8033","-118.9132","-7.2013","-17.8357","23.9912","-26.1809","3.0067","1.4505","null","null","null","81.5710","1419","6.3050",529638,595881,460026,474832,605412,446334,605509,452254,457706,457705,"54.1923","null","null","null","null","null","null","null",22,"5","Changeup",0,1,0,1,1,0,0,1,"Standard","Standard"
"FF","2018-04-15","94.0","-2.4788","5.9251","Tyler Beede",520471,595881,"null","ball",,,,,"11","null","R","L","R","SD","SF","B","null","null",1,2,2018,"-0.9651","1.5293","-1.8043","3.7165","null","null","null",2,3,"Bot","null","null",,,460026,,"180415_210427","3.8494","-136.6094","-3.2680","-12.8167","33.9171","-12.8235","2.9730","1.4000","null","null","null","93.0660","2347","6.0940",529638,595881,460026,474832,605412,446334,605509,452254,457706,457705,"54.4032","null","null","null","null","null","null","null",22,"4","4-Seam Fastball",0,1,0,1,1,0,0,1,"Standard","Standard"
"FT","2018-04-15","89.9","-2.7656","5.7214","Tyler Beede",520471,595881,"null","called_strike",,,,,"1","null","R","L","R","SD","SF","S","null","null",1,0,2018,"-1.6298","0.8745","-0.3887","3.0562","null","null","null",2,3,"Bot","null","null",,,460026,,"180415_210350","9.1834","-130.4982","-2.4098","-20.2323","26.8696","-22.0704","3.1042","1.4673","null","null","null","89.0870","2120","5.8710",529638,595881,460026,474832,605412,446334,605509,452254,457706,457705,"54.6262","null","null","null","null","null","null","null",22,"2","2-Seam Fastball",0,1,0,1,1,0,0,1,"Standard","Standard"
"FF","2018-04-15","92.5","-2.5951","5.7351","Tyler Beede",520471,595881,"null","ball",,,,,"14","null","R","L","R","SD","SF","B","null","null",0,0,2018,"-1.1139","1.2947","0.8060","0.6656","null","null","null",2,3,"Bot","null","null",,,460026,,"180415_210334","10.8972","-133.7387","-9.6027","-15.6691","32.6835","-14.9826","3.0572","1.4336","null","null","null","90.6890","2318","5.8490",529638,595881,460026,474832,605412,446334,605509,452254,457706,457705,"54.6482","null","null","null","null","null","null","null",22,"1","4-Seam Fastball",0,1,0,1,1,0,0,1,"Standard","Standard"
"FT","2018-04-15","91.5","-2.5476","5.7737","Tyler Beede",517369,595881,"null","called_strike",,,,,"9","null","R","R","R","SD","SF","S","null","null",0,1,2018,"-1.4020","0.8277","0.2865","1.8945","null","null","null",1,3,"Bot","null","null",,,460026,,"180415_210203","10.1318","-132.7322","-5.6462","-18.6909","28.0421","-21.4247","3.7193","1.7497","null","null","null","91.2700","2249","6.2910",529638,595881,460026,474832,605412,446334,605509,452254,457706,457705,"54.2061","null","null","null","null","null","null","null",21,"2","2-Seam Fastball",0,1,0,1,1,0,0,1,"Standard","Standard"
"CU","2018-04-15","78.1","-2.4633","5.8000","Tyler Beede",517369,595881,"null","called_strike",,,,,"8","null","R","R","R","SD","SF","S","null","null",0,0,2018,"0.4096","-1.1043","0.2615","2.0520","null","null","null",1,3,"Bot","null","null",,,460026,,"180415_210150","5.0510","-113.4456","0.7895","2.4909","21.0947","-41.8310","3.6688","1.6823","null","null","null","76.8150","2243","5.5000",529638,595881,460026,474832,605412,446334,605509,452254,457706,457705,"54.9976","null","null","null","null","null","null","null",21,"1","Curveball",0,1,0,1,1,0,0,1,"Standard","Standard"
"FT","2018-04-15","89.8","-2.6380","5.8512","Tyler Beede",664192,595881,"null","called_strike",,,,,"6","null","R","L","R","SD","SF","S","null","null",1,0,2018,"-1.3977","1.2116","0.4280","2.7702","null","null","null",0,3,"Bot","null","null",,,460026,,"180415_210051","10.3404","-130.1031","-3.9796","-17.8518","30.6830","-18.1492","3.4010","1.5750","null","null","null","88.1320","2210","5.7700",529638,595881,460026,474832,605412,446334,605509,452254,457706,457705,"54.7276","null","null","null","null","null","null","null",20,"2","2-Seam Fastball",0,1,0,1,1,0,0,1,"Standard","Standard"
"FT","2018-04-15","90.8","-2.6213","5.8051","Tyler Beede",664192,595881,"null","ball",,,,,"13","null","R","L","R","SD","SF","B","null","null",0,0,2018,"-1.5164","0.8226","-1.1936","2.2080","null","null","null",0,3,"Bot","null","null",,,460026,,"180415_210037","6.7998","-131.9449","-4.7333","-19.1168","32.2067","-21.8003","3.4515","1.6256","null","null","null","90.0800","2258","6.2590",529638,595881,460026,474832,605412,446334,605509,452254,457706,457705,"54.2380","null","null","null","null","null","null","null",20,"1","2-Seam Fastball",0,1,0,1,1,0,0,1,"Standard","Standard"
"SI","2018-04-15","88.8","2.3436","6.2289","Joey Lucchesi",457706,664192,"null","ball",,,,,"12","null","R","R","L","SD","SF","B","null","null",1,1,2018,"1.2716","1.0857","1.9680","2.8794","null","null","null",1,3,"Top","null","null",,,595978,,"180415_205618","-3.6196","-129.1249","-4.3395","15.0056","31.8205","-19.2970","3.4837","1.5813","null","null","null","88.4600","2263","6.5350",529638,664192,595978,452104,641319,570799,520471,605486,614173,517369,"53.9618","null","null","null","null","null","null","null",18,"3","Sinker",0,1,1,0,1,0,1,0,"Standard","Standard"
"CU","2018-04-15","78.3","2.2030","6.7279","Joey Lucchesi",457706,664192,"null","called_strike",,,,,"2","null","R","R","L","SD","SF","S","null","null",1,0,2018,"-0.3425","-0.5046","0.0599","3.1006","null","null","null",1,3,"Top","null","null",,,595978,,"180415_205558","-3.9667","-113.8025","0.0335","-2.0913","23.2231","-36.7215","3.5173","1.6150","null","null","null","77.2410","2118","5.8510",529638,664192,595978,452104,641319,570799,520471,605486,614173,517369,"54.6460","null","null","null","null","null","null","null",18,"2","Curveball",0,1,1,0,1,0,1,0,"Standard","Standard"
"CU","2018-04-15","78.1","2.1561","6.7470","Joey Lucchesi",457706,664192,"null","ball",,,,,"12","null","R","R","L","SD","SF","B","null","null",0,0,2018,"-0.2313","-0.0569","0.6237","4.0485","null","null","null",1,3,"Top","null","null",,,595978,,"180415_205538","-2.8536","-113.6518","1.1334","-1.4577","20.2556","-33.0989","3.4837","1.6823","null","null","null","77.4220","2031","5.7400",529638,664192,595978,452104,641319,570799,520471,605486,614173,517369,"54.7576","null","null","null","null","null","null","null",18,"1","Curveball",0,1,1,0,1,0,1,0,"Standard","Standard"
"CU","2018-04-15","78.1","2.0876","6.7583","Joey Lucchesi",595881,664192,"strikeout","called_strike",,,,,"4","Tyler Beede called out on strikes.  ","R","R","L","SD","SF","S",2,"null",1,2,2018,"-0.2258","-0.1580","-0.7954","2.4130","null","null","null",0,3,"Top","null","null",,,595978,,"180415_205504","-5.7374","-113.4327","-2.0485","-0.6903","23.7931","-33.3457","3.5511","1.7135","null","null","null","76.8540","2149","5.8330",529638,664192,595978,452104,641319,570799,520471,605486,614173,517369,"54.6644","null","null","0.00",1,0,0,"null",17,"4","Curveball",0,1,1,0,1,0,1,0,"Standard","Standard"
"CU","2018-04-15","77.3","2.3505","6.6257","Joey Lucchesi",595881,664192,"null","ball",,,,,"13","null","R","R","L","SD","SF","B","null","null",0,1,2018,"-0.2341","-0.4211","-0.2999","0.6680","null","null","null",0,3,"Top","null","null",,,595978,,"180415_205416","-5.1601","-112.1160","-4.7408","-0.7706","24.6168","-34.8541","3.5848","1.6798","null","null","null","75.6520","2068","5.7610",529638,664192,595978,452104,641319,570799,520471,605486,614173,517369,"54.7367","null","null","null","null","null","null","null",17,"2","Curveball",0,1,1,0,1,0,1,0,"Standard","Standard"
"SI","2018-04-15","88.8","2.2989","6.3094","Joey Lucchesi",595881,664192,"null","called_strike",,,,,"8","null","R","R","L","SD","SF","S","null","null",0,0,2018,"0.8652","1.0156","0.0851","1.4801","null","null","null",0,3,"Top","null","null",,,595978,,"180415_210540","-7.2199","-128.8144","-7.7873","11.2129","29.4923","-19.4057","3.7532","1.5282","null","null","null","88.2700","2193","6.3620",529638,664192,595978,452104,641319,570799,520471,605486,614173,517369,"54.1355","null","null","null","null","null","null","null",17,"1","Sinker",0,1,1,0,1,0,1,0,"Standard","Standard"
"FT","2018-04-15","91.4","-2.5988","5.6096","Tyler Beede",595978,595881,"null","ball",,,,,"13","null","R","R","R","SD","SF","B","null","null",1,2,2018,"-1.5213","1.0354","-1.2767","1.0962","null","605486.00","null",2,2,"Bot","null","null",,,460026,,"180415_205034","6.5540","-132.7868","-7.6791","-19.2739","27.2817","-18.6103","3.3525","1.4973","null","null","null","91.1870","2367","6.1570",529638,595881,460026,474832,605412,446334,605509,452254,457706,457705,"54.3407","null","null","null","null","null","null","null",16,"4","2-Seam Fastball",0,1,0,1,1,0,0,1,"Standard","Strategic"
"FT","2018-04-15","91.9","-2.4467","5.6846","Tyler Beede",595978,595881,"null","ball",,,,,"12","null","R","R","R","SD","SF","B","null","null",0,2,2018,"-1.2121","1.2059","0.3578","4.0316","null","605486.00","null",2,2,"Bot","null","null",,,460026,,"180415_205010","9.5675","-133.4754","-0.8839","-16.2519","28.1130","-18.0617","3.4366","1.5141","null","null","null","91.0070","2423","5.8030",529638,595881,460026,474832,605412,446334,605509,452254,457706,457705,"54.6945","null","null","null","null","null","null","null",16,"3","2-Seam Fastball",0,1,0,1,1,0,0,1,"Standard","Strategic"
"CU","2018-04-15","78.1","-2.4880","5.7399","Tyler Beede",595978,595881,"null","called_strike",,,,,"9","null","R","R","R","SD","SF","S","null","null",0,0,2018,"0.2961","-1.2920","0.5321","1.6848","null","null","605486.00",2,2,"Bot","null","null",,,460026,,"180415_204808","5.8891","-113.3351","0.5927","1.2476","23.5666","-43.3630","3.4198","1.5310","null","null","null","76.6730","2414","5.7280",529638,595881,460026,474832,605412,446334,605509,452254,457706,457705,"54.7694","null","null","null","null","null","null","null",16,"1","Curveball",0,1,0,1,1,0,0,1,"Standard","Strategic"
"FT","2018-04-15","91.9","-2.5548","5.7614","Tyler Beede",605486,595881,"null","called_strike",,,,,"7","null","R","L","R","SD","SF","S","null","null",1,1,2018,"-1.6178","0.7556","-0.5242","1.7989","null","null","641319.00",1,2,"Bot","null","null",,,460026,,"180415_204653","8.5288","-133.3650","-5.7103","-20.9102","29.6383","-22.2658","3.1248","1.4743","null","null","null","91.0320","2362","5.9870",529638,595881,460026,474832,605412,446334,605509,452254,457706,457705,"54.5098","null","null","null","null","null","null","null",15,"3","2-Seam Fastball",0,1,0,1,1,0,0,1,"Standard","Standard"
"CH","2018-04-15","79.7","-2.5832","5.7319","Tyler Beede",452104,595881,"null","ball",,,,,"11","null","R","L","R","SD","SF","B","null","null",0,1,2018,"-1.0751","-0.0356","-0.9916","3.6770","null","null","641319.00",0,2,"Bot","null","null",,,460026,,"180415_204441","5.4157","-115.8100","2.2560","-10.4921","20.8049","-33.1282","3.1209","1.4872","null","null","null","79.0200","1353","5.8060",529638,595881,460026,474832,605412,446334,605509,452254,457706,457705,"54.6911","null","null","null","null","null","null","null",14,"2","Changeup",0,1,0,1,1,0,0,1,"Standard","Standard"
"FT","2018-04-15","91.5","-2.4676","5.7484","Tyler Beede",452104,595881,"null","called_strike",,,,,"8","null","R","L","R","SD","SF","S","null","null",0,0,2018,"-1.4533","0.8393","-0.0365","1.8173","null","null","641319.00",0,2,"Bot","null","null",,,460026,,"180415_204420","9.1473","-132.8086","-5.7743","-18.9212","27.4543","-21.3695","3.1966","1.5293","null","null","null","90.9190","2298","5.9970",529638,595881,460026,474832,605412,446334,605509,452254,457706,457705,"54.4999","null","null","null","null","null","null","null",14,"1","2-Seam Fastball",0,1,0,1,1,0,0,1,"Standard","Standard"
"FT","2018-04-15","90.7","-2.6104","5.9507","Tyler Beede",641319,595881,"null","called_strike",,,,,"4","null","R","L","R","SD","SF","S","null","null",0,0,2018,"-1.7928","0.9111","-0.5101","1.9993","null","null","null",0,2,"Bot","null","null",,,460026,,"180415_204320","8.9459","-131.5300","-5.7118","-22.4694","31.3917","-20.7410","3.1465","1.4623","null","null","null","89.3950","2392","5.9580",529638,595881,460026,474832,605412,446334,605509,452254,457706,457705,"54.5393","null","null","null","null","null","null","null",13,"1","2-Seam Fastball",0,1,0,1,1,0,0,1,"Standard","Standard"
"FF","2018-04-15","90.7","1.7671","6.4963","Joey Lucchesi",605509,664192,"null","ball",,,,,"13","null","R","R","L","SD","SF","B","null","null",2,2,2018,"0.3371","1.2968","-1.5315","1.6556","null","null","446334.00",2,2,"Top","null","null",,,595978,,"180415_203948","-8.9478","-131.4781","-8.8636","5.8771","29.0648","-15.4369","3.4498","1.6381","null","null","null","90.3350","2338","6.3720",529638,664192,595978,452104,641319,570799,520471,605486,614173,517369,"54.1249","null","null","null","null","null","null","null",12,"5","4-Seam Fastball",0,1,1,0,1,0,1,0,"Standard","Standard"
"CU","2018-04-15","80.0","2.0474","6.7511","Joey Lucchesi",605509,664192,"null","called_strike",,,,,"14","null","R","R","L","SD","SF","S","null","null",2,1,2018,"-0.0655","-0.1447","0.8680","2.0130","null","null","446334.00",2,2,"Top","null","null",,,595978,,"180415_203926","-2.4723","-116.4785","-3.5038","-0.1585","20.5202","-33.0811","3.4502","1.6217","null","null","null","80.0190","2135","6.1300",529638,664192,595978,452104,641319,570799,520471,605486,614173,517369,"54.3675","null","null","null","null","null","null","null",12,"4","Curveball",0,1,1,0,1,0,1,0,"Standard","Standard"
"SI","2018-04-15","91.1","2.2612","6.4041","Joey Lucchesi",605509,664192,"null","ball",,,,,"14","null","R","R","L","SD","SF","B","null","null",1,1,2018,"0.8970","1.3726","0.9921","1.4214","null","null","446334.00",2,2,"Top","null","null",,,595978,,"180415_203902","-5.1209","-132.3104","-9.5147","11.6687","30.0633","-14.1619","3.4670","1.6386","null","null","null","90.8940","2264","6.4150",529638,664192,595978,452104,641319,570799,520471,605486,614173,517369,"54.0821","null","null","null","null","null","null","null",12,"3","Sinker",0,1,1,0,1,0,1,0,"Standard","Standard"
"SI","2018-04-15","90.4","1.9294","6.2478","Joey Lucchesi",605509,664192,"null","called_strike",,,,,"5","null","R","R","L","SD","SF","S","null","null",1,0,2018,"1.0369","1.2415","-0.2087","2.6714","null","null","446334.00",2,2,"Top","null","null",,,595978,,"180415_203840","-7.6820","-131.4247","-5.6741","13.9672","30.5543","-16.4701","3.4839","1.7228","null","null","null","91.0700","2278","6.9640",529638,664192,595978,452104,641319,570799,520471,605486,614173,517369,"53.5331","null","null","null","null","null","null","null",12,"2","Sinker",0,1,1,0,1,0,1,0,"Standard","Standard"
"SI","2018-04-15","90.5","2.0635","6.4001","Joey Lucchesi",605509,664192,"null","ball",,,,,"14","null","R","R","L","SD","SF","B","null","null",0,0,2018,"0.7356","1.4262","0.9359","1.6708","null","null","446334.00",2,2,"Top","null","null",,,595978,,"180415_203819","-4.4170","-131.4522","-8.8866","9.5683","30.8637","-13.7706","3.5175","1.6554","null","null","null","90.4520","2241","6.6040",529638,664192,595978,452104,641319,570799,520471,605486,614173,517369,"53.8937","null","null","null","null","null","null","null",12,"1","Sinker",0,1,1,0,1,0,1,0,"Standard","Standard"
"CU","2018-04-15","80.8","1.7723","6.7252","Joey Lucchesi",474832,664192,"null","ball",,,,,"13","null","R","L","L","SD","SF","B","null","null",1,2,2018,"-0.5460","-0.2033","-1.9077","2.3694","460026.00","null","446334.00",1,2,"Top","null","null",,,595978,,"180415_203703","-7.1445","-117.4282","-2.6423","-3.6688","22.3356","-33.7651","3.3363","1.7092","null","null","null","80.6030","2250","6.2320",529638,664192,595978,452104,641319,570799,520471,605486,614173,517369,"54.2653","null","null","null","null","null","null","null",11,"4","Curveball",0,0,0,0,0,0,0,0,"Standard","Strategic"
"SI","2018-04-15","90.3","2.0547","6.4647","Joey Lucchesi",474832,664192,"null","ball",,,,,"12","null","R","L","L","SD","SF","B","null","null",0,1,2018,"0.7092","1.4190","0.5061","3.9182","460026.00","null","446334.00",1,2,"Top","null","null",,,595978,,"180415_203602","-5.3732","-131.4328","-3.3923","9.3828","29.1346","-15.2548","3.3443","1.6667","null","null","null","90.2710","2213","6.3590",529638,664192,595978,452104,641319,570799,520471,605486,614173,517369,"54.1379","null","null","null","null","null","null","null",11,"2","Sinker",0,0,0,0,0,0,0,0,"Standard","Standard"
"CU","2018-04-15","78.5","2.0830","6.5968","Joey Lucchesi",452254,664192,"null","called_strike",,,,,"14","null","R","R","L","SD","SF","S","null","null",1,1,2018,"-0.1249","-0.2922","0.8850","1.7228","460026.00","null","446334.00",0,2,"Top","null","null",,,595978,,"180415_203401","-2.3620","-114.3090","-3.1731","-0.6549","21.1167","-34.3597","3.3591","1.6752","null","null","null","78.5010","2051","6.2540",529638,664192,595978,452104,641319,570799,520471,605486,614173,517369,"54.2432","null","null","null","null","null","null","null",10,"3","Curveball",0,0,0,0,0,0,0,0,"Standard","Standard"
"CU","2018-04-15","80.3","1.9747","6.7037","Joey Lucchesi",452254,664192,"null","ball",,,,,"13","null","R","R","L","SD","SF","B","null","null",0,1,2018,"-0.3502","-0.1857","-0.1286","1.4565","460026.00","null","446334.00",0,2,"Top","null","null",,,595978,,"180415_203337","-3.9617","-116.6913","-4.4579","-2.3001","23.9750","-33.1758","3.3388","1.6918","null","null","null","79.1460","2122","5.7660",529638,664192,595978,452104,641319,570799,520471,605486,614173,517369,"54.7312","null","null","null","null","null","null","null",10,"2","Curveball",0,0,0,0,0,0,0,0,"Standard","Standard"
"CU","2018-04-15","78.9","2.0600","6.6480","Joey Lucchesi",452254,664192,"null","called_strike",,,,,"14","null","R","R","L","SD","SF","S","null","null",0,0,2018,"-0.2032","-0.2657","0.9608","2.3366","460026.00","null","446334.00",0,2,"Top","null","null",,,595978,,"180415_203315","-1.9979","-114.7720","-2.0851","-1.3979","20.5893","-34.3395","3.4767","1.7255","null","null","null","78.0680","2141","5.6490",529638,664192,595978,452104,641319,570799,520471,605486,614173,517369,"54.8484","null","null","null","null","null","null","null",10,"1","Curveball",0,0,0,0,0,0,0,0,"Standard","Strategic"
"CU","2018-04-15","78.2","2.2338","6.6226","Joey Lucchesi",446334,664192,"null","ball",,,,,"12","null","R","R","L","SD","SF","B","null","null",1,1,2018,"-0.5244","-0.3699","0.5712","4.2829","null","null","460026.00",0,2,"Top","null","null",,,595978,,"180415_203141","-2.6082","-113.6924","2.4550","-3.9520","20.8089","-36.0010","3.7518","1.7759","null","null","null","77.1580","2063","5.5870",529638,664192,595978,452104,641319,570799,520471,605486,614173,517369,"54.9107","null","null","null","null","null","null","null",9,"3","Curveball",0,0,0,0,0,0,0,0,"Strategic","Standard"
"SI","2018-04-15","91.9","2.7007","5.9819","Joey Lucchesi",446334,664192,"null","ball",,,,,"12","null","R","R","L","SD","SF","B","null","null",0,1,2018,"1.0212","0.8453","0.9566","3.6909","null","null","460026.00",0,2,"Top","null","null",,,595978,,"180415_203122","-6.6573","-133.6552","-1.7291","13.7705","32.1063","-21.9168","3.6926","1.6829","null","null","null","91.6820","2276","6.4470",529638,664192,595978,452104,641319,570799,520471,605486,614173,517369,"54.0499","null","null","null","null","null","null","null",9,"2","Sinker",0,0,0,0,0,0,0,0,"Strategic","Standard"
"SI","2018-04-15","91.4","2.1717","6.4262","Joey Lucchesi",446334,664192,"null","called_strike",,,,,"14","null","R","R","L","SD","SF","S","null","null",0,0,2018,"0.9629","1.1444","1.0443","2.2899","null","null","460026.00",0,2,"Top","null","null",,,595978,,"180415_203104","-4.9553","-132.9382","-7.0186","12.5725","30.2795","-17.1914","3.6267","1.6873","null","null","null","91.5730","2282","6.5590",529638,664192,595978,452104,641319,570799,520471,605486,614173,517369,"53.9380","null","null","null","null","null","null","null",9,"1","Sinker",0,0,0,0,0,0,0,0,"Standard","Standard"
"SI","2018-04-15","90.1","2.4074","6.3628","Joey Lucchesi",460026,664192,"null","ball",,,,,"12","null","R","R","L","SD","SF","B","null","null",1,1,2018,"1.3046","0.9813","1.7671","2.8194","null","null","null",0,2,"Top","null","null",,,595978,,"180415_203004","-4.4088","-131.0082","-4.8336","16.0153","33.3172","-19.9865","3.4382","1.5629","null","null","null","89.7130","2161","6.5600",529638,664192,595978,452104,641319,570799,520471,605486,614173,517369,"53.9374","null","null","null","null","null","null","null",8,"3","Sinker",0,0,0,0,0,0,0,0,"Standard","Standard"
"CU","2018-04-15","78.5","1.8876","6.8108","Joey Lucchesi",460026,664192,"null","called_strike",,,,,"1","null","R","R","L","SD","SF","S","null","null",1,0,2018,"-0.2019","-0.3429","-0.7501","2.8902","null","null","null",0,2,"Top","null","null",,,595978,,"180415_202941","-5.2487","-114.0193","-0.9950","-0.7364","21.0187","-35.1486","3.3473","1.5966","null","null","null","77.1090","2140","5.4000",529638,664192,595978,452104,641319,570799,520471,605486,614173,517369,"55.0972","null","null","null","null","null","null","null",8,"2","Curveball",0,0,0,0,0,0,0,0,"Standard","Standard"
"SI","2018-04-15","89.8","2.1251","6.2689","Joey Lucchesi",460026,664192,"null","ball",,,,,"3","null","R","R","L","SD","SF","B","null","null",0,0,2018,"1.0803","0.9798","0.3958","3.5282","null","null","null",0,2,"Top","null","null",,,595978,,"180415_202922","-6.6100","-130.4974","-2.7954","13.8812","31.6758","-20.5973","3.4551","1.6471","null","null","null","89.5180","2162","6.5390",529638,664192,595978,452104,641319,570799,520471,605486,614173,517369,"53.9587","null","null","null","null","null","null","null",8,"1","Sinker",0,0,0,0,0,0,0,0,"Standard","Standard"
"SL","2018-04-15","86.3","-2.3822","5.7553","Tyler Beede",570799,595881,"null","called_strike",,,,,"3","null","R","R","R","SD","SF","S","null","null",1,0,2018,"0.0827","0.4441","0.4235","3.0656","null","null","520471.00",2,1,"Bot","null","null",,,460026,,"180415_204206","6.4912","-125.6042","-1.1243","-0.3180","23.0926","-27.4729","3.5392","1.3472","null","null","null","86.4200","2141","6.1470",529638,595881,460026,474832,605412,446334,605509,452254,457706,457705,"54.3503","null","null","null","null","null","null","null",7,"2","Slider",0,0,0,0,0,0,0,0,"Standard","Standard"
"FT","2018-04-15","92.5","-2.4466","5.7009","Tyler Beede",570799,595881,"null","ball",,,,,"13","null","R","R","R","SD","SF","B","null","null",0,0,2018,"-1.8222","0.9188","-0.2849","1.3758","null","null","520471.00",2,1,"Bot","null","null",,,460026,,"180415_204205","9.3817","-134.0685","-7.0748","-23.8422","30.7579","-19.8549","3.4806","1.7266","null","null","null","91.6120","2336","6.1110",529638,595881,460026,474832,605412,446334,605509,452254,457706,457705,"54.3860","null","null","null","null","null","null","null",7,"1","2-Seam Fastball",0,0,0,0,0,0,0,0,"Standard","Strategic"
"CH","2018-04-15","81.3","-2.5184","5.7423","Tyler Beede",614173,595881,"null","called_strike",,,,,"5","null","R","L","R","SD","SF","S","null","null",0,0,2018,"-1.0370","-0.3276","0.0517","2.5943","null","null","520471.00",1,1,"Bot","null","null",,,460026,,"180415_202218","7.8096","-118.1459","0.3043","-11.3972","25.7717","-35.5317","3.7368","1.7140","null","null","null","81.1980","1472","6.6230",529638,595881,460026,474832,605412,446334,605509,452254,457706,457705,"53.8742","null","null","null","null","null","null","null",6,"1","Changeup",0,0,0,0,0,0,0,0,"Standard","Standard"
"FT","2018-04-15","91.7","-2.4379","5.8369","Tyler Beede",520471,595881,"walk","ball",,,,,"12","Freddy Galvis walks.  ","R","L","R","SD","SF","B","null","null",3,2,2018,"-1.6552","0.7942","1.3727","2.3863","null","null","null",1,1,"Bot","null","null",,,460026,,"180415_202144","13.0129","-132.7530","-4.4181","-22.1703","29.9648","-22.1956","3.0913","1.5014","null","null","null","90.5050","2257","5.9680",529638,595881,460026,474832,605412,446334,605509,452254,457706,457705,"54.5291","null","null","0.70",1,0,0,"null",5,"8","2-Seam Fastball",0,0,0,0,0,0,0,0,"Standard","Standard"
"CU","2018-04-15","79.8","-2.5190","5.3085","Tyler Beede",520471,595881,"null","ball",,,,,"14","null","R","L","R","SD","SF","B","null","null",2,2,2018,"-0.1752","-1.6897","1.0293","-0.6456","null","null","null",1,1,"Bot","null","null",,,460026,,"180415_202101","8.0142","-115.8190","-3.1177","-3.1879","23.9815","-46.5465","3.0408","1.4846","null","null","null","78.3910","2294","5.6880",529638,595881,460026,474832,605412,446334,605509,452254,457706,457705,"54.8094","null","null","null","null","null","null","null",5,"6","Curveball",0,0,0,0,0,0,0,0,"Standard","Standard"
"FF","2018-04-15","94.9","-2.2656","5.5746","Tyler Beede",520471,595881,"null","ball",,,,,"14","null","R","L","R","SD","SF","B","null","null",1,2,2018,"-1.3682","1.6352","2.2760","-0.0902","null","null","null",1,1,"Bot","null","null",,,460026,,"180415_202032","14.6484","-136.6118","-12.3573","-20.3930","34.1952","-9.3572","2.9734","1.4340","null","null","null","92.8050","2457","5.9570",529638,595881,460026,474832,605412,446334,605509,452254,457706,457705,"54.5402","null","null","null","null","null","null","null",5,"5","4-Seam Fastball",0,0,0,0,0,0,0,0,"Standard","Standard"
"FF","2018-04-15","93.1","-2.4511","5.7628","Tyler Beede",520471,595881,"null","ball",,,,,"12","null","R","L","R","SD","SF","B","null","null",0,2,2018,"-0.8385","1.4132","0.4206","4.3954","null","null","null",1,1,"Bot","null","null",,,460026,,"180415_202014","9.1230","-135.0699","-0.6735","-12.3575","34.6108","-15.3841","3.0913","1.4509","null","null","null","91.7480","2399","6.0450",529638,595881,460026,474832,605412,446334,605509,452254,457706,457705,"54.4524","null","null","null","null","null","null","null",5,"4","4-Seam Fastball",0,0,0,0,0,0,0,0,"Standard","Standard"
"FT","2018-04-15","93.3","-2.4144","5.9366","Tyler Beede",520471,595881,"null","called_strike",,,,,"6","null","R","L","R","SD","SF","S","null","null",0,0,2018,"-1.4626","0.9907","0.6809","2.0921","null","null","null",1,1,"Bot","null","null",,,460026,,"180415_201854","10.9874","-135.2370","-6.1698","-20.0180","28.6679","-19.1167","3.1046","1.4509","null","null","null","92.3540","2489","5.8760",529638,595881,460026,474832,605412,446334,605509,452254,457706,457705,"54.6212","null","null","null","null","null","null","null",5,"1","2-Seam Fastball",0,0,0,0,0,0,0,0,"Standard","Standard"
"FT","2018-04-15","92.9","-2.4054","5.9276","Tyler Beede",517369,595881,"null","ball",,,,,"13","null","R","R","R","SD","SF","B","null","null",1,1,2018,"-1.6394","1.0700","-1.2267","1.7341","null","null","null",0,1,"Bot","null","null",,,460026,,"180415_201733","6.4965","-134.9761","-7.1908","-21.1631","29.2017","-17.9573","3.6592","1.5985","null","null","null","92.1910","2468","5.9340",529638,595881,460026,474832,605412,446334,605509,452254,457706,457705,"54.5633","null","null","null","null","null","null","null",4,"3","2-Seam Fastball",0,0,0,0,0,0,0,0,"Standard","Standard"
"FF","2018-04-15","91.4","-2.3869","5.9504","Tyler Beede",517369,595881,"null","ball",,,,,"11","null","R","R","R","SD","SF","B","null","null",0,0,2018,"-1.0342","1.4655","-0.9755","3.4651","null","null","null",0,1,"Bot","null","null",,,460026,,"180415_201649","5.6849","-132.7139","-3.3482","-13.2693","32.4176","-14.7952","3.6424","1.6490","null","null","null","89.9520","2278","5.8410",529638,595881,460026,474832,605412,446334,605509,452254,457706,457705,"54.6560","null","null","null","null","null","null","null",4,"1","4-Seam Fastball",0,0,0,0,0,0,0,0,"Standard","Standard"
"SI","2018-04-15","90.7","2.2771","6.1226","Joey Lucchesi",457705,664192,"null","ball",,,,,"9","null","R","R","L","SD","SF","B","null","null",0,1,2018,"0.9644","1.1860","0.5157","1.6352","null","null","null",2,1,"Top","null","null",,,595978,,"180415_201327","-6.5294","-131.8473","-7.8876","12.7638","28.3312","-16.7090","3.6215","1.7259","null","null","null","91.1910","2320","6.6650",529638,664192,595978,452104,641319,570799,520471,605486,614173,517369,"53.8324","null","null","null","null","null","null","null",3,"2","Sinker",0,0,0,0,0,0,0,0,"Standard","Standard"
"SI","2018-04-15","90.9","2.0775","6.3046","Joey Lucchesi",457705,664192,"null","called_strike",,,,,"6","null","R","R","L","SD","SF","S","null","null",0,0,2018,"1.1243","1.1042","0.7298","2.4370","null","null","null",2,1,"Top","null","null",,,595978,,"180415_201307","-5.7826","-132.0930","-6.1191","14.3915","28.5350","-18.1620","3.5205","1.7091","null","null","null","90.8180","2331","6.3450",529638,664192,595978,452104,641319,570799,520471,605486,614173,517369,"54.1527","null","null","null","null","null","null","null",3,"1","Sinker",0,0,0,0,0,0,0,0,"Standard","Standard"
"SI","2018-04-15","90.8","2.1419","6.1989","Joey Lucchesi",605412,664192,"null","called_strike",,,,,"2","null","R","L","L","SD","SF","S","null","null",0,0,2018,"0.8161","1.0672","-0.1144","3.1770","null","null","null",1,1,"Top","null","null",,,595978,,"180415_201206","-7.4139","-132.0396","-3.9576","11.1184","27.0199","-19.0106","3.1380","1.4405","null","null","null","91.1330","2202","6.4380",529638,664192,595978,452104,641319,570799,520471,605486,614173,517369,"54.0592","null","null","null","null","null","null","null",2,"1","Sinker",0,0,0,0,0,0,0,0,"Standard","Standard"
"SI","2018-04-15","90.5","2.4007","6.2103","Joey Lucchesi",457706,664192,"null","ball",,,,,"3","null","R","R","L","SD","SF","B","null","null",0,0,2018,"0.9020","1.0565","0.8225","3.3333","null","null","null",0,1,"Top","null","null",,,595978,,"180415_201101","-5.8741","-131.6009","-3.4387","11.7874","30.7185","-19.4039","3.3958","1.5371","null","null","null","90.2450","2082","6.3960",529638,664192,595978,452104,641319,570799,520471,605486,614173,517369,"54.1008","null","null","null","null","null","null","null",1,"1","Sinker",0,0,0,0,0,0,0,0,"Strategic","Standard"