"pitch_type","game_date","release_speed","release_pos_x","release_pos_z","player_name","batter","pitcher","events","description","spin_dir","spin_rate_deprecated","break_angle_deprecated","break_length_deprecated","zone","des","game_type","stand","p_throws","home_team","away_team","type","hit_location","bb_type","balls","strikes","game_year","pfx_x","pfx_z","plate_x","plate_z","on_3b","on_2b","on_1b","outs_when_up","inning","inning_topbot","hc_x","hc_y","tfs_deprecated","tfs_zulu_deprecated","pos2_person_id","umpire","sv_id","vx0","vy0","vz0","ax","ay","az","sz_top","sz_bot","hit_distance_sc","launch_speed","launch_angle","effective_speed","release_spin_rate","release_extension","game_pk","pos1_person_id","pos2_person_id","pos3_person_id","pos4_person_id","pos5_person_id","pos6_person_id","pos7_person_id","pos8_person_id","pos9_person_id","release_pos_y","estimated_ba_using_speedangle","estimated_woba_using_speedangle","woba_value","woba_denom","babip_value","iso_value","launch_speed_angle","at_bat_number","pitch_number","pitch_name","home_score","away_score","bat_score","fld_score","post_away_score","post_home_score","post_bat_score","post_fld_score","if_fielding_alignment","of_fielding_alignment"
"SI","2018-06-27","89.8","1.9959","5.9395","Harrison Musgrave",543063,643466,"null","called_strike",,,,,"4","null","R","L","L","SF","COL","S","null","null",1,0,2018,"1.2296","1.1900","-0.5921","2.2304","null","null","null",1,9,"Bot","null","null",,,455104,,"180628_044848","-8.9568","-130.3723","-5.6545","15.8267","27.3245","-17.7101","3.2709","1.4950","null","null","null","89.4630","2333","6.2000",530603,643466,455104,435622,518934,571448,596115,571595,453568,471865,"54.2975","null","null","null","null","null","null","null",64,"2","Sinker",0,0,0,0,0,0,0,0,"Standard","Standard"
"FF","2018-06-27","92.0","1.9962","6.0409","Harrison Musgrave",543063,643466,"null","ball",,,,,"11","null","R","L","L","SF","COL","B","null","null",0,0,2018,"0.3193","1.0843","-1.6233","3.0755","null","null","null",1,9,"Bot","null","null",,,455104,,"180628_044831","-9.7130","-133.5657","-3.9450","5.6462","25.9802","-18.8734","3.2173","1.4010","null","null","null","91.1080","2439","5.6590",530603,643466,455104,435622,518934,571448,596115,571595,453568,471865,"54.8387","null","null","null","null","null","null","null",64,"1","4-Seam Fastball",0,0,0,0,0,0,0,0,"Standard","Standard"
"FF","2018-06-27","94.2","-1.3457","5.9845","Scott Oberg",452254,623184,"null","called_strike",,,,,"9","null","R","R","R","SF","COL","S","null","null",0,0,2018,"-0.3210","1.3888","0.4041","1.9055","null","null","null",0,9,"Bot","null","null",,,455104,,"180628_044518","5.2024","-136.8574","-7.8365","-5.1377","30.6695","-13.4738","3.1105","1.4921","null","null","null","93.4030","2262","5.9390",530603,623184,455104,435622,518934,571448,596115,571595,453568,471865,"54.5579","null","null","null","null","null","null","null",63,"1","4-Seam Fastball",0,0,0,0,0,0,0,0,"Standard","Standard"
"SL","2018-06-27","81.1","-1.2458","5.2644","Reyes Moronta",596115,606625,"null","ball",,,,,"14","null","R","R","R","SF","COL","B","null","null",0,1,2018,"1.1166","-0.4033","1.2893","0.5536","null","null","null",2,9,"Top","null","null",,,457763,,"180628_044201","3.5466","-118.0484","-3.1597","9.6372","21.6097","-35.5419","3.4476","1.4118","null","null","null","80.6040","2614","5.8450",530603,606625,457763,474832,605412,467055,543063,452254,491676,457705,"54.6525","null","null","null","null","null","null","null",62,"2","Slider",0,0,0,0,0,0,0,0,"Standard","Standard"
"SL","2018-06-27","81.5","-1.4942","5.1293","Reyes Moronta",571448,606625,"null","ball",,,,,"14","null","R","R","R","SF","COL","B","null","null",0,0,2018,"1.1253","-0.0870","1.2593","1.7957","null","null","null",1,9,"Top","null","null",,,457763,,"180628_044039","4.0388","-118.6731","-0.7966","9.6963","20.8032","-33.0735","3.2976","1.5998","null","null","null","80.7500","2501","5.5500",530603,606625,457763,474832,605412,467055,543063,452254,491676,457705,"54.9478","null","null","null","null","null","null","null",61,"1","Slider",0,0,0,0,0,0,0,0,"Standard","Standard"
"FF","2018-06-27","91.6","1.7283","6.5108","Will Smith",453568,519293,"null","called_strike",,,,,"7","null","R","L","L","SF","COL","S","null","null",0,0,2018,"0.8934","1.1837","-0.5965","1.7583","null","null","null",0,9,"Top","null","null",,,457763,,"180628_043746","-7.7006","-132.8969","-8.5177","12.1348","29.7965","-16.7199","3.6516","1.6067","null","null","null","90.6240","1971","5.9620",530603,519293,457763,474832,605412,467055,543063,452254,491676,457705,"54.5352","null","null","null","null","null","null","null",60,"1","4-Seam Fastball",0,0,0,0,0,0,0,0,"Standard","Standard"
"FT","2018-06-27","93.8","-1.5349","5.7534","Scott Oberg",457763,623184,"null","ball",,,,,"14","null","R","R","R","SF","COL","B","null","null",0,1,2018,"-0.4966","0.8889","1.5781","1.4977","null","null","457705.00",2,8,"Bot","null","null",,,455104,,"180628_043422","9.1180","-136.2536","-7.2157","-8.1041","28.7521","-19.7995","3.3284","1.5702","null","null","null","93.7190","2122","6.2470",530603,623184,455104,435622,518934,571448,596115,571595,453568,471865,"54.2499","null","null","null","null","null","null","null",59,"2","2-Seam Fastball",0,0,0,0,0,0,0,0,"Standard","Standard"
"FF","2018-06-27","94.9","-1.3865","5.9012","Scott Oberg",457763,623184,"null","called_strike",,,,,"9","null","R","R","R","SF","COL","S","null","null",0,0,2018,"-0.2799","1.3346","0.4832","1.7802","null","null","457705.00",2,8,"Bot","null","null",,,455104,,"180628_043353","5.5018","-137.9386","-8.1083","-4.6927","27.8188","-13.6509","3.3485","1.6197","null","null","null","95.0720","2154","6.2410",530603,623184,455104,435622,518934,571448,596115,571595,453568,471865,"54.2565","null","null","null","null","null","null","null",59,"1","4-Seam Fastball",0,0,0,0,0,0,0,0,"Standard","Standard"
"SL","2018-06-27","86.7","-1.2788","5.9001","Scott Oberg",457705,623184,"walk","ball",,,,,"14","Andrew McCutchen walks.  ","R","R","R","SF","COL","B","null","null",3,2,2018,"0.3853","-0.3283","0.7221","-0.0484","null","null","null",2,8,"Bot","null","null",,,455104,,"180628_043310","3.9805","-126.0563","-7.3587","3.3487","23.2810","-34.5058","3.4180","1.6398","null","null","null","86.4820","2518","5.9900",530603,623184,455104,435622,518934,571448,596115,571595,453568,471865,"54.5074","null","null","0.70",1,0,0,"null",58,"9","Slider",0,0,0,0,0,0,0,0,"Standard","Standard"
"FF","2018-06-27","95.7","-1.3037","5.9134","Scott Oberg",457705,623184,"null","ball",,,,,"14","null","R","R","R","SF","COL","B","null","null",2,2,2018,"-0.2382","1.1053","1.2758","2.4209","null","null","null",2,8,"Bot","null","null",,,455104,,"180628_043117","7.3576","-139.2464","-6.1764","-4.5621","26.9974","-16.6066","3.4675","1.5408","null","null","null","96.4340","2252","6.4080",530603,623184,455104,435622,518934,571448,596115,571595,453568,471865,"54.0893","null","null","null","null","null","null","null",58,"5","4-Seam Fastball",0,0,0,0,0,0,0,0,"Standard","Standard"
"FF","2018-06-27","95.8","-1.3747","5.9640","Scott Oberg",457705,623184,"null","ball",,,,,"12","null","R","R","R","SF","COL","B","null","null",1,2,2018,"-0.4834","1.1408","0.3167","3.6599","null","null","null",2,8,"Bot","null","null",,,455104,,"180628_043059","5.4775","-139.4367","-3.0221","-7.3316","28.2647","-17.1008","3.3686","1.5903","null","null","null","95.2880","2305","5.7580",530603,623184,455104,435622,518934,571448,596115,571595,453568,471865,"54.7398","null","null","null","null","null","null","null",58,"4","4-Seam Fastball",0,0,0,0,0,0,0,0,"Standard","Standard"
"SL","2018-06-27","86.5","-1.4661","5.7974","Scott Oberg",457705,623184,"null","ball",,,,,"8","null","R","R","R","SF","COL","B","null","null",0,0,2018,"0.5310","-0.2398","-0.0646","1.7624","null","null","null",2,8,"Bot","null","null",,,455104,,"180628_042951","2.2632","-125.9144","-2.9786","5.1478","22.7188","-34.3691","3.3430","1.6723","null","null","null","85.9190","2671","5.6460",530603,623184,455104,435622,518934,571448,596115,571595,453568,471865,"54.8513","null","null","null","null","null","null","null",58,"1","Slider",0,0,0,0,0,0,0,0,"Standard","Standard"
"CH","2018-06-27","89.0","-1.4927","5.7784","Scott Oberg",474832,623184,"null","called_strike",,,,,"1","null","R","L","R","SF","COL","S","null","null",0,0,2018,"-1.1727","0.6004","-0.6424","3.0125","null","null","null",1,8,"Bot","null","null",,,455104,,"180628_042853","4.5433","-129.7422","-2.1108","-14.1712","23.2348","-25.1440","3.1175","1.5401","null","null","null","89.6910","1869","6.2940",530603,623184,455104,435622,518934,571448,596115,571595,453568,471865,"54.2039","null","null","null","null","null","null","null",57,"1","Changeup",0,0,0,0,0,0,0,0,"Infield shift","Standard"
"SL","2018-06-27","86.7","-1.3591","5.8494","Scott Oberg",491676,623184,"null","ball",,,,,"14","null","R","R","R","SF","COL","B","null","null",2,2,2018,"0.5430","-0.1017","0.7633","-0.2326","null","null","null",0,8,"Bot","null","null",,,455104,,"180628_042749","3.9531","-126.1205","-8.1468","5.0538","22.3778","-32.0145","3.2760","1.5487","null","null","null","86.4930","2526","5.8900",530603,623184,455104,435622,518934,571448,596115,571595,453568,471865,"54.6079","null","null","null","null","null","null","null",56,"5","Slider",0,0,0,0,0,0,0,0,"Standard","Standard"
"FF","2018-06-27","94.7","-1.4540","5.8423","Scott Oberg",491676,623184,"null","called_strike",,,,,"9","null","R","R","R","SF","COL","S","null","null",2,0,2018,"0.0597","1.2798","0.7463","1.6080","null","null","null",0,8,"Bot","null","null",,,455104,,"180628_042704","5.6165","-137.6653","-8.2581","-0.4355","29.3549","-14.2699","3.2878","1.5807","null","null","null","94.9540","2353","6.4010",530603,623184,455104,435622,518934,571448,596115,571595,453568,471865,"54.0963","null","null","null","null","null","null","null",56,"3","4-Seam Fastball",0,0,0,0,0,0,0,0,"Standard","Standard"
"FF","2018-06-27","94.5","-1.4712","5.9372","Scott Oberg",491676,623184,"null","ball",,,,,"14","null","R","R","R","SF","COL","B","null","null",1,0,2018,"-0.0765","1.2344","0.2921","1.4575","null","null","null",0,8,"Bot","null","null",,,455104,,"180628_042646","4.7558","-137.4148","-8.7240","-1.9768","29.1291","-14.9028","3.4242","1.6475","null","null","null","94.5380","2301","6.2510",530603,623184,455104,435622,518934,571448,596115,571595,453568,471865,"54.2462","null","null","null","null","null","null","null",56,"2","4-Seam Fastball",0,0,0,0,0,0,0,0,"Standard","Standard"
"FF","2018-06-27","93.9","-1.3352","5.9760","Scott Oberg",491676,623184,"null","ball",,,,,"14","null","R","R","R","SF","COL","B","null","null",0,0,2018,"0.0630","1.2940","1.6889","1.8310","null","null","null",0,8,"Bot","null","null",,,455104,,"180628_042630","7.6161","-136.2848","-7.7373","-0.8506","29.0842","-14.8377","3.3747","1.6475","null","null","null","93.1370","2192","5.9140",530603,623184,455104,435622,518934,571448,596115,571595,453568,471865,"54.5832","null","null","null","null","null","null","null",56,"1","4-Seam Fastball",0,0,0,0,0,0,0,0,"Standard","Standard"
"SL","2018-06-27","81.7","2.1246","6.2997","Will Smith",518934,519293,"null","ball",,,,,"13","null","R","R","L","SF","COL","B","null","null",0,2,2018,"-0.7635","-0.0301","-1.0369","0.0265","null","null","null",2,8,"Top","null","null",,,457763,,"180628_042323","-5.6248","-118.7693","-7.4952","-6.2243","19.6219","-31.4288","3.4085","1.5011","null","null","null","81.3180","2386","5.7770",530603,519293,457763,474832,605412,467055,543063,452254,491676,457705,"54.7206","null","null","null","null","null","null","null",55,"3","Slider",0,0,0,0,0,0,0,0,"Standard","Standard"
"FF","2018-06-27","92.8","1.7773","6.5566","Will Smith",518934,519293,"null","called_strike",,,,,"9","null","R","R","L","SF","COL","S","null","null",0,0,2018,"0.8469","1.5052","0.5344","1.8674","null","null","null",2,8,"Top","null","null",,,457763,,"180628_042239","-4.9903","-134.7592","-9.4353","11.3060","27.3994","-12.1750","3.4085","1.6001","null","null","null","92.6060","2181","6.1420",530603,519293,457763,474832,605412,467055,543063,452254,491676,457705,"54.3556","null","null","null","null","null","null","null",55,"1","4-Seam Fastball",0,0,0,0,0,0,0,0,"Standard","Standard"
"CU","2018-06-27","77.3","2.0115","6.4617","Will Smith",608596,519293,"null","called_strike",,,,,"12","null","R","R","L","SF","COL","S","null","null",1,0,2018,"-0.6898","-0.3684","0.9091","2.7025","null","null","null",1,8,"Top","null","null",,,457763,,"180628_042113","-1.1216","-112.4285","-0.4387","-5.4532","19.6998","-35.3756","3.4830","1.6375","null","null","null","75.9680","1885","5.2710",530603,519293,457763,474832,605412,467055,543063,452254,491676,457705,"55.2266","null","null","null","null","null","null","null",54,"2","Curveball",0,0,0,0,0,0,0,0,"Infield shift","Standard"
"CU","2018-06-27","76.2","2.0008","6.5899","Will Smith",608596,519293,"null","ball",,,,,"8","null","R","R","L","SF","COL","B","null","null",0,0,2018,"-0.7928","-0.3436","0.1483","1.6363","null","null","null",1,8,"Top","null","null",,,457763,,"180628_042053","-2.4760","-110.7964","-2.7079","-5.8070","19.8594","-34.6782","3.4930","1.7070","null","null","null","74.5150","1880","5.0890",530603,519293,457763,474832,605412,467055,543063,452254,491676,457705,"55.4085","null","null","null","null","null","null","null",54,"1","Curveball",0,0,0,0,0,0,0,0,"Infield shift","Standard"
"FF","2018-06-27","92.0","1.8904","6.5307","Will Smith",571595,519293,"null","ball",,,,,"14","null","R","R","L","SF","COL","B","null","null",0,1,2018,"0.4769","1.4384","1.2179","2.5647","null","null","null",0,8,"Top","null","null",,,457763,,"180628_041937","-2.6823","-133.7868","-7.2275","6.1645","26.0408","-13.9731","3.5131","1.6479","null","null","null","91.3560","2016","5.7160",530603,519293,457763,474832,605412,467055,543063,452254,491676,457705,"54.7815","null","null","null","null","null","null","null",53,"2","4-Seam Fastball",0,0,0,0,0,0,0,0,"Standard","Standard"
"CU","2018-06-27","75.2","1.9373","6.6503","Will Smith",571595,519293,"null","called_strike",,,,,"7","null","R","R","L","SF","COL","S","null","null",0,0,2018,"-0.5539","-0.4309","-0.3253","2.0260","null","null","null",0,8,"Top","null","null",,,457763,,"180628_041916","-3.6750","-109.3602","-1.6663","-3.6171","19.6996","-35.4772","3.4142","1.5984","null","null","null","73.7640","1964","5.2950",530603,519293,457763,474832,605412,467055,543063,452254,491676,457705,"55.2026","null","null","null","null","null","null","null",53,"1","Curveball",0,0,0,0,0,0,0,0,"Standard","Standard"
"CH","2018-06-27","84.0","1.7367","5.4725","Kyle Freeland",518516,607536,"null","ball",,,,,"13","null","R","R","L","SF","COL","B","null","null",1,1,2018,"0.7140","0.6860","-0.0684","1.1210","null","null","null",2,7,"Bot","null","null",,,455104,,"180628_041531","-5.5611","-122.1851","-5.0676","8.1356","21.6246","-24.6085","3.3102","1.6302","null","null","null","84.0870","1356","6.1390",530603,607536,455104,435622,518934,571448,596115,571595,453568,471865,"54.3586","null","null","null","null","null","null","null",52,"3","Changeup",0,0,0,0,0,0,0,0,"Standard","Standard"
"SL","2018-06-27","83.9","1.9129","5.2464","Kyle Freeland",518516,607536,"null","ball",,,,,"13","null","R","R","L","SF","COL","B","null","null",0,1,2018,"-0.4104","0.4120","-0.5985","1.5687","null","null","null",2,7,"Bot","null","null",,,455104,,"180628_041517","-4.9926","-122.1435","-2.9233","-3.1201","23.6230","-27.7275","3.4587","1.7293","null","null","null","83.8030","2063","6.1570",530603,607536,455104,435622,518934,571448,596115,571595,453568,471865,"54.3402","null","null","null","null","null","null","null",52,"2","Slider",0,0,0,0,0,0,0,0,"Standard","Standard"
"CU","2018-06-27","81.9","1.8998","5.1968","Kyle Freeland",605412,607536,"null","ball",,,,,"12","null","R","L","L","SF","COL","B","null","null",1,1,2018,"-0.3572","0.1090","1.2120","2.6804","null","null","null",1,7,"Bot","null","null",,,455104,,"180628_041319","-0.8711","-119.4011","0.5517","-3.2636","19.6975","-31.4258","3.2549","1.4588","null","null","null","82.0570","1915","5.9710",530603,607536,455104,435622,518934,571448,596115,571595,453568,471865,"54.5267","null","null","null","null","null","null","null",51,"3","Curveball",0,0,0,0,0,0,0,0,"Standard","Standard"
"FF","2018-06-27","90.7","1.5356","5.4400","Kyle Freeland",605412,607536,"null","ball",,,,,"11","null","R","L","L","SF","COL","B","null","null",0,1,2018,"0.3418","0.7489","-0.2114","3.7165","null","null","null",1,7,"Bot","null","null",,,455104,,"180628_041301","-5.1122","-132.1991","-0.1286","4.9175","21.7009","-23.3830","3.1559","1.4588","null","null","null","91.8250","2062","6.3670",530603,607536,455104,435622,518934,571448,596115,571595,453568,471865,"54.1308","null","null","null","null","null","null","null",51,"2","4-Seam Fastball",0,0,0,0,0,0,0,0,"Standard","Standard"
"CU","2018-06-27","80.8","2.2288","5.2593","Kyle Freeland",467055,607536,"null","ball",,,,,"12","null","R","R","L","SF","COL","B","null","null",1,1,2018,"-0.2085","0.2676","1.2083","2.9410","null","null","null",0,7,"Bot","null","null",,,455104,,"180628_041108","-1.8727","-117.6838","0.9066","-1.6014","20.3395","-30.0735","3.2441","1.6877","null","null","null","80.7140","2107","5.9790",530603,607536,455104,435622,518934,571448,596115,571595,453568,471865,"54.5188","null","null","null","null","null","null","null",50,"3","Curveball",0,0,0,0,0,0,0,0,"Standard","Standard"
"CU","2018-06-27","77.2","1.9951","5.3550","Kyle Freeland",467055,607536,"null","ball",,,,,"13","null","R","R","L","SF","COL","B","null","null",0,0,2018,"-0.2431","-0.0495","-1.1021","2.0386","null","null","null",0,7,"Bot","null","null",,,455104,,"180628_041039","-6.1251","-112.2577","-0.0405","-0.9997","19.1520","-32.7986","3.1452","1.6382","null","null","null","77.0420","null","6.0850",530603,607536,455104,435622,518934,571448,596115,571595,453568,471865,"54.4128","null","null","null","null","null","null","null",50,"1","Curveball",0,0,0,0,0,0,0,0,"Standard","Standard"
"CU","2018-06-27","74.5","3.1106","5.6572","Madison Bumgarner",455104,518516,"null","ball",,,,,"14","null","R","R","L","SF","COL","B","null","null",1,1,2018,"-0.8945","-0.5631","2.0196","2.0887","null","null","null",2,7,"Top","null","null",,,457763,,"180628_040739","-0.7006","-108.3850","0.8380","-6.7638","19.0975","-36.9074","3.4350","1.6683","null","null","null","73.6700","2232","5.6960",530603,518516,457763,474832,605412,467055,543063,452254,491676,457705,"54.8017","null","null","null","null","null","null","null",49,"3","Curveball",0,0,0,0,0,0,0,0,"Standard","Standard"
"CU","2018-06-27","75.9","3.0575","5.6724","Madison Bumgarner",455104,518516,"null","called_strike",,,,,"8","null","R","R","L","SF","COL","S","null","null",1,0,2018,"-0.9284","-0.7480","0.0196","2.1546","null","null","null",2,7,"Top","null","null",,,457763,,"180628_040718","-4.6888","-110.4220","1.0121","-6.6702","19.3081","-38.6189","3.2865","1.6582","null","null","null","75.4320","2313","5.9170",530603,518516,457763,474832,605412,467055,543063,452254,491676,457705,"54.5807","null","null","null","null","null","null","null",49,"2","Curveball",0,0,0,0,0,0,0,0,"Standard","Standard"
"CU","2018-06-27","67.9","3.1601","5.7355","Madison Bumgarner",455104,518516,"null","ball",,,,,"12","null","R","R","L","SF","COL","B","null","null",0,0,2018,"-1.0099","-0.4682","3.8553","4.6898","null","null","null",2,7,"Top","null","null",,,457763,,"180628_040653","2.8165","-98.4654","6.5506","-6.8370","14.4752","-36.3520","3.2878","1.5706","null","null","null","66.9670","1991","5.5450",530603,518516,457763,474832,605412,467055,543063,452254,491676,457705,"54.9529","null","null","null","null","null","null","null",49,"1","Curveball",0,0,0,0,0,0,0,0,"Standard","Standard"
"FT","2018-06-27","90.0","3.0859","5.7426","Madison Bumgarner",471865,518516,"null","ball",,,,,"12","null","R","L","L","SF","COL","B","null","null",0,0,2018,"0.7393","1.0018","0.8258","3.5618","null","null","null",1,7,"Top","null","null",,,457763,,"180628_040530","-7.1874","-130.9848","-1.6212","9.9539","25.1134","-20.4365","3.3783","1.6101","null","null","null","90.5020","1941","6.3780",530603,518516,457763,474832,605412,467055,543063,452254,491676,457705,"54.1191","null","null","null","null","null","null","null",48,"1","2-Seam Fastball",0,0,0,0,0,0,0,0,"Infield shift","Standard"
"CH","2018-06-27","82.6","3.0437","5.7477","Madison Bumgarner",435622,518516,"null","ball",,,,,"14","null","R","R","L","SF","COL","B","null","null",0,0,2018,"1.2033","0.5080","1.5885","1.8973","null","null","null",0,7,"Top","null","null",,,457763,,"180628_040321","-5.6202","-120.2321","-3.3180","12.6490","20.3844","-26.8698","3.3073","1.3705","null","null","null","82.8420","1336","6.1520",530603,518516,457763,474832,605412,467055,543063,452254,491676,457705,"54.3450","null","null","null","null","null","null","null",47,"1","Changeup",0,0,0,0,0,0,0,0,"Standard","Standard"
"CH","2018-06-27","86.2","1.9851","5.2677","Kyle Freeland",543063,607536,"null","ball",,,,,"14","null","R","L","L","SF","COL","B","null","null",0,0,2018,"1.2281","0.3533","0.0303","1.3084","457705.00","null","452254.00",2,6,"Bot","null","null",,,455104,,"180628_040020","-7.0963","-125.3189","-3.8940","14.2656","24.0813","-27.9269","3.2169","1.4502","null","null","null","86.1020","1341","6.1650",530603,607536,455104,435622,518934,571448,596115,571595,453568,471865,"54.3326","null","null","null","null","null","null","null",46,"1","Changeup",0,0,0,0,0,0,0,0,"Standard","Standard"
"FF","2018-06-27","91.4","1.5134","5.3942","Kyle Freeland",452254,607536,"null","ball",,,,,"11","null","R","R","L","SF","COL","B","null","null",0,1,2018,"0.6192","0.8710","-1.2472","2.6662","null","457705.00","null",2,6,"Bot","null","null",,,455104,,"180628_035841","-8.2950","-132.8652","-2.8922","9.0495","26.8862","-21.4210","3.3811","1.6352","null","null","null","91.6700","2046","6.3820",530603,607536,455104,435622,518934,571448,596115,571595,453568,471865,"54.1157","null","null","null","null","null","null","null",45,"2","4-Seam Fastball",0,0,0,0,0,0,0,0,"Standard","Standard"
"CH","2018-06-27","83.9","1.8942","5.3812","Kyle Freeland",452254,607536,"null","called_strike",,,,,"14","null","R","R","L","SF","COL","S","null","null",0,0,2018,"0.9345","0.0470","1.1476","2.1036","null","457705.00","null",2,6,"Bot","null","null",,,455104,,"180628_035815","-3.5474","-122.3005","-1.3753","9.9963","20.7668","-31.6634","3.3022","1.6317","null","null","null","84.2470","1143","6.1100",530603,607536,455104,435622,518934,571448,596115,571595,453568,471865,"54.3876","null","null","null","null","null","null","null",45,"1","Changeup",0,0,0,0,0,0,0,0,"Standard","Standard"
"SL","2018-06-27","81.7","2.1202","5.2868","Kyle Freeland",457763,607536,"null","called_strike",,,,,"5","null","R","R","L","SF","COL","S","null","null",2,0,2018,"-0.3419","0.5957","0.0569","2.2057","null","null","457705.00",1,6,"Bot","null","null",,,455104,,"180628_035705","-3.9805","-118.9700","-1.5372","-2.5043","21.5336","-26.4950","3.3482","1.5700","null","null","null","81.5760","2139","6.0380",530603,607536,455104,435622,518934,571448,596115,571595,453568,471865,"54.4597","null","null","null","null","null","null","null",44,"3","Slider",0,0,0,0,0,0,0,0,"Standard","Standard"
"CH","2018-06-27","85.0","1.9585","5.3675","Kyle Freeland",457763,607536,"null","ball",,,,,"13","null","R","R","L","SF","COL","B","null","null",1,0,2018,"1.2391","0.3003","-0.1079","1.0593","null","null","457705.00",1,6,"Bot","null","null",,,455104,,"180628_035640","-7.2923","-123.5686","-4.4107","14.0397","22.1742","-28.4962","3.3281","1.5700","null","null","null","85.1690","1260","6.2280",530603,607536,455104,435622,518934,571448,596115,571595,453568,471865,"54.2691","null","null","null","null","null","null","null",44,"2","Changeup",0,0,0,0,0,0,0,0,"Standard","Standard"
"CU","2018-06-27","78.8","1.9420","5.3674","Kyle Freeland",457705,607536,"null","called_strike",,,,,"3","null","R","R","L","SF","COL","S","null","null",0,0,2018,"-0.1119","0.2238","0.7564","2.8617","null","null","null",1,6,"Bot","null","null",,,455104,,"180628_035422","-2.3589","-114.6921","0.9246","-0.5628","20.2649","-30.5993","3.3683","1.5901","null","null","null","78.5870","2229","6.0250",530603,607536,455104,435622,518934,571448,596115,571595,453568,471865,"54.4727","null","null","null","null","null","null","null",43,"1","Curveball",0,0,0,0,0,0,0,0,"Infield shift","Standard"
"CH","2018-06-27","83.8","1.8242","5.6054","Kyle Freeland",474832,607536,"null","called_strike",,,,,"9","null","R","L","L","SF","COL","S","null","null",0,0,2018,"0.9697","0.5446","0.6731","1.7154","null","null","null",0,6,"Bot","null","null",,,455104,,"180628_035330","-4.5474","-121.9995","-3.6838","10.4971","22.3105","-26.2814","3.0677","1.5893","null","null","null","83.8730","1264","6.1520",530603,607536,455104,435622,518934,571448,596115,571595,453568,471865,"54.3459","null","null","null","null","null","null","null",42,"1","Changeup",0,0,0,0,0,0,0,0,"Infield shift","Standard"
"FT","2018-06-27","91.3","3.0090","5.7235","Madison Bumgarner",596115,518516,"null","ball",,,,,"11","null","R","R","L","SF","COL","B","null","null",1,2,2018,"0.7401","1.1654","-0.2400","4.0799","null","null","453568.00",2,6,"Top","null","null",,,457763,,"180628_034928","-9.8222","-132.6774","-0.7386","10.9779","29.7875","-18.4061","3.3977","1.5599","null","null","null","91.4610","2154","6.5700",530603,518516,457763,474832,605412,467055,543063,452254,491676,457705,"53.9271","null","null","null","null","null","null","null",41,"4","2-Seam Fastball",0,0,0,0,0,0,0,0,"Standard","Standard"
"FT","2018-06-27","90.9","3.0753","5.7986","Madison Bumgarner",596115,518516,"null","ball",,,,,"12","null","R","R","L","SF","COL","B","null","null",0,2,2018,"0.7985","1.2086","0.3267","4.7001","null","null","453568.00",2,6,"Top","null","null",,,457763,,"180628_034903","-8.5492","-132.1445","0.5707","11.0492","26.7387","-18.3974","3.4472","1.6094","null","null","null","90.7530","2087","6.1380",530603,518516,457763,474832,605412,467055,543063,452254,491676,457705,"54.3590","null","null","null","null","null","null","null",41,"3","2-Seam Fastball",0,0,0,0,0,0,0,0,"Standard","Standard"
"FC","2018-06-27","84.3","3.1997","5.7447","Madison Bumgarner",571448,518516,"null","called_strike",,,,,"6","null","R","R","L","SF","COL","S","null","null",0,0,2018,"-0.2561","0.6716","0.7143","2.2351","null","null","453568.00",1,6,"Top","null","null",,,457763,,"180628_034637","-5.2680","-122.6676","-3.1378","-1.5888","23.2714","-25.0015","3.2879","1.5499","null","null","null","84.4470","2008","6.2920",530603,518516,457763,474832,605412,467055,543063,452254,491676,457705,"54.2052","null","null","null","null","null","null","null",40,"1","Cutter",0,0,0,0,0,0,0,0,"Standard","Standard"
"FC","2018-06-27","86.3","3.1041","5.7288","Madison Bumgarner",453568,518516,"null","ball",,,,,"13","null","R","L","L","SF","COL","B","null","null",1,0,2018,"-0.2643","0.5929","-1.1557","2.0675","null","null","null",1,6,"Top","null","null",,,457763,,"180628_034538","-9.5689","-125.3223","-3.6743","-0.9340","24.2137","-25.4331","3.3367","1.5886","null","null","null","86.1950","2034","6.2350",530603,518516,457763,474832,605412,467055,543063,452254,491676,457705,"54.2624","null","null","null","null","null","null","null",39,"2","Cutter",0,0,0,0,0,0,0,0,"Standard","Standard"
"FC","2018-06-27","86.6","2.9779","5.7739","Madison Bumgarner",453568,518516,"null","ball",,,,,"13","null","R","L","L","SF","COL","B","null","null",0,0,2018,"-0.2268","0.6185","-1.9142","1.2202","null","null","null",1,6,"Top","null","null",,,457763,,"180628_034520","-11.1873","-125.6911","-5.9204","-0.3097","23.6120","-24.6876","3.3862","1.4896","null","null","null","86.6340","2137","6.2880",530603,518516,457763,474832,605412,467055,543063,452254,491676,457705,"54.2097","null","null","null","null","null","null","null",39,"1","Cutter",0,0,0,0,0,0,0,0,"Standard","Standard"
"FT","2018-06-27","91.2","3.2003","5.7206","Madison Bumgarner",518934,518516,"null","called_strike",,,,,"14","null","R","R","L","SF","COL","S","null","null",1,1,2018,"0.7223","1.3580","0.9979","2.0867","null","null","null",0,6,"Top","null","null",,,457763,,"180628_034425","-7.0919","-132.6552","-6.2029","9.9739","26.1324","-15.0244","3.3095","1.4516","null","null","null","91.5600","2047","6.3500",530603,518516,457763,474832,605412,467055,543063,452254,491676,457705,"54.1475","null","null","null","null","null","null","null",38,"3","2-Seam Fastball",0,0,0,0,0,0,0,0,"Standard","Standard"
"CH","2018-06-27","83.9","3.0887","5.7507","Madison Bumgarner",518934,518516,"null","called_strike",,,,,"8","null","R","R","L","SF","COL","S","null","null",1,0,2018,"1.1678","0.4707","-0.2073","1.6369","null","null","null",0,6,"Top","null","null",,,457763,,"180628_034406","-9.9128","-121.8089","-4.0520","13.4790","22.0516","-26.9296","3.2542","1.4466","null","null","null","84.0480","1456","6.3350",530603,518516,457763,474832,605412,467055,543063,452254,491676,457705,"54.1625","null","null","null","null","null","null","null",38,"2","Changeup",0,0,0,0,0,0,0,0,"Standard","Standard"
"CU","2018-06-27","76.5","3.0588","5.7824","Madison Bumgarner",518934,518516,"null","ball",,,,,"7","null","R","R","L","SF","COL","B","null","null",0,0,2018,"-0.8572","-0.4800","-0.8108","1.5331","null","null","null",0,6,"Top","null","null",,,457763,,"180628_034348","-6.6048","-111.2253","-1.0891","-5.9409","19.2621","-36.1686","3.3258","1.4978","null","null","null","76.3640","2246","6.1580",530603,518516,457763,474832,605412,467055,543063,452254,491676,457705,"54.3394","null","null","null","null","null","null","null",38,"1","Curveball",0,0,0,0,0,0,0,0,"Standard","Standard"
"CU","2018-06-27","79.1","2.0085","5.2247","Kyle Freeland",491676,607536,"null","ball",,,,,"12","null","R","R","L","SF","COL","B","null","null",0,0,2018,"-0.2817","-0.0870","2.0479","3.6148","null","null","null",2,5,"Bot","null","null",,,455104,,"180628_034113","0.5979","-115.0188","3.4080","-2.5754","20.9319","-33.7881","3.1272","1.5980","null","null","null","78.5890","2203","5.9260",530603,607536,455104,435622,518934,571448,596115,571595,453568,471865,"54.5712","null","null","null","null","null","null","null",37,"1","Curveball",0,0,0,0,0,0,0,0,"Standard","Standard"
"FF","2018-06-27","91.8","1.5396","5.4654","Kyle Freeland",518516,607536,"strikeout","called_strike",,,,,"11","Madison Bumgarner called out on strikes.  ","R","R","L","SF","COL","S",2,"null",1,2,2018,"0.6258","0.9518","-0.9894","2.6730","null","null","null",1,5,"Bot","null","null",,,455104,,"180628_034038","-7.7942","-133.4895","-3.3003","9.1868","28.1950","-20.2086","3.4486","1.6302","null","null","null","92.2310","2257","6.5410",530603,607536,455104,435622,518934,571448,596115,571595,453568,471865,"53.9560","null","null","0.00",1,0,0,"null",36,"4","4-Seam Fastball",0,0,0,0,0,0,0,0,"Standard","Standard"
"CH","2018-06-27","84.2","1.8401","5.4699","Kyle Freeland",518516,607536,"null","ball",,,,,"14","null","R","R","L","SF","COL","B","null","null",0,0,2018,"1.0981","0.3432","0.5710","0.5101","null","null","null",1,5,"Bot","null","null",,,455104,,"180628_033937","-5.0797","-122.4375","-5.8011","11.9414","23.0785","-27.8646","3.5082","1.7292","null","null","null","84.0090","1268","6.0990",530603,607536,455104,435622,518934,571448,596115,571595,453568,471865,"54.3984","null","null","null","null","null","null","null",36,"1","Changeup",0,0,0,0,0,0,0,0,"Standard","Standard"
"CU","2018-06-27","77.7","1.9619","5.3692","Kyle Freeland",605412,607536,"null","called_strike",,,,,"4","null","R","L","L","SF","COL","S","null","null",0,0,2018,"-0.1022","-0.1706","-0.7718","2.1246","null","null","null",0,5,"Bot","null","null",,,455104,,"180628_033850","-5.6589","-112.9782","0.3314","0.2339","21.9863","-33.9214","2.9874","1.2902","null","null","null","77.3610","2025","6.2430",530603,607536,455104,435622,518934,571448,596115,571595,453568,471865,"54.2549","null","null","null","null","null","null","null",35,"1","Curveball",0,0,0,0,0,0,0,0,"Standard","Standard"
"FC","2018-06-27","85.1","3.1777","5.7027","Madison Bumgarner",607536,518516,"null","called_strike",,,,,"3","null","R","L","L","SF","COL","S","null","null",2,1,2018,"-0.1961","0.5435","0.5009","2.9601","471865.00","455104.00","571595.00",2,5,"Top","null","null",,,457763,,"180628_033537","-5.8568","-123.7775","-1.2099","-0.8745","23.7312","-26.6303","3.3383","1.6104","null","null","null","84.7590","2128","6.0010",530603,518516,457763,474832,605412,467055,543063,452254,491676,457705,"54.4960","null","null","null","null","null","null","null",34,"4","Cutter",0,0,0,0,0,0,0,0,"Standard","Standard"
"FT","2018-06-27","92.3","3.0038","5.6300","Madison Bumgarner",607536,518516,"null","ball",,,,,"13","null","R","L","L","SF","COL","B","null","null",1,1,2018,"1.0391","1.2897","-2.2153","1.4305","471865.00","455104.00","571595.00",2,5,"Top","null","null",,,457763,,"180628_033500","-15.4770","-133.4376","-7.6462","15.4087","24.3616","-15.3399","3.3383","1.6599","null","null","null","92.4890","2185","6.4210",530603,518516,457763,474832,605412,467055,543063,452254,491676,457705,"54.0759","null","null","null","null","null","null","null",34,"3","2-Seam Fastball",0,0,0,0,0,0,0,0,"Standard","Standard"
"FT","2018-06-27","91.4","2.9759","5.7046","Madison Bumgarner",607536,518516,"null","ball",,,,,"11","null","R","L","L","SF","COL","B","null","null",0,1,2018,"0.8870","1.2691","-0.9661","2.6809","471865.00","455104.00","571595.00",2,5,"Top","null","null",,,457763,,"180628_033439","-11.8131","-132.6490","-4.4645","12.8692","26.4825","-16.4457","3.4373","1.6599","null","null","null","91.4600","2125","6.3200",530603,518516,457763,474832,605412,467055,543063,452254,491676,457705,"54.1769","null","null","null","null","null","null","null",34,"2","2-Seam Fastball",0,0,0,0,0,0,0,0,"Standard","Standard"
"FC","2018-06-27","85.7","3.0554","5.7609","Madison Bumgarner",571595,518516,"walk","ball",,,,,"13","Noel Cuevas walks.   Carlos Gonzalez to 3rd.    Chris Iannetta to 2nd.  ","R","R","L","SF","COL","B","null","null",3,1,2018,"-0.0989","0.5651","-1.1728","1.2320","null","471865.00","455104.00",2,5,"Top","null","null",,,457763,,"180628_033312","-9.7232","-124.4517","-5.5352","0.7988","23.3014","-25.5175","3.2657","1.4994","null","null","null","85.3600","2124","6.0300",530603,518516,457763,474832,605412,467055,543063,452254,491676,457705,"54.4671","null","null","0.70",1,0,0,"null",33,"5","Cutter",0,0,0,0,0,0,0,0,"Standard","Standard"
"FC","2018-06-27","84.5","3.1924","5.7168","Madison Bumgarner",571595,518516,"null","called_strike",,,,,"8","null","R","R","L","SF","COL","S","null","null",3,0,2018,"-0.2128","0.4740","0.0245","1.8373","null","471865.00","455104.00",2,5,"Top","null","null",,,457763,,"180628_033249","-6.9279","-123.0548","-3.7149","-1.0480","19.8319","-26.9436","3.2162","1.4004","null","null","null","84.7490","2100","5.9910",530603,518516,457763,474832,605412,467055,543063,452254,491676,457705,"54.5060","null","null","null","null","null","null","null",33,"4","Cutter",0,0,0,0,0,0,0,0,"Standard","Standard"
"FC","2018-06-27","86.0","3.1658","5.7097","Madison Bumgarner",571595,518516,"null","ball",,,,,"13","null","R","R","L","SF","COL","B","null","null",2,0,2018,"-0.1772","0.6248","-1.1947","1.2834","null","471865.00","455104.00",2,5,"Top","null","null",,,457763,,"180628_033226","-9.9099","-124.9122","-5.5094","-0.1109","21.9201","-24.8883","3.3152","1.4499","null","null","null","85.8370","2131","5.9980",530603,518516,457763,474832,605412,467055,543063,452254,491676,457705,"54.4999","null","null","null","null","null","null","null",33,"3","Cutter",0,0,0,0,0,0,0,0,"Standard","Standard"
"FC","2018-06-27","85.1","3.1262","5.6966","Madison Bumgarner",571595,518516,"null","ball",,,,,"12","null","R","R","L","SF","COL","B","null","null",1,0,2018,"-0.2268","0.5349","1.0687","3.0776","null","471865.00","455104.00",2,5,"Top","null","null",,,457763,,"180628_033205","-4.3513","-123.9368","-0.9388","-1.5102","22.8918","-26.7633","3.4142","1.5489","null","null","null","84.8360","2139","5.9000",530603,518516,457763,474832,605412,467055,543063,452254,491676,457705,"54.5975","null","null","null","null","null","null","null",33,"2","Cutter",0,0,0,0,0,0,0,0,"Standard","Standard"
"CU","2018-06-27","77.0","3.0807","5.7300","Madison Bumgarner",571595,518516,"null","ball",,,,,"13","null","R","R","L","SF","COL","B","null","null",0,0,2018,"-1.0528","-0.3682","-0.9851","1.3384","null","471865.00","455104.00",2,5,"Top","null","null",,,457763,,"180628_033139","-6.6968","-111.9006","-1.6743","-7.5512","19.7606","-35.1634","3.3647","1.4004","null","null","null","76.4930","2325","5.9460",530603,518516,457763,474832,605412,467055,543063,452254,491676,457705,"54.5518","null","null","null","null","null","null","null",33,"1","Curveball",0,0,0,0,0,0,0,0,"Standard","Standard"
"FC","2018-06-27","84.5","3.1694","5.7026","Madison Bumgarner",455104,518516,"walk","ball",,,,,"12","Chris Iannetta walks.  ","R","R","L","SF","COL","B","null","null",3,2,2018,"-0.2113","0.5224","2.1494","3.3862","null","471865.00","null",2,5,"Top","null","null",,,457763,,"180628_033059","-1.9495","-122.9441","-0.0577","-1.7229","24.6883","-27.1705","3.1875","1.4702","null","null","null","84.0040","2128","5.9980",530603,518516,457763,474832,605412,467055,543063,452254,491676,457705,"54.4999","null","null","0.70",1,0,0,"null",32,"7","Cutter",0,0,0,0,0,0,0,0,"Standard","Standard"
"FT","2018-06-27","90.6","3.2065","5.7195","Madison Bumgarner",455104,518516,"null","ball",,,,,"12","null","R","R","L","SF","COL","B","null","null",1,2,2018,"0.6481","0.9302","2.0619","3.3314","null","471865.00","null",2,5,"Top","null","null",,,457763,,"180628_032928","-4.2612","-131.9376","-2.0755","8.4781","26.3366","-21.0086","3.1875","1.4702","null","null","null","91.1560","2048","6.4440",530603,518516,457763,474832,605412,467055,543063,452254,491676,457705,"54.0535","null","null","null","null","null","null","null",32,"4","2-Seam Fastball",0,0,0,0,0,0,0,0,"Standard","Standard"
"FT","2018-06-27","90.7","3.0149","5.7149","Madison Bumgarner",455104,518516,"null","ball",,,,,"12","null","R","R","L","SF","COL","B","null","null",0,2,2018,"1.0496","1.1015","0.5287","3.7849","null","471865.00","null",2,5,"Top","null","null",,,457763,,"180628_032905","-8.4866","-131.9100","-1.3258","13.9946","24.6388","-19.0871","3.1875","1.4702","null","null","null","91.3840","2040","6.4590",530603,518516,457763,474832,605412,467055,543063,452254,491676,457705,"54.0388","null","null","null","null","null","null","null",32,"3","2-Seam Fastball",0,0,0,0,0,0,0,0,"Standard","Standard"
"FT","2018-06-27","91.0","3.1321","5.7055","Madison Bumgarner",455104,518516,"null","called_strike",,,,,"9","null","R","R","L","SF","COL","S","null","null",0,1,2018,"0.8195","1.0728","0.6167","1.7503","null","471865.00","null",2,5,"Top","null","null",,,457763,,"180628_032840","-8.0951","-132.2883","-6.3677","11.3256","26.3647","-18.3857","3.1875","1.5097","null","null","null","91.4760","2104","6.4810",530603,518516,457763,474832,605412,467055,543063,452254,491676,457705,"54.0160","null","null","null","null","null","null","null",32,"2","2-Seam Fastball",0,0,0,0,0,0,0,0,"Standard","Standard"
"FC","2018-06-27","85.3","3.1760","5.7680","Madison Bumgarner",455104,518516,"null","called_strike",,,,,"2","null","R","R","L","SF","COL","S","null","null",0,0,2018,"-0.3322","0.5586","0.1122","2.9421","null","471865.00","null",2,5,"Top","null","null",,,457763,,"180628_032801","-6.5251","-124.1342","-1.5242","-2.2763","22.0831","-26.3223","3.2370","1.5097","null","null","null","85.4700","2104","6.1440",530603,518516,457763,474832,605412,467055,543063,452254,491676,457705,"54.3530","null","null","null","null","null","null","null",32,"1","Cutter",0,0,0,0,0,0,0,0,"Standard","Standard"
"CU","2018-06-27","75.2","3.0765","5.6892","Madison Bumgarner",435622,518516,"strikeout","called_strike",,,,,"6","Ian Desmond called out on strikes.  ","R","R","L","SF","COL","S",2,"null",2,2,2018,"-0.7830","-0.5513","0.8074","2.1929","null","null","null",1,5,"Top","null","null",,,457763,,"180628_032625","-3.3203","-109.5043","0.7431","-5.7508","16.7639","-36.9014","3.2980","1.3311","null","null","null","75.1130","2114","5.8880",530603,518516,457763,474832,605412,467055,543063,452254,491676,457705,"54.6091","null","null","0.00",1,0,0,"null",30,"5","Curveball",0,0,0,0,0,0,0,0,"Standard","Standard"
"CU","2018-06-27","75.8","3.2033","5.6480","Madison Bumgarner",435622,518516,"null","ball",,,,,"12","null","R","R","L","SF","COL","B","null","null",1,2,2018,"-0.7156","-0.4283","2.0898","3.0559","null","null","null",1,5,"Top","null","null",,,457763,,"180628_032605","-1.0694","-110.3261","2.2859","-5.6214","16.7868","-36.1934","3.2578","1.3210","null","null","null","75.5260","2121","5.7530",530603,518516,457763,474832,605412,467055,543063,452254,491676,457705,"54.7446","null","null","null","null","null","null","null",30,"4","Curveball",0,0,0,0,0,0,0,0,"Standard","Standard"
"FT","2018-06-27","90.8","3.1470","5.7269","Madison Bumgarner",435622,518516,"null","ball",,,,,"12","null","R","R","L","SF","COL","B","null","null",0,2,2018,"0.8695","1.1326","0.1698","4.6144","null","null","null",1,5,"Top","null","null",,,457763,,"180628_032548","-9.2661","-132.0666","0.6411","11.8744","23.4308","-19.1489","3.3568","1.3210","null","null","null","91.1570","2011","6.1580",530603,518516,457763,474832,605412,467055,543063,452254,491676,457705,"54.3391","null","null","null","null","null","null","null",30,"3","2-Seam Fastball",0,0,0,0,0,0,0,0,"Standard","Standard"
"FT","2018-06-27","90.9","3.0630","5.7878","Madison Bumgarner",596115,518516,"null","ball",,,,,"11","null","R","R","L","SF","COL","B","null","null",1,0,2018,"0.9408","1.1301","-0.9665","3.1232","null","null","null",0,5,"Top","null","null",,,457763,,"180628_032341","-11.9833","-131.8905","-3.1410","13.2569","25.8058","-18.6654","3.4472","1.4609","null","null","null","90.4690","1996","6.0060",530603,518516,457763,474832,605412,467055,543063,452254,491676,457705,"54.4915","null","null","null","null","null","null","null",29,"2","2-Seam Fastball",0,0,0,0,0,0,0,0,"Infield shift","Standard"
"FT","2018-06-27","90.2","2.8976","5.8251","Madison Bumgarner",596115,518516,"null","ball",,,,,"11","null","R","R","L","SF","COL","B","null","null",0,0,2018,"0.8967","1.2777","-1.6942","2.5693","null","null","null",0,5,"Top","null","null",,,457763,,"180628_032323","-13.1993","-130.7299","-4.7800","12.8387","25.7684","-16.8576","3.3482","1.5104","null","null","null","89.7590","2007","6.0920",530603,518516,457763,474832,605412,467055,543063,452254,491676,457705,"54.4051","null","null","null","null","null","null","null",29,"1","2-Seam Fastball",0,0,0,0,0,0,0,0,"Infield shift","Standard"
"CH","2018-06-27","84.6","1.6244","5.5575","Kyle Freeland",467055,607536,"null","called_strike",,,,,"6","null","R","R","L","SF","COL","S","null","null",1,1,2018,"0.9206","0.0951","0.7580","2.4683","457763.00","null","543063.00",2,4,"Bot","null","null",,,455104,,"180628_031945","-3.8688","-123.2059","-1.0502","10.1553","24.7060","-31.2090","3.0067","1.5391","null","null","null","84.7930","1169","6.3890",530603,607536,455104,435622,518934,571448,596115,571595,453568,471865,"54.1085","null","null","null","null","null","null","null",28,"3","Changeup",0,0,0,0,0,0,0,0,"Standard","Standard"
"CH","2018-06-27","83.9","1.8052","5.5196","Kyle Freeland",467055,607536,"null","ball",,,,,"13","null","R","R","L","SF","COL","B","null","null",0,0,2018,"0.9562","0.4239","-0.4952","1.1287","457763.00","null","543063.00",2,4,"Bot","null","null",,,455104,,"180628_031901","-7.1492","-122.0258","-4.6199","10.7795","21.3360","-27.3464","3.0462","1.6381","null","null","null","83.8720","1311","6.0480",530603,607536,455104,435622,518934,571448,596115,571595,453568,471865,"54.4490","null","null","null","null","null","null","null",28,"1","Changeup",0,0,0,0,0,0,0,0,"Standard","Standard"
"SL","2018-06-27","85.2","1.8775","5.2573","Kyle Freeland",543063,607536,"null","ball",,,,,"13","null","R","L","L","SF","COL","B","null","null",2,2,2018,"-0.1497","0.4235","-1.7455","1.2986","null","null","457763.00",2,4,"Bot","null","null",,,455104,,"180628_031652","-8.2058","-123.9927","-3.9498","-0.2339","20.0551","-27.2974","2.9200","1.3511","null","null","null","85.8210","2080","6.2580",530603,607536,455104,435622,518934,571448,596115,571595,453568,471865,"54.2396","null","null","null","null","null","null","null",27,"6","Slider",0,0,0,0,0,0,0,0,"Standard","Standard"
"SL","2018-06-27","85.9","1.7150","5.2833","Kyle Freeland",543063,607536,"null","ball",,,,,"13","null","R","L","L","SF","COL","B","null","null",1,2,2018,"-0.3395","0.4924","-1.6292","1.3407","null","null","457763.00",2,4,"Bot","null","null",,,455104,,"180628_031556","-7.2177","-124.9428","-4.1244","-2.2810","22.2086","-26.4695","3.1179","1.3511","null","null","null","86.0900","2177","6.1710",530603,607536,455104,435622,518934,571448,596115,571595,453568,471865,"54.3263","null","null","null","null","null","null","null",27,"4","Slider",0,0,0,0,0,0,0,0,"Standard","Standard"
"SL","2018-06-27","86.9","1.7082","5.2727","Kyle Freeland",543063,607536,"null","ball",,,,,"13","null","R","L","L","SF","COL","B","null","null",0,2,2018,"-0.1657","0.4021","-2.6915","1.6692","null","null","457763.00",2,4,"Bot","null","null",,,455104,,"180628_031531","-10.1852","-126.2814","-3.3217","0.0271","22.4581","-27.4432","3.0684","1.4997","null","null","null","87.2130","2203","6.2780",530603,607536,455104,435622,518934,571448,596115,571595,453568,471865,"54.2197","null","null","null","null","null","null","null",27,"3","Slider",0,0,0,0,0,0,0,0,"Standard","Standard"
"CH","2018-06-27","85.0","1.5945","5.5697","Kyle Freeland",452254,607536,"null","ball",,,,,"13","null","R","R","L","SF","COL","B","null","null",0,1,2018,"1.2222","0.3862","-0.3173","1.4810","null","null","457763.00",1,4,"Bot","null","null",,,455104,,"180628_031311","-6.9254","-123.6970","-4.0757","13.8800","22.9768","-27.6393","3.3374","1.6898","null","null","null","85.2890","1307","6.3160",530603,607536,455104,435622,518934,571448,596115,571595,453568,471865,"54.1811","null","null","null","null","null","null","null",26,"2","Changeup",0,0,0,0,0,0,0,0,"Standard","Standard"
"FT","2018-06-27","90.5","1.7091","5.3449","Kyle Freeland",457763,607536,"walk","ball",,,,,"7","Buster Posey walks.  ","R","R","L","SF","COL","B","null","null",3,2,2018,"0.9404","0.6054","-0.4974","1.5951","null","null","null",1,4,"Bot","null","null",,,455104,,"180628_031206","-7.5457","-131.6643","-4.7379","12.5754","27.4560","-24.3070","3.0750","1.5190","null","null","null","90.8730","2154","6.4850",530603,607536,455104,435622,518934,571448,596115,571595,453568,471865,"54.0125","null","null","0.70",1,0,0,"null",25,"6","2-Seam Fastball",0,0,0,0,0,0,0,0,"Standard","Standard"
"FF","2018-06-27","90.7","1.5259","5.7665","Kyle Freeland",457763,607536,"null","called_strike",,,,,"2","null","R","R","L","SF","COL","S","null","null",3,0,2018,"0.4891","0.8734","0.0541","3.2459","null","null","null",1,4,"Bot","null","null",,,455104,,"180628_031126","-4.7213","-132.2261","-2.3410","6.6319","23.9651","-21.6210","3.3482","1.4710","null","null","null","91.3310","2126","6.2340",530603,607536,455104,435622,518934,571448,596115,571595,453568,471865,"54.2634","null","null","null","null","null","null","null",25,"4","4-Seam Fastball",0,0,0,0,0,0,0,0,"Standard","Standard"
"CU","2018-06-27","81.5","2.0095","5.4988","Kyle Freeland",457763,607536,"null","ball",,,,,"12","null","R","R","L","SF","COL","B","null","null",2,0,2018,"-0.4524","0.1976","1.1386","3.3229","null","null","null",1,4,"Bot","null","null",,,455104,,"180628_031106","-1.0961","-118.5588","1.3221","-3.9546","22.9387","-30.8614","3.3281","1.5205","null","null","null","80.5730","1917","5.6960",530603,607536,455104,435622,518934,571448,596115,571595,453568,471865,"54.8019","null","null","null","null","null","null","null",25,"3","Curveball",0,0,0,0,0,0,0,0,"Standard","Standard"
"CH","2018-06-27","85.5","1.6591","5.6250","Kyle Freeland",457763,607536,"null","ball",,,,,"14","null","R","R","L","SF","COL","B","null","null",1,0,2018,"1.0781","0.4260","1.6941","2.3256","null","null","null",1,4,"Bot","null","null",,,455104,,"180628_031046","-2.0527","-124.4765","-2.3687","11.5152","23.7509","-27.5458","3.3281","1.4710","null","null","null","85.3200","1126","6.0330",530603,607536,455104,435622,518934,571448,596115,571595,453568,471865,"54.4645","null","null","null","null","null","null","null",25,"2","Changeup",0,0,0,0,0,0,0,0,"Standard","Standard"
"FF","2018-06-27","92.3","1.5082","5.7646","Kyle Freeland",457763,607536,"null","ball",,,,,"11","null","R","R","L","SF","COL","B","null","null",0,0,2018,"0.8313","0.9837","-1.0542","2.7567","null","null","null",1,4,"Bot","null","null",,,455104,,"180628_031032","-8.3620","-134.2394","-4.0347","11.8155","26.4922","-19.5380","3.3776","1.5700","null","null","null","92.9270","2155","6.4910",530603,607536,455104,435622,518934,571448,596115,571595,453568,471865,"54.0060","null","null","null","null","null","null","null",25,"1","4-Seam Fastball",0,0,0,0,0,0,0,0,"Standard","Standard"
"FF","2018-06-27","92.1","1.4259","5.6720","Kyle Freeland",457705,607536,"null","ball",,,,,"11","null","R","R","L","SF","COL","B","null","null",2,2,2018,"0.7647","0.7810","-0.3011","4.1579","null","null","null",0,4,"Bot","null","null",,,455104,,"180628_030937","-6.0287","-134.1149","0.2122","10.3942","24.5392","-22.9113","3.3683","1.5901","null","null","null","92.6310","2221","6.2230",530603,607536,455104,435622,518934,571448,596115,571595,453568,471865,"54.2749","null","null","null","null","null","null","null",24,"5","4-Seam Fastball",0,0,0,0,0,0,0,0,"Infield shift","Standard"
"CH","2018-06-27","88.9","2.0055","5.4921","Kyle Freeland",457705,607536,"null","called_strike",,,,,"3","null","R","R","L","SF","COL","S","null","null",2,0,2018,"0.7487","0.5864","0.6616","3.1312","null","null","null",0,4,"Bot","null","null",,,455104,,"180628_030900","-4.8013","-129.4142","-1.0070","9.2501","24.4016","-25.6624","3.3683","1.5901","null","null","null","88.6830","2059","5.9150",530603,607536,455104,435622,518934,571448,596115,571595,453568,471865,"54.5825","null","null","null","null","null","null","null",24,"3","Changeup",0,0,0,0,0,0,0,0,"Infield shift","Standard"
"FF","2018-06-27","89.2","1.5059","6.0140","Kyle Freeland",457705,607536,"null","ball",,,,,"11","null","R","R","L","SF","COL","B","null","null",1,0,2018,"0.5381","0.7565","-0.1065","3.5243","null","null","null",0,4,"Bot","null","null",,,455104,,"180628_030844","-5.0594","-129.9281","-1.7456","7.0086","23.8380","-23.5077","3.3683","1.6891","null","null","null","89.3150","2079","6.0270",530603,607536,455104,435622,518934,571448,596115,571595,453568,471865,"54.4703","null","null","null","null","null","null","null",24,"2","4-Seam Fastball",0,0,0,0,0,0,0,0,"Infield shift","Standard"
"SL","2018-06-27","81.6","2.2480","5.4441","Kyle Freeland",457705,607536,"null","ball",,,,,"12","null","R","R","L","SF","COL","B","null","null",0,0,2018,"-0.3043","0.3008","1.5666","3.7464","null","null","null",0,4,"Bot","null","null",,,455104,,"180628_030831","-0.9519","-118.8123","2.1017","-2.7016","20.2379","-29.9100","3.3767","1.5984","null","null","null","81.5020","1928","5.9400",530603,607536,455104,435622,518934,571448,596115,571595,453568,471865,"54.5571","null","null","null","null","null","null","null",24,"1","Slider",0,0,0,0,0,0,0,0,"Strategic","Standard"
"CU","2018-06-27","77.0","3.2082","5.7132","Madison Bumgarner",571448,518516,"null","ball",,,,,"13","null","R","R","L","SF","COL","B","null","null",1,1,2018,"-0.9286","-0.5467","-1.0156","0.0544","null","null","null",2,4,"Top","null","null",,,457763,,"180628_030516","-7.2472","-111.9618","-4.0706","-6.5049","18.6914","-36.2590","3.3467","1.7479","null","null","null","76.5560","2317","5.8410",530603,518516,457763,474832,605412,467055,543063,452254,491676,457705,"54.6565","null","null","null","null","null","null","null",23,"3","Curveball",0,0,0,0,0,0,0,0,"Infield shift","Standard"
"CH","2018-06-27","84.3","3.1229","5.6518","Madison Bumgarner",571448,518516,"null","ball",,,,,"13","null","R","R","L","SF","COL","B","null","null",0,0,2018,"1.3339","0.4930","-1.5690","0.0944","null","null","null",2,4,"Top","null","null",,,457763,,"180628_030413","-13.4996","-121.9953","-7.4784","15.8281","21.7098","-26.0743","3.2478","1.6489","null","null","null","84.3030","1457","6.3800",530603,518516,457763,474832,605412,467055,543063,452254,491676,457705,"54.1178","null","null","null","null","null","null","null",23,"1","Changeup",0,0,0,0,0,0,0,0,"Infield shift","Standard"
"FC","2018-06-27","86.0","3.0851","5.7046","Madison Bumgarner",453568,518516,"null","ball",,,,,"13","null","R","L","L","SF","COL","B","null","null",0,2,2018,"-0.5234","0.6246","-2.1299","1.6139","null","null","null",1,4,"Top","null","null",,,457763,,"180628_030128","-11.2665","-124.7747","-4.6876","-3.3152","23.8605","-24.9596","3.2872","1.4896","null","null","null","85.8780","2140","6.2600",530603,518516,457763,474832,605412,467055,543063,452254,491676,457705,"54.2371","null","null","null","null","null","null","null",22,"3","Cutter",0,0,0,0,0,0,0,0,"Standard","Standard"
"CH","2018-06-27","84.0","3.1466","5.7588","Madison Bumgarner",518934,518516,"null","ball",,,,,"14","null","R","R","L","SF","COL","B","null","null",0,1,2018,"0.8571","0.6298","0.9879","1.6566","null","null","null",0,4,"Top","null","null",,,457763,,"180628_025939","-6.7651","-122.2612","-4.4582","9.9584","21.6428","-25.1248","3.4085","1.4516","null","null","null","84.9740","1460","6.6790",530603,518516,457763,474832,605412,467055,543063,452254,491676,457705,"53.8181","null","null","null","null","null","null","null",21,"2","Changeup",0,0,0,0,0,0,0,0,"Standard","Standard"
"CH","2018-06-27","83.3","3.2720","5.8354","Madison Bumgarner",518934,518516,"null","called_strike",,,,,"6","null","R","R","L","SF","COL","S","null","null",0,0,2018,"0.8395","0.5561","0.7177","2.2682","null","null","null",0,4,"Top","null","null",,,457763,,"180628_025921","-7.5623","-121.2257","-2.9736","9.6472","18.9832","-26.2655","3.2600","1.4516","null","null","null","84.4090","1397","6.5670",530603,518516,457763,474832,605412,467055,543063,452254,491676,457705,"53.9308","null","null","null","null","null","null","null",21,"1","Changeup",0,0,0,0,0,0,0,0,"Standard","Standard"
"FT","2018-06-27","89.5","1.9699","5.4111","Kyle Freeland",474832,607536,"null","ball",,,,,"12","null","R","L","L","SF","COL","B","null","null",0,0,2018,"0.8609","0.3894","1.0815","2.7190","null","null","491676.00",2,3,"Bot","null","null",,,455104,,"180628_025605","-3.9818","-130.3727","-1.5474","10.5641","23.3554","-27.6328","3.1172","1.5893","null","null","null","89.8900","2174","6.1410",530603,607536,455104,435622,518934,571448,596115,571595,453568,471865,"54.3567","null","null","null","null","null","null","null",20,"1","2-Seam Fastball",0,0,0,0,0,0,0,0,"Infield shift","Standard"
"SL","2018-06-27","83.5","2.0429","5.3056","Kyle Freeland",491676,607536,"null","ball",,,,,"13","null","R","R","L","SF","COL","B","null","null",0,0,2018,"-0.3199","0.3872","-1.1428","2.1526","null","null","null",2,3,"Bot","null","null",,,455104,,"180628_025458","-6.7008","-121.5741","-1.6989","-2.1310","19.3769","-28.2118","3.1272","1.4495","null","null","null","84.0480","2109","6.2020",530603,607536,455104,435622,518934,571448,596115,571595,453568,471865,"54.2954","null","null","null","null","null","null","null",19,"1","Slider",0,0,0,0,0,0,0,0,"Standard","Standard"
"FF","2018-06-27","92.6","1.5302","5.5879","Kyle Freeland",605412,607536,"null","ball",,,,,"13","null","R","L","L","SF","COL","B","null","null",2,2,2018,"0.3746","0.9550","-1.4677","1.8411","null","null","null",0,3,"Bot","null","null",,,455104,,"180628_025307","-8.4633","-134.6883","-5.9121","6.1650","24.8946","-19.5380","3.0569","1.3598","null","null","null","93.1330","2208","6.2960",530603,607536,455104,435622,518934,571448,596115,571595,453568,471865,"54.2014","null","null","null","null","null","null","null",17,"5","4-Seam Fastball",0,0,0,0,0,0,0,0,"Strategic","Standard"
"SL","2018-06-27","86.4","1.8060","5.3757","Kyle Freeland",605412,607536,"null","ball",,,,,"13","null","R","L","L","SF","COL","B","null","null",1,2,2018,"-0.4364","0.3109","-2.3613","1.1019","null","null","null",0,3,"Bot","null","null",,,455104,,"180628_025248","-9.0288","-125.5873","-4.6260","-2.9754","23.1267","-28.2160","3.0569","1.4588","null","null","null","86.6170","2225","6.2840",530603,607536,455104,435622,518934,571448,596115,571595,453568,471865,"54.2139","null","null","null","null","null","null","null",17,"4","Slider",0,0,0,0,0,0,0,0,"Strategic","Standard"
"SL","2018-06-27","85.9","1.5535","5.5321","Kyle Freeland",605412,607536,"null","ball",,,,,"13","null","R","L","L","SF","COL","B","null","null",0,2,2018,"-0.3566","0.1394","-3.1906","0.9054","null","null","null",0,3,"Bot","null","null",,,455104,,"180628_025229","-10.4514","-124.6259","-4.9512","-1.7329","23.4694","-30.0071","3.0569","1.3103","null","null","null","85.5850","2192","6.1080",530603,607536,455104,435622,518934,571448,596115,571595,453568,471865,"54.3894","null","null","null","null","null","null","null",17,"3","Slider",0,0,0,0,0,0,0,0,"Strategic","Standard"
"SL","2018-06-27","84.9","1.9096","5.4401","Kyle Freeland",605412,607536,"null","called_strike",,,,,"1","null","R","L","L","SF","COL","S","null","null",0,0,2018,"-0.2827","0.2908","-0.3654","2.9337","null","null","null",0,3,"Bot","null","null",,,455104,,"180628_025132","-4.7442","-123.5658","-0.1571","-1.9951","22.9987","-29.3989","3.0368","1.3892","null","null","null","84.7620","2081","6.0390",530603,607536,455104,435622,518934,571448,596115,571595,453568,471865,"54.4582","null","null","null","null","null","null","null",17,"1","Slider",0,0,0,0,0,0,0,0,"Strategic","Standard"
"FT","2018-06-27","90.5","2.9755","5.7979","Madison Bumgarner",607536,518516,"null","called_strike",,,,,"4","null","R","L","L","SF","COL","S","null","null",0,0,2018,"0.7634","1.1792","-0.4850","2.7861","null","null","null",2,3,"Top","null","null",,,457763,,"180628_024812","-10.2342","-131.5312","-4.1220","10.8313","24.7330","-17.8344","3.4867","1.6599","null","null","null","90.7650","2120","6.2620",530603,518516,457763,474832,605412,467055,543063,452254,491676,457705,"54.2349","null","null","null","null","null","null","null",16,"1","2-Seam Fastball",0,0,0,0,0,0,0,0,"Standard","Standard"
"FC","2018-06-27","85.8","3.3493","5.7368","Madison Bumgarner",571595,518516,"null","ball",,,,,"14","null","R","R","L","SF","COL","B","null","null",2,2,2018,"-0.1605","0.3602","0.5893","0.9497","null","null","null",1,3,"Top","null","null",,,457763,,"180628_024713","-6.2020","-124.8099","-5.8446","-0.5749","22.3736","-27.5336","3.4636","1.4004","null","null","null","86.1530","2020","6.2880",530603,518516,457763,474832,605412,467055,543063,452254,491676,457705,"54.2094","null","null","null","null","null","null","null",15,"5","Cutter",0,0,0,0,0,0,0,0,"Standard","Standard"
"FT","2018-06-27","90.1","3.1665","5.8519","Madison Bumgarner",571595,518516,"null","ball",,,,,"11","null","R","R","L","SF","COL","B","null","null",1,2,2018,"0.5265","1.1034","-0.3558","4.9058","null","null","null",1,3,"Top","null","null",,,457763,,"180628_024657","-9.8529","-131.0082","1.2064","7.8924","23.6435","-19.7633","3.2657","1.4994","null","null","null","90.5670","2111","6.2900",530603,518516,457763,474832,605412,467055,543063,452254,491676,457705,"54.2070","null","null","null","null","null","null","null",15,"4","2-Seam Fastball",0,0,0,0,0,0,0,0,"Standard","Standard"
"CU","2018-06-27","77.2","3.2248","5.7744","Madison Bumgarner",571595,518516,"null","ball",,,,,"14","null","R","R","L","SF","COL","B","null","null",0,2,2018,"-0.7532","-0.4487","0.3051","0.7041","null","null","null",1,3,"Top","null","null",,,457763,,"180628_024630","-4.8293","-112.3453","-3.0379","-5.4423","19.5710","-35.6192","3.4142","1.5984","null","null","null","76.7060","2285","5.8410",530603,518516,457763,474832,605412,467055,543063,452254,491676,457705,"54.6560","null","null","null","null","null","null","null",15,"3","Curveball",0,0,0,0,0,0,0,0,"Standard","Standard"
"CH","2018-06-27","83.5","3.0458","5.7782","Madison Bumgarner",455104,518516,"null","ball",,,,,"12","null","R","R","L","SF","COL","B","null","null",0,1,2018,"0.9858","0.8678","1.0427","3.0948","null","null","null",0,3,"Top","null","null",,,457763,,"180628_024427","-6.5701","-121.5266","-1.5166","11.0242","21.4983","-23.4144","3.1875","1.3712","null","null","null","84.0510","1546","6.4220",530603,518516,457763,474832,605412,467055,543063,452254,491676,457705,"54.0750","null","null","null","null","null","null","null",14,"2","Changeup",0,0,0,0,0,0,0,0,"Standard","Standard"
"FC","2018-06-27","86.5","3.1281","5.8296","Madison Bumgarner",455104,518516,"null","called_strike",,,,,"4","null","R","R","L","SF","COL","S","null","null",0,0,2018,"-0.3515","0.7455","-0.7220","2.0582","null","null","null",0,3,"Top","null","null",,,457763,,"180628_024405","-8.4455","-125.6578","-4.2869","-2.0782","24.4420","-23.6601","3.3360","1.4602","null","null","null","86.4310","1984","6.2470",530603,518516,457763,474832,605412,467055,543063,452254,491676,457705,"54.2504","null","null","null","null","null","null","null",14,"1","Cutter",0,0,0,0,0,0,0,0,"Standard","Standard"
"CH","2018-06-27","87.8","1.8779","5.7038","Kyle Freeland",467055,607536,"null","called_strike",,,,,"3","null","R","R","L","SF","COL","S","null","null",0,0,2018,"1.2765","0.3172","0.5074","2.6729","null","null","543063.00",2,2,"Bot","null","null",,,455104,,"180628_024126","-5.9049","-127.7985","-1.9487","15.0475","22.4780","-28.5453","3.1057","1.4896","null","null","null","88.0280","2087","6.0890",530603,607536,455104,435622,518934,571448,596115,571595,453568,471865,"54.4080","null","null","null","null","null","null","null",13,"1","Changeup",0,0,0,0,0,0,0,0,"Standard","Standard"
"FT","2018-06-27","90.2","1.9401","5.3855","Kyle Freeland",543063,607536,"null","ball",,,,,"8","null","R","L","L","SF","COL","B","null","null",1,1,2018,"1.1102","0.3845","0.0248","1.7230","null","null","452254.00",1,2,"Bot","null","null",,,455104,,"180628_023851","-7.0962","-131.2652","-4.0329","14.2030","24.1394","-27.1578","3.1779","1.5348","null","null","null","90.5730","2212","6.2180",530603,607536,455104,435622,518934,571448,596115,571595,453568,471865,"54.2790","null","null","null","null","null","null","null",12,"3","2-Seam Fastball",0,0,0,0,0,0,0,0,"Standard","Standard"
"FT","2018-06-27","90.0","1.6736","5.4478","Kyle Freeland",543063,607536,"null","called_strike",,,,,"4","null","R","L","L","SF","COL","S","null","null",1,0,2018,"1.0268","0.1832","-0.4063","2.2928","null","null","452254.00",1,2,"Bot","null","null",,,455104,,"180628_023828","-7.2960","-131.0015","-2.3037","13.1989","24.6482","-29.8314","3.2764","1.4502","null","null","null","90.1710","2245","6.1320",530603,607536,455104,435622,518934,571448,596115,571595,453568,471865,"54.3653","null","null","null","null","null","null","null",12,"2","2-Seam Fastball",0,0,0,0,0,0,0,0,"Standard","Standard"
"FT","2018-06-27","89.5","2.0041","5.4703","Kyle Freeland",543063,607536,"null","ball",,,,,"12","null","R","L","L","SF","COL","B","null","null",0,0,2018,"1.0213","0.2851","1.1373","2.5324","null","null","452254.00",1,2,"Bot","null","null",,,455104,,"180628_023743","-4.2872","-130.3446","-1.8961","12.5111","25.4757","-28.7476","3.1674","1.4997","null","null","null","89.8230","2149","6.2830",530603,607536,455104,435622,518934,571448,596115,571595,453568,471865,"54.2145","null","null","null","null","null","null","null",12,"1","2-Seam Fastball",0,0,0,0,0,0,0,0,"Standard","Standard"
"CH","2018-06-27","84.8","1.8292","5.4883","Kyle Freeland",452254,607536,"null","ball",,,,,"14","null","R","R","L","SF","COL","B","null","null",1,0,2018,"1.3664","0.3948","0.4802","1.0118","null","null","null",1,2,"Bot","null","null",,,455104,,"180628_023643","-5.8280","-123.4006","-4.9700","14.9712","21.3707","-27.4781","3.2879","1.4918","null","null","null","84.9350","1231","6.0850",530603,607536,455104,435622,518934,571448,596115,571595,453568,471865,"54.4125","null","null","null","null","null","null","null",11,"2","Changeup",0,0,0,0,0,0,0,0,"Standard","Standard"
"FF","2018-06-27","91.2","1.5767","5.8519","Kyle Freeland",452254,607536,"null","ball",,,,,"11","null","R","R","L","SF","COL","B","null","null",0,0,2018,"0.6137","0.9955","-1.1985","3.1767","null","null","null",1,2,"Bot","null","null",,,455104,,"180628_023628","-8.3058","-132.6139","-2.9763","9.0115","28.0523","-19.9869","3.2879","1.5908","null","null","null","91.3370","2163","6.3860",530603,607536,455104,435622,518934,571448,596115,571595,453568,471865,"54.1118","null","null","null","null","null","null","null",11,"1","4-Seam Fastball",0,0,0,0,0,0,0,0,"Standard","Standard"
"FF","2018-06-27","90.8","1.6903","5.8280","Kyle Freeland",457763,607536,"null","ball",,,,,"11","null","R","R","L","SF","COL","B","null","null",0,0,2018,"0.3866","0.7757","-1.6086","2.7382","null","null","null",0,2,"Bot","null","null",,,455104,,"180628_023535","-9.0742","-132.1885","-3.6030","6.0609","21.3399","-22.5372","3.3281","1.5205","null","null","null","91.6620","2130","6.2470",530603,607536,455104,435622,518934,571448,596115,571595,453568,471865,"54.2508","null","null","null","null","null","null","null",10,"1","4-Seam Fastball",0,0,0,0,0,0,0,0,"Standard","Standard"
"FT","2018-06-27","91.4","2.9975","5.8170","Madison Bumgarner",435622,518516,"null","called_strike",,,,,"1","null","R","R","L","SF","COL","S","null","null",0,0,2018,"0.7904","1.2260","-0.6794","2.9874","null","null","null",1,2,"Top","null","null",,,457763,,"180628_023109","-10.8749","-132.6077","-3.8314","11.4919","27.0618","-17.2280","3.3475","1.5291","null","null","null","90.9790","1983","6.0930",530603,518516,457763,474832,605412,467055,543063,452254,491676,457705,"54.4043","null","null","null","null","null","null","null",8,"1","2-Seam Fastball",0,0,0,0,0,0,0,0,"Standard","Standard"
"FT","2018-06-27","91.0","3.0167","5.8374","Madison Bumgarner",596115,518516,"null","called_strike",,,,,"11","null","R","R","L","SF","COL","S","null","null",1,1,2018,"0.8495","1.0762","-0.9626","2.6420","null","null","null",0,2,"Top","null","null",,,457763,,"180628_023002","-11.8221","-132.0149","-4.4417","12.3565","25.8197","-18.7710","3.3482","1.4114","null","null","null","91.3740","2067","6.4990",530603,518516,457763,474832,605412,467055,543063,452254,491676,457705,"53.9982","null","null","null","null","null","null","null",7,"3","2-Seam Fastball",0,0,0,0,0,0,0,0,"Infield shift","Standard"
"FC","2018-06-27","86.2","2.9945","5.9108","Madison Bumgarner",596115,518516,"null","ball",,,,,"11","null","R","R","L","SF","COL","B","null","null",0,0,2018,"-0.0688","0.6889","-1.6319","2.6787","null","null","null",0,2,"Top","null","null",,,457763,,"180628_022912","-10.7842","-125.1175","-2.8040","1.3870","24.4204","-24.6632","3.3482","1.4114","null","null","null","85.7740","2063","6.0800",530603,518516,457763,474832,605412,467055,543063,452254,491676,457705,"54.4175","null","null","null","null","null","null","null",7,"1","Cutter",0,0,0,0,0,0,0,0,"Strategic","Standard"
"CH","2018-06-27","88.2","1.8836","5.5369","Kyle Freeland",457705,607536,"null","called_strike",,,,,"6","null","R","R","L","SF","COL","S","null","null",2,0,2018,"1.0642","0.1638","0.6934","2.7105","null","null","474832.00",1,1,"Bot","null","null",,,455104,,"180628_022622","-5.0769","-128.4814","-1.1765","12.7379","24.5125","-30.3457","3.3683","1.6396","null","null","null","88.3480","1991","6.1440",530603,607536,455104,435622,518934,571448,596115,571595,453568,471865,"54.3536","null","null","null","null","null","null","null",6,"3","Changeup",0,0,0,0,0,0,0,0,"Standard","Standard"
"FF","2018-06-27","90.7","1.6308","5.6367","Kyle Freeland",457705,607536,"null","ball",,,,,"13","null","R","R","L","SF","COL","B","null","null",1,0,2018,"0.5487","0.7512","-2.0780","1.4645","null","null","474832.00",1,1,"Bot","null","null",,,455104,,"180628_022557","-10.4471","-131.7047","-6.1514","8.4242","24.8913","-22.3689","3.4178","1.6396","null","null","null","91.1150","2072","6.4090",530603,607536,455104,435622,518934,571448,596115,571595,453568,471865,"54.0887","null","null","null","null","null","null","null",6,"2","4-Seam Fastball",0,0,0,0,0,0,0,0,"Standard","Standard"
"FF","2018-06-27","90.2","1.4967","5.7046","Kyle Freeland",457705,607536,"null","ball",,,,,"13","null","R","R","L","SF","COL","B","null","null",0,0,2018,"0.5290","0.8366","-2.0268","2.0101","null","null","474832.00",1,1,"Bot","null","null",,,455104,,"180628_022534","-9.8982","-131.1359","-5.0866","7.9658","23.6241","-21.6606","3.3683","1.6396","null","null","null","90.8600","2082","6.4090",530603,607536,455104,435622,518934,571448,596115,571595,453568,471865,"54.0887","null","null","null","null","null","null","null",6,"1","4-Seam Fastball",0,0,0,0,0,0,0,0,"Standard","Standard"
"SL","2018-06-27","83.7","1.9649","5.5261","Kyle Freeland",491676,607536,"null","ball",,,,,"13","null","R","R","L","SF","COL","B","null","null",0,2,2018,"-0.2677","0.0108","-0.5631","0.5208","null","null","null",0,1,"Bot","null","null",,,455104,,"180628_022330","-5.2870","-121.7858","-5.1488","-1.6368","23.1749","-31.3096","3.2262","1.4990","null","null","null","83.4540","2152","6.0600",530603,607536,455104,435622,518934,571448,596115,571595,453568,471865,"54.4376","null","null","null","null","null","null","null",4,"3","Slider",0,0,0,0,0,0,0,0,"Standard","Standard"
"FF","2018-06-27","90.1","1.7067","5.7557","Kyle Freeland",491676,607536,"null","called_strike",,,,,"1","null","R","R","L","SF","COL","S","null","null",0,0,2018,"0.5424","0.8286","-0.6797","2.9291","null","null","null",0,1,"Bot","null","null",,,455104,,"180628_022259","-7.0543","-131.0783","-2.8311","7.6441","26.0265","-22.2824","3.2060","1.4989","null","null","null","90.1360","2184","6.1870",530603,607536,455104,435622,518934,571448,596115,571595,453568,471865,"54.3108","null","null","null","null","null","null","null",4,"1","4-Seam Fastball",0,0,0,0,0,0,0,0,"Standard","Standard"
"FT","2018-06-27","90.9","3.1072","5.8236","Madison Bumgarner",571448,518516,"null","called_strike",,,,,"11","null","R","R","L","SF","COL","S","null","null",0,0,2018,"0.7013","1.2456","-1.0292","2.8232","null","null","null",2,1,"Top","null","null",,,457763,,"180628_022004","-11.7986","-131.9192","-4.2500","10.4952","25.8044","-17.0065","3.3621","1.7034","null","null","null","90.7770","2118","6.1810",530603,518516,457763,474832,605412,467055,543063,452254,491676,457705,"54.3167","null","null","null","null","null","null","null",3,"1","2-Seam Fastball",0,0,0,0,0,0,0,0,"Infield shift","Standard"
"FT","2018-06-27","90.8","3.0156","5.8133","Madison Bumgarner",453568,518516,"null","ball",,,,,"13","null","R","L","L","SF","COL","B","null","null",0,1,2018,"0.8394","1.2060","-1.3032","1.6420","null","null","null",1,1,"Top","null","null",,,457763,,"180628_021808","-12.5818","-131.6622","-7.1046","12.2469","25.1304","-16.8654","3.3366","1.5885","null","null","null","91.0060","2124","6.3810",530603,518516,457763,474832,605412,467055,543063,452254,491676,457705,"54.1166","null","null","null","null","null","null","null",2,"2","2-Seam Fastball",0,0,0,0,0,0,0,0,"Standard","Standard"
"FT","2018-06-27","91.4","3.0876","5.8235","Madison Bumgarner",453568,518516,"null","called_strike",,,,,"8","null","R","L","L","SF","COL","S","null","null",0,0,2018,"0.7923","1.4816","0.1478","1.9094","null","null","null",1,1,"Top","null","null",,,457763,,"180628_021750","-9.1062","-132.7374","-7.1781","11.2423","26.7104","-13.3351","3.2971","1.5491","null","null","null","91.5640","2053","6.3610",530603,518516,457763,474832,605412,467055,543063,452254,491676,457705,"54.1360","null","null","null","null","null","null","null",2,"1","2-Seam Fastball",0,0,0,0,0,0,0,0,"Standard","Standard"
"FT","2018-06-27","91.4","2.9942","5.8718","Madison Bumgarner",518934,518516,"strikeout","called_strike",,,,,"1","DJ LeMahieu called out on strikes.  ","R","R","L","SF","COL","S",2,"null",2,2,2018,"0.8232","1.2962","-0.6529","3.2445","null","null","null",0,1,"Top","null","null",,,457763,,"180628_021708","-10.9449","-132.6943","-3.5312","11.9653","26.6853","-16.2921","3.3094","1.4515","null","null","null","91.5040","2137","6.3420",530603,518516,457763,474832,605412,467055,543063,452254,491676,457705,"54.1552","null","null","0.00",1,0,0,"null",1,"5","2-Seam Fastball",0,0,0,0,0,0,0,0,"Standard","Standard"
"FT","2018-06-27","90.5","3.1108","5.9135","Madison Bumgarner",518934,518516,"null","ball",,,,,"11","null","R","R","L","SF","COL","B","null","null",1,1,2018,"0.7883","1.4650","-1.3280","3.5237","null","null","null",0,1,"Top","null","null",,,457763,,"180628_021618","-12.6226","-131.1415","-3.0499","11.6294","27.1920","-15.0190","3.4024","1.4959","null","null","null","89.8010","2134","6.0460",530603,518516,457763,474832,605412,467055,543063,452254,491676,457705,"54.4518","null","null","null","null","null","null","null",1,"3","2-Seam Fastball",0,0,0,0,0,0,0,0,"Standard","Standard"
"CU","2018-06-27","77.0","3.1654","5.8986","Madison Bumgarner",518934,518516,"null","ball",,,,,"13","null","R","R","L","SF","COL","B","null","null",0,1,2018,"-0.7696","-0.5107","-1.2838","1.5051","null","null","null",0,1,"Top","null","null",,,457763,,"180628_021559","-7.9631","-111.8130","-1.3776","-4.7720","21.0134","-36.3388","3.3964","1.4909","null","null","null","75.7520","2271","5.5900",530603,518516,457763,474832,605412,467055,543063,452254,491676,457705,"54.9072","null","null","null","null","null","null","null",1,"2","Curveball",0,0,0,0,0,0,0,0,"Standard","Standard"
"FT","2018-06-27","89.6","3.1600","5.8605","Madison Bumgarner",518934,518516,"null","called_strike",,,,,"6","null","R","R","L","SF","COL","S","null","null",0,0,2018,"0.9394","1.4268","0.4318","2.3274","null","null","null",0,1,"Top","null","null",,,457763,,"180628_021539","-8.6215","-129.9575","-5.5745","12.4015","29.3844","-15.2893","3.4533","1.4386","null","null","null","88.5580","2055","5.9980",530603,518516,457763,474832,605412,467055,543063,452254,491676,457705,"54.4992","null","null","null","null","null","null","null",1,"1","2-Seam Fastball",0,0,0,0,0,0,0,0,"Standard","Standard"