"pitch_type","game_date","release_speed","release_pos_x","release_pos_z","player_name","batter","pitcher","events","description","spin_dir","spin_rate_deprecated","break_angle_deprecated","break_length_deprecated","zone","des","game_type","stand","p_throws","home_team","away_team","type","hit_location","bb_type","balls","strikes","game_year","pfx_x","pfx_z","plate_x","plate_z","on_3b","on_2b","on_1b","outs_when_up","inning","inning_topbot","hc_x","hc_y","tfs_deprecated","tfs_zulu_deprecated","pos2_person_id","umpire","sv_id","vx0","vy0","vz0","ax","ay","az","sz_top","sz_bot","hit_distance_sc","launch_speed","launch_angle","effective_speed","release_spin_rate","release_extension","game_pk","pos1_person_id","pos2_person_id","pos3_person_id","pos4_person_id","pos5_person_id","pos6_person_id","pos7_person_id","pos8_person_id","pos9_person_id","release_pos_y","estimated_ba_using_speedangle","estimated_woba_using_speedangle","woba_value","woba_denom","babip_value","iso_value","launch_speed_angle","at_bat_number","pitch_number","pitch_name","home_score","away_score","bat_score","fld_score","post_away_score","post_home_score","post_bat_score","post_fld_score","if_fielding_alignment","of_fielding_alignment"
"SL","2018-06-24","83.5","2.2774","6.1781","Brad Hand",452254,543272,"null","called_strike",,,,,"6","null","R","R","L","SF","SD","S","null","null",0,0,2018,"-1.3167","-0.3314","0.6184","2.6693","457705.00","457763.00","543063.00",1,11,"Bot","null","null",,,595978,,"180624_230934","-1.3626","-121.3740","-1.0481","-11.9888","22.4528","-35.3570","3.2697","1.5198","null","null","null","80.8940","2554","4.4450",530568,543272,595978,543333,605486,570799,520471,519333,622534,592669,"56.0520","null","null","null","null","null","null","null",83,"1","Slider",1,2,1,2,2,1,1,2,"Standard","Standard"
"FT","2018-06-24","93.1","2.4010","6.1435","Brad Hand",457705,543272,"null","ball",,,,,"13","null","R","R","L","SF","SD","B","null","null",1,0,2018,"1.1936","0.1431","-0.1825","0.5105","null","null","null",1,11,"Bot","null","null",,,595978,,"180624_230314","-8.9346","-134.9260","-8.8060","15.9049","26.3746","-28.9965","3.2714","1.5680","null","null","null","91.4510","2145","5.2920",530568,543272,595978,543333,605486,570799,520471,519333,622534,592669,"55.2052","null","null","null","null","null","null","null",80,"2","2-Seam Fastball",1,2,1,2,2,1,1,2,"Standard","Standard"
"FT","2018-06-24","94.5","2.4979","6.1075","Brad Hand",457705,543272,"null","ball",,,,,"13","null","R","R","L","SF","SD","B","null","null",0,0,2018,"1.3098","0.4587","-0.1013","1.2653","null","null","null",1,11,"Bot","null","null",,,595978,,"180624_230251","-9.3529","-137.0625","-7.7855","17.8424","25.9422","-25.3021","3.2714","1.5680","null","null","null","93.0300","2194","5.2790",530568,543272,595978,543333,605486,570799,520471,519333,622534,592669,"55.2184","null","null","null","null","null","null","null",80,"1","2-Seam Fastball",1,2,1,2,2,1,1,2,"Standard","Standard"
"SL","2018-06-24","83.3","2.2483","6.2238","Brad Hand",474832,543272,"null","ball",,,,,"13","null","R","L","L","SF","SD","B","null","null",1,2,2018,"-1.6044","0.0119","-1.3772","2.0971","null","null","null",0,11,"Bot","null","null",,,595978,,"180624_230149","-5.2024","-120.9354","-2.9395","-13.7229","23.4307","-31.8086","3.1911","1.5094","null","null","null","80.3700","2409","4.3890",530568,543272,595978,543333,605486,570799,520471,519333,622534,592669,"56.1089","null","null","null","null","null","null","null",79,"4","Slider",1,2,1,2,2,1,1,2,"Strategic","Standard"
"FF","2018-06-24","94.1","2.6124","5.9041","Brad Hand",474832,543272,"null","called_strike",,,,,"4","null","R","L","L","SF","SD","S","null","null",1,0,2018,"0.8410","1.1750","-0.5833","2.5318","null","null","null",0,11,"Bot","null","null",,,595978,,"180624_230053","-9.7421","-136.4887","-5.3665","11.9648","26.8294","-17.3397","3.1462","1.5093","null","null","null","91.7630","2332","4.8240",530568,543272,595978,543333,605486,570799,520471,519333,622534,592669,"55.6729","null","null","null","null","null","null","null",79,"2","4-Seam Fastball",1,2,1,2,2,1,1,2,"Strategic","Standard"
"SL","2018-06-24","81.5","2.3388","6.2323","Brad Hand",474832,543272,"null","ball",,,,,"12","null","R","L","L","SF","SD","B","null","null",0,0,2018,"-1.1553","-0.3925","1.9291","2.9143","null","null","null",0,11,"Bot","null","null",,,595978,,"180624_230033","1.0517","-118.4446","-0.2945","-10.3127","18.8433","-35.8546","3.2135","1.5318","null","null","null","78.6390","2173","3.9790",530568,543272,595978,543333,605486,570799,520471,519333,622534,592669,"56.5181","null","null","null","null","null","null","null",79,"1","Slider",1,2,1,2,2,1,1,2,"Strategic","Standard"
"CH","2018-06-24","80.6","3.0922","6.4097","Ty Blach",570799,621389,"null","ball",,,,,"14","null","R","R","L","SF","SD","B","null","null",0,0,2018,"1.6809","0.8549","1.6151","2.5884","null","null","605486.00",2,11,"Top","null","null",,,457763,,"180624_225708","-6.0883","-117.0890","-3.3235","15.7664","19.5023","-24.3800","3.4749","1.7334","null","null","null","78.6390","2109","4.7410",530568,621389,457763,474832,605412,593700,543063,452254,491676,457705,"55.7559","null","null","null","null","null","null","null",78,"1","Changeup",1,2,2,1,2,1,2,1,"Infield shift","Standard"
"SI","2018-06-24","90.6","3.0283","6.3406","Ty Blach",605486,621389,"null","ball",,,,,"14","null","R","L","L","SF","SD","B","null","null",0,1,2018,"1.2980","1.1470","1.3620","2.0149","622534.00","null","null",2,11,"Top","null","null",,,457763,,"180624_225556","-6.5949","-131.4939","-7.0266","15.7061","25.4824","-18.3254","3.1771","1.3656","null","null","null","88.5000","2138","4.9310",530568,621389,457763,474832,605412,593700,543063,452254,491676,457705,"55.5666","null","null","null","null","null","null","null",77,"2","Sinker",1,1,1,1,1,1,1,1,"Standard","Standard"
"FF","2018-06-24","97.1","-1.3014","5.3472","Reyes Moronta",592669,606625,"null","ball",,,,,"14","null","R","R","R","SF","SD","B","null","null",1,2,2018,"-0.3997","1.3720","0.5519","0.9730","622534.00","null","null",1,11,"Top","null","null",,,457763,,"180624_225238","5.8716","-141.1949","-9.3695","-6.5452","27.6119","-12.0033","3.3164","1.6330","null","null","null","97.6510","2472","6.3240",530568,606625,457763,474832,605412,593700,543063,452254,491676,457705,"54.1733","null","null","null","null","null","null","null",76,"5","4-Seam Fastball",1,1,1,1,1,1,1,1,"Strategic","Standard"
"SL","2018-06-24","84.8","-1.8631","5.0991","Reyes Moronta",592669,606625,"null","ball",,,,,"14","null","R","R","R","SF","SD","B","null","null",0,2,2018,"1.1318","-0.1629","1.1601","-0.4463","null","622534.00","null",1,11,"Top","null","null",,,457763,,"180624_225145","4.8061","-123.2780","-6.2940","10.5170","21.8742","-32.9156","3.3612","1.5882","null","null","null","84.1840","2728","5.6980",530568,606625,457763,474832,605412,593700,543063,452254,491676,457705,"54.7998","null","null","null","null","null","null","null",76,"3","Slider",1,1,1,1,1,1,1,1,"Standard","Standard"
"FF","2018-06-24","94.8","-1.2814","5.6062","Reyes Moronta",543333,606625,"null","ball",,,,,"11","null","R","L","R","SF","SD","B","null","null",0,1,2018,"-0.0837","1.5253","-1.5553","3.0244","null","null","622534.00",0,11,"Top","null","null",,,457763,,"180624_224847","-0.5287","-138.0947","-4.4549","-0.9521","28.3202","-12.1602","3.5461","1.6480","null","null","null","94.5340","2376","5.8960",530568,606625,457763,474832,605412,593700,543063,452254,491676,457705,"54.6010","null","null","null","null","null","null","null",75,"2","4-Seam Fastball",1,1,1,1,1,1,1,1,"Standard","Standard"
"SL","2018-06-24","79.4","-1.6296","5.3944","Reyes Moronta",543333,606625,"null","called_strike",,,,,"9","null","R","L","R","SF","SD","S","null","null",0,0,2018,"1.3106","0.1822","0.5011","1.6601","null","null","622534.00",0,11,"Top","null","null",,,457763,,"180624_224826","2.2482","-115.5962","-1.7723","11.1492","20.3448","-30.4897","3.4464","1.6031","null","null","null","78.8190","2387","5.7270",530568,606625,457763,474832,605412,593700,543063,452254,491676,457705,"54.7701","null","null","null","null","null","null","null",75,"1","Slider",1,1,1,1,1,1,1,1,"Standard","Standard"
"FF","2018-06-24","95.0","-1.4276","5.2954","Reyes Moronta",622534,606625,"walk","ball",,,,,"13","Manuel Margot walks.  ","R","R","R","SF","SD","B","null","null",3,1,2018,"-0.5041","1.3239","-0.5937","0.9161","null","null","null",0,11,"Top","null","null",,,457763,,"180624_224750","3.3057","-138.2981","-8.8601","-7.1406","25.3071","-13.5689","3.2138","1.4725","null","null","null","95.6970","2400","6.2680",530568,606625,457763,474832,605412,593700,543063,452254,491676,457705,"54.2292","null","null","0.70",1,0,0,"null",74,"5","4-Seam Fastball",1,1,1,1,1,1,1,1,"Standard","Standard"
"FF","2018-06-24","94.9","-1.3361","5.4318","Reyes Moronta",622534,606625,"null","called_strike",,,,,"2","null","R","R","R","SF","SD","S","null","null",3,0,2018,"-0.4092","1.3699","-0.2567","2.8833","null","null","null",0,11,"Top","null","null",,,457763,,"180624_224735","3.7151","-138.2373","-4.0763","-5.9854","28.3243","-14.0588","3.1690","1.4725","null","null","null","94.9230","2339","6.0630",530568,606625,457763,474832,605412,593700,543063,452254,491676,457705,"54.4348","null","null","null","null","null","null","null",74,"4","4-Seam Fastball",1,1,1,1,1,1,1,1,"Standard","Standard"
"FF","2018-06-24","95.5","-1.2909","5.4538","Reyes Moronta",622534,606625,"null","ball",,,,,"14","null","R","R","R","SF","SD","B","null","null",2,0,2018,"-0.3274","1.2603","0.6080","0.7236","null","null","null",0,11,"Top","null","null",,,457763,,"180624_224716","5.6763","-138.7469","-9.5925","-5.3104","26.9130","-14.3126","3.2081","1.4219","null","null","null","95.2670","2379","5.9440",530568,606625,457763,474832,605412,593700,543063,452254,491676,457705,"54.5535","null","null","null","null","null","null","null",74,"3","4-Seam Fastball",1,1,1,1,1,1,1,1,"Standard","Standard"
"FF","2018-06-24","95.7","-1.4262","5.4173","Reyes Moronta",622534,606625,"null","ball",,,,,"11","null","R","R","R","SF","SD","B","null","null",1,0,2018,"-0.2269","1.2612","-0.1359","3.5524","null","null","null",0,11,"Top","null","null",,,457763,,"180624_224656","3.8968","-139.4329","-2.2107","-3.6957","26.1159","-15.4635","3.2586","1.4724","null","null","null","96.0820","2254","6.0670",530568,606625,457763,474832,605412,593700,543063,452254,491676,457705,"54.4301","null","null","null","null","null","null","null",74,"2","4-Seam Fastball",1,1,1,1,1,1,1,1,"Standard","Standard"
"SL","2018-06-24","79.1","-1.6287","5.4098","Reyes Moronta",622534,606625,"null","ball",,,,,"11","null","R","R","R","SF","SD","B","null","null",0,0,2018,"1.2633","0.0593","-0.5730","4.1010","null","null","null",0,11,"Top","null","null",,,457763,,"180624_224644","0.0203","-115.1580","3.6431","11.1061","17.1967","-32.4000","3.2137","1.3603","null","null","null","78.7860","2347","5.6080",530568,606625,457763,474832,605412,593700,543063,452254,491676,457705,"54.8897","null","null","null","null","null","null","null",74,"1","Slider",1,1,1,1,1,1,1,1,"Standard","Standard"
"FF","2018-06-24","96.3","-1.6727","5.4080","Robert Stock",596103,476594,"null","ball",,,,,"12","null","R","R","R","SF","SD","B","null","null",0,2,2018,"-0.4749","0.8260","2.2692","4.1399","null","605412.00","null",1,10,"Bot","null","null",,,595978,,"180624_224140","11.5198","-139.9272","0.2944","-8.5511","27.5526","-21.4937","3.3071","1.5155","null","null","null","96.6600","2137","6.2890",530568,476594,595978,543333,605486,570799,520471,519333,622534,592669,"54.2081","null","null","null","null","null","null","null",72,"3","4-Seam Fastball",1,1,1,1,1,1,1,1,"Standard","Standard"
"SL","2018-06-24","83.3","-2.0212","5.1555","Robert Stock",596103,476594,"null","called_strike",,,,,"4","null","R","R","R","SF","SD","S","null","null",0,1,2018,"0.9399","0.1042","-0.7902","2.6402","null","605412.00","null",1,10,"Bot","null","null",,,595978,,"180624_224118","1.0259","-121.4475","0.3320","9.0196","19.6516","-31.4171","3.3154","1.4790","null","null","null","83.0540","2641","5.6320",530568,476594,595978,543333,605486,570799,520471,519333,622534,592669,"54.8653","null","null","null","null","null","null","null",72,"2","Slider",1,1,1,1,1,1,1,1,"Standard","Standard"
"FF","2018-06-24","98.3","-1.8549","5.3876","Robert Stock",596103,476594,"null","called_strike",,,,,"6","null","R","R","R","SF","SD","S","null","null",0,0,2018,"-0.7753","0.8778","0.7520","2.7071","null","605412.00","null",1,10,"Bot","null","null",,,595978,,"180624_224100","8.7807","-142.9592","-3.8620","-12.3179","27.3848","-19.5843","3.3378","1.5238","null","null","null","98.4240","2045","6.0130",530568,476594,595978,543333,605486,570799,520471,519333,622534,592669,"54.4840","null","null","null","null","null","null","null",72,"1","4-Seam Fastball",1,1,1,1,1,1,1,1,"Standard","Standard"
"FF","2018-06-24","96.8","-1.8980","5.4322","Robert Stock",593700,476594,"null","ball",,,,,"11","null","R","L","R","SF","SD","B","null","null",2,2,2018,"-0.6603","0.8929","-0.4676","4.0680","null","605412.00","null",0,10,"Bot","null","null",,,595978,,"180624_224003","5.2598","-140.9396","-0.1838","-9.7705","26.7864","-20.4765","3.2707","1.5650","null","null","null","96.8390","1965","5.9140",530568,476594,595978,543333,605486,570799,520471,519333,622534,592669,"54.5829","null","null","null","null","null","null","null",71,"5","4-Seam Fastball",1,1,1,1,1,1,1,1,"Standard","Standard"
"SL","2018-06-24","83.3","-2.0321","5.1209","Robert Stock",593700,476594,"null","called_strike",,,,,"11","null","R","L","R","SF","SD","S","null","null",2,1,2018,"0.6542","-0.0978","-0.9526","2.5994","null","605412.00","null",0,10,"Bot","null","null",,,595978,,"180624_223940","1.2261","-121.3633","0.6514","6.1962","17.7181","-33.4177","3.2523","1.5566","null","null","null","82.9460","2646","5.4250",530568,476594,595978,543333,605486,570799,520471,519333,622534,592669,"55.0722","null","null","null","null","null","null","null",71,"4","Slider",1,1,1,1,1,1,1,1,"Standard","Standard"
"SL","2018-06-24","84.0","-1.9549","5.2090","Robert Stock",593700,476594,"null","ball",,,,,"11","null","R","L","R","SF","SD","B","null","null",1,1,2018,"0.5018","-0.1068","-0.9599","2.6127","null","605412.00","null",0,10,"Bot","null","null",,,595978,,"180624_223920","1.3244","-122.3236","0.4695","4.7492","20.3318","-33.5218","3.3239","1.5733","null","null","null","83.5930","2584","5.6280",530568,476594,595978,543333,605486,570799,520471,519333,622534,592669,"54.8692","null","null","null","null","null","null","null",71,"3","Slider",1,1,1,1,1,1,1,1,"Standard","Standard"
"FF","2018-06-24","97.6","-1.9806","5.4098","Robert Stock",593700,476594,"null","ball",,,,,"12","null","R","L","R","SF","SD","B","null","null",0,0,2018,"-0.6842","1.0981","1.6831","2.5215","null","605412.00","null",0,10,"Bot","null","null",,,595978,,"180624_223832","11.3337","-141.6827","-4.7530","-11.5322","29.3630","-16.6578","3.2540","1.5706","null","null","null","97.3330","2315","6.0610",530568,476594,595978,543333,605486,570799,520471,519333,622534,592669,"54.4368","null","null","null","null","null","null","null",71,"1","4-Seam Fastball",1,1,1,1,1,1,1,1,"Strategic","Standard"
"FF","2018-06-24","97.8","-2.0326","5.4465","Robert Stock",605412,476594,"null","ball",,,,,"12","null","R","L","R","SF","SD","B","null","null",0,1,2018,"-1.1864","1.0042","1.0120","2.8678","null","null","null",0,10,"Bot","null","null",,,595978,,"180624_223721","10.9287","-142.0209","-3.7822","-18.4599","30.1399","-17.9088","3.0746","1.3449","null","null","null","98.0020","2211","6.3500",530568,476594,595978,543333,605486,570799,520471,519333,622534,592669,"54.1471","null","null","null","null","null","null","null",70,"2","4-Seam Fastball",1,1,1,1,1,1,1,1,"Standard","Standard"
"FF","2018-06-24","97.3","-1.9584","5.4906","Robert Stock",605412,476594,"null","called_strike",,,,,"3","null","R","L","R","SF","SD","S","null","null",0,0,2018,"-0.8159","0.7282","0.3921","2.9908","null","null","null",0,10,"Bot","null","null",,,595978,,"180624_223706","8.0360","-141.5131","-2.8598","-12.3959","27.2734","-22.1500","2.9648","1.3472","null","null","null","96.8690","2188","5.7250",530568,476594,595978,543333,605486,570799,520471,519333,622534,592669,"54.7723","null","null","null","null","null","null","null",70,"1","4-Seam Fastball",1,1,1,1,1,1,1,1,"Standard","Standard"
"CU","2018-06-24","82.1","-1.4838","5.4449","Sam Dyson",517369,473879,"null","ball",,,,,"14","null","R","R","R","SF","SD","B","null","null",0,2,2018,"1.5238","-0.7194","1.3363","0.2971","null","null","null",2,10,"Top","null","null",,,457763,,"180624_223310","3.4772","-119.2824","-3.6561","13.2718","24.0250","-38.3162","3.2833","1.5103","null","null","null","80.3550","3198","5.2810",530568,473879,457763,474832,605412,593700,543063,452254,491676,457705,"55.2160","null","null","null","null","null","null","null",69,"3","Curveball",1,1,1,1,1,1,1,1,"Standard","Standard"
"CH","2018-06-24","84.0","-1.6824","5.2487","Sam Dyson",519333,473879,"null","ball",,,,,"14","null","R","R","R","SF","SD","B","null","null",0,1,2018,"-1.2554","-0.0411","1.4921","0.2052","null","null","null",1,10,"Top","null","null",,,457763,,"180624_223043","9.5820","-121.8189","-5.1581","-13.9004","20.8327","-31.9171","3.1348","1.4809","null","null","null","83.0070","1900","5.5280",530568,473879,457763,474832,605412,593700,543063,452254,491676,457705,"54.9695","null","null","null","null","null","null","null",68,"2","Changeup",1,1,1,1,1,1,1,1,"Standard","Standard"
"SL","2018-06-24","87.6","-2.1583","5.3945","Kirby Yates",452254,489446,"null","ball",,,,,"14","null","R","R","R","SF","SD","B","null","null",0,1,2018,"-0.6277","0.0950","0.0505","0.9912","null","null","null",2,9,"Bot","null","null",,,595978,,"180624_222540","6.4466","-127.3729","-4.6728","-7.8016","22.8736","-30.5652","3.2245","1.6068","null","null","null","86.3970","1315","5.2820",530568,489446,595978,543333,605486,570799,520471,519333,622534,592669,"55.2155","null","null","null","null","null","null","null",66,"2","Slider",1,1,1,1,1,1,1,1,"Standard","Standard"
"FS","2018-06-24","87.3","-2.2381","5.3924","Kirby Yates",457763,489446,"null","called_strike",,,,,"8","null","R","R","R","SF","SD","S","null","null",0,1,2018,"-0.7042","0.0204","0.0351","1.6607","null","null","null",0,9,"Bot","null","null",,,595978,,"180624_222240","6.7345","-126.9678","-2.9039","-8.6086","22.2366","-31.6785","3.3072","1.5365","null","null","null","86.2650","1341","5.3330",530568,489446,595978,543333,605486,570799,520471,519333,622534,592669,"55.1644","null","null","null","null","null","null","null",64,"2","Split Finger",1,1,1,1,1,1,1,1,"Standard","Standard"
"CU","2018-06-24","77.9","1.9271","6.5027","Will Smith",520471,519293,"null","ball",,,,,"14","null","R","R","L","SF","SD","B","null","null",0,1,2018,"-0.8562","-0.5100","0.5427","1.1064","null","null","null",2,9,"Top","null","null",,,457763,,"180624_221907","-1.4352","-113.3036","-3.7217","-6.8397","20.8820","-35.9910","3.1729","1.4610","null","null","null","76.4500","2113","5.2850",530568,519293,457763,474832,605412,593700,543063,452254,491676,457705,"55.2124","null","null","null","null","null","null","null",63,"2","Curveball",1,1,1,1,1,1,1,1,"Standard","Standard"
"FF","2018-06-24","93.2","1.7643","6.4931","Will Smith",570799,519293,"null","ball",,,,,"11","null","R","R","L","SF","SD","B","null","null",0,2,2018,"0.6844","1.6357","-0.8829","3.6345","null","null","null",1,9,"Top","null","null",,,457763,,"180624_221758","-8.2064","-135.3623","-5.0613","10.0570","28.9611","-11.4825","3.3208","1.5344","null","null","null","92.4910","2367","5.9250",530568,519293,457763,474832,605412,593700,543063,452254,491676,457705,"54.5725","null","null","null","null","null","null","null",62,"4","4-Seam Fastball",1,1,1,1,1,1,1,1,"Standard","Standard"
"FF","2018-06-24","92.3","1.7337","6.4971","Will Smith",605486,519293,"null","ball",,,,,"11","null","R","L","L","SF","SD","B","null","null",0,1,2018,"0.6238","1.3166","-1.0334","2.9352","null","null","null",0,9,"Top","null","null",,,457763,,"180624_221547","-8.3330","-134.1332","-6.1052","9.0677","24.6169","-15.3371","3.0902","1.3907","null","null","null","92.3740","2134","6.0680",530568,519293,457763,474832,605412,593700,543063,452254,491676,457705,"54.4294","null","null","null","null","null","null","null",61,"2","4-Seam Fastball",1,1,1,1,1,1,1,1,"Standard","Standard"
"SL","2018-06-24","79.3","2.2661","6.2620","Will Smith",605486,519293,"null","called_strike",,,,,"3","null","R","L","L","SF","SD","S","null","null",0,0,2018,"-0.9821","-0.2894","0.2950","2.8987","null","null","null",0,9,"Top","null","null",,,457763,,"180624_221528","-2.4931","-115.4405","-0.0890","-8.1589","20.6377","-34.9331","3.1451","1.4008","null","null","null","78.6000","2297","5.6830",530568,519293,457763,474832,605412,593700,543063,452254,491676,457705,"54.8140","null","null","null","null","null","null","null",61,"1","Slider",1,1,1,1,1,1,1,1,"Strategic","Standard"
"FS","2018-06-24","87.8","-2.2856","5.4898","Kirby Yates",474832,489446,"null","ball",,,,,"11","null","R","L","R","SF","SD","B","null","null",1,1,2018,"-0.8487","0.1130","-0.9659","2.8713","null","null","null",2,8,"Bot","null","null",,,595978,,"180624_221009","4.7895","-127.6415","-0.4911","-9.9114","23.7578","-31.1225","3.1266","1.4224","null","null","null","86.5650","1355","5.3390",530568,489446,595978,543333,605486,570799,520471,519333,622534,592669,"55.1589","null","null","null","null","null","null","null",59,"3","Split Finger",1,1,1,1,1,1,1,1,"Infield shift","Standard"
"FS","2018-06-24","87.5","-2.2843","5.4644","Kirby Yates",474832,489446,"null","ball",,,,,"13","null","R","L","R","SF","SD","B","null","null",0,1,2018,"-1.0659","-0.3113","-1.1186","0.4178","null","null","null",2,8,"Bot","null","null",,,595978,,"180624_220947","4.8297","-127.0101","-5.2265","-12.1460","28.6021","-34.5196","3.1266","1.4672","null","null","null","85.4570","1351","5.3320",530568,489446,595978,543333,605486,570799,520471,519333,622534,592669,"55.1650","null","null","null","null","null","null","null",59,"2","Split Finger",1,1,1,1,1,1,1,1,"Infield shift","Standard"
"FS","2018-06-24","87.0","-2.3537","5.4820","Kirby Yates",474832,489446,"null","called_strike",,,,,"7","null","R","L","R","SF","SD","S","null","null",0,0,2018,"-1.1955","-0.1001","-0.5762","1.4877","null","null","null",2,8,"Bot","null","null",,,595978,,"180624_220928","6.5082","-126.4213","-3.2125","-13.6920","22.7683","-32.8753","3.1266","1.4672","null","null","null","85.9420","1340","5.4260",530568,489446,595978,543333,605486,570799,520471,519333,622534,592669,"55.0718","null","null","null","null","null","null","null",59,"1","Split Finger",1,1,1,1,1,1,1,1,"Infield shift","Standard"
"FS","2018-06-24","87.5","-2.1932","5.4774","Kirby Yates",491676,489446,"null","ball",,,,,"13","null","R","R","R","SF","SD","B","null","null",1,2,2018,"-1.0912","0.1896","-1.5908","1.1929","null","null","null",1,8,"Bot","null","null",,,595978,,"180624_220829","3.5799","-127.3106","-4.5340","-12.2708","25.2851","-29.5138","3.1366","1.3992","null","null","null","86.4150","1427","5.5270",530568,489446,595978,543333,605486,570799,520471,519333,622534,592669,"54.9704","null","null","null","null","null","null","null",58,"4","Split Finger",1,1,1,1,1,1,1,1,"Standard","Standard"
"SL","2018-06-24","87.1","-2.3178","5.4995","Kirby Yates",491676,489446,"null","ball",,,,,"12","null","R","R","R","SF","SD","B","null","null",0,0,2018,"0.2537","0.5805","0.0143","3.6833","null","null","null",1,8,"Bot","null","null",,,595978,,"180624_220718","4.9880","-126.5447","0.6676","1.5791","26.2679","-26.6092","3.0834","1.3908","null","null","null","85.1950","2286","5.1790",530568,489446,595978,543333,605486,570799,520471,519333,622534,592669,"55.3180","null","null","null","null","null","null","null",58,"1","Slider",1,1,1,1,1,1,1,1,"Standard","Standard"
"FF","2018-06-24","93.7","-2.3378","5.5305","Kirby Yates",467055,489446,"null","ball",,,,,"11","null","R","L","R","SF","SD","B","null","null",1,0,2018,"-1.1596","1.3403","-0.9690","2.7300","null","null","null",0,8,"Bot","null","null",,,595978,,"180624_220443","5.9332","-136.0551","-4.2580","-15.3463","31.7982","-15.3148","3.1993","1.5431","null","null","null","92.0880","2423","5.5880",530568,489446,595978,543333,605486,570799,520471,519333,622534,592669,"54.9091","null","null","null","null","null","null","null",57,"2","4-Seam Fastball",1,1,1,1,1,1,1,1,"Standard","Standard"
"FF","2018-06-24","94.1","-2.3729","5.5010","Kirby Yates",467055,489446,"null","ball",,,,,"11","null","R","L","R","SF","SD","B","null","null",0,0,2018,"-0.8817","1.3074","-0.4269","3.7987","null","null","null",0,8,"Bot","null","null",,,595978,,"180624_220424","6.7939","-136.6826","-1.4537","-12.1747","30.3581","-16.3039","3.0424","1.4534","null","null","null","92.3150","2371","5.3380",530568,489446,595978,543333,605486,570799,520471,519333,622534,592669,"55.1599","null","null","null","null","null","null","null",57,"1","4-Seam Fastball",1,1,1,1,1,1,1,1,"Standard","Standard"
"FC","2018-06-24","91.6","-1.5315","6.2942","Mark Melancon",592669,453343,"null","ball",,,,,"14","null","R","R","R","SF","SD","B","null","null",0,0,2018,"0.5335","0.9907","1.1850","1.8711","null","null","543333.00",2,8,"Top","null","null",,,457763,,"180624_220112","5.7201","-133.2285","-7.4952","5.2446","27.0416","-18.9551","3.4228","1.6498","null","null","null","92.0690","2430","6.4710",530568,453343,457763,474832,605412,593700,543063,452254,491676,457705,"54.0267","null","null","null","null","null","null","null",56,"1","Cutter",1,1,1,1,1,1,1,1,"Standard","Standard"
"FC","2018-06-24","91.9","-1.5991","6.3352","Mark Melancon",543333,453343,"walk","ball",,,,,"14","Eric Hosmer walks.  ","R","L","R","SF","SD","B","null","null",3,1,2018,"0.1447","0.6379","1.4061","1.3766","null","null","null",2,8,"Top","null","null",,,457763,,"180624_220035","7.2653","-133.5864","-8.1122","0.4132","24.3029","-23.2429","3.5572","1.8832","null","null","null","92.0110","2482","6.0670",530568,453343,457763,474832,605412,593700,543063,452254,491676,457705,"54.4300","null","null","0.70",1,0,0,"null",55,"5","Cutter",1,1,1,1,1,1,1,1,"Standard","Standard"
"KC","2018-06-24","81.8","-1.8028","6.3808","Mark Melancon",543333,453343,"null","ball",,,,,"11","null","R","L","R","SF","SD","B","null","null",2,1,2018,"0.5026","-1.1088","-1.2723","3.0979","null","null","null",2,8,"Top","null","null",,,457763,,"180624_220009","0.2561","-119.0578","1.1677","4.6077","21.7208","-42.9018","3.6693","1.8608","null","null","null","80.7980","2699","5.4780",530568,453343,457763,474832,605412,593700,543063,452254,491676,457705,"55.0190","null","null","null","null","null","null","null",55,"4","Knuckle Curve",1,1,1,1,1,1,1,1,"Standard","Standard"
"FC","2018-06-24","90.5","-1.8522","6.3258","Mark Melancon",543333,453343,"null","ball",,,,,"14","null","R","L","R","SF","SD","B","null","null",1,1,2018,"0.0176","0.5818","2.1339","1.2242","null","null","null",2,8,"Top","null","null",,,457763,,"180624_215943","9.8114","-131.2504","-7.9218","-1.7908","26.6513","-24.1390","3.6245","1.8608","null","null","null","89.8050","2591","5.9550",530568,453343,457763,474832,605412,593700,543063,452254,491676,457705,"54.5421","null","null","null","null","null","null","null",55,"3","Cutter",1,1,1,1,1,1,1,1,"Standard","Standard"
"FF","2018-06-24","91.8","-1.8692","6.3604","Mark Melancon",543333,453343,"null","ball",,,,,"13","null","R","L","R","SF","SD","B","null","null",0,0,2018,"-0.3789","0.9748","-0.1152","0.7923","null","null","null",2,8,"Top","null","null",,,457763,,"180624_215906","5.2396","-133.3104","-10.3549","-5.5287","25.0147","-18.7291","3.6469","1.7936","null","null","null","92.0370","2455","6.2580",530568,453343,457763,474832,605412,593700,543063,452254,491676,457705,"54.2389","null","null","null","null","null","null","null",55,"1","4-Seam Fastball",1,1,1,1,1,1,1,1,"Standard","Standard"
"FC","2018-06-24","90.3","-1.6043","6.4478","Mark Melancon",622534,453343,"null","called_strike",,,,,"5","null","R","R","R","SF","SD","S","null","null",0,0,2018,"0.1274","0.6390","0.2031","2.6692","null","null","571976.00",0,8,"Top","null","null",,,457763,,"180624_220013","4.2108","-131.5295","-4.8609","0.7015","24.1329","-24.0920","3.3145","1.4612","null","null","null","90.3680","2400","5.9740",530568,453343,457763,474832,605412,593700,543063,452254,491676,457705,"54.5233","null","null","null","null","null","null","null",54,"1","Cutter",1,1,1,1,1,1,1,1,"Strategic","Standard"
"SI","2018-06-24","92.0","-2.7170","5.6411","Craig Stammen",593700,489334,"null","ball",,,,,"11","null","R","L","R","SF","SD","B","null","null",1,2,2018,"-1.2178","0.7998","-1.7073","3.7847","null","null","null",2,7,"Bot","null","null",,,595978,,"180624_215238","5.2796","-133.9776","-0.6711","-15.9854","27.0791","-22.4239","3.1701","1.5315","null","null","null","93.0210","2116","6.7060",530568,489334,595978,543333,605486,570799,520471,519333,622534,592669,"53.7911","null","null","null","null","null","null","null",52,"4","Sinker",1,1,1,1,1,1,1,1,"Standard","Standard"
"SI","2018-06-24","92.3","-2.5173","5.5661","Craig Stammen",593700,489334,"null","ball",,,,,"13","null","R","L","R","SF","SD","B","null","null",0,1,2018,"-1.0088","0.6764","-0.2802","0.9046","null","null","null",2,7,"Bot","null","null",,,595978,,"180624_215149","7.9482","-134.2155","-7.6612","-13.8737","23.3784","-22.6269","3.3045","1.6660","null","null","null","93.5460","2047","6.6290",530568,489334,595978,543333,605486,570799,520471,519333,622534,592669,"53.8687","null","null","null","null","null","null","null",52,"2","Sinker",1,1,1,1,1,1,1,1,"Standard","Standard"
"SL","2018-06-24","86.4","-2.6445","5.6575","Craig Stammen",605412,489334,"null","called_strike",,,,,"7","null","R","L","R","SF","SD","S","null","null",0,0,2018,"0.6751","0.5909","-0.3687","1.9543","null","null","null",1,7,"Bot","null","null",,,595978,,"180624_215030","4.0553","-125.8269","-3.8729","6.4685","23.2467","-25.3367","3.1723","1.4202","null","null","null","86.8830","2421","6.3500",530568,489334,595978,543333,605486,570799,520471,519333,622534,592669,"54.1476","null","null","null","null","null","null","null",51,"1","Slider",1,1,1,1,1,1,1,1,"Standard","Standard"
"SL","2018-06-24","87.2","-2.5475","5.7688","Craig Stammen",452254,489334,"null","ball",,,,,"12","null","R","R","R","SF","SD","B","null","null",1,2,2018,"0.3678","0.4927","0.3987","3.6176","null","null","null",0,7,"Bot","null","null",,,595978,,"180624_214936","6.3365","-127.0791","-0.1420","2.9674","21.2300","-26.9358","3.1322","1.4921","null","null","null","87.9400","2447","6.2610",530568,489334,595978,543333,605486,570799,520471,519333,622534,592669,"54.2368","null","null","null","null","null","null","null",50,"5","Slider",1,1,1,1,1,1,1,1,"Standard","Standard"
"SL","2018-06-24","89.0","-2.4664","5.7279","Craig Stammen",452254,489334,"null","ball",,,,,"14","null","R","R","R","SF","SD","B","null","null",0,1,2018,"0.0945","0.7303","2.0251","0.0444","null","null","null",0,7,"Bot","null","null",,,595978,,"180624_214836","10.8467","-129.1274","-9.5058","-0.9029","23.5505","-22.3078","3.2667","1.5818","null","null","null","89.6600","2363","6.5780",530568,489334,595978,543333,605486,570799,520471,519333,622534,592669,"53.9192","null","null","null","null","null","null","null",50,"2","Slider",1,1,1,1,1,1,1,1,"Standard","Standard"
"SI","2018-06-24","90.6","-2.4966","5.6289","Craig Stammen",452254,489334,"null","called_strike",,,,,"5","null","R","R","R","SF","SD","S","null","null",0,0,2018,"-1.3453","0.5974","0.0369","2.1434","null","null","null",0,7,"Bot","null","null",,,595978,,"180624_214820","9.3119","-131.7927","-4.1899","-17.7345","23.1223","-24.4501","3.1299","1.4249","null","null","null","91.9740","2089","6.7430",530568,489334,595978,543333,605486,570799,520471,519333,622534,592669,"53.7546","null","null","null","null","null","null","null",50,"1","Sinker",1,1,1,1,1,1,1,1,"Standard","Standard"
"CU","2018-06-24","75.1","-0.7016","6.1788","Dereck Rodriguez",519333,605446,"null","called_strike",,,,,"1","null","R","R","R","SF","SD","S","null","null",0,1,2018,"0.7574","-1.0712","-0.3042","3.0848","null","null","null",2,7,"Top","null","null",,,457763,,"180624_214416","-0.4874","-109.3006","2.4818","6.1095","16.4870","-41.2893","3.1994","1.3986","null","null","null","75.0040","2466","5.8870",530568,605446,457763,474832,605412,593700,543063,452254,491676,457705,"54.6107","null","null","null","null","null","null","null",49,"2","Curveball",1,1,1,1,1,1,1,1,"Standard","Standard"
"FC","2018-06-24","86.0","-1.0792","6.1422","Dereck Rodriguez",519333,605446,"null","called_strike",,,,,"3","null","R","R","R","SF","SD","S","null","null",0,0,2018,"0.1630","0.5021","0.3431","3.1787","null","null","null",2,7,"Top","null","null",,,457763,,"180624_214400","3.0441","-125.4823","-1.9529","1.2624","19.5597","-26.6932","3.1995","1.4434","null","null","null","86.7740","2004","6.1250",530568,605446,457763,474832,605412,593700,543063,452254,491676,457705,"54.3726","null","null","null","null","null","null","null",49,"1","Cutter",1,1,1,1,1,1,1,1,"Standard","Standard"
"FF","2018-06-24","93.3","-0.9509","6.1892","Dereck Rodriguez",595978,605446,"null","ball",,,,,"11","null","R","R","R","SF","SD","B","null","null",2,2,2018,"-0.3384","1.2428","-0.2984","4.8726","null","null","null",1,7,"Top","null","null",,,457763,,"180624_214310","2.4234","-135.9615","-0.4423","-4.6904","25.6866","-16.7320","3.2018","1.4435","null","null","null","93.9880","1936","6.3040",530568,605446,457763,474832,605412,593700,543063,452254,491676,457705,"54.1930","null","null","null","null","null","null","null",48,"6","4-Seam Fastball",1,1,1,1,1,1,1,1,"Standard","Standard"
"CU","2018-06-24","75.5","-0.8628","6.1422","Dereck Rodriguez",595978,605446,"null","ball",,,,,"11","null","R","R","R","SF","SD","B","null","null",1,1,2018,"0.8774","-0.6829","-1.2969","2.8463","null","null","null",1,7,"Top","null","null",,,457763,,"180624_214205","-2.3710","-109.8167","1.3296","7.3111","17.4212","-38.0165","3.1877","1.4070","null","null","null","74.6620","2455","5.4590",530568,605446,457763,474832,605412,593700,543063,452254,491676,457705,"55.0379","null","null","null","null","null","null","null",48,"3","Curveball",1,1,1,1,1,1,1,1,"Standard","Standard"
"CU","2018-06-24","74.8","-1.0300","6.1516","Dereck Rodriguez",595978,605446,"null","ball",,,,,"14","null","R","R","R","SF","SD","B","null","null",0,1,2018,"1.0355","-1.0722","1.1190","1.4083","null","null","null",1,7,"Top","null","null",,,457763,,"180624_214148","2.6178","-108.8284","-0.7031","7.5372","20.2661","-40.6120","3.2102","1.4518","null","null","null","73.8970","2469","5.7590",530568,605446,457763,474832,605412,593700,543063,452254,491676,457705,"54.7382","null","null","null","null","null","null","null",48,"2","Curveball",1,1,1,1,1,1,1,1,"Standard","Standard"
"CU","2018-06-24","74.1","-0.9746","6.1445","Dereck Rodriguez",595978,605446,"null","called_strike",,,,,"3","null","R","R","R","SF","SD","S","null","null",0,0,2018,"1.2404","-0.8762","0.5618","3.1538","null","null","null",1,7,"Top","null","null",,,457763,,"180624_214133","1.0200","-107.7310","2.5733","9.2613","18.1435","-39.5160","3.0533","1.4070","null","null","null","73.2210","2474","5.6050",530568,605446,457763,474832,605412,593700,543063,452254,491676,457705,"54.8919","null","null","null","null","null","null","null",48,"1","Curveball",1,1,1,1,1,1,1,1,"Standard","Standard"
"CH","2018-06-24","86.1","-1.2013","6.1369","Dereck Rodriguez",520471,605446,"null","ball",,,,,"13","null","R","L","R","SF","SD","B","null","null",0,2,2018,"-1.5324","0.5823","-2.3142","1.4591","null","null","null",0,7,"Top","null","null",,,457763,,"180624_214045","0.4642","-125.2630","-6.0450","-16.2129","25.1727","-25.0488","3.2234","1.5340","null","null","null","86.1550","1866","6.3220",530568,605446,457763,474832,605412,593700,543063,452254,491676,457705,"54.1749","null","null","null","null","null","null","null",47,"3","Changeup",1,1,1,1,1,1,1,1,"Standard","Standard"
"FF","2018-06-24","90.9","-1.2888","6.2637","Dereck Rodriguez",520471,605446,"null","called_strike",,,,,"1","null","R","L","R","SF","SD","S","null","null",0,0,2018,"-0.6001","1.1068","-0.6373","2.9623","null","null","null",0,7,"Top","null","null",,,457763,,"180624_214012","2.8587","-132.4817","-4.7709","-7.5061","22.3603","-18.6081","2.9174","1.4219","null","null","null","90.9090","1840","5.7420",530568,605446,457763,474832,605412,593700,543063,452254,491676,457705,"54.7552","null","null","null","null","null","null","null",47,"1","4-Seam Fastball",1,1,1,1,1,1,1,1,"Standard","Standard"
"CU","2018-06-24","73.0","2.4778","5.8457","Eric Lauer",457763,641778,"null","called_strike",,,,,"1","null","R","R","L","SF","SD","S","null","null",0,0,2018,"-0.9015","-0.6575","-0.4810","3.4097","null","null","null",2,6,"Bot","null","null",,,595978,,"180624_213631","-4.3567","-105.9274","3.4199","-5.7133","17.7619","-37.7363","3.3356","1.5394","null","null","null","70.9380","2165","4.7990",530568,641778,595978,543333,605486,570799,520471,519333,622534,592669,"55.6979","null","null","null","null","null","null","null",45,"1","Curveball",1,1,1,1,1,1,1,1,"Standard","Standard"
"FF","2018-06-24","92.4","2.1579","5.9801","Eric Lauer",457705,641778,"null","ball",,,,,"12","null","R","R","L","SF","SD","B","null","null",2,2,2018,"0.5536","1.3991","1.2449","3.0782","null","null","null",1,6,"Bot","null","null",,,595978,,"180624_213535","-3.5281","-134.6718","-4.7353","7.4321","23.6389","-14.3016","3.2714","1.5007","null","null","null","93.2410","2201","6.2730",530568,641778,595978,543333,605486,570799,520471,519333,622534,592669,"54.2242","null","null","null","null","null","null","null",44,"5","4-Seam Fastball",1,1,1,1,1,1,1,1,"Standard","Standard"
"FF","2018-06-24","92.6","2.2981","5.9151","Eric Lauer",457705,641778,"null","ball",,,,,"14","null","R","R","L","SF","SD","B","null","null",1,2,2018,"0.5163","1.5579","1.7292","1.6721","null","null","null",1,6,"Bot","null","null",,,595978,,"180624_213521","-2.5788","-134.8176","-8.5129","6.8383","25.1295","-11.5899","3.2490","1.5231","null","null","null","93.2550","2147","6.3290",530568,641778,595978,543333,605486,570799,520471,519333,622534,592669,"54.1681","null","null","null","null","null","null","null",44,"4","4-Seam Fastball",1,1,1,1,1,1,1,1,"Standard","Standard"
"FF","2018-06-24","90.4","2.2677","5.9956","Eric Lauer",457705,641778,"null","called_strike",,,,,"9","null","R","R","L","SF","SD","S","null","null",1,0,2018,"0.5939","1.3511","0.5119","1.8300","null","null","null",1,6,"Bot","null","null",,,595978,,"180624_213429","-5.6008","-131.5612","-7.3458","7.9030","23.2507","-15.3394","3.3162","1.5455","null","null","null","90.6630","2143","6.0700",530568,641778,595978,543333,605486,570799,520471,519333,622534,592669,"54.4269","null","null","null","null","null","null","null",44,"2","4-Seam Fastball",1,1,1,1,1,1,1,1,"Standard","Standard"
"FC","2018-06-24","87.0","2.3318","5.9298","Eric Lauer",457705,641778,"null","ball",,,,,"13","null","R","R","L","SF","SD","B","null","null",0,0,2018,"-0.1878","0.3894","-1.5532","1.6598","null","null","null",1,6,"Bot","null","null",,,595978,,"180624_213418","-8.8731","-126.4489","-4.9097","-0.5357","21.0736","-27.3710","3.2938","1.5231","null","null","null","87.0260","2148","5.9650",530568,641778,595978,543333,605486,570799,520471,519333,622534,592669,"54.5329","null","null","null","null","null","null","null",44,"1","Cutter",1,1,1,1,1,1,1,1,"Standard","Standard"
"FF","2018-06-24","92.1","2.1122","5.9693","Eric Lauer",474832,641778,"null","ball",,,,,"11","null","R","L","L","SF","SD","B","null","null",2,2,2018,"0.4333","1.4813","-0.8804","3.4627","null","null","null",0,6,"Bot","null","null",,,595978,,"180624_213327","-8.4606","-133.8825","-3.6864","6.8969","27.5204","-14.0086","3.1546","1.4729","null","null","null","91.6340","2193","5.9560",530568,641778,595978,543333,605486,570799,520471,519333,622534,592669,"54.5415","null","null","null","null","null","null","null",43,"5","4-Seam Fastball",1,1,1,1,1,1,1,1,"Infield shift","Standard"
"CU","2018-06-24","74.2","2.3725","5.7992","Eric Lauer",474832,641778,"null","called_strike",,,,,"2","null","R","L","L","SF","SD","S","null","null",2,1,2018,"-0.2837","-0.5866","-0.1831","2.9393","null","null","null",0,6,"Bot","null","null",,,595978,,"180624_213312","-4.6597","-107.9074","2.2510","-1.4235","16.8621","-37.2169","3.1322","1.4953","null","null","null","73.1230","2315","5.2800",530568,641778,595978,543333,605486,570799,520471,519333,622534,592669,"55.2170","null","null","null","null","null","null","null",43,"4","Curveball",1,1,1,1,1,1,1,1,"Infield shift","Standard"
"FC","2018-06-24","85.5","2.3027","5.8847","Eric Lauer",474832,641778,"null","ball",,,,,"13","null","R","L","L","SF","SD","B","null","null",1,0,2018,"-0.0872","0.6687","-1.0896","1.3204","null","null","null",0,6,"Bot","null","null",,,595978,,"180624_213244","-7.7679","-124.3812","-5.9098","0.2371","18.3533","-24.5031","3.1770","1.4729","null","null","null","85.8290","2226","5.9330",530568,641778,595978,543333,605486,570799,520471,519333,622534,592669,"54.5642","null","null","null","null","null","null","null",43,"2","Cutter",1,1,1,1,1,1,1,1,"Infield shift","Standard"
"FC","2018-06-24","88.7","2.1511","6.0115","Eric Lauer",474832,641778,"null","ball",,,,,"13","null","R","L","L","SF","SD","B","null","null",0,0,2018,"0.1085","0.9146","-1.4325","1.8014","null","null","null",0,6,"Bot","null","null",,,595978,,"180624_213233","-8.9317","-128.8259","-6.1502","2.7957","22.8904","-21.0841","3.1770","1.5177","null","null","null","88.7030","2219","6.0730",530568,641778,595978,543333,605486,570799,520471,519333,622534,592669,"54.4243","null","null","null","null","null","null","null",43,"1","Cutter",1,1,1,1,1,1,1,1,"Infield shift","Standard"
"FF","2018-06-24","89.8","2.2142","6.0035","Eric Lauer",491676,641778,"null","ball",,,,,"9","null","R","R","L","SF","SD","B","null","null",1,0,2018,"0.6022","1.3531","0.7889","1.4152","null","null","null",0,6,"Bot","null","null",,,595978,,"180624_213134","-4.7823","-130.6643","-8.2751","7.7983","23.8263","-15.2939","3.2095","1.4273","null","null","null","90.1220","2032","6.1880",530568,641778,595978,543333,605486,570799,520471,519333,622534,592669,"54.3090","null","null","null","null","null","null","null",42,"2","4-Seam Fastball",0,1,0,1,1,0,0,1,"Standard","Standard"
"CU","2018-06-24","72.8","2.4743","5.8767","Eric Lauer",491676,641778,"null","ball",,,,,"12","null","R","R","L","SF","SD","B","null","null",0,0,2018,"-0.8764","-0.6978","1.1042","3.6773","null","null","null",0,6,"Bot","null","null",,,595978,,"180624_213108","-1.2864","-105.8925","3.8667","-6.2904","13.9711","-38.0358","3.1199","1.4273","null","null","null","72.1290","2098","5.2950",530568,641778,595978,543333,605486,570799,520471,519333,622534,592669,"55.2021","null","null","null","null","null","null","null",42,"1","Curveball",0,1,0,1,1,0,0,1,"Standard","Standard"
"FC","2018-06-24","84.4","-1.1855","6.1262","Dereck Rodriguez",570799,605446,"null","called_strike",,,,,"3","null","R","R","R","SF","SD","S","null","null",3,1,2018,"0.2435","0.4429","0.6217","2.9846","null","null","null",2,6,"Top","null","null",,,457763,,"180624_212741","3.7109","-122.9421","-1.9100","1.8418","20.6930","-27.5645","3.3713","1.5176","null","null","null","84.5580","2222","5.9980",530568,605446,457763,474832,605412,593700,543063,452254,491676,457705,"54.4995","null","null","null","null","null","null","null",41,"5","Cutter",0,1,1,0,1,0,1,0,"Infield shift","Standard"
"FT","2018-06-24","91.7","-1.2266","6.0785","Dereck Rodriguez",570799,605446,"null","ball",,,,,"11","null","R","R","R","SF","SD","B","null","null",2,1,2018,"-1.1991","0.9924","-0.6669","4.0391","null","null","null",2,6,"Top","null","null",,,457763,,"180624_212724","4.0588","-133.6277","-1.5202","-15.3807","26.9797","-20.0048","3.4833","1.5625","null","null","null","92.6060","1968","6.6080",530568,605446,457763,474832,605412,593700,543063,452254,491676,457705,"53.8895","null","null","null","null","null","null","null",41,"4","2-Seam Fastball",0,1,1,0,1,0,1,0,"Infield shift","Standard"
"CU","2018-06-24","75.3","-0.8981","6.1646","Dereck Rodriguez",570799,605446,"null","ball",,,,,"14","null","R","R","R","SF","SD","B","null","null",1,1,2018,"0.9022","-1.4929","0.3498","-0.3893","null","null","null",2,6,"Top","null","null",,,457763,,"180624_212707","1.0090","-109.4246","-3.7033","6.8098","22.4293","-43.3095","3.3713","1.5176","null","null","null","74.0010","2698","5.7630",530568,605446,457763,474832,605412,593700,543063,452254,491676,457705,"54.7342","null","null","null","null","null","null","null",41,"3","Curveball",0,1,1,0,1,0,1,0,"Infield shift","Standard"
"FT","2018-06-24","91.2","-1.1093","6.1760","Dereck Rodriguez",570799,605446,"null","ball",,,,,"14","null","R","R","R","SF","SD","B","null","null",0,0,2018,"-1.0242","1.0939","1.1227","2.4411","null","null","null",2,6,"Top","null","null",,,457763,,"180624_212639","7.7366","-132.4854","-5.8179","-13.5193","25.7287","-18.4194","3.4385","1.5176","null","null","null","90.9970","1995","6.0540",530568,605446,457763,474832,605412,593700,543063,452254,491676,457705,"54.4431","null","null","null","null","null","null","null",41,"1","2-Seam Fastball",0,1,1,0,1,0,1,0,"Infield shift","Standard"
"CU","2018-06-24","73.4","-1.2226","6.0989","Dereck Rodriguez",592669,605446,"null","called_strike",,,,,"1","null","R","R","R","SF","SD","S","null","null",0,1,2018,"1.0855","-1.0627","-0.4108","3.1027","null","null","null",0,6,"Top","null","null",,,457763,,"180624_212515","-0.2228","-106.7921","3.0502","8.3234","17.6417","-41.0036","3.3650","1.5417","null","null","null","73.3970","2444","6.2020",530568,605446,457763,474832,605412,593700,543063,452254,491676,457705,"54.2955","null","null","null","null","null","null","null",39,"2","Curveball",0,1,1,0,1,0,1,0,"Standard","Standard"
"CU","2018-06-24","73.4","-1.0706","6.2023","Dereck Rodriguez",592669,605446,"null","called_strike",,,,,"6","null","R","R","R","SF","SD","S","null","null",0,0,2018,"1.0881","-0.8526","0.2883","2.2292","null","null","null",0,6,"Top","null","null",,,457763,,"180624_212500","0.8651","-106.9798","0.7015","8.2838","17.3762","-39.0850","3.2977","1.5641","null","null","null","73.9340","2405","6.4670",530568,605446,457763,474832,605412,593700,543063,452254,491676,457705,"54.0303","null","null","null","null","null","null","null",39,"1","Curveball",0,1,1,0,1,0,1,0,"Standard","Standard"
"FF","2018-06-24","92.6","2.2644","5.9991","Eric Lauer",605446,641778,"null","ball",,,,,"12","null","R","R","L","SF","SD","B","null","null",1,2,2018,"0.4822","1.4025","1.7656","3.8101","null","null","593700.00",2,5,"Bot","null","null",,,595978,,"180624_212213","-2.2803","-134.8385","-2.8008","6.2555","27.4032","-14.9859","3.3965","1.5026","null","null","null","92.0470","2161","5.7710",530568,641778,595978,543333,605486,570799,520471,519333,622534,592669,"54.7260","null","null","null","null","null","null","null",38,"4","4-Seam Fastball",0,1,0,1,1,0,0,1,"Standard","Standard"
"FF","2018-06-24","91.7","2.3179","5.9717","Eric Lauer",605446,641778,"null","called_strike",,,,,"6","null","R","R","L","SF","SD","S","null","null",1,1,2018,"0.7954","1.3112","0.7328","2.4822","null","null","593700.00",2,5,"Bot","null","null",,,595978,,"180624_212152","-5.7036","-133.4385","-5.7951","10.6508","27.2775","-15.5652","3.3517","1.5475","null","null","null","91.7350","2142","6.1960",530568,641778,595978,543333,605486,570799,520471,519333,622534,592669,"54.3014","null","null","null","null","null","null","null",38,"3","4-Seam Fastball",0,1,0,1,1,0,0,1,"Standard","Standard"
"CU","2018-06-24","74.0","2.4485","5.7748","Eric Lauer",605446,641778,"null","ball",,,,,"13","null","R","R","L","SF","SD","B","null","null",0,0,2018,"-0.3776","-0.6213","-1.1519","2.0515","null","null","593700.00",2,5,"Bot","null","null",,,595978,,"180624_212049","-6.5396","-107.4521","0.6590","-1.6984","18.0054","-37.1590","3.3517","1.4354","null","null","null","72.1900","2055","4.9490",530568,641778,595978,543333,605486,570799,520471,519333,622534,592669,"55.5488","null","null","null","null","null","null","null",38,"1","Curveball",0,1,0,1,1,0,0,1,"Standard","Standard"
"FF","2018-06-24","90.7","2.1553","6.0783","Eric Lauer",593700,641778,"null","called_strike",,,,,"5","null","R","R","L","SF","SD","S","null","null",0,0,2018,"0.7499","1.3341","0.2760","2.2663","null","null","null",2,5,"Bot","null","null",,,595978,,"180624_211953","-6.2533","-131.8323","-6.4436","9.9243","25.1029","-15.6140","3.2693","1.5064","null","null","null","90.6690","2053","6.0990",530568,641778,595978,543333,605486,570799,520471,519333,622534,592669,"54.3989","null","null","null","null","null","null","null",37,"1","4-Seam Fastball",0,1,0,1,1,0,0,1,"Standard","Standard"
"FC","2018-06-24","87.8","2.2628","5.9291","Eric Lauer",605412,641778,"null","ball",,,,,"13","null","R","L","L","SF","SD","B","null","null",0,2,2018,"-0.5106","0.6568","-1.8260","1.6643","null","null","null",1,5,"Bot","null","null",,,595978,,"180624_211906","-8.8077","-127.6863","-5.6127","-4.1123","21.5385","-24.2148","3.1224","1.3479","null","null","null","87.9930","2341","6.0410",530568,641778,595978,543333,605486,570799,520471,519333,622534,592669,"54.4567","null","null","null","null","null","null","null",36,"3","Cutter",0,1,0,1,1,0,0,1,"Standard","Standard"
"FF","2018-06-24","91.4","2.1646","5.9985","Eric Lauer",605412,641778,"null","called_strike",,,,,"8","null","R","L","L","SF","SD","S","null","null",0,1,2018,"0.6538","1.4808","-0.1040","1.5993","null","null","null",1,5,"Bot","null","null",,,595978,,"180624_211850","-7.0503","-132.7044","-8.2950","9.0898","26.8537","-13.3601","3.1471","1.3951","null","null","null","90.9330","2185","6.0060",530568,641778,595978,543333,605486,570799,520471,519333,622534,592669,"54.4916","null","null","null","null","null","null","null",36,"2","4-Seam Fastball",0,1,0,1,1,0,0,1,"Standard","Standard"
"FF","2018-06-24","90.6","2.2383","6.0328","Eric Lauer",605412,641778,"null","called_strike",,,,,"4","null","R","L","L","SF","SD","S","null","null",0,0,2018,"0.6599","1.4141","-0.7470","2.4013","null","null","null",1,5,"Bot","null","null",,,595978,,"180624_211837","-8.7896","-131.5416","-6.0924","9.3704","26.2388","-14.8529","3.0575","1.3726","null","null","null","90.2470","2134","6.0620",530568,641778,595978,543333,605486,570799,520471,519333,622534,592669,"54.4355","null","null","null","null","null","null","null",36,"1","4-Seam Fastball",0,1,0,1,1,0,0,1,"Standard","Standard"
"FT","2018-06-24","90.3","-1.0512","6.1487","Dereck Rodriguez",622534,605446,"null","called_strike",,,,,"3","null","R","R","R","SF","SD","S","null","null",1,0,2018,"-1.0028","0.9723","0.7577","2.8981","null","null","641778.00",1,5,"Top","null","null",,,457763,,"180624_211351","6.5867","-131.4349","-4.2425","-12.8456","24.5673","-20.3218","2.9533","1.2566","null","null","null","90.4200","1858","6.0830",530568,605446,457763,474832,605412,593700,543063,452254,491676,457705,"54.4144","null","null","null","null","null","null","null",33,"2","2-Seam Fastball",0,1,1,0,1,0,1,0,"Standard","Standard"
"CU","2018-06-24","73.1","-0.8648","6.1705","Dereck Rodriguez",622534,605446,"null","ball",,,,,"1","null","R","R","R","SF","SD","B","null","null",0,0,2018,"0.9379","-0.7388","-0.7223","3.3836","null","null","641778.00",1,5,"Top","null","null",,,457763,,"180624_211332","-1.2828","-106.3142","2.8942","7.2302","16.6641","-38.3853","3.2670","1.4584","null","null","null","72.7170","2402","5.8350",530568,605446,457763,474832,605412,593700,543063,452254,491676,457705,"54.6624","null","null","null","null","null","null","null",33,"1","Curveball",0,1,1,0,1,0,1,0,"Strategic","Standard"
"FF","2018-06-24","93.6","-1.0140","6.1075","Dereck Rodriguez",519333,605446,"null","ball",,,,,"12","null","R","R","R","SF","SD","B","null","null",2,2,2018,"-0.2785","1.1327","1.4922","2.9668","null","null","null",0,5,"Top","null","null",,,457763,,"180624_211124","7.1137","-136.2244","-4.9437","-4.9319","27.2314","-17.1001","3.2639","1.3858","null","null","null","94.3380","2024","6.5090",530568,605446,457763,474832,605412,593700,543063,452254,491676,457705,"53.9886","null","null","null","null","null","null","null",31,"6","4-Seam Fastball",0,1,1,0,1,0,1,0,"Standard","Standard"
"FF","2018-06-24","90.2","-0.9121","6.2289","Dereck Rodriguez",519333,605446,"null","ball",,,,,"11","null","R","R","R","SF","SD","B","null","null",1,2,2018,"-0.4565","1.3016","-0.2717","4.5497","null","null","null",0,5,"Top","null","null",,,457763,,"180624_211038","2.5542","-131.3279","-0.9869","-5.7930","27.2890","-17.1816","3.2639","1.4754","null","null","null","90.1880","1946","6.2070",530568,605446,457763,474832,605412,593700,543063,452254,491676,457705,"54.2907","null","null","null","null","null","null","null",31,"4","4-Seam Fastball",0,1,1,0,1,0,1,0,"Standard","Standard"
"FC","2018-06-24","83.2","-1.3759","6.1750","Dereck Rodriguez",519333,605446,"null","ball",,,,,"14","null","R","R","R","SF","SD","B","null","null",0,0,2018,"0.0303","0.6862","1.3048","1.6479","null","null","null",0,5,"Top","null","null",,,457763,,"180624_210947","6.0411","-121.0109","-5.3097","-0.6704","19.3643","-24.7989","3.2050","1.4614","null","null","null","83.1600","2058","5.8880",530568,605446,457763,474832,605412,593700,543063,452254,491676,457705,"54.6091","null","null","null","null","null","null","null",31,"1","Cutter",0,1,1,0,1,0,1,0,"Standard","Standard"
"FF","2018-06-24","93.6","2.1026","6.0262","Eric Lauer",543063,641778,"null","ball",,,,,"13","null","R","L","L","SF","SD","B","null","null",1,2,2018,"0.7891","1.4707","-1.2972","2.1909","null","457705.00","457763.00",1,4,"Bot","null","null",,,595978,,"180624_210612","-10.4590","-135.7909","-7.3534","11.9068","27.7726","-12.6704","3.1516","1.4467","null","null","null","93.4740","2245","6.2320",530568,641778,595978,543333,605486,570799,520471,519333,622534,592669,"54.2653","null","null","null","null","null","null","null",30,"4","4-Seam Fastball",0,1,0,1,1,0,0,1,"Standard","Standard"
"FF","2018-06-24","88.5","2.4004","5.9087","Eric Lauer",543063,641778,"null","ball",,,,,"13","null","R","L","L","SF","SD","B","null","null",0,1,2018,"0.2704","0.7934","-1.5295","1.6839","null","457705.00","457763.00",1,4,"Bot","null","null",,,595978,,"180624_210516","-10.0370","-128.5532","-5.8703","4.7345","22.4771","-22.6064","3.1965","1.5588","null","null","null","88.2010","2324","5.8510",530568,641778,595978,543333,605486,570799,520471,519333,622534,592669,"54.6468","null","null","null","null","null","null","null",30,"2","4-Seam Fastball",0,1,0,1,1,0,0,1,"Standard","Standard"
"FC","2018-06-24","88.2","2.2487","6.0022","Eric Lauer",543063,641778,"null","called_strike",,,,,"8","null","R","L","L","SF","SD","S","null","null",0,0,2018,"-0.0792","0.8386","-0.2603","1.9204","null","457705.00","457763.00",1,4,"Bot","null","null",,,595978,,"180624_210447","-5.8678","-128.2699","-5.5260","0.2181","23.5892","-22.2637","3.2962","1.6036","null","null","null","87.5710","2153","5.6760",530568,641778,595978,543333,605486,570799,520471,519333,622534,592669,"54.8215","null","null","null","null","null","null","null",30,"1","Cutter",0,1,0,1,1,0,0,1,"Standard","Standard"
"CU","2018-06-24","76.5","2.3625","5.8087","Eric Lauer",457763,641778,"null","ball",,,,,"12","null","R","R","L","SF","SD","B","null","null",1,2,2018,"-0.4465","-0.4676","0.7827","3.3716","null","null","457705.00",1,4,"Bot","null","null",,,595978,,"180624_210238","-2.5098","-111.2658","2.5045","-3.2342","16.4827","-36.5481","3.2228","1.4946","null","null","null","75.4720","2181","5.1760",530568,641778,595978,543333,605486,570799,520471,519333,622534,592669,"55.3213","null","null","null","null","null","null","null",29,"5","Curveball",0,1,0,1,1,0,0,1,"Standard","Standard"
"FF","2018-06-24","92.1","2.1528","6.0042","Eric Lauer",457763,641778,"null","ball",,,,,"12","null","R","R","L","SF","SD","B","null","null",0,2,2018,"0.6910","1.4168","0.0358","4.1736","null","null","457705.00",1,4,"Bot","null","null",,,595978,,"180624_210142","-6.7785","-133.9646","-1.8590","9.5493","26.1945","-15.1667","3.3124","1.4722","null","null","null","91.6380","2174","5.8200",530568,641778,595978,543333,605486,570799,520471,519333,622534,592669,"54.6778","null","null","null","null","null","null","null",29,"3","4-Seam Fastball",0,1,0,1,1,0,0,1,"Standard","Standard"
"FC","2018-06-24","87.3","2.3454","5.9696","Eric Lauer",457763,641778,"null","called_strike",,,,,"3","null","R","R","L","SF","SD","S","null","null",0,0,2018,"0.2162","0.8853","0.5545","3.2693","null","null","457705.00",1,4,"Bot","null","null",,,595978,,"180624_210001","-4.6989","-127.0579","-2.1841","3.1576","22.7483","-22.5109","3.3998","1.6515","null","null","null","86.9530","2244","5.7760",530568,641778,595978,543333,605486,570799,520471,519333,622534,592669,"54.7215","null","null","null","null","null","null","null",29,"1","Cutter",0,1,0,1,1,0,0,1,"Standard","Standard"
"FF","2018-06-24","92.1","2.3034","6.1431","Eric Lauer",457705,641778,"null","ball",,,,,"12","null","R","R","L","SF","SD","B","null","null",1,2,2018,"0.7951","1.4527","1.4403","2.9404","null","null","null",1,4,"Bot","null","null",,,595978,,"180624_205836","-3.8602","-134.0514","-5.4060","10.2657","26.8394","-13.9676","3.3526","1.6716","null","null","null","91.7800","2290","5.9160",530568,641778,595978,543333,605486,570799,520471,519333,622534,592669,"54.5811","null","null","null","null","null","null","null",28,"5","4-Seam Fastball",0,1,0,1,1,0,0,1,"Standard","Standard"
"CU","2018-06-24","73.3","2.4674","5.8910","Eric Lauer",457705,641778,"null","called_strike",,,,,"3","null","R","R","L","SF","SD","S","null","null",1,1,2018,"-0.3203","-0.7162","0.3109","3.1108","null","null","null",1,4,"Bot","null","null",,,595978,,"180624_205757","-3.7361","-106.4331","2.8041","-1.7185","17.5952","-38.1303","3.3135","1.5204","null","null","null","71.6740","2132","5.0730",530568,641778,595978,543333,605486,570799,520471,519333,622534,592669,"55.4247","null","null","null","null","null","null","null",28,"3","Curveball",0,1,0,1,1,0,0,1,"Standard","Standard"
"FF","2018-06-24","90.1","2.2790","6.0352","Eric Lauer",457705,641778,"null","called_strike",,,,,"3","null","R","R","L","SF","SD","S","null","null",1,0,2018,"0.9344","1.3116","0.6457","2.9220","null","null","null",1,4,"Bot","null","null",,,595978,,"180624_205744","-5.9784","-131.0572","-4.4884","11.9000","27.7272","-16.5294","3.2911","1.5876","null","null","null","89.5930","2133","5.9990",530568,641778,595978,543333,605486,570799,520471,519333,622534,592669,"54.4982","null","null","null","null","null","null","null",28,"2","4-Seam Fastball",0,1,0,1,1,0,0,1,"Standard","Standard"
"CU","2018-06-24","73.1","2.4429","5.8505","Eric Lauer",457705,641778,"null","ball",,,,,"12","null","R","R","L","SF","SD","B","null","null",0,0,2018,"-0.9155","-0.4266","1.2974","3.7641","null","null","null",1,4,"Bot","null","null",,,595978,,"180624_205731","-0.7981","-106.1525","3.6916","-6.4652","17.1332","-36.1194","3.3135","1.5876","null","null","null","71.2250","2129","4.8220",530568,641778,595978,543333,605486,570799,520471,519333,622534,592669,"55.6757","null","null","null","null","null","null","null",28,"1","Curveball",0,1,0,1,1,0,0,1,"Standard","Standard"
"FC","2018-06-24","86.8","2.3369","6.0328","Eric Lauer",474832,641778,"null","ball",,,,,"11","null","R","L","L","SF","SD","B","null","null",0,1,2018,"-0.0112","0.8414","-0.9035","3.2288","null","null","null",0,4,"Bot","null","null",,,595978,,"180624_205622","-7.6273","-126.1212","-2.2062","1.2947","23.3476","-23.1720","3.2191","1.4701","null","null","null","85.9960","2307","5.6530",530568,641778,595978,543333,605486,570799,520471,519333,622534,592669,"54.8449","null","null","null","null","null","null","null",27,"2","Cutter",0,1,0,1,1,0,0,1,"Infield shift","Standard"
"CU","2018-06-24","73.1","2.3688","5.9369","Eric Lauer",474832,641778,"null","called_strike",,,,,"4","null","R","L","L","SF","SD","S","null","null",0,0,2018,"-0.6727","-0.6081","-0.7628","2.1781","null","null","null",0,4,"Bot","null","null",,,595978,,"180624_205608","-5.0911","-106.2045","0.7287","-4.0981","17.1491","-36.9951","3.1294","1.4477","null","null","null","71.7960","2201","5.2440",530568,641778,595978,543333,605486,570799,520471,519333,622534,592669,"55.2535","null","null","null","null","null","null","null",27,"1","Curveball",0,1,0,1,1,0,0,1,"Infield shift","Standard"
"CU","2018-06-24","74.3","-1.0096","6.2211","Dereck Rodriguez",595978,605446,"null","called_strike",,,,,"5","null","R","R","R","SF","SD","S","null","null",1,1,2018,"0.8018","-1.0555","-0.1656","2.3719","null","null","null",2,4,"Top","null","null",,,457763,,"180624_205333","0.3399","-108.0883","1.2133","6.1147","20.1025","-40.7802","3.1822","1.4015","null","null","null","73.7000","2505","6.0050",530568,605446,457763,474832,605412,593700,543063,452254,491676,457705,"54.4927","null","null","null","null","null","null","null",26,"3","Curveball",0,1,1,0,1,0,1,0,"Standard","Standard"
"FT","2018-06-24","90.7","-1.2049","6.1653","Dereck Rodriguez",595978,605446,"null","ball",,,,,"14","null","R","R","R","SF","SD","B","null","null",0,0,2018,"-1.2061","0.9973","0.4975","1.2598","null","null","null",2,4,"Top","null","null",,,457763,,"180624_205304","6.8052","-131.8001","-8.4887","-15.4083","24.9609","-19.0871","3.2495","1.4912","null","null","null","90.9150","1862","6.2510",530568,605446,457763,474832,605412,593700,543063,452254,491676,457705,"54.2463","null","null","null","null","null","null","null",26,"1","2-Seam Fastball",0,1,1,0,1,0,1,0,"Standard","Standard"
"CU","2018-06-24","77.3","-0.7932","6.2478","Dereck Rodriguez",520471,605446,"null","ball",,,,,"14","null","R","L","R","SF","SD","B","null","null",1,2,2018,"0.9957","-0.9778","2.2836","0.9156","null","null","null",1,4,"Top","null","null",,,457763,,"180624_205208","4.7409","-112.5183","-2.6537","7.4849","20.3184","-40.1202","3.1227","1.4556","null","null","null","76.8620","2601","5.9450",530568,605446,457763,474832,605412,593700,543063,452254,491676,457705,"54.5526","null","null","null","null","null","null","null",25,"5","Curveball",0,1,1,0,1,0,1,0,"Standard","Standard"
"FT","2018-06-24","92.7","-0.9521","6.2361","Dereck Rodriguez",520471,605446,"null","called_strike",,,,,"6","null","R","L","R","SF","SD","S","null","null",1,1,2018,"-1.0787","1.0650","0.5851","2.6368","null","null","null",1,4,"Top","null","null",,,457763,,"180624_205135","6.2438","-134.9058","-5.7462","-14.3924","26.4954","-18.2502","3.2873","1.5453","null","null","null","92.8200","1927","6.1360",530568,605446,457763,474832,605412,593700,543063,452254,491676,457705,"54.3609","null","null","null","null","null","null","null",25,"3","2-Seam Fastball",0,1,1,0,1,0,1,0,"Standard","Standard"
"CH","2018-06-24","85.9","-1.2517","6.1718","Dereck Rodriguez",520471,605446,"null","called_strike",,,,,"7","null","R","L","R","SF","SD","S","null","null",1,0,2018,"-1.4453","0.7749","-0.6164","1.9205","null","null","null",1,4,"Top","null","null",,,457763,,"180624_205121","4.4188","-124.9327","-5.3860","-15.9977","24.3613","-23.2194","3.2873","1.5677","null","null","null","85.9690","1914","6.2880",530568,605446,457763,474832,605412,593700,543063,452254,491676,457705,"54.2092","null","null","null","null","null","null","null",25,"2","Changeup",0,1,1,0,1,0,1,0,"Standard","Standard"
"CH","2018-06-24","84.8","-0.9445","6.2564","Dereck Rodriguez",520471,605446,"null","ball",,,,,"8","null","R","L","R","SF","SD","B","null","null",0,0,2018,"-1.1462","0.8202","-0.2412","1.3163","null","null","null",1,4,"Top","null","null",,,457763,,"180624_205102","3.9629","-123.4415","-6.9685","-12.5854","21.4997","-22.6284","2.9210","1.4332","null","null","null","85.6190","1794","6.5170",530568,605446,457763,474832,605412,593700,543063,452254,491676,457705,"53.9804","null","null","null","null","null","null","null",25,"1","Changeup",0,1,1,0,1,0,1,0,"Standard","Standard"
"CU","2018-06-24","72.1","-0.9656","6.3048","Dereck Rodriguez",570799,605446,"null","ball",,,,,"14","null","R","R","R","SF","SD","B","null","null",0,0,2018,"0.9101","-0.8903","1.0809","1.6772","null","null","null",0,4,"Top","null","null",,,457763,,"180624_205015","2.5273","-105.0081","-0.2445","6.2617","18.0252","-38.9054","3.2706","1.4617","null","null","null","72.0390","2407","6.2230",530568,605446,457763,474832,605412,593700,543063,452254,491676,457705,"54.2741","null","null","null","null","null","null","null",24,"1","Curveball",0,1,1,0,1,0,1,0,"Infield shift","Standard"
"CU","2018-06-24","74.7","2.5164","5.8820","Eric Lauer",491676,641778,"null","called_strike",,,,,"7","null","R","R","L","SF","SD","S","null","null",0,0,2018,"-0.1941","-0.8242","-0.3083","1.4938","null","null","null",2,3,"Bot","null","null",,,595978,,"180624_204531","-5.3633","-108.6251","-0.5271","-0.6287","17.2445","-38.6294","3.0663","1.3938","null","null","null","73.3060","2205","5.0660",530568,641778,595978,543333,605486,570799,520471,519333,622534,592669,"55.4310","null","null","null","null","null","null","null",23,"1","Curveball",0,1,0,1,1,0,0,1,"Standard","Standard"
"FF","2018-06-24","89.6","2.2599","6.1836","Eric Lauer",593700,641778,"null","called_strike",,,,,"3","null","R","R","L","SF","SD","S","null","null",0,0,2018,"0.5852","1.3629","0.6955","3.1166","null","null","null",0,3,"Bot","null","null",,,595978,,"180624_204343","-5.0792","-130.4344","-4.4574","7.6763","26.1563","-15.9888","3.2302","1.5345","null","null","null","89.6000","2163","6.1600",530568,641778,595978,543333,605486,570799,520471,519333,622534,592669,"54.3372","null","null","null","null","null","null","null",21,"1","4-Seam Fastball",0,1,0,1,1,0,0,1,"Strategic","Standard"
"CU","2018-06-24","74.4","-0.9191","6.2236","Dereck Rodriguez",605486,605446,"null","called_strike",,,,,"12","null","R","L","R","SF","SD","S","null","null",0,0,2018,"0.9991","-1.0357","0.3749","3.2114","null","null","592669.00",2,3,"Top","null","null",,,457763,,"180624_204108","0.9191","-108.1642","2.8721","7.5268","20.1716","-40.9398","3.0639","1.3196","null","null","null","73.6950","2586","5.9670",530568,605446,457763,474832,605412,593700,543063,452254,491676,457705,"54.5302","null","null","null","null","null","null","null",20,"1","Curveball",0,1,1,0,1,0,1,0,"Standard","Standard"
"CU","2018-06-24","75.2","-1.0353","6.1911","Dereck Rodriguez",592669,605446,"null","ball",,,,,"14","null","R","R","R","SF","SD","B","null","null",1,0,2018,"1.1439","-1.1668","1.4671","1.3141","null","null","null",2,3,"Top","null","null",,,457763,,"180624_204008","3.1612","-109.3529","-0.8062","8.3919","21.8316","-41.4714","3.3276","1.6442","null","null","null","74.5610","2676","6.1540",530568,605446,457763,474832,605412,593700,543063,452254,491676,457705,"54.3436","null","null","null","null","null","null","null",19,"2","Curveball",0,1,1,0,1,0,1,0,"Standard","Standard"
"FT","2018-06-24","91.4","-1.1505","6.2936","Dereck Rodriguez",592669,605446,"null","ball",,,,,"14","null","R","R","R","SF","SD","B","null","null",0,0,2018,"-0.8991","1.2586","1.0453","2.3737","null","null","null",2,3,"Top","null","null",,,457763,,"180624_203955","7.3698","-132.7541","-6.6305","-11.9868","26.1446","-16.3387","3.5741","1.6667","null","null","null","90.9260","2013","5.9230",530568,605446,457763,474832,605412,593700,543063,452254,491676,457705,"54.5741","null","null","null","null","null","null","null",19,"1","2-Seam Fastball",0,1,1,0,1,0,1,0,"Standard","Standard"
"CU","2018-06-24","74.1","-1.0953","6.2265","Dereck Rodriguez",543333,605446,"null","called_strike",,,,,"1","null","R","L","R","SF","SD","S","null","null",0,0,2018,"0.9605","-0.9972","-0.5106","3.1222","null","null","null",1,3,"Top","null","null",,,457763,,"180624_203846","-0.4168","-107.6499","2.5507","7.3059","18.5946","-40.3862","3.4828","1.5947","null","null","null","72.8470","2493","5.4180",530568,605446,457763,474832,605412,593700,543063,452254,491676,457705,"55.0794","null","null","null","null","null","null","null",18,"1","Curveball",0,1,1,0,1,0,1,0,"Standard","Standard"
"FC","2018-06-24","86.7","-1.2647","6.2092","Dereck Rodriguez",622534,605446,"null","ball",,,,,"12","null","R","R","R","SF","SD","B","null","null",1,1,2018,"0.2011","0.5531","1.7364","2.5743","null","null","null",0,3,"Top","null","null",,,457763,,"180624_203752","6.7318","-126.1790","-3.6668","0.9538","22.2745","-25.8358","3.2867","1.5005","null","null","null","86.7250","2091","6.0010",530568,605446,457763,474832,605412,593700,543063,452254,491676,457705,"54.4964","null","null","null","null","null","null","null",17,"3","Cutter",0,1,1,0,1,0,1,0,"Standard","Standard"
"CU","2018-06-24","73.4","-1.1847","6.3143","Dereck Rodriguez",622534,605446,"null","ball",,,,,"11","null","R","R","R","SF","SD","B","null","null",0,1,2018,"1.0429","-1.0010","-0.4154","4.7832","null","null","null",0,3,"Top","null","null",,,457763,,"180624_203734","-0.2083","-106.6079","5.9009","7.8138","19.0767","-40.9469","3.1746","1.4781","null","null","null","72.4950","2527","5.7950",530568,605446,457763,474832,605412,593700,543063,452254,491676,457705,"54.7022","null","null","null","null","null","null","null",17,"2","Curveball",0,1,1,0,1,0,1,0,"Standard","Standard"
"CU","2018-06-24","72.8","-0.9380","6.3240","Dereck Rodriguez",622534,605446,"null","called_strike",,,,,"2","null","R","R","R","SF","SD","S","null","null",0,0,2018,"1.0577","-0.8622","0.0122","3.2990","null","null","null",0,3,"Top","null","null",,,457763,,"180624_203722","0.1361","-105.7864","2.7673","7.6949","19.0888","-39.2311","3.2194","1.5005","null","null","null","71.7090","2394","5.6570",530568,605446,457763,474832,605412,593700,543063,452254,491676,457705,"54.8407","null","null","null","null","null","null","null",17,"1","Curveball",0,1,1,0,1,0,1,0,"Standard","Standard"
"FF","2018-06-24","91.1","2.3686","6.0532","Eric Lauer",605412,641778,"null","ball",,,,,"11","null","R","L","L","SF","SD","B","null","null",0,0,2018,"0.7845","1.5381","-1.1769","3.1644","null","null","452254.00",2,2,"Bot","null","null",,,595978,,"180624_203448","-10.5102","-132.2366","-4.5814","11.3480","27.8341","-13.5228","3.1869","1.3675","null","null","null","90.6350","2220","6.1120",530568,641778,595978,543333,605486,570799,520471,519333,622534,592669,"54.3850","null","null","null","null","null","null","null",16,"1","4-Seam Fastball",0,1,0,1,1,0,0,1,"Standard","Standard"
"FF","2018-06-24","92.8","2.1906","6.0709","Eric Lauer",452254,641778,"walk","ball",,,,,"11","Hunter Pence walks.  ","R","R","L","SF","SD","B","null","null",3,2,2018,"0.9032","1.3919","-1.2576","2.6132","null","null","null",2,2,"Bot","null","null",,,595978,,"180624_203412","-10.8200","-134.6550","-6.0767","13.4292","29.9352","-14.0466","3.1491","1.4417","null","null","null","92.8070","2169","6.5020",530568,641778,595978,543333,605486,570799,520471,519333,622534,592669,"53.9954","null","null","0.70",1,0,0,"null",15,"6","4-Seam Fastball",0,1,0,1,1,0,0,1,"Standard","Standard"
"FF","2018-06-24","92.9","2.2872","6.0853","Eric Lauer",452254,641778,"null","ball",,,,,"12","null","R","R","L","SF","SD","B","null","null",2,2,2018,"0.8703","1.2104","1.1844","4.2912","null","null","null",2,2,"Bot","null","null",,,595978,,"180624_203354","-4.6270","-135.1475","-1.3662","11.4344","30.3399","-17.6651","3.2611","1.5314","null","null","null","91.7510","2104","5.6780",530568,641778,595978,543333,605486,570799,520471,519333,622534,592669,"54.8190","null","null","null","null","null","null","null",15,"5","4-Seam Fastball",0,1,0,1,1,0,0,1,"Standard","Standard"
"FC","2018-06-24","87.6","2.4357","6.0024","Eric Lauer",452254,641778,"null","ball",,,,,"13","null","R","R","L","SF","SD","B","null","null",1,2,2018,"0.0393","0.9055","-1.7177","2.1454","null","null","null",2,2,"Bot","null","null",,,595978,,"180624_203340","-10.0075","-127.1626","-4.9976","2.2687","23.4515","-21.7303","3.2163","1.5090","null","null","null","87.1080","2362","5.8850",530568,641778,595978,543333,605486,570799,520471,519333,622534,592669,"54.6124","null","null","null","null","null","null","null",15,"4","Cutter",0,1,0,1,1,0,0,1,"Standard","Standard"
"FF","2018-06-24","92.6","2.2519","6.0758","Eric Lauer",452254,641778,"null","ball",,,,,"11","null","R","R","L","SF","SD","B","null","null",0,2,2018,"0.7551","1.2215","-0.2846","4.0748","null","null","null",2,2,"Bot","null","null",,,595978,,"180624_203325","-7.9770","-134.6062","-1.8995","10.6448","27.7909","-17.4645","3.2835","1.5762","null","null","null","91.6640","2111","5.6720",530568,641778,595978,543333,605486,570799,520471,519333,622534,592669,"54.8256","null","null","null","null","null","null","null",15,"3","4-Seam Fastball",0,1,0,1,1,0,0,1,"Standard","Standard"
"FF","2018-06-24","92.1","2.2936","6.0872","Eric Lauer",452254,641778,"null","called_strike",,,,,"14","null","R","R","L","SF","SD","S","null","null",0,0,2018,"1.0832","1.3602","0.8545","1.8412","null","null","null",2,2,"Bot","null","null",,,595978,,"180624_203258","-5.9380","-133.7545","-7.8041","14.1386","28.2406","-14.5707","3.3485","1.6211","null","null","null","91.6040","2140","6.0510",530568,641778,595978,543333,605486,570799,520471,519333,622534,592669,"54.4469","null","null","null","null","null","null","null",15,"1","4-Seam Fastball",0,1,0,1,1,0,0,1,"Standard","Standard"
"CU","2018-06-24","75.7","2.4760","5.9248","Eric Lauer",543063,641778,"null","called_strike",,,,,"1","null","R","L","L","SF","SD","S","null","null",0,0,2018,"-0.9765","-0.3573","-0.4758","3.1250","null","null","null",1,2,"Bot","null","null",,,595978,,"180624_203156","-4.3924","-109.9822","1.7930","-6.8493","18.7819","-35.5320","3.3724","1.5454","null","null","null","74.0390","2151","5.0530",530568,641778,595978,543333,605486,570799,520471,519333,622534,592669,"55.4444","null","null","null","null","null","null","null",14,"1","Curveball",0,1,0,1,1,0,0,1,"Standard","Standard"
"FC","2018-06-24","87.7","2.3845","6.0614","Eric Lauer",457763,641778,"null","ball",,,,,"7","null","R","R","L","SF","SD","B","null","null",0,2,2018,"0.2047","0.8098","-0.3241","1.5185","null","null","null",0,2,"Bot","null","null",,,595978,,"180624_203102","-6.9144","-127.4668","-6.5219","3.4583","22.7555","-22.4170","3.0014","1.4457","null","null","null","87.5640","2288","5.9740",530568,641778,595978,543333,605486,570799,520471,519333,622534,592669,"54.5235","null","null","null","null","null","null","null",13,"4","Cutter",0,1,0,1,1,0,0,1,"Standard","Standard"
"FC","2018-06-24","85.9","-0.9911","6.2644","Dereck Rodriguez",641778,605446,"null","ball",,,,,"14","null","R","R","R","SF","SD","B","null","null",1,1,2018,"0.4428","0.7050","1.7169","1.5400","null","null","null",2,2,"Top","null","null",,,457763,,"180624_202705","5.4974","-125.0280","-6.3816","3.6613","21.8941","-23.8982","3.3668","1.5641","null","null","null","85.8570","2221","5.9540",530568,605446,457763,474832,605412,593700,543063,452254,491676,457705,"54.5437","null","null","null","null","null","null","null",12,"3","Cutter",0,1,1,0,1,0,1,0,"Standard","Standard"
"FT","2018-06-24","91.1","-0.9941","6.3537","Dereck Rodriguez",641778,605446,"null","ball",,,,,"12","null","R","R","R","SF","SD","B","null","null",0,1,2018,"-1.1365","1.2593","1.1998","2.5700","null","null","null",2,2,"Top","null","null",,,457763,,"180624_202646","7.9077","-132.4760","-6.3317","-14.9043","24.7759","-16.3086","3.3444","1.5193","null","null","null","91.3290","2058","6.1850",530568,605446,457763,474832,605412,593700,543063,452254,491676,457705,"54.3125","null","null","null","null","null","null","null",12,"2","2-Seam Fastball",0,1,1,0,1,0,1,0,"Standard","Standard"
"FT","2018-06-24","89.4","-0.9739","6.3286","Dereck Rodriguez",641778,605446,"null","called_strike",,,,,"2","null","R","R","R","SF","SD","S","null","null",0,0,2018,"-1.3207","1.0842","-0.0644","2.7302","null","null","null",2,2,"Top","null","null",,,457763,,"180624_202628","4.9351","-130.1087","-5.1377","-15.8076","23.9895","-19.2063","3.2771","1.4969","null","null","null","89.2240","1966","5.9010",530568,605446,457763,474832,605412,593700,543063,452254,491676,457705,"54.5965","null","null","null","null","null","null","null",12,"1","2-Seam Fastball",0,1,1,0,1,0,1,0,"Standard","Standard"
"FT","2018-06-24","89.2","-1.0513","6.3924","Dereck Rodriguez",519333,605446,"null","called_strike",,,,,"6","null","R","R","R","SF","SD","S","null","null",0,0,2018,"-1.0939","1.1098","0.6827","2.5633","null","null","null",1,2,"Top","null","null",,,457763,,"180624_202449","6.5212","-129.7690","-5.7601","-13.5751","23.5581","-18.7521","3.1491","1.4155","null","null","null","89.4300","1973","6.1480",530568,605446,457763,474832,605412,593700,543063,452254,491676,457705,"54.3499","null","null","null","null","null","null","null",11,"1","2-Seam Fastball",0,1,1,0,1,0,1,0,"Standard","Standard"
"CU","2018-06-24","75.0","2.5145","5.9533","Eric Lauer",457705,641778,"null","called_strike",,,,,"4","null","R","R","L","SF","SD","S","null","null",0,1,2018,"-0.8050","-0.5794","-0.7924","2.5619","null","null","null",2,1,"Bot","null","null",,,595978,,"180624_202130","-5.3340","-108.8546","1.0635","-5.2090","18.1465","-37.0182","3.3191","1.5260","null","null","null","73.0440","2221","4.8410",530568,641778,595978,543333,605486,570799,520471,519333,622534,592669,"55.6565","null","null","null","null","null","null","null",9,"2","Curveball",0,1,0,1,1,0,0,1,"Standard","Standard"
"FF","2018-06-24","91.0","2.2769","6.2165","Eric Lauer",457705,641778,"null","called_strike",,,,,"2","null","R","R","L","SF","SD","S","null","null",0,0,2018,"0.6481","1.5816","0.2054","3.0609","null","null","null",2,1,"Bot","null","null",,,595978,,"180624_202117","-6.5474","-132.2855","-5.3783","8.8937","26.3653","-12.7940","3.1622","1.4812","null","null","null","90.9030","2151","6.1370",530568,641778,595978,543333,605486,570799,520471,519333,622534,592669,"54.3605","null","null","null","null","null","null","null",9,"1","4-Seam Fastball",0,1,0,1,1,0,0,1,"Standard","Standard"
"FF","2018-06-24","92.4","2.2574","6.1002","Eric Lauer",474832,641778,"null","ball",,,,,"12","null","R","L","L","SF","SD","B","null","null",2,2,2018,"0.7063","1.5512","1.0528","3.5242","null","null","null",1,1,"Bot","null","null",,,595978,,"180624_202027","-4.5556","-134.3709","-4.0642","9.4248","28.2403","-12.9480","3.1575","1.4309","null","null","null","91.9620","2197","5.9920",530568,641778,595978,543333,605486,570799,520471,519333,622534,592669,"54.5053","null","null","null","null","null","null","null",8,"5","4-Seam Fastball",0,1,0,1,1,0,0,1,"Infield shift","Standard"
"FF","2018-06-24","91.6","2.2270","6.1122","Eric Lauer",474832,641778,"null","ball",,,,,"11","null","R","L","L","SF","SD","B","null","null",1,2,2018,"0.6174","1.3659","-0.8589","3.5093","null","null","null",1,1,"Bot","null","null",,,595978,,"180624_202008","-9.0875","-133.1812","-3.6511","9.1610","26.7201","-15.4154","3.1799","1.4533","null","null","null","91.5890","2185","6.1790",530568,641778,595978,543333,605486,570799,520471,519333,622534,592669,"54.3184","null","null","null","null","null","null","null",8,"4","4-Seam Fastball",0,1,0,1,1,0,0,1,"Infield shift","Standard"
"FF","2018-06-24","92.3","2.4164","6.0150","Eric Lauer",474832,641778,"null","ball",,,,,"12","null","R","L","L","SF","SD","B","null","null",0,2,2018,"0.8831","1.2463","0.5866","3.6006","null","null","null",1,1,"Bot","null","null",,,595978,,"180624_201954","-6.4952","-134.2329","-2.9869","11.8961","27.7978","-16.8906","3.1351","1.4758","null","null","null","91.8050","2218","5.9250",530568,641778,595978,543333,605486,570799,520471,519333,622534,592669,"54.5727","null","null","null","null","null","null","null",8,"3","4-Seam Fastball",0,1,0,1,1,0,0,1,"Infield shift","Standard"
"FF","2018-06-24","91.2","2.3424","6.1413","Eric Lauer",474832,641778,"null","called_strike",,,,,"12","null","R","L","L","SF","SD","S","null","null",0,0,2018,"0.7631","1.5347","0.3624","3.3586","null","null","null",1,1,"Bot","null","null",,,595978,,"180624_201927","-6.4955","-132.5435","-4.2958","10.1334","26.4543","-13.7748","3.2324","1.5345","null","null","null","90.3750","2195","5.7050",530568,641778,595978,543333,605486,570799,520471,519333,622534,592669,"54.7924","null","null","null","null","null","null","null",8,"1","4-Seam Fastball",0,1,0,1,1,0,0,1,"Infield shift","Standard"
"FF","2018-06-24","90.9","2.2334","6.2081","Eric Lauer",491676,641778,"null","ball",,,,,"12","null","R","R","L","SF","SD","B","null","null",2,2,2018,"0.6701","1.5504","0.2091","3.4292","null","null","null",0,1,"Bot","null","null",,,595978,,"180624_201840","-6.4413","-132.2519","-4.3402","9.0593","25.8116","-13.4897","3.1368","1.3994","null","null","null","90.6430","2171","5.9500",530568,641778,595978,543333,605486,570799,520471,519333,622534,592669,"54.5470","null","null","null","null","null","null","null",7,"6","4-Seam Fastball",0,1,0,1,1,0,0,1,"Standard","Standard"
"FC","2018-06-24","85.9","2.3653","6.1018","Eric Lauer",491676,641778,"null","ball",,,,,"13","null","R","R","L","SF","SD","B","null","null",1,2,2018,"-0.2788","0.7896","-1.2811","0.7703","null","null","null",0,1,"Bot","null","null",,,595978,,"180624_201803","-7.9835","-124.7286","-7.8587","-1.3859","23.1227","-22.8273","3.1592","1.3769","null","null","null","85.1520","2346","5.7470",530568,641778,595978,543333,605486,570799,520471,519333,622534,592669,"54.7507","null","null","null","null","null","null","null",7,"4","Cutter",0,1,0,1,1,0,0,1,"Standard","Standard"
"FC","2018-06-24","85.3","2.3260","6.1342","Eric Lauer",491676,641778,"null","called_strike",,,,,"8","null","R","R","L","SF","SD","S","null","null",1,1,2018,"-0.1035","1.1075","0.1263","1.8254","null","null","null",0,1,"Bot","null","null",,,595978,,"180624_201742","-4.9045","-124.0550","-5.9697","-0.1544","22.6004","-20.0987","2.9822","1.3545","null","null","null","84.5230","2336","5.6110",530568,641778,595978,543333,605486,570799,520471,519333,622534,592669,"54.8859","null","null","null","null","null","null","null",7,"3","Cutter",0,1,0,1,1,0,0,1,"Standard","Standard"
"FF","2018-06-24","89.7","2.2649","6.2286","Eric Lauer",491676,641778,"null","ball",,,,,"11","null","R","R","L","SF","SD","B","null","null",0,1,2018,"0.6527","1.6287","-0.1909","4.1295","null","null","null",0,1,"Bot","null","null",,,595978,,"180624_201729","-7.3713","-130.2317","-2.5062","8.9556","29.5331","-13.6815","3.0696","1.4666","null","null","null","88.6910","2162","5.9670",530568,641778,595978,543333,605486,570799,520471,519333,622534,592669,"54.5309","null","null","null","null","null","null","null",7,"2","4-Seam Fastball",0,1,0,1,1,0,0,1,"Standard","Standard"
"FF","2018-06-24","88.6","2.2576","6.1980","Eric Lauer",491676,641778,"null","called_strike",,,,,"3","null","R","R","L","SF","SD","S","null","null",0,0,2018,"0.5549","1.6320","0.6778","3.1535","null","null","null",0,1,"Bot","null","null",,,595978,,"180624_201718","-4.9391","-128.7040","-4.6086","7.1103","28.3471","-13.7054","3.1615","1.4666","null","null","null","87.4510","2099","5.7970",530568,641778,595978,543333,605486,570799,520471,519333,622534,592669,"54.7008","null","null","null","null","null","null","null",7,"1","4-Seam Fastball",0,1,0,1,1,0,0,1,"Standard","Standard"
"FT","2018-06-24","89.6","-0.9612","6.2344","Dereck Rodriguez",570799,605446,"null","called_strike",,,,,"7","null","R","R","R","SF","SD","S","null","null",0,0,2018,"-1.2191","1.1998","-0.5943","2.0686","null","null","592669.00",2,1,"Top","null","null",,,457763,,"180624_201226","3.5706","-130.4312","-6.9508","-14.9130","27.5678","-16.9594","3.3434","1.5122","null","null","null","90.5640","1938","6.8650",530568,605446,457763,474832,605412,593700,543063,452254,491676,457705,"53.6324","null","null","null","null","null","null","null",5,"1","2-Seam Fastball",0,1,1,0,1,0,1,0,"Infield shift","Standard"
"CU","2018-06-24","76.8","-0.8806","6.2857","Dereck Rodriguez",605486,605446,"null","called_strike",,,,,"6","null","R","L","R","SF","SD","S","null","null",0,1,2018,"1.1524","-0.9410","0.5268","1.9331","null","null","592669.00",1,1,"Top","null","null",,,457763,,"180624_201132","0.9184","-111.7263","-0.5102","9.3129","20.9753","-40.0688","3.1004","1.4009","null","null","null","76.1760","2620","5.9450",530568,605446,457763,474832,605412,593700,543063,452254,491676,457705,"54.5526","null","null","null","null","null","null","null",4,"2","Curveball",0,1,1,0,1,0,1,0,"Standard","Standard"
"FT","2018-06-24","91.2","-1.0692","6.2869","Dereck Rodriguez",592669,605446,"walk","ball",,,,,"14","Hunter Renfroe walks.  ","R","R","R","SF","SD","B","null","null",3,1,2018,"-0.9374","1.1010","1.4072","2.1348","null","null","null",1,1,"Top","null","null",,,457763,,"180624_201032","8.1856","-132.4433","-6.8997","-12.6070","25.2854","-18.0850","3.4313","1.6359","null","null","null","91.2020","1936","6.1620",530568,605446,457763,474832,605412,593700,543063,452254,491676,457705,"54.3350","null","null","0.70",1,0,0,"null",3,"5","2-Seam Fastball",0,1,1,0,1,0,1,0,"Standard","Standard"
"FT","2018-06-24","91.2","-0.9352","6.2788","Dereck Rodriguez",592669,605446,"null","ball",,,,,"12","null","R","R","R","SF","SD","B","null","null",2,1,2018,"-1.0034","1.0270","1.4983","2.5961","null","null","null",1,1,"Top","null","null",,,457763,,"180624_201014","8.2015","-132.5006","-5.5624","-13.3599","25.1819","-19.2415","3.4537","1.6135","null","null","null","91.1140","1905","6.0760",530568,605446,457763,474832,605412,593700,543063,452254,491676,457705,"54.4213","null","null","null","null","null","null","null",3,"4","2-Seam Fastball",0,1,1,0,1,0,1,0,"Standard","Standard"
"CU","2018-06-24","74.2","-0.9389","6.2670","Dereck Rodriguez",592669,605446,"null","ball",,,,,"11","null","R","R","R","SF","SD","B","null","null",1,1,2018,"1.0104","-1.3093","-1.3098","4.1187","null","null","null",1,1,"Top","null","null",,,457763,,"180624_200957","-2.4824","-107.6468","5.1724","8.1745","20.5036","-43.3944","3.3865","1.5238","null","null","null","73.2930","2631","5.9940",530568,605446,457763,474832,605412,593700,543063,452254,491676,457705,"54.5038","null","null","null","null","null","null","null",3,"3","Curveball",0,1,1,0,1,0,1,0,"Standard","Standard"
"FT","2018-06-24","92.3","-0.9221","6.3432","Dereck Rodriguez",592669,605446,"null","ball",,,,,"8","null","R","R","R","SF","SD","B","null","null",0,1,2018,"-1.1592","1.0931","0.0900","1.6476","null","null","null",1,1,"Top","null","null",,,457763,,"180624_200942","5.0454","-134.0374","-8.4222","-14.9451","28.5585","-17.5235","3.4229","1.6723","null","null","null","91.8750","2000","6.1130",530568,605446,457763,474832,605412,593700,543063,452254,491676,457705,"54.3847","null","null","null","null","null","null","null",3,"2","2-Seam Fastball",0,1,1,0,1,0,1,0,"Standard","Standard"
"CU","2018-06-24","75.0","-1.1301","6.2515","Dereck Rodriguez",592669,605446,"null","called_strike",,,,,"2","null","R","R","R","SF","SD","S","null","null",0,0,2018,"1.1499","-0.9896","0.0630","3.1918","null","null","null",1,1,"Top","null","null",,,457763,,"180624_200927","0.4892","-108.9197","2.5476","8.7555","20.2705","-40.5355","3.3371","1.5810","null","null","null","73.6130","2524","5.4930",530568,605446,457763,474832,605412,593700,543063,452254,491676,457705,"55.0044","null","null","null","null","null","null","null",3,"1","Curveball",0,1,1,0,1,0,1,0,"Standard","Standard"
"FF","2018-06-24","91.9","-0.9918","6.3799","Dereck Rodriguez",543333,605446,"null","ball",,,,,"12","null","R","L","R","SF","SD","B","null","null",0,0,2018,"-0.3214","1.2478","1.5109","3.3089","null","null","null",0,1,"Top","null","null",,,457763,,"180624_200808","6.9587","-133.6796","-4.5885","-5.1767","26.2782","-16.7027","3.4986","1.8021","null","null","null","91.4440","2057","5.8350",530568,605446,457763,474832,605412,593700,543063,452254,491676,457705,"54.6622","null","null","null","null","null","null","null",2,"1","4-Seam Fastball",0,1,1,0,1,0,1,0,"Standard","Standard"
"CU","2018-06-24","76.0","-0.7912","6.3139","Dereck Rodriguez",622534,605446,"null","ball",,,,,"14","null","R","R","R","SF","SD","B","null","null",2,2,2018,"0.7908","-1.2290","1.9610","0.6406","null","null","null",0,1,"Top","null","null",,,457763,,"180624_200644","4.3291","-110.4549","-2.5585","5.4496","21.4997","-41.7244","3.2559","1.4921","null","null","null","74.8700","2732","5.7340",530568,605446,457763,474832,605412,593700,543063,452254,491676,457705,"54.7636","null","null","null","null","null","null","null",1,"6","Curveball",0,0,0,0,0,0,0,0,"Standard","Standard"
"CH","2018-06-24","84.8","-0.9611","6.3775","Dereck Rodriguez",622534,605446,"null","ball",,,,,"13","null","R","R","R","SF","SD","B","null","null",1,2,2018,"-1.3644","0.9132","-0.1931","1.1439","null","null","null",0,1,"Top","null","null",,,457763,,"180624_200610","4.5442","-123.3179","-7.7701","-14.8861","23.3760","-21.5122","3.2783","1.5145","null","null","null","85.1890","1984","6.4690",530568,605446,457763,474832,605412,593700,543063,452254,491676,457705,"54.0280","null","null","null","null","null","null","null",1,"4","Changeup",0,0,0,0,0,0,0,0,"Standard","Standard"
"FT","2018-06-24","89.9","-1.1997","6.3026","Dereck Rodriguez",622534,605446,"null","called_strike",,,,,"14","null","R","R","R","SF","SD","S","null","null",1,0,2018,"-1.0700","1.0550","0.8457","2.2891","null","null","null",0,1,"Top","null","null",,,457763,,"180624_200536","7.2544","-130.5751","-6.1359","-13.6006","26.3961","-19.1930","3.3007","1.4473","null","null","null","89.4420","1955","6.0180",530568,605446,457763,474832,605412,593700,543063,452254,491676,457705,"54.4792","null","null","null","null","null","null","null",1,"2","2-Seam Fastball",0,0,0,0,0,0,0,0,"Standard","Standard"
"FT","2018-06-24","89.4","-1.0036","6.4494","Dereck Rodriguez",622534,605446,"null","ball",,,,,"13","null","R","R","R","SF","SD","B","null","null",0,0,2018,"-1.0847","1.2696","-0.3459","0.7336","null","null","null",0,1,"Top","null","null",,,457763,,"180624_200523","3.8394","-129.8071","-10.6256","-12.9072","25.9588","-16.0637","3.1773","1.3687","null","null","null","88.8550","2086","5.9700",530568,605446,457763,474832,605412,593700,543063,452254,491676,457705,"54.5279","null","null","null","null","null","null","null",1,"1","2-Seam Fastball",0,0,0,0,0,0,0,0,"Standard","Standard"