"pitch_type","game_date","release_speed","release_pos_x","release_pos_z","player_name","batter","pitcher","events","description","spin_dir","spin_rate_deprecated","break_angle_deprecated","break_length_deprecated","zone","des","game_type","stand","p_throws","home_team","away_team","type","hit_location","bb_type","balls","strikes","game_year","pfx_x","pfx_z","plate_x","plate_z","on_3b","on_2b","on_1b","outs_when_up","inning","inning_topbot","hc_x","hc_y","tfs_deprecated","tfs_zulu_deprecated","pos2_person_id","umpire","sv_id","vx0","vy0","vz0","ax","ay","az","sz_top","sz_bot","hit_distance_sc","launch_speed","launch_angle","effective_speed","release_spin_rate","release_extension","game_pk","pos1_person_id","pos2_person_id","pos3_person_id","pos4_person_id","pos5_person_id","pos6_person_id","pos7_person_id","pos8_person_id","pos9_person_id","release_pos_y","estimated_ba_using_speedangle","estimated_woba_using_speedangle","woba_value","woba_denom","babip_value","iso_value","launch_speed_angle","at_bat_number","pitch_number","pitch_name","home_score","away_score","bat_score","fld_score","post_away_score","post_home_score","post_bat_score","post_fld_score","if_fielding_alignment","of_fielding_alignment"
"FF","2018-06-15","93.9","-1.1472","6.1236","Kenley Jansen",543063,445276,"null","ball",,,,,"13","null","R","L","R","LAD","SF","B","null","null",2,1,2018,"-0.5732","1.6399","-0.7704","1.0402","null","null","null",2,9,"Top","null","null",,,518735,,"180616_050220","2.3479","-136.5895","-11.4724","-7.9753","29.0697","-8.4957","3.3708","1.6162","null","null","null","96.0270","2337","7.4550",530447,445276,518735,571970,523253,457759,621035,592626,571771,624577,"53.0445","null","null","null","null","null","null","null",65,"4","4-Seam Fastball",3,2,2,3,2,3,2,3,"Infield shift","Standard"
"FC","2018-06-15","93.2","-1.5387","6.2491","Kenley Jansen",543063,445276,"null","ball",,,,,"14","null","R","L","R","LAD","SF","B","null","null",1,1,2018,"0.5789","1.5179","0.0441","1.4050","null","null","null",2,9,"Top","null","null",,,518735,,"180616_050158","2.7986","-135.4880","-10.2072","6.7025","28.7539","-11.0546","3.3288","1.6162","null","null","null","94.3590","2707","6.9560",530447,445276,518735,571970,523253,457759,621035,592626,571771,624577,"53.5435","null","null","null","null","null","null","null",65,"3","Cutter",3,2,2,3,2,3,2,3,"Infield shift","Standard"
"FC","2018-06-15","91.0","-1.7158","6.2232","Kenley Jansen",543063,445276,"null","ball",,,,,"12","null","R","L","R","LAD","SF","B","null","null",0,0,2018,"0.4979","1.2125","0.3976","3.8027","null","null","null",2,9,"Top","null","null",,,518735,,"180616_050103","4.2707","-132.6351","-2.9059","5.1452","27.2207","-17.0884","3.4550","1.5531","null","null","null","92.4380","2651","6.9680",530447,445276,518735,571970,523253,457759,621035,592626,571771,624577,"53.5310","null","null","null","null","null","null","null",65,"1","Cutter",3,2,2,3,2,3,2,3,"Infield shift","Standard"
"FC","2018-06-15","91.4","-1.7124","6.2533","Kenley Jansen",457705,445276,"null","ball",,,,,"12","null","R","R","R","LAD","SF","B","null","null",1,1,2018,"0.7026","1.1275","0.8406","4.4279","null","null","null",1,9,"Top","null","null",,,518735,,"180616_045919","4.9407","-133.1352","-1.1868","7.3519","29.1378","-18.5819","3.4667","1.7277","null","null","null","92.0510","2543","6.6680",530447,445276,518735,571970,523253,457759,621035,592626,571771,624577,"53.8309","null","null","null","null","null","null","null",64,"3","Cutter",3,2,2,3,2,3,2,3,"Infield shift","Standard"
"FC","2018-06-15","92.0","-1.7983","6.2491","Kenley Jansen",457705,445276,"null","called_strike",,,,,"1","null","R","R","R","LAD","SF","S","null","null",1,0,2018,"0.7205","1.1890","-0.6060","3.3909","null","null","null",1,9,"Top","null","null",,,518735,,"180616_045855","1.4449","-134.1066","-4.1439","8.6106","28.1967","-16.7683","3.5298","1.6856","null","null","null","93.4920","2726","7.0130",530447,445276,518735,571970,523253,457759,621035,592626,571771,624577,"53.4861","null","null","null","null","null","null","null",64,"2","Cutter",3,2,2,3,2,3,2,3,"Infield shift","Standard"
"FC","2018-06-15","91.6","-1.7049","6.2358","Kenley Jansen",457705,445276,"null","ball",,,,,"13","null","R","R","R","LAD","SF","B","null","null",0,0,2018,"0.7254","1.3616","-1.1439","2.5292","null","null","null",1,9,"Top","null","null",,,518735,,"180616_045833","-0.2042","-133.5254","-6.6871","9.0043","27.8542","-14.1224","3.4878","1.6435","null","null","null","93.4400","2739","7.2110",530447,445276,518735,571970,523253,457759,621035,592626,571771,624577,"53.2885","null","null","null","null","null","null","null",64,"1","Cutter",3,2,2,3,2,3,2,3,"Infield shift","Standard"
"FC","2018-06-15","90.6","-1.9053","6.2065","Kenley Jansen",593700,445276,"null","ball",,,,,"12","null","R","L","R","LAD","SF","B","null","null",2,1,2018,"0.5682","1.2003","1.2937","2.8389","null","null","null",0,9,"Top","null","null",,,518735,,"180616_045721","6.8423","-131.8512","-5.2026","5.4187","26.8063","-16.9023","3.3414","1.6856","null","null","null","92.0220","2593","7.0370",530447,445276,518735,571970,523253,457759,621035,592626,571771,624577,"53.4618","null","null","null","null","null","null","null",63,"4","Cutter",3,2,2,3,2,3,2,3,"Standard","Strategic"
"FC","2018-06-15","91.1","-1.6356","6.2279","Kenley Jansen",593700,445276,"null","ball",,,,,"14","null","R","L","R","LAD","SF","B","null","null",1,1,2018,"0.8231","1.2567","1.5856","2.2217","null","null","null",0,9,"Top","null","null",,,518735,,"180616_045658","6.3631","-132.5818","-7.0366","8.6680","26.7745","-15.7307","3.2783","1.5804","null","null","null","92.4310","2696","6.9520",530447,445276,518735,571970,523253,457759,621035,592626,571771,624577,"53.5472","null","null","null","null","null","null","null",63,"3","Cutter",3,2,2,3,2,3,2,3,"Standard","Strategic"
"FC","2018-06-15","93.2","-1.7728","6.2441","Kenley Jansen",593700,445276,"null","ball",,,,,"13","null","R","L","R","LAD","SF","B","null","null",0,1,2018,"0.7477","1.6193","-0.7167","0.7147","null","null","null",0,9,"Top","null","null",,,518735,,"180616_045637","1.0435","-135.4153","-12.1832","9.1420","30.4976","-9.3103","3.3625","1.6225","null","null","null","94.1120","2725","6.9770",530447,445276,518735,571970,523253,457759,621035,592626,571771,624577,"53.5217","null","null","null","null","null","null","null",63,"2","Cutter",3,2,2,3,2,3,2,3,"Standard","Strategic"
"FT","2018-06-15","89.4","1.8403","6.5355","Will Smith",624577,519293,"null","ball",,,,,"14","null","R","R","L","LAD","SF","B","null","null",2,1,2018,"1.2571","1.0286","1.3133","1.8958","null","null","null",2,8,"Bot","null","null",,,460026,,"180616_045200","-3.8377","-129.8628","-7.4266","14.7198","27.5291","-19.4706","3.6194","1.7789","null","null","null","88.3040","2033","5.7290",530447,519293,460026,467055,605412,593700,543063,607776,457706,457705,"54.7704","null","null","null","null","null","null","null",62,"4","2-Seam Fastball",3,2,3,2,2,3,3,2,"Standard","Standard"
"SL","2018-06-15","82.8","2.0570","6.3780","Will Smith",624577,519293,"null","ball",,,,,"13","null","R","R","L","LAD","SF","B","null","null",1,1,2018,"-0.9129","-0.0129","-1.8291","1.1926","null","null","null",2,8,"Bot","null","null",,,460026,,"180616_045135","-7.0337","-120.1441","-5.1709","-7.1295","25.2081","-31.4766","3.5984","1.7158","null","null","null","81.4930","2426","5.7510",530447,519293,460026,467055,605412,593700,543063,607776,457706,457705,"54.7480","null","null","null","null","null","null","null",62,"3","Slider",3,2,3,2,2,3,3,2,"Standard","Standard"
"SL","2018-06-15","81.8","2.2570","6.3241","Will Smith",624577,519293,"null","ball",,,,,"13","null","R","R","L","LAD","SF","B","null","null",0,0,2018,"-0.8675","0.2227","-1.5746","1.8222","null","null","null",2,8,"Bot","null","null",,,460026,,"180616_045047","-6.9101","-118.8905","-3.9452","-6.7101","22.2679","-29.6322","3.7877","1.8000","null","null","null","80.6410","2385","5.5100",530447,519293,460026,467055,605412,593700,543063,607776,457706,457705,"54.9892","null","null","null","null","null","null","null",62,"1","Slider",3,2,3,2,2,3,3,2,"Standard","Standard"
"FF","2018-06-15","94.6","1.7363","6.5024","Will Smith",518735,519293,"null","ball",,,,,"12","null","R","R","L","LAD","SF","B","null","null",1,2,2018,"0.8742","1.2682","1.2655","3.7765","null","null","null",1,8,"Bot","null","null",,,460026,,"180616_044857","-3.1084","-137.5696","-4.1502","11.5852","30.9759","-15.6943","3.3297","1.5951","null","null","null","93.6900","2349","5.8220",530447,519293,460026,467055,605412,593700,543063,607776,457706,457705,"54.6774","null","null","null","null","null","null","null",61,"4","4-Seam Fastball",3,2,3,2,2,3,3,2,"Standard","Standard"
"FF","2018-06-15","93.0","1.7340","6.5926","Will Smith",518735,519293,"null","ball",,,,,"11","null","R","R","L","LAD","SF","B","null","null",0,1,2018,"0.5061","1.5511","-0.5886","3.8040","null","null","null",1,8,"Bot","null","null",,,460026,,"180616_044818","-6.9840","-135.1391","-4.6485","7.6551","30.2011","-12.7012","3.2455","1.5951","null","null","null","92.1360","2230","5.9070",530447,519293,460026,467055,605412,593700,543063,607776,457706,457705,"54.5919","null","null","null","null","null","null","null",61,"2","4-Seam Fastball",3,2,3,2,2,3,3,2,"Standard","Standard"
"CU","2018-06-15","78.4","1.9807","6.5839","Will Smith",518735,519293,"null","called_strike",,,,,"5","null","R","R","L","LAD","SF","S","null","null",0,0,2018,"-0.3808","-0.4044","-0.1701","2.4769","null","null","null",1,8,"Bot","null","null",,,460026,,"180616_044803","-3.8989","-113.9535","-1.2557","-2.4653","21.5834","-35.6099","3.1614","1.5110","null","null","null","76.9830","2088","5.4050",530447,519293,460026,467055,605412,593700,543063,607776,457706,457705,"55.0938","null","null","null","null","null","null","null",61,"1","Curveball",3,2,3,2,2,3,3,2,"Standard","Standard"
"SL","2018-06-15","80.6","2.2213","6.2982","Will Smith",571970,519293,"null","called_strike",,,,,"6","null","R","L","L","LAD","SF","S","null","null",0,1,2018,"-0.8277","-0.0535","0.3561","2.0931","null","null","null",0,8,"Bot","null","null",,,460026,,"180616_044705","-2.5807","-117.1879","-2.5212","-6.8871","22.7281","-32.4279","3.1476","1.5000","null","null","null","79.2990","2402","5.4880",530447,519293,460026,467055,605412,593700,543063,607776,457706,457705,"55.0106","null","null","null","null","null","null","null",60,"2","Slider",3,2,3,2,2,3,3,2,"Strategic","Standard"
"SL","2018-06-15","81.9","2.1612","6.3815","Will Smith",571970,519293,"null","called_strike",,,,,"11","null","R","L","L","LAD","SF","S","null","null",0,0,2018,"-0.6571","0.2504","-0.8326","2.5386","null","null","null",0,8,"Bot","null","null",,,460026,,"180616_044646","-5.4581","-119.1677","-2.6383","-5.2424","20.0105","-29.6041","3.2107","1.5421","null","null","null","81.3210","2367","5.6190",530447,519293,460026,467055,605412,593700,543063,607776,457706,457705,"54.8798","null","null","null","null","null","null","null",60,"1","Slider",3,2,3,2,2,3,3,2,"Strategic","Standard"
"SI","2018-06-15","92.3","1.1447","5.6046","Scott Alexander",605412,518397,"null","ball",,,,,"13","null","R","L","L","LAD","SF","B","null","null",0,0,2018,"1.0731","0.3499","-1.5323","0.4374","null","null","null",2,8,"Top","null","null",,,518735,,"180616_044314","-8.9951","-133.8827","-7.9655","14.5913","27.9973","-26.5971","3.0288","1.4626","null","null","null","91.3980","2174","5.8510",530447,518397,518735,571970,523253,457759,621035,461314,571771,624577,"54.6483","null","null","null","null","null","null","null",59,"1","Sinker",3,2,2,3,2,3,2,3,"Standard","Standard"
"CH","2018-06-15","83.7","-2.2795","5.2606","Josh Fields",457763,451661,"null","ball",,,,,"14","null","R","R","R","LAD","SF","B","null","null",0,2,2018,"-1.0909","0.4750","0.4589","0.4384","null","null","null",1,8,"Top","null","null",,,518735,,"180616_043935","8.4215","-121.5569","-5.5804","-12.4143","24.2435","-26.6141","3.3634","1.5813","null","null","null","83.3130","1531","6.1810",530447,451661,518735,571970,523253,457759,621035,461314,571771,624577,"54.3185","null","null","null","null","null","null","null",58,"3","Changeup",3,2,2,3,2,3,2,3,"Standard","Standard"
"FF","2018-06-15","96.4","-1.9422","5.3010","Josh Fields",457763,451661,"null","called_strike",,,,,"9","null","R","R","R","LAD","SF","S","null","null",0,1,2018,"-0.6136","1.4452","0.7501","1.9404","null","null","null",1,8,"Top","null","null",,,518735,,"180616_043914","8.5183","-140.0809","-6.5903","-9.9683","31.7207","-11.9664","3.4887","1.6445","null","null","null","96.1460","2260","6.2260",530447,451661,518735,571970,523253,457759,621035,461314,571771,624577,"54.2734","null","null","null","null","null","null","null",58,"2","4-Seam Fastball",3,2,2,3,2,3,2,3,"Standard","Standard"
"KC","2018-06-15","81.4","-1.9009","5.4231","Josh Fields",457763,451661,"null","called_strike",,,,,"8","null","R","R","R","LAD","SF","S","null","null",0,0,2018,"0.3349","-1.1928","-0.2723","1.9561","null","null","null",1,8,"Top","null","null",,,518735,,"180616_043852","2.9883","-118.3897","1.0765","2.4388","24.2572","-43.5341","3.4466","1.6655","null","null","null","80.1130","2204","5.5950",530447,451661,518735,571970,523253,457759,621035,461314,571771,624577,"54.9038","null","null","null","null","null","null","null",58,"1","Knuckle Curve",3,2,2,3,2,3,2,3,"Standard","Standard"
"FF","2018-06-15","95.9","-1.9119","5.3399","Josh Fields",457706,451661,"null","ball",,,,,"12","null","R","R","R","LAD","SF","B","null","null",0,1,2018,"-0.4643","1.4222","0.8702","3.2764","null","null","null",0,8,"Top","null","null",,,518735,,"180616_043740","8.3634","-139.3775","-2.9940","-7.9563","32.8212","-13.3672","3.5226","1.7095","null","null","null","95.3550","2211","6.1500",530447,451661,518735,571970,523253,457759,621035,461314,571771,624577,"54.3495","null","null","null","null","null","null","null",57,"2","4-Seam Fastball",3,2,2,3,2,3,2,3,"Standard","Standard"
"FF","2018-06-15","95.2","-1.9396","5.3914","Josh Fields",457706,451661,"null","called_strike",,,,,"7","null","R","R","R","LAD","SF","S","null","null",0,0,2018,"-0.5659","1.4471","-0.3893","2.1398","null","null","null",0,8,"Top","null","null",,,518735,,"180616_043720","5.3056","-138.3492","-6.0592","-8.4121","31.6163","-12.6087","3.4805","1.6884","null","null","null","94.7280","2139","6.1410",530447,451661,518735,571970,523253,457759,621035,461314,571771,624577,"54.3577","null","null","null","null","null","null","null",57,"1","4-Seam Fastball",3,2,2,3,2,3,2,3,"Standard","Standard"
"FF","2018-06-15","93.8","-1.4311","6.2866","Pierce Johnson",461314,572955,"null","ball",,,,,"11","null","R","R","R","LAD","SF","B","null","null",1,0,2018,"-0.8086","1.3758","-1.3199","3.8170","null","null","621035.00",2,7,"Bot","null","null",,,460026,,"180616_043338","1.9739","-136.4319","-3.5657","-10.2202","28.0423","-14.9896","3.6935","1.8804","null","null","null","92.4980","2205","5.3890",530447,572955,460026,467055,605412,593700,543063,607776,457706,457705,"55.1097","null","null","null","null","null","null","null",56,"2","4-Seam Fastball",3,2,3,2,2,3,3,2,"Standard","Standard"
"FF","2018-06-15","92.6","-1.5396","6.2842","Pierce Johnson",461314,572955,"null","ball",,,,,"11","null","R","R","R","LAD","SF","B","null","null",0,0,2018,"-0.8397","1.2515","-1.4417","3.7524","null","null","621035.00",2,7,"Bot","null","null",,,460026,,"180616_043313","1.9961","-134.6952","-3.2930","-10.3882","27.6921","-16.8679","3.7145","1.8594","null","null","null","91.5320","2191","5.5460",530447,572955,460026,467055,605412,593700,543063,607776,457706,457705,"54.9530","null","null","null","null","null","null","null",56,"1","4-Seam Fastball",3,2,3,2,2,3,3,2,"Standard","Standard"
"FF","2018-06-15","93.1","-1.5586","6.3242","Pierce Johnson",457759,572955,"null","ball",,,,,"11","null","R","R","R","LAD","SF","B","null","null",0,0,2018,"-1.0854","1.3447","-1.7789","2.8777","null","null","621035.00",1,7,"Bot","null","null",,,460026,,"180616_043133","1.7554","-135.2615","-5.8527","-13.4240","31.9109","-14.9356","3.4530","1.6325","null","null","null","91.9030","2240","5.8430",530447,572955,460026,467055,605412,593700,543063,607776,457706,457705,"54.6562","null","null","null","null","null","null","null",55,"1","4-Seam Fastball",3,2,3,2,2,3,3,2,"Standard","Standard"
"FC","2018-06-15","91.3","-2.0488","5.8354","Pierce Johnson",571771,572955,"null","ball",,,,,"14","null","R","R","R","LAD","SF","B","null","null",1,2,2018,"-0.2402","1.0192","0.7921","0.7174","null","null","621035.00",0,7,"Bot","null","null",,,460026,,"180616_042953","7.5019","-132.3984","-8.9580","-4.2121","25.6917","-18.9798","3.1532","1.6372","null","null","null","89.9460","2522","5.4470",530447,572955,460026,467055,605412,593700,543063,607776,457706,457705,"55.0524","null","null","null","null","null","null","null",54,"4","Cutter",3,2,3,2,2,3,3,2,"Standard","Standard"
"FF","2018-06-15","93.2","-1.7162","6.1579","Pierce Johnson",571771,572955,"null","ball",,,,,"14","null","R","R","R","LAD","SF","B","null","null",0,0,2018,"-0.8444","1.5179","0.9952","1.3135","null","null","621035.00",0,7,"Bot","null","null",,,460026,,"180616_042825","8.6824","-135.1526","-9.8371","-11.9875","27.4624","-12.0223","3.1321","1.6372","null","null","null","92.4150","2249","5.8610",530447,572955,460026,467055,605412,593700,543063,607776,457706,457705,"54.6385","null","null","null","null","null","null","null",54,"1","4-Seam Fastball",3,2,3,2,2,3,3,2,"Standard","Standard"
"FF","2018-06-15","94.6","-1.5825","6.2062","Pierce Johnson",621035,572955,"walk","ball",,,,,"14","Chris Taylor walks.  ","R","R","R","LAD","SF","B","null","null",3,2,2018,"-0.9902","1.4534","1.4587","1.9197","null","null","null",0,7,"Bot","null","null",,,460026,,"180616_042720","9.8748","-137.0101","-8.4289","-14.2900","30.1559","-12.7904","3.5728","1.6875","null","null","null","92.8630","2297","5.5120",530447,572955,460026,467055,605412,593700,543063,607776,457706,457705,"54.9875","null","null","0.70",1,0,0,"null",53,"7","4-Seam Fastball",3,2,3,2,2,3,3,2,"Standard","Standard"
"FC","2018-06-15","89.8","-2.0384","5.8733","Pierce Johnson",621035,572955,"null","ball",,,,,"14","null","R","R","R","LAD","SF","B","null","null",2,2,2018,"-0.0746","0.7868","0.7045","-0.0267","null","null","null",0,7,"Bot","null","null",,,460026,,"180616_042650","6.8436","-130.3163","-10.1258","-2.1328","24.6924","-21.6634","3.5097","1.6664","null","null","null","88.9120","2512","5.6700",530447,572955,460026,467055,605412,593700,543063,607776,457706,457705,"54.8288","null","null","null","null","null","null","null",53,"6","Cutter",3,2,3,2,2,3,3,2,"Standard","Standard"
"FC","2018-06-15","90.5","-2.0322","5.9045","Pierce Johnson",621035,572955,"null","ball",,,,,"14","null","R","R","R","LAD","SF","B","null","null",1,2,2018,"0.1590","0.6325","2.1993","2.0135","null","null","null",0,7,"Bot","null","null",,,460026,,"180616_042628","10.0606","-131.3581","-5.0305","-0.1101","24.9825","-24.2717","3.5518","1.7296","null","null","null","89.4470","2555","5.5520",530447,572955,460026,467055,605412,593700,543063,607776,457706,457705,"54.9469","null","null","null","null","null","null","null",53,"5","Cutter",3,2,3,2,2,3,3,2,"Standard","Standard"
"FC","2018-06-15","90.3","-2.0108","5.8628","Pierce Johnson",621035,572955,"null","ball",,,,,"14","null","R","R","R","LAD","SF","B","null","null",0,2,2018,"-0.0031","0.7785","2.3343","1.9147","null","null","null",0,7,"Bot","null","null",,,460026,,"180616_042602","10.6946","-131.0435","-5.4488","-2.1300","25.6701","-22.4832","3.4466","1.7085","null","null","null","89.5410","2457","5.8080",530447,572955,460026,467055,605412,593700,543063,607776,457706,457705,"54.6906","null","null","null","null","null","null","null",53,"4","Cutter",3,2,3,2,2,3,3,2,"Standard","Standard"
"CU","2018-06-15","78.6","-1.7763","6.1196","Pierce Johnson",621035,572955,"null","called_strike",,,,,"5","null","R","R","R","LAD","SF","S","null","null",0,0,2018,"1.1121","-0.9315","0.0451","2.7961","null","null","null",0,7,"Bot","null","null",,,460026,,"180616_042500","1.9352","-114.2067","1.2441","8.9894","20.7193","-40.4970","3.4896","1.6353","null","null","null","76.9150","2950","5.1280",530447,572955,460026,467055,605412,593700,543063,607776,457706,457705,"55.3711","null","null","null","null","null","null","null",53,"1","Curveball",3,2,3,2,2,3,3,2,"Standard","Standard"
"KC","2018-06-15","78.8","-1.8924","5.4981","Josh Fields",460026,451661,"null","called_strike",,,,,"1","null","R","R","R","LAD","SF","S","null","null",0,0,2018,"0.4878","-1.1255","-0.3002","3.2611","null","null","null",1,7,"Top","null","null",,,518735,,"180616_042057","2.5414","-114.4890","3.9511","3.7147","21.1800","-42.8114","3.3524","1.5731","null","null","null","77.7580","2104","5.6400",530447,451661,518735,571970,523253,457759,621035,461314,571771,624577,"54.8594","null","null","null","null","null","null","null",51,"1","Knuckle Curve",3,2,2,3,2,3,2,3,"Standard","Standard"
"CH","2018-06-15","84.7","-1.8866","6.4493","Ross Stripling",467055,548389,"null","ball",,,,,"14","null","R","L","R","LAD","SF","B","null","null",2,2,2018,"-0.9649","0.8675","0.4975","1.3816","null","null","543063.00",1,7,"Top","null","null",,,518735,,"180616_041705","7.4072","-123.0060","-7.1484","-11.1044","23.2084","-22.3203","3.1789","1.5430","null","null","null","84.2440","1576","5.9910",530447,548389,518735,571970,523253,457759,621035,461314,571771,624577,"54.5082","null","null","null","null","null","null","null",50,"5","Changeup",3,0,0,3,0,3,0,3,"Standard","Standard"
"FF","2018-06-15","92.5","-1.6765","6.5868","Ross Stripling",467055,548389,"null","ball",,,,,"11","null","R","L","R","LAD","SF","B","null","null",1,2,2018,"-0.3600","1.4102","-1.5877","2.7777","null","null","543063.00",1,7,"Top","null","null",,,518735,,"180616_041638","1.0026","-134.5580","-6.9392","-4.5628","28.9372","-13.8757","3.1368","1.5219","null","null","null","92.2950","2279","6.1640",530447,548389,518735,571970,523253,457759,621035,461314,571771,624577,"54.3349","null","null","null","null","null","null","null",50,"4","4-Seam Fastball",3,0,0,3,0,3,0,3,"Standard","Standard"
"KC","2018-06-15","80.4","-1.4949","6.6225","Ross Stripling",467055,548389,"null","called_strike",,,,,"5","null","R","L","R","LAD","SF","S","null","null",1,1,2018,"0.4354","-1.1620","0.1126","2.5917","null","null","543063.00",1,7,"Top","null","null",,,518735,,"180616_041610","2.7184","-116.8200","-0.0564","3.2998","23.6686","-42.7167","3.2099","1.6272","null","null","null","78.9240","2673","5.5100",530447,548389,518735,571970,523253,457759,621035,461314,571771,624577,"54.9887","null","null","null","null","null","null","null",50,"3","Knuckle Curve",3,0,0,3,0,3,0,3,"Standard","Standard"
"SL","2018-06-15","85.5","-2.0697","6.5757","Ross Stripling",467055,548389,"null","ball",,,,,"11","null","R","L","R","LAD","SF","B","null","null",0,0,2018,"0.5186","0.5944","-1.1924","3.6551","null","null","543063.00",1,7,"Top","null","null",,,518735,,"180616_041522","1.0382","-124.3902","-1.7633","5.0572","24.3039","-26.0461","3.0947","1.5219","null","null","null","84.5560","2266","5.6260",530447,548389,518735,571970,523253,457759,621035,461314,571771,624577,"54.8735","null","null","null","null","null","null","null",50,"1","Slider",3,0,0,3,0,3,0,3,"Standard","Standard"
"FF","2018-06-15","92.7","-1.5920","6.5558","Ross Stripling",543063,548389,"null","called_strike",,,,,"13","null","R","L","R","LAD","SF","S","null","null",2,1,2018,"-0.2656","1.4996","-0.9214","1.8525","null","null","457705.00",0,7,"Top","null","null",,,518735,,"180616_041305","2.2701","-134.6140","-9.3683","-3.6845","29.2385","-12.3511","3.3178","1.5951","null","null","null","92.0600","2300","6.0210",530447,548389,518735,571970,523253,457759,621035,461314,571771,624577,"54.4781","null","null","null","null","null","null","null",49,"4","4-Seam Fastball",3,0,0,3,0,3,0,3,"Standard","Standard"
"CH","2018-06-15","84.3","-2.0467","6.3789","Ross Stripling",543063,548389,"null","ball",,,,,"14","null","R","L","R","LAD","SF","B","null","null",1,0,2018,"-1.1727","0.8055","0.0351","0.8858","null","null","457705.00",0,7,"Top","null","null",,,518735,,"180616_041158","7.1346","-122.4551","-7.9762","-13.1255","22.7241","-22.7945","3.3287","1.5530","null","null","null","84.2800","1625","6.2370",530447,548389,518735,571970,523253,457759,621035,461314,571771,624577,"54.2618","null","null","null","null","null","null","null",49,"2","Changeup",3,0,0,3,0,3,0,3,"Standard","Standard"
"SL","2018-06-15","87.3","-1.9709","6.5564","Ross Stripling",543063,548389,"null","ball",,,,,"13","null","R","L","R","LAD","SF","B","null","null",0,0,2018,"0.3191","0.9907","-0.0654","1.1908","null","null","457705.00",0,7,"Top","null","null",,,518735,,"180616_041133","3.8925","-126.8031","-8.6368","2.6193","24.5287","-20.2698","3.2446","1.5530","null","null","null","86.3300","2420","5.6490",530447,548389,518735,571970,523253,457759,621035,461314,571771,624577,"54.8498","null","null","null","null","null","null","null",49,"1","Slider",3,0,0,3,0,3,0,3,"Standard","Standard"
"FF","2018-06-15","91.6","-1.5510","6.6775","Ross Stripling",457705,548389,"null","ball",,,,,"11","null","R","R","R","LAD","SF","B","null","null",1,2,2018,"-0.2299","1.6447","-1.1140","3.2873","null","null","null",0,7,"Top","null","null",,,518735,,"180616_041021","1.5914","-133.1939","-6.1676","-3.0667","29.9924","-11.6455","3.4667","1.7067","null","null","null","91.1440","2418","6.1630",530447,548389,518735,571970,523253,457759,621035,461314,571771,624577,"54.3358","null","null","null","null","null","null","null",48,"5","4-Seam Fastball",3,0,0,3,0,3,0,3,"Standard","Standard"
"SL","2018-06-15","87.1","-1.7662","6.5764","Ross Stripling",457705,548389,"null","ball",,,,,"14","null","R","R","R","LAD","SF","B","null","null",0,2,2018,"0.4944","0.5099","1.9530","2.1137","null","null","null",0,7,"Top","null","null",,,518735,,"180616_040935","7.8156","-126.4377","-5.4581","3.5904","25.4096","-26.0064","3.4878","1.7487","null","null","null","85.7790","2386","5.5410",530447,548389,518735,571970,523253,457759,621035,461314,571771,624577,"54.9577","null","null","null","null","null","null","null",48,"3","Slider",3,0,0,3,0,3,0,3,"Standard","Standard"
"FF","2018-06-15","93.5","-1.5789","6.2404","Pierce Johnson",548389,572955,"null","ball",,,,,"14","null","R","R","R","LAD","SF","B","null","null",0,0,2018,"-0.6464","1.2780","1.5742","2.5681","null","null","523253.00",2,6,"Bot","null","null",,,460026,,"180616_040428","9.4248","-135.5627","-6.3523","-9.9871","31.2171","-15.5077","3.4475","1.7195","null","null","null","92.3220","2222","5.9080",530447,572955,460026,467055,605412,593700,543063,607776,457706,457705,"54.5906","null","null","null","null","null","null","null",47,"1","4-Seam Fastball",3,0,3,0,0,3,3,0,"Standard","Strategic"
"FC","2018-06-15","90.5","-1.9746","5.9942","Pierce Johnson",523253,572955,"null","ball",,,,,"14","null","R","R","R","LAD","SF","B","null","null",1,0,2018,"0.1036","0.8520","1.5314","2.2877","null","null","null",2,6,"Bot","null","null",,,460026,,"180616_040331","8.4382","-131.5287","-5.0795","-0.4170","25.0132","-21.6598","3.4046","1.6547","null","null","null","89.9360","2465","5.7800",530447,572955,460026,467055,605412,593700,543063,607776,457706,457705,"54.7186","null","null","null","null","null","null","null",46,"2","Cutter",3,0,3,0,0,3,3,0,"Standard","Standard"
"FF","2018-06-15","94.2","-1.8265","6.2105","Pierce Johnson",523253,572955,"null","ball",,,,,"1","null","R","R","R","LAD","SF","B","null","null",0,0,2018,"-1.0050","1.1266","-0.6785","2.9302","null","null","null",2,6,"Bot","null","null",,,460026,,"180616_040313","5.0484","-136.8495","-5.1415","-13.3534","29.6861","-17.5736","3.4017","1.5378","null","null","null","92.7150","2142","5.4580",530447,572955,460026,467055,605412,593700,543063,607776,457706,457705,"55.0406","null","null","null","null","null","null","null",46,"1","4-Seam Fastball",3,0,3,0,0,3,3,0,"Standard","Standard"
"FF","2018-06-15","93.6","-1.7375","6.3233","Pierce Johnson",624577,572955,"null","ball",,,,,"14","null","R","R","R","LAD","SF","B","null","null",2,0,2018,"-1.0022","1.1973","1.2012","1.6811","null","null","null",1,6,"Bot","null","null",,,460026,,"180616_040204","9.5395","-135.5816","-8.6121","-14.0393","28.2435","-16.2262","3.5142","1.7158","null","null","null","92.0770","2290","5.5250",530447,572955,460026,467055,605412,593700,543063,607776,457706,457705,"54.9736","null","null","null","null","null","null","null",45,"3","4-Seam Fastball",3,0,3,0,0,3,3,0,"Standard","Standard"
"FF","2018-06-15","92.4","-1.6810","6.3550","Pierce Johnson",624577,572955,"null","ball",,,,,"13","null","R","R","R","LAD","SF","B","null","null",1,0,2018,"-1.1889","1.2262","-1.4851","1.8307","null","null","null",1,6,"Bot","null","null",,,460026,,"180616_040142","2.9614","-134.2532","-8.1610","-14.6193","28.9456","-16.2515","3.5984","1.7789","null","null","null","91.0340","2222","5.5350",530447,572955,460026,467055,605412,593700,543063,607776,457706,457705,"54.9637","null","null","null","null","null","null","null",45,"2","4-Seam Fastball",3,0,3,0,0,3,3,0,"Standard","Standard"
"FC","2018-06-15","91.5","-2.0766","5.9878","Pierce Johnson",624577,572955,"null","ball",,,,,"14","null","R","R","R","LAD","SF","B","null","null",0,0,2018,"-0.0493","0.9070","1.7872","1.6662","null","null","null",1,6,"Bot","null","null",,,460026,,"180616_040123","9.6706","-132.6974","-6.8280","-2.4023","25.1446","-20.6171","3.5773","1.7579","null","null","null","90.3290","2632","5.5070",530447,572955,460026,467055,605412,593700,543063,607776,457706,457705,"54.9921","null","null","null","null","null","null","null",45,"1","Cutter",3,0,3,0,0,3,3,0,"Standard","Standard"
"CU","2018-06-15","79.8","-1.9339","6.0200","Pierce Johnson",518735,572955,"null","ball",,,,,"11","null","R","L","R","LAD","SF","B","null","null",0,0,2018,"1.2882","-0.4794","-1.3795","3.8848","null","null","null",0,6,"Bot","null","null",,,460026,,"180616_035952","-1.0300","-115.8084","2.8354","11.1451","22.5412","-37.1073","3.2218","1.5714","null","null","null","77.3150","2890","4.7610",530447,572955,460026,467055,605412,593700,543063,607776,457706,457705,"55.7379","null","null","null","null","null","null","null",44,"1","Curveball",3,0,3,0,0,3,3,0,"Strategic","Standard"
"FF","2018-06-15","93.3","-1.6229","6.6060","Ross Stripling",593700,548389,"strikeout","called_strike",,,,,"13","Alen Hanson called out on strikes.  ","R","L","R","LAD","SF","S",2,"null",3,2,2018,"-0.3431","1.2953","-0.4097","1.3921","null","null","null",2,6,"Top","null","null",,,518735,,"180616_035704","3.8788","-135.5661","-10.5200","-5.0616","28.2403","-14.1248","3.3438","1.6683","null","null","null","93.5520","2283","6.4130",530447,548389,518735,571970,523253,457759,621035,461314,571771,624577,"54.0861","null","null","0.00",1,0,0,"null",43,"6","4-Seam Fastball",3,0,0,3,0,3,0,3,"Infield shift","Standard"
"KC","2018-06-15","79.5","-1.4744","6.6517","Ross Stripling",593700,548389,"null","ball",,,,,"11","null","R","L","R","LAD","SF","B","null","null",2,1,2018,"0.5299","-1.1125","-0.5789","3.6182","null","null","null",2,6,"Top","null","null",,,518735,,"180616_035604","0.9836","-115.6722","2.0813","4.4900","20.5945","-42.5760","3.3204","1.6856","null","null","null","78.7930","2570","5.6970",530447,548389,518735,571970,523253,457759,621035,461314,571771,624577,"54.8021","null","null","null","null","null","null","null",43,"4","Knuckle Curve",3,0,0,3,0,3,0,3,"Infield shift","Standard"
"FF","2018-06-15","91.1","-1.5636","6.6647","Ross Stripling",593700,548389,"null","ball",,,,,"12","null","R","L","R","LAD","SF","B","null","null",1,1,2018,"-0.3671","1.4199","1.3966","3.2717","null","null","null",2,6,"Top","null","null",,,518735,,"180616_035541","8.1733","-132.4286","-5.6282","-5.9570","26.9445","-14.6356","3.4045","1.8329","null","null","null","90.8520","2259","6.0890",530447,548389,518735,571970,523253,457759,621035,461314,571771,624577,"54.4098","null","null","null","null","null","null","null",43,"3","4-Seam Fastball",3,0,0,3,0,3,0,3,"Infield shift","Standard"
"SL","2018-06-15","86.6","-1.7205","6.6826","Ross Stripling",593700,548389,"null","ball",,,,,"11","null","R","L","R","LAD","SF","B","null","null",0,0,2018,"0.2919","0.4503","-0.3114","3.7124","null","null","null",2,6,"Top","null","null",,,518735,,"180616_035435","2.7550","-126.1715","-1.8575","2.5815","22.4365","-27.3252","3.4887","1.7698","null","null","null","86.1590","2271","5.6570",530447,548389,518735,571970,523253,457759,621035,461314,571771,624577,"54.8417","null","null","null","null","null","null","null",43,"1","Slider",3,0,0,3,0,3,0,3,"Infield shift","Standard"
"KC","2018-06-15","79.8","-1.5631","6.7055","Ross Stripling",605412,548389,"null","ball",,,,,"13","null","R","L","R","LAD","SF","B","null","null",0,2,2018,"0.4861","-1.1758","-0.2598","0.0020","null","null","null",1,6,"Top","null","null",,,518735,,"180616_035318","1.9495","-116.0170","-5.7467","3.8444","22.6720","-41.5494","3.1550","1.5257","null","null","null","78.2380","2753","5.3370",530447,548389,518735,571970,523253,457759,621035,461314,571771,624577,"55.1622","null","null","null","null","null","null","null",42,"4","Knuckle Curve",3,0,0,3,0,3,0,3,"Standard","Standard"
"CH","2018-06-15","83.2","-1.9499","6.4790","Ross Stripling",605412,548389,"null","called_strike",,,,,"9","null","R","L","R","LAD","SF","S","null","null",0,1,2018,"-0.7017","0.9755","0.2872","1.3483","null","null","null",1,6,"Top","null","null",,,518735,,"180616_035229","6.3900","-120.7905","-7.1212","-7.8947","21.2378","-21.7307","3.0950","1.4177","null","null","null","82.5070","1633","5.7360",530447,548389,518735,571970,523253,457759,621035,461314,571771,624577,"54.7629","null","null","null","null","null","null","null",42,"2","Changeup",3,0,0,3,0,3,0,3,"Infield shift","Standard"
"FF","2018-06-15","90.7","-1.5214","6.7524","Ross Stripling",605412,548389,"null","called_strike",,,,,"7","null","R","L","R","LAD","SF","S","null","null",0,0,2018,"-0.1693","1.6730","-0.5977","1.5773","null","null","null",1,6,"Top","null","null",,,518735,,"180616_035210","2.6424","-131.6806","-10.4329","-2.4950","27.4175","-11.0109","3.0508","1.5056","null","null","null","90.0170","2316","5.9540",530447,548389,518735,571970,523253,457759,621035,461314,571771,624577,"54.5455","null","null","null","null","null","null","null",42,"1","4-Seam Fastball",3,0,0,3,0,3,0,3,"Infield shift","Standard"
"SI","2018-06-15","91.3","1.6445","6.0005","Derek Holland",571970,502706,"null","ball",,,,,"14","null","R","L","L","LAD","SF","B","null","null",2,1,2018,"1.5096","0.7009","1.9931","1.2326","null","457759.00","461314.00",2,5,"Bot","null","null",,,460026,,"180616_034802","-2.3578","-132.6436","-7.5315","18.1865","30.9969","-22.4650","3.1696","1.6052","null","null","null","90.7610","2273","6.2600",530447,502706,460026,467055,605412,593700,543063,607776,457706,457705,"54.2395","null","null","null","null","null","null","null",40,"4","Sinker",3,0,3,0,0,3,3,0,"Strategic","Standard"
"SI","2018-06-15","92.1","1.8097","5.9520","Derek Holland",571970,502706,"null","ball",,,,,"14","null","R","L","L","LAD","SF","B","null","null",1,1,2018,"1.1585","1.0649","1.1672","2.0283","null","457759.00","461314.00",2,5,"Bot","null","null",,,460026,,"180616_034739","-4.0913","-133.9446","-6.3747","14.6715","28.7637","-18.3569","3.1696","1.5841","null","null","null","91.6360","2269","6.0280",530447,502706,460026,467055,605412,593700,543063,607776,457706,457705,"54.4715","null","null","null","null","null","null","null",40,"3","Sinker",3,0,3,0,0,3,3,0,"Strategic","Standard"
"SL","2018-06-15","80.3","1.5658","6.1935","Derek Holland",571970,502706,"null","called_strike",,,,,"7","null","R","L","L","LAD","SF","S","null","null",1,0,2018,"-0.0231","0.2132","-0.3814","1.8875","null","457759.00","461314.00",2,5,"Bot","null","null",,,460026,,"180616_034714","-4.2122","-116.7439","-3.1583","0.6249","23.0001","-29.9188","3.2738","1.5841","null","null","null","79.1560","2134","5.6460",530447,502706,460026,467055,605412,593700,543063,607776,457706,457705,"54.8529","null","null","null","null","null","null","null",40,"2","Slider",3,0,3,0,0,3,3,0,"Strategic","Standard"
"SI","2018-06-15","92.9","1.7163","6.0262","Derek Holland",571970,502706,"null","ball",,,,,"14","null","R","L","L","LAD","SF","B","null","null",0,0,2018,"1.3729","1.0860","1.5343","2.2552","null","457759.00","461314.00",2,5,"Bot","null","null",,,460026,,"180616_034654","-3.3497","-134.9719","-6.0866","17.1051","29.9567","-18.1358","3.1696","1.5841","null","null","null","91.6460","2372","5.6660",530447,502706,460026,467055,605412,593700,543063,607776,457706,457705,"54.8335","null","null","null","null","null","null","null",40,"1","Sinker",3,0,3,0,0,3,3,0,"Strategic","Standard"
"CH","2018-06-15","83.8","1.5594","6.0391","Derek Holland",461314,502706,"walk","ball",,,,,"14","Matt Kemp walks.   Justin Turner to 2nd.  ","R","R","L","LAD","SF","B","null","null",3,1,2018,"0.8965","1.3493","2.0090","2.7708","null","null","457759.00",2,5,"Bot","null","null",,,460026,,"180616_034606","-0.7019","-122.0127","-3.7308","8.9484","24.8912","-18.4039","3.6724","1.8804","null","null","null","83.2150","2148","5.9520",530447,502706,460026,467055,605412,593700,543063,607776,457706,457705,"54.5473","null","null","0.70",1,0,0,"null",39,"5","Changeup",3,0,3,0,0,3,3,0,"Standard","Standard"
"SI","2018-06-15","91.6","1.7507","6.0251","Derek Holland",461314,502706,"null","ball",,,,,"13","null","R","R","L","LAD","SF","B","null","null",2,1,2018,"1.3323","1.4372","-1.3718","2.6051","null","null","457759.00",2,5,"Bot","null","null",,,460026,,"180616_034535","-10.6321","-132.7611","-5.7409","17.8593","28.4243","-14.3657","3.6514","1.8593","null","null","null","90.8250","2430","6.0400",530447,502706,460026,467055,605412,593700,543063,607776,457706,457705,"54.4593","null","null","null","null","null","null","null",39,"4","Sinker",3,0,3,0,0,3,3,0,"Standard","Standard"
"SL","2018-06-15","79.4","1.8365","6.2245","Derek Holland",461314,502706,"null","ball",,,,,"13","null","R","R","L","LAD","SF","B","null","null",1,1,2018,"0.0012","0.2374","-0.6612","1.2569","null","null","457759.00",2,5,"Bot","null","null",,,460026,,"180616_034512","-5.3987","-115.1472","-4.2843","1.2536","26.5104","-29.4555","3.6514","1.9225","null","null","null","77.6490","2241","5.7870",530447,502706,460026,467055,605412,593700,543063,607776,457706,457705,"54.7121","null","null","null","null","null","null","null",39,"3","Slider",3,0,3,0,0,3,3,0,"Standard","Standard"
"SI","2018-06-15","92.3","1.7371","6.0352","Derek Holland",461314,502706,"null","ball",,,,,"13","null","R","R","L","LAD","SF","B","null","null",0,0,2018,"1.3477","1.2875","-1.1075","2.4242","null","null","457759.00",2,5,"Bot","null","null",,,460026,,"180616_034421","-10.0571","-133.9051","-6.0529","18.2148","29.0310","-15.7753","3.6935","1.9014","null","null","null","91.6020","2577","6.0450",530447,502706,460026,467055,605412,593700,543063,607776,457706,457705,"54.4540","null","null","null","null","null","null","null",39,"1","Sinker",3,0,3,0,0,3,3,0,"Standard","Standard"
"SI","2018-06-15","92.4","1.8968","6.1220","Derek Holland",457759,502706,"null","ball",,,,,"12","null","R","R","L","LAD","SF","B","null","null",1,2,2018,"0.9460","1.3744","0.1136","5.1629","null","null","null",2,5,"Bot","null","null",,,460026,,"180616_034233","-6.5541","-134.3379","0.4558","12.8173","31.4519","-16.1334","3.4529","1.6536","null","null","null","91.6970","2428","6.0980",530447,502706,460026,467055,605412,593700,543063,607776,457706,457705,"54.4013","null","null","null","null","null","null","null",38,"4","Sinker",3,0,3,0,0,3,3,0,"Standard","Standard"
"SI","2018-06-15","91.7","1.9107","6.0398","Derek Holland",457759,502706,"null","ball",,,,,"13","null","R","R","L","LAD","SF","B","null","null",0,1,2018,"1.1189","1.2564","-1.1314","2.1505","null","null","null",2,5,"Bot","null","null",,,460026,,"180616_034143","-10.0452","-133.0970","-6.6417","15.3107","26.9334","-16.1303","3.4740","1.6957","null","null","null","91.5150","2448","6.1900",530447,502706,460026,467055,605412,593700,543063,607776,457706,457705,"54.3087","null","null","null","null","null","null","null",38,"2","Sinker",3,0,3,0,0,3,3,0,"Standard","Standard"
"SL","2018-06-15","80.5","1.7861","6.1457","Derek Holland",457759,502706,"null","called_strike",,,,,"8","null","R","R","L","LAD","SF","S","null","null",0,0,2018,"-0.0760","0.1975","-0.2174","2.0514","null","null","null",2,5,"Bot","null","null",,,460026,,"180616_034126","-4.2430","-116.9892","-2.6362","0.2407","25.1902","-30.1483","3.5051","1.6225","null","null","null","78.9350","2099","5.5880",530447,502706,460026,467055,605412,593700,543063,607776,457706,457705,"54.9107","null","null","null","null","null","null","null",38,"1","Slider",3,0,3,0,0,3,3,0,"Standard","Standard"
"SI","2018-06-15","92.7","1.8924","6.0149","Derek Holland",571771,502706,"null","ball",,,,,"12","null","R","R","L","LAD","SF","B","null","null",2,0,2018,"0.9209","1.1069","0.0761","3.6378","null","null","null",1,5,"Bot","null","null",,,460026,,"180616_034024","-6.5450","-134.8151","-2.6338","12.4211","28.4843","-18.5854","3.0480","1.5530","null","null","null","91.9380","2288","5.8000",530447,502706,460026,467055,605412,593700,543063,607776,457706,457705,"54.6992","null","null","null","null","null","null","null",37,"3","Sinker",3,0,3,0,0,3,3,0,"Standard","Standard"
"SI","2018-06-15","92.3","1.6348","6.0517","Derek Holland",571771,502706,"null","ball",,,,,"13","null","R","R","L","LAD","SF","B","null","null",1,0,2018,"1.0552","1.3420","-1.2928","2.1282","null","null","null",1,5,"Bot","null","null",,,460026,,"180616_034004","-9.6531","-133.9073","-6.9865","14.6269","28.0425","-14.9003","3.0480","1.6162","null","null","null","91.8040","2326","6.0900",530447,502706,460026,467055,605412,593700,543063,607776,457706,457705,"54.4094","null","null","null","null","null","null","null",37,"2","Sinker",3,0,3,0,0,3,3,0,"Standard","Standard"
"SL","2018-06-15","82.4","2.1245","5.9939","Derek Holland",571771,502706,"null","ball",,,,,"13","null","R","R","L","LAD","SF","B","null","null",0,0,2018,"0.0911","0.3784","-0.4324","0.6127","null","null","null",1,5,"Bot","null","null",,,460026,,"180616_033932","-5.9110","-119.6917","-6.3448","1.9726","22.5488","-27.6481","3.1532","1.6162","null","null","null","81.5600","2127","5.7660",530447,502706,460026,467055,605412,593700,543063,607776,457706,457705,"54.7335","null","null","null","null","null","null","null",37,"1","Slider",3,0,3,0,0,3,3,0,"Standard","Standard"
"SI","2018-06-15","90.8","1.8006","5.9610","Derek Holland",621035,502706,"null","ball",,,,,"11","null","R","R","L","LAD","SF","B","null","null",0,1,2018,"1.0242","1.2782","-0.9969","3.3462","null","null","null",0,5,"Bot","null","null",,,460026,,"180616_033804","-9.1116","-131.9005","-3.2932","13.7698","28.0873","-16.9393","3.5097","1.7296","null","null","null","90.2560","2405","6.0540",530447,502706,460026,467055,605412,593700,543063,607776,457706,457705,"54.4445","null","null","null","null","null","null","null",36,"2","Sinker",3,0,3,0,0,3,3,0,"Standard","Standard"
"KC","2018-06-15","79.4","1.7560","6.1302","Derek Holland",621035,502706,"null","called_strike",,,,,"6","null","R","R","L","LAD","SF","S","null","null",0,0,2018,"-0.1856","0.1370","0.7610","2.7914","null","null","null",0,5,"Bot","null","null",,,460026,,"180616_033749","-1.8005","-115.3430","-0.6771","-1.1916","24.2030","-31.1919","3.5527","1.7616","null","null","null","77.1120","2153","5.0370",530447,502706,460026,467055,605412,593700,543063,607776,457706,457705,"55.4625","null","null","null","null","null","null","null",36,"1","Knuckle Curve",3,0,3,0,0,3,3,0,"Standard","Standard"
"FF","2018-06-15","92.6","-1.6058","6.5022","Ross Stripling",457706,548389,"null","ball",,,,,"14","null","R","R","R","LAD","SF","B","null","null",2,2,2018,"-0.2071","1.6979","0.9733","0.9947","null","null","467055.00",2,5,"Top","null","null",,,518735,,"180616_033448","7.0041","-134.2933","-11.8934","-3.9253","27.1452","-9.4014","3.4805","1.6884","null","null","null","92.4810","2310","6.2550",530447,548389,518735,571970,523253,457759,621035,461314,571771,624577,"54.2443","null","null","null","null","null","null","null",35,"5","4-Seam Fastball",3,0,0,3,0,3,0,3,"Standard","Standard"
"FF","2018-06-15","92.2","-1.4330","6.7236","Ross Stripling",457706,548389,"null","ball",,,,,"12","null","R","R","R","LAD","SF","B","null","null",1,2,2018,"-0.1790","1.5620","0.8675","3.6896","null","null","467055.00",2,5,"Top","null","null",,,518735,,"180616_033422","6.2251","-134.2018","-5.2936","-3.4117","26.8998","-12.4385","3.5436","1.7305","null","null","null","92.3670","2310","6.2090",530447,548389,518735,571970,523253,457759,621035,461314,571771,624577,"54.2902","null","null","null","null","null","null","null",35,"4","4-Seam Fastball",3,0,0,3,0,3,0,3,"Standard","Standard"
"FF","2018-06-15","91.2","-1.4263","6.6574","Ross Stripling",457706,548389,"null","called_strike",,,,,"5","null","R","R","R","LAD","SF","S","null","null",0,0,2018,"-0.1715","1.6910","-0.0874","2.3019","null","null","467055.00",2,5,"Top","null","null",,,518735,,"180616_033301","3.6926","-132.4910","-8.5237","-2.7841","28.6896","-11.0040","3.5436","1.6463","null","null","null","90.3220","2257","5.8740",530447,548389,518735,571970,523253,457759,621035,461314,571771,624577,"54.6248","null","null","null","null","null","null","null",35,"1","4-Seam Fastball",3,0,0,3,0,3,0,3,"Standard","Standard"
"FF","2018-06-15","90.9","-1.5851","6.6998","Ross Stripling",607776,548389,"null","ball",,,,,"13","null","R","R","R","LAD","SF","B","null","null",1,1,2018,"-0.1915","1.6134","-1.0909","2.1980","null","null","467055.00",1,5,"Top","null","null",,,518735,,"180616_033132","1.6318","-132.1197","-8.7054","-2.5640","28.3375","-11.8916","3.8051","1.7607","null","null","null","90.2860","2267","5.9930",530447,548389,518735,571970,523253,457759,621035,461314,571771,624577,"54.5059","null","null","null","null","null","null","null",34,"3","4-Seam Fastball",3,0,0,3,0,3,0,3,"Standard","Standard"
"FF","2018-06-15","90.7","-1.5304","6.6342","Ross Stripling",607776,548389,"null","ball",,,,,"14","null","R","R","R","LAD","SF","B","null","null",0,0,2018,"-0.4379","1.4654","0.3503","0.8981","null","null","467055.00",1,5,"Top","null","null",,,518735,,"180616_033038","5.5833","-131.5704","-11.4123","-6.1826","26.7575","-13.1834","3.7420","1.7396","null","null","null","90.1760","2261","6.0490",530447,548389,518735,571970,523253,457759,621035,461314,571771,624577,"54.4505","null","null","null","null","null","null","null",34,"1","4-Seam Fastball",3,0,0,3,0,3,0,3,"Standard","Standard"
"FF","2018-06-15","90.3","-1.6113","6.6692","Ross Stripling",460026,548389,"null","called_strike",,,,,"2","null","R","R","R","LAD","SF","S","null","null",0,1,2018,"-0.0556","1.5278","-0.2047","2.9966","null","null","467055.00",0,5,"Top","null","null",,,518735,,"180616_032934","3.5996","-131.3339","-6.3880","-1.3728","26.7874","-13.5549","3.3945","1.6994","null","null","null","89.9930","2247","6.0460",530447,548389,518735,571970,523253,457759,621035,461314,571771,624577,"54.4535","null","null","null","null","null","null","null",33,"2","4-Seam Fastball",3,0,0,3,0,3,0,3,"Standard","Standard"
"FF","2018-06-15","90.3","-1.5220","6.7666","Ross Stripling",467055,548389,"null","called_strike",,,,,"1","null","R","L","R","LAD","SF","S","null","null",0,0,2018,"-0.1998","1.5928","-0.7691","2.7076","null","null","null",0,5,"Top","null","null",,,518735,,"180616_032751","2.2870","-131.4401","-7.5466","-2.7469","24.9126","-12.5028","3.1468","1.5219","null","null","null","90.4110","2240","6.1040",530447,548389,518735,571970,523253,457759,621035,461314,571771,624577,"54.3950","null","null","null","null","null","null","null",32,"1","4-Seam Fastball",3,0,0,3,0,3,0,3,"Standard","Standard"
"SI","2018-06-15","90.6","1.5815","5.9776","Derek Holland",548389,502706,"strikeout","called_strike",,,,,"1","Ross Stripling called out on strikes.  ","R","R","L","LAD","SF","S",2,"null",0,2,2018,"1.5568","0.7065","-0.5106","3.0060","null","624577.00","null",2,4,"Bot","null","null",,,460026,,"180616_032430","-8.4577","-131.5619","-2.9361","19.6946","28.2150","-23.6623","3.3002","1.6564","null","null","null","90.0010","2314","6.0620",530447,502706,460026,467055,605412,593700,543063,607776,457706,457705,"54.4370","null","null","0.00",1,0,0,"null",31,"4","Sinker",3,0,3,0,0,3,3,0,"Standard","Strategic"
"SI","2018-06-15","90.6","1.7813","6.0104","Derek Holland",523253,502706,"null","called_strike",,,,,"3","null","R","R","L","LAD","SF","S","null","null",0,0,2018,"1.1109","1.0299","0.6997","3.2322","null","624577.00","null",1,4,"Bot","null","null",,,460026,,"180616_032108","-4.9543","-131.7732","-3.1257","13.6984","27.5275","-20.0258","3.3963","1.5832","null","null","null","89.6460","2329","5.6900",530447,502706,460026,467055,605412,593700,543063,607776,457706,457705,"54.8093","null","null","null","null","null","null","null",30,"1","Sinker",3,0,3,0,0,3,3,0,"Standard","Standard"
"SI","2018-06-15","91.2","1.7133","6.0760","Derek Holland",624577,502706,"null","ball",,,,,"13","null","R","R","L","LAD","SF","B","null","null",0,0,2018,"1.2142","1.3576","-0.0275","1.2173","518735.00","null","null",1,4,"Bot","null","null",,,460026,,"180616_031936","-6.8266","-132.2969","-9.0351","15.3884","27.1612","-14.9180","3.5983","1.7368","null","null","null","90.1270","2468","5.7210",530447,502706,460026,467055,605412,593700,543063,607776,457706,457705,"54.7784","null","null","null","null","null","null","null",29,"1","Sinker",2,0,2,0,0,2,2,0,"Strategic","Standard"
"CH","2018-06-15","84.4","1.5606","6.0195","Derek Holland",518735,502706,"null","called_strike",,,,,"3","null","R","R","L","LAD","SF","S","null","null",2,0,2018,"1.0891","1.2246","0.5106","3.0742","null","null","null",1,4,"Bot","null","null",,,460026,,"180616_031749","-4.5669","-122.7681","-2.8884","11.8127","24.0805","-19.5574","3.3928","1.5951","null","null","null","84.0890","2175","6.0850",530447,502706,460026,467055,605412,593700,543063,607776,457706,457705,"54.4137","null","null","null","null","null","null","null",28,"3","Changeup",2,0,2,0,0,2,2,0,"Standard","Standard"
"KC","2018-06-15","79.7","1.8036","6.1437","Derek Holland",518735,502706,"null","ball",,,,,"12","null","R","R","L","LAD","SF","B","null","null",1,0,2018,"-0.1061","0.2364","1.3278","2.8778","null","null","null",1,4,"Bot","null","null",,,460026,,"180616_031733","-0.8364","-115.7360","-0.7282","-0.7304","24.9851","-30.2934","3.3928","1.5740","null","null","null","77.7360","2136","5.3670",530447,502706,460026,467055,605412,593700,543063,607776,457706,457705,"55.1317","null","null","null","null","null","null","null",28,"2","Knuckle Curve",2,0,2,0,0,2,2,0,"Standard","Standard"
"SI","2018-06-15","90.7","1.7418","6.0497","Derek Holland",518735,502706,"null","ball",,,,,"13","null","R","R","L","LAD","SF","B","null","null",0,0,2018,"1.2052","1.1921","-1.5785","2.1001","null","null","null",1,4,"Bot","null","null",,,460026,,"180616_031703","-10.7425","-131.5020","-6.3905","16.0339","26.6443","-17.3950","3.2665","1.5530","null","null","null","90.0640","2514","6.0020",530447,502706,460026,467055,605412,593700,543063,607776,457706,457705,"54.4974","null","null","null","null","null","null","null",28,"1","Sinker",2,0,2,0,0,2,2,0,"Standard","Standard"
"SI","2018-06-15","92.3","1.5026","6.0308","Derek Holland",571970,502706,"null","ball",,,,,"11","null","R","L","L","LAD","SF","B","null","null",2,2,2018,"1.0844","1.2511","-0.7160","3.8916","null","null","null",0,4,"Bot","null","null",,,460026,,"180616_031523","-7.9836","-134.1920","-2.3309","14.7731","28.4840","-16.8048","3.1148","1.5714","null","null","null","92.2520","2440","6.2660",530447,502706,460026,467055,605412,593700,543063,607776,457706,457705,"54.2333","null","null","null","null","null","null","null",27,"5","Sinker",2,0,2,0,0,2,2,0,"Strategic","Standard"
"SL","2018-06-15","82.5","1.8255","6.0463","Derek Holland",571970,502706,"null","ball",,,,,"13","null","R","L","L","LAD","SF","B","null","null",1,1,2018,"0.1532","0.9321","-1.0745","1.2801","null","null","null",0,4,"Bot","null","null",,,460026,,"180616_031437","-6.7721","-119.6606","-5.8621","2.9223","26.5888","-22.5399","3.2200","1.6556","null","null","null","80.7020","2266","5.5870",530447,502706,460026,467055,605412,593700,543063,607776,457706,457705,"54.9122","null","null","null","null","null","null","null",27,"3","Slider",2,0,2,0,0,2,2,0,"Strategic","Standard"
"SI","2018-06-15","91.6","1.7410","6.1119","Derek Holland",571970,502706,"null","ball",,,,,"12","null","R","L","L","LAD","SF","B","null","null",0,0,2018,"1.3367","0.8097","1.6842","2.7624","null","null","null",0,4,"Bot","null","null",,,460026,,"180616_031404","-2.9828","-133.3073","-4.2886","16.3923","29.4806","-21.9325","3.1779","1.5924","null","null","null","91.1020","2299","6.0460",530447,502706,460026,467055,605412,593700,543063,607776,457706,457705,"54.4534","null","null","null","null","null","null","null",27,"1","Sinker",2,0,2,0,0,2,2,0,"Strategic","Standard"
"CH","2018-06-15","84.9","-1.9062","6.4679","Ross Stripling",543063,548389,"null","called_strike",,,,,"13","null","R","L","R","LAD","SF","S","null","null",1,0,2018,"-1.0112","0.6238","-1.0178","1.9909","null","null","null",2,4,"Top","null","null",,,518735,,"180616_030930","4.0701","-123.5503","-5.4473","-11.0826","21.5377","-25.0228","3.3590","1.4891","null","null","null","85.1010","1638","6.1370",530447,548389,518735,571970,523253,457759,621035,461314,571771,624577,"54.3618","null","null","null","null","null","null","null",25,"2","Changeup",1,0,0,1,0,1,0,1,"Standard","Standard"
"SL","2018-06-15","86.6","-1.9040","6.6063","Ross Stripling",543063,548389,"null","ball",,,,,"13","null","R","L","R","LAD","SF","B","null","null",0,0,2018,"0.4738","0.4889","-0.0753","1.3233","null","null","null",2,4,"Top","null","null",,,518735,,"180616_030912","3.3843","-125.9368","-7.3688","4.3775","22.2440","-25.9539","3.4212","1.6876","null","null","null","86.0830","2406","5.7020",530447,548389,518735,571970,523253,457759,621035,461314,571771,624577,"54.7966","null","null","null","null","null","null","null",25,"1","Slider",1,0,0,1,0,1,0,1,"Standard","Standard"
"KC","2018-06-15","78.0","-1.4543","6.8181","Ross Stripling",593700,548389,"null","ball",,,,,"11","null","R","L","R","LAD","SF","B","null","null",0,0,2018,"0.4453","-1.1100","-1.2837","3.0175","null","null","null",0,4,"Top","null","null",,,518735,,"180616_030722","-0.4094","-113.3231","0.6793","3.7637","21.1543","-41.7696","3.3497","1.6729","null","null","null","76.3650","2633","5.2430",530447,548389,518735,571970,523253,457759,621035,461314,571771,624577,"55.2559","null","null","null","null","null","null","null",23,"1","Knuckle Curve",1,0,0,1,0,1,0,1,"Infield shift","Standard"
"SI","2018-06-15","91.9","1.6893","6.0783","Derek Holland",457759,502706,"null","ball",,,,,"12","null","R","R","L","LAD","SF","B","null","null",0,0,2018,"1.2166","1.2132","0.9763","3.4913","523253.00","null","571771.00",2,3,"Bot","null","null",,,460026,,"180616_030329","-4.3829","-133.6781","-3.2945","15.3654","28.1611","-17.3039","3.5707","1.5610","null","null","null","91.5090","2316","6.0230",530447,502706,460026,467055,605412,593700,543063,607776,457706,457705,"54.4761","null","null","null","null","null","null","null",22,"1","Sinker",1,0,1,0,0,1,1,0,"Standard","Standard"
"SI","2018-06-15","93.5","1.6725","6.0515","Derek Holland",571771,502706,"null","ball",,,,,"11","null","R","R","L","LAD","SF","B","null","null",2,2,2018,"1.1337","1.3179","-0.8234","4.3262","523253.00","null","null",2,3,"Bot","null","null",,,460026,,"180616_030139","-8.8962","-135.8678","-1.5708","15.9308","29.8261","-15.8010","3.1447","1.6077","null","null","null","93.2650","2426","6.2310",530447,502706,460026,467055,605412,593700,543063,607776,457706,457705,"54.2678","null","null","null","null","null","null","null",21,"5","Sinker",1,0,1,0,0,1,1,0,"Standard","Standard"
"SI","2018-06-15","92.3","1.6386","6.0276","Derek Holland",571771,502706,"null","ball",,,,,"11","null","R","R","L","LAD","SF","B","null","null",1,0,2018,"1.0348","1.4494","-1.0695","2.5635","523253.00","null","null",2,3,"Bot","null","null",,,460026,,"180616_030016","-9.0673","-133.9511","-6.0435","14.3318","29.4225","-13.7925","3.1447","1.5235","null","null","null","91.7090","2561","6.1200",530447,502706,460026,467055,605412,593700,543063,607776,457706,457705,"54.3791","null","null","null","null","null","null","null",21,"2","Sinker",1,0,1,0,0,1,1,0,"Standard","Standard"
"SI","2018-06-15","92.3","1.7098","6.0058","Derek Holland",571771,502706,"null","ball",,,,,"13","null","R","R","L","LAD","SF","B","null","null",0,0,2018,"1.1204","1.1312","-1.1270","1.8336","523253.00","null","null",2,3,"Bot","null","null",,,460026,,"180616_025953","-9.5621","-133.8621","-7.1452","15.4067","28.7679","-17.3846","3.2920","1.5867","null","null","null","91.6840","2487","6.0940",530447,502706,460026,467055,605412,593700,543063,607776,457706,457705,"54.4055","null","null","null","null","null","null","null",21,"1","Sinker",1,0,1,0,0,1,1,0,"Standard","Standard"
"SL","2018-06-15","82.3","1.9298","6.0498","Derek Holland",523253,502706,"null","ball",,,,,"13","null","R","R","L","LAD","SF","B","null","null",2,2,2018,"0.1266","0.3860","-1.3206","2.3125","null","null","null",0,3,"Bot","null","null",,,460026,,"180616_025537","-7.4870","-119.4070","-2.5120","2.8196","26.3726","-28.3569","3.2727","1.5647","null","null","null","80.5140","2117","5.5650",530447,502706,460026,467055,605412,593700,543063,607776,457706,457705,"54.9345","null","null","null","null","null","null","null",18,"5","Slider",1,0,1,0,0,1,1,0,"Standard","Standard"
"KC","2018-06-15","79.8","1.6768","6.1943","Derek Holland",523253,502706,"null","ball",,,,,"14","null","R","R","L","LAD","SF","B","null","null",1,2,2018,"-0.0679","-0.1349","1.5021","1.7090","null","null","null",0,3,"Bot","null","null",,,460026,,"180616_025521","-0.2565","-116.0006","-2.7943","-0.5434","23.3336","-33.0636","3.2306","1.5437","null","null","null","78.5590","2239","5.6450",530447,502706,460026,467055,605412,593700,543063,607776,457706,457705,"54.8536","null","null","null","null","null","null","null",18,"4","Knuckle Curve",1,0,1,0,0,1,1,0,"Standard","Standard"
"CH","2018-06-15","84.2","1.4248","6.0729","Derek Holland",523253,502706,"null","ball",,,,,"12","null","R","R","L","LAD","SF","B","null","null",0,1,2018,"0.9649","1.6784","1.5226","4.2035","null","null","null",0,3,"Bot","null","null",,,460026,,"180616_025439","-1.6551","-122.5548","-1.2106","9.9085","25.6674","-15.5345","3.3568","1.5857","null","null","null","83.5820","2238","6.0020",530447,502706,460026,467055,605412,593700,543063,607776,457706,457705,"54.4973","null","null","null","null","null","null","null",18,"2","Changeup",1,0,1,0,0,1,1,0,"Standard","Standard"
"SI","2018-06-15","92.0","1.5937","6.1004","Derek Holland",523253,502706,"null","called_strike",,,,,"12","null","R","R","L","LAD","SF","S","null","null",0,0,2018,"1.5778","0.8756","0.9002","2.9305","null","null","null",0,3,"Bot","null","null",,,460026,,"180616_025424","-5.1376","-133.8219","-4.0660","19.9313","28.9632","-21.0762","3.4300","1.6800","null","null","null","91.7260","2366","6.1520",530447,502706,460026,467055,605412,593700,543063,607776,457706,457705,"54.3468","null","null","null","null","null","null","null",18,"1","Sinker",1,0,1,0,0,1,1,0,"Standard","Standard"
"CH","2018-06-15","84.5","-1.9877","6.2949","Ross Stripling",605412,548389,"null","ball",,,,,"14","null","R","L","R","LAD","SF","B","null","null",0,2,2018,"-1.1648","0.3583","0.0026","-0.3457","null","null","null",2,3,"Top","null","null",,,518735,,"180616_025108","6.9163","-122.7086","-9.8315","-13.0230","21.4277","-27.0178","3.0624","1.5172","null","null","null","84.6270","1591","6.2230",530447,548389,518735,571970,523253,457759,621035,461314,571771,624577,"54.2761","null","null","null","null","null","null","null",17,"3","Changeup",1,0,0,1,0,1,0,1,"Standard","Standard"
"SL","2018-06-15","88.1","-1.9337","6.4952","Ross Stripling",605412,548389,"null","called_strike",,,,,"7","null","R","L","R","LAD","SF","S","null","null",0,1,2018,"0.3523","0.5678","-0.6393","1.5155","null","null","null",2,3,"Top","null","null",,,518735,,"180616_025048","2.4072","-128.2117","-7.1993","3.4663","21.2013","-24.9502","3.1622","1.5119","null","null","null","88.0100","2372","5.7840",530447,548389,518735,571970,523253,457759,621035,461314,571771,624577,"54.7148","null","null","null","null","null","null","null",17,"2","Slider",1,0,0,1,0,1,0,1,"Infield shift","Standard"
"FF","2018-06-15","92.0","-1.5032","6.6635","Ross Stripling",605412,548389,"null","called_strike",,,,,"8","null","R","L","R","LAD","SF","S","null","null",0,0,2018,"-0.2549","1.6492","0.2306","1.4040","null","null","null",2,3,"Top","null","null",,,518735,,"180616_025022","4.9346","-133.5312","-11.0563","-4.0240","25.9555","-10.3942","3.1020","1.3979","null","null","null","92.1310","2363","6.2910",530447,548389,518735,571970,523253,457759,621035,461314,571771,624577,"54.2076","null","null","null","null","null","null","null",17,"1","4-Seam Fastball",1,0,0,1,0,1,0,1,"Infield shift","Standard"
"KC","2018-06-15","80.9","-1.4049","6.7211","Ross Stripling",502706,548389,"strikeout","called_strike",,,,,"5","Derek Holland called out on strikes.  ","R","L","R","LAD","SF","S",2,"null",1,2,2018,"0.6792","-1.1502","-0.0317","2.5843","null","null","null",1,3,"Top","null","null",,,518735,,"180616_024949","1.7792","-117.6915","-0.4451","5.8199","22.4466","-42.7709","3.4519","1.7246","null","null","null","79.9490","2677","5.6580",530447,548389,518735,571970,523253,457759,621035,461314,571771,624577,"54.8415","null","null","0.00",1,0,0,"null",16,"4","Knuckle Curve",1,0,0,1,0,1,0,1,"Standard","Strategic"
"FF","2018-06-15","92.4","-1.5930","6.5330","Ross Stripling",502706,548389,"null","ball",,,,,"13","null","R","L","R","LAD","SF","B","null","null",0,2,2018,"-0.4836","1.5514","-0.4959","1.0373","null","null","null",1,3,"Top","null","null",,,518735,,"180616_024932","3.8323","-134.1531","-11.5534","-6.6063","25.6817","-11.3170","3.4784","1.7412","null","null","null","92.5990","2301","6.2750",530447,548389,518735,571970,523253,457759,621035,461314,571771,624577,"54.2241","null","null","null","null","null","null","null",16,"3","4-Seam Fastball",1,0,0,1,0,1,0,1,"Standard","Strategic"
"FF","2018-06-15","91.1","-1.5743","6.6990","Ross Stripling",502706,548389,"null","called_strike",,,,,"4","null","R","L","R","LAD","SF","S","null","null",0,0,2018,"-0.1555","1.6211","-0.6325","2.6063","null","null","null",1,3,"Top","null","null",,,518735,,"180616_024900","2.6888","-132.5949","-7.8587","-2.3596","26.0230","-11.7422","3.6413","1.8088","null","null","null","91.1840","2312","6.1430",530447,548389,518735,571970,523253,457759,621035,461314,571771,624577,"54.3557","null","null","null","null","null","null","null",16,"1","4-Seam Fastball",1,0,0,1,0,1,0,1,"Standard","Standard"
"SI","2018-06-15","92.0","1.6315","6.0216","Derek Holland",624577,502706,"strikeout","called_strike",,,,,"7","Yasiel Puig called out on strikes.  ","R","R","L","LAD","SF","S",2,"null",2,2,2018,"1.3533","0.8974","-0.2787","2.1180","null","null","null",2,2,"Bot","null","null",,,460026,,"180616_024602","-7.6722","-133.7086","-5.9406","17.6411","27.6807","-20.5253","3.6000","1.7705","null","null","null","91.4740","2330","5.9510",530447,502706,460026,467055,605412,593700,543063,607776,457706,457705,"54.5484","null","null","0.00",1,0,0,"null",14,"5","Sinker",1,0,1,0,0,1,1,0,"Standard","Standard"
"SI","2018-06-15","92.6","1.6731","6.0466","Derek Holland",624577,502706,"null","ball",,,,,"13","null","R","R","L","LAD","SF","B","null","null",1,1,2018,"1.0798","1.2236","-1.9538","1.4737","null","null","null",2,2,"Bot","null","null",,,460026,,"180616_024509","-11.5136","-134.1158","-8.4347","15.3579","27.5391","-15.9305","3.5899","1.7284","null","null","null","92.1510","2558","6.1660",530447,502706,460026,467055,605412,593700,543063,607776,457706,457705,"54.3327","null","null","null","null","null","null","null",14,"3","Sinker",1,0,1,0,0,1,1,0,"Standard","Standard"
"SL","2018-06-15","83.0","2.0313","6.0066","Derek Holland",624577,502706,"null","ball",,,,,"13","null","R","R","L","LAD","SF","B","null","null",0,1,2018,"0.1682","0.5467","-1.0863","0.8677","null","null","null",2,2,"Bot","null","null",,,460026,,"180616_024448","-7.3622","-120.4191","-6.2033","3.0707","24.0409","-25.9820","3.6951","1.7284","null","null","null","81.9140","2334","5.7860",530447,502706,460026,467055,605412,593700,543063,607776,457706,457705,"54.7128","null","null","null","null","null","null","null",14,"2","Slider",1,0,1,0,0,1,1,0,"Standard","Standard"
"SI","2018-06-15","92.2","1.7195","6.0316","Derek Holland",624577,502706,"null","called_strike",,,,,"8","null","R","R","L","LAD","SF","S","null","null",0,0,2018,"1.2476","1.3066","0.1786","1.8106","null","null","null",2,2,"Bot","null","null",,,460026,,"180616_024435","-6.5487","-133.8859","-7.6223","16.2558","29.3629","-15.2159","3.8103","1.8967","null","null","null","91.5260","2491","6.0340",530447,502706,460026,467055,605412,593700,543063,607776,457706,457705,"54.4652","null","null","null","null","null","null","null",14,"1","Sinker",1,0,1,0,0,1,1,0,"Standard","Standard"
"SI","2018-06-15","93.3","1.6356","6.0409","Derek Holland",571970,502706,"strikeout","called_strike",,,,,"11","Max Muncy called out on strikes.  ","R","L","L","LAD","SF","S",2,"null",3,2,2018,"1.2140","1.1342","-0.2474","3.1820","null","null","null",0,2,"Bot","null","null",,,460026,,"180616_024319","-7.4570","-135.6638","-4.0969","16.4516","26.6667","-17.5708","3.0319","1.5076","null","null","null","93.3490","2400","6.1330",530447,502706,460026,467055,605412,593700,543063,607776,457706,457705,"54.3663","null","null","0.00",1,0,0,"null",12,"7","Sinker",1,0,1,0,0,1,1,0,"Strategic","Standard"
"SI","2018-06-15","93.4","1.6065","6.1162","Derek Holland",571970,502706,"null","ball",,,,,"11","null","R","L","L","LAD","SF","B","null","null",2,2,2018,"1.2505","1.0884","-0.0442","3.7911","null","null","null",0,2,"Bot","null","null",,,460026,,"180616_024228","-6.9287","-135.8688","-2.5988","16.8174","28.9636","-18.4931","2.9928","1.5546","null","null","null","93.0240","2521","6.0230",530447,502706,460026,467055,605412,593700,543063,607776,457706,457705,"54.4765","null","null","null","null","null","null","null",12,"5","Sinker",1,0,1,0,0,1,1,0,"Strategic","Standard"
"SI","2018-06-15","92.4","1.7397","6.0340","Derek Holland",571970,502706,"null","ball",,,,,"14","null","R","L","L","LAD","SF","B","null","null",1,2,2018,"1.3685","0.9982","1.5020","1.7894","null","null","null",0,2,"Bot","null","null",,,460026,,"180616_024200","-3.4888","-134.3383","-7.0627","17.0272","28.4703","-19.0334","3.0349","1.5126","null","null","null","91.6120","2314","5.8140",530447,502706,460026,467055,605412,593700,543063,607776,457706,457705,"54.6849","null","null","null","null","null","null","null",12,"4","Sinker",1,0,1,0,0,1,1,0,"Strategic","Standard"
"SI","2018-06-15","92.6","1.7642","6.0774","Derek Holland",571970,502706,"null","ball",,,,,"14","null","R","L","L","LAD","SF","B","null","null",0,1,2018,"1.4884","0.8906","0.7931","1.3136","null","null","null",0,2,"Bot","null","null",,,460026,,"180616_024119","-5.6401","-134.5521","-8.2171","19.0777","28.3696","-19.9648","3.1611","1.6178","null","null","null","92.0730","2376","5.9900",530447,502706,460026,467055,605412,593700,543063,607776,457706,457705,"54.5091","null","null","null","null","null","null","null",12,"2","Sinker",1,0,1,0,0,1,1,0,"Strategic","Standard"
"SI","2018-06-15","92.2","1.4617","6.1992","Derek Holland",571970,502706,"null","called_strike",,,,,"5","null","R","L","L","LAD","SF","S","null","null",0,0,2018,"1.0404","1.3646","-0.0564","2.2166","null","null","null",0,2,"Bot","null","null",,,460026,,"180616_024103","-6.0619","-133.9636","-7.1806","13.7140","28.6331","-14.5762","3.1602","1.6388","null","null","null","91.7600","2524","6.0840",530447,502706,460026,467055,605412,593700,543063,607776,457706,457705,"54.4154","null","null","null","null","null","null","null",12,"1","Sinker",1,0,1,0,0,1,1,0,"Strategic","Standard"
"FF","2018-06-15","91.7","-1.5252","6.5903","Ross Stripling",607776,548389,"null","called_strike",,,,,"3","null","R","R","R","LAD","SF","S","null","null",0,0,2018,"-0.1638","1.3230","0.4515","3.1601","null","null","null",2,2,"Top","null","null",,,518735,,"180616_023753","5.3389","-133.5376","-5.7217","-2.9600","24.8510","-15.4188","3.7977","1.7412","null","null","null","92.0750","2244","6.1700",530447,548389,518735,571970,523253,457759,621035,461314,571771,624577,"54.3288","null","null","null","null","null","null","null",11,"1","4-Seam Fastball",1,0,0,1,0,1,0,1,"Standard","Standard"
"FF","2018-06-15","92.1","-1.5180","6.6428","Ross Stripling",460026,548389,"null","ball",,,,,"14","null","R","R","R","LAD","SF","B","null","null",1,0,2018,"-0.4552","1.4312","1.2746","1.8267","null","null","null",1,2,"Top","null","null",,,518735,,"180616_023650","7.9679","-133.6757","-9.3750","-6.9132","25.2215","-13.6054","3.3760","1.6068","null","null","null","91.5850","2322","5.8430",530447,548389,518735,571970,523253,457759,621035,461314,571771,624577,"54.6561","null","null","null","null","null","null","null",10,"2","4-Seam Fastball",1,0,0,1,0,1,0,1,"Standard","Standard"
"SL","2018-06-15","88.2","-1.7497","6.5863","Ross Stripling",460026,548389,"null","ball",,,,,"14","null","R","R","R","LAD","SF","B","null","null",0,0,2018,"0.1824","0.6735","0.5798","0.4981","null","null","null",1,2,"Top","null","null",,,518735,,"180616_023627","5.2260","-128.0106","-9.9932","1.0354","23.1797","-23.2647","3.3970","1.6699","null","null","null","87.5460","2369","5.7480",530447,548389,518735,571970,523253,457759,621035,461314,571771,624577,"54.7515","null","null","null","null","null","null","null",10,"1","Slider",1,0,0,1,0,1,0,1,"Standard","Standard"
"KC","2018-06-15","80.3","-1.4915","6.5833","Ross Stripling",467055,548389,"null","ball",,,,,"14","null","R","L","R","LAD","SF","B","null","null",1,2,2018,"0.4870","-1.4290","0.4627","-0.6121","null","null","null",0,2,"Top","null","null",,,518735,,"180616_023505","3.3740","-116.6585","-6.4301","3.5817","24.1111","-43.6880","3.1283","1.4924","null","null","null","78.6540","2707","5.4480",530447,548389,518735,571970,523253,457759,621035,461314,571771,624577,"55.0509","null","null","null","null","null","null","null",9,"4","Knuckle Curve",1,0,0,1,0,1,0,1,"Standard","Standard"
"KC","2018-06-15","80.1","-1.4610","6.7196","Ross Stripling",467055,548389,"null","called_strike",,,,,"1","null","R","L","R","LAD","SF","S","null","null",1,1,2018,"0.3424","-1.2818","-0.5196","2.7687","null","null","null",0,2,"Top","null","null",,,518735,,"180616_023441","1.4282","-116.4393","0.2552","2.7083","21.5456","-43.6308","3.2857","1.5135","null","null","null","78.1880","2712","4.9620",530447,548389,518735,571970,523253,457759,621035,461314,571771,624577,"55.5372","null","null","null","null","null","null","null",9,"3","Knuckle Curve",1,0,0,1,0,1,0,1,"Standard","Standard"
"FF","2018-06-15","90.1","-1.5847","6.7069","Ross Stripling",467055,548389,"null","ball",,,,,"11","null","R","L","R","LAD","SF","B","null","null",0,0,2018,"-0.6590","1.5098","-1.1797","2.5769","null","null","null",0,2,"Top","null","null",,,518735,,"180616_023401","2.3704","-131.0019","-7.4344","-7.9988","26.0918","-13.6675","3.1494","1.5345","null","null","null","89.7700","2228","6.0030",530447,548389,518735,571970,523253,457759,621035,461314,571771,624577,"54.4959","null","null","null","null","null","null","null",9,"1","4-Seam Fastball",1,0,0,1,0,1,0,1,"Standard","Standard"
"SI","2018-06-15","92.8","1.7025","6.0457","Derek Holland",461314,502706,"strikeout","called_strike",,,,,"7","Matt Kemp called out on strikes.  ","R","R","L","LAD","SF","S",2,"null",3,2,2018,"1.1887","1.0601","-0.8092","1.9930","null","null","null",2,1,"Bot","null","null",,,460026,,"180616_023139","-8.9993","-134.7204","-6.8734","16.3654","27.9612","-18.0256","3.5799","1.8518","null","null","null","92.7810","2407","6.3070",530447,502706,460026,467055,605412,593700,543063,607776,457706,457705,"54.1919","null","null","0.00",1,0,0,"null",8,"7","Sinker",1,0,1,0,0,1,1,0,"Standard","Standard"
"SI","2018-06-15","93.5","1.6870","6.0545","Derek Holland",461314,502706,"null","ball",,,,,"13","null","R","R","L","LAD","SF","B","null","null",2,2,2018,"1.3025","1.1017","-1.3330","2.0735","null","null","null",2,1,"Bot","null","null",,,460026,,"180616_023118","-10.5337","-135.5581","-6.8417","18.1479","28.3715","-17.4763","3.5799","1.8299","null","null","null","92.9300","2463","6.0580",530447,502706,460026,467055,605412,593700,543063,607776,457706,457705,"54.4410","null","null","null","null","null","null","null",8,"6","Sinker",1,0,1,0,0,1,1,0,"Standard","Standard"
"SL","2018-06-15","80.5","1.7244","6.2253","Derek Holland",461314,502706,"null","ball",,,,,"13","null","R","R","L","LAD","SF","B","null","null",1,2,2018,"-0.0609","-0.1193","-1.3247","1.0413","null","null","null",2,1,"Bot","null","null",,,460026,,"180616_023027","-6.5632","-117.1223","-4.6971","0.4046","17.1216","-32.7711","3.6219","1.8719","null","null","null","80.1680","2227","5.5700",530447,502706,460026,467055,605412,593700,543063,607776,457706,457705,"54.9288","null","null","null","null","null","null","null",8,"4","Slider",1,0,1,0,0,1,1,0,"Standard","Standard"
"SL","2018-06-15","81.9","1.8715","6.1119","Derek Holland",461314,502706,"null","ball",,,,,"13","null","R","R","L","LAD","SF","B","null","null",0,1,2018,"0.1469","0.5380","-0.5318","1.0569","null","null","null",2,1,"Bot","null","null",,,460026,,"180616_022941","-5.6160","-118.9760","-5.7951","2.3822","21.5594","-26.3681","3.6851","1.8509","null","null","null","80.9150","2222","5.5860",530447,502706,460026,467055,605412,593700,543063,607776,457706,457705,"54.9127","null","null","null","null","null","null","null",8,"2","Slider",1,0,1,0,0,1,1,0,"Standard","Standard"
"SI","2018-06-15","92.3","1.7805","6.1483","Derek Holland",461314,502706,"null","called_strike",,,,,"7","null","R","R","L","LAD","SF","S","null","null",0,0,2018,"1.1551","1.2941","-0.3255","1.7876","null","null","null",2,1,"Bot","null","null",,,460026,,"180616_022927","-7.7958","-133.9748","-8.0234","15.4226","26.8217","-15.2485","3.7061","1.8939","null","null","null","92.0300","2536","6.1010",530447,502706,460026,467055,605412,593700,543063,607776,457706,457705,"54.3980","null","null","null","null","null","null","null",8,"1","Sinker",1,0,1,0,0,1,1,0,"Standard","Standard"
"SL","2018-06-15","82.9","1.8779","6.0896","Derek Holland",457759,502706,"null","ball",,,,,"13","null","R","R","L","LAD","SF","B","null","null",2,2,2018,"0.1025","0.6615","-1.4742","1.0866","null","null","null",1,1,"Bot","null","null",,,460026,,"180616_022820","-7.7519","-120.2678","-6.1207","2.4305","22.5601","-24.9626","3.5287","1.6451","null","null","null","81.9560","2366","5.7480",530447,502706,460026,467055,605412,593700,543063,607776,457706,457705,"54.7510","null","null","null","null","null","null","null",7,"7","Slider",1,0,1,0,0,1,1,0,"Standard","Standard"
"SI","2018-06-15","91.6","1.6785","6.1244","Derek Holland",457759,502706,"null","ball",,,,,"1","null","R","R","L","LAD","SF","B","null","null",1,1,2018,"1.0275","1.3147","-0.6814","3.2227","null","null","null",1,1,"Bot","null","null",,,460026,,"180616_022629","-8.1246","-133.1282","-4.2601","13.8496","27.8363","-15.9558","3.4017","1.4012","null","null","null","91.3410","2531","6.1420",530447,502706,460026,467055,605412,593700,543063,607776,457706,457705,"54.3572","null","null","null","null","null","null","null",7,"3","Sinker",1,0,1,0,0,1,1,0,"Standard","Standard"
"SI","2018-06-15","92.2","1.8722","6.1218","Derek Holland",457759,502706,"null","ball",,,,,"12","null","R","R","L","LAD","SF","B","null","null",0,0,2018,"1.0124","1.3600","0.9967","4.0963","null","null","null",1,1,"Bot","null","null",,,460026,,"180616_022543","-4.3510","-134.1542","-2.1896","12.9649","30.0669","-15.8245","3.5707","1.6241","null","null","null","91.3690","2446","5.8720",530447,502706,460026,467055,605412,593700,543063,607776,457706,457705,"54.6269","null","null","null","null","null","null","null",7,"1","Sinker",1,0,1,0,0,1,1,0,"Standard","Standard"
"SL","2018-06-15","80.8","1.7610","6.1477","Derek Holland",571771,502706,"null","ball",,,,,"14","null","R","R","L","LAD","SF","B","null","null",2,1,2018,"-0.1007","0.1543","0.7335","1.0933","null","null","null",1,1,"Bot","null","null",,,460026,,"180616_022416","-2.0576","-117.3901","-4.7736","-0.5041","22.2200","-30.1780","3.2079","1.5867","null","null","null","79.0480","1993","5.1530",530447,502706,460026,467055,605412,593700,543063,607776,457706,457705,"55.3460","null","null","null","null","null","null","null",6,"4","Slider",0,0,0,0,0,0,0,0,"Standard","Standard"
"KC","2018-06-15","80.1","1.6773","6.2220","Derek Holland",571771,502706,"null","ball",,,,,"12","null","R","R","L","LAD","SF","B","null","null",1,1,2018,"-0.1182","0.1520","1.1452","3.5680","null","null","null",1,1,"Bot","null","null",,,460026,,"180616_022359","-0.9434","-116.3769","0.6717","-0.8293","25.1972","-31.2834","3.2079","1.5867","null","null","null","78.4670","2019","5.5770",530447,502706,460026,467055,605412,593700,543063,607776,457706,457705,"54.9216","null","null","null","null","null","null","null",6,"3","Knuckle Curve",0,0,0,0,0,0,0,0,"Standard","Standard"
"SI","2018-06-15","92.4","1.7884","6.1216","Derek Holland",571771,502706,"null","ball",,,,,"11","null","R","R","L","LAD","SF","B","null","null",0,1,2018,"1.0555","1.3013","-1.4536","2.7383","null","null","null",1,1,"Bot","null","null",,,460026,,"180616_022340","-10.4242","-133.9874","-5.5206","14.7681","28.2183","-15.7389","3.1868","1.5867","null","null","null","91.6610","2395","5.9810",530447,502706,460026,467055,605412,593700,543063,607776,457706,457705,"54.5179","null","null","null","null","null","null","null",6,"2","Sinker",0,0,0,0,0,0,0,0,"Standard","Standard"
"SL","2018-06-15","80.2","1.7936","6.2886","Derek Holland",571771,502706,"null","called_strike",,,,,"6","null","R","R","L","LAD","SF","S","null","null",0,0,2018,"0.1840","0.0657","0.8169","2.7273","null","null","null",1,1,"Bot","null","null",,,460026,,"180616_022326","-2.4509","-116.4386","-1.1477","2.1369","25.3548","-31.6548","3.2490","1.5867","null","null","null","78.2990","1953","5.4410",530447,502706,460026,467055,605412,593700,543063,607776,457706,457705,"55.0584","null","null","null","null","null","null","null",6,"1","Slider",0,0,0,0,0,0,0,0,"Standard","Standard"
"SL","2018-06-15","83.3","2.0010","6.0675","Derek Holland",621035,502706,"null","ball",,,,,"13","null","R","R","L","LAD","SF","B","null","null",2,2,2018,"0.3190","0.7471","-0.8948","1.2278","null","null","null",0,1,"Bot","null","null",,,460026,,"180616_022233","-7.1777","-120.8704","-5.9011","4.6512","27.2531","-24.0212","3.5434","1.7211","null","null","null","81.8200","2166","5.8080",530447,502706,460026,467055,605412,593700,543063,607776,457706,457705,"54.6915","null","null","null","null","null","null","null",5,"5","Slider",0,0,0,0,0,0,0,0,"Standard","Standard"
"SL","2018-06-15","80.5","1.5933","6.2185","Derek Holland",621035,502706,"null","ball",,,,,"13","null","R","R","L","LAD","SF","B","null","null",1,1,2018,"-0.1792","0.1700","-0.7752","1.1948","null","null","null",0,1,"Bot","null","null",,,460026,,"180616_022143","-4.8507","-116.7851","-4.5293","-0.4419","27.2370","-29.9342","3.5854","1.7632","null","null","null","78.5910","2185","5.6670",530447,502706,460026,467055,605412,593700,543063,607776,457706,457705,"54.8320","null","null","null","null","null","null","null",5,"3","Slider",0,0,0,0,0,0,0,0,"Standard","Standard"
"SI","2018-06-15","91.5","1.6228","6.1984","Derek Holland",621035,502706,"null","ball",,,,,"11","null","R","R","L","LAD","SF","B","null","null",0,1,2018,"1.0723","1.3731","-0.6750","3.8453","null","null","null",0,1,"Bot","null","null",,,460026,,"180616_022126","-7.9882","-132.9093","-2.8990","14.2464","29.8944","-15.8307","3.5854","1.7422","null","null","null","90.4630","2454","5.8670",530447,502706,460026,467055,605412,593700,543063,607776,457706,457705,"54.6321","null","null","null","null","null","null","null",5,"2","Sinker",0,0,0,0,0,0,0,0,"Standard","Standard"
"SL","2018-06-15","87.5","-2.0949","6.3976","Ross Stripling",543063,548389,"null","ball",,,,,"13","null","R","L","R","LAD","SF","B","null","null",2,1,2018,"0.2348","0.4543","-1.8806","2.2798","null","605412.00","null",2,1,"Top","null","null",,,518735,,"180616_021655","0.0438","-127.4538","-4.7741","2.5302","22.2005","-26.6390","3.4045","1.6077","null","null","null","87.3390","2371","5.7930",530447,548389,518735,571970,523253,457759,621035,461314,571771,624577,"54.7059","null","null","null","null","null","null","null",4,"4","Slider",0,0,0,0,0,0,0,0,"Standard","Standard"
"SL","2018-06-15","88.0","-1.9158","6.5306","Ross Stripling",543063,548389,"null","ball",,,,,"12","null","R","L","R","LAD","SF","B","null","null",1,1,2018,"0.3742","0.5704","1.2065","3.6978","null","605412.00","null",2,1,"Top","null","null",,,518735,,"180616_021630","6.7240","-128.0987","-1.9928","2.8984","21.8790","-25.8801","3.4045","1.6288","null","null","null","87.3550","2456","5.4780",530447,548389,518735,571970,523253,457759,621035,461314,571771,624577,"55.0209","null","null","null","null","null","null","null",4,"3","Slider",0,0,0,0,0,0,0,0,"Standard","Standard"
"CH","2018-06-15","84.1","-2.2065","6.4132","Ross Stripling",543063,548389,"null","ball",,,,,"11","null","R","L","R","LAD","SF","B","null","null",0,0,2018,"-1.0583","0.5820","-1.6349","2.5697","null","605412.00","null",2,1,"Top","null","null",,,518735,,"180616_021540","3.3992","-122.4162","-3.7235","-11.2567","21.8351","-25.8546","3.5097","1.6288","null","null","null","84.2870","1601","6.1790",530447,548389,518735,571970,523253,457759,621035,461314,571771,624577,"54.3201","null","null","null","null","null","null","null",4,"1","Changeup",0,0,0,0,0,0,0,0,"Standard","Standard"
"FF","2018-06-15","92.1","-1.6719","6.6476","Ross Stripling",457705,548389,"null","ball",,,,,"11","null","R","R","R","LAD","SF","B","null","null",0,1,2018,"-0.5323","1.5989","-1.5100","4.4668","null","605412.00","null",1,1,"Top","null","null",,,518735,,"180616_021422","1.5714","-134.2091","-3.2187","-6.7820","28.1109","-12.3221","3.5149","1.6918","null","null","null","92.5030","2389","6.3790",530447,548389,518735,571970,523253,457759,621035,461314,571771,624577,"54.1197","null","null","null","null","null","null","null",3,"2","4-Seam Fastball",0,0,0,0,0,0,0,0,"Standard","Standard"
"SL","2018-06-15","88.1","-1.9077","6.5760","Ross Stripling",457705,548389,"null","called_strike",,,,,"9","null","R","R","R","LAD","SF","S","null","null",0,0,2018,"0.2830","0.8249","0.4962","1.5024","null","605412.00","null",1,1,"Top","null","null",,,518735,,"180616_021356","5.1899","-127.9527","-7.8124","2.0890","23.7113","-22.0599","3.4278","1.5719","null","null","null","87.2070","2378","5.6030",530447,548389,518735,571970,523253,457759,621035,461314,571771,624577,"54.8960","null","null","null","null","null","null","null",3,"1","Slider",0,0,0,0,0,0,0,0,"Standard","Standard"
"FF","2018-06-15","93.6","-1.7835","6.5961","Ross Stripling",593700,548389,"null","ball",,,,,"11","null","R","L","R","LAD","SF","B","null","null",0,2,2018,"-0.4936","1.4267","-0.4903","3.9009","null","605412.00","null",0,1,"Top","null","null",,,518735,,"180616_021251","4.4144","-136.3006","-4.3883","-7.0512","27.6281","-13.6943","3.3120","1.7403","null","null","null","93.8310","2343","6.2110",530447,548389,518735,571970,523253,457759,621035,461314,571771,624577,"54.2880","null","null","null","null","null","null","null",2,"3","4-Seam Fastball",0,0,0,0,0,0,0,0,"Standard","Standard"
"SL","2018-06-15","86.7","-2.0759","6.6422","Ross Stripling",593700,548389,"null","called_strike",,,,,"3","null","R","L","R","LAD","SF","S","null","null",0,0,2018,"0.3603","0.6405","0.3381","3.1664","null","605412.00","null",0,1,"Top","null","null",,,518735,,"180616_021151","4.9859","-126.1740","-3.4323","2.9338","21.5065","-25.0791","3.4071","1.8245","null","null","null","86.0790","2395","5.5250",530447,548389,518735,571970,523253,457759,621035,461314,571771,624577,"54.9739","null","null","null","null","null","null","null",2,"1","Slider",0,0,0,0,0,0,0,0,"Standard","Standard"
"FF","2018-06-15","91.8","-1.6466","6.6667","Ross Stripling",605412,548389,"null","called_strike",,,,,"7","null","R","L","R","LAD","SF","S","null","null",0,0,2018,"-0.3786","1.6648","-0.6655","1.6888","null","null","null",0,1,"Top","null","null",,,518735,,"180616_021032","3.2832","-133.4539","-10.3285","-5.1601","25.6660","-10.4717","3.1229","1.4515","null","null","null","91.8980","2279","6.1640",530447,548389,518735,571970,523253,457759,621035,461314,571771,624577,"54.3349","null","null","null","null","null","null","null",1,"1","4-Seam Fastball",0,0,0,0,0,0,0,0,"Infield shift","Standard"