"pitch_type","game_date","release_speed","release_pos_x","release_pos_z","player_name","batter","pitcher","events","description","spin_dir","spin_rate_deprecated","break_angle_deprecated","break_length_deprecated","zone","des","game_type","stand","p_throws","home_team","away_team","type","hit_location","bb_type","balls","strikes","game_year","pfx_x","pfx_z","plate_x","plate_z","on_3b","on_2b","on_1b","outs_when_up","inning","inning_topbot","hc_x","hc_y","tfs_deprecated","tfs_zulu_deprecated","pos2_person_id","umpire","sv_id","vx0","vy0","vz0","ax","ay","az","sz_top","sz_bot","hit_distance_sc","launch_speed","launch_angle","effective_speed","release_spin_rate","release_extension","game_pk","pos1_person_id","pos2_person_id","pos3_person_id","pos4_person_id","pos5_person_id","pos6_person_id","pos7_person_id","pos8_person_id","pos9_person_id","release_pos_y","estimated_ba_using_speedangle","estimated_woba_using_speedangle","woba_value","woba_denom","babip_value","iso_value","launch_speed_angle","at_bat_number","pitch_number","pitch_name","home_score","away_score","bat_score","fld_score","post_away_score","post_home_score","post_bat_score","post_fld_score","if_fielding_alignment","of_fielding_alignment"
"FT","2018-09-08","94.8","-0.7694","5.9463","Jeremy Jeffress",453923,502026,"null","ball",,,,,"11","null","R","L","R","MIL","SF","B","null","null",2,2,2018,"-1.7827","0.7683","-1.5415","2.6925","null","null","622046.00",2,9,"Top","null","null",,,444489,,"180909_020353","1.9414","-138.1130","-4.5812","-23.1986","29.3116","-21.5920","3.0656","1.3827","null","null","null","94.9760","2034","6.2200",531537,502026,444489,543768,541650,519058,606115,592885,456715,542979,"54.2794","null","null","null","null","null","null","null",68,"7","2-Seam Fastball",4,3,3,4,3,4,3,4,"Standard","Strategic"
"KC","2018-09-08","80.7","-0.7540","5.7140","Jeremy Jeffress",453923,502026,"null","ball",,,,,"9","null","R","L","R","MIL","SF","B","null","null",1,2,2018,"0.6056","-0.7648","0.6010","1.3480","null","null","622046.00",2,9,"Top","null","null",,,444489,,"180909_020324","1.8685","-117.4715","-1.6327","5.2046","21.7936","-39.1085","3.0656","1.3827","null","null","null","80.4110","2400","6.0250",531537,502026,444489,543768,541650,519058,606115,592885,456715,542979,"54.4740","null","null","null","null","null","null","null",68,"6","Knuckle Curve",4,3,3,4,3,4,3,4,"Standard","Strategic"
"FT","2018-09-08","95.0","-0.7762","5.6501","Jeremy Jeffress",453923,502026,"null","called_strike",,,,,"13","null","R","L","R","MIL","SF","S","null","null",1,1,2018,"-1.4648","0.6834","-0.8524","2.0524","null","null","622046.00",2,9,"Top","null","null",,,444489,,"180909_020051","3.0739","-138.4017","-5.3788","-19.5725","27.0857","-22.4601","3.1528","1.4698","null","null","null","95.6350","2132","6.3170",531537,502026,444489,543768,541650,519058,606115,592885,456715,542979,"54.1823","null","null","null","null","null","null","null",68,"3","2-Seam Fastball",4,3,3,4,3,4,3,4,"Standard","Standard"
"FT","2018-09-08","95.1","-0.8879","5.5983","Jeremy Jeffress",453923,502026,"null","ball",,,,,"14","null","R","L","R","MIL","SF","B","null","null",0,0,2018,"-1.4583","0.6093","0.4355","1.2485","null","null","622046.00",2,9,"Top","null","null",,,444489,,"180909_015956","6.7312","-138.2826","-7.1735","-20.1876","27.1224","-23.0735","3.1528","1.5861","null","null","null","95.5860","2083","6.3420",531537,502026,444489,543768,541650,519058,606115,592885,456715,542979,"54.1573","null","null","null","null","null","null","null",68,"1","2-Seam Fastball",4,3,3,4,3,4,3,4,"Standard","Standard"
"FT","2018-09-08","94.7","-0.9480","5.6775","Jeremy Jeffress",622046,502026,"walk","ball",,,,,"13","Chris Shaw walks.  ","R","L","R","MIL","SF","B","null","null",3,1,2018,"-1.8248","0.6873","-1.2270","1.6977","null","null","null",2,9,"Top","null","null",,,444489,,"180909_015908","3.3226","-137.7978","-6.2809","-23.9849","28.2308","-22.3118","3.4851","1.7314","null","null","null","94.9490","2090","6.2610",531537,502026,444489,543768,541650,519058,606115,592885,456715,542979,"54.2379","null","null","0.70",1,0,0,"null",67,"5","2-Seam Fastball",4,3,3,4,3,4,3,4,"Strategic","Standard"
"FT","2018-09-08","95.6","-0.9972","5.6655","Jeremy Jeffress",622046,502026,"null","ball",,,,,"13","null","R","L","R","MIL","SF","B","null","null",2,1,2018,"-1.7884","0.8054","-1.4035","2.5840","null","null","null",2,9,"Top","null","null",,,444489,,"180909_015846","2.9334","-139.2511","-4.3548","-23.8986","28.9705","-20.9853","3.4725","1.7605","null","null","null","95.8730","2108","6.2270",531537,502026,444489,543768,541650,519058,606115,592885,456715,542979,"54.2722","null","null","null","null","null","null","null",67,"4","2-Seam Fastball",4,3,3,4,3,4,3,4,"Strategic","Standard"
"KC","2018-09-08","80.7","-0.9381","5.7396","Jeremy Jeffress",622046,502026,"null","ball",,,,,"13","null","R","L","R","MIL","SF","B","null","null",1,0,2018,"0.4521","-0.2793","-0.4445","0.4473","null","null","null",2,9,"Top","null","null",,,444489,,"180909_015758","0.2513","-117.4251","-4.5237","4.0434","23.5324","-34.0498","3.4851","1.7023","null","null","null","79.8880","2553","5.8630",531537,502026,444489,543768,541650,519058,606115,592885,456715,542979,"54.6366","null","null","null","null","null","null","null",67,"2","Knuckle Curve",4,3,3,4,3,4,3,4,"Strategic","Standard"
"KC","2018-09-08","81.2","-0.9467","5.7776","Jeremy Jeffress",622046,502026,"null","ball",,,,,"13","null","R","L","R","MIL","SF","B","null","null",0,0,2018,"0.3437","-0.9209","-1.2451","2.0421","null","null","null",2,9,"Top","null","null",,,444489,,"180909_015740","-1.2970","-118.1424","0.0038","3.3983","23.6084","-40.8431","3.4851","1.7023","null","null","null","80.2230","2517","5.7350",531537,502026,444489,543768,541650,519058,606115,592885,456715,542979,"54.7644","null","null","null","null","null","null","null",67,"1","Knuckle Curve",4,3,3,4,3,4,3,4,"Strategic","Standard"
"FF","2018-09-08","95.6","-0.7594","5.8609","Jeremy Jeffress",593700,502026,"null","ball",,,,,"12","null","R","L","R","MIL","SF","B","null","null",0,2,2018,"-0.5075","1.5265","0.6537","4.2886","null","null","null",1,9,"Top","null","null",,,444489,,"180909_015543","4.8804","-139.1682","-1.9568","-7.7200","32.4263","-12.1363","3.4725","1.6442","null","null","null","95.6670","2342","6.3920",531537,502026,444489,543768,541650,519058,606115,592885,456715,542979,"54.1072","null","null","null","null","null","null","null",66,"3","4-Seam Fastball",4,3,3,4,3,4,3,4,"Standard","Standard"
"KC","2018-09-08","81.8","-0.9152","5.7523","Jeremy Jeffress",474832,502026,"strikeout","called_strike",,,,,"7","Brandon Belt called out on strikes.  ","R","L","R","MIL","SF","S",2,"null",3,2,2018,"0.7192","-0.2532","-0.3348","1.7090","null","null","null",0,9,"Top","null","null",,,444489,,"180909_015341","-0.0457","-119.1199","-2.1042","6.7458","21.6304","-34.3949","3.2691","1.5861","null","null","null","81.2860","2515","5.7760",531537,502026,444489,543768,541650,519058,606115,592885,456715,542979,"54.7229","null","null","0.00",1,0,0,"null",65,"7","Knuckle Curve",4,3,3,4,3,4,3,4,"Strategic","Standard"
"FF","2018-09-08","95.8","-0.7735","5.8705","Jeremy Jeffress",474832,502026,"null","ball",,,,,"12","null","R","L","R","MIL","SF","B","null","null",2,2,2018,"-0.4260","1.3733","0.1623","3.6980","null","null","null",0,9,"Top","null","null",,,444489,,"180909_015251","3.4270","-139.5215","-3.2684","-6.2809","28.6447","-13.7241","3.2691","1.5861","null","null","null","96.1370","2275","6.2410",531537,502026,444489,543768,541650,519058,606115,592885,456715,542979,"54.2587","null","null","null","null","null","null","null",65,"5","4-Seam Fastball",4,3,3,4,3,4,3,4,"Strategic","Standard"
"KC","2018-09-08","80.9","-0.9171","5.7976","Jeremy Jeffress",474832,502026,"null","called_strike",,,,,"5","null","R","L","R","MIL","SF","S","null","null",2,0,2018,"0.4407","-0.8285","-0.0793","2.2591","null","null","null",0,9,"Top","null","null",,,444489,,"180909_015202","1.0351","-117.6936","0.3308","3.7917","23.6799","-40.0184","3.2981","1.5280","null","null","null","79.9780","2542","5.8020",531537,502026,444489,543768,541650,519058,606115,592885,456715,542979,"54.6971","null","null","null","null","null","null","null",65,"3","Knuckle Curve",4,3,3,4,3,4,3,4,"Strategic","Standard"
"KC","2018-09-08","80.8","-0.8527","5.8126","Jeremy Jeffress",474832,502026,"null","ball",,,,,"11","null","R","L","R","MIL","SF","B","null","null",1,0,2018,"0.6313","-0.4273","-1.2618","2.7237","null","null","null",0,9,"Top","null","null",,,444489,,"180909_015146","-2.0636","-117.5395","0.5428","6.1216","21.8451","-36.3995","3.2981","1.4989","null","null","null","80.0540","2496","5.7480",531537,502026,444489,543768,541650,519058,606115,592885,456715,542979,"54.7513","null","null","null","null","null","null","null",65,"2","Knuckle Curve",4,3,3,4,3,4,3,4,"Strategic","Standard"
"FF","2018-09-08","94.1","-0.6278","6.0608","Jeremy Jeffress",474832,502026,"null","ball",,,,,"11","null","R","L","R","MIL","SF","B","null","null",0,0,2018,"-0.6380","1.3427","-1.5341","3.1466","null","null","null",0,9,"Top","null","null",,,444489,,"180909_015127","-0.9478","-136.9336","-4.7847","-7.7481","29.8471","-14.6153","3.3563","1.5570","null","null","null","93.7850","2287","6.0730",531537,502026,444489,543768,541650,519058,606115,592885,456715,542979,"54.4263","null","null","null","null","null","null","null",65,"1","4-Seam Fastball",4,3,3,4,3,4,3,4,"Strategic","Standard"
"FF","2018-09-08","94.5","1.7121","6.5984","Will Smith",542979,519293,"null","called_strike",,,,,"14","null","R","R","L","MIL","SF","S","null","null",0,1,2018,"0.2251","1.3021","0.1401","1.4882","null","592885.00","null",2,8,"Bot","null","null",,,605244,,"180909_014833","-4.4988","-137.1842","-10.2592","3.7064","28.5985","-14.2625","3.3272","1.6152","null","null","null","93.1240","2258","5.4770",531537,519293,605244,624507,605412,446334,593700,452254,491676,453923,"55.0220","null","null","null","null","null","null","null",64,"2","4-Seam Fastball",4,3,4,3,3,4,4,3,"Standard","Standard"
"FT","2018-09-08","87.2","1.8523","6.5839","Will Smith",542583,519293,"null","ball",,,,,"12","null","R","R","L","MIL","SF","B","null","null",1,1,2018,"0.8966","0.6941","1.5662","3.8915","null","null","592885.00",1,8,"Bot","null","null",,,605244,,"180909_014541","-2.4961","-127.0230","-1.7360","10.1073","25.6549","-24.6170","3.5598","1.7023","null","null","null","86.9190","1862","6.0210",531537,519293,605244,624507,605412,446334,593700,452254,491676,453923,"54.4788","null","null","null","null","null","null","null",63,"3","2-Seam Fastball",4,3,4,3,3,4,4,3,"Standard","Standard"
"FF","2018-09-08","92.7","1.7014","6.6199","Will Smith",542583,519293,"null","called_strike",,,,,"3","null","R","R","L","MIL","SF","S","null","null",1,0,2018,"0.1200","1.5147","0.5088","3.3959","null","null","592885.00",1,8,"Bot","null","null",,,605244,,"180909_014512","-3.2859","-134.8009","-5.6738","2.1529","28.9641","-12.9269","3.5598","1.7023","null","null","null","92.2040","2162","6.0040",531537,519293,605244,624507,605412,446334,593700,452254,491676,453923,"54.4955","null","null","null","null","null","null","null",63,"2","4-Seam Fastball",4,3,4,3,3,4,4,3,"Standard","Standard"
"CU","2018-09-08","76.9","2.0471","6.6747","Will Smith",542583,519293,"null","ball",,,,,"12","null","R","R","L","MIL","SF","B","null","null",0,0,2018,"-1.4535","-0.6718","0.1616","4.1001","null","null","592885.00",1,8,"Bot","null","null",,,605244,,"180909_014450","-1.4559","-111.6555","2.6560","-11.2769","21.0903","-38.3152","3.5598","1.7023","null","null","null","74.7900","1870","4.9650",531537,519293,605244,624507,605412,446334,593700,452254,491676,453923,"55.5338","null","null","null","null","null","null","null",63,"1","Curveball",4,3,4,3,3,4,4,3,"Standard","Standard"
"SL","2018-09-08","81.7","2.1194","6.3470","Will Smith",592885,519293,"null","called_strike",,,,,"4","null","R","L","L","MIL","SF","S","null","null",1,0,2018,"-1.1526","-0.2777","-0.3155","2.3450","null","null","null",0,8,"Bot","null","null",,,605244,,"180909_014202","-3.2888","-118.9656","-1.9770","-10.1969","20.4704","-34.6515","3.3853","1.6733","null","null","null","81.1590","2390","5.6540",531537,519293,605244,624507,605412,446334,593700,452254,491676,453923,"54.8450","null","null","null","null","null","null","null",61,"2","Slider",4,3,4,3,3,4,4,3,"Standard","Standard"
"CU","2018-09-08","76.6","1.8771","6.7074","Will Smith",592885,519293,"null","ball",,,,,"2","null","R","L","L","MIL","SF","B","null","null",0,0,2018,"-1.1936","-0.7568","-0.1986","3.7156","null","null","null",0,8,"Bot","null","null",,,605244,,"180909_014143","-2.2778","-111.2771","1.9278","-9.0836","19.4508","-38.8001","3.7051","1.7314","null","null","null","74.7980","2053","4.9950",531537,519293,605244,624507,605412,446334,593700,452254,491676,453923,"55.5043","null","null","null","null","null","null","null",61,"1","Curveball",4,3,4,3,3,4,4,3,"Standard","Standard"
"KC","2018-09-08","79.7","-0.9346","5.7922","Jeremy Jeffress",452254,502026,"null","ball",,,,,"14","null","R","R","R","MIL","SF","B","null","null",0,2,2018,"0.7012","-1.1456","0.3012","-0.4546","null","543063.00","446334.00",2,8,"Top","null","null",,,444489,,"180909_013804","1.4074","-115.7733","-4.7063","5.8133","24.7154","-41.4374","3.3563","1.5280","null","null","null","78.3620","2348","5.7720",531537,502026,444489,542583,543768,519058,606115,592885,456715,542979,"54.7277","null","null","null","null","null","null","null",60,"3","Knuckle Curve",4,3,3,4,3,4,3,4,"Standard","Standard"
"FF","2018-09-08","93.7","-0.7837","6.0485","Jeremy Jeffress",446334,502026,"null","ball",,,,,"1","null","R","R","R","MIL","SF","B","null","null",0,0,2018,"-0.4580","1.3537","-0.3952","3.4457","null","null","543063.00",2,8,"Top","null","null",,,444489,,"180909_013500","2.0003","-136.3468","-3.9469","-6.1088","29.7546","-14.7723","3.6470","1.7895","null","null","null","93.4680","2154","6.1360",531537,502026,444489,542583,543768,519058,606115,592885,456715,542979,"54.3638","null","null","null","null","null","null","null",59,"1","4-Seam Fastball",4,3,3,4,3,4,3,4,"Infield shift","Standard"
"FC","2018-09-08","87.1","1.8460","6.5720","Xavier Cedeno",543063,458584,"walk","ball",,,,,"12","Brandon Crawford walks.  ","R","L","L","MIL","SF","B","null","null",3,2,2018,"-0.8409","0.3950","0.2280","4.3175","null","null","null",2,8,"Top","null","null",,,444489,,"180909_013140","-2.1912","-126.7140","-0.1013","-8.3829","22.7289","-28.2743","3.3563","1.5280","null","null","null","85.7820","2254","5.1820",531537,458584,444489,542583,543768,519058,606115,592885,456715,542979,"55.3174","null","null","0.70",1,0,0,"null",58,"6","Cutter",4,3,3,4,3,4,3,4,"Standard","Standard"
"FC","2018-09-08","86.2","1.9782","6.5289","Xavier Cedeno",543063,458584,"null","ball",,,,,"7","null","R","L","L","MIL","SF","B","null","null",2,2,2018,"-0.9629","0.4637","-0.3680","1.6883","null","null","null",2,8,"Top","null","null",,,444489,,"180909_013111","-3.6286","-125.3676","-6.1506","-9.2770","22.5099","-26.5196","3.2981","1.4989","null","null","null","85.2760","2336","5.4710",531537,458584,444489,542583,543768,519058,606115,592885,456715,542979,"55.0280","null","null","null","null","null","null","null",58,"5","Cutter",4,3,3,4,3,4,3,4,"Standard","Standard"
"FC","2018-09-08","87.1","1.8893","6.5645","Xavier Cedeno",543063,458584,"null","ball",,,,,"11","null","R","L","L","MIL","SF","B","null","null",1,1,2018,"-0.6343","0.4504","-0.6365","3.7174","null","null","null",2,8,"Top","null","null",,,444489,,"180909_013016","-4.7296","-126.6908","-1.6073","-5.8169","22.7879","-27.3814","3.3563","1.5570","null","null","null","86.1050","2280","5.4080",531537,458584,444489,542583,543768,519058,606115,592885,456715,542979,"55.0912","null","null","null","null","null","null","null",58,"3","Cutter",4,3,3,4,3,4,3,4,"Standard","Standard"
"FC","2018-09-08","86.9","1.8956","6.5516","Xavier Cedeno",543063,458584,"null","ball",,,,,"13","null","R","L","L","MIL","SF","B","null","null",0,1,2018,"-0.9290","0.7208","-1.2091","2.0786","null","null","null",2,8,"Top","null","null",,,444489,,"180909_012955","-5.5056","-126.3668","-5.9170","-8.7255","22.0481","-23.8574","3.3563","1.5570","null","null","null","85.7540","2426","5.2700",531537,458584,444489,542583,543768,519058,606115,592885,456715,542979,"55.2294","null","null","null","null","null","null","null",58,"2","Cutter",4,3,3,4,3,4,3,4,"Standard","Standard"
"CH","2018-09-08","88.0","-3.0407","5.1857","Joakim Soria",605412,465657,"null","ball",,,,,"13","null","R","L","R","MIL","SF","B","null","null",2,1,2018,"-0.8796","0.0747","-0.7144","0.8410","null","null","null",1,8,"Top","null","null",,,444489,,"180909_012543","7.3750","-127.8622","-4.5580","-10.9946","25.3040","-30.6890","3.2109","1.4698","null","null","null","87.4420","1330","5.9300",531537,465657,444489,542583,543768,519058,606115,592885,456715,542979,"54.5698","null","null","null","null","null","null","null",57,"4","Changeup",4,3,3,4,3,4,3,4,"Standard","Standard"
"CH","2018-09-08","89.1","-2.1768","5.8348","Joakim Soria",605412,465657,"null","ball",,,,,"14","null","R","L","R","MIL","SF","B","null","null",1,1,2018,"-1.1121","0.4899","0.6230","0.8022","null","null","null",1,8,"Top","null","null",,,444489,,"180909_012526","9.1931","-129.3618","-7.3820","-14.2871","24.0247","-25.4534","3.2981","1.6152","null","null","null","89.3740","1505","6.3380",531537,465657,444489,542583,543768,519058,606115,592885,456715,542979,"54.1617","null","null","null","null","null","null","null",57,"3","Changeup",4,3,3,4,3,4,3,4,"Standard","Standard"
"FF","2018-09-08","93.2","-2.4895","5.6458","Joakim Soria",605412,465657,"null","ball",,,,,"13","null","R","L","R","MIL","SF","B","null","null",0,0,2018,"-0.4440","1.4496","-0.9187","1.9579","null","null","null",1,8,"Top","null","null",,,444489,,"180909_012450","4.9736","-135.4561","-6.8249","-6.4826","28.8547","-13.2389","3.2691","1.5861","null","null","null","92.8230","2299","6.0760",531537,465657,444489,542583,543768,519058,606115,592885,456715,542979,"54.4230","null","null","null","null","null","null","null",57,"1","4-Seam Fastball",4,3,3,4,3,4,3,4,"Standard","Standard"
"CH","2018-09-08","87.8","-2.1233","5.9164","Joakim Soria",453923,465657,"null","ball",,,,,"13","null","R","L","R","MIL","SF","B","null","null",2,2,2018,"-1.2570","0.5237","-0.3184","-0.0577","null","null","null",1,8,"Top","null","null",,,444489,,"180909_012238","6.9020","-127.4891","-9.3831","-14.9736","24.0365","-24.9168","3.1528","1.5280","null","null","null","87.6160","1551","6.1060",531537,465657,444489,542583,543768,519058,606115,592885,456715,542979,"54.3930","null","null","null","null","null","null","null",55,"5","Changeup",4,1,1,4,1,4,1,4,"Standard","Standard"
"FF","2018-09-08","91.6","-1.9773","5.8592","Joakim Soria",453923,465657,"null","ball",,,,,"12","null","R","L","R","MIL","SF","B","null","null",1,1,2018,"-0.2517","1.5811","1.3177","2.9434","null","null","null",1,8,"Top","null","null",,,444489,,"180909_012154","8.8035","-132.8765","-4.7564","-5.0318","31.6819","-12.8689","3.1818","1.5280","null","null","null","90.6240","2407","6.1250",531537,465657,444489,542583,543768,519058,606115,592885,456715,542979,"54.3742","null","null","null","null","null","null","null",55,"3","4-Seam Fastball",4,1,1,4,1,4,1,4,"Standard","Standard"
"FF","2018-09-08","93.0","-2.3983","5.7882","Joakim Soria",453923,465657,"null","ball",,,,,"12","null","R","L","R","MIL","SF","B","null","null",0,0,2018,"-0.2064","1.6496","0.6809","3.5951","null","null","null",1,8,"Top","null","null",,,444489,,"180909_012057","8.3532","-135.2237","-3.4502","-4.3758","29.8629","-11.3967","3.2400","1.5280","null","null","null","93.0280","2342","6.3770",531537,465657,444489,542583,543768,519058,606115,592885,456715,542979,"54.1219","null","null","null","null","null","null","null",55,"1","4-Seam Fastball",4,1,1,4,1,4,1,4,"Standard","Standard"
"SI","2018-09-08","90.3","2.6457","6.4097","Ty Blach",456715,621389,"strikeout","called_strike",,,,,"13","Lorenzo Cain called out on strikes.  ","R","R","L","MIL","SF","S",2,"null",1,2,2018,"1.1759","0.8480","-0.4558","1.6523","null","null","null",2,7,"Bot","null","null",,,605244,,"180909_011639","-9.8596","-130.7156","-7.3648","15.0650","28.2672","-21.5364","3.6470","1.7895","null","null","null","88.0050","2202","5.2020",531537,621389,605244,488818,605509,446334,593700,452254,491676,453923,"55.2977","null","null","0.00",1,0,0,"null",53,"7","Sinker",4,1,4,1,1,4,4,1,"Standard","Standard"
"SL","2018-09-08","79.8","2.7990","6.2127","Ty Blach",456715,621389,"null","ball",,,,,"13","null","R","R","L","MIL","SF","B","null","null",0,2,2018,"-0.7319","-0.0881","-2.1240","0.3447","null","null","null",2,7,"Bot","null","null",,,605244,,"180909_011511","-9.2253","-115.5772","-5.7654","-4.4284","22.2646","-32.1142","3.6470","1.7314","null","null","null","77.2410","2439","4.8010",531537,621389,605244,488818,605509,446334,593700,452254,491676,453923,"55.6983","null","null","null","null","null","null","null",53,"3","Slider",4,1,4,1,1,4,4,1,"Standard","Standard"
"SI","2018-09-08","90.6","2.7800","6.4620","Ty Blach",456715,621389,"null","called_strike",,,,,"8","null","R","R","L","MIL","SF","S","null","null",0,1,2018,"1.3150","0.6069","-0.0991","1.7588","null","null","null",2,7,"Bot","null","null",,,605244,,"180909_011456","-9.4275","-131.0007","-6.6678","16.2660","29.3646","-24.4767","3.6760","1.8186","null","null","null","86.9930","2195","4.5000",531537,621389,605244,488818,605509,446334,593700,452254,491676,453923,"55.9996","null","null","null","null","null","null","null",53,"2","Sinker",4,1,4,1,1,4,4,1,"Standard","Standard"
"CU","2018-09-08","77.1","2.7456","6.5922","Ty Blach",456715,621389,"null","called_strike",,,,,"4","null","R","R","L","MIL","SF","S","null","null",0,0,2018,"-0.8665","-1.0107","-0.3817","2.6737","null","null","null",2,7,"Bot","null","null",,,605244,,"180909_011437","-4.9843","-111.7452","0.3869","-5.8343","21.0374","-40.4756","3.6179","1.7605","null","null","null","74.1360","2416","4.4080",531537,621389,605244,488818,605509,446334,593700,452254,491676,453923,"56.0910","null","null","null","null","null","null","null",53,"1","Curveball",4,1,4,1,1,4,4,1,"Standard","Standard"
"SI","2018-09-08","90.0","2.6898","6.5804","Ty Blach",570267,621389,"null","called_strike",,,,,"13","null","R","R","L","MIL","SF","S","null","null",0,1,2018,"1.2328","0.8463","-0.6042","1.6399","null","null","null",1,7,"Bot","null","null",,,605244,,"180909_011341","-10.2129","-130.0882","-7.5886","15.3567","28.2507","-21.8233","3.7051","1.8767","null","null","null","86.5840","2131","4.5710",531537,621389,605244,488818,605509,446334,593700,452254,491676,453923,"55.9282","null","null","null","null","null","null","null",52,"2","Sinker",4,1,4,1,1,4,4,1,"Standard","Standard"
"SI","2018-09-08","90.0","2.8994","6.3132","Ty Blach",606115,621389,"null","ball",,,,,"13","null","R","R","L","MIL","SF","B","null","null",2,2,2018,"1.3254","0.9009","-0.1300","0.8807","null","null","null",0,7,"Bot","null","null",,,605244,,"180909_011214","-9.8301","-130.2328","-8.9699","16.3433","26.7419","-20.8834","3.4144","1.6442","null","null","null","87.2310","2156","4.8030",531537,621389,605244,488818,605509,446334,593700,452254,491676,453923,"55.6963","null","null","null","null","null","null","null",51,"5","Sinker",4,1,4,1,1,4,4,1,"Standard","Standard"
"SL","2018-09-08","77.7","2.9857","6.3590","Ty Blach",606115,621389,"null","ball",,,,,"13","null","R","R","L","MIL","SF","B","null","null",1,2,2018,"-0.9114","-0.1391","-0.3489","0.3649","null","null","null",0,7,"Bot","null","null",,,605244,,"180909_011151","-5.3991","-112.8129","-5.5430","-6.4602","19.0773","-32.6436","3.3563","1.6152","null","null","null","75.4790","2280","4.6330",531537,621389,605244,488818,605509,446334,593700,452254,491676,453923,"55.8668","null","null","null","null","null","null","null",51,"4","Slider",4,1,4,1,1,4,4,1,"Standard","Standard"
"SI","2018-09-08","89.9","2.8956","6.4409","Ty Blach",606115,621389,"null","called_strike",,,,,"8","null","R","R","L","MIL","SF","S","null","null",1,1,2018,"1.1172","1.0852","-0.2367","2.1700","null","null","null",0,7,"Bot","null","null",,,605244,,"180909_011135","-9.6206","-130.1427","-6.5192","13.9062","25.4525","-19.5011","3.5888","1.7314","null","null","null","87.0590","2155","4.6280",531537,621389,605244,488818,605509,446334,593700,452254,491676,453923,"55.8711","null","null","null","null","null","null","null",51,"3","Sinker",4,1,4,1,1,4,4,1,"Standard","Standard"
"CH","2018-09-08","78.9","2.7394","6.5076","Ty Blach",606115,621389,"null","called_strike",,,,,"12","null","R","R","L","MIL","SF","S","null","null",1,0,2018,"1.2334","0.6624","0.8670","3.1040","null","null","null",0,7,"Bot","null","null",,,605244,,"180909_011120","-5.9682","-114.4775","-1.7220","11.2162","19.1995","-26.6841","3.5888","1.7605","null","null","null","76.3650","1941","4.4170",531537,621389,605244,488818,605509,446334,593700,452254,491676,453923,"56.0828","null","null","null","null","null","null","null",51,"2","Changeup",4,1,4,1,1,4,4,1,"Standard","Standard"
"SI","2018-09-08","88.5","2.9461","6.4751","Ty Blach",606115,621389,"null","ball",,,,,"12","null","R","R","L","MIL","SF","B","null","null",0,0,2018,"1.1694","1.0071","1.4256","2.6137","null","null","null",0,7,"Bot","null","null",,,605244,,"180909_011108","-5.8193","-128.4712","-5.1955","13.4456","24.7109","-20.8343","3.5016","1.6152","null","null","null","86.1620","2113","4.7660",531537,621389,605244,488818,605509,446334,593700,452254,491676,453923,"55.7331","null","null","null","null","null","null","null",51,"1","Sinker",4,1,4,1,1,4,4,1,"Standard","Standard"
"FF","2018-09-08","98.0","-2.1638","5.9695","Corey Knebel",593700,608349,"strikeout","called_strike",,,,,"7","Alen Hanson called out on strikes.  ","R","L","R","MIL","SF","S",2,"null",2,2,2018,"-0.4673","1.3801","-0.7138","1.9900","null","null","null",2,7,"Top","null","null",,,444489,,"180909_010854","5.0429","-142.5433","-8.5701","-7.5646","31.0340","-11.3966","3.5598","1.7023","null","null","null","98.8620","2375","6.6760",531537,608349,444489,542583,543768,519058,606115,592885,456715,542979,"53.8235","null","null","0.00",1,0,0,"null",50,"5","4-Seam Fastball",4,1,1,4,1,4,1,4,"Standard","Standard"
"KC","2018-09-08","81.9","-2.3434","5.9449","Corey Knebel",593700,608349,"null","ball",,,,,"11","null","R","L","R","MIL","SF","B","null","null",1,1,2018,"0.7270","-1.3985","-1.2193","3.1903","null","null","null",2,7,"Top","null","null",,,444489,,"180909_010757","1.1381","-119.1022","3.0882","6.5964","24.9980","-46.2132","3.3853","1.5861","null","null","null","81.4170","2404","6.2070",531537,608349,444489,542583,543768,519058,606115,592885,456715,542979,"54.2919","null","null","null","null","null","null","null",50,"3","Knuckle Curve",4,1,1,4,1,4,1,4,"Standard","Standard"
"FF","2018-09-08","97.6","-2.6986","5.9392","Corey Knebel",593700,608349,"null","ball",,,,,"1","null","R","L","R","MIL","SF","B","null","null",0,1,2018,"-0.2155","1.3727","-0.7716","2.9648","null","null","null",2,7,"Top","null","null",,,444489,,"180909_010737","5.6670","-141.9321","-5.6402","-4.1588","31.3281","-12.6227","3.4725","1.6733","null","null","null","97.5730","2537","6.2290",531537,608349,444489,542583,543768,519058,606115,592885,456715,542979,"54.2700","null","null","null","null","null","null","null",50,"2","4-Seam Fastball",4,1,1,4,1,4,1,4,"Standard","Standard"
"KC","2018-09-08","81.9","-2.3741","5.9557","Corey Knebel",593700,608349,"null","called_strike",,,,,"1","null","R","L","R","MIL","SF","S","null","null",0,0,2018,"0.6590","-1.3470","-0.7016","2.9056","null","null","null",2,7,"Top","null","null",,,444489,,"180909_010718","2.5054","-119.1607","2.2907","5.6964","24.3081","-45.5676","3.2981","1.5350","null","null","null","81.5000","2502","6.1660",531537,608349,444489,542583,543768,519058,606115,592885,456715,542979,"54.3336","null","null","null","null","null","null","null",50,"1","Knuckle Curve",4,1,1,4,1,4,1,4,"Standard","Standard"
"FF","2018-09-08","97.5","-2.3119","6.0740","Corey Knebel",605244,608349,"strikeout","called_strike",,,,,"14","Aramis Garcia called out on strikes.  ","R","R","R","MIL","SF","S",2,"null",1,2,2018,"0.0124","1.3682","0.8665","2.4133","null","null","null",1,7,"Top","null","null",,,444489,,"180909_010607","8.4850","-141.5769","-7.4227","-1.7153","31.4078","-12.3872","3.5598","1.7895","null","null","null","97.2950","2366","6.2270",531537,608349,444489,542583,543768,519058,606115,592885,456715,542979,"54.2727","null","null","0.00",1,0,0,"null",49,"4","4-Seam Fastball",4,1,1,4,1,4,1,4,"Standard","Standard"
"FF","2018-09-08","97.3","-2.1318","6.0825","Corey Knebel",605244,608349,"null","ball",,,,,"14","null","R","R","R","MIL","SF","B","null","null",0,2,2018,"-0.2706","1.3174","0.3453","1.2005","null","null","null",1,7,"Top","null","null",,,444489,,"180909_010546","7.2657","-141.2352","-10.6088","-5.1842","29.8354","-12.3586","3.5016","1.6442","null","null","null","97.5900","2418","6.4270",531537,608349,444489,542583,543768,519058,606115,592885,456715,542979,"54.0719","null","null","null","null","null","null","null",49,"3","4-Seam Fastball",4,1,1,4,1,4,1,4,"Standard","Standard"
"KC","2018-09-08","82.5","-2.4972","6.0012","Corey Knebel",605244,608349,"null","called_strike",,,,,"1","null","R","R","R","MIL","SF","S","null","null",0,1,2018,"0.6528","-1.2336","-0.3205","3.1314","null","null","null",1,7,"Top","null","null",,,444489,,"180909_010525","3.6766","-120.0034","2.3865","5.4676","24.5118","-44.6547","3.4435","1.6152","null","null","null","81.9540","2372","6.0690",531537,608349,444489,542583,543768,519058,606115,592885,456715,542979,"54.4305","null","null","null","null","null","null","null",49,"2","Knuckle Curve",4,1,1,4,1,4,1,4,"Standard","Standard"
"FF","2018-09-08","96.5","-2.5502","5.9453","Corey Knebel",605244,608349,"null","called_strike",,,,,"9","null","R","R","R","MIL","SF","S","null","null",0,0,2018,"-0.1130","1.2387","0.6802","2.1414","null","null","null",1,7,"Top","null","null",,,444489,,"180909_010506","8.8214","-140.2375","-7.3478","-3.3558","29.6607","-14.4933","3.4725","1.6733","null","null","null","96.4750","2219","6.2030",531537,608349,444489,542583,543768,519058,606115,592885,456715,542979,"54.2968","null","null","null","null","null","null","null",49,"1","4-Seam Fastball",4,1,1,4,1,4,1,4,"Standard","Standard"
"FF","2018-09-08","97.0","-2.4140","5.9860","Corey Knebel",452254,608349,"null","called_strike",,,,,"9","null","R","R","R","MIL","SF","S","null","null",2,1,2018,"-0.1677","1.3726","0.4053","1.6246","null","null","null",0,7,"Top","null","null",,,444489,,"180909_010411","7.9187","-140.8241","-9.2701","-3.9151","29.6896","-12.0323","3.3853","1.6152","null","null","null","97.2450","2274","6.3950",531537,608349,444489,542583,543768,519058,606115,592885,456715,542979,"54.1044","null","null","null","null","null","null","null",48,"4","4-Seam Fastball",4,1,1,4,1,4,1,4,"Standard","Standard"
"FF","2018-09-08","96.4","-2.5519","6.0070","Corey Knebel",452254,608349,"null","ball",,,,,"14","null","R","R","R","MIL","SF","B","null","null",1,1,2018,"0.0332","1.2848","1.6982","1.7242","null","null","null",0,7,"Top","null","null",,,444489,,"180909_010352","11.1544","-139.7814","-8.6477","-1.9309","29.6430","-13.7397","3.4144","1.6733","null","null","null","96.0930","2411","6.1760",531537,608349,444489,542583,543768,519058,606115,592885,456715,542979,"54.3234","null","null","null","null","null","null","null",48,"3","4-Seam Fastball",4,1,1,4,1,4,1,4,"Standard","Standard"
"KC","2018-09-08","82.5","-2.3810","5.9188","Corey Knebel",452254,608349,"null","ball",,,,,"13","null","R","R","R","MIL","SF","B","null","null",0,1,2018,"0.7306","-1.3474","-0.3146","1.4486","null","null","null",0,7,"Top","null","null",,,444489,,"180909_010335","3.2774","-120.0335","-0.9741","6.2222","26.0837","-45.0061","3.3563","1.5861","null","null","null","81.7850","2639","6.0930",531537,608349,444489,542583,543768,519058,606115,592885,456715,542979,"54.4060","null","null","null","null","null","null","null",48,"2","Knuckle Curve",4,1,1,4,1,4,1,4,"Standard","Standard"
"KC","2018-09-08","80.9","-2.3329","5.9273","Corey Knebel",452254,608349,"null","called_strike",,,,,"4","null","R","R","R","MIL","SF","S","null","null",0,0,2018,"0.6126","-1.2652","-0.7517","2.6462","null","null","null",0,7,"Top","null","null",,,444489,,"180909_010318","2.3581","-117.6768","1.7220","5.0528","24.2723","-44.2360","3.3557","1.5855","null","null","null","79.8170","2522","5.7590",531537,608349,444489,542583,543768,519058,606115,592885,456715,542979,"54.7406","null","null","null","null","null","null","null",48,"1","Knuckle Curve",4,1,1,4,1,4,1,4,"Standard","Standard"
"SL","2018-09-08","80.1","2.8643","6.3269","Ty Blach",444489,621389,"null","ball",,,,,"13","null","R","R","L","MIL","SF","B","null","null",1,2,2018,"-0.8033","-0.2595","-1.0543","0.3948","null","null","null",2,6,"Bot","null","null",,,605244,,"180909_010018","-7.0053","-116.1636","-5.7511","-5.6586","20.9878","-33.6537","3.0360","1.3240","null","null","null","77.9120","2362","4.8490",531537,621389,605244,488818,605509,446334,623214,452254,491676,453923,"55.6500","null","null","null","null","null","null","null",47,"4","Slider",4,1,4,1,1,4,4,1,"Standard","Standard"
"CH","2018-09-08","80.3","2.8461","6.4405","Ty Blach",444489,621389,"null","called_strike",,,,,"12","null","R","R","L","MIL","SF","S","null","null",1,0,2018,"1.2840","0.3651","0.8386","2.5215","null","null","null",2,6,"Bot","null","null",,,605244,,"180909_005938","-6.4674","-116.5043","-2.5673","12.1644","20.3960","-28.8760","3.2685","1.4693","null","null","null","77.7760","1934","4.5110",531537,621389,605244,488818,605509,446334,623214,452254,491676,453923,"55.9885","null","null","null","null","null","null","null",47,"2","Changeup",4,1,4,1,1,4,4,1,"Standard","Standard"
"CU","2018-09-08","77.8","2.7330","6.5606","Ty Blach",444489,621389,"null","ball",,,,,"14","null","R","R","L","MIL","SF","B","null","null",0,0,2018,"-0.5742","-0.9105","0.1370","0.8198","null","null","null",2,6,"Bot","null","null",,,605244,,"180909_005922","-4.4273","-112.9585","-3.6931","-3.7818","21.1988","-39.1111","3.1232","1.4402","null","null","null","75.1710","2472","4.5510",531537,621389,605244,488818,605509,446334,623214,452254,491676,453923,"55.9484","null","null","null","null","null","null","null",47,"1","Curveball",4,1,4,1,1,4,4,1,"Standard","Standard"
"SL","2018-09-08","80.3","3.0184","6.2035","Ty Blach",519058,621389,"null","ball",,,,,"13","null","R","L","L","MIL","SF","B","null","null",1,0,2018,"-0.5431","-0.1289","-1.0397","1.2611","null","null","null",1,6,"Bot","null","null",,,605244,,"180909_005821","-7.7507","-116.3048","-3.7799","-3.0216","24.1615","-32.8160","3.5011","1.7308","null","null","null","77.4390","2400","4.7580",531537,621389,605244,488818,605509,446334,623214,452254,491676,453923,"55.7416","null","null","null","null","null","null","null",46,"2","Slider",4,1,4,1,1,4,4,1,"Infield shift","Standard"
"SI","2018-09-08","89.7","2.7945","6.3726","Ty Blach",519058,621389,"null","ball",,,,,"13","null","R","L","L","MIL","SF","B","null","null",0,0,2018,"1.3117","0.9192","-0.8967","1.9073","null","null","null",1,6,"Bot","null","null",,,605244,,"180909_005805","-11.3811","-129.7385","-6.6170","16.4864","27.3390","-21.1979","3.5301","1.6436","null","null","null","86.9560","2179","4.9050",531537,621389,605244,488818,605509,446334,623214,452254,491676,453923,"55.5938","null","null","null","null","null","null","null",46,"1","Sinker",4,1,4,1,1,4,4,1,"Infield shift","Standard"
"CU","2018-09-08","74.3","1.7229","5.6507","Gio Gonzalez",596103,461829,"null","called_strike",,,,,"9","null","R","R","L","MIL","SF","S","null","null",0,0,2018,"-1.0451","-1.3971","0.5453","1.6816","null","488818.00","null",2,6,"Top","null","null",,,444489,,"180909_004527","-0.6142","-108.0635","1.5310","-7.8635","20.1962","-43.3888","3.3266","1.5274","null","null","null","73.3410","2589","5.7600",531537,461829,444489,542583,543768,519058,606115,592885,456715,434158,"54.7396","null","null","null","null","null","null","null",43,"1","Curveball",4,0,0,4,0,4,0,4,"Standard","Standard"
"FF","2018-09-08","88.9","1.8942","5.6084","Gio Gonzalez",605509,461829,"null","ball",,,,,"12","null","R","R","L","MIL","SF","B","null","null",1,2,2018,"0.8452","1.2187","1.2443","4.5266","null","null","488818.00",1,6,"Top","null","null",,,444489,,"180909_004411","-3.3401","-129.3515","0.8719","10.1145","27.7537","-19.0414","3.2976","1.5565","null","null","null","88.5560","2147","6.1440",531537,461829,444489,542583,543768,519058,606115,592885,456715,434158,"54.3552","null","null","null","null","null","null","null",42,"4","4-Seam Fastball",4,0,0,4,0,4,0,4,"Strategic","Strategic"
"FF","2018-09-08","88.6","1.8454","5.6301","Gio Gonzalez",605509,461829,"null","ball",,,,,"11","null","R","R","L","MIL","SF","B","null","null",0,0,2018,"0.4009","1.2933","-1.2623","3.4740","null","null","488818.00",1,6,"Top","null","null",,,444489,,"180909_004257","-8.3846","-128.8524","-1.8894","6.1054","25.5624","-17.6848","3.2976","1.5565","null","null","null","88.4230","2167","6.1090",531537,461829,444489,542583,543768,519058,606115,592885,456715,434158,"54.3900","null","null","null","null","null","null","null",42,"1","4-Seam Fastball",4,0,0,4,0,4,0,4,"Standard","Standard"
"CH","2018-09-08","81.0","1.8941","5.5370","Gio Gonzalez",488818,461829,"null","called_strike",,,,,"7","null","R","R","L","MIL","SF","S","null","null",0,0,2018,"0.8995","0.5761","-0.4913","1.5238","null","null","453923.00",0,6,"Top","null","null",,,444489,,"180909_004149","-7.0102","-117.8334","-3.4530","9.6050","20.7800","-26.4127","3.4045","1.6146","null","null","null","81.0350","1655","6.1680",531537,461829,444489,542583,543768,519058,606115,592885,456715,434158,"54.3316","null","null","null","null","null","null","null",41,"1","Changeup",4,0,0,4,0,4,0,4,"Standard","Standard"
"CU","2018-09-08","73.7","1.9829","5.6539","Gio Gonzalez",453923,461829,"null","ball",,,,,"14","null","R","L","L","MIL","SF","B","null","null",0,1,2018,"-1.0121","-1.3016","1.2549","1.8443","null","null","null",0,6,"Top","null","null",,,444489,,"180909_004032","0.2288","-107.1347","1.8157","-7.5695","20.7234","-42.4868","3.1232","1.4402","null","null","null","72.3550","2601","5.5930",531537,461829,444489,542583,543768,519058,606115,592885,456715,434158,"54.9068","null","null","null","null","null","null","null",40,"2","Curveball",4,0,0,4,0,4,0,4,"Standard","Standard"
"CU","2018-09-08","77.2","-1.6641","6.2236","Chris Stratton",542583,608717,"null","called_strike",,,,,"6","null","R","R","R","MIL","SF","S","null","null",0,0,2018,"1.1962","-0.3915","0.6930","2.7111","null","null","null",2,5,"Bot","null","null",,,605244,,"180909_003728","2.8581","-112.4516","0.1486","9.5222","19.8577","-35.7111","3.5592","1.6727","null","null","null","76.8910","2900","5.9530",531537,608717,605244,488818,605509,446334,623214,452254,491676,596103,"54.5467","null","null","null","null","null","null","null",39,"1","Curveball",4,0,4,0,0,4,4,0,"Infield shift","Standard"
"SL","2018-09-08","84.3","-1.9368","6.0724","Chris Stratton",543768,608717,"null","ball",,,,,"13","null","R","L","R","MIL","SF","B","null","null",2,2,2018,"0.3146","-0.1746","-1.2610","1.6512","null","null","null",1,5,"Bot","null","null",,,605244,,"180909_003622","0.9502","-122.7507","-3.5833","2.9645","22.9074","-33.4744","3.7046","1.9633","null","null","null","83.9320","2792","5.8820",531537,608717,605244,488818,605509,446334,623214,452254,491676,596103,"54.6172","null","null","null","null","null","null","null",38,"6","Slider",4,0,4,0,0,4,4,0,"Standard","Standard"
"CU","2018-09-08","77.3","-1.8004","6.2070","Chris Stratton",543768,608717,"null","ball",,,,,"11","null","R","L","R","MIL","SF","B","null","null",1,1,2018,"1.0192","-0.7287","-1.5528","3.1475","null","null","null",1,5,"Bot","null","null",,,605244,,"180909_003507","-1.2625","-112.4439","1.6840","8.6711","19.9982","-38.7594","3.6464","1.7890","null","null","null","76.4370","2989","5.6420",531537,608717,605244,488818,605509,446334,623214,452254,491676,596103,"54.8576","null","null","null","null","null","null","null",38,"3","Curveball",4,0,4,0,0,4,4,0,"Standard","Standard"
"CU","2018-09-08","78.9","-1.7900","6.2425","Chris Stratton",543768,608717,"null","ball",,,,,"13","null","R","L","R","MIL","SF","B","null","null",0,0,2018,"1.1069","-0.7066","-0.6017","1.1533","null","null","null",1,5,"Bot","null","null",,,605244,,"180909_003428","0.5662","-114.9189","-2.9776","9.5210","20.9794","-38.0150","3.6464","1.8180","null","null","null","78.2990","3125","5.7800",531537,608717,605244,488818,605509,446334,623214,452254,491676,596103,"54.7194","null","null","null","null","null","null","null",38,"1","Curveball",4,0,4,0,0,4,4,0,"Standard","Standard"
"FT","2018-09-08","90.3","-1.8855","6.0483","Chris Stratton",592885,608717,"null","ball",,,,,"13","null","R","L","R","MIL","SF","B","null","null",0,0,2018,"-1.3407","0.6086","-1.4792","1.8976","null","null","null",1,5,"Bot","null","null",,,605244,,"180909_003321","3.8317","-131.3217","-5.6636","-16.2341","26.9140","-24.2170","3.4845","1.7308","null","null","null","90.1700","2361","6.1710",531537,608717,605244,488818,605509,446334,623214,452254,491676,596103,"54.3288","null","null","null","null","null","null","null",37,"1","2-Seam Fastball",3,0,3,0,0,3,3,0,"Standard","Standard"
"SL","2018-09-08","83.6","-1.9337","6.1372","Chris Stratton",456715,608717,"null","called_strike",,,,,"14","null","R","R","R","MIL","SF","S","null","null",0,1,2018,"0.2027","0.2875","0.8482","2.0231","null","null","null",0,5,"Bot","null","null",,,605244,,"180909_003231","5.9534","-121.5416","-3.6141","0.9113","21.7958","-28.9446","3.6174","1.7308","null","null","null","82.9880","2812","5.7420",531537,608717,605244,488818,605509,446334,623214,452254,491676,596103,"54.7575","null","null","null","null","null","null","null",36,"2","Slider",3,0,3,0,0,3,3,0,"Standard","Standard"
"CH","2018-09-08","82.4","2.0415","5.5490","Gio Gonzalez",491676,461829,"null","ball",,,,,"14","null","R","R","L","MIL","SF","B","null","null",0,0,2018,"0.8715","0.6135","1.2122","1.6199","null","452254.00","null",2,5,"Top","null","null",,,444489,,"180909_002909","-3.4943","-119.8900","-3.5686","8.8897","21.8354","-25.9467","3.3557","1.5544","null","null","null","81.7250","1579","5.7100",531537,461829,444489,542583,543768,519058,606115,592885,456715,434158,"54.7890","null","null","null","null","null","null","null",35,"1","Changeup",3,0,0,3,0,3,0,3,"Standard","Standard"
"CH","2018-09-08","82.0","2.1272","5.5412","Gio Gonzalez",623214,461829,"strikeout","called_strike",,,,,"14","Abiatal Avelino called out on strikes.  ","R","R","L","MIL","SF","S",2,"null",2,2,2018,"1.0025","0.4168","1.0417","1.4799","null","452254.00","null",1,5,"Top","null","null",,,444489,,"180909_002824","-4.3220","-119.2501","-3.4093","10.2419","22.1986","-27.8459","3.3557","1.5855","null","null","null","81.4860","1578","5.9030",531537,461829,444489,542583,543768,519058,606115,592885,456715,434158,"54.5967","null","null","0.00",1,0,0,"null",34,"9","Changeup",3,0,0,3,0,3,0,3,"Standard","Strategic"
"CH","2018-09-08","81.4","2.0160","5.5101","Gio Gonzalez",623214,461829,"null","ball",,,,,"14","null","R","R","L","MIL","SF","B","null","null",1,2,2018,"0.7539","0.6220","0.3015","1.0487","null","452254.00","null",1,5,"Top","null","null",,,444489,,"180909_002702","-5.2234","-118.4394","-4.5796","7.9512","21.5114","-25.7923","3.3266","1.5565","null","null","null","80.9420","1556","5.8710",531537,461829,444489,542583,543768,519058,606115,592885,456715,434158,"54.6279","null","null","null","null","null","null","null",34,"7","Changeup",3,0,0,3,0,3,0,3,"Standard","Strategic"
"CH","2018-09-08","83.7","1.9353","5.5068","Gio Gonzalez",623214,461829,"null","called_strike",,,,,"9","null","R","R","L","MIL","SF","S","null","null",0,1,2018,"1.0445","0.9441","0.4814","1.9553","null","452254.00","null",1,5,"Top","null","null",,,444489,,"180909_002414","-5.3172","-121.7955","-3.6011","11.2195","22.6147","-22.4870","3.3848","1.6146","null","null","null","83.1210","1662","5.7830",531537,461829,444489,542583,543768,519058,606115,592885,456715,434158,"54.7167","null","null","null","null","null","null","null",34,"2","Changeup",3,0,0,3,0,3,0,3,"Standard","Strategic"
"CU","2018-09-08","74.1","1.9731","5.6705","Gio Gonzalez",605244,461829,"null","called_strike",,,,,"14","null","R","R","L","MIL","SF","S","null","null",0,0,2018,"-1.2479","-1.1336","0.9561","2.4983","null","452254.00","null",0,5,"Top","null","null",,,444489,,"180909_002225","0.0436","-107.6030","2.7399","-9.3951","20.3151","-41.4932","3.5301","1.6436","null","null","null","72.7870","2600","5.6090",531537,461829,444489,542583,543768,519058,606115,592885,456715,434158,"54.8901","null","null","null","null","null","null","null",33,"1","Curveball",3,0,0,3,0,3,0,3,"Standard","Standard"
"CH","2018-09-08","81.5","2.0046","5.5902","Gio Gonzalez",452254,461829,"null","ball",,,,,"14","null","R","R","L","MIL","SF","B","null","null",1,1,2018,"1.0302","0.5607","0.4702","1.1089","null","null","null",0,5,"Top","null","null",,,444489,,"180909_002046","-5.2674","-118.4390","-4.4663","10.3896","21.4407","-26.4767","3.4429","1.6244","null","null","null","80.3560","1578","5.4600",531537,461829,444489,542583,543768,519058,606115,592885,456715,434158,"55.0398","null","null","null","null","null","null","null",32,"3","Changeup",3,0,0,3,0,3,0,3,"Standard","Standard"
"FT","2018-09-08","88.2","1.9182","5.6684","Gio Gonzalez",452254,461829,"null","ball",,,,,"14","null","R","R","L","MIL","SF","B","null","null",0,1,2018,"1.0763","0.8185","1.7597","2.5489","null","null","null",0,5,"Top","null","null",,,444489,,"180909_002032","-2.5728","-128.4613","-3.2139","12.3167","24.3797","-22.7840","3.5011","1.7018","null","null","null","88.0600","2065","5.9640",531537,461829,444489,542583,543768,519058,606115,592885,456715,434158,"54.5354","null","null","null","null","null","null","null",32,"2","2-Seam Fastball",3,0,0,3,0,3,0,3,"Standard","Standard"
"FT","2018-09-08","88.3","2.1067","5.5966","Gio Gonzalez",452254,461829,"null","called_strike",,,,,"3","null","R","R","L","MIL","SF","S","null","null",0,0,2018,"1.1025","0.9356","0.5024","2.9190","null","null","null",0,5,"Top","null","null",,,444489,,"180909_002018","-6.0507","-128.3939","-2.3298","13.1134","24.8508","-21.8244","3.3848","1.5565","null","null","null","87.3990","2077","5.6160",531537,461829,444489,542583,543768,519058,606115,592885,456715,434158,"54.8834","null","null","null","null","null","null","null",32,"1","2-Seam Fastball",3,0,0,3,0,3,0,3,"Standard","Standard"
"CU","2018-09-08","77.5","-1.8745","6.1639","Chris Stratton",519058,608717,"null","called_strike",,,,,"4","null","R","L","R","MIL","SF","S","null","null",0,1,2018,"1.2840","-0.6256","-0.7451","2.5011","null","542583.00","434158.00",0,4,"Bot","null","null",,,605244,,"180909_001223","0.1245","-112.7775","0.2200","10.6727","20.8049","-37.6776","3.4429","1.7018","null","null","null","76.6220","3034","5.6870",531537,608717,605244,488818,605509,446334,623214,452254,491676,596103,"54.8122","null","null","null","null","null","null","null",28,"2","Curveball",1,0,1,0,0,1,1,0,"Standard","Standard"
"FF","2018-09-08","89.6","-1.9999","6.0676","Chris Stratton",434158,608717,"null","called_strike",,,,,"4","null","R","L","R","MIL","SF","S","null","null",3,0,2018,"-0.1852","1.0496","-0.2868","2.6961","null","null","542583.00",0,4,"Bot","null","null",,,605244,,"180909_001023","4.6368","-130.6221","-4.6821","-2.9499","22.5257","-19.3582","3.3266","1.4983","null","null","null","90.5590","2476","6.3720",531537,608717,605244,488818,605509,446334,623214,452254,491676,596103,"54.1278","null","null","null","null","null","null","null",27,"4","4-Seam Fastball",1,0,1,0,0,1,1,0,"Infield shift","Standard"
"FF","2018-09-08","90.0","-2.0551","6.1262","Chris Stratton",434158,608717,"null","ball",,,,,"11","null","R","L","R","MIL","SF","B","null","null",2,0,2018,"-0.4254","1.0296","-1.3461","3.2567","null","null","542583.00",0,4,"Bot","null","null",,,605244,,"180909_001001","2.6615","-131.1883","-3.4106","-5.4417","24.7810","-19.7711","3.3557","1.5274","null","null","null","90.5380","2439","6.2840",531537,608717,605244,488818,605509,446334,623214,452254,491676,596103,"54.2151","null","null","null","null","null","null","null",27,"3","4-Seam Fastball",1,0,1,0,0,1,1,0,"Infield shift","Standard"
"SL","2018-09-08","83.3","-2.0410","6.1043","Chris Stratton",434158,608717,"null","ball",,,,,"14","null","R","L","R","MIL","SF","B","null","null",1,0,2018,"0.4305","-0.1582","0.8318","2.1550","null","null","542583.00",0,4,"Bot","null","null",,,605244,,"180909_000942","5.7274","-121.2265","-2.3692","3.2146","21.1812","-33.5203","3.3557","1.5565","null","null","null","83.1240","2698","5.9300",531537,608717,605244,488818,605509,446334,623214,452254,491676,596103,"54.5698","null","null","null","null","null","null","null",27,"2","Slider",1,0,1,0,0,1,1,0,"Infield shift","Standard"
"FF","2018-09-08","90.3","-1.9222","6.0634","Chris Stratton",434158,608717,"null","ball",,,,,"12","null","R","L","R","MIL","SF","B","null","null",0,0,2018,"-0.3898","0.9550","1.6282","2.9054","null","null","542583.00",0,4,"Bot","null","null",,,605244,,"180909_000912","9.6864","-131.2024","-3.9964","-6.3877","24.8314","-20.4449","3.3266","1.5544","null","null","null","90.8430","2404","6.4660",531537,608717,605244,488818,605509,446334,623214,452254,491676,596103,"54.0331","null","null","null","null","null","null","null",27,"1","4-Seam Fastball",1,0,1,0,0,1,1,0,"Infield shift","Standard"
"FF","2018-09-08","90.5","-1.8346","6.0888","Chris Stratton",542583,608717,"walk","ball",,,,,"14","Jesus Aguilar walks.  ","R","R","R","MIL","SF","B","null","null",3,1,2018,"-0.4947","1.1754","0.4063","0.8290","null","null","null",0,4,"Bot","null","null",,,605244,,"180909_000832","6.5887","-131.4036","-9.6558","-6.9257","23.7379","-16.9992","3.5883","1.7018","null","null","null","90.4730","2396","6.0660",531537,608717,605244,488818,605509,446334,623214,452254,491676,596103,"54.4336","null","null","0.70",1,0,0,"null",26,"5","4-Seam Fastball",1,0,1,0,0,1,1,0,"Infield shift","Standard"
"SL","2018-09-08","84.9","-1.8410","6.1557","Chris Stratton",542583,608717,"null","ball",,,,,"14","null","R","R","R","MIL","SF","B","null","null",2,1,2018,"0.4531","-0.1821","1.6889","0.3258","null","null","null",0,4,"Bot","null","null",,,605244,,"180909_000812","7.2868","-123.3325","-6.8896","3.1597","23.3777","-32.9280","3.5592","1.6727","null","null","null","84.0710","null","5.7340",531537,608717,605244,488818,605509,446334,623214,452254,491676,596103,"54.7650","null","null","null","null","null","null","null",26,"4","Slider",1,0,1,0,0,1,1,0,"Infield shift","Standard"
"FF","2018-09-08","90.9","-1.8115","6.0741","Chris Stratton",542583,608717,"null","called_strike",,,,,"9","null","R","R","R","MIL","SF","S","null","null",2,0,2018,"-0.3243","1.1142","0.7468","2.1236","null","null","null",0,4,"Bot","null","null",,,605244,,"180909_000757","7.1575","-132.2772","-6.4916","-5.2482","25.4380","-17.8023","3.5592","1.7018","null","null","null","91.8390","2441","6.6320",531537,608717,605244,488818,605509,446334,623214,452254,491676,596103,"53.8674","null","null","null","null","null","null","null",26,"3","4-Seam Fastball",1,0,1,0,0,1,1,0,"Infield shift","Standard"
"SL","2018-09-08","82.7","-1.9216","6.1670","Chris Stratton",542583,608717,"null","ball",,,,,"13","null","R","R","R","MIL","SF","B","null","null",1,0,2018,"-0.0139","0.2642","-0.8928","1.9687","null","null","null",0,4,"Bot","null","null",,,605244,,"180909_000740","2.3568","-120.4893","-3.6405","-0.5449","21.0201","-29.2019","3.5301","1.6436","null","null","null","82.5430","2746","5.8880",531537,608717,605244,488818,605509,446334,623214,452254,491676,596103,"54.6110","null","null","null","null","null","null","null",26,"2","Slider",1,0,1,0,0,1,1,0,"Infield shift","Standard"
"FF","2018-09-08","90.4","-1.9737","6.1366","Chris Stratton",542583,608717,"null","ball",,,,,"1","null","R","R","R","MIL","SF","B","null","null",0,0,2018,"-0.4002","0.9824","-0.5972","3.5108","null","null","null",0,4,"Bot","null","null",,,605244,,"180909_000726","4.2512","-131.6794","-2.7169","-5.4506","25.4361","-20.4964","3.5301","1.6727","null","null","null","90.3530","2462","6.0020",531537,608717,605244,488818,605509,446334,623214,452254,491676,596103,"54.4969","null","null","null","null","null","null","null",26,"1","4-Seam Fastball",1,0,1,0,0,1,1,0,"Infield shift","Standard"
"CH","2018-09-08","83.0","2.0832","5.5597","Gio Gonzalez",446334,461829,"null","called_strike",,,,,"14","null","R","R","L","MIL","SF","S","null","null",2,0,2018,"0.8433","0.9157","0.6098","1.4497","null","null","null",2,4,"Top","null","null",,,444489,,"180909_000430","-4.9076","-120.6327","-4.6319","8.9679","22.3253","-22.8043","3.5883","1.7308","null","null","null","82.0910","1632","5.6350",531537,461829,444489,542583,543768,519058,606115,592885,456715,434158,"54.8639","null","null","null","null","null","null","null",25,"3","Changeup",1,0,0,1,0,1,0,1,"Infield shift","Standard"
"FT","2018-09-08","89.6","2.0538","5.6213","Gio Gonzalez",446334,461829,"null","ball",,,,,"14","null","R","R","L","MIL","SF","B","null","null",1,0,2018,"1.2349","0.7596","0.6071","1.3260","null","null","null",2,4,"Top","null","null",,,444489,,"180909_000416","-6.0819","-130.1940","-6.1112","15.1043","27.8337","-22.6194","3.6464","1.7599","null","null","null","88.7740","2139","5.8970",531537,461829,444489,542583,543768,519058,606115,592885,456715,434158,"54.6023","null","null","null","null","null","null","null",25,"2","2-Seam Fastball",1,0,0,1,0,1,0,1,"Infield shift","Standard"
"CH","2018-09-08","82.5","2.0973","5.5399","Gio Gonzalez",446334,461829,"null","ball",,,,,"14","null","R","R","L","MIL","SF","B","null","null",0,0,2018,"1.0239","0.6434","1.5359","2.2592","null","null","null",2,4,"Top","null","null",,,444489,,"180909_000402","-3.1770","-120.0151","-2.1573","10.2795","22.7865","-25.9290","3.6464","1.7308","null","null","null","81.6250","1595","5.6710",531537,461829,444489,542583,543768,519058,606115,592885,456715,434158,"54.8284","null","null","null","null","null","null","null",25,"1","Changeup",1,0,0,1,0,1,0,1,"Infield shift","Standard"
"FT","2018-09-08","88.5","2.1091","5.5557","Gio Gonzalez",596103,461829,"null","called_strike",,,,,"12","null","R","R","L","MIL","SF","S","null","null",0,0,2018,"1.1522","0.8249","1.1611","2.9177","null","null","null",1,4,"Top","null","null",,,444489,,"180909_000249","-4.6627","-128.7999","-2.0755","13.6476","25.9690","-22.8815","3.4720","1.5855","null","null","null","88.2060","2096","6.0310",531537,461829,444489,542583,543768,519058,606115,592885,456715,434158,"54.4680","null","null","null","null","null","null","null",24,"1","2-Seam Fastball",1,0,0,1,0,1,0,1,"Standard","Standard"
"CU","2018-09-08","72.8","2.0076","5.8044","Gio Gonzalez",605509,461829,"null","ball",,,,,"12","null","R","R","L","MIL","SF","B","null","null",0,0,2018,"-1.1277","-1.2592","1.8855","3.0470","null","null","null",0,4,"Top","null","null",,,444489,,"180909_000154","1.5925","-105.7135","3.9272","-8.4292","19.3342","-42.2614","3.3557","1.5565","null","null","null","71.2830","2504","5.3960",531537,461829,444489,542583,543768,519058,606115,592885,456715,434158,"55.1029","null","null","null","null","null","null","null",23,"1","Curveball",1,0,0,1,0,1,0,1,"Standard","Standard"
"SL","2018-09-08","85.2","-1.7578","6.0860","Chris Stratton",543768,608717,"null","ball",,,,,"13","null","R","L","R","MIL","SF","B","null","null",2,2,2018,"0.5278","-0.1148","-0.0766","0.1089","null","null","null",2,3,"Bot","null","null",,,605244,,"180908_235924","2.8799","-123.8235","-7.4280","4.7672","24.1088","-32.1256","3.7046","1.9924","null","null","null","84.3660","2912","5.7570",531537,608717,605244,488818,605509,446334,623214,452254,491676,596103,"54.7422","null","null","null","null","null","null","null",22,"7","Slider",1,0,1,0,0,1,1,0,"Standard","Standard"
"FF","2018-09-08","91.7","-1.8739","6.0824","Chris Stratton",543768,608717,"null","ball",,,,,"12","null","R","L","R","MIL","SF","B","null","null",1,2,2018,"-0.2419","1.0557","1.3631","4.0756","null","null","null",2,3,"Bot","null","null",,,605244,,"180908_235903","8.6922","-133.3567","-1.4845","-4.7271","28.3578","-19.5117","3.7627","1.9633","null","null","null","91.6370","2411","6.2600",531537,608717,605244,488818,605509,446334,623214,452254,491676,596103,"54.2398","null","null","null","null","null","null","null",22,"6","4-Seam Fastball",1,0,1,0,0,1,1,0,"Standard","Standard"
"CU","2018-09-08","77.5","-1.7108","6.1964","Chris Stratton",543768,608717,"null","ball",,,,,"13","null","R","L","R","MIL","SF","B","null","null",0,1,2018,"1.4476","-0.6335","-1.8631","2.3319","null","null","null",2,3,"Bot","null","null",,,605244,,"180908_235741","-2.8932","-112.6888","-0.1100","12.5961","22.6570","-37.6764","3.7337","1.8471","null","null","null","76.4650","3000","5.8260",531537,608717,605244,488818,605509,446334,623214,452254,491676,596103,"54.6736","null","null","null","null","null","null","null",22,"2","Curveball",1,0,1,0,0,1,1,0,"Standard","Standard"
"CU","2018-09-08","77.0","-1.7349","6.2267","Chris Stratton",543768,608717,"null","called_strike",,,,,"11","null","R","L","R","MIL","SF","S","null","null",0,0,2018,"1.4070","-0.6769","-0.8657","3.2998","null","null","null",2,3,"Bot","null","null",,,605244,,"180908_235727","-0.6322","-111.9907","1.9684","11.6204","21.2916","-38.3463","3.6174","1.7599","null","null","null","75.8840","2967","5.6240",531537,608717,605244,488818,605509,446334,623214,452254,491676,596103,"54.8749","null","null","null","null","null","null","null",22,"1","Curveball",1,0,1,0,0,1,1,0,"Standard","Standard"
"FF","2018-09-08","91.4","-1.8218","6.0344","Chris Stratton",592885,608717,"strikeout","called_strike",,,,,"8","Christian Yelich called out on strikes.  ","R","L","R","MIL","SF","S",2,"null",3,2,2018,"-0.4959","1.1202","0.1251","1.8678","null","null","null",1,3,"Bot","null","null",,,605244,,"180908_235654","5.9618","-132.9552","-7.0807","-7.0318","24.8388","-17.6750","3.2976","1.6146","null","null","null","91.7980","2414","6.2610",531537,608717,605244,488818,605509,446334,623214,452254,491676,596103,"54.2384","null","null","0.00",1,0,0,"null",21,"6","4-Seam Fastball",1,0,1,0,0,1,1,0,"Standard","Standard"
"CH","2018-09-08","84.9","-1.9167","6.0744","Chris Stratton",592885,608717,"null","ball",,,,,"11","null","R","L","R","MIL","SF","B","null","null",2,1,2018,"-1.1875","0.5204","-1.4510","2.9058","null","null","null",1,3,"Bot","null","null",,,605244,,"180908_235618","3.4517","-123.6351","-2.1977","-12.8428","21.9807","-26.6198","3.3848","1.5565","null","null","null","85.2720","1903","6.2470",531537,608717,605244,488818,605509,446334,623214,452254,491676,596103,"54.2522","null","null","null","null","null","null","null",21,"4","Changeup",1,0,1,0,0,1,1,0,"Standard","Standard"
"FT","2018-09-08","90.7","-1.8375","6.1375","Chris Stratton",592885,608717,"null","ball",,,,,"12","null","R","L","R","MIL","SF","B","null","null",1,1,2018,"-0.6677","1.0668","0.5346","4.5285","null","null","null",1,3,"Bot","null","null",,,605244,,"180908_235559","7.3154","-132.0682","-0.4415","-9.1542","24.0373","-19.7911","3.4429","1.6436","null","null","null","90.9490","2545","6.0820",531537,608717,605244,488818,605509,446334,623214,452254,491676,596103,"54.4177","null","null","null","null","null","null","null",21,"3","2-Seam Fastball",1,0,1,0,0,1,1,0,"Standard","Standard"
"FT","2018-09-08","90.3","-1.8524","6.1619","Chris Stratton",592885,608717,"null","ball",,,,,"11","null","R","L","R","MIL","SF","B","null","null",0,1,2018,"-0.6594","1.0765","-1.0264","5.4371","null","null","null",1,3,"Bot","null","null",,,605244,,"180908_235541","3.4404","-131.5632","1.7769","-8.3087","23.8858","-20.1439","3.3848","1.6436","null","null","null","90.7130","2488","6.1520",531537,608717,605244,488818,605509,446334,623214,452254,491676,596103,"54.3474","null","null","null","null","null","null","null",21,"2","2-Seam Fastball",1,0,1,0,0,1,1,0,"Standard","Standard"
"CH","2018-09-08","83.3","2.0086","5.5052","Gio Gonzalez",488818,461829,"null","ball",,,,,"14","null","R","R","L","MIL","SF","B","null","null",1,1,2018,"0.6373","0.8287","0.4515","1.4398","null","null","null",2,3,"Top","null","null",,,444489,,"180908_235138","-4.7444","-121.1628","-4.4619","7.0442","22.3004","-23.5613","3.2976","1.6146","null","null","null","82.6350","1599","5.7390",531537,461829,444489,542583,543768,519058,606115,592885,456715,434158,"54.7607","null","null","null","null","null","null","null",19,"3","Changeup",1,0,0,1,0,1,0,1,"Standard","Standard"
"FF","2018-09-08","89.6","1.9182","5.5783","Gio Gonzalez",488818,461829,"null","ball",,,,,"12","null","R","R","L","MIL","SF","B","null","null",0,1,2018,"0.5786","1.0191","0.6250","3.8068","null","null","null",2,3,"Top","null","null",,,444489,,"180908_235121","-4.3669","-130.5606","-0.5828","7.3774","23.8877","-20.6873","3.3266","1.6146","null","null","null","89.5780","2191","5.9090",531537,461829,444489,542583,543768,519058,606115,592885,456715,434158,"54.5907","null","null","null","null","null","null","null",19,"2","4-Seam Fastball",1,0,0,1,0,1,0,1,"Standard","Standard"
"FT","2018-09-08","89.0","1.9538","5.6365","Gio Gonzalez",608717,461829,"null","called_strike",,,,,"9","null","R","R","L","MIL","SF","S","null","null",1,0,2018,"1.2502","0.8293","0.8218","1.6788","null","null","null",1,3,"Top","null","null",,,444489,,"180908_234957","-5.2759","-129.3772","-5.3030","14.8396","27.0279","-22.2007","3.4139","1.6727","null","null","null","88.0130","2174","5.7290",531537,461829,444489,542583,543768,519058,606115,592885,456715,434158,"54.7699","null","null","null","null","null","null","null",18,"2","2-Seam Fastball",1,0,0,1,0,1,0,1,"Standard","Strategic"
"FT","2018-09-08","89.1","1.9814","5.6349","Gio Gonzalez",608717,461829,"null","ball",,,,,"14","null","R","R","L","MIL","SF","B","null","null",0,0,2018,"1.3743","0.7610","1.2958","1.4605","null","null","null",1,3,"Top","null","null",,,444489,,"180908_234944","-4.4512","-129.5331","-5.7018","16.0668","27.5834","-22.8397","3.3557","1.5274","null","null","null","88.0570","2189","5.7310",531537,461829,444489,542583,543768,519058,606115,592885,456715,434158,"54.7682","null","null","null","null","null","null","null",18,"1","2-Seam Fastball",1,0,0,1,0,1,0,1,"Standard","Strategic"
"CU","2018-09-08","73.1","1.8336","5.7757","Gio Gonzalez",491676,461829,"null","ball",,,,,"14","null","R","R","L","MIL","SF","B","null","null",0,0,2018,"-1.0663","-1.2628","0.9863","0.7121","null","null","null",0,3,"Top","null","null",,,444489,,"180908_234854","0.0548","-106.3016","-0.7322","-7.7764","18.8531","-41.5217","3.3266","1.5274","null","null","null","71.6190","2463","5.2620",531537,461829,444489,542583,543768,519058,606115,592885,456715,434158,"55.2378","null","null","null","null","null","null","null",17,"1","Curveball",1,0,0,1,0,1,0,1,"Standard","Standard"
"FF","2018-09-08","91.3","-1.8688","6.1354","Chris Stratton",606115,608717,"walk","ball",,,,,"11","Orlando Arcia walks.  ","R","R","R","MIL","SF","B","null","null",3,2,2018,"-0.2643","1.0421","-0.5053","4.0288","null","null","null",2,2,"Bot","null","null",,,605244,,"180908_234401","4.0034","-133.0635","-1.7297","-3.9255","25.5608","-19.5919","3.4139","1.6727","null","null","null","91.8270","2386","6.2860",531537,608717,605244,488818,605509,446334,623214,452254,491676,596103,"54.2133","null","null","0.70",1,0,0,"null",15,"6","4-Seam Fastball",1,0,1,0,0,1,1,0,"Standard","Standard"
"FT","2018-09-08","91.0","-1.8441","6.0977","Chris Stratton",606115,608717,"null","ball",,,,,"14","null","R","R","R","MIL","SF","B","null","null",2,1,2018,"-0.7974","0.7230","0.3358","0.4201","null","null","null",2,2,"Bot","null","null",,,605244,,"180908_234316","7.1846","-132.1506","-9.9391","-10.7985","24.7801","-21.9257","3.3266","1.6146","null","null","null","91.4970","2324","6.4320",531537,608717,605244,488818,605509,446334,623214,452254,491676,596103,"54.0669","null","null","null","null","null","null","null",15,"4","2-Seam Fastball",1,0,1,0,0,1,1,0,"Standard","Standard"
"SL","2018-09-08","85.2","-2.0660","6.1433","Chris Stratton",606115,608717,"null","ball",,,,,"14","null","R","R","R","MIL","SF","B","null","null",1,1,2018,"0.1538","0.0177","0.1823","1.5135","null","null","null",2,2,"Bot","null","null",,,605244,,"180908_234249","4.9186","-123.9195","-4.6126","0.6826","22.0747","-31.3962","3.5301","1.7308","null","null","null","84.5640","2766","5.6580",531537,608717,605244,488818,605509,446334,623214,452254,491676,596103,"54.8410","null","null","null","null","null","null","null",15,"3","Slider",1,0,1,0,0,1,1,0,"Standard","Standard"
"FF","2018-09-08","91.6","-1.8921","6.1008","Chris Stratton",606115,608717,"null","called_strike",,,,,"9","null","R","R","R","MIL","SF","S","null","null",1,0,2018,"-0.2677","1.1451","0.6328","1.6158","null","null","null",2,2,"Bot","null","null",,,605244,,"180908_234234","6.9410","-133.1905","-7.9897","-4.4603","23.9012","-17.1710","3.6174","1.7018","null","null","null","92.1040","2446","6.2680",531537,608717,605244,488818,605509,446334,623214,452254,491676,596103,"54.2315","null","null","null","null","null","null","null",15,"2","4-Seam Fastball",1,0,1,0,0,1,1,0,"Standard","Standard"
"FF","2018-09-08","91.8","-1.7727","6.1411","Chris Stratton",606115,608717,"null","ball",,,,,"1","null","R","R","R","MIL","SF","B","null","null",0,0,2018,"-0.1914","1.1306","-0.7079","3.4346","null","null","null",2,2,"Bot","null","null",,,605244,,"180908_234218","3.0995","-133.8183","-3.5189","-2.8722","24.3805","-18.0950","3.5883","1.7599","null","null","null","92.2640","2457","6.1240",531537,608717,605244,488818,605509,446334,623214,452254,491676,596103,"54.3750","null","null","null","null","null","null","null",15,"1","4-Seam Fastball",1,0,1,0,0,1,1,0,"Standard","Standard"
"SL","2018-09-08","86.3","-1.9047","6.0850","Chris Stratton",444489,608717,"null","ball",,,,,"14","null","R","R","R","MIL","SF","B","null","null",1,2,2018,"0.2296","0.0882","0.9656","-0.3314","null","null","null",1,2,"Bot","null","null",,,605244,,"180908_234121","6.3084","-125.3321","-9.1556","1.2269","23.2102","-29.7773","3.2685","1.4983","null","null","null","85.7890","null","5.8830",531537,608717,605244,488818,605509,446334,623214,452254,491676,596103,"54.6168","null","null","null","null","null","null","null",14,"4","Slider",1,0,1,0,0,1,1,0,"Standard","Standard"
"FF","2018-09-08","90.9","-1.9301","6.1734","Chris Stratton",444489,608717,"null","ball",,,,,"13","null","R","R","R","MIL","SF","B","null","null",0,1,2018,"-0.2487","1.0047","-1.3980","2.2823","null","null","null",1,2,"Bot","null","null",,,605244,,"180908_234004","1.8490","-132.4209","-6.0392","-3.2543","23.5702","-19.4780","3.3848","1.5274","null","null","null","91.1230","2530","5.9940",531537,608717,605244,488818,605509,446334,623214,452254,491676,596103,"54.5056","null","null","null","null","null","null","null",14,"2","4-Seam Fastball",1,0,1,0,0,1,1,0,"Standard","Standard"
"SL","2018-09-08","82.9","-1.9499","6.1457","Chris Stratton",444489,608717,"null","called_strike",,,,,"8","null","R","R","R","MIL","SF","S","null","null",0,0,2018,"0.3664","0.1062","-0.2143","1.6702","null","null","null",1,2,"Bot","null","null",,,605244,,"180908_233949","3.2299","-120.6577","-3.9766","2.9542","20.8938","-30.6924","3.3266","1.5344","null","null","null","82.2500","2829","5.5960",531537,608717,605244,488818,605509,446334,623214,452254,491676,596103,"54.9034","null","null","null","null","null","null","null",14,"1","Slider",1,0,1,0,0,1,1,0,"Standard","Standard"
"CU","2018-09-08","76.9","-1.7960","6.2192","Chris Stratton",519058,608717,"null","ball",,,,,"11","null","R","L","R","MIL","SF","B","null","null",1,0,2018,"1.1692","-1.0255","-1.8240","4.0709","null","null","null",0,2,"Bot","null","null",,,605244,,"180908_233848","-2.0916","-111.7051","4.2306","9.9038","21.1531","-41.5792","3.3645","1.6436","null","null","null","75.6930","3062","5.6230",531537,608717,605244,488818,605509,446334,623214,452254,491676,596103,"54.8766","null","null","null","null","null","null","null",13,"2","Curveball",1,0,1,0,0,1,1,0,"Infield shift","Standard"
"FT","2018-09-08","91.6","-1.9965","6.2027","Chris Stratton",519058,608717,"null","ball",,,,,"11","null","R","L","R","MIL","SF","B","null","null",0,0,2018,"-0.6009","1.1939","-0.3828","4.0174","null","null","null",0,2,"Bot","null","null",,,605244,,"180908_233831","5.3086","-133.3053","-2.2391","-8.1175","25.1330","-17.8212","3.4720","1.7308","null","null","null","91.4250","2440","5.9040",531537,608717,605244,488818,605509,446334,623214,452254,491676,596103,"54.5953","null","null","null","null","null","null","null",13,"1","2-Seam Fastball",1,0,1,0,0,1,1,0,"Infield shift","Standard"
"CU","2018-09-08","73.6","1.8415","5.6349","Gio Gonzalez",623214,461829,"null","called_strike",,,,,"3","null","R","R","L","MIL","SF","S","null","null",1,0,2018,"-1.2989","-1.4453","0.6648","2.8068","null","null","605244.00",2,2,"Top","null","null",,,444489,,"180908_233519","-0.1987","-106.8265","4.0054","-9.5714","19.8117","-43.8856","3.2104","1.3821","null","null","null","72.1790","2525","5.5190",531537,461829,444489,542583,543768,519058,606115,592885,456715,434158,"54.9804","null","null","null","null","null","null","null",12,"2","Curveball",1,0,0,1,0,1,0,1,"Standard","Standard"
"FT","2018-09-08","88.1","2.0769","5.6038","Gio Gonzalez",623214,461829,"null","ball",,,,,"12","null","R","R","L","MIL","SF","B","null","null",0,0,2018,"1.1750","0.7418","2.2516","2.7875","null","null","605244.00",2,2,"Top","null","null",,,444489,,"180908_233459","-1.9538","-128.2765","-2.2811","13.1894","24.9969","-23.8686","3.3557","1.5855","null","null","null","87.6920","2042","5.8690",531537,461829,444489,542583,543768,519058,606115,592885,456715,434158,"54.6304","null","null","null","null","null","null","null",12,"1","2-Seam Fastball",1,0,0,1,0,1,0,1,"Standard","Standard"
"FT","2018-09-08","89.8","2.0838","5.5168","Gio Gonzalez",605244,461829,"null","ball",,,,,"14","null","R","R","L","MIL","SF","B","null","null",0,0,2018,"1.3227","0.9189","1.9233","2.3833","null","null","null",2,2,"Top","null","null",,,444489,,"180908_233346","-3.1205","-130.6360","-3.6644","15.5624","27.0728","-21.2880","3.4429","1.6436","null","null","null","89.1750","2056","5.8810",531537,461829,444489,542583,543768,519058,606115,592885,456715,434158,"54.6182","null","null","null","null","null","null","null",11,"1","2-Seam Fastball",1,0,0,1,0,1,0,1,"Standard","Standard"
"FF","2018-09-08","89.3","2.1567","5.5477","Gio Gonzalez",446334,461829,"null","ball",,,,,"12","null","R","R","L","MIL","SF","B","null","null",2,1,2018,"0.8988","0.9474","1.5323","2.8940","null","null","null",0,2,"Top","null","null",,,444489,,"180908_233211","-3.3468","-129.9036","-2.4660","10.6626","25.9158","-21.3801","3.5883","1.7018","null","null","null","88.5580","2139","5.7380",531537,461829,444489,542583,543768,519058,606115,592885,456715,434158,"54.7618","null","null","null","null","null","null","null",9,"4","4-Seam Fastball",1,0,0,1,0,1,0,1,"Infield shift","Standard"
"FF","2018-09-08","88.0","2.1305","5.6767","Gio Gonzalez",446334,461829,"null","ball",,,,,"12","null","R","R","L","MIL","SF","B","null","null",1,0,2018,"0.9119","1.2124","1.1129","3.3761","null","null","null",0,2,"Top","null","null",,,444489,,"180908_233141","-4.2623","-128.0319","-1.9102","10.6797","26.4144","-18.9995","3.6174","1.7599","null","null","null","87.0370","2134","5.6850",531537,461829,444489,542583,543768,519058,606115,592885,456715,434158,"54.8138","null","null","null","null","null","null","null",9,"2","4-Seam Fastball",1,0,0,1,0,1,0,1,"Infield shift","Standard"
"FT","2018-09-08","88.6","2.0952","5.6005","Gio Gonzalez",446334,461829,"null","ball",,,,,"14","null","R","R","L","MIL","SF","B","null","null",0,0,2018,"1.1281","0.7916","1.4682","2.4062","null","null","null",0,2,"Top","null","null",,,444489,,"180908_233130","-3.8410","-128.9064","-3.3676","13.2461","26.2740","-22.9674","3.5883","1.7599","null","null","null","88.2790","2041","6.0530",531537,461829,444489,542583,543768,519058,606115,592885,456715,434158,"54.4459","null","null","null","null","null","null","null",9,"1","2-Seam Fastball",1,0,0,1,0,1,0,1,"Infield shift","Standard"
"FT","2018-09-08","91.9","-2.0768","6.1293","Chris Stratton",434158,608717,"null","ball",,,,,"11","null","R","L","R","MIL","SF","B","null","null",1,2,2018,"-0.5377","1.1100","-0.4531","3.5857","null","542583.00","null",2,1,"Bot","null","null",,,605244,,"180908_232830","5.2542","-133.8279","-3.0682","-7.4420","24.3080","-18.4119","3.2685","1.5855","null","null","null","92.3110","2404","6.1430",531537,608717,605244,488818,605509,446334,623214,452254,491676,596103,"54.3568","null","null","null","null","null","null","null",8,"4","2-Seam Fastball",1,0,1,0,0,1,1,0,"Standard","Standard"
"FF","2018-09-08","92.4","-1.9981","6.1214","Chris Stratton",434158,608717,"null","ball",,,,,"12","null","R","L","R","MIL","SF","B","null","null",0,1,2018,"-0.0524","1.1793","1.6264","2.6949","null","542583.00","null",2,1,"Bot","null","null",,,605244,,"180908_232743","9.3219","-134.3095","-5.5199","-2.3543","24.7327","-16.9815","3.2976","1.5855","null","null","null","92.7450","2406","6.2220",531537,608717,605244,488818,605509,446334,623214,452254,491676,596103,"54.2777","null","null","null","null","null","null","null",8,"2","4-Seam Fastball",1,0,1,0,0,1,1,0,"Standard","Standard"
"FT","2018-09-08","92.4","-1.8823","6.1577","Chris Stratton",434158,608717,"null","called_strike",,,,,"6","null","R","L","R","MIL","SF","S","null","null",0,0,2018,"-0.6406","1.1705","0.5170","2.3443","null","542583.00","null",2,1,"Bot","null","null",,,605244,,"180908_232719","7.4818","-134.3070","-6.4836","-9.1945","24.9767","-16.8998","3.2976","1.4983","null","null","null","92.7480","2533","6.2430",531537,608717,605244,488818,605509,446334,623214,452254,491676,596103,"54.2561","null","null","null","null","null","null","null",8,"1","2-Seam Fastball",1,0,1,0,0,1,1,0,"Standard","Standard"
"SL","2018-09-08","84.9","-1.8658","6.1657","Chris Stratton",542583,608717,"null","ball",,,,,"11","null","R","R","R","MIL","SF","B","null","null",0,1,2018,"0.4672","-0.2196","-0.9584","2.8644","null","null","null",2,1,"Bot","null","null",,,605244,,"180908_232524","1.1987","-123.5836","-1.0144","4.5003","22.8187","-34.4312","3.5592","1.7308","null","null","null","84.4300","3105","5.7990",531537,608717,605244,488818,605509,446334,623214,452254,491676,596103,"54.7005","null","null","null","null","null","null","null",7,"2","Slider",1,0,1,0,0,1,1,0,"Infield shift","Standard"
"FF","2018-09-08","91.9","-1.8718","6.1447","Chris Stratton",542583,608717,"null","called_strike",,,,,"3","null","R","R","R","MIL","SF","S","null","null",0,0,2018,"-0.0639","1.1410","0.3523","3.0437","null","null","null",2,1,"Bot","null","null",,,605244,,"180908_232511","5.7665","-133.8276","-4.5396","-1.8550","25.1401","-17.7441","3.5592","1.7599","null","null","null","92.3130","2500","6.2070",531537,608717,605244,488818,605509,446334,623214,452254,491676,596103,"54.2923","null","null","null","null","null","null","null",7,"1","4-Seam Fastball",1,0,1,0,0,1,1,0,"Infield shift","Standard"
"CU","2018-09-08","78.3","-1.6849","6.2752","Chris Stratton",543768,608717,"null","ball",,,,,"13","null","R","L","R","MIL","SF","B","null","null",0,0,2018,"0.9721","-0.8634","-0.9517","1.9907","null","null","null",2,1,"Bot","null","null",,,605244,,"180908_232355","-0.1560","-113.9595","-0.8549","8.2856","20.5027","-39.6040","3.7337","1.8762","null","null","null","77.3810","2991","5.5750",531537,608717,605244,488818,605509,446334,623214,452254,491676,596103,"54.9239","null","null","null","null","null","null","null",6,"1","Curveball",0,0,0,0,0,0,0,0,"Standard","Standard"
"CH","2018-09-08","86.3","-1.8975","6.0573","Chris Stratton",592885,608717,"null","ball",,,,,"13","null","R","L","R","MIL","SF","B","null","null",1,1,2018,"-1.2167","0.2743","-0.7114","1.3671","null","null","null",1,1,"Bot","null","null",,,605244,,"180908_232258","5.2924","-125.7260","-5.6130","-13.9335","21.0079","-28.4733","3.4845","1.6727","null","null","null","87.0410","2099","6.3060",531537,608717,605244,488818,605509,446334,623214,452254,491676,596103,"54.1937","null","null","null","null","null","null","null",5,"3","Changeup",0,0,0,0,0,0,0,0,"Standard","Standard"
"FT","2018-09-08","92.8","-2.0739","6.1181","Chris Stratton",592885,608717,"null","ball",,,,,"11","null","R","L","R","MIL","SF","B","null","null",0,1,2018,"-0.7324","1.0725","-1.0075","2.9334","null","null","null",1,1,"Bot","null","null",,,605244,,"180908_232241","4.3360","-135.2119","-4.8233","-9.8769","24.0185","-18.1568","3.5883","1.8180","null","null","null","93.7260","2423","6.3540",531537,608717,605244,488818,605509,446334,623214,452254,491676,596103,"54.1455","null","null","null","null","null","null","null",5,"2","2-Seam Fastball",0,0,0,0,0,0,0,0,"Standard","Standard"
"FT","2018-09-08","91.3","-1.8209","6.2016","Chris Stratton",592885,608717,"null","called_strike",,,,,"4","null","R","L","R","MIL","SF","S","null","null",0,0,2018,"-0.5842","1.0773","-0.3478","2.6501","null","null","null",1,1,"Bot","null","null",,,605244,,"180908_232227","4.9532","-132.9107","-5.4474","-7.8700","23.9460","-18.5102","3.4845","1.9052","null","null","null","91.8480","2425","6.2420",531537,608717,605244,488818,605509,446334,623214,452254,491676,596103,"54.2575","null","null","null","null","null","null","null",5,"1","2-Seam Fastball",0,0,0,0,0,0,0,0,"Standard","Standard"
"FT","2018-09-08","90.4","1.9047","5.6445","Gio Gonzalez",596103,461829,"strikeout","called_strike",,,,,"5","Austin Slater called out on strikes.  ","R","R","L","MIL","SF","S",2,"null",3,2,2018,"1.1912","1.1739","0.1525","2.3053","null","null","null",2,1,"Top","null","null",,,444489,,"180908_231931","-6.8139","-131.3131","-4.7884","15.0411","27.7765","-17.9923","3.2976","1.4983","null","null","null","89.7310","2230","5.9740",531537,461829,444489,542583,543768,519058,606115,592885,456715,434158,"54.5257","null","null","0.00",1,0,0,"null",3,"6","2-Seam Fastball",0,0,0,0,0,0,0,0,"Standard","Standard"
"FF","2018-09-08","89.9","1.9096","5.6557","Gio Gonzalez",596103,461829,"null","ball",,,,,"11","null","R","R","L","MIL","SF","B","null","null",2,2,2018,"0.6800","1.2641","-0.0687","3.7267","null","null","null",2,1,"Top","null","null",,,444489,,"180908_231912","-6.2711","-130.7783","-1.4652","8.9542","25.6516","-17.7475","3.3557","1.6727","null","null","null","89.5240","2199","5.9180",531537,461829,444489,542583,543768,519058,606115,592885,456715,434158,"54.5817","null","null","null","null","null","null","null",3,"5","4-Seam Fastball",0,0,0,0,0,0,0,0,"Standard","Standard"
"CH","2018-09-08","81.6","1.9854","5.5614","Gio Gonzalez",596103,461829,"null","ball",,,,,"14","null","R","R","L","MIL","SF","B","null","null",1,1,2018,"0.7016","0.7239","0.7602","0.7345","null","null","null",2,1,"Top","null","null",,,444489,,"180908_231836","-4.0308","-118.7765","-5.6664","7.2360","19.8121","-24.6704","3.4139","1.6727","null","null","null","81.2490","1538","5.7470",531537,461829,444489,542583,543768,519058,606115,592885,456715,434158,"54.7527","null","null","null","null","null","null","null",3,"3","Changeup",0,0,0,0,0,0,0,0,"Standard","Standard"
"FT","2018-09-08","88.7","2.1097","5.6126","Gio Gonzalez",596103,461829,"null","ball",,,,,"14","null","R","R","L","MIL","SF","B","null","null",0,0,2018,"1.1952","0.8914","1.5671","2.2528","null","null","605509.00",1,1,"Top","null","null",,,444489,,"180908_231743","-3.7551","-129.0775","-3.9921","13.9477","25.6490","-21.7609","3.3266","1.4983","null","null","null","88.2700","2102","5.9160",531537,461829,444489,542583,543768,519058,606115,592885,456715,434158,"54.5830","null","null","null","null","null","null","null",3,"1","2-Seam Fastball",0,0,0,0,0,0,0,0,"Standard","Standard"
"CU","2018-09-08","74.7","1.8498","5.7200","Gio Gonzalez",605509,461829,"walk","ball",,,,,"13","Kelby Tomlinson walks.  ","R","R","L","MIL","SF","B","null","null",3,2,2018,"-1.1057","-1.3979","-0.5058","0.6202","null","null","null",1,1,"Top","null","null",,,444489,,"180908_231659","-2.9150","-108.6414","-0.8465","-7.9835","20.3028","-43.0607","3.2976","1.6146","null","null","null","73.7210","2619","5.7370",531537,461829,444489,542583,543768,519058,606115,592885,456715,434158,"54.7628","null","null","0.70",1,0,0,"null",2,"8","Curveball",0,0,0,0,0,0,0,0,"Standard","Standard"
"FF","2018-09-08","90.3","1.8566","5.6674","Gio Gonzalez",605509,461829,"null","ball",,,,,"12","null","R","R","L","MIL","SF","B","null","null",2,2,2018,"0.9100","0.9697","0.4580","3.6345","null","null","null",1,1,"Top","null","null",,,444489,,"180908_231541","-5.3437","-131.3522","-1.1615","11.4853","26.2605","-21.0649","3.2685","1.5855","null","null","null","89.8640","2082","5.9160",531537,461829,444489,542583,543768,519058,606115,592885,456715,434158,"54.5837","null","null","null","null","null","null","null",2,"5","4-Seam Fastball",0,0,0,0,0,0,0,0,"Standard","Strategic"
"FF","2018-09-08","90.2","2.0495","5.6974","Gio Gonzalez",605509,461829,"null","ball",,,,,"12","null","R","R","L","MIL","SF","B","null","null",1,2,2018,"0.8245","1.1930","0.4595","4.2759","null","null","null",1,1,"Top","null","null",,,444489,,"180908_231525","-5.5895","-131.2437","-0.0746","10.4603","26.6335","-18.9048","3.2394","1.5565","null","null","null","89.3070","2260","5.6490",531537,461829,444489,542583,543768,519058,606115,592885,456715,434158,"54.8500","null","null","null","null","null","null","null",2,"4","4-Seam Fastball",0,0,0,0,0,0,0,0,"Standard","Strategic"
"CH","2018-09-08","83.4","2.0349","5.6366","Gio Gonzalez",605509,461829,"null","ball",,,,,"14","null","R","R","L","MIL","SF","B","null","null",0,1,2018,"0.9227","0.7517","1.4703","2.1301","null","null","null",1,1,"Top","null","null",,,444489,,"180908_231445","-3.0269","-121.3817","-3.0538","9.4980","22.9177","-24.5668","3.0069","1.4111","null","null","null","82.5890","1616","5.6570",531537,461829,444489,542583,543768,519058,606115,592885,456715,434158,"54.8421","null","null","null","null","null","null","null",2,"2","Changeup",0,0,0,0,0,0,0,0,"Standard","Standard"
"FF","2018-09-08","90.1","1.9134","5.6815","Gio Gonzalez",605509,461829,"null","called_strike",,,,,"2","null","R","R","L","MIL","SF","S","null","null",0,0,2018,"0.5744","1.1824","-0.2545","2.8100","null","null","null",1,1,"Top","null","null",,,444489,,"180908_231432","-6.5914","-131.1012","-3.6931","7.9450","26.2798","-18.0087","3.3266","1.6146","null","null","null","90.2110","2277","6.2440",531537,461829,444489,542583,543768,519058,606115,592885,456715,434158,"54.2551","null","null","null","null","null","null","null",2,"1","4-Seam Fastball",0,0,0,0,0,0,0,0,"Standard","Standard"
"FF","2018-09-08","89.6","1.8886","5.6629","Gio Gonzalez",488818,461829,"null","ball",,,,,"12","null","R","R","L","MIL","SF","B","null","null",2,2,2018,"0.6010","1.1378","1.0338","4.6010","null","null","null",0,1,"Top","null","null",,,444489,,"180908_231340","-3.3623","-130.4218","0.9531","7.5085","25.9853","-19.6302","3.2976","1.5274","null","null","null","89.6060","2217","6.1580",531537,461829,444489,542583,543768,519058,606115,592885,456715,434158,"54.3412","null","null","null","null","null","null","null",1,"7","4-Seam Fastball",0,0,0,0,0,0,0,0,"Standard","Standard"
"CU","2018-09-08","73.6","1.8633","5.5402","Gio Gonzalez",488818,461829,"null","ball",,,,,"14","null","R","R","L","MIL","SF","B","null","null",1,2,2018,"-1.4716","-1.1982","0.8056","-1.1023","null","null","null",0,1,"Top","null","null",,,444489,,"180908_231303","0.3441","-106.9583","-4.0239","-11.0408","20.0263","-40.6266","3.2394","1.4693","null","null","null","72.4880","2602","5.7100",531537,461829,444489,542583,543768,519058,606115,592885,456715,434158,"54.7898","null","null","null","null","null","null","null",1,"6","Curveball",0,0,0,0,0,0,0,0,"Standard","Standard"
"CU","2018-09-08","74.5","1.8579","5.7776","Gio Gonzalez",488818,461829,"null","called_strike",,,,,"14","null","R","R","L","MIL","SF","S","null","null",1,1,2018,"-1.0359","-1.4448","0.3716","1.2435","null","null","null",0,1,"Top","null","null",,,444489,,"180908_231143","-1.2708","-108.2934","0.4318","-7.5807","21.0974","-43.4692","3.3557","1.6146","null","null","null","72.9380","2672","5.4290",531537,461829,444489,542583,543768,519058,606115,592885,456715,434158,"55.0704","null","null","null","null","null","null","null",1,"3","Curveball",0,0,0,0,0,0,0,0,"Standard","Standard"
"FF","2018-09-08","89.8","1.8010","5.7208","Gio Gonzalez",488818,461829,"null","ball",,,,,"13","null","R","R","L","MIL","SF","B","null","null",0,1,2018,"0.6356","1.2442","-1.2006","2.4396","null","null","null",0,1,"Top","null","null",,,444489,,"180908_231128","-8.6272","-130.3538","-4.6110","8.9331","28.0946","-17.5862","3.2976","1.5855","null","null","null","88.5670","2288","5.7140",531537,461829,444489,542583,543768,519058,606115,592885,456715,434158,"54.7855","null","null","null","null","null","null","null",1,"2","4-Seam Fastball",0,0,0,0,0,0,0,0,"Standard","Standard"
"FT","2018-09-08","87.6","2.1135","5.6255","Gio Gonzalez",488818,461829,"null","called_strike",,,,,"3","null","R","R","L","MIL","SF","S","null","null",0,0,2018,"1.3471","0.7749","0.6357","3.0088","null","null","null",0,1,"Top","null","null",,,444489,,"180908_231111","-6.2115","-127.2347","-1.6699","15.6131","27.9850","-23.8747","3.4045","1.6146","null","null","null","86.3240","2058","5.7400",531537,461829,444489,542583,543768,519058,606115,592885,456715,434158,"54.7594","null","null","null","null","null","null","null",1,"1","2-Seam Fastball",0,0,0,0,0,0,0,0,"Standard","Standard"