"pitch_type","game_date","release_speed","release_pos_x","release_pos_z","player_name","batter","pitcher","events","description","spin_dir","spin_rate_deprecated","break_angle_deprecated","break_length_deprecated","zone","des","game_type","stand","p_throws","home_team","away_team","type","hit_location","bb_type","balls","strikes","game_year","pfx_x","pfx_z","plate_x","plate_z","on_3b","on_2b","on_1b","outs_when_up","inning","inning_topbot","hc_x","hc_y","tfs_deprecated","tfs_zulu_deprecated","pos2_person_id","umpire","sv_id","vx0","vy0","vz0","ax","ay","az","sz_top","sz_bot","hit_distance_sc","launch_speed","launch_angle","effective_speed","release_spin_rate","release_extension","game_pk","pos1_person_id","pos2_person_id","pos3_person_id","pos4_person_id","pos5_person_id","pos6_person_id","pos7_person_id","pos8_person_id","pos9_person_id","release_pos_y","estimated_ba_using_speedangle","estimated_woba_using_speedangle","woba_value","woba_denom","babip_value","iso_value","launch_speed_angle","at_bat_number","pitch_number","pitch_name","home_score","away_score","bat_score","fld_score","post_away_score","post_home_score","post_bat_score","post_fld_score","if_fielding_alignment","of_fielding_alignment"
"FF","2018-05-13","96.3","-2.9313","5.8051","Hunter Strickland",592567,519326,"null","called_strike",,,,,"5","null","R","L","R","PIT","SF","S","null","null",0,0,2018,"-0.5082","1.3736","-0.1769","2.7978","null","465041.00","null",2,9,"Bot","null","null",,,460026,,"180513_204035","8.3588","-139.8382","-5.4109","-8.3835","30.2405","-13.4586","3.6526","1.7557","null","null","null","95.5350","2547","5.8710",530011,519326,460026,474832,605509,446334,543063,453923,491676,457705,"54.6282","null","null","null","null","null","null","null",78,"1","4-Seam Fastball",0,5,0,5,5,0,0,5,"Strategic","Standard"
"SL","2018-05-13","83.3","-3.0208","5.9185","Hunter Strickland",624428,519326,"null","ball",,,,,"13","null","R","L","R","PIT","SF","B","null","null",1,2,2018,"0.8574","-0.6022","-0.9699","1.3071","null","null","null",1,9,"Bot","null","null",,,460026,,"180513_203752","3.0313","-121.0948","-2.9368","7.5616","23.9668","-37.5904","3.1036","1.3073","null","null","null","81.8920","2673","5.4250",530011,519326,460026,474832,605509,446334,543063,453923,491676,457705,"55.0743","null","null","null","null","null","null","null",76,"4","Slider",0,5,0,5,5,0,0,5,"Standard","Standard"
"FF","2018-05-13","96.4","-2.8824","5.7450","Hunter Strickland",624428,519326,"null","ball",,,,,"12","null","R","L","R","PIT","SF","B","null","null",0,0,2018,"-0.4070","1.2716","1.3590","2.4363","null","null","null",1,9,"Bot","null","null",,,460026,,"180513_203634","12.0431","-139.7785","-5.9588","-7.9424","31.2205","-14.6677","3.1336","1.3165","null","null","null","95.4010","2503","5.8890",530011,519326,460026,474832,605509,446334,543063,453923,491676,457705,"54.6105","null","null","null","null","null","null","null",76,"1","4-Seam Fastball",0,5,0,5,5,0,0,5,"Standard","Standard"
"FF","2018-05-13","96.4","-2.9135","5.7671","Hunter Strickland",474568,519326,"null","ball",,,,,"11","null","R","R","R","PIT","SF","B","null","null",2,1,2018,"-0.3701","1.4150","-0.5786","3.9128","null","null","null",0,9,"Bot","null","null",,,460026,,"180513_203503","7.0028","-140.2077","-2.5183","-6.4158","31.7111","-13.3587","3.4077","1.7337","null","null","null","95.9660","2485","6.0670",530011,519326,460026,474832,605509,446334,543063,453923,491676,457705,"54.4320","null","null","null","null","null","null","null",75,"4","4-Seam Fastball",0,5,0,5,5,0,0,5,"Standard","Standard"
"SL","2018-05-13","83.2","-2.8556","5.9507","Hunter Strickland",474568,519326,"null","ball",,,,,"13","null","R","R","R","PIT","SF","B","null","null",1,1,2018,"0.6694","-0.6603","-0.5588","1.3888","null","null","null",0,9,"Bot","null","null",,,460026,,"180513_203444","3.9295","-120.9593","-2.7436","5.6269","22.3619","-38.1899","3.4900","1.6010","null","null","null","81.7860","2736","5.2670",530011,519326,460026,474832,605509,446334,543063,453923,491676,457705,"55.2318","null","null","null","null","null","null","null",75,"3","Slider",0,5,0,5,5,0,0,5,"Standard","Standard"
"FF","2018-05-13","96.2","-2.9073","5.7302","Hunter Strickland",474568,519326,"null","ball",,,,,"12","null","R","R","R","PIT","SF","B","null","null",0,0,2018,"-0.2341","1.3682","1.4916","2.5921","null","null","null",0,9,"Bot","null","null",,,460026,,"180513_203357","12.0904","-139.4564","-5.7416","-5.6181","29.7912","-13.4297","3.4568","1.7208","null","null","null","95.6360","2581","6.0610",530011,519326,460026,474832,605509,446334,543063,453923,491676,457705,"54.4378","null","null","null","null","null","null","null",75,"1","4-Seam Fastball",0,5,0,5,5,0,0,5,"Standard","Standard"
"FF","2018-05-13","94.9","-2.1211","5.9231","Tyler Glasnow",474832,607192,"null","ball",,,,,"11","null","R","L","R","PIT","SF","B","null","null",0,2,2018,"0.4388","0.8408","-1.6502","4.4181","null","null","457705.00",2,9,"Top","null","null",,,465041,,"180513_202936","0.2309","-138.4808","-0.2861","5.7749","27.7356","-21.1251","3.4350","1.6243","null","null","null","96.8300","2373","7.0070",530011,607192,465041,605137,446481,501896,474568,572816,516782,624428,"53.4923","null","null","null","null","null","null","null",73,"3","4-Seam Fastball",0,5,5,0,5,0,5,0,"Infield shift","Standard"
"FF","2018-05-13","96.0","-1.9924","5.8963","Tyler Glasnow",474832,607192,"null","called_strike",,,,,"4","null","R","L","R","PIT","SF","S","null","null",0,1,2018,"0.2988","0.7754","-0.5627","2.6145","null","null","457705.00",2,9,"Top","null","null",,,465041,,"180513_202913","3.1487","-139.9880","-5.0511","3.3987","29.9695","-20.6818","3.3525","1.6449","null","null","null","98.1570","2363","7.2720",530011,607192,465041,605137,446481,501896,474568,572816,516782,624428,"53.2271","null","null","null","null","null","null","null",73,"2","4-Seam Fastball",0,5,5,0,5,0,5,0,"Infield shift","Standard"
"FF","2018-05-13","95.0","-1.9016","5.9109","Tyler Glasnow",474832,607192,"null","called_strike",,,,,"1","null","R","L","R","PIT","SF","S","null","null",0,0,2018,"0.3894","1.0800","-0.3383","3.4239","null","null","457705.00",2,9,"Top","null","null",,,465041,,"180513_202854","3.2606","-138.5704","-3.4925","4.5369","28.7027","-17.1487","3.4059","1.5952","null","null","null","97.2770","2444","7.2880",530011,607192,465041,605137,446481,501896,474568,572816,516782,624428,"53.2113","null","null","null","null","null","null","null",73,"1","4-Seam Fastball",0,5,5,0,5,0,5,0,"Infield shift","Strategic"
"CU","2018-05-13","80.9","-1.6208","6.0470","Tyler Glasnow",457705,607192,"walk","ball",,,,,"13","Andrew McCutchen walks.  ","R","R","R","PIT","SF","B","null","null",3,2,2018,"0.7400","-0.9396","-1.1970","1.7637","null","null","null",2,9,"Top","null","null",,,465041,,"180513_202823","-0.5031","-117.8787","-1.0665","7.1003","23.8130","-41.0425","3.4596","1.6539","null","null","null","81.7130","2803","6.9080",530011,607192,465041,605137,446481,501896,474568,572816,516782,624428,"53.5911","null","null","0.70",1,0,0,"null",72,"7","Curveball",0,5,5,0,5,0,5,0,"Standard","Standard"
"FF","2018-05-13","96.6","-1.7455","5.8831","Tyler Glasnow",457705,607192,"null","ball",,,,,"14","null","R","R","R","PIT","SF","B","null","null",2,2,2018,"0.3634","0.7921","0.6746","1.3702","null","null","null",2,9,"Top","null","null",,,465041,,"180513_202731","5.7057","-140.7632","-8.5772","3.9264","27.6590","-19.6301","3.5627","1.7777","null","null","null","99.1100","2417","7.3120",530011,607192,465041,605137,446481,501896,474568,572816,516782,624428,"53.1873","null","null","null","null","null","null","null",72,"5","4-Seam Fastball",0,5,5,0,5,0,5,0,"Standard","Standard"
"CU","2018-05-13","80.2","-1.6732","6.1234","Tyler Glasnow",457705,607192,"null","ball",,,,,"12","null","R","R","R","PIT","SF","B","null","null",1,1,2018,"0.5221","-1.0524","0.2981","3.5124","null","null","null",2,9,"Top","null","null",,,465041,,"180513_202630","3.3746","-116.7075","2.8996","4.1471","21.5398","-42.5370","3.2706","1.6298","null","null","null","80.2950","2725","6.3090",530011,607192,465041,605137,446481,501896,474568,572816,516782,624428,"54.1902","null","null","null","null","null","null","null",72,"3","Curveball",0,5,5,0,5,0,5,0,"Standard","Standard"
"SL","2018-05-13","87.2","-1.7383","6.1545","Tyler Glasnow",457705,607192,"null","ball",,,,,"14","null","R","R","R","PIT","SF","B","null","null",0,1,2018,"0.1428","-0.8236","0.8081","-0.8101","null","null","null",2,9,"Top","null","null",,,465041,,"180513_202559","5.8636","-126.6905","-8.8807","0.3179","26.7189","-39.4680","3.5801","1.7123","null","null","null","87.6640","2902","6.7410",530011,607192,465041,605137,446481,501896,474568,572816,516782,624428,"53.7585","null","null","null","null","null","null","null",72,"2","Slider",0,5,5,0,5,0,5,0,"Standard","Standard"
"FF","2018-05-13","96.6","-1.6815","5.9977","Tyler Glasnow",457705,607192,"null","called_strike",,,,,"9","null","R","R","R","PIT","SF","S","null","null",0,0,2018,"0.2016","1.1808","0.7880","1.7683","null","null","null",2,9,"Top","null","null",,,465041,,"180513_202542","6.2226","-140.5373","-8.6485","1.3389","32.1801","-14.1696","3.5252","1.6989","null","null","null","98.4330","2545","7.3510",530011,607192,465041,605137,446481,501896,474568,572816,516782,624428,"53.1477","null","null","null","null","null","null","null",72,"1","4-Seam Fastball",0,5,5,0,5,0,5,0,"Standard","Standard"
"SL","2018-05-13","86.5","-1.7884","6.1482","Tyler Glasnow",491676,607192,"null","ball",,,,,"14","null","R","R","R","PIT","SF","B","null","null",0,2,2018,"0.2404","-0.9193","0.6980","1.2861","null","null","null",1,9,"Top","null","null",,,465041,,"180513_202440","5.4882","-125.9968","-3.5120","1.4642","26.0078","-41.5741","3.3622","1.5953","null","null","null","87.3360","2869","6.7980",530011,607192,465041,605137,446481,501896,474568,572816,516782,624428,"53.7007","null","null","null","null","null","null","null",71,"3","Slider",0,5,5,0,5,0,5,0,"Standard","Standard"
"CU","2018-05-13","80.8","-1.5701","6.1509","Tyler Glasnow",491676,607192,"null","called_strike",,,,,"6","null","R","R","R","PIT","SF","S","null","null",0,1,2018,"0.7281","-1.1375","0.5568","2.4122","null","null","null",1,9,"Top","null","null",,,465041,,"180513_202421","3.3519","-117.5871","0.5313","5.9912","24.1793","-42.9593","3.3215","1.5747","null","null","null","80.4320","2891","6.2230",530011,607192,465041,605137,446481,501896,474568,572816,516782,624428,"54.2761","null","null","null","null","null","null","null",71,"2","Curveball",0,5,5,0,5,0,5,0,"Standard","Standard"
"FF","2018-05-13","94.1","-1.6574","6.0686","Tyler Glasnow",457706,607192,"null","ball",,,,,"12","null","R","R","R","PIT","SF","B","null","null",2,1,2018,"0.0894","1.2183","0.4448","3.9291","null","null","null",0,9,"Top","null","null",,,465041,,"180513_202245","5.3638","-137.2841","-2.7855","0.1406","26.5981","-15.7006","3.4508","1.5932","null","null","null","96.6090","2503","7.3040",530011,607192,465041,605137,446481,501896,474568,572816,516782,624428,"53.1951","null","null","null","null","null","null","null",70,"4","4-Seam Fastball",0,5,5,0,5,0,5,0,"Standard","Standard"
"FF","2018-05-13","93.1","-1.6548","6.0600","Tyler Glasnow",457706,607192,"null","ball",,,,,"12","null","R","R","R","PIT","SF","B","null","null",1,1,2018,"0.1574","0.9474","0.5358","4.5659","null","null","null",0,9,"Top","null","null",,,465041,,"180513_202223","5.3955","-135.9653","-0.3694","1.1082","23.9038","-19.8611","3.4508","1.5313","null","null","null","96.1420","2492","7.4020",530011,607192,465041,605137,446481,501896,474568,572816,516782,624428,"53.0976","null","null","null","null","null","null","null",70,"3","4-Seam Fastball",0,5,5,0,5,0,5,0,"Standard","Standard"
"FF","2018-05-13","95.7","-1.5523","6.0871","Tyler Glasnow",457706,607192,"null","ball",,,,,"12","null","R","R","R","PIT","SF","B","null","null",0,1,2018,"0.1841","1.2043","0.2077","5.1328","null","null","null",0,9,"Top","null","null",,,465041,,"180513_202200","4.3066","-139.6484","0.2296","1.5972","29.3422","-16.0085","3.3889","1.5520","null","null","null","98.0250","2481","7.2960",530011,607192,465041,605137,446481,501896,474568,572816,516782,624428,"53.2028","null","null","null","null","null","null","null",70,"2","4-Seam Fastball",0,5,5,0,5,0,5,0,"Standard","Standard"
"FF","2018-05-13","95.3","-1.6067","5.9431","Tyler Glasnow",457706,607192,"null","called_strike",,,,,"3","null","R","R","R","PIT","SF","S","null","null",0,0,2018,"0.1148","1.2303","0.5847","3.1547","null","null","null",0,9,"Top","null","null",,,465041,,"180513_202145","5.6340","-138.9309","-4.7367","0.3426","29.9241","-14.6190","3.4255","1.5473","null","null","null","97.9160","2432","7.5770",530011,607192,465041,605137,446481,501896,474568,572816,516782,624428,"52.9218","null","null","null","null","null","null","null",70,"1","4-Seam Fastball",0,5,5,0,5,0,5,0,"Standard","Standard"
"FF","2018-05-13","92.1","1.7716","6.5343","Will Smith",446481,519293,"null","ball",,,,,"12","null","R","R","L","PIT","SF","B","null","null",2,2,2018,"0.5424","1.3505","0.6062","4.2619","null","null","null",2,8,"Bot","null","null",,,460026,,"180513_201854","-4.0792","-134.0577","-2.7980","7.3043","28.8319","-15.8099","3.7552","1.7335","null","null","null","91.4030","2114","5.8400",530011,519293,460026,474832,605509,446334,543063,453923,491676,457705,"54.6587","null","null","null","null","null","null","null",69,"5","4-Seam Fastball",0,5,0,5,5,0,0,5,"Standard","Standard"
"FF","2018-05-13","94.2","1.5703","6.5366","Will Smith",446481,519293,"null","ball",,,,,"12","null","R","R","L","PIT","SF","B","null","null",1,2,2018,"0.5680","1.3741","0.0560","3.7028","null","null","null",2,8,"Bot","null","null",,,460026,,"180513_201836","-5.1436","-136.9743","-4.6244","8.2039","30.5646","-14.3078","3.4663","1.6716","null","null","null","93.5960","2149","5.9970",530011,519293,460026,474832,605509,446334,543063,453923,491676,457705,"54.5023","null","null","null","null","null","null","null",69,"4","4-Seam Fastball",0,5,0,5,5,0,0,5,"Standard","Standard"
"FF","2018-05-13","93.4","1.8530","6.4844","Will Smith",446481,519293,"null","ball",,,,,"12","null","R","R","L","PIT","SF","B","null","null",0,1,2018,"0.7830","1.3123","1.6595","3.6193","null","null","null",2,8,"Bot","null","null",,,460026,,"180513_201757","-2.1521","-135.8455","-4.3659","9.9310","30.9552","-15.6168","3.6107","1.6922","null","null","null","92.1720","2300","5.6710",530011,519293,460026,474832,605509,446334,543063,453923,491676,457705,"54.8281","null","null","null","null","null","null","null",69,"2","4-Seam Fastball",0,5,0,5,5,0,0,5,"Strategic","Standard"
"CU","2018-05-13","78.3","1.8112","6.5798","Will Smith",446481,519293,"null","called_strike",,,,,"9","null","R","R","L","PIT","SF","S","null","null",0,0,2018,"-0.6062","-0.8415","0.6986","2.0285","null","null","null",2,8,"Bot","null","null",,,460026,,"180513_201740","-1.2959","-113.8542","-1.4208","-4.8917","21.2431","-39.2917","3.6352","1.7269","null","null","null","77.2520","2185","5.6180",530011,519293,460026,474832,605509,446334,543063,453923,491676,457705,"54.8814","null","null","null","null","null","null","null",69,"1","Curveball",0,5,0,5,5,0,0,5,"Strategic","Standard"
"SL","2018-05-13","80.6","2.1461","6.2147","Will Smith",501896,519293,"null","ball",,,,,"13","null","R","R","L","PIT","SF","B","null","null",0,1,2018,"-1.1337","-0.3367","-1.9628","2.3812","null","null","null",1,8,"Bot","null","null",,,460026,,"180513_201630","-6.9418","-117.1600","-1.2492","-9.0032","20.7152","-35.2266","3.4595","1.6962","null","null","null","79.7730","2440","5.6320",530011,519293,460026,474832,605509,446334,543063,453923,491676,457705,"54.8669","null","null","null","null","null","null","null",68,"2","Slider",0,5,0,5,5,0,0,5,"Standard","Standard"
"FF","2018-05-13","93.4","1.5902","6.5419","Will Smith",501896,519293,"null","called_strike",,,,,"4","null","R","R","L","PIT","SF","S","null","null",0,0,2018,"0.4427","1.5303","-0.4639","2.4298","null","null","null",1,8,"Bot","null","null",,,460026,,"180513_201613","-6.2157","-135.7926","-8.1755","6.6580","25.9643","-11.9040","3.4600","1.7480","null","null","null","93.3940","2166","6.0510",530011,519293,460026,474832,605509,446334,543063,453923,491676,457705,"54.4480","null","null","null","null","null","null","null",68,"1","4-Seam Fastball",0,5,0,5,5,0,0,5,"Standard","Standard"
"SL","2018-05-13","80.0","2.1372","6.2771","Will Smith",572816,519293,"null","called_strike",,,,,"6","null","R","L","L","PIT","SF","S","null","null",1,0,2018,"-0.6593","-0.0674","0.2828","2.6415","null","null","null",0,8,"Bot","null","null",,,460026,,"180513_201449","-2.8507","-116.5488","-1.2205","-5.4228","20.8733","-32.7889","3.4606","1.5311","null","null","null","79.6740","2374","5.8930",530011,519293,460026,474832,605509,446334,543063,453923,491676,457705,"54.6065","null","null","null","null","null","null","null",67,"2","Slider",0,5,0,5,5,0,0,5,"Standard","Standard"
"FF","2018-05-13","92.5","1.6925","6.5875","Will Smith",572816,519293,"null","ball",,,,,"12","null","R","L","L","PIT","SF","B","null","null",0,0,2018,"0.4643","1.4882","0.0114","4.6058","null","null","null",0,8,"Bot","null","null",,,460026,,"180513_201427","-5.1912","-134.4754","-2.3459","6.6178","29.6507","-14.3737","3.4812","1.5723","null","null","null","91.1400","2197","5.5550",530011,519293,460026,474832,605509,446334,543063,453923,491676,457705,"54.9443","null","null","null","null","null","null","null",67,"1","4-Seam Fastball",0,5,0,5,5,0,0,5,"Standard","Standard"
"FF","2018-05-13","96.3","-1.6899","6.0046","Tyler Glasnow",605509,607192,"null","called_strike",,,,,"5","null","R","R","R","PIT","SF","S","null","null",0,0,2018,"0.2882","0.8530","-0.2571","2.6781","null","null","453923.00",2,8,"Top","null","null",,,465041,,"180513_201047","3.1941","-140.4793","-5.4454","3.3296","28.3519","-19.4620","3.6478","1.8100","null","null","null","98.7430","2324","7.2770",530011,607192,465041,605137,446481,501896,474568,572816,516782,624428,"53.2225","null","null","null","null","null","null","null",66,"1","4-Seam Fastball",0,5,5,0,5,0,5,0,"Standard","Standard"
"CU","2018-05-13","84.3","-1.6205","6.0617","Tyler Glasnow",460026,607192,"strikeout","called_strike",,,,,"8","Nick Hundley called out on strikes.  ","R","R","R","PIT","SF","S",2,"null",0,2,2018,"0.5209","-0.8337","-0.1815","1.7067","null","null","453923.00",1,8,"Top","null","null",,,465041,,"180513_201000","2.3176","-122.8723","-2.0552","4.8902","25.8605","-40.5394","3.5320","1.6655","null","null","null","85.3890","2783","7.0440",530011,607192,465041,605137,446481,501896,474568,572816,516782,624428,"53.4553","null","null","0.00",1,0,0,"null",65,"3","Curveball",0,5,5,0,5,0,5,0,"Standard","Standard"
"FF","2018-05-13","95.1","-2.0250","5.8836","Tyler Glasnow",543063,607192,"null","ball",,,,,"11","null","R","L","R","PIT","SF","B","null","null",2,1,2018,"0.3856","0.7796","-0.6896","4.3923","null","null","453923.00",0,8,"Top","null","null",,,465041,,"180513_200806","2.6611","-138.7754","-0.1118","4.5733","29.6482","-21.9203","3.4847","1.5834","null","null","null","97.0730","2360","7.1560",530011,607192,465041,605137,446481,501896,474568,572816,516782,624428,"53.3431","null","null","null","null","null","null","null",64,"4","4-Seam Fastball",0,5,5,0,5,0,5,0,"Standard","Standard"
"FF","2018-05-13","95.7","-1.9757","5.9140","Tyler Glasnow",543063,607192,"null","ball",,,,,"11","null","R","L","R","PIT","SF","B","null","null",1,0,2018,"0.2401","1.0596","-0.5881","4.2258","null","null","453923.00",0,8,"Top","null","null",,,465041,,"180513_200724","3.1653","-139.5969","-1.3979","2.6007","28.9286","-17.6679","3.5054","1.6041","null","null","null","97.9220","2399","7.2320",530011,607192,465041,605137,446481,501896,474568,572816,516782,624428,"53.2673","null","null","null","null","null","null","null",64,"2","4-Seam Fastball",0,5,5,0,5,0,5,0,"Standard","Standard"
"FF","2018-05-13","94.1","-2.1186","5.9464","Tyler Glasnow",543063,607192,"null","ball",,,,,"11","null","R","L","R","PIT","SF","B","null","null",0,0,2018,"0.0785","1.0471","-0.8947","3.8789","null","null","453923.00",0,8,"Top","null","null",,,465041,,"180513_200707","3.0648","-137.3492","-2.1913","0.4224","27.5382","-18.0538","3.5466","1.6454","null","null","null","96.6320","2477","7.3580",530011,607192,465041,605137,446481,501896,474568,572816,516782,624428,"53.1409","null","null","null","null","null","null","null",64,"1","4-Seam Fastball",0,5,5,0,5,0,5,0,"Standard","Standard"
"FF","2018-05-13","95.4","-1.9382","5.9100","Tyler Glasnow",453923,607192,"null","ball",,,,,"11","null","R","L","R","PIT","SF","B","null","null",0,1,2018,"0.2524","0.8330","-0.7228","3.9701","null","null","null",0,8,"Top","null","null",,,465041,,"180513_200612","2.6607","-139.2419","-1.5080","2.8701","27.5291","-20.8249","3.0862","1.4284","null","null","null","97.5270","2555","7.0620",530011,607192,465041,605137,446481,501896,474568,572816,516782,624428,"53.4368","null","null","null","null","null","null","null",63,"2","4-Seam Fastball",0,5,5,0,5,0,5,0,"Standard","Standard"
"SL","2018-05-13","83.1","-1.6741","5.1634","Reyes Moronta",605137,606625,"null","ball",,,,,"13","null","R","L","R","PIT","SF","B","null","null",0,1,2018,"1.3504","-0.0801","-1.1861","2.1371","591741.00","null","516782.00",2,7,"Bot","null","null",,,460026,,"180513_200211","-1.4514","-121.0352","-0.3627","13.3188","22.3657","-33.1136","3.6935","1.7132","null","null","null","82.5580","2600","5.7550",530011,606625,460026,474832,605509,446334,543063,453923,491676,457705,"54.7438","null","null","null","null","null","null","null",62,"2","Slider",0,5,0,5,5,0,0,5,"Standard","Standard"
"SL","2018-05-13","85.0","-1.8253","5.0326","Reyes Moronta",516782,606625,"null","called_strike",,,,,"8","null","R","R","R","PIT","SF","S","null","null",2,1,2018,"0.9000","0.0289","0.2719","1.6607","null","591741.00","null",2,7,"Bot","null","null",,,460026,,"180513_195904","3.1228","-123.6739","-1.6644","8.4630","22.9386","-31.8103","3.5864","1.5861","null","null","null","84.1730","2556","5.5960",530011,606625,460026,474832,605509,446334,543063,453923,491676,457705,"54.9029","null","null","null","null","null","null","null",61,"4","Slider",0,5,0,5,5,0,0,5,"Standard","Standard"
"FF","2018-05-13","96.7","-1.2089","5.4740","Reyes Moronta",516782,606625,"null","ball",,,,,"14","null","R","R","R","PIT","SF","B","null","null",1,0,2018,"0.0707","1.2367","1.8375","1.7216","null","null","591741.00",2,7,"Bot","null","null",,,460026,,"180513_195812","7.9404","-140.5928","-7.2555","-0.7393","29.6872","-14.4510","3.7780","1.7782","9","49.4","-13.0537","96.7400","2596","6.2050",530011,606625,460026,474832,605509,446334,543063,453923,491676,457705,"54.2939","null","null","null","null","null","null","null",61,"2","4-Seam Fastball",0,5,0,5,5,0,0,5,"Standard","Standard"
"FF","2018-05-13","97.0","-1.3747","5.4526","Reyes Moronta",516782,606625,"null","ball",,,,,"14","null","R","R","R","PIT","SF","B","null","null",0,0,2018,"-0.2221","1.1863","1.9788","1.6663","null","null","591741.00",2,7,"Bot","null","null",,,460026,,"180513_195754","9.3971","-140.7849","-7.2235","-4.9000","29.3911","-15.1857","3.8193","1.9227","null","null","null","96.6190","2558","6.0350",530011,606625,460026,474832,605509,446334,543063,453923,491676,457705,"54.4645","null","null","null","null","null","null","null",61,"1","4-Seam Fastball",0,5,0,5,5,0,0,5,"Standard","Standard"
"SL","2018-05-13","79.6","-1.4930","5.3591","Reyes Moronta",591741,606625,"null","called_strike",,,,,"14","null","R","R","R","PIT","SF","S","null","null",0,0,2018,"0.9311","-0.2722","0.1106","1.4081","null","null","null",2,7,"Bot","null","null",,,460026,,"180513_195642","1.7916","-115.9188","-1.4536","7.9678","20.6939","-34.5648","3.5230","1.5769","null","null","null","79.2380","2657","5.8930",530011,606625,460026,474832,605509,446334,543063,453923,491676,457705,"54.6060","null","null","null","null","null","null","null",60,"1","Slider",0,5,0,5,5,0,0,5,"Standard","Standard"
"SL","2018-05-13","82.8","-1.5514","5.0065","Reyes Moronta",465041,606625,"null","called_strike",,,,,"6","null","R","R","R","PIT","SF","S","null","null",1,1,2018,"0.7521","0.0697","0.7193","2.2585","null","null","null",1,7,"Bot","null","null",,,460026,,"180513_195550","3.7056","-120.3896","0.0739","6.4294","22.9720","-31.7749","3.3308","1.5734","null","null","null","81.7840","2488","5.6090",530011,606625,460026,474832,605509,446334,543063,453923,491676,457705,"54.8899","null","null","null","null","null","null","null",59,"3","Slider",0,5,0,5,5,0,0,5,"Strategic","Standard"
"FF","2018-05-13","96.2","-1.2611","5.3416","Reyes Moronta",465041,606625,"null","ball",,,,,"13","null","R","R","R","PIT","SF","B","null","null",0,1,2018,"-0.0030","1.1790","-0.0494","1.2837","null","null","null",1,7,"Bot","null","null",,,460026,,"180513_195529","3.2083","-139.9838","-7.8393","-0.7004","28.8543","-15.3028","3.4958","1.7179","null","null","null","96.2100","2439","6.1020",530011,606625,460026,474832,605509,446334,543063,453923,491676,457705,"54.3976","null","null","null","null","null","null","null",59,"2","4-Seam Fastball",0,5,0,5,5,0,0,5,"Strategic","Standard"
"SL","2018-05-13","79.4","-1.4213","5.3593","Reyes Moronta",465041,606625,"null","called_strike",,,,,"7","null","R","R","R","PIT","SF","S","null","null",0,0,2018,"0.7232","-0.4390","-0.3933","1.6832","null","null","null",1,7,"Bot","null","null",,,460026,,"180513_195509","0.9214","-115.6738","-0.5439","6.2265","20.0079","-36.1850","3.2689","1.5115","null","null","null","78.9160","2499","5.7230",530011,606625,460026,474832,605509,446334,543063,453923,491676,457705,"54.7763","null","null","null","null","null","null","null",59,"1","Slider",0,5,0,5,5,0,0,5,"Strategic","Standard"
"SL","2018-05-13","81.8","1.5850","5.9735","Derek Holland",624428,502706,"null","ball",,,,,"13","null","R","L","L","PIT","SF","B","null","null",0,2,2018,"0.3225","1.0458","-2.5304","1.0950","null","null","null",0,7,"Bot","null","null",,,460026,,"180513_195151","-9.7558","-118.5602","-6.2599","4.8877","23.2180","-21.5432","3.1441","1.3685","null","null","null","80.6660","2152","5.7890",530011,502706,460026,474832,605509,446334,543063,453923,491676,457705,"54.7102","null","null","null","null","null","null","null",58,"3","Slider",0,5,0,5,5,0,0,5,"Standard","Standard"
"SI","2018-05-13","92.5","1.4954","6.0317","Derek Holland",624428,502706,"null","called_strike",,,,,"4","null","R","L","L","PIT","SF","S","null","null",0,1,2018,"1.3410","0.7858","-0.6731","2.4596","null","null","null",0,7,"Bot","null","null",,,460026,,"180513_195134","-8.3454","-134.3877","-4.9813","17.7959","26.6846","-21.9420","3.1229","1.3272","null","null","null","92.1560","2320","5.9840",530011,502706,460026,474832,605509,446334,543063,453923,491676,457705,"54.5151","null","null","null","null","null","null","null",58,"2","Sinker",0,5,0,5,5,0,0,5,"Standard","Standard"
"SI","2018-05-13","92.0","1.4945","6.0678","Derek Holland",624428,502706,"null","called_strike",,,,,"3","null","R","L","L","PIT","SF","S","null","null",0,0,2018,"1.6038","0.7959","0.4765","3.2091","null","null","null",0,7,"Bot","null","null",,,460026,,"180513_195121","-5.9217","-133.7921","-3.0779","20.1631","28.2038","-22.3771","3.1848","1.3892","null","null","null","91.1920","2317","5.7820",530011,502706,460026,474832,605509,446334,543063,453923,491676,457705,"54.7169","null","null","null","null","null","null","null",58,"1","Sinker",0,5,0,5,5,0,0,5,"Standard","Standard"
"FF","2018-05-13","93.4","-2.8616","5.8138","Richard Rodriguez",446334,593144,"null","ball",,,,,"14","null","R","R","R","PIT","SF","B","null","null",0,1,2018,"-0.8203","1.3221","1.3407","2.6417","null","null","457705.00",2,7,"Top","null","null",,,465041,,"180513_194609","12.6172","-135.4397","-5.3288","-12.7154","27.1818","-14.8846","3.7111","1.7952","null","null","null","93.6260","2424","6.4320",530011,593144,465041,605137,446481,501896,474568,572816,516782,591741,"54.0670","null","null","null","null","null","null","null",57,"2","4-Seam Fastball",0,5,5,0,5,0,5,0,"Standard","Standard"
"FF","2018-05-13","92.2","-3.0699","5.7348","Richard Rodriguez",474832,593144,"strikeout","called_strike",,,,,"13","Brandon Belt called out on strikes.  ","R","L","R","PIT","SF","S",2,"null",2,2,2018,"-0.8902","1.2045","-0.9403","2.2260","null","null","457705.00",1,7,"Top","null","null",,,465041,,"180513_194506","7.3403","-134.0568","-5.7169","-12.2703","27.6592","-16.6469","3.3313","1.6237","null","null","null","92.3490","2360","6.3210",530011,593144,465041,605137,446481,501896,474568,572816,516782,591741,"54.1786","null","null","0.00",1,0,0,"null",56,"5","4-Seam Fastball",0,5,5,0,5,0,5,0,"Infield shift","Strategic"
"FF","2018-05-13","93.4","-3.0567","5.7192","Richard Rodriguez",474832,593144,"null","ball",,,,,"11","null","R","L","R","PIT","SF","B","null","null",1,2,2018,"-0.8487","1.2211","-0.4355","3.7272","null","null","457705.00",1,7,"Top","null","null",,,465041,,"180513_194444","8.6485","-135.8042","-2.0797","-12.4228","29.2883","-16.7402","3.3313","1.5411","null","null","null","93.7060","2446","6.4790",530011,593144,465041,605137,446481,501896,474568,572816,516782,591741,"54.0204","null","null","null","null","null","null","null",56,"4","4-Seam Fastball",0,5,5,0,5,0,5,0,"Infield shift","Strategic"
"FF","2018-05-13","92.7","-2.8717","5.7949","Richard Rodriguez",474832,593144,"null","ball",,,,,"3","null","R","L","R","PIT","SF","B","null","null",0,1,2018,"-0.6746","1.2988","0.6567","3.4537","null","null","457705.00",1,7,"Top","null","null",,,465041,,"180513_194354","10.5266","-134.6910","-3.0717","-10.4121","26.9391","-15.7568","3.3692","1.5376","null","null","null","93.2480","2372","6.5190",530011,593144,465041,605137,446481,501896,474568,572816,516782,591741,"53.9806","null","null","null","null","null","null","null",56,"2","4-Seam Fastball",0,5,5,0,5,0,5,0,"Infield shift","Strategic"
"SL","2018-05-13","83.0","-3.1840","5.7263","Richard Rodriguez",457705,593144,"null","ball",,,,,"14","null","R","R","R","PIT","SF","B","null","null",0,2,2018,"0.0377","-0.4090","0.7487","0.7765","null","null","null",1,7,"Top","null","null",,,465041,,"180513_194224","8.9730","-120.5961","-4.0737","-1.2845","22.2801","-35.6591","3.5622","1.7153","null","null","null","83.6170","2091","6.6660",530011,593144,465041,605137,446481,501896,474568,572816,516782,591741,"53.8327","null","null","null","null","null","null","null",55,"3","Slider",0,5,5,0,5,0,5,0,"Standard","Standard"
"FF","2018-05-13","94.0","-3.1746","5.7560","Richard Rodriguez",457705,593144,"null","called_strike",,,,,"12","null","R","R","R","PIT","SF","S","null","null",0,1,2018,"-0.6572","1.3182","0.9107","2.9786","null","null","null",1,7,"Top","null","null",,,465041,,"180513_194209","12.0544","-136.3171","-4.3848","-10.8555","29.5645","-14.8968","3.5622","1.7566","null","null","null","94.0850","2431","6.4970",530011,593144,465041,605137,446481,501896,474568,572816,516782,591741,"54.0018","null","null","null","null","null","null","null",55,"2","4-Seam Fastball",0,5,5,0,5,0,5,0,"Standard","Standard"
"FF","2018-05-13","94.5","-2.9546","5.8840","Richard Rodriguez",457705,593144,"null","called_strike",,,,,"2","null","R","R","R","PIT","SF","S","null","null",0,0,2018,"-0.6731","1.3811","-0.0811","3.3284","null","null","null",1,7,"Top","null","null",,,465041,,"180513_194155","8.9639","-137.2645","-4.0174","-10.4590","30.0615","-14.0774","3.5209","1.7153","null","null","null","94.3730","2423","6.2900",530011,593144,465041,605137,446481,501896,474568,572816,516782,591741,"54.2087","null","null","null","null","null","null","null",55,"1","4-Seam Fastball",0,5,5,0,5,0,5,0,"Standard","Standard"
"SL","2018-05-13","81.0","-3.1659","5.9285","Richard Rodriguez",491676,593144,"null","ball",,,,,"14","null","R","R","R","PIT","SF","B","null","null",0,1,2018,"0.6901","-0.1940","0.9747","1.3600","null","null","null",0,7,"Top","null","null",,,465041,,"180513_194043","7.9285","-117.7726","-3.2313","5.0473","20.7960","-33.6166","3.3001","1.5331","null","null","null","81.2120","2236","6.3200",530011,593144,465041,605137,446481,501896,474568,572816,516782,591741,"54.1787","null","null","null","null","null","null","null",54,"2","Slider",0,5,5,0,5,0,5,0,"Standard","Standard"
"FF","2018-05-13","92.6","-3.0520","5.8894","Richard Rodriguez",491676,593144,"null","called_strike",,,,,"3","null","R","R","R","PIT","SF","S","null","null",0,0,2018,"-0.8758","1.3115","0.3033","3.1405","null","null","null",0,7,"Top","null","null",,,465041,,"180513_194032","10.4506","-134.4141","-4.0554","-12.8103","28.0222","-15.6163","3.4244","1.5331","null","null","null","92.5610","2439","6.3160",530011,593144,465041,605137,446481,501896,474568,572816,516782,591741,"54.1827","null","null","null","null","null","null","null",54,"1","4-Seam Fastball",0,5,5,0,5,0,5,0,"Standard","Standard"
"KC","2018-05-13","79.3","1.5413","6.1611","Derek Holland",474568,502706,"null","called_strike",,,,,"4","null","R","R","L","PIT","SF","S","null","null",1,0,2018,"-0.0402","-0.0388","-0.3170","2.7746","null","null","446481.00",2,6,"Bot","null","null",,,460026,,"180513_193720","-3.8940","-115.1101","-0.4750","0.4421","23.1303","-32.7077","3.5421","1.8270","null","null","null","77.2080","2183","5.1180",530011,502706,460026,474832,605509,446334,543063,453923,491676,457705,"55.3815","null","null","null","null","null","null","null",53,"2","Knuckle Curve",0,5,0,5,5,0,0,5,"Standard","Standard"
"CH","2018-05-13","81.7","1.5333","6.0085","Derek Holland",474568,502706,"null","ball",,,,,"12","null","R","R","L","PIT","SF","B","null","null",0,0,2018,"1.0948","1.1710","1.6118","3.0872","null","null","446481.00",2,6,"Bot","null","null",,,460026,,"180513_193657","-1.8540","-118.8449","-2.1110","10.4352","25.1176","-21.2627","3.4802","1.8270","null","null","null","80.3800","2101","5.6350",530011,502706,460026,474832,605509,446334,543063,453923,491676,457705,"54.8641","null","null","null","null","null","null","null",53,"1","Changeup",0,5,0,5,5,0,0,5,"Standard","Standard"
"SI","2018-05-13","92.6","1.4875","5.9951","Derek Holland",446481,502706,"walk","ball",,,,,"11","Sean Rodriguez walks.  ","R","R","L","PIT","SF","B","null","null",3,2,2018,"1.1103","1.3174","-1.8398","2.7309","null","null","null",2,6,"Bot","null","null",,,460026,,"180513_193625","-10.8027","-134.3015","-5.2901","15.6445","29.3154","-15.4858","3.6965","1.6957","null","null","null","91.8690","2310","6.0520",530011,502706,460026,474832,605509,446334,543063,453923,491676,457705,"54.4475","null","null","0.70",1,0,0,"null",52,"6","Sinker",0,5,0,5,5,0,0,5,"Strategic","Standard"
"CH","2018-05-13","83.6","1.2960","6.0455","Derek Holland",446481,502706,"null","called_strike",,,,,"6","null","R","R","L","PIT","SF","S","null","null",3,1,2018,"0.9401","1.3075","0.7469","2.8124","null","null","null",2,6,"Bot","null","null",,,460026,,"180513_193605","-3.0494","-121.6955","-3.5390","9.7608","23.2685","-18.9704","3.6352","1.7062","null","null","null","82.9690","2028","5.7910",530011,502706,460026,474832,605509,446334,543063,453923,491676,457705,"54.7086","null","null","null","null","null","null","null",52,"5","Changeup",0,5,0,5,5,0,0,5,"Strategic","Standard"
"SI","2018-05-13","91.2","1.5227","6.0766","Derek Holland",446481,502706,"null","called_strike",,,,,"9","null","R","R","L","PIT","SF","S","null","null",3,0,2018,"1.3189","1.2747","0.3472","1.8741","null","null","null",2,6,"Bot","null","null",,,460026,,"180513_193550","-5.7129","-132.4302","-7.2890","16.5595","29.0661","-16.0188","3.5733","1.6237","null","null","null","90.4610","2443","6.0180",530011,502706,460026,474832,605509,446334,543063,453923,491676,457705,"54.4811","null","null","null","null","null","null","null",52,"4","Sinker",0,5,0,5,5,0,0,5,"Strategic","Standard"
"CH","2018-05-13","81.5","1.4722","6.0465","Derek Holland",446481,502706,"null","ball",,,,,"12","null","R","R","L","PIT","SF","B","null","null",2,0,2018,"1.2172","1.0422","2.1801","3.6126","null","null","null",2,6,"Bot","null","null",,,460026,,"180513_193532","-0.7126","-118.6286","-0.8317","11.4595","23.4904","-22.5601","3.6140","1.6750","null","null","null","80.9690","2002","5.9910",530011,502706,460026,474832,605509,446334,543063,453923,491676,457705,"54.5084","null","null","null","null","null","null","null",52,"3","Changeup",0,5,0,5,5,0,0,5,"Strategic","Standard"
"SI","2018-05-13","91.7","1.5493","6.0965","Derek Holland",446481,502706,"null","ball",,,,,"13","null","R","R","L","PIT","SF","B","null","null",1,0,2018,"0.9507","1.3296","-1.0915","1.7714","null","null","null",2,6,"Bot","null","null",,,460026,,"180513_193513","-8.6128","-133.0301","-7.8034","12.9558","28.0427","-15.1793","3.6759","1.7369","null","null","null","90.9110","2410","5.9400",530011,502706,460026,474832,605509,446334,543063,453923,491676,457705,"54.5587","null","null","null","null","null","null","null",52,"2","Sinker",0,5,0,5,5,0,0,5,"Strategic","Standard"
"KC","2018-05-13","78.2","1.7997","6.1508","Derek Holland",446481,502706,"null","ball",,,,,"12","null","R","R","L","PIT","SF","B","null","null",0,0,2018,"0.1881","0.1977","1.1279","2.7116","null","null","null",2,6,"Bot","null","null",,,460026,,"180513_193500","-1.7479","-113.8779","-0.9599","1.8791","19.0249","-30.5914","3.6759","1.7369","null","null","null","77.1250","2040","5.2760",530011,502706,460026,474832,605509,446334,543063,453923,491676,457705,"55.2236","null","null","null","null","null","null","null",52,"1","Knuckle Curve",0,5,0,5,5,0,0,5,"Strategic","Standard"
"CH","2018-05-13","83.7","1.4202","5.9723","Derek Holland",501896,502706,"null","called_strike",,,,,"7","null","R","R","L","PIT","SF","S","null","null",3,1,2018,"0.9201","1.2001","-0.6908","1.7750","null","null","null",1,6,"Bot","null","null",,,460026,,"180513_193407","-6.5954","-121.6116","-5.5612","10.2480","22.5342","-19.5946","3.5426","1.6861","null","null","null","83.1880","1977","5.9100",530011,502706,460026,474832,605509,446334,543063,453923,491676,457705,"54.5895","null","null","null","null","null","null","null",51,"5","Changeup",0,5,0,5,5,0,0,5,"Standard","Strategic"
"SI","2018-05-13","91.9","1.6209","6.0940","Derek Holland",501896,502706,"null","called_strike",,,,,"1","null","R","R","L","PIT","SF","S","null","null",3,0,2018,"1.0495","1.2108","-0.3133","3.3823","null","null","null",1,6,"Bot","null","null",,,460026,,"180513_193334","-7.0988","-133.6390","-3.5913","13.9454","28.4259","-17.2932","3.6457","1.7480","null","null","null","91.4170","2417","6.0050",530011,502706,460026,474832,605509,446334,543063,453923,491676,457705,"54.4937","null","null","null","null","null","null","null",51,"4","Sinker",0,5,0,5,5,0,0,5,"Standard","Standard"
"SI","2018-05-13","92.3","1.6566","6.0774","Derek Holland",501896,502706,"null","ball",,,,,"11","null","R","R","L","PIT","SF","B","null","null",2,0,2018,"1.0941","1.2292","-0.9556","3.7260","null","null","null",1,6,"Bot","null","null",,,460026,,"180513_193313","-8.9044","-134.1137","-2.7641","14.8991","28.3466","-17.1981","3.5008","1.6549","null","null","null","91.6000","2408","5.8980",530011,502706,460026,474832,605509,446334,543063,453923,491676,457705,"54.6014","null","null","null","null","null","null","null",51,"3","Sinker",0,5,0,5,5,0,0,5,"Standard","Standard"
"SL","2018-05-13","80.9","1.7113","6.0158","Derek Holland",501896,502706,"null","ball",,,,,"13","null","R","R","L","PIT","SF","B","null","null",1,0,2018,"0.1638","0.3938","-1.2268","1.9096","null","null","null",1,6,"Bot","null","null",,,460026,,"180513_193257","-6.7901","-117.6153","-3.2548","2.7025","20.8339","-28.2190","3.3770","1.7168","null","null","null","80.3530","2055","5.8160",530011,502706,460026,474832,605509,446334,543063,453923,491676,457705,"54.6835","null","null","null","null","null","null","null",51,"2","Slider",0,5,0,5,5,0,0,5,"Standard","Standard"
"SI","2018-05-13","90.9","1.6886","6.0912","Derek Holland",501896,502706,"null","ball",,,,,"11","null","R","R","L","PIT","SF","B","null","null",0,0,2018,"1.1080","1.1464","-0.0189","3.8655","null","null","null",1,6,"Bot","null","null",,,460026,,"180513_193240","-6.5798","-132.1746","-2.1003","14.2125","26.7040","-18.6390","3.5421","1.6343","null","null","null","90.5740","2375","6.0150",530011,502706,460026,474832,605509,446334,543063,453923,491676,457705,"54.4842","null","null","null","null","null","null","null",51,"1","Sinker",0,5,0,5,5,0,0,5,"Standard","Standard"
"SI","2018-05-13","90.8","1.3998","6.0669","Derek Holland",572816,502706,"null","called_strike",,,,,"1","null","R","L","L","PIT","SF","S","null","null",1,0,2018,"1.1013","1.2014","-0.3340","3.1276","null","null","null",0,6,"Bot","null","null",,,460026,,"180513_193146","-6.6040","-132.0697","-3.9829","14.0592","25.6904","-17.6800","3.2130","1.2627","null","null","null","90.4690","2381","5.9180",530011,502706,460026,474832,605509,446334,543063,453923,491676,457705,"54.5814","null","null","null","null","null","null","null",50,"2","Sinker",0,5,0,5,5,0,0,5,"Standard","Standard"
"SI","2018-05-13","91.6","1.4398","6.1397","Derek Holland",572816,502706,"null","ball",,,,,"11","null","R","L","L","PIT","SF","B","null","null",0,0,2018,"1.1764","1.3794","-0.2935","4.7117","null","null","null",0,6,"Bot","null","null",,,460026,,"180513_193128","-6.7889","-133.1837","-0.6423","15.1816","28.6567","-16.1915","3.2336","1.3246","null","null","null","90.6810","2414","5.7780",530011,502706,460026,474832,605509,446334,543063,453923,491676,457705,"54.7207","null","null","null","null","null","null","null",50,"1","Sinker",0,5,0,5,5,0,0,5,"Standard","Standard"
"SL","2018-05-13","81.9","-3.1097","5.8146","Richard Rodriguez",605509,593144,"null","ball",,,,,"14","null","R","R","R","PIT","SF","B","null","null",1,2,2018,"0.3882","-0.2248","2.7863","-0.2721","null","null","null",2,6,"Top","null","null",,,465041,,"180513_192716","12.5804","-118.5948","-6.7441","1.5301","20.7031","-33.3357","3.4414","1.6861","null","null","null","82.3470","2078","6.6620",530011,593144,465041,605137,446481,501896,474568,572816,516782,591741,"53.8373","null","null","null","null","null","null","null",48,"6","Slider",0,5,5,0,5,0,5,0,"Standard","Standard"
"FF","2018-05-13","92.4","-3.0227","5.9099","Richard Rodriguez",605509,593144,"null","called_strike",,,,,"6","null","R","R","R","PIT","SF","S","null","null",1,0,2018,"-0.9818","1.1678","0.6744","2.5916","null","null","null",2,6,"Top","null","null",,,465041,,"180513_192600","11.6069","-134.1847","-5.2346","-14.3284","26.6646","-17.0207","3.5033","1.6448","null","null","null","92.9940","2441","6.5700",530011,593144,465041,605137,446481,501896,474568,572816,516782,591741,"53.9293","null","null","null","null","null","null","null",48,"2","4-Seam Fastball",0,5,5,0,5,0,5,0,"Standard","Standard"
"FF","2018-05-13","92.7","-3.0782","5.8429","Richard Rodriguez",605509,593144,"null","ball",,,,,"14","null","R","R","R","PIT","SF","B","null","null",0,0,2018,"-0.9731","1.2027","1.2866","1.7983","null","null","null",2,6,"Top","null","null",,,465041,,"180513_192547","13.4316","-134.4192","-7.2770","-14.7789","26.8246","-15.9399","3.4670","1.5890","null","null","null","93.7270","2448","6.9080",530011,593144,465041,605137,446481,501896,474568,572816,516782,591741,"53.5915","null","null","null","null","null","null","null",48,"1","4-Seam Fastball",0,5,5,0,5,0,5,0,"Standard","Standard"
"FF","2018-05-13","94.8","-2.6205","6.1621","Ivan Nova",543063,467100,"null","ball",,,,,"12","null","R","L","R","PIT","SF","B","null","null",0,1,2018,"-0.8522","1.1583","0.0852","4.0220","null","474832.00","453923.00",2,6,"Top","null","null",,,465041,,"180513_191915","8.8368","-137.8194","-2.4893","-12.4644","26.8055","-17.2987","3.5054","1.5215","null","null","null","94.3280","2174","5.7870",530011,467100,465041,605137,446481,501896,474568,572816,516782,591741,"54.7123","null","null","null","null","null","null","null",46,"2","4-Seam Fastball",0,1,1,0,1,0,1,0,"Standard","Standard"
"FF","2018-05-13","94.7","-2.4358","6.2370","Ivan Nova",467055,467100,"null","ball",,,,,"14","null","R","L","R","PIT","SF","B","null","null",2,0,2018,"-1.2322","1.2091","1.3252","1.6428","null","null","474832.00",2,6,"Top","null","null",,,465041,,"180513_191623","12.2751","-137.0091","-8.7349","-17.8503","30.0852","-15.6347","3.2312","1.6147","null","null","null","93.1100","2470","5.6560",530011,467100,465041,605137,446481,501896,474568,572816,516782,591741,"54.8435","null","null","null","null","null","null","null",45,"3","4-Seam Fastball",0,1,1,0,1,0,1,0,"Standard","Standard"
"FF","2018-05-13","94.0","-2.5208","6.1265","Ivan Nova",467055,467100,"null","ball",,,,,"14","null","R","L","R","PIT","SF","B","null","null",1,0,2018,"-1.1748","1.1195","0.2986","1.3262","null","null","474832.00",2,6,"Top","null","null",,,465041,,"180513_191556","9.6638","-136.1643","-8.9290","-16.3644","29.9851","-16.8960","3.3343","1.5940","null","null","null","92.4150","2310","5.6020",530011,467100,465041,605137,446481,501896,474568,572816,516782,591741,"54.8967","null","null","null","null","null","null","null",45,"2","4-Seam Fastball",0,1,1,0,1,0,1,0,"Standard","Standard"
"FF","2018-05-13","94.4","-2.4454","6.1590","Ivan Nova",467055,467100,"null","ball",,,,,"14","null","R","L","R","PIT","SF","B","null","null",0,0,2018,"-1.0220","1.0258","1.2206","2.3941","null","null","474832.00",2,6,"Top","null","null",,,465041,,"180513_191534","11.5966","-136.7717","-6.2255","-15.0646","28.9997","-18.4359","3.2312","1.5734","null","null","null","93.2660","2321","5.7730",530011,467100,465041,605137,446481,501896,474568,572816,516782,591741,"54.7264","null","null","null","null","null","null","null",45,"1","4-Seam Fastball",0,1,1,0,1,0,1,0,"Standard","Standard"
"CU","2018-05-13","80.5","-2.4020","6.1661","Ivan Nova",446334,467100,"strikeout","called_strike",,,,,"7","Evan Longoria called out on strikes.  ","R","R","R","PIT","SF","S",2,"null",1,2,2018,"0.5306","-0.4204","-0.6577","1.8570","null","null","474832.00",1,6,"Top","null","null",,,465041,,"180513_191458","2.8518","-117.1563","-2.1309","4.2217","21.0277","-35.7960","3.6487","1.7746","null","null","null","79.2950","2410","5.3300",530011,467100,465041,605137,446481,501896,474568,572816,516782,591741,"55.1696","null","null","0.00",1,0,0,"null",44,"4","Curveball",0,1,1,0,1,0,1,0,"Standard","Standard"
"FF","2018-05-13","94.1","-2.3312","6.1891","Ivan Nova",446334,467100,"null","ball",,,,,"14","null","R","R","R","PIT","SF","B","null","null",0,1,2018,"-1.0361","0.9089","1.0746","1.5581","null","null","474832.00",1,6,"Top","null","null",,,465041,,"180513_191402","10.9407","-136.4694","-8.2107","-14.9057","25.9020","-19.5716","3.6698","1.7540","null","null","null","93.4800","2188","5.8040",530011,467100,465041,605137,446481,501896,474568,572816,516782,591741,"54.6950","null","null","null","null","null","null","null",44,"2","4-Seam Fastball",0,1,1,0,1,0,1,0,"Standard","Standard"
"FF","2018-05-13","94.8","-2.5150","6.1004","Ivan Nova",446334,467100,"null","called_strike",,,,,"9","null","R","R","R","PIT","SF","S","null","null",0,0,2018,"-1.1855","0.9894","0.4327","1.9155","null","null","474832.00",1,6,"Top","null","null",,,465041,,"180513_191340","10.1066","-137.4473","-7.3018","-16.7964","28.1592","-18.6212","3.8137","1.7540","null","null","null","93.5950","2307","5.6120",530011,467100,465041,605137,446481,501896,474568,572816,516782,591741,"54.8871","null","null","null","null","null","null","null",44,"1","4-Seam Fastball",0,1,1,0,1,0,1,0,"Standard","Standard"
"CU","2018-05-13","81.7","-2.6763","6.1940","Ivan Nova",474832,467100,"null","ball",,,,,"13","null","R","L","R","PIT","SF","B","null","null",1,2,2018,"0.0191","-0.4842","-0.5330","1.0608","null","null","null",1,6,"Top","null","null",,,465041,,"180513_191150","4.7116","-118.8544","-4.0738","-0.6588","21.0657","-36.1622","3.3474","1.5159","null","null","null","80.6470","2225","5.4140",530011,467100,465041,605137,446481,501896,474568,572816,516782,591741,"55.0848","null","null","null","null","null","null","null",43,"4","Curveball",0,1,1,0,1,0,1,0,"Infield shift","Strategic"
"FF","2018-05-13","94.5","-2.5481","6.2516","Ivan Nova",474832,467100,"null","ball",,,,,"12","null","R","L","R","PIT","SF","B","null","null",0,1,2018,"-0.9241","1.2843","0.4465","3.8659","null","null","null",1,6,"Top","null","null",,,465041,,"180513_191120","9.7205","-137.2496","-3.3163","-13.5546","28.5655","-15.6821","3.3311","1.5822","null","null","null","93.8230","2375","5.8630",530011,467100,465041,605137,446481,501896,474568,572816,516782,591741,"54.6363","null","null","null","null","null","null","null",43,"2","4-Seam Fastball",0,1,1,0,1,0,1,0,"Infield shift","Strategic"
"CH","2018-05-13","83.9","-2.5207","6.3606","Ivan Nova",457705,467100,"null","ball",,,,,"11","null","R","R","R","PIT","SF","B","null","null",0,0,2018,"-1.2990","0.0929","-1.2991","2.7558","null","null","null",0,6,"Top","null","null",,,465041,,"180513_191009","5.4740","-122.1540","-2.1425","-14.2419","24.0003","-31.0073","3.5620","1.7357","null","null","null","84.5970","1767","6.7080",530011,467100,465041,605137,446481,501896,474568,572816,516782,591741,"53.7907","null","null","null","null","null","null","null",42,"1","Changeup",0,1,1,0,1,0,1,0,"Standard","Strategic"
"FF","2018-05-13","91.5","-2.6827","6.2784","Ivan Nova",491676,467100,"null","ball",,,,,"14","null","R","R","R","PIT","SF","B","null","null",0,0,2018,"-0.8588","1.1373","1.5423","2.0908","null","null","null",0,6,"Top","null","null",,,465041,,"180513_190906","12.3345","-132.5545","-7.0168","-12.4583","26.0671","-17.7250","3.4443","1.6361","null","null","null","90.7890","2183","5.9250",530011,467100,465041,605137,446481,501896,474568,572816,516782,591741,"54.5737","null","null","null","null","null","null","null",41,"1","4-Seam Fastball",0,0,0,0,0,0,0,0,"Standard","Standard"
"SI","2018-05-13","92.5","1.5064","6.0824","Derek Holland",516782,502706,"null","ball",,,,,"11","null","R","R","L","PIT","SF","B","null","null",0,0,2018,"0.9269","1.2210","-1.1624","2.8482","null","null","null",2,5,"Bot","null","null",,,460026,,"180513_190347","-8.6964","-134.3752","-5.0488","12.7871","25.5056","-16.7569","3.7778","1.7780","null","null","null","92.0820","2377","5.8550",530011,502706,460026,467055,605509,446334,543063,474832,491676,457705,"54.6438","null","null","null","null","null","null","null",39,"1","Sinker",0,0,0,0,0,0,0,0,"Standard","Standard"
"SI","2018-05-13","93.1","1.5323","6.0144","Derek Holland",465041,502706,"strikeout","called_strike",,,,,"4","Francisco Cervelli called out on strikes.  ","R","R","L","PIT","SF","S",2,"null",3,2,2018,"1.6041","0.7262","-0.8029","2.9520","null","null","null",0,5,"Bot","null","null",,,460026,,"180513_190218","-9.4157","-135.1890","-3.6421","21.5101","28.2974","-22.7853","3.6194","1.8002","null","null","null","92.7040","2362","6.0810",530011,502706,460026,467055,605509,446334,543063,474832,491676,457705,"54.4184","null","null","0.00",1,0,0,"null",37,"7","Sinker",0,0,0,0,0,0,0,0,"Standard","Standard"
"SI","2018-05-13","92.2","1.4954","6.0174","Derek Holland",465041,502706,"null","ball",,,,,"11","null","R","R","L","PIT","SF","B","null","null",2,2,2018,"1.6374","0.8853","-1.4167","3.1398","null","null","null",0,5,"Bot","null","null",,,460026,,"180513_190158","-10.7182","-133.6705","-3.2777","21.5177","28.9424","-21.3326","3.5162","1.6557","null","null","null","90.9100","2296","5.7220",530011,502706,460026,467055,605509,446334,543063,474832,491676,457705,"54.7776","null","null","null","null","null","null","null",37,"6","Sinker",0,0,0,0,0,0,0,0,"Standard","Standard"
"SI","2018-05-13","93.8","1.6100","5.9617","Derek Holland",465041,502706,"null","ball",,,,,"12","null","R","R","L","PIT","SF","B","null","null",1,2,2018,"1.1243","1.2538","1.4144","3.9365","null","null","null",0,5,"Bot","null","null",,,460026,,"180513_190109","-2.9137","-136.4792","-2.2265","14.4481","28.9850","-16.5133","3.5369","1.7383","null","null","null","93.1360","2449","5.8230",530011,502706,460026,467055,605509,446334,543063,474832,491676,457705,"54.6765","null","null","null","null","null","null","null",37,"4","Sinker",0,0,0,0,0,0,0,0,"Standard","Standard"
"SL","2018-05-13","82.3","1.7456","6.0224","Derek Holland",465041,502706,"null","ball",,,,,"11","null","R","R","L","PIT","SF","B","null","null",0,2,2018,"0.0482","0.2554","-0.8813","3.5862","null","null","null",0,5,"Bot","null","null",,,460026,,"180513_190048","-5.9406","-119.5624","0.5553","1.6500","24.2403","-30.2010","3.5162","1.6351","null","null","null","80.7130","2167","5.4120",530011,502706,460026,467055,605509,446334,543063,474832,491676,457705,"55.0874","null","null","null","null","null","null","null",37,"3","Slider",0,0,0,0,0,0,0,0,"Standard","Standard"
"SL","2018-05-13","82.0","1.7600","6.0267","Derek Holland",465041,502706,"null","called_strike",,,,,"6","null","R","R","L","PIT","SF","S","null","null",0,1,2018,"0.3814","0.1409","0.2950","2.5996","null","null","null",0,5,"Bot","null","null",,,460026,,"180513_190025","-3.9977","-119.3385","-1.4908","4.3185","21.6962","-30.8045","3.5369","1.7589","null","null","null","81.5000","2089","5.8190",530011,502706,460026,467055,605509,446334,543063,474832,491676,457705,"54.6799","null","null","null","null","null","null","null",37,"2","Slider",0,0,0,0,0,0,0,0,"Standard","Standard"
"FF","2018-05-13","93.5","-2.7240","6.1342","Ivan Nova",502706,467100,"null","called_strike",,,,,"4","null","R","L","R","PIT","SF","S","null","null",0,0,2018,"-1.0026","1.0401","-0.3735","2.3345","null","null","605509.00",2,5,"Top","null","null",,,465041,,"180513_185534","8.0198","-135.6439","-6.1105","-13.7064","29.3273","-18.6948","3.5127","1.6812","null","null","null","91.7270","2337","5.3660",530011,467100,465041,605137,446481,501896,474568,572816,516782,591741,"55.1333","null","null","null","null","null","null","null",36,"1","4-Seam Fastball",0,0,0,0,0,0,0,0,"Standard","Strategic"
"FF","2018-05-13","92.9","-2.3683","6.1952","Ivan Nova",605509,467100,"null","called_strike",,,,,"14","null","R","R","R","PIT","SF","S","null","null",2,0,2018,"-0.8742","0.8878","0.9048","1.8745","null","null","543063.00",1,5,"Top","null","null",,,465041,,"180513_185419","10.1351","-134.8238","-7.1196","-12.5495","26.9140","-20.2849","3.4825","1.6446","null","null","null","92.1670","2367","5.8150",530011,467100,465041,605137,446481,501896,474568,572816,516782,591741,"54.6840","null","null","null","null","null","null","null",35,"3","4-Seam Fastball",0,0,0,0,0,0,0,0,"Standard","Standard"
"FF","2018-05-13","93.1","-2.3982","6.2330","Ivan Nova",605509,467100,"null","ball",,,,,"12","null","R","R","R","PIT","SF","B","null","null",1,0,2018,"-0.9680","1.0708","1.1326","2.8315","null","null","543063.00",1,5,"Top","null","null",,,465041,,"180513_185354","10.9127","-135.0475","-5.1422","-13.7781","27.6185","-18.5922","3.5372","1.7198","null","null","null","91.7050","2283","5.4890",530011,467100,465041,605137,446481,501896,474568,572816,516782,591741,"55.0100","null","null","null","null","null","null","null",35,"2","4-Seam Fastball",0,0,0,0,0,0,0,0,"Standard","Standard"
"FT","2018-05-13","93.0","-2.4252","6.1614","Ivan Nova",605509,467100,"null","ball",,,,,"9","null","R","R","R","PIT","SF","B","null","null",0,0,2018,"-1.3187","0.7470","0.3617","1.7315","null","null","543063.00",1,5,"Top","null","null",,,465041,,"180513_185328","9.8114","-134.8217","-7.0591","-17.8020","27.8464","-22.0159","3.4307","1.5924","null","null","null","91.8470","2261","5.6930",530011,467100,465041,605137,446481,501896,474568,572816,516782,591741,"54.8059","null","null","null","null","null","null","null",35,"1","2-Seam Fastball",0,0,0,0,0,0,0,0,"Standard","Standard"
"SI","2018-05-13","92.2","1.6802","6.0778","Derek Holland",467100,502706,"null","ball",,,,,"12","null","R","R","L","PIT","SF","B","null","null",0,2,2018,"1.5077","1.3603","1.6417","4.3992","501896.00","null","null",2,4,"Bot","null","null",,,460026,,"180513_184813","-3.2700","-134.0614","-1.2400","18.4282","32.8899","-16.2454","3.7209","1.9294","null","null","null","90.7370","2540","5.7490",530011,502706,460026,467055,605509,446334,543063,474832,491676,457705,"54.7504","null","null","null","null","null","null","null",32,"3","Sinker",0,0,0,0,0,0,0,0,"Standard","Strategic"
"SI","2018-05-13","91.2","1.5153","6.0793","Derek Holland",474568,502706,"null","called_strike",,,,,"4","null","R","R","L","PIT","SF","S","null","null",1,0,2018,"1.2267","1.3222","-0.8108","2.7757","null","501896.00","446481.00",0,4,"Bot","null","null",,,460026,,"180513_184633","-8.3498","-132.5140","-5.1710","15.9423","26.5904","-15.9852","3.5831","1.8268","null","null","null","90.5750","2472","5.8540",530011,502706,460026,467055,605509,446334,543063,474832,491676,457705,"54.6454","null","null","null","null","null","null","null",31,"2","Sinker",0,0,0,0,0,0,0,0,"Standard","Standard"
"SI","2018-05-13","90.8","1.6136","6.1581","Derek Holland",446481,502706,"walk","ball",,,,,"12","Sean Rodriguez walks.   David Freese to 2nd.  ","R","R","L","PIT","SF","B","null","null",3,0,2018,"1.1214","1.2873","0.2434","3.5724","null","null","501896.00",0,4,"Bot","null","null",,,460026,,"180513_184514","-5.7375","-132.0276","-3.2059","14.1306","29.2561","-16.9505","3.3795","1.5227","null","null","null","89.9070","2478","5.8750",530011,502706,460026,467055,605509,446334,543063,474832,491676,457705,"54.6245","null","null","0.70",1,0,0,"null",30,"4","Sinker",0,0,0,0,0,0,0,0,"Standard","Standard"
"CH","2018-05-13","83.3","1.4976","6.0528","Derek Holland",446481,502706,"null","ball",,,,,"14","null","R","R","L","PIT","SF","B","null","null",0,0,2018,"0.9833","1.2257","0.3369","0.9060","null","null","501896.00",0,4,"Bot","null","null",,,460026,,"180513_184349","-4.5147","-121.0464","-7.6483","10.3784","23.3734","-19.0847","3.6895","1.7088","null","null","null","82.5680","2184","5.8520",530011,502706,460026,467055,605509,446334,543063,474832,491676,457705,"54.6471","null","null","null","null","null","null","null",30,"1","Changeup",0,0,0,0,0,0,0,0,"Standard","Standard"
"CH","2018-05-13","80.8","1.3781","6.1237","Derek Holland",501896,502706,"null","ball",,,,,"12","null","R","R","L","PIT","SF","B","null","null",0,0,2018,"1.1446","1.3674","1.8243","3.0683","null","null","null",0,4,"Bot","null","null",,,460026,,"180513_184250","-1.1341","-117.6319","-2.7113","10.6652","21.9046","-19.4162","3.5004","1.6545","null","null","null","80.2550","2054","5.8470",530011,502706,460026,467055,605509,446334,543063,474832,491676,457705,"54.6526","null","null","null","null","null","null","null",29,"1","Changeup",0,0,0,0,0,0,0,0,"Standard","Strategic"
"FF","2018-05-13","93.3","-2.4547","6.1808","Ivan Nova",467055,467100,"null","ball",,,,,"12","null","R","L","R","PIT","SF","B","null","null",2,1,2018,"-0.9310","1.1396","1.6257","2.4647","null","474832.00","null",2,4,"Top","null","null",,,465041,,"180513_183926","12.3739","-135.0992","-6.1645","-13.8831","28.4391","-17.2981","3.1828","1.5040","null","null","null","92.4390","2396","5.9730",530011,467100,465041,605137,446481,501896,474568,572816,516782,591741,"54.5265","null","null","null","null","null","null","null",28,"4","4-Seam Fastball",0,0,0,0,0,0,0,0,"Standard","Standard"
"FT","2018-05-13","92.6","-2.5713","6.0830","Ivan Nova",467055,467100,"null","called_strike",,,,,"13","null","R","L","R","PIT","SF","S","null","null",2,0,2018,"-1.3170","0.6062","-1.1077","2.0484","null","474832.00","null",2,4,"Top","null","null",,,465041,,"180513_183903","6.4464","-134.5957","-5.7199","-17.0131","28.2782","-24.0079","3.2307","1.5004","null","null","null","91.5570","2137","5.6510",530011,467100,465041,605137,446481,501896,474568,572816,516782,591741,"54.8485","null","null","null","null","null","null","null",28,"3","2-Seam Fastball",0,0,0,0,0,0,0,0,"Standard","Standard"
"FF","2018-05-13","92.9","-2.4415","6.1856","Ivan Nova",467055,467100,"null","ball",,,,,"14","null","R","L","R","PIT","SF","B","null","null",1,0,2018,"-1.1633","0.9551","1.3549","1.5384","null","474832.00","null",2,4,"Top","null","null",,,465041,,"180513_183840","11.9780","-134.4446","-7.9751","-16.2744","27.7315","-19.4364","3.2514","1.5317","null","null","null","91.4690","2387","5.6230",530011,467100,465041,605137,446481,501896,474568,572816,516782,591741,"54.8766","null","null","null","null","null","null","null",28,"2","4-Seam Fastball",0,0,0,0,0,0,0,0,"Standard","Standard"
"FF","2018-05-13","94.3","-2.6926","6.1855","Ivan Nova",467055,467100,"null","ball",,,,,"11","null","R","L","R","PIT","SF","B","null","null",0,0,2018,"-0.8679","1.1000","-0.8599","2.8841","null","474832.00","null",2,4,"Top","null","null",,,465041,,"180513_183809","6.5838","-137.0613","-5.2169","-12.1863","30.2407","-17.6621","3.1483","1.4904","null","null","null","93.3760","2353","5.8030",530011,467100,465041,605137,446481,501896,474568,572816,516782,591741,"54.6958","null","null","null","null","null","null","null",28,"1","4-Seam Fastball",0,0,0,0,0,0,0,0,"Standard","Standard"
"CH","2018-05-13","84.6","-2.7991","6.3386","Ivan Nova",474832,467100,"null","ball",,,,,"11","null","R","L","R","PIT","SF","B","null","null",0,0,2018,"-1.3834","0.7031","-1.0857","2.6076","null","null","null",1,4,"Top","null","null",,,465041,,"180513_183559","6.5732","-122.9544","-3.6596","-14.9541","23.9736","-24.7623","3.3515","1.5820","null","null","null","83.4640","2050","5.5690",530011,467100,465041,605137,446481,501896,474568,572816,516782,591741,"54.9305","null","null","null","null","null","null","null",26,"1","Changeup",0,0,0,0,0,0,0,0,"Infield shift","Strategic"
"CU","2018-05-13","78.0","-2.4953","6.3292","Ivan Nova",457705,467100,"null","ball",,,,,"14","null","R","R","R","PIT","SF","B","null","null",0,0,2018,"0.3393","-0.5274","1.1692","1.6432","null","null","null",0,4,"Top","null","null",,,465041,,"180513_183510","7.1343","-113.2990","-2.2181","1.5551","20.1624","-36.4306","3.5205","1.7149","null","null","null","76.5890","2247","5.3140",530011,467100,465041,605137,446481,501896,474568,572816,516782,591741,"55.1856","null","null","null","null","null","null","null",25,"1","Curveball",0,0,0,0,0,0,0,0,"Standard","Standard"
"SI","2018-05-13","92.1","1.5621","6.1014","Derek Holland",572816,502706,"null","called_strike",,,,,"8","null","R","L","L","PIT","SF","S","null","null",0,0,2018,"1.5355","0.7615","0.2267","1.6578","null","516782.00","605137.00",2,3,"Bot","null","null",,,460026,,"180513_183205","-6.5745","-133.8216","-6.9947","19.4989","27.8188","-21.9630","3.4808","1.6132","null","null","null","91.2560","2411","5.7780",530011,502706,460026,467055,605509,446334,543063,474832,491676,457705,"54.7212","null","null","null","null","null","null","null",24,"1","Sinker",0,0,0,0,0,0,0,0,"Standard","Standard"
"SI","2018-05-13","92.3","1.4778","6.0850","Derek Holland",605137,502706,"walk","ball",,,,,"13","Josh Bell walks.   Starling Marte to 2nd.  ","R","R","L","PIT","SF","B","null","null",3,1,2018,"1.1808","1.2505","-1.0232","1.7198","null","null","516782.00",2,3,"Bot","null","null",,,460026,,"180513_183117","-8.7915","-133.8910","-7.8846","15.8096","26.6399","-15.9335","3.8787","1.8986","null","null","null","91.6600","2399","5.9020",530011,502706,460026,467055,605509,446334,543063,474832,491676,457705,"54.5974","null","null","0.70",1,0,0,"null",23,"5","Sinker",0,0,0,0,0,0,0,0,"Standard","Standard"
"CH","2018-05-13","85.0","1.5874","5.9852","Derek Holland",605137,502706,"null","ball",,,,,"14","null","R","R","L","PIT","SF","B","null","null",1,0,2018,"0.9905","1.4055","0.8993","1.3285","null","null","516782.00",2,3,"Bot","null","null",,,460026,,"180513_182929","-3.5086","-123.4640","-7.2425","10.6189","24.3879","-16.9016","3.9613","1.8779","null","null","null","84.0550","2215","5.7510",530011,502706,460026,467055,605509,446334,543063,474832,491676,457705,"54.7477","null","null","null","null","null","null","null",23,"2","Changeup",0,0,0,0,0,0,0,0,"Standard","Standard"
"SI","2018-05-13","91.5","1.6736","6.0884","Derek Holland",591741,502706,"null","ball",,,,,"11","null","R","R","L","PIT","SF","B","null","null",1,2,2018,"0.8329","1.2356","-1.2555","4.0475","null","null","null",1,3,"Bot","null","null",,,460026,,"180513_182556","-9.0779","-132.9203","-1.9251","11.5439","25.3365","-17.4591","3.7137","1.7683","null","null","null","91.1870","2343","5.9470",530011,502706,460026,467055,605509,446334,543063,474832,491676,457705,"54.5524","null","null","null","null","null","null","null",21,"4","Sinker",0,0,0,0,0,0,0,0,"Standard","Standard"
"SI","2018-05-13","92.8","1.6423","6.0233","Derek Holland",591741,502706,"null","ball",,,,,"13","null","R","R","L","PIT","SF","B","null","null",0,1,2018,"1.0850","1.1559","-2.1869","2.1176","null","null","null",1,3,"Bot","null","null",,,460026,,"180513_182517","-12.0976","-134.5636","-6.6964","15.5923","26.4076","-16.9766","3.6518","1.7683","null","null","null","92.7410","2483","6.2340",530011,502706,460026,467055,605509,446334,543063,474832,491676,457705,"54.2647","null","null","null","null","null","null","null",21,"2","Sinker",0,0,0,0,0,0,0,0,"Standard","Standard"
"CH","2018-05-13","83.6","1.3643","6.0533","Derek Holland",591741,502706,"null","called_strike",,,,,"9","null","R","R","L","PIT","SF","S","null","null",0,0,2018,"0.8008","1.2769","0.7769","2.3671","null","null","null",1,3,"Bot","null","null",,,460026,,"180513_182504","-2.8506","-121.6901","-4.5182","8.3166","21.9567","-19.1499","3.7137","1.8095","null","null","null","82.8950","2076","5.6210",530011,502706,460026,467055,605509,446334,543063,474832,491676,457705,"54.8777","null","null","null","null","null","null","null",21,"1","Changeup",0,0,0,0,0,0,0,0,"Standard","Standard"
"SL","2018-05-13","80.8","1.4514","6.1591","Derek Holland",465041,502706,"null","ball",,,,,"13","null","R","R","L","PIT","SF","B","null","null",1,1,2018,"0.1975","0.2705","-1.1175","0.6919","null","null","null",0,3,"Bot","null","null",,,460026,,"180513_182344","-5.9560","-117.1616","-5.8066","2.9713","24.1100","-28.8781","3.5161","1.6555","null","null","null","78.8840","2304","5.3480",530011,502706,460026,467055,605509,446334,543063,474832,491676,457705,"55.1506","null","null","null","null","null","null","null",20,"3","Slider",0,0,0,0,0,0,0,0,"Standard","Standard"
"CH","2018-05-13","84.7","1.3019","6.0953","Derek Holland",465041,502706,"null","ball",,,,,"3","null","R","R","L","PIT","SF","B","null","null",0,1,2018,"0.9471","1.3492","0.4377","3.5693","null","null","null",0,3,"Bot","null","null",,,460026,,"180513_182325","-3.7979","-123.1880","-2.1364","10.1376","24.6272","-18.6433","3.4954","1.6555","null","null","null","83.5360","2179","5.5630",530011,502706,460026,467055,605509,446334,543063,474832,491676,457705,"54.9365","null","null","null","null","null","null","null",20,"2","Changeup",0,0,0,0,0,0,0,0,"Standard","Standard"
"SI","2018-05-13","92.1","1.5322","6.0448","Derek Holland",465041,502706,"null","called_strike",,,,,"1","null","R","R","L","PIT","SF","S","null","null",0,0,2018,"1.4857","1.0173","-0.3113","3.2567","null","null","null",0,3,"Bot","null","null",,,460026,,"180513_182303","-7.7322","-133.7046","-3.3361","19.1164","28.9596","-19.7562","3.5367","1.6555","null","null","null","90.9700","2391","5.7440",530011,502706,460026,467055,605509,446334,543063,474832,491676,457705,"54.7548","null","null","null","null","null","null","null",20,"1","Sinker",0,0,0,0,0,0,0,0,"Standard","Standard"
"FT","2018-05-13","92.7","-2.6365","6.1564","Ivan Nova",491676,467100,"null","called_strike",,,,,"13","null","R","R","R","PIT","SF","S","null","null",0,0,2018,"-1.4225","0.6473","-0.8497","1.9248","null","null","605509.00",1,3,"Top","null","null",,,465041,,"180513_181835","7.4519","-134.5823","-6.3003","-18.4002","27.3600","-23.4500","3.4240","1.5740","null","null","null","91.4840","2192","5.5420",530011,467100,465041,605137,446481,501896,474568,572816,516782,591741,"54.9575","null","null","null","null","null","null","null",19,"1","2-Seam Fastball",0,0,0,0,0,0,0,0,"Standard","Standard"
"FF","2018-05-13","91.7","-2.8246","6.1630","Ivan Nova",605509,467100,"null","ball",,,,,"12","null","R","R","R","PIT","SF","B","null","null",1,0,2018,"-0.8606","1.0809","0.8279","3.7590","null","null","null",0,3,"Top","null","null",,,465041,,"180513_181504","10.8557","-133.0646","-2.4647","-12.1445","26.1536","-19.3495","3.2141","1.3967","null","null","null","90.5740","2291","5.5710",530011,467100,465041,605137,446481,501896,474568,572816,516782,591741,"54.9282","null","null","null","null","null","null","null",17,"2","4-Seam Fastball",0,0,0,0,0,0,0,0,"Standard","Standard"
"FT","2018-05-13","91.7","-2.8408","6.1892","Ivan Nova",605509,467100,"null","ball",,,,,"11","null","R","R","R","PIT","SF","B","null","null",0,0,2018,"-1.2326","0.7254","-1.2224","3.4335","null","null","null",0,3,"Top","null","null",,,465041,,"180513_181451","6.6129","-133.3609","-2.6568","-15.7797","26.0608","-23.3524","3.5442","1.6238","null","null","null","91.0580","2147","5.7280",530011,467100,465041,605137,446481,501896,474568,572816,516782,591741,"54.7714","null","null","null","null","null","null","null",17,"1","2-Seam Fastball",0,0,0,0,0,0,0,0,"Standard","Standard"
"SI","2018-05-13","91.7","1.5401","5.9802","Derek Holland",446481,502706,"strikeout","called_strike",,,,,"7","Sean Rodriguez called out on strikes.  ","R","R","L","PIT","SF","S",2,"null",2,2,2018,"1.4208","0.9332","-0.8156","1.9063","null","572816.00","null",1,2,"Bot","null","null",,,460026,,"180513_181102","-8.8727","-133.1135","-6.3904","18.4395","25.3137","-20.1674","3.6966","1.7265","null","null","null","91.2190","2263","5.8780",530011,502706,460026,467055,605509,446334,543063,474832,491676,457705,"54.6209","null","null","0.00",1,0,0,"null",14,"7","Sinker",0,0,0,0,0,0,0,0,"Standard","Standard"
"SI","2018-05-13","92.1","1.4688","6.0441","Derek Holland",446481,502706,"null","ball",,,,,"11","null","R","R","L","PIT","SF","B","null","null",1,2,2018,"1.3767","0.8284","-1.0039","3.7371","null","572816.00","null",1,2,"Bot","null","null",,,460026,,"180513_181039","-9.1243","-133.9033","-1.8362","18.1552","25.1577","-22.1448","3.7374","1.7572","null","null","null","91.8070","2266","5.8720",530011,502706,460026,467055,605509,446334,543063,474832,491676,457705,"54.6276","null","null","null","null","null","null","null",14,"6","Sinker",0,0,0,0,0,0,0,0,"Standard","Standard"
"SI","2018-05-13","91.1","1.3947","6.0685","Derek Holland",446481,502706,"null","ball",,,,,"11","null","R","R","L","PIT","SF","B","null","null",0,0,2018,"1.1026","1.0853","-0.8082","3.4941","null","572816.00","null",1,2,"Bot","null","null",,,460026,,"180513_180753","-7.7567","-132.3541","-2.8472","14.2966","25.8492","-19.2599","3.1977","1.5885","null","null","null","90.4330","2355","5.7800",530011,502706,460026,467055,605509,446334,543063,474832,491676,457705,"54.7187","null","null","null","null","null","null","null",14,"1","Sinker",0,0,0,0,0,0,0,0,"Standard","Standard"
"KC","2018-05-13","78.9","1.5779","6.2673","Derek Holland",501896,502706,"null","ball",,,,,"14","null","R","R","L","PIT","SF","B","null","null",2,2,2018,"-0.0472","0.0175","0.4290","1.5469","null","572816.00","null",0,2,"Bot","null","null",,,460026,,"180513_180645","-2.3654","-114.8747","-3.5427","-0.0372","17.8850","-31.7043","3.5004","1.6751","null","null","null","77.8390","2148","5.1520",530011,502706,460026,467055,605509,446334,543063,474832,491676,457705,"55.3474","null","null","null","null","null","null","null",13,"6","Knuckle Curve",0,0,0,0,0,0,0,0,"Standard","Standard"
"SI","2018-05-13","92.3","1.3757","6.0677","Derek Holland",501896,502706,"null","ball",,,,,"11","null","R","R","L","PIT","SF","B","null","null",1,2,2018,"1.4707","0.7663","-1.4379","3.1443","null","572816.00","null",0,2,"Bot","null","null",,,460026,,"180513_180548","-10.1085","-133.9654","-3.2307","19.3374","25.4782","-22.7080","3.5210","1.7164","null","null","null","91.3990","2255","5.6210",530011,502706,460026,467055,605509,446334,543063,474832,491676,457705,"54.8778","null","null","null","null","null","null","null",13,"4","Sinker",0,0,0,0,0,0,0,0,"Standard","Standard"
"SI","2018-05-13","91.1","1.3810","6.1012","Derek Holland",501896,502706,"null","ball",,,,,"13","null","R","R","L","PIT","SF","B","null","null",0,0,2018,"1.1123","1.3664","-1.3216","2.2557","null","572816.00","null",0,2,"Bot","null","null",,,460026,,"180513_180429","-9.0064","-132.1681","-6.5682","14.6067","25.4577","-15.3164","3.5417","1.6545","null","null","null","90.3590","2363","5.7880",530011,502706,460026,467055,605509,446334,543063,474832,491676,457705,"54.7116","null","null","null","null","null","null","null",13,"1","Sinker",0,0,0,0,0,0,0,0,"Standard","Standard"
"SL","2018-05-13","81.5","1.6045","6.1582","Derek Holland",572816,502706,"null","called_strike",,,,,"1","null","R","L","L","PIT","SF","S","null","null",0,0,2018,"0.4423","1.0726","-0.3495","3.0000","null","null","null",0,2,"Bot","null","null",,,460026,,"180513_180316","-5.1582","-118.6056","-2.5928","4.9510","18.8581","-21.9519","3.4602","1.5307","null","null","null","81.1870","2100","5.6970",530011,502706,460026,467055,605509,446334,543063,474832,491676,457705,"54.8021","null","null","null","null","null","null","null",12,"1","Slider",0,0,0,0,0,0,0,0,"Standard","Standard"
"FF","2018-05-13","92.9","-2.5036","6.2073","Ivan Nova",460026,467100,"null","ball",,,,,"14","null","R","R","R","PIT","SF","B","null","null",0,1,2018,"-1.1145","0.9685","1.1562","0.8977","null","null","543063.00",2,2,"Top","null","null",,,465041,,"180513_175932","11.5664","-134.4780","-9.7231","-15.5998","26.4872","-18.9071","3.4803","1.5619","null","null","null","91.8260","2335","5.7300",530011,467100,465041,605137,446481,501896,474568,572816,516782,591741,"54.7691","null","null","null","null","null","null","null",11,"2","4-Seam Fastball",0,0,0,0,0,0,0,0,"Standard","Standard"
"FF","2018-05-13","94.1","-2.8631","6.0985","Ivan Nova",543063,467100,"null","ball",,,,,"13","null","R","L","R","PIT","SF","B","null","null",0,2,2018,"-1.0585","1.1952","-1.0749","1.3017","null","null","null",2,2,"Top","null","null",,,465041,,"180513_175753","6.8059","-136.4989","-9.1775","-14.3414","27.3689","-15.9113","3.4018","1.5624","null","null","null","92.9880","2326","5.6050",530011,467100,465041,605137,446481,501896,474568,572816,516782,591741,"54.8939","null","null","null","null","null","null","null",10,"3","4-Seam Fastball",0,0,0,0,0,0,0,0,"Standard","Strategic"
"FF","2018-05-13","92.3","-2.9151","6.3035","Ivan Nova",467055,467100,"null","called_strike",,,,,"1","null","R","L","R","PIT","SF","S","null","null",0,0,2018,"-0.9102","0.9278","-0.7859","2.9405","null","null","null",1,2,"Top","null","null",,,465041,,"180513_175616","7.2151","-134.1638","-4.6477","-12.1797","27.0297","-20.5453","3.1583","1.4491","null","null","null","91.1510","2207","5.5000",530011,467100,465041,605137,446481,501896,474568,572816,516782,591741,"54.9989","null","null","null","null","null","null","null",9,"1","4-Seam Fastball",0,0,0,0,0,0,0,0,"Standard","Standard"
"FF","2018-05-13","92.2","-2.6996","6.2649","Ivan Nova",446334,467100,"null","called_strike",,,,,"9","null","R","R","R","PIT","SF","S","null","null",0,1,2018,"-1.0212","0.8927","0.3997","1.7402","null","null","null",0,2,"Top","null","null",,,465041,,"180513_175525","9.8984","-133.8511","-7.5284","-13.9218","24.0698","-20.4126","3.7721","1.7948","null","null","null","91.6090","2185","5.6930",530011,467100,465041,605137,446481,501896,474568,572816,516782,591741,"54.8063","null","null","null","null","null","null","null",8,"2","4-Seam Fastball",0,0,0,0,0,0,0,0,"Standard","Standard"
"FF","2018-05-13","91.7","-2.7251","6.2239","Ivan Nova",446334,467100,"null","called_strike",,,,,"5","null","R","R","R","PIT","SF","S","null","null",0,0,2018,"-0.8780","1.1328","0.0196","3.0101","null","null","null",0,2,"Top","null","null",,,465041,,"180513_175512","8.6553","-133.2922","-4.6542","-11.8876","24.2609","-18.2363","3.7927","1.7329","null","null","null","91.0380","2255","5.6080",530011,467100,465041,605137,446481,501896,474568,572816,516782,591741,"54.8909","null","null","null","null","null","null","null",8,"1","4-Seam Fastball",0,0,0,0,0,0,0,0,"Standard","Strategic"
"SI","2018-05-13","91.4","1.4285","6.1237","Derek Holland",605137,502706,"strikeout","called_strike",,,,,"7","Josh Bell called out on strikes.  ","R","R","L","PIT","SF","S",2,"null",0,2,2018,"1.3180","0.8973","-0.5501","2.4434","null","null","591741.00",2,1,"Bot","null","null",,,460026,,"180513_175234","-7.7234","-132.7450","-5.2585","17.0200","27.4660","-20.8116","3.9708","1.9086","null","null","null","90.8530","2212","5.9880",530011,502706,460026,467055,605509,446334,543063,474832,491676,457705,"54.5110","null","null","0.00",1,0,0,"null",7,"3","Sinker",0,0,0,0,0,0,0,0,"Standard","Strategic"
"SI","2018-05-13","90.9","1.4043","6.1092","Derek Holland",516782,502706,"null","ball",,,,,"11","null","R","R","L","PIT","SF","B","null","null",0,2,2018,"1.3112","1.3332","-0.0792","3.5373","null","null","591741.00",1,1,"Bot","null","null",,,460026,,"180513_175042","-6.3363","-132.0027","-3.2408","16.2495","27.7853","-16.5790","3.3249","1.6550","null","null","null","89.5410","2406","5.5400",530011,502706,460026,467055,605509,446334,543063,474832,491676,457705,"54.9589","null","null","null","null","null","null","null",6,"3","Sinker",0,0,0,0,0,0,0,0,"Strategic","Standard"
"SL","2018-05-13","80.3","1.4334","6.2214","Derek Holland",516782,502706,"null","called_strike",,,,,"8","null","R","R","L","PIT","SF","S","null","null",0,1,2018,"0.2797","0.3202","0.1454","1.7431","null","null","591741.00",1,1,"Bot","null","null",,,460026,,"180513_175019","-3.3220","-116.6882","-3.6832","3.1657","24.2867","-28.8522","3.6956","1.7783","null","null","null","78.9300","2008","5.6490",530011,502706,460026,467055,605509,446334,543063,474832,491676,457705,"54.8505","null","null","null","null","null","null","null",6,"2","Slider",0,0,0,0,0,0,0,0,"Standard","Standard"
"KC","2018-05-13","78.8","1.6035","6.1734","Derek Holland",516782,502706,"null","called_strike",,,,,"6","null","R","R","L","PIT","SF","S","null","null",0,0,2018,"0.0475","0.2969","0.7545","2.6051","null","null","591741.00",1,1,"Bot","null","null",,,460026,,"180513_174939","-1.8751","-114.2525","-1.2390","0.8135","25.7547","-29.8011","3.7542","1.8368","null","null","null","76.0240","2109","4.9900",530011,502706,460026,467055,605509,446334,543063,474832,491676,457705,"55.5095","null","null","null","null","null","null","null",6,"1","Knuckle Curve",0,0,0,0,0,0,0,0,"Standard","Standard"
"SI","2018-05-13","90.3","1.5189","6.0809","Derek Holland",591741,502706,"null","ball",,,,,"14","null","R","R","L","PIT","SF","B","null","null",0,1,2018,"1.2806","1.1347","1.3957","2.2283","null","null","465041.00",0,1,"Bot","null","null",,,460026,,"180513_174817","-2.9026","-131.3177","-5.9105","15.0297","26.9140","-18.4204","3.6724","1.7889","null","null","null","89.1380","2313","5.5320",530011,502706,460026,467055,605509,446334,543063,474832,491676,457705,"54.9672","null","null","null","null","null","null","null",5,"2","Sinker",0,0,0,0,0,0,0,0,"Standard","Standard"
"SI","2018-05-13","91.8","1.4096","6.1098","Derek Holland",591741,502706,"null","called_strike",,,,,"8","null","R","R","L","PIT","SF","S","null","null",0,0,2018,"1.3184","1.0125","0.0907","2.0722","null","null","465041.00",0,1,"Bot","null","null",,,460026,,"180513_174758","-6.0009","-133.3058","-6.3960","16.5603","27.1194","-19.3348","3.4455","1.7063","null","null","null","90.5720","2352","5.5360",530011,502706,460026,467055,605509,446334,543063,474832,491676,457705,"54.9632","null","null","null","null","null","null","null",5,"1","Sinker",0,0,0,0,0,0,0,0,"Standard","Standard"
"SI","2018-05-13","91.7","1.4907","6.1122","Derek Holland",465041,502706,"walk","ball",,,,,"13","Francisco Cervelli walks.  ","R","R","L","PIT","SF","B","null","null",3,2,2018,"1.1386","1.0370","-1.0321","1.6586","null","null","null",0,1,"Bot","null","null",,,460026,,"180513_174718","-8.6981","-133.0117","-7.4845","15.1614","28.5331","-18.6983","3.5779","1.7175","null","null","null","90.7400","2391","5.8830",530011,502706,460026,467055,605509,446334,543063,474832,491676,457705,"54.6162","null","null","0.70",1,0,0,"null",4,"8","Sinker",0,0,0,0,0,0,0,0,"Standard","Standard"
"SI","2018-05-13","92.2","1.4359","6.1541","Derek Holland",465041,502706,"null","ball",,,,,"11","null","R","R","L","PIT","SF","B","null","null",2,2,2018,"1.3754","0.9715","-1.2859","2.7426","null","null","null",0,1,"Bot","null","null",,,460026,,"180513_174621","-9.7012","-133.8197","-4.8584","18.1878","26.5537","-19.9500","3.5161","1.6555","null","null","null","91.3260","2172","5.7240",530011,502706,460026,467055,605509,446334,543063,474832,491676,457705,"54.7752","null","null","null","null","null","null","null",4,"6","Sinker",0,0,0,0,0,0,0,0,"Standard","Standard"
"SL","2018-05-13","80.0","1.5250","6.1820","Derek Holland",465041,502706,"null","ball",,,,,"13","null","R","R","L","PIT","SF","B","null","null",1,2,2018,"0.2545","0.3396","-0.8399","1.3708","null","null","null",0,1,"Bot","null","null",,,460026,,"180513_174515","-5.5817","-116.2919","-4.4708","3.2326","20.5327","-28.6332","3.5367","1.6143","null","null","null","78.8860","2060","5.4360",530011,502706,460026,467055,605509,446334,543063,474832,491676,457705,"55.0630","null","null","null","null","null","null","null",4,"4","Slider",0,0,0,0,0,0,0,0,"Standard","Standard"
"SI","2018-05-13","91.1","1.4760","6.1590","Derek Holland",465041,502706,"null","ball",,,,,"13","null","R","R","L","PIT","SF","B","null","null",0,1,2018,"1.1485","1.2303","-0.9951","2.5123","null","null","null",0,1,"Bot","null","null",,,460026,,"180513_174430","-8.5094","-132.3074","-5.8065","14.9471","25.5117","-17.0221","3.6192","1.6968","null","null","null","90.4090","2400","5.7600",530011,502706,460026,467055,605509,446334,543063,474832,491676,457705,"54.7392","null","null","null","null","null","null","null",4,"2","Sinker",0,0,0,0,0,0,0,0,"Standard","Standard"
"SI","2018-05-13","91.5","1.3879","6.1365","Derek Holland",465041,502706,"null","called_strike",,,,,"5","null","R","R","L","PIT","SF","S","null","null",0,0,2018,"1.1796","1.4199","0.0144","2.5209","null","null","null",0,1,"Bot","null","null",,,460026,,"180513_174411","-5.8901","-132.9632","-6.1861","14.9794","27.5631","-14.5652","3.5779","1.6349","null","null","null","90.6950","2422","5.8010",530011,502706,460026,467055,605509,446334,543063,474832,491676,457705,"54.6984","null","null","null","null","null","null","null",4,"1","Sinker",0,0,0,0,0,0,0,0,"Standard","Standard"
"CH","2018-05-13","87.0","-2.8439","6.1824","Ivan Nova",474832,467100,"null","ball",,,,,"13","null","R","L","R","PIT","SF","B","null","null",1,1,2018,"-1.3557","0.4980","-1.1796","2.1099","null","null","null",2,1,"Top","null","null",,,465041,,"180513_174124","6.5825","-126.3448","-4.5129","-15.4591","24.9442","-26.3290","3.3515","1.5201","null","null","null","85.8050","2043","5.5620",530011,467100,465041,605137,446481,501896,474568,572816,516782,591741,"54.9368","null","null","null","null","null","null","null",3,"3","Changeup",0,0,0,0,0,0,0,0,"Infield shift","Strategic"
"FT","2018-05-13","92.0","-2.8813","6.1367","Ivan Nova",474832,467100,"null","ball",,,,,"13","null","R","L","R","PIT","SF","B","null","null",0,0,2018,"-1.2913","0.7600","-1.2862","2.3844","null","null","null",2,1,"Top","null","null",,,465041,,"180513_174056","6.6446","-133.6628","-5.2136","-16.4438","26.8870","-22.4739","3.5490","1.6270","null","null","null","90.8240","2088","5.5130",530011,467100,465041,605137,446481,501896,474568,572816,516782,591741,"54.9864","null","null","null","null","null","null","null",3,"1","2-Seam Fastball",0,0,0,0,0,0,0,0,"Infield shift","Strategic"
"CU","2018-05-13","78.2","-2.5870","6.2682","Ivan Nova",457705,467100,"null","ball",,,,,"11","null","R","R","R","PIT","SF","B","null","null",0,1,2018,"0.4317","-0.4651","-1.2398","3.5553","null","null","null",1,1,"Top","null","null",,,465041,,"180513_174009","2.1002","-113.7222","1.7770","3.2650","19.8587","-36.6496","3.5172","1.7320","null","null","null","76.9990","2395","5.3550",530011,467100,465041,605137,446481,501896,474568,572816,516782,591741,"55.1441","null","null","null","null","null","null","null",2,"2","Curveball",0,0,0,0,0,0,0,0,"Standard","Strategic"
"FF","2018-05-13","93.3","-2.7079","6.2359","Ivan Nova",457705,467100,"null","called_strike",,,,,"8","null","R","R","R","PIT","SF","S","null","null",0,0,2018,"-1.1198","1.1467","-0.1027","2.0501","null","null","null",1,1,"Top","null","null",,,465041,,"180513_173957","8.9374","-135.3650","-7.3147","-15.3263","28.9648","-17.1236","3.4998","1.6529","null","null","null","91.8870","2350","5.5600",530011,467100,465041,605137,446481,501896,474568,572816,516782,591741,"54.9388","null","null","null","null","null","null","null",2,"1","4-Seam Fastball",0,0,0,0,0,0,0,0,"Standard","Strategic"