"pitch_type","game_date","release_speed","release_pos_x","release_pos_z","player_name","batter","pitcher","events","description","spin_dir","spin_rate_deprecated","break_angle_deprecated","break_length_deprecated","zone","des","game_type","stand","p_throws","home_team","away_team","type","hit_location","bb_type","balls","strikes","game_year","pfx_x","pfx_z","plate_x","plate_z","on_3b","on_2b","on_1b","outs_when_up","inning","inning_topbot","hc_x","hc_y","tfs_deprecated","tfs_zulu_deprecated","pos2_person_id","umpire","sv_id","vx0","vy0","vz0","ax","ay","az","sz_top","sz_bot","hit_distance_sc","launch_speed","launch_angle","effective_speed","release_spin_rate","release_extension","game_pk","pos1_person_id","pos2_person_id","pos3_person_id","pos4_person_id","pos5_person_id","pos6_person_id","pos7_person_id","pos8_person_id","pos9_person_id","release_pos_y","estimated_ba_using_speedangle","estimated_woba_using_speedangle","woba_value","woba_denom","babip_value","iso_value","launch_speed_angle","at_bat_number","pitch_number","pitch_name","home_score","away_score","bat_score","fld_score","post_away_score","post_home_score","post_bat_score","post_fld_score","if_fielding_alignment","of_fielding_alignment"
"FF","2018-05-28","96.1","-3.0539","5.7243","Hunter Strickland",455104,519326,"null","called_strike",,,,,"1","null","R","R","R","COL","SF","S","null","null",0,0,2018,"-0.4060","0.9222","-0.7952","2.8742","571448.00","471865.00","435622.00",1,10,"Bot","null","null",,,457763,,"180529_033609","6.8869","-139.9149","-4.1230","-6.6584","26.1653","-19.3875","3.3599","1.5321","null","null","null","96.6650","2360","6.2050",530208,519326,457763,474832,605509,446334,543063,453923,491676,457705,"54.2966","null","null","null","null","null","null","null",88,"1","4-Seam Fastball",5,5,5,5,5,5,5,5,"Standard","Standard"
"SL","2018-05-28","82.3","-2.9611","5.9870","Hunter Strickland",435622,519326,"null","called_strike",,,,,"4","null","R","R","R","COL","SF","S","null","null",0,1,2018,"0.8137","-0.4205","-0.5195","2.4612","null","571448.00","471865.00",1,10,"Bot","null","null",,,457763,,"180529_033444","3.9583","-119.8278","-0.7823","7.0448","19.7303","-36.2417","3.4140","1.3338","null","null","null","81.6890","2625","5.5180",530208,519326,457763,474832,605509,446334,543063,453923,491676,457705,"54.9836","null","null","null","null","null","null","null",87,"2","Slider",5,5,5,5,5,5,5,5,"Standard","Standard"
"FF","2018-05-28","97.0","-2.9014","5.8765","Hunter Strickland",596115,519326,"null","ball",,,,,"11","null","R","R","R","COL","SF","B","null","null",0,1,2018,"-0.3124","1.1296","-0.9548","3.1170","null","null","571448.00",0,10,"Bot","null","null",,,457763,,"180529_033127","5.8909","-141.1919","-4.4601","-5.3286","27.3531","-16.3649","3.4643","1.5820","null","null","null","97.2780","2364","6.1020",530208,519326,457763,474832,605509,446334,543063,453923,491676,457705,"54.4000","null","null","null","null","null","null","null",85,"2","4-Seam Fastball",5,5,5,5,5,5,5,5,"Standard","Strategic"
"FF","2018-05-28","96.9","-2.7875","5.9077","Hunter Strickland",571448,519326,"walk","ball",,,,,"14","Nolan Arenado walks.  ","R","R","R","COL","SF","B","null","null",3,1,2018,"-0.1009","1.1269","0.9724","2.0370","null","null","null",0,10,"Bot","null","null",,,457763,,"180529_033003","10.1575","-140.6820","-7.2908","-3.2927","27.1787","-16.1135","3.4756","1.5719","null","null","null","96.4700","2492","5.8420",530208,519326,457763,474832,605509,446334,543063,453923,491676,457705,"54.6594","null","null","0.70",1,0,0,"null",84,"5","4-Seam Fastball",5,5,5,5,5,5,5,5,"Strategic","Strategic"
"FF","2018-05-28","96.3","-2.9970","5.6492","Hunter Strickland",571448,519326,"null","ball",,,,,"14","null","R","R","R","COL","SF","B","null","null",2,1,2018,"-0.1593","0.8342","1.3719","2.0385","null","null","null",0,10,"Bot","null","null",,,457763,,"180529_032933","11.8305","-139.7513","-5.8488","-4.3794","27.2233","-20.3753","3.2520","1.5719","null","null","null","95.8810","2463","5.8990",530208,519326,457763,474832,605509,446334,543063,453923,491676,457705,"54.6026","null","null","null","null","null","null","null",84,"4","4-Seam Fastball",5,5,5,5,5,5,5,5,"Strategic","Strategic"
"SL","2018-05-28","83.7","-2.9606","5.8928","Hunter Strickland",571448,519326,"null","ball",,,,,"14","null","R","R","R","COL","SF","B","null","null",1,1,2018,"0.6662","-0.5017","1.2190","0.9953","null","null","null",0,10,"Bot","null","null",,,457763,,"180529_032906","8.2862","-121.7801","-3.9994","5.2861","19.3452","-36.7050","3.2520","1.5719","null","null","null","83.6490","2754","5.8420",530208,519326,457763,474832,605509,446334,543063,453923,491676,457705,"54.6595","null","null","null","null","null","null","null",84,"3","Slider",5,5,5,5,5,5,5,5,"Strategic","Strategic"
"SL","2018-05-28","82.9","-2.9018","6.0165","Hunter Strickland",571448,519326,"null","ball",,,,,"14","null","R","R","R","COL","SF","B","null","null",0,1,2018,"0.6087","-0.7243","0.9280","0.8651","null","null","null",0,10,"Bot","null","null",,,457763,,"180529_032838","7.4942","-120.4637","-3.9097","4.4990","21.2725","-38.6396","3.4197","1.6278","null","null","null","82.1410","2720","5.6560",530208,519326,457763,474832,605509,446334,543063,453923,491676,457705,"54.8459","null","null","null","null","null","null","null",84,"2","Slider",5,5,5,5,5,5,5,5,"Strategic","Strategic"
"FF","2018-05-28","96.1","-2.9865","5.7745","Hunter Strickland",571448,519326,"null","called_strike",,,,,"6","null","R","R","R","COL","SF","S","null","null",0,0,2018,"-0.2543","0.9662","0.7213","2.4034","null","null","null",0,10,"Bot","null","null",,,457763,,"180529_032816","10.2752","-139.5055","-5.4624","-5.3409","27.8363","-18.7970","3.4599","1.5719","null","null","null","95.5500","2302","5.8550",530208,519326,457763,474832,605509,446334,543063,453923,491676,457705,"54.6470","null","null","null","null","null","null","null",84,"1","4-Seam Fastball",5,5,5,5,5,5,5,5,"Strategic","Strategic"
"FC","2018-05-28","94.3","-2.8441","5.8830","Bryan Shaw",605509,543766,"null","ball",,,,,"14","null","R","R","R","COL","SF","B","null","null",0,1,2018,"0.4442","0.5867","1.2889","1.0831","null","543063.00","457706.00",1,10,"Top","null","null",,,455104,,"180529_032200","9.6515","-136.9140","-8.0416","3.9140","23.2090","-23.6725","3.3638","1.6536","null","null","null","93.9290","2578","5.6860",530208,543766,455104,435622,641857,571448,596115,571595,453568,471865,"54.8162","null","null","null","null","null","null","null",82,"2","Cutter",5,5,5,5,5,5,5,5,"Standard","Standard"
"FC","2018-05-28","94.6","-2.6671","6.0010","Bryan Shaw",605509,543766,"null","called_strike",,,,,"6","null","R","R","R","COL","SF","S","null","null",0,0,2018,"0.5052","0.8097","0.6467","2.8475","null","543063.00","457706.00",1,10,"Top","null","null",,,455104,,"180529_032136","7.4487","-137.6805","-4.3506","5.0327","24.1936","-21.4493","3.4756","1.7654","null","null","null","94.1310","2587","5.5470",530208,543766,455104,435622,641857,571448,596115,571595,453568,471865,"54.9550","null","null","null","null","null","null","null",82,"1","Cutter",5,5,5,5,5,5,5,5,"Standard","Standard"
"SL","2018-05-28","82.0","-2.8715","5.8921","Bryan Shaw",457706,543766,"null","ball",,,,,"11","null","R","R","R","COL","SF","B","null","null",0,0,2018,"0.7892","-0.2248","-0.3535","3.5904","null","446334.00","543063.00",0,10,"Top","null","null",,,455104,,"180529_031857","4.1558","-119.3869","1.6108","6.7069","19.1142","-34.7543","2.9110","1.3281","null","null","null","81.1820","2847","5.3320",530208,543766,455104,435622,641857,571448,596115,571595,453568,471865,"55.1699","null","null","null","null","null","null","null",81,"1","Slider",5,5,5,5,5,5,5,5,"Strategic","Standard"
"FC","2018-05-28","93.9","-2.9498","5.8810","Bryan Shaw",543063,543766,"null","ball",,,,,"14","null","R","L","R","COL","SF","B","null","null",1,0,2018,"0.5982","0.3964","2.4966","1.9261","null","null","446334.00",0,10,"Top","null","null",,,455104,,"180529_031709","12.5941","-136.1422","-5.3284","5.0189","24.9043","-26.5596","3.5069","1.5776","null","null","null","92.9430","2625","5.5560",530208,543766,455104,435622,641857,571448,596115,571595,453568,471865,"54.9455","null","null","null","null","null","null","null",80,"2","Cutter",5,5,5,5,5,5,5,5,"Standard","Standard"
"FC","2018-05-28","95.3","-2.8979","5.9467","Bryan Shaw",543063,543766,"null","ball",,,,,"13","null","R","L","R","COL","SF","B","null","null",0,0,2018,"0.3858","0.5241","-0.2400","0.9948","null","null","446334.00",0,10,"Top","null","null",,,455104,,"180529_031651","6.0558","-138.5606","-8.5214","3.9284","22.8076","-24.2690","3.5069","1.5217","null","null","null","94.9540","2581","5.5580",530208,543766,455104,435622,641857,571448,596115,571595,453568,471865,"54.9440","null","null","null","null","null","null","null",80,"1","Cutter",5,5,5,5,5,5,5,5,"Standard","Standard"
"FC","2018-05-28","93.9","-2.8891","6.0378","Bryan Shaw",446334,543766,"null","called_strike",,,,,"14","null","R","R","R","COL","SF","S","null","null",0,0,2018,"0.3427","0.6166","0.9407","2.0207","null","null","null",0,10,"Top","null","null",,,455104,,"180529_031549","9.0440","-136.5353","-6.0319","2.7196","22.9101","-23.7329","3.7357","1.6567","null","null","null","93.4370","2573","5.5360",530208,543766,455104,435622,641857,571448,596115,571595,453568,471865,"54.9658","null","null","null","null","null","null","null",79,"1","Cutter",5,5,5,5,5,5,5,5,"Standard","Standard"
"SI","2018-05-28","91.2","3.2812","5.1240","Tony Watson",571595,453265,"null","ball",,,,,"12","null","R","R","L","COL","SF","B","null","null",0,2,2018,"0.8186","0.4975","0.0706","4.8154","null","621311.00","null",2,9,"Bot","null","null",,,457763,,"180529_031222","-9.7102","-132.4712","3.9744","11.3891","24.6732","-27.2986","3.3308","1.5150","null","null","null","90.8860","2298","5.9150",530208,453265,457763,474832,605509,446334,543063,453923,491676,457705,"54.5864","null","null","null","null","null","null","null",78,"4","Sinker",5,5,5,5,5,5,5,5,"Standard","Standard"
"SI","2018-05-28","91.7","3.3859","5.1196","Tony Watson",453568,453265,"null","ball",,,,,"13","null","R","L","L","COL","SF","B","null","null",0,0,2018,"1.1916","0.4234","-0.1304","1.1858","null","null","621311.00",1,9,"Bot","null","null",,,457763,,"180529_030648","-11.2906","-133.0720","-4.9789","16.1506","24.5768","-26.4629","3.4655","1.4557","null","null","null","91.2790","2386","5.8790",530208,453265,457763,474832,605509,446334,543063,453923,491676,457705,"54.6229","null","null","null","null","null","null","null",77,"1","Sinker",5,5,5,5,5,5,5,5,"Standard","Standard"
"SI","2018-05-28","92.4","3.3459","5.0933","Tony Watson",621311,453265,"null","ball",,,,,"11","null","R","L","L","COL","SF","B","null","null",1,2,2018,"0.9228","0.8193","-0.8626","2.4521","null","null","null",1,9,"Bot","null","null",,,457763,,"180529_030529","-12.5100","-133.9862","-2.6639","13.3142","24.7249","-22.1201","3.3023","1.5418","null","null","null","91.7460","2341","5.7690",530208,453265,457763,474832,605509,446334,543063,453923,491676,457705,"54.7333","null","null","null","null","null","null","null",76,"5","Sinker",5,5,5,5,5,5,5,5,"Standard","Standard"
"SL","2018-05-28","83.7","3.1894","5.0977","Tony Watson",621311,453265,"null","ball",,,,,"13","null","R","L","L","COL","SF","B","null","null",0,2,2018,"-0.0733","0.2695","-1.7430","1.4188","null","null","null",1,9,"Bot","null","null",,,457763,,"180529_030444","-11.0970","-121.4037","-2.6140","1.1216","20.1341","-29.3041","3.3023","1.4299","null","null","null","83.1910","2180","5.7940",530208,453265,457763,474832,605509,446334,543063,453923,491676,457705,"54.7081","null","null","null","null","null","null","null",76,"3","Slider",5,5,5,5,5,5,5,5,"Standard","Standard"
"SI","2018-05-28","92.0","3.2973","5.1050","Tony Watson",641857,453265,"strikeout","called_strike",,,,,"7","Ryan McMahon called out on strikes.  ","R","L","L","COL","SF","S",2,"null",2,2,2018,"1.0686","0.5746","-0.4676","2.0702","null","null","null",0,9,"Bot","null","null",,,457763,,"180529_030316","-11.7208","-133.4620","-3.0872","14.9406","25.3860","-24.9587","3.6662","1.6828","null","null","null","91.6300","2320","5.9800",530208,453265,457763,474832,605509,446334,543063,453923,491676,457705,"54.5215","null","null","0.00",1,0,0,"null",75,"5","Sinker",5,5,5,5,5,5,5,5,"Standard","Standard"
"SI","2018-05-28","91.4","3.3388","5.1467","Tony Watson",641857,453265,"null","called_strike",,,,,"7","null","R","L","L","COL","SF","S","null","null",2,1,2018,"1.0275","0.8261","-0.3488","2.0334","null","null","null",0,9,"Bot","null","null",,,457763,,"180529_030254","-11.3377","-132.5425","-3.6893","14.1946","25.6196","-22.0257","3.6662","1.6268","null","null","null","90.7900","2260","5.8990",530208,453265,457763,474832,605509,446334,543063,453923,491676,457705,"54.6029","null","null","null","null","null","null","null",75,"4","Sinker",5,5,5,5,5,5,5,5,"Standard","Standard"
"SI","2018-05-28","90.9","3.3361","5.1795","Tony Watson",641857,453265,"null","called_strike",,,,,"4","null","R","L","L","COL","SF","S","null","null",2,0,2018,"0.9437","0.5276","-0.6526","2.5668","null","null","null",0,9,"Bot","null","null",,,457763,,"180529_030235","-11.9097","-131.9527","-1.8047","13.1674","23.5125","-25.8693","3.6662","1.6268","null","null","null","90.9130","2284","6.0730",530208,453265,457763,474832,605509,446334,543063,453923,491676,457705,"54.4293","null","null","null","null","null","null","null",75,"3","Sinker",5,5,5,5,5,5,5,5,"Standard","Standard"
"SI","2018-05-28","90.1","3.3212","5.1682","Tony Watson",641857,453265,"null","ball",,,,,"13","null","R","L","L","COL","SF","B","null","null",1,0,2018,"0.7796","0.9776","-1.4100","2.5076","null","null","null",0,9,"Bot","null","null",,,457763,,"180529_030215","-13.3155","-130.5989","-2.7306","11.3441","23.2497","-20.6238","3.6662","1.6268","null","null","null","90.1580","2270","6.1990",530208,453265,457763,474832,605509,446334,543063,453923,491676,457705,"54.3032","null","null","null","null","null","null","null",75,"2","Sinker",5,5,5,5,5,5,5,5,"Standard","Standard"
"SL","2018-05-28","82.1","3.3154","5.1938","Tony Watson",641857,453265,"null","ball",,,,,"13","null","R","L","L","COL","SF","B","null","null",0,0,2018,"-0.1323","0.5713","-1.8759","2.5368","null","null","null",0,9,"Bot","null","null",,,457763,,"180529_030158","-11.3317","-119.0761","-0.6261","0.4855","18.2184","-26.8882","3.6662","1.6268","null","null","null","81.6040","2190","5.6890",530208,453265,457763,474832,605509,446334,543063,453923,491676,457705,"54.8125","null","null","null","null","null","null","null",75,"1","Slider",5,5,5,5,5,5,5,5,"Standard","Standard"
"KC","2018-05-28","85.7","-1.7060","6.2574","Wade Davis",474832,451584,"null","ball",,,,,"14","null","R","L","R","COL","SF","B","null","null",0,1,2018,"0.1809","-0.8145","1.1202","1.6164","491676.00","457705.00","457763.00",2,9,"Top","null","null",,,455104,,"180529_025748","6.2384","-124.7396","-3.1505","0.7640","21.8130","-40.1971","3.3449","1.5619","null","null","null","85.0550","2585","5.5680",530208,451584,455104,435622,641857,571448,596115,571595,453568,471865,"54.9340","null","null","null","null","null","null","null",74,"2","Knuckle Curve",5,5,5,5,5,5,5,5,"Standard","Standard"
"FF","2018-05-28","95.1","-1.8627","6.2846","Wade Davis",457705,451584,"walk","ball",,,,,"12","Andrew McCutchen walks.  ","R","R","R","COL","SF","B","null","null",3,2,2018,"-0.0722","1.0738","0.1780","4.4802","null","491676.00","null",2,9,"Top","null","null",,,455104,,"180529_025254","5.4940","-138.5519","-1.5630","-1.9413","25.4335","-18.1948","3.4844","1.6121","null","null","null","95.5440","2429","6.0860",530208,451584,455104,435622,641857,571448,596115,571595,453568,471865,"54.4154","null","null","0.70",1,0,0,"null",72,"6","4-Seam Fastball",5,5,5,5,5,5,5,5,"Standard","Standard"
"KC","2018-05-28","84.7","-1.6705","6.2543","Wade Davis",457705,451584,"null","ball",,,,,"14","null","R","R","R","COL","SF","B","null","null",2,2,2018,"0.2810","-0.6987","0.1232","0.3001","null","null","491676.00",2,9,"Top","null","null",,,455104,,"180529_025218","3.5979","-123.2179","-6.2263","2.2203","20.6495","-38.3635","3.5403","1.5562","null","null","null","84.2100","2585","5.6380",530208,451584,455104,435622,641857,571448,596115,571595,453568,471865,"54.8636","null","null","null","null","null","null","null",72,"5","Knuckle Curve",5,5,5,5,5,5,5,5,"Standard","Strategic"
"FC","2018-05-28","91.0","-2.1986","6.1664","Wade Davis",457705,451584,"null","ball",,,,,"14","null","R","R","R","COL","SF","B","null","null",1,2,2018,"0.5339","0.4398","0.4993","1.4669","null","null","491676.00",2,9,"Top","null","null",,,455104,,"180529_025125","5.6083","-132.4586","-6.8859","5.3289","22.6121","-26.0089","3.4844","1.7240","null","null","null","91.1850","2787","5.9430",530208,451584,455104,435622,641857,571448,596115,571595,453568,471865,"54.5586","null","null","null","null","null","null","null",72,"4","Cutter",5,5,5,5,5,5,5,5,"Standard","Strategic"
"FC","2018-05-28","89.5","-1.8551","6.2611","Wade Davis",457705,451584,"null","ball",,,,,"14","null","R","R","R","COL","SF","B","null","null",0,1,2018,"0.5531","0.1967","1.1895","1.9554","null","null","491676.00",2,9,"Top","null","null",,,455104,,"180529_024938","6.3326","-130.3597","-5.1528","5.3259","20.6826","-29.2827","3.5403","1.7240","null","null","null","89.9240","2718","5.9600",530208,451584,455104,435622,641857,571448,596115,571595,453568,471865,"54.5419","null","null","null","null","null","null","null",72,"2","Cutter",5,5,5,5,5,5,5,5,"Standard","Strategic"
"FF","2018-05-28","94.9","-1.5882","6.3853","Wade Davis",491676,451584,"walk","ball",,,,,"1","Gorkys Hernandez walks.  ","R","R","R","COL","SF","B","null","null",3,1,2018,"-0.1728","1.2389","-0.3001","3.2418","null","null","null",2,9,"Top","null","null",,,455104,,"180529_024816","3.7309","-138.1897","-5.3483","-2.9233","26.4681","-15.5166","3.2615","1.5836","null","null","null","94.9860","2342","5.9910",530208,451584,455104,435622,641857,571448,596115,571595,453568,471865,"54.5105","null","null","0.70",1,0,0,"null",71,"5","4-Seam Fastball",5,5,5,5,5,5,5,5,"Standard","Standard"
"FF","2018-05-28","94.3","-1.8811","6.3375","Wade Davis",491676,451584,"null","ball",,,,,"14","null","R","R","R","COL","SF","B","null","null",2,1,2018,"0.1721","1.0972","0.1998","1.4050","null","null","null",2,9,"Top","null","null",,,455104,,"180529_024746","5.0245","-137.2259","-9.6453","1.3106","24.2434","-16.6326","3.4108","1.5832","null","null","null","94.9880","2447","6.2440",530208,451584,455104,435622,641857,571448,596115,571595,453568,471865,"54.2580","null","null","null","null","null","null","null",71,"4","4-Seam Fastball",5,5,5,5,5,5,5,5,"Standard","Standard"
"FC","2018-05-28","89.1","-1.8120","6.2712","Wade Davis",491676,451584,"null","ball",,,,,"14","null","R","R","R","COL","SF","B","null","null",1,0,2018,"0.4831","0.2010","1.2754","1.2717","null","null","null",2,9,"Top","null","null",,,455104,,"180529_024655","6.5447","-129.5934","-6.7174","4.3039","22.5329","-28.9357","3.4108","1.6392","null","null","null","89.1810","2626","5.9950",530208,451584,455104,435622,641857,571448,596115,571595,453568,471865,"54.5065","null","null","null","null","null","null","null",71,"2","Cutter",5,5,5,5,5,5,5,5,"Standard","Standard"
"FF","2018-05-28","93.2","-1.7467","6.2828","Wade Davis",491676,451584,"null","ball",,,,,"14","null","R","R","R","COL","SF","B","null","null",0,0,2018,"-0.1488","1.2799","1.1987","1.9636","null","null","null",2,9,"Top","null","null",,,455104,,"180529_024637","7.8669","-135.4372","-8.1732","-3.2695","24.5411","-15.0128","3.4108","1.5832","null","null","null","93.5680","2380","6.2050",530208,451584,455104,435622,641857,571448,596115,571595,453568,471865,"54.2964","null","null","null","null","null","null","null",71,"1","4-Seam Fastball",5,5,5,5,5,5,5,5,"Standard","Standard"
"FC","2018-05-28","88.9","-1.9108","6.2583","Wade Davis",453923,451584,"null","ball",,,,,"12","null","R","L","R","COL","SF","B","null","null",0,1,2018,"0.4352","0.3475","1.0467","2.2741","null","null","null",1,9,"Top","null","null",,,455104,,"180529_024515","6.3064","-129.4402","-4.5391","3.8729","20.7875","-27.7292","3.0208","1.3639","null","null","null","89.0450","2688","5.8400",530208,451584,455104,435622,641857,571448,596115,571595,453568,471865,"54.6614","null","null","null","null","null","null","null",70,"2","Cutter",5,5,5,5,5,5,5,5,"Standard","Standard"
"KC","2018-05-28","80.7","-1.9856","6.2793","Wade Davis",453923,451584,"null","called_strike",,,,,"5","null","R","L","R","COL","SF","S","null","null",0,0,2018,"0.3998","-0.6912","0.0959","2.3198","null","null","null",1,9,"Top","null","null",,,455104,,"180529_024456","3.8339","-117.4730","-1.0169","3.0448","17.8248","-38.5024","3.0308","1.3639","null","null","null","80.0020","2578","5.3500",530208,451584,455104,435622,641857,571448,596115,571595,453568,471865,"55.1515","null","null","null","null","null","null","null",70,"1","Knuckle Curve",5,5,5,5,5,5,5,5,"Standard","Standard"
"FF","2018-05-28","91.2","-1.6272","6.3166","Wade Davis",605509,451584,"null","ball",,,,,"14","null","R","R","R","COL","SF","B","null","null",0,0,2018,"-0.2654","1.0108","1.4170","1.2251","null","null","null",0,9,"Top","null","null",,,455104,,"180529_024351","8.1830","-132.5075","-9.1467","-4.4569","20.9205","-18.8443","3.0284","1.3740","null","null","null","91.7940","2210","6.1580",530208,451584,455104,435622,641857,571448,596115,571595,453568,471865,"54.3434","null","null","null","null","null","null","null",69,"1","4-Seam Fastball",5,5,5,5,5,5,5,5,"Standard","Standard"
"SI","2018-05-28","91.1","3.2605","5.2041","Tony Watson",455104,453265,"null","ball",,,,,"11","null","R","R","L","COL","SF","B","null","null",0,2,2018,"1.1311","0.5859","-0.9306","3.2114","null","null","471865.00",1,8,"Bot","null","null",,,457763,,"180529_023938","-12.6996","-132.1116","-0.3847","15.3622","23.5113","-25.5255","3.3035","1.5977","null","null","null","90.4210","2296","5.7020",530208,453265,457763,474832,605509,446334,543063,453923,491676,457705,"54.7998","null","null","null","null","null","null","null",68,"3","Sinker",5,5,5,5,5,5,5,5,"Standard","Standard"
"SI","2018-05-28","91.6","3.3244","5.1432","Tony Watson",596115,453265,"null","ball",,,,,"11","null","R","R","L","COL","SF","B","null","null",2,2,2018,"0.8797","0.8091","-1.1078","3.2799","null","null","null",0,8,"Bot","null","null",,,457763,,"180529_023323","-12.9604","-132.8901","-0.6303","12.6979","22.9942","-22.6353","3.5202","1.5820","null","null","null","91.6180","2306","6.0430",530208,453265,457763,474832,605509,446334,543063,453923,491676,457705,"54.4589","null","null","null","null","null","null","null",65,"6","Sinker",4,5,4,5,5,4,4,5,"Standard","Standard"
"SI","2018-05-28","90.6","3.2890","5.1692","Tony Watson",596115,453265,"null","ball",,,,,"11","null","R","R","L","COL","SF","B","null","null",1,0,2018,"1.0317","0.7187","-1.4981","2.8447","null","null","null",0,8,"Bot","null","null",,,457763,,"180529_023137","-13.9809","-131.2689","-1.4123","14.4059","23.4075","-23.8205","3.5202","1.5820","null","null","null","90.2920","2345","5.9920",530208,453265,457763,474832,605509,446334,543063,453923,491676,457705,"54.5100","null","null","null","null","null","null","null",65,"2","Sinker",4,5,4,5,5,4,4,5,"Standard","Strategic"
"SI","2018-05-28","90.6","3.3832","5.2513","Tony Watson",596115,453265,"null","ball",,,,,"11","null","R","R","L","COL","SF","B","null","null",0,0,2018,"1.0094","0.7025","-0.9510","3.9634","null","null","null",0,8,"Bot","null","null",,,457763,,"180529_023117","-12.7935","-131.4517","1.1391","13.8074","21.7188","-24.4104","3.5202","1.6379","null","null","null","90.4530","2345","5.8770",530208,453265,457763,474832,605509,446334,543063,453923,491676,457705,"54.6252","null","null","null","null","null","null","null",65,"1","Sinker",4,5,4,5,5,4,4,5,"Strategic","Standard"
"SI","2018-05-28","90.8","1.8694","5.9811","Harrison Musgrave",607776,643466,"null","ball",,,,,"12","null","R","R","L","COL","SF","B","null","null",0,0,2018,"0.7650","1.0442","1.3262","3.0287","null","null","null",2,8,"Top","null","null",,,455104,,"180529_022748","-2.9535","-132.2889","-3.7517","9.4931","24.0186","-19.4670","3.3883","1.4142","null","null","null","90.9150","2443","5.9640",530208,643466,455104,435622,641857,571448,596115,571595,453568,471865,"54.5382","null","null","null","null","null","null","null",64,"1","Sinker",4,5,5,4,5,4,5,4,"Infield shift","Standard"
"FF","2018-05-28","89.4","2.0453","6.0307","Harrison Musgrave",446334,643466,"null","called_strike",,,,,"5","null","R","R","L","COL","SF","S","null","null",0,0,2018,"0.4607","1.2649","-0.2581","2.6560","null","null","null",0,8,"Top","null","null",,,455104,,"180529_022558","-6.6047","-130.0139","-4.9672","6.4638","24.6575","-17.1308","3.7357","1.8245","null","null","null","89.3520","2285","6.0820",530208,643466,455104,435622,641857,571448,596115,571595,453568,471865,"54.4199","null","null","null","null","null","null","null",62,"1","4-Seam Fastball",4,5,5,4,5,4,5,4,"Infield shift","Standard"
"SL","2018-05-28","88.1","-1.4082","5.4534","Sam Dyson",571448,473879,"null","ball",,,,,"14","null","R","R","R","COL","SF","B","null","null",1,1,2018,"0.2570","0.0874","1.9211","1.8281","null","null","null",2,7,"Bot","null","null",,,457763,,"180529_022118","7.4417","-128.2619","-3.0067","1.6848","19.0900","-30.9693","3.4197","1.5719","null","null","null","87.5870","2721","5.3260",530208,473879,457763,474832,605509,446334,543063,607776,491676,457705,"55.1754","null","null","null","null","null","null","null",61,"3","Slider",4,5,4,5,5,4,4,5,"Infield shift","Strategic"
"FT","2018-05-28","93.6","-1.4426","5.4296","Sam Dyson",571448,473879,"null","ball",,,,,"1","null","R","R","R","COL","SF","B","null","null",0,0,2018,"-1.1309","0.1873","-0.7577","3.4206","null","null","null",2,7,"Bot","null","null",,,457763,,"180529_022016","4.0768","-136.2375","0.0349","-14.4831","23.9276","-30.1155","3.4559","1.5723","null","null","null","92.6830","2371","5.2880",530208,473879,457763,474832,605509,446334,543063,607776,491676,457705,"55.2143","null","null","null","null","null","null","null",61,"1","2-Seam Fastball",4,5,4,5,5,4,4,5,"Infield shift","Strategic"
"FT","2018-05-28","92.5","-1.5125","5.3320","Sam Dyson",571595,473879,"null","called_strike",,,,,"1","null","R","R","R","COL","SF","S","null","null",0,0,2018,"-0.9936","0.1531","-0.4967","3.1347","null","null","453568.00",0,7,"Bot","null","null",,,457763,,"180529_021826","4.5636","-134.4801","-0.1685","-12.5674","26.3104","-30.5882","3.3308","1.5150","null","null","null","91.0110","2458","5.2200",530208,473879,457763,474832,605509,446334,543063,607776,491676,457705,"55.2816","null","null","null","null","null","null","null",60,"1","2-Seam Fastball",4,5,4,5,5,4,4,5,"Standard","Standard"
"SL","2018-05-28","78.5","1.7314","6.5785","Will Smith",453568,519293,"null","ball",,,,,"13","null","R","L","L","COL","SF","B","null","null",0,0,2018,"-0.4544","-0.4000","-0.1063","1.1243","null","null","null",0,7,"Bot","null","null",,,457763,,"180529_021318","-3.1198","-114.2928","-4.3206","-3.4470","17.1823","-35.1828","3.4096","1.4557","null","null","null","77.9840","2099","5.4870",530208,519293,457763,474832,605509,446334,543063,607776,491676,457705,"55.0145","null","null","null","null","null","null","null",59,"1","Slider",4,5,4,5,5,4,4,5,"Standard","Standard"
"CH","2018-05-28","78.4","1.8385","6.0475","Harrison Musgrave",474832,643466,"null","ball",,,,,"13","null","R","L","L","COL","SF","B","null","null",0,1,2018,"0.5008","0.4232","-1.5327","-0.6133","null","null","null",2,7,"Top","null","null",,,455104,,"180529_020744","-8.0787","-113.6992","-8.2673","5.5343","17.2527","-27.4812","3.2331","1.5059","null","null","null","77.9310","1396","5.7650",530208,643466,455104,435622,641857,571448,596115,571595,453568,471865,"54.7368","null","null","null","null","null","null","null",58,"2","Changeup",4,5,5,4,5,4,5,4,"Infield shift","Standard"
"SL","2018-05-28","81.4","2.0415","6.0758","Harrison Musgrave",474832,643466,"null","called_strike",,,,,"3","null","R","L","L","COL","SF","S","null","null",0,0,2018,"-0.5760","0.2427","0.4395","2.9402","null","null","null",2,7,"Top","null","null",,,455104,,"180529_020728","-2.4893","-118.4872","-0.9433","-4.8521","20.5591","-30.0238","3.2331","1.5619","null","null","null","80.4230","2539","5.3980",530208,643466,455104,435622,641857,571448,596115,571595,453568,471865,"55.1039","null","null","null","null","null","null","null",58,"1","Slider",4,5,5,4,5,4,5,4,"Infield shift","Standard"
"FF","2018-05-28","90.7","1.8885","5.9302","Harrison Musgrave",457763,643466,"null","ball",,,,,"11","null","R","R","L","COL","SF","B","null","null",0,2,2018,"0.1813","1.0992","-1.2138","3.1571","null","null","null",1,7,"Top","null","null",,,455104,,"180529_020632","-8.0853","-131.8812","-3.3774","3.5777","23.9117","-18.9577","3.6119","1.7598","null","null","null","90.6800","2646","5.9940",530208,643466,455104,435622,641857,571448,596115,571595,453568,471865,"54.5078","null","null","null","null","null","null","null",57,"3","4-Seam Fastball",4,5,5,4,5,4,5,4,"Standard","Standard"
"SL","2018-05-28","81.1","2.1236","6.0301","Harrison Musgrave",457705,643466,"null","ball",,,,,"13","null","R","R","L","COL","SF","B","null","null",1,2,2018,"-0.2858","0.3929","-0.8924","0.8990","null","null","null",0,7,"Top","null","null",,,455104,,"180529_020432","-6.1082","-117.9458","-5.5849","-1.6549","18.4776","-27.9265","3.5403","1.6121","null","null","null","80.2960","2560","5.3800",530208,643466,455104,435622,641857,571448,596115,571595,453568,471865,"55.1216","null","null","null","null","null","null","null",56,"4","Slider",4,5,5,4,5,4,5,4,"Standard","Standard"
"SI","2018-05-28","89.0","2.0902","6.0046","Harrison Musgrave",457705,643466,"null","ball",,,,,"14","null","R","R","L","COL","SF","B","null","null",0,1,2018,"0.8631","0.9180","0.3444","0.8716","null","null","null",0,7,"Top","null","null",,,455104,,"180529_020349","-6.0217","-129.3449","-8.4907","10.7155","21.7309","-20.6142","3.5962","1.7799","null","null","null","89.1080","2391","5.9980",530208,643466,455104,435622,641857,571448,596115,571595,453568,471865,"54.5040","null","null","null","null","null","null","null",56,"2","Sinker",4,5,5,4,5,4,5,4,"Standard","Standard"
"SI","2018-05-28","90.3","1.9331","6.0997","Harrison Musgrave",457705,643466,"null","called_strike",,,,,"3","null","R","R","L","COL","SF","S","null","null",0,0,2018,"0.7646","1.0489","0.6411","3.4315","null","null","null",0,7,"Top","null","null",,,455104,,"180529_020331","-4.8036","-131.6022","-2.9947","9.7461","23.3953","-19.6364","3.5962","1.4444","null","null","null","90.6180","2456","6.0410",530208,643466,455104,435622,641857,571448,596115,571595,453568,471865,"54.4613","null","null","null","null","null","null","null",56,"1","Sinker",4,5,5,4,5,4,5,4,"Standard","Standard"
"FF","2018-05-28","93.3","1.6504","6.5827","Will Smith",467827,519293,"null","ball",,,,,"13","null","R","L","L","COL","SF","B","null","null",0,0,2018,"0.7077","1.2338","-0.9278","1.7861","null","null","641857.00",2,6,"Bot","null","null",,,457763,,"180529_020005","-8.0869","-135.4796","-9.2374","10.1537","24.3070","-15.5368","3.2431","1.5675","null","null","null","93.1850","2242","5.9440",530208,519293,457763,474832,605509,446334,543063,607776,491676,457705,"54.5578","null","null","null","null","null","null","null",55,"1","4-Seam Fastball",4,5,4,5,5,4,4,5,"Standard","Standard"
"FF","2018-05-28","96.5","-0.9195","5.4953","Reyes Moronta",455104,606625,"null","ball",,,,,"12","null","R","R","R","COL","SF","B","null","null",0,0,2018,"-0.1837","1.0049","0.8945","3.5891","null","null","435622.00",0,6,"Bot","null","null",,,457763,,"180529_015057","5.2339","-140.6428","-1.9052","-3.3691","24.3024","-18.5361","3.3035","1.5418","null","null","null","97.3540","2449","6.1650",530208,606625,457763,474832,605509,446334,543063,607776,491676,457705,"54.3365","null","null","null","null","null","null","null",53,"1","4-Seam Fastball",4,5,4,5,5,4,4,5,"Standard","Standard"
"SL","2018-05-28","85.1","-1.3070","5.2434","Reyes Moronta",435622,606625,"null","ball",,,,,"14","null","R","R","R","COL","SF","B","null","null",0,0,2018,"0.8274","-0.0695","0.6623","-0.0519","null","null","null",0,6,"Bot","null","null",,,457763,,"180529_014952","2.9730","-123.9044","-6.0177","7.9317","21.1631","-32.0642","3.3738","1.3237","null","null","null","84.8490","2679","5.7740",530208,606625,457763,474832,605509,446334,543063,607776,491676,457705,"54.7280","null","null","null","null","null","null","null",52,"1","Slider",4,5,4,5,5,4,4,5,"Standard","Standard"
"CH","2018-05-28","86.0","-1.7061","5.7688","Chad Bettis",467055,518452,"null","called_strike",,,,,"9","null","R","L","R","COL","SF","S","null","null",0,0,2018,"-0.7485","0.1545","0.4178","2.0025","null","543063.00","605509.00",2,6,"Top","null","null",,,455104,,"180529_014517","6.4322","-125.1216","-3.0732","-8.8302","20.2318","-30.2687","3.2343","1.4557","null","null","null","85.7170","1344","5.6800",530208,518452,455104,435622,641857,571448,596115,571595,453568,471865,"54.8216","null","null","null","null","null","null","null",50,"1","Changeup",4,4,4,4,4,4,4,4,"Standard","Standard"
"CH","2018-05-28","86.2","-1.6080","5.8075","Chad Bettis",607776,518452,"null","ball",,,,,"14","null","R","R","R","COL","SF","B","null","null",0,1,2018,"-0.7706","0.2036","1.2622","1.1473","null","null","543063.00",1,6,"Top","null","null",,,455104,,"180529_014212","8.2940","-125.2930","-5.2714","-9.5408","22.1388","-29.3148","3.6678","1.7497","null","null","null","86.0020","1461","5.9480",530208,518452,455104,435622,641857,571448,596115,571595,453568,471865,"54.5542","null","null","null","null","null","null","null",48,"2","Changeup",4,4,4,4,4,4,4,4,"Infield shift","Standard"
"SL","2018-05-28","85.4","-1.6354","5.8523","Chad Bettis",607776,518452,"null","called_strike",,,,,"9","null","R","R","R","COL","SF","S","null","null",0,0,2018,"0.4616","0.2685","0.6769","2.3242","null","null","543063.00",1,6,"Top","null","null",,,455104,,"180529_014150","4.4861","-124.3024","-2.5804","3.8932","22.4086","-29.1999","3.7036","1.7598","null","null","null","84.7640","2100","5.6380",530208,518452,455104,435622,641857,571448,596115,571595,453568,471865,"54.8634","null","null","null","null","null","null","null",48,"1","Slider",4,4,4,4,4,4,4,4,"Infield shift","Standard"
"CH","2018-05-28","84.3","-1.7318","5.7908","Chad Bettis",543063,518452,"null","ball",,,,,"14","null","R","L","R","COL","SF","B","null","null",0,0,2018,"-0.7426","0.1454","0.0280","1.0958","null","446334.00","null",0,6,"Top","null","null",,,455104,,"180529_014040","5.4709","-122.6809","-4.8555","-8.3522","21.1324","-30.1008","3.4510","1.6335","null","null","null","83.9140","1365","5.7450",530208,518452,455104,435622,641857,571448,596115,571595,453568,471865,"54.7570","null","null","null","null","null","null","null",47,"1","Changeup",4,4,4,4,4,4,4,4,"Standard","Standard"
"SL","2018-05-28","84.2","-1.5929","5.9393","Chad Bettis",474832,518452,"null","ball",,,,,"12","null","R","L","R","COL","SF","B","null","null",1,0,2018,"0.3653","0.2758","1.5072","2.4595","null","null","null",0,6,"Top","null","null",,,455104,,"180529_013734","6.4032","-122.5400","-2.3331","2.6385","19.0003","-29.2727","3.2331","1.3941","null","null","null","83.7720","2105","5.5270",530208,518452,455104,435622,641857,571448,596115,571595,453568,471865,"54.9745","null","null","null","null","null","null","null",45,"2","Slider",4,3,3,4,3,4,3,4,"Infield shift","Standard"
"FF","2018-05-28","90.0","-1.5295","5.9228","Chad Bettis",474832,518452,"null","ball",,,,,"12","null","R","L","R","COL","SF","B","null","null",0,0,2018,"-0.3696","0.8681","0.0978","3.5737","null","null","null",0,6,"Top","null","null",,,455104,,"180529_013721","4.7499","-131.0235","-1.7261","-5.0671","23.7423","-22.1947","3.2331","1.3941","null","null","null","89.6130","1817","5.7110",530208,518452,455104,435622,641857,571448,596115,571595,453568,471865,"54.7904","null","null","null","null","null","null","null",45,"1","4-Seam Fastball",4,3,3,4,3,4,3,4,"Infield shift","Standard"
"FF","2018-05-28","91.2","2.3236","6.6031","Andrew Suarez",471865,605498,"null","ball",,,,,"14","null","R","L","L","COL","SF","B","null","null",1,2,2018,"1.0290","0.8955","2.4907","2.4502","null","null","null",2,5,"Bot","null","null",,,457763,,"180529_013419","-1.6276","-132.5481","-6.2847","11.9723","24.3821","-21.1061","3.4945","1.5763","null","null","null","89.4260","1835","4.9550",530208,605498,457763,474832,605509,446334,543063,607776,491676,457705,"55.5471","null","null","null","null","null","null","null",44,"4","4-Seam Fastball",4,3,4,3,3,4,4,3,"Infield shift","Standard"
"SL","2018-05-28","89.6","2.0239","6.5924","Andrew Suarez",471865,605498,"null","ball",,,,,"13","null","R","L","L","COL","SF","B","null","null",0,2,2018,"-0.0528","0.2843","-1.5915","0.4682","null","null","null",2,5,"Bot","null","null",,,457763,,"180529_013401","-8.5882","-129.9999","-9.5541","0.7927","20.7937","-27.7343","3.5504","1.8559","null","null","null","88.1170","2125","5.0050",530208,605498,457763,474832,605509,446334,543063,607776,491676,457705,"55.4971","null","null","null","null","null","null","null",44,"3","Slider",4,3,4,3,3,4,4,3,"Infield shift","Standard"
"FF","2018-05-28","91.1","2.3468","6.6011","Andrew Suarez",471865,605498,"null","called_strike",,,,,"8","null","R","L","L","COL","SF","S","null","null",0,0,2018,"0.9380","0.7720","0.2280","1.5675","null","null","null",2,5,"Bot","null","null",,,457763,,"180529_013324","-7.0440","-132.2166","-8.1812","11.8894","23.3996","-22.2019","3.5962","1.6781","null","null","null","89.4490","1979","5.0440",530208,605498,457763,474832,605509,446334,543063,607776,491676,457705,"55.4582","null","null","null","null","null","null","null",44,"1","4-Seam Fastball",4,3,4,3,3,4,4,3,"Infield shift","Standard"
"FF","2018-05-28","91.5","2.2024","6.4494","Andrew Suarez",596115,605498,"strikeout","called_strike",,,,,"7","Trevor Story called out on strikes.  ","R","R","L","COL","SF","S",2,"null",3,2,2018,"0.4427","1.0905","-0.7160","1.6544","null","null","null",1,5,"Bot","null","null",,,457763,,"180529_013245","-8.0809","-132.7754","-8.3559","6.5051","23.1083","-18.3811","3.4643","1.6938","null","null","null","90.1440","1892","5.2030",530208,605498,457763,474832,605509,446334,543063,607776,491676,457705,"55.2987","null","null","0.00",1,0,0,"null",43,"7","4-Seam Fastball",4,3,4,3,3,4,4,3,"Infield shift","Standard"
"FF","2018-05-28","91.4","2.1679","6.5700","Andrew Suarez",596115,605498,"null","ball",,,,,"12","null","R","R","L","COL","SF","B","null","null",2,2,2018,"0.5522","1.2078","0.2153","3.9017","null","null","null",1,5,"Bot","null","null",,,457763,,"180529_013159","-5.9192","-133.0495","-3.4057","7.3408","21.1188","-17.8386","3.5202","1.5260","null","null","null","90.4540","1941","5.1220",530208,605498,457763,474832,605509,446334,543063,607776,491676,457705,"55.3798","null","null","null","null","null","null","null",43,"5","4-Seam Fastball",4,3,4,3,3,4,4,3,"Infield shift","Standard"
"CH","2018-05-28","85.7","2.6668","6.4390","Andrew Suarez",596115,605498,"null","ball",,,,,"12","null","R","R","L","COL","SF","B","null","null",1,1,2018,"0.7867","0.8237","1.6090","3.4517","null","null","null",1,5,"Bot","null","null",,,457763,,"180529_013114","-3.9433","-124.6872","-2.4454","8.6628","20.8819","-23.6107","3.4084","1.6938","null","null","null","84.7090","1626","5.2840",530208,605498,457763,474832,605509,446334,543063,607776,491676,457705,"55.2176","null","null","null","null","null","null","null",43,"3","Changeup",4,3,4,3,3,4,4,3,"Infield shift","Standard"
"FF","2018-05-28","91.5","2.3553","6.5521","Andrew Suarez",596115,605498,"null","ball",,,,,"14","null","R","R","L","COL","SF","B","null","null",0,1,2018,"1.0184","0.8492","2.0579","2.2244","null","null","null",1,5,"Bot","null","null",,,457763,,"180529_013055","-2.7424","-132.9234","-6.6437","12.0859","25.2997","-21.5251","3.5761","1.5820","null","null","null","89.4530","1988","4.8730",530208,605498,457763,474832,605509,446334,543063,607776,491676,457705,"55.6291","null","null","null","null","null","null","null",43,"2","4-Seam Fastball",4,3,4,3,3,4,4,3,"Infield shift","Standard"
"CU","2018-05-28","77.1","2.6420","6.5655","Andrew Suarez",571448,605498,"null","ball",,,,,"12","null","R","R","L","COL","SF","B","null","null",0,0,2018,"-0.3224","-0.7472","1.6118","2.5974","null","null","null",0,5,"Bot","null","null",,,457763,,"180529_012934","-1.5904","-112.2065","-0.3559","-2.3373","16.6810","-38.3480","3.4756","1.5160","null","null","null","75.0040","2402","4.3450",530208,605498,457763,474832,605509,446334,543063,607776,491676,457705,"56.1564","null","null","null","null","null","null","null",42,"1","Curveball",4,3,4,3,3,4,4,3,"Infield shift","Strategic"
"SL","2018-05-28","87.2","-1.6273","5.9323","Chad Bettis",457763,518452,"null","ball",,,,,"12","null","R","R","R","COL","SF","B","null","null",0,0,2018,"0.2965","0.3680","1.0573","2.8188","null","null","null",2,5,"Top","null","null",,,455104,,"180529_012631","5.7941","-127.0145","-2.1651","2.2173","20.9293","-28.0831","3.6678","1.6479","null","null","null","86.9070","2093","5.6190",530208,518452,455104,435622,641857,571448,596115,571595,453568,471865,"54.8831","null","null","null","null","null","null","null",41,"1","Slider",4,3,3,4,3,4,3,4,"Standard","Standard"
"FF","2018-05-28","89.3","-1.3906","6.1201","Chad Bettis",491676,518452,"null","called_strike",,,,,"12","null","R","R","R","COL","SF","S","null","null",0,0,2018,"-0.2515","0.8792","0.9217","3.0496","null","null","null",0,5,"Top","null","null",,,455104,,"180529_012451","6.1407","-129.9740","-3.4050","-3.9067","23.0109","-21.9252","3.3907","1.5832","null","null","null","88.9430","1906","5.7130",530208,518452,455104,435622,641857,571448,596115,571595,453568,471865,"54.7888","null","null","null","null","null","null","null",39,"1","4-Seam Fastball",4,3,3,4,3,4,3,4,"Standard","Standard"
"FF","2018-05-28","92.1","2.5178","6.5706","Andrew Suarez",571595,605498,"null","ball",,,,,"12","null","R","R","L","COL","SF","B","null","null",0,0,2018,"0.8452","0.7820","0.8454","3.7394","null","null","null",2,4,"Bot","null","null",,,457763,,"180529_012200","-5.7689","-133.8744","-2.9237","10.7506","25.3500","-22.9503","3.2749","1.5150","null","null","null","89.7270","1946","4.6190",530208,605498,457763,474832,605509,446334,543063,607776,491676,457705,"55.8833","null","null","null","null","null","null","null",38,"1","4-Seam Fastball",4,3,4,3,3,4,4,3,"Strategic","Standard"
"SL","2018-05-28","89.3","2.0173","6.5137","Andrew Suarez",453568,605498,"strikeout","called_strike",,,,,"7","Charlie Blackmon called out on strikes.  ","R","L","L","COL","SF","S",2,"null",0,2,2018,"-0.2771","0.3658","-0.6346","1.5440","null","null","null",1,4,"Bot","null","null",,,457763,,"180529_012123","-5.8378","-129.7146","-6.8687","-1.9842","23.3271","-27.1701","3.3079","1.5776","null","null","null","87.8710","2193","5.1820",530208,605498,457763,474832,605509,446334,543063,607776,491676,457705,"55.3203","null","null","0.00",1,0,0,"null",37,"3","Slider",4,3,4,3,3,4,4,3,"Standard","Standard"
"SL","2018-05-28","90.0","2.1511","6.5548","Andrew Suarez",453568,605498,"null","called_strike",,,,,"7","null","R","L","L","COL","SF","S","null","null",0,1,2018,"-0.3950","0.5064","-0.5420","1.4518","null","null","null",1,4,"Bot","null","null",,,457763,,"180529_012054","-5.7481","-130.8318","-7.6311","-3.3906","22.8801","-25.4361","3.3079","1.5217","null","null","null","88.5910","2192","5.0910",530208,605498,457763,474832,605509,446334,543063,607776,491676,457705,"55.4113","null","null","null","null","null","null","null",37,"2","Slider",4,3,4,3,3,4,4,3,"Standard","Standard"
"SL","2018-05-28","89.3","2.1921","6.5310","Andrew Suarez",453568,605498,"null","called_strike",,,,,"8","null","R","L","L","COL","SF","S","null","null",0,0,2018,"-0.1972","0.2555","0.0323","1.5646","null","null","null",1,4,"Bot","null","null",,,457763,,"180529_012039","-4.8087","-129.7765","-6.6614","-1.3239","22.6010","-28.4447","3.3638","1.4657","null","null","null","87.9220","2239","5.1270",530208,605498,457763,474832,605509,446334,543063,607776,491676,457705,"55.3751","null","null","null","null","null","null","null",37,"1","Slider",4,3,4,3,3,4,4,3,"Standard","Standard"
"FF","2018-05-28","91.0","2.5605","6.5869","Andrew Suarez",518452,605498,"null","called_strike",,,,,"9","null","R","R","L","COL","SF","S","null","null",2,1,2018,"0.9439","0.7728","0.8028","1.6746","null","null","null",0,4,"Bot","null","null",,,457763,,"180529_011930","-6.0894","-132.1391","-7.8076","11.6062","22.7448","-22.4306","3.5057","1.6178","null","null","null","88.8020","1861","4.6190",530208,605498,457763,474832,605509,446334,543063,607776,491676,457705,"55.8825","null","null","null","null","null","null","null",36,"4","4-Seam Fastball",4,3,4,3,3,4,4,3,"Standard","Standard"
"FF","2018-05-28","90.8","2.5111","6.4730","Andrew Suarez",518452,605498,"null","called_strike",,,,,"9","null","R","R","L","COL","SF","S","null","null",2,0,2018,"0.8462","1.1490","0.3081","1.7083","null","null","null",0,4,"Bot","null","null",,,457763,,"180529_011917","-7.0297","-131.8108","-8.1961","10.7475","23.0350","-18.0511","3.3939","1.5619","null","null","null","89.0680","1962","4.9590",530208,605498,457763,474832,605509,446334,543063,607776,491676,457705,"55.5425","null","null","null","null","null","null","null",36,"3","4-Seam Fastball",4,3,4,3,3,4,4,3,"Standard","Standard"
"FF","2018-05-28","91.2","2.5870","6.5220","Andrew Suarez",518452,605498,"null","ball",,,,,"14","null","R","R","L","COL","SF","B","null","null",1,0,2018,"0.9648","0.7939","1.7287","1.4402","null","null","null",0,4,"Bot","null","null",,,457763,,"180529_011905","-3.9683","-132.4831","-8.3158","11.5590","23.2548","-22.0228","3.3123","1.4959","null","null","null","89.0900","1904","4.6850",530208,605498,457763,474832,605509,446334,543063,607776,491676,457705,"55.8169","null","null","null","null","null","null","null",36,"2","4-Seam Fastball",4,3,4,3,3,4,4,3,"Standard","Standard"
"FF","2018-05-28","91.6","2.7765","6.6007","Andrew Suarez",518452,605498,"null","ball",,,,,"13","null","R","R","L","COL","SF","B","null","null",0,0,2018,"0.9848","0.8787","-0.3281","0.9290","null","null","null",0,4,"Bot","null","null",,,457763,,"180529_011853","-9.4406","-132.6151","-9.8971","12.6939","23.2061","-20.8446","3.5918","1.7196","null","null","null","88.8930","2104","4.4970",530208,605498,457763,474832,605509,446334,543063,607776,491676,457705,"56.0053","null","null","null","null","null","null","null",36,"1","4-Seam Fastball",4,3,4,3,3,4,4,3,"Standard","Standard"
"FF","2018-05-28","90.1","-1.4891","5.9430","Chad Bettis",605498,518452,"null","ball",,,,,"14","null","R","L","R","COL","SF","B","null","null",1,1,2018,"-0.1101","1.0842","1.2245","2.2492","null","null","605509.00",2,4,"Top","null","null",,,455104,,"180529_011534","6.8777","-131.0857","-5.4969","-2.4041","21.8817","-19.0825","3.5138","1.6285","null","null","null","89.7590","1892","5.6270",530208,518452,455104,435622,641857,571448,596115,571595,453568,471865,"54.8743","null","null","null","null","null","null","null",35,"3","4-Seam Fastball",4,3,3,4,3,4,3,4,"Standard","Standard"
"FF","2018-05-28","88.4","-1.6594","5.9935","Chad Bettis",605498,518452,"null","called_strike",,,,,"7","null","R","L","R","COL","SF","S","null","null",1,0,2018,"-0.0017","1.0358","-0.4954","2.0133","null","null","605509.00",2,4,"Top","null","null",,,455104,,"180529_011516","2.8022","-128.7770","-5.7690","-0.4810","21.2460","-20.0626","3.5697","1.6844","null","null","null","88.0030","1900","5.5280",530208,518452,455104,435622,641857,571448,596115,571595,453568,471865,"54.9740","null","null","null","null","null","null","null",35,"2","4-Seam Fastball",4,3,3,4,3,4,3,4,"Standard","Standard"
"CU","2018-05-28","74.2","-1.6617","6.0647","Chad Bettis",605498,518452,"null","ball",,,,,"7","null","R","L","R","COL","SF","B","null","null",0,0,2018,"0.6360","-0.2059","-0.4629","1.5916","null","null","605509.00",2,4,"Top","null","null",,,455104,,"180529_011456","1.3661","-108.0408","-1.6983","4.6427","15.0086","-33.7265","3.4942","1.6692","null","null","null","73.2100","2160","5.0620",530208,518452,455104,435622,641857,571448,596115,571595,453568,471865,"55.4399","null","null","null","null","null","null","null",35,"1","Curveball",4,3,3,4,3,4,3,4,"Standard","Standard"
"CH","2018-05-28","85.0","-1.6786","5.8901","Chad Bettis",543063,518452,"null","ball",,,,,"14","null","R","L","R","COL","SF","B","null","null",1,1,2018,"-0.7849","0.2636","0.9423","0.5864","null","null","null",0,4,"Top","null","null",,,455104,,"180529_011229","7.6012","-123.5264","-6.6847","-9.1871","18.8609","-28.6426","3.5069","1.5776","null","null","null","84.9860","1522","5.8400",530208,518452,455104,435622,641857,571448,596115,571595,453568,471865,"54.6614","null","null","null","null","null","null","null",32,"3","Changeup",4,3,3,4,3,4,3,4,"Standard","Standard"
"CH","2018-05-28","87.4","-1.7577","6.0423","Chad Bettis",543063,518452,"null","ball",,,,,"11","null","R","L","R","COL","SF","B","null","null",0,1,2018,"-0.3114","0.8702","-1.6920","3.2520","null","null","null",0,4,"Top","null","null",,,455104,,"180529_011216","0.7710","-127.3953","-2.4347","-3.4798","20.7557","-22.6036","3.5069","1.5776","null","null","null","87.2040","1840","5.6170",530208,518452,455104,435622,641857,571448,596115,571595,453568,471865,"54.8850","null","null","null","null","null","null","null",32,"2","Changeup",4,3,3,4,3,4,3,4,"Standard","Standard"
"SL","2018-05-28","88.3","2.1467","6.6132","Andrew Suarez",641857,605498,"strikeout","called_strike",,,,,"7","Ryan McMahon called out on strikes.  ","R","L","L","COL","SF","S",2,"null",0,2,2018,"-0.2032","0.2462","-0.7940","2.0231","null","471865.00","435622.00",2,3,"Bot","null","null",,,457763,,"180529_010915","-6.6035","-128.3683","-5.5753","-1.1111","20.9061","-28.8359","3.5544","1.6268","null","null","null","87.1250","2202","5.1290",530208,605498,457763,474832,605509,446334,543063,607776,491676,457705,"55.3724","null","null","0.00",1,0,0,"null",31,"3","Slider",4,3,4,3,3,4,4,3,"Standard","Standard"
"FF","2018-05-28","92.5","2.2254","6.5628","Andrew Suarez",641857,605498,"null","called_strike",,,,,"4","null","R","L","L","COL","SF","S","null","null",0,1,2018,"0.3337","1.0472","-0.4272","2.7115","null","471865.00","435622.00",2,3,"Bot","null","null",,,457763,,"180529_010855","-7.3084","-134.4717","-6.2024","5.1637","22.0295","-18.9141","3.6662","1.7387","null","null","null","91.6000","1862","5.2650",530208,605498,457763,474832,605509,446334,543063,607776,491676,457705,"55.2369","null","null","null","null","null","null","null",31,"2","4-Seam Fastball",4,3,4,3,3,4,4,3,"Standard","Standard"
"FF","2018-05-28","92.2","2.4373","6.5474","Andrew Suarez",455104,605498,"null","ball",,,,,"14","null","R","R","L","COL","SF","B","null","null",1,2,2018,"0.6093","1.2673","1.7030","2.3006","null","471865.00","435622.00",1,3,"Bot","null","null",,,457763,,"180529_010736","-3.0475","-134.0728","-7.4825","7.6598","24.9311","-16.2731","3.2476","1.5418","null","null","null","90.5940","2000","5.0400",530208,605498,457763,474832,605509,446334,543063,607776,491676,457705,"55.4615","null","null","null","null","null","null","null",30,"4","4-Seam Fastball",4,3,4,3,3,4,4,3,"Standard","Standard"
"FF","2018-05-28","91.8","2.4740","6.5873","Andrew Suarez",455104,605498,"null","called_strike",,,,,"14","null","R","R","L","COL","SF","S","null","null",1,1,2018,"0.6602","0.9219","1.0076","2.2003","null","471865.00","435622.00",1,3,"Bot","null","null",,,457763,,"180529_010710","-4.9085","-133.4025","-7.0317","8.4294","23.0560","-20.6093","3.1922","1.6440","null","null","null","89.9830","2067","4.8180",530208,605498,457763,474832,605509,446334,543063,607776,491676,457705,"55.6834","null","null","null","null","null","null","null",30,"3","4-Seam Fastball",4,3,4,3,3,4,4,3,"Standard","Standard"
"CH","2018-05-28","85.4","2.7057","6.3940","Andrew Suarez",455104,605498,"null","ball",,,,,"12","null","R","R","L","COL","SF","B","null","null",0,1,2018,"0.8062","0.5421","1.4454","2.9657","null","471865.00","435622.00",1,3,"Bot","null","null",,,457763,,"180529_010649","-4.3834","-124.2261","-2.8726","8.7629","19.8195","-26.5223","3.3035","1.6536","null","null","null","83.9930","1738","4.9370",530208,605498,457763,474832,605509,446334,543063,607776,491676,457705,"55.5651","null","null","null","null","null","null","null",30,"2","Changeup",4,3,4,3,3,4,4,3,"Standard","Standard"
"CH","2018-05-28","85.7","2.6467","6.4326","Andrew Suarez",455104,605498,"null","called_strike",,,,,"3","null","R","R","L","COL","SF","S","null","null",0,0,2018,"0.8755","0.5125","0.4753","2.7420","null","471865.00","435622.00",1,3,"Bot","null","null",,,457763,,"180529_010617","-6.6749","-124.6779","-3.4914","9.9770","20.2235","-26.6230","3.3035","1.4758","null","null","null","84.6570","1726","5.1970",530208,605498,457763,474832,605509,446334,543063,607776,491676,457705,"55.3045","null","null","null","null","null","null","null",30,"1","Changeup",4,3,4,3,3,4,4,3,"Standard","Standard"
"FF","2018-05-28","92.0","2.4165","6.5874","Andrew Suarez",435622,605498,"null","ball",,,,,"14","null","R","R","L","COL","SF","B","null","null",2,1,2018,"0.8370","0.9554","0.0768","1.1173","596115.00","null","471865.00",1,3,"Bot","null","null",,,457763,,"180529_010451","-7.5008","-133.5547","-9.8919","11.0698","22.9141","-19.5258","3.3738","1.3796","null","null","null","90.8140","1986","5.2550",530208,605498,457763,474832,605509,446334,543063,607776,491676,457705,"55.2467","null","null","null","null","null","null","null",29,"4","4-Seam Fastball",3,3,3,3,3,3,3,3,"Standard","Standard"
"FF","2018-05-28","92.3","2.4007","6.5162","Andrew Suarez",435622,605498,"null","ball",,,,,"13","null","R","R","L","COL","SF","B","null","null",0,0,2018,"0.6216","1.1965","-1.2660","2.0790","596115.00","null","471865.00",1,3,"Bot","null","null",,,457763,,"180529_010337","-10.3792","-133.9393","-7.8788","9.0401","22.2799","-16.9974","3.5415","1.3796","null","null","null","91.1200","2083","5.2250",530208,605498,457763,474832,605509,446334,543063,607776,491676,457705,"55.2767","null","null","null","null","null","null","null",29,"1","4-Seam Fastball",3,3,3,3,3,3,3,3,"Standard","Standard"
"FF","2018-05-28","92.2","2.2753","6.5947","Andrew Suarez",471865,605498,"null","ball",,,,,"14","null","R","L","L","COL","SF","B","null","null",0,1,2018,"0.7788","0.9866","1.7844","2.4065","null","null","596115.00",1,3,"Bot","null","null",,,457763,,"180529_010225","-2.7745","-134.0048","-6.7512","9.5488","24.7716","-19.7242","3.6063","1.5763","null","null","null","90.4390","1841","4.9620",530208,605498,457763,474832,605509,446334,543063,607776,491676,457705,"55.5395","null","null","null","null","null","null","null",28,"2","4-Seam Fastball",3,3,3,3,3,3,3,3,"Infield shift","Standard"
"FF","2018-05-28","91.5","2.4982","6.5136","Andrew Suarez",471865,605498,"null","called_strike",,,,,"9","null","R","L","L","COL","SF","S","null","null",0,0,2018,"0.8035","0.8651","0.6324","1.8174","null","null","596115.00",1,3,"Bot","null","null",,,457763,,"180529_010206","-6.2152","-132.9846","-7.6850","10.3517","23.0197","-21.0793","3.6521","1.6781","null","null","null","90.2460","2054","5.1660",530208,605498,457763,474832,605509,446334,543063,607776,491676,457705,"55.3355","null","null","null","null","null","null","null",28,"1","4-Seam Fastball",3,3,3,3,3,3,3,3,"Infield shift","Standard"
"SL","2018-05-28","89.0","2.3249","6.4813","Andrew Suarez",596115,605498,"null","ball",,,,,"13","null","R","R","L","COL","SF","B","null","null",2,2,2018,"-0.3914","0.3817","-0.5246","0.7791","null","null","null",1,3,"Bot","null","null",,,457763,,"180529_010055","-6.0638","-129.2180","-8.6029","-3.2274","22.0217","-26.7784","3.5761","1.5820","null","null","null","87.6310","2091","5.1520",530208,605498,457763,474832,605509,446334,543063,607776,491676,457705,"55.3499","null","null","null","null","null","null","null",27,"5","Slider",3,3,3,3,3,3,3,3,"Infield shift","Standard"
"FF","2018-05-28","92.8","2.1845","6.5656","Andrew Suarez",596115,605498,"null","ball",,,,,"11","null","R","R","L","COL","SF","B","null","null",1,2,2018,"0.6890","1.1132","-0.0183","3.8752","null","null","null",1,3,"Bot","null","null",,,457763,,"180529_010035","-6.8299","-134.6710","-3.3053","9.3473","27.0357","-18.8991","3.5761","1.7497","null","null","null","90.2960","2032","4.7440",530208,605498,457763,474832,605509,446334,543063,607776,491676,457705,"55.7574","null","null","null","null","null","null","null",27,"4","4-Seam Fastball",3,3,3,3,3,3,3,3,"Infield shift","Standard"
"FF","2018-05-28","91.5","2.7387","6.4930","Andrew Suarez",596115,605498,"null","ball",,,,,"12","null","R","R","L","COL","SF","B","null","null",0,0,2018,"0.7704","0.5694","2.1079","2.8985","null","null","null",1,3,"Bot","null","null",,,457763,,"180529_005941","-3.0632","-133.0897","-4.2969","9.3267","25.6849","-25.1536","3.5202","1.6938","null","null","null","89.3820","1924","4.7820",530208,605498,457763,474832,605509,446334,543063,607776,491676,457705,"55.7203","null","null","null","null","null","null","null",27,"1","4-Seam Fastball",3,3,3,3,3,3,3,3,"Infield shift","Standard"
"CH","2018-05-28","84.9","2.6989","6.4377","Andrew Suarez",571448,605498,"null","ball",,,,,"12","null","R","R","L","COL","SF","B","null","null",0,0,2018,"0.8154","0.6432","0.8064","3.5042","null","null","null",0,3,"Bot","null","null",,,457763,,"180529_005845","-5.8305","-123.4801","-1.8287","9.0242","20.3365","-25.7461","3.3638","1.7397","null","null","null","83.5140","1651","5.0210",530208,605498,457763,474832,605509,446334,543063,607776,491676,457705,"55.4811","null","null","null","null","null","null","null",26,"1","Changeup",3,3,3,3,3,3,3,3,"Infield shift","Strategic"
"FF","2018-05-28","91.6","-1.4581","5.7899","Chad Bettis",446334,518452,"null","ball",,,,,"12","null","R","R","R","COL","SF","B","null","null",2,2,2018,"-0.5167","0.8856","1.2361","4.2295","457705.00","null","null",2,3,"Top","null","null",,,455104,,"180529_005553","7.7797","-133.3013","-0.0423","-7.4325","23.1295","-21.9455","3.7156","1.6008","null","null","null","91.1580","1906","5.5940",530208,518452,455104,435622,641857,571448,596115,571595,453568,471865,"54.9083","null","null","null","null","null","null","null",25,"5","4-Seam Fastball",3,3,3,3,3,3,3,3,"Standard","Standard"
"CH","2018-05-28","85.8","-1.6484","5.8157","Chad Bettis",446334,518452,"null","ball",,,,,"11","null","R","R","R","COL","SF","B","null","null",0,1,2018,"-0.5064","0.8718","-1.0109","4.1932","457705.00","null","null",2,3,"Top","null","null",,,455104,,"180529_005441","2.4715","-124.8989","0.6154","-5.6507","21.9237","-23.5193","3.7156","1.7686","null","null","null","85.2590","1464","5.6340",530208,518452,455104,435622,641857,571448,596115,571595,453568,471865,"54.8675","null","null","null","null","null","null","null",25,"2","Changeup",3,3,3,3,3,3,3,3,"Standard","Standard"
"CH","2018-05-28","86.8","-1.5839","5.8341","Chad Bettis",446334,518452,"null","called_strike",,,,,"7","null","R","R","R","COL","SF","S","null","null",0,0,2018,"-0.5504","0.1450","-0.2883","2.2314","457705.00","null","null",2,3,"Top","null","null",,,455104,,"180529_005424","4.1536","-126.4193","-2.8220","-6.5376","20.8296","-30.3665","3.7357","1.6567","null","null","null","86.6460","1298","5.7200",530208,518452,455104,435622,641857,571448,596115,571595,453568,471865,"54.7818","null","null","null","null","null","null","null",25,"1","Changeup",3,3,3,3,3,3,3,3,"Standard","Standard"
"FF","2018-05-28","88.5","-1.5885","5.9405","Chad Bettis",457763,518452,"null","called_strike",,,,,"14","null","R","R","R","COL","SF","S","null","null",3,0,2018,"-0.1182","0.9373","0.8370","1.8087","null","null","457705.00",0,3,"Top","null","null",,,455104,,"180529_005214","6.0988","-128.7809","-5.9637","-2.3564","22.1900","-20.9966","3.6320","1.5920","null","null","null","88.2980","1878","5.7880",530208,518452,455104,435622,641857,571448,596115,571595,453568,471865,"54.7140","null","null","null","null","null","null","null",23,"4","4-Seam Fastball",3,3,3,3,3,3,3,3,"Standard","Standard"
"FF","2018-05-28","89.7","-1.3859","5.9118","Chad Bettis",457763,518452,"null","ball",,,,,"14","null","R","R","R","COL","SF","B","null","null",2,0,2018,"-0.2943","1.0668","1.5103","1.8214","null","null","457705.00",0,3,"Top","null","null",,,455104,,"180529_005151","7.6940","-130.3895","-6.3600","-4.6725","22.5910","-19.1675","3.6119","1.6479","null","null","null","89.4970","1942","5.8350",530208,518452,455104,435622,641857,571448,596115,571595,453568,471865,"54.6672","null","null","null","null","null","null","null",23,"3","4-Seam Fastball",3,3,3,3,3,3,3,3,"Standard","Standard"
"CU","2018-05-28","73.1","-1.6041","6.1373","Chad Bettis",457705,518452,"null","called_strike",,,,,"1","null","R","R","R","COL","SF","S","null","null",0,0,2018,"0.7516","-0.3677","-0.3592","3.1971","null","null","null",0,3,"Top","null","null",,,455104,,"180529_004950","1.2472","-106.4197","1.8449","5.3905","14.9992","-35.3801","3.5403","1.6681","null","null","null","72.2800","2167","5.2440",530208,518452,455104,435622,641857,571448,596115,571595,453568,471865,"55.2575","null","null","null","null","null","null","null",22,"1","Curveball",3,3,3,3,3,3,3,3,"Standard","Standard"
"FF","2018-05-28","93.1","2.3802","6.5104","Andrew Suarez",571595,605498,"null","ball",,,,,"13","null","R","R","L","COL","SF","B","null","null",0,1,2018,"0.5106","1.1312","-1.4159","2.2189","641857.00","null","null",2,2,"Bot","null","null",,,457763,,"180529_004537","-10.6420","-135.0766","-7.5943","8.0282","23.6619","-17.3945","3.3867","1.6268","null","null","null","92.3060","1976","5.5480",530208,605498,457763,474832,605509,446334,543063,607776,491676,457705,"54.9542","null","null","null","null","null","null","null",20,"2","4-Seam Fastball",3,2,3,2,2,3,3,2,"Standard","Standard"
"CH","2018-05-28","86.3","2.6225","6.3574","Andrew Suarez",571595,605498,"null","called_strike",,,,,"9","null","R","R","L","COL","SF","S","null","null",0,0,2018,"0.5966","0.7880","0.3532","1.8487","641857.00","null","null",2,2,"Bot","null","null",,,457763,,"180529_004517","-6.4244","-125.4017","-5.9786","7.2547","22.2562","-23.2741","3.4426","1.5709","null","null","null","85.0120","1668","5.2620",530208,605498,457763,474832,605509,446334,543063,607776,491676,457705,"55.2397","null","null","null","null","null","null","null",20,"1","Changeup",3,2,3,2,2,3,3,2,"Standard","Standard"
"FF","2018-05-28","92.5","2.2264","6.6239","Andrew Suarez",453568,605498,"null","ball",,,,,"14","null","R","L","L","COL","SF","B","null","null",0,2,2018,"0.6433","1.0796","1.2239","1.8847","null","641857.00","null",1,2,"Bot","null","null",,,457763,,"180529_004417","-3.8407","-134.4503","-8.4823","8.3472","24.5422","-18.0124","3.4096","1.4557","null","null","null","91.5770","2074","5.4470",530208,605498,457763,474832,605509,446334,543063,607776,491676,457705,"55.0549","null","null","null","null","null","null","null",19,"4","4-Seam Fastball",3,2,3,2,2,3,3,2,"Standard","Standard"
"FF","2018-05-28","91.8","2.6059","6.4917","Andrew Suarez",453568,605498,"null","called_strike",,,,,"1","null","R","L","L","COL","SF","S","null","null",0,1,2018,"0.7183","0.9695","-0.4217","2.7938","null","641857.00","null",1,2,"Bot","null","null",,,457763,,"180529_004323","-8.9496","-133.2536","-5.4802","9.9121","23.2161","-20.1658","3.3638","1.5217","null","null","null","90.5760","1950","5.2650",530208,605498,457763,474832,605509,446334,543063,607776,491676,457705,"55.2370","null","null","null","null","null","null","null",19,"2","4-Seam Fastball",3,2,3,2,2,3,3,2,"Standard","Standard"
"FF","2018-05-28","91.9","2.5149","6.5535","Andrew Suarez",518452,605498,"null","ball",,,,,"12","null","R","R","L","COL","SF","B","null","null",1,0,2018,"0.7567","0.7245","1.0871","2.2259","null","null","641857.00",0,2,"Bot","null","null",,,457763,,"180529_004100","-5.0830","-133.7091","-6.6010","9.7490","23.5150","-22.7563","2.9210","1.2163","null","null","null","90.8590","1866","5.2590",530208,605498,457763,474832,605509,446334,543063,607776,491676,457705,"55.2425","null","null","null","null","null","null","null",18,"2","4-Seam Fastball",3,2,3,2,2,3,3,2,"Strategic","Standard"
"FF","2018-05-28","91.7","2.6201","6.5298","Andrew Suarez",518452,605498,"null","ball",,,,,"13","null","R","R","L","COL","SF","B","null","null",0,0,2018,"0.6815","0.8426","-0.2181","1.1429","null","null","641857.00",0,2,"Bot","null","null",,,457763,,"180529_004037","-8.4449","-133.1131","-9.4424","9.4216","22.7542","-20.9017","3.0557","1.5613","null","null","null","90.9030","1911","5.4930",530208,605498,457763,474832,605509,446334,543063,607776,491676,457705,"55.0089","null","null","null","null","null","null","null",18,"1","4-Seam Fastball",3,2,3,2,2,3,3,2,"Strategic","Standard"
"SL","2018-05-28","87.3","2.3990","6.4921","Andrew Suarez",641857,605498,"null","ball",,,,,"13","null","R","L","L","COL","SF","B","null","null",0,1,2018,"-0.2271","0.2956","-0.2172","0.8684","null","null","null",0,2,"Bot","null","null",,,457763,,"180529_003948","-5.7000","-126.7632","-7.8448","-1.4170","21.1074","-28.0203","3.6662","1.6828","null","null","null","85.7250","2174","4.9870",530208,605498,457763,474832,605509,446334,543063,607776,491676,457705,"55.5147","null","null","null","null","null","null","null",17,"2","Slider",3,2,3,2,2,3,3,2,"Standard","Standard"
"FF","2018-05-28","92.3","2.4359","6.4936","Andrew Suarez",641857,605498,"null","called_strike",,,,,"4","null","R","L","L","COL","SF","S","null","null",0,0,2018,"0.7373","1.0258","-0.6770","2.2270","null","null","null",0,2,"Bot","null","null",,,457763,,"180529_003933","-9.2075","-134.0375","-7.0879","10.1835","22.5384","-19.1856","3.6662","1.5150","null","null","null","90.9060","1958","5.0690",530208,605498,457763,474832,605509,446334,543063,607776,491676,457705,"55.4325","null","null","null","null","null","null","null",17,"1","4-Seam Fastball",3,2,3,2,2,3,3,2,"Standard","Standard"
"SL","2018-05-28","84.2","-1.8157","5.9529","Chad Bettis",605498,518452,"null","ball",,,,,"13","null","R","L","R","COL","SF","B","null","null",0,2,2018,"0.4158","0.2660","-1.6621","2.0230","null","null","null",2,2,"Top","null","null",,,455104,,"180529_003631","-0.4313","-122.6844","-3.3447","4.1937","19.5862","-29.2119","3.5697","1.6285","null","null","null","83.6720","2136","5.4430",530208,518452,455104,435622,641857,571448,596115,571595,453568,471865,"55.0584","null","null","null","null","null","null","null",16,"3","Slider",3,2,2,3,2,3,2,3,"Standard","Standard"
"CU","2018-05-28","75.6","-1.6165","6.1480","Chad Bettis",605498,518452,"null","called_strike",,,,,"4","null","R","L","R","COL","SF","S","null","null",0,1,2018,"0.7520","-0.5135","-0.4087","2.3684","null","null","null",2,2,"Top","null","null",,,455104,,"180529_003621","1.2267","-110.1010","-0.0948","5.7082","15.3235","-36.4077","3.5697","1.5725","null","null","null","74.2530","2271","4.7670",530208,518452,455104,435622,641857,571448,596115,571595,453568,471865,"55.7351","null","null","null","null","null","null","null",16,"2","Curveball",3,2,2,3,2,3,2,3,"Standard","Standard"
"FF","2018-05-28","88.9","-1.5969","6.1289","Chad Bettis",605498,518452,"null","called_strike",,,,,"7","null","R","L","R","COL","SF","S","null","null",0,0,2018,"-0.3290","0.9977","-0.7651","1.8250","null","null","null",2,2,"Top","null","null",,,455104,,"180529_003611","2.6727","-129.4317","-6.5909","-4.0940","20.8962","-20.1984","3.5138","1.6844","null","null","null","88.6600","1924","5.6140",530208,518452,455104,435622,641857,571448,596115,571595,453568,471865,"54.8880","null","null","null","null","null","null","null",16,"1","4-Seam Fastball",3,2,2,3,2,3,2,3,"Standard","Standard"
"FF","2018-05-28","89.6","-1.4097","6.0261","Chad Bettis",605509,518452,"null","called_strike",,,,,"9","null","R","R","R","COL","SF","S","null","null",0,0,2018,"-0.3939","0.7799","0.3134","2.0893","null","null","null",1,2,"Top","null","null",,,455104,,"180529_003519","5.0324","-130.5199","-5.4577","-5.2982","20.5430","-22.5725","3.5874","1.6536","null","null","null","89.8970","1689","5.8610",530208,518452,455104,435622,641857,571448,596115,571595,453568,471865,"54.6411","null","null","null","null","null","null","null",15,"1","4-Seam Fastball",3,2,2,3,2,3,2,3,"Standard","Standard"
"CH","2018-05-28","86.5","-1.6767","5.9621","Chad Bettis",607776,518452,"null","ball",,,,,"13","null","R","R","R","COL","SF","B","null","null",1,2,2018,"-0.5435","0.2889","-0.2498","1.1931","null","null","null",0,2,"Top","null","null",,,455104,,"180529_003420","4.4555","-125.9927","-5.8383","-6.4938","20.1336","-28.3566","3.6678","1.5260","null","null","null","86.6740","1237","5.8780",530208,518452,455104,435622,641857,571448,596115,571595,453568,471865,"54.6241","null","null","null","null","null","null","null",14,"4","Changeup",3,2,2,3,2,3,2,3,"Infield shift","Standard"
"FF","2018-05-28","90.1","-1.2981","5.9764","Chad Bettis",607776,518452,"null","ball",,,,,"14","null","R","R","R","COL","SF","B","null","null",0,1,2018,"-0.2968","1.0650","1.1160","2.5353","null","null","null",0,2,"Top","null","null",,,455104,,"180529_011003","6.5495","-131.0945","-4.8373","-4.5697","23.5225","-19.3333","3.7237","1.6379","null","null","null","89.8410","1938","5.8030",530208,518452,455104,435622,641857,571448,596115,571595,453568,471865,"54.6992","null","null","null","null","null","null","null",14,"2","4-Seam Fastball",3,2,2,3,2,3,2,3,"Infield shift","Standard"
"FF","2018-05-28","89.3","-1.4391","6.1912","Chad Bettis",607776,518452,"null","called_strike",,,,,"14","null","R","R","R","COL","SF","S","null","null",0,0,2018,"-0.3052","1.0920","0.5988","1.3954","null","null","null",0,2,"Top","null","null",,,455104,,"180529_004735","5.5635","-129.7070","-7.9724","-4.4066","23.5892","-18.7957","3.6286","1.6488","null","null","null","88.5900","2013","5.6610",530208,518452,455104,435622,641857,571448,596115,571595,453568,471865,"54.8408","null","null","null","null","null","null","null",14,"1","4-Seam Fastball",3,2,2,3,2,3,2,3,"Strategic","Standard"
"CU","2018-05-28","79.2","2.6713","6.4828","Andrew Suarez",455104,605498,"null","ball",,,,,"7","null","R","R","L","COL","SF","B","null","null",0,0,2018,"-0.2855","-0.1877","-0.7622","1.8631","null","null","435622.00",2,1,"Bot","null","null",,,457763,,"180529_002925","-6.7727","-115.0189","-2.9871","-1.3744","17.7178","-33.5550","3.4158","1.5981","null","null","null","77.2630","2501","4.6440",530208,605498,457763,474832,605509,446334,543063,607776,491676,457705,"55.8581","null","null","null","null","null","null","null",13,"1","Curveball",3,2,3,2,2,3,3,2,"Standard","Standard"
"FF","2018-05-28","91.6","2.5125","6.4766","Andrew Suarez",435622,605498,"null","called_strike",,,,,"9","null","R","R","L","COL","SF","S","null","null",0,0,2018,"0.8105","0.7678","0.7750","1.6819","null","null","null",2,1,"Bot","null","null",,,457763,,"180529_002758","-5.9040","-133.0566","-7.7153","10.3817","23.7882","-22.1935","3.5258","1.5015","null","null","null","90.0830","1903","5.0910",530208,605498,457763,474832,605509,446334,543063,607776,491676,457705,"55.4107","null","null","null","null","null","null","null",12,"1","4-Seam Fastball",3,2,3,2,2,3,3,2,"Standard","Standard"
"CH","2018-05-28","86.8","2.7019","6.3006","Andrew Suarez",596115,605498,"null","ball",,,,,"13","null","R","R","L","COL","SF","B","null","null",0,1,2018,"0.6084","0.8640","-0.5404","1.3659","null","571595.00","571448.00",1,1,"Bot","null","null",,,457763,,"180529_002550","-8.8489","-126.0617","-7.3464","7.8522","20.1397","-22.0533","3.5202","1.6379","null","null","null","86.4370","1671","5.6950",530208,605498,457763,474832,605509,446334,543063,607776,491676,457705,"54.8066","null","null","null","null","null","null","null",10,"2","Changeup",0,2,0,2,2,0,0,2,"Strategic","Standard"
"FF","2018-05-28","92.1","2.5854","6.4856","Andrew Suarez",571448,605498,"walk","ball",,,,,"14","Nolan Arenado walks.   Noel Cuevas to 2nd.  ","R","R","L","COL","SF","B","null","null",3,0,2018,"0.8166","1.0000","0.0150","0.9867","null","null","571595.00",1,1,"Bot","null","null",,,457763,,"180529_002435","-7.9563","-133.5154","-9.9359","10.8398","24.3035","-19.1085","3.4197","1.5719","null","null","null","90.0460","2066","4.9010",530208,605498,457763,474832,605509,446334,543063,607776,491676,457705,"55.6008","null","null","0.70",1,0,0,"null",9,"4","4-Seam Fastball",0,2,0,2,2,0,0,2,"Infield shift","Standard"
"CU","2018-05-28","76.2","2.5130","6.5175","Andrew Suarez",571448,605498,"null","ball",,,,,"12","null","R","R","L","COL","SF","B","null","null",0,0,2018,"-0.3483","-0.7885","1.7358","4.0256","null","null","571595.00",1,1,"Bot","null","null",,,457763,,"180529_002318","-1.0162","-110.8353","2.9061","-2.5998","16.1553","-39.0630","3.3079","1.5160","null","null","null","74.5800","2400","4.7080",530208,605498,457763,474832,605509,446334,543063,607776,491676,457705,"55.7937","null","null","null","null","null","null","null",9,"1","Curveball",0,2,0,2,2,0,0,2,"Infield shift","Standard"
"FF","2018-05-28","92.4","2.3659","6.4019","Andrew Suarez",453568,605498,"strikeout","called_strike",,,,,"7","Charlie Blackmon called out on strikes.  ","R","L","L","COL","SF","S",2,"null",2,2,2018,"0.5568","1.0960","-0.5203","1.9700","null","null","null",0,1,"Bot","null","null",,,457763,,"180529_002200","-8.2709","-134.2367","-7.6646","7.8479","21.3103","-18.3048","3.4197","1.6335","null","null","null","91.0110","2038","4.9550",530208,605498,457763,474832,605509,446334,543063,607776,491676,457705,"55.5465","null","null","0.00",1,0,0,"null",7,"6","4-Seam Fastball",0,2,0,2,2,0,0,2,"Strategic","Standard"
"FF","2018-05-28","93.0","2.2678","6.5242","Andrew Suarez",453568,605498,"null","ball",,,,,"13","null","R","L","L","COL","SF","B","null","null",1,2,2018,"0.6532","1.2205","-0.6696","1.1872","null","null","null",0,1,"Bot","null","null",,,457763,,"180529_002143","-8.6490","-134.9463","-10.2829","9.1556","21.7729","-16.2264","3.4096","1.5675","null","null","null","91.5650","2058","5.0170",530208,605498,457763,474832,605509,446334,543063,607776,491676,457705,"55.4851","null","null","null","null","null","null","null",7,"5","4-Seam Fastball",0,2,0,2,2,0,0,2,"Strategic","Standard"
"CU","2018-05-28","77.1","2.4610","6.4999","Andrew Suarez",453568,605498,"null","called_strike",,,,,"14","null","R","L","L","COL","SF","S","null","null",1,1,2018,"-0.3934","-0.2966","0.8508","1.7312","null","null","null",0,1,"Bot","null","null",,,457763,,"180529_002104","-2.6688","-112.1102","-2.7155","-2.7705","16.6156","-34.4071","3.4197","1.5776","null","null","null","75.3150","2490","4.6250",530208,605498,457763,474832,605509,446334,543063,607776,491676,457705,"55.8765","null","null","null","null","null","null","null",7,"3","Curveball",0,2,0,2,2,0,0,2,"Standard","Standard"
"SL","2018-05-28","87.9","2.3813","6.5487","Andrew Suarez",453568,605498,"null","ball",,,,,"13","null","R","L","L","COL","SF","B","null","null",0,1,2018,"-0.3702","0.4338","-1.3852","0.4937","null","null","null",0,1,"Bot","null","null",,,457763,,"180529_002046","-8.1870","-127.5585","-9.2770","-2.5872","20.8393","-26.2826","3.4096","1.5675","null","null","null","86.4770","2277","5.0820",530208,605498,457763,474832,605509,446334,543063,607776,491676,457705,"55.4200","null","null","null","null","null","null","null",7,"2","Slider",0,2,0,2,2,0,0,2,"Standard","Standard"
"FF","2018-05-28","92.0","2.7238","6.4843","Andrew Suarez",453568,605498,"null","called_strike",,,,,"4","null","R","L","L","COL","SF","S","null","null",0,0,2018,"0.6755","1.2691","-0.3411","2.5979","null","null","null",0,1,"Bot","null","null",,,457763,,"180529_002032","-8.9378","-133.4546","-6.5145","9.4948","25.3014","-16.5300","3.4197","1.5217","null","null","null","90.2220","2039","5.1150",530208,605498,457763,474832,605509,446334,543063,607776,491676,457705,"55.3870","null","null","null","null","null","null","null",7,"1","4-Seam Fastball",0,2,0,2,2,0,0,2,"Standard","Standard"
"CH","2018-05-28","85.6","-1.6455","5.8731","Chad Bettis",543063,518452,"null","called_strike",,,,,"8","null","R","L","R","COL","SF","S","null","null",1,0,2018,"-0.7175","0.3364","-0.1690","1.9789","null","446334.00","null",2,1,"Top","null","null",,,455104,,"180529_001709","4.8910","-124.6672","-3.7186","-8.2827","19.2049","-28.2476","3.4052","1.5776","null","null","null","86.1050","1339","6.0530",530208,518452,455104,435622,641857,571448,596115,571595,453568,471865,"54.4485","null","null","null","null","null","null","null",6,"2","Changeup",0,2,2,0,2,0,2,0,"Standard","Standard"
"CH","2018-05-28","86.1","-1.6224","5.7834","Chad Bettis",446334,518452,"null","ball",,,,,"11","null","R","R","R","COL","SF","B","null","null",1,1,2018,"-0.8085","0.1808","-1.5329","2.7900","491676.00","null","457763.00",2,1,"Top","null","null",,,455104,,"180529_001524","1.8279","-125.5221","-1.3507","-8.8793","21.0462","-30.2198","3.7156","1.6567","null","null","null","86.5360","1331","6.0870",530208,518452,455104,435622,641857,571448,596115,571595,453568,471865,"54.4149","null","null","null","null","null","null","null",5,"3","Changeup",0,0,0,0,0,0,0,0,"Standard","Standard"
"FF","2018-05-28","90.3","-1.5022","5.9647","Chad Bettis",446334,518452,"null","ball",,,,,"11","null","R","R","R","COL","SF","B","null","null",0,1,2018,"-0.2174","1.1242","-1.3270","2.7257","491676.00","null","457763.00",2,1,"Top","null","null",,,455104,,"180529_001503","0.8772","-131.4683","-4.4966","-2.6510","23.5477","-18.6815","3.7156","1.6567","null","null","null","89.9790","1956","5.7220",530208,518452,455104,435622,641857,571448,596115,571595,453568,471865,"54.7802","null","null","null","null","null","null","null",5,"2","4-Seam Fastball",0,0,0,0,0,0,0,0,"Standard","Standard"
"CH","2018-05-28","86.1","-1.5048","5.8419","Chad Bettis",474832,518452,"null","ball",,,,,"7","null","R","L","R","COL","SF","B","null","null",0,1,2018,"-0.7562","0.2417","-0.3030","1.5585","491676.00","null","457763.00",1,1,"Top","null","null",,,455104,,"180529_001224","4.2799","-125.4231","-4.5195","-8.5504","18.7251","-29.1595","3.1218","1.5847","null","null","null","85.9580","1518","5.5650",530208,518452,455104,435622,641857,571448,596115,571595,453568,471865,"54.9364","null","null","null","null","null","null","null",4,"2","Changeup",0,0,0,0,0,0,0,0,"Standard","Standard"
"SL","2018-05-28","85.2","-1.4599","5.8957","Chad Bettis",457763,518452,"null","ball",,,,,"14","null","R","R","R","COL","SF","B","null","null",1,1,2018,"0.2339","0.5002","1.0472","0.9487","null","null","491676.00",1,1,"Top","null","null",,,455104,,"180529_001047","5.3715","-124.0252","-6.3786","1.5987","18.5244","-26.2729","3.3324","1.4243","null","null","null","85.1460","2115","5.6790",530208,518452,455104,435622,641857,571448,596115,571595,453568,471865,"54.8229","null","null","null","null","null","null","null",3,"3","Slider",0,0,0,0,0,0,0,0,"Standard","Standard"
"FF","2018-05-28","90.1","-1.1891","5.9867","Chad Bettis",457763,518452,"null","ball",,,,,"14","null","R","R","R","COL","SF","B","null","null",0,1,2018,"-0.2252","1.0449","0.9387","1.1622","null","null","491676.00",1,1,"Top","null","null",,,455104,,"180529_001026","5.7266","-131.0772","-8.2933","-3.5396","21.2511","-18.8886","3.6119","1.5920","null","null","null","90.5130","2069","6.0430",530208,518452,455104,435622,641857,571448,596115,571595,453568,471865,"54.4584","null","null","null","null","null","null","null",3,"2","4-Seam Fastball",0,0,0,0,0,0,0,0,"Standard","Standard"
"SL","2018-05-28","86.6","-1.5898","5.8938","Chad Bettis",457705,518452,"null","ball",,,,,"14","null","R","R","R","COL","SF","B","null","null",0,2,2018,"0.4844","0.4861","1.0542","2.1217","null","null","491676.00",0,1,"Top","null","null",,,455104,,"180529_000833","5.2884","-126.1122","-3.8460","4.2378","20.6732","-26.6252","3.4844","1.5003","null","null","null","86.2450","2208","5.5940",530208,518452,455104,435622,641857,571448,596115,571595,453568,471865,"54.9083","null","null","null","null","null","null","null",2,"3","Slider",0,0,0,0,0,0,0,0,"Standard","Standard"
"FF","2018-05-28","88.8","-1.4417","6.0802","Chad Bettis",491676,518452,"null","called_strike",,,,,"9","null","R","R","R","COL","SF","S","null","null",0,0,2018,"-0.2903","0.9140","0.4357","2.0134","null","null","null",0,1,"Top","null","null",,,455104,,"180529_000519","5.1267","-129.1643","-5.7818","-4.1267","23.1379","-21.2487","3.3828","1.4517","null","null","null","88.3170","1967","5.7020",530208,518452,455104,435622,641857,571448,596115,571595,453568,471865,"54.8002","null","null","null","null","null","null","null",1,"1","4-Seam Fastball",0,0,0,0,0,0,0,0,"Standard","Standard"