"pitch_type","game_date","release_speed","release_pos_x","release_pos_z","player_name","batter","pitcher","events","description","spin_dir","spin_rate_deprecated","break_angle_deprecated","break_length_deprecated","zone","des","game_type","stand","p_throws","home_team","away_team","type","hit_location","bb_type","balls","strikes","game_year","pfx_x","pfx_z","plate_x","plate_z","on_3b","on_2b","on_1b","outs_when_up","inning","inning_topbot","hc_x","hc_y","tfs_deprecated","tfs_zulu_deprecated","pos2_person_id","umpire","sv_id","vx0","vy0","vz0","ax","ay","az","sz_top","sz_bot","hit_distance_sc","launch_speed","launch_angle","effective_speed","release_spin_rate","release_extension","game_pk","pos1_person_id","pos2_person_id","pos3_person_id","pos4_person_id","pos5_person_id","pos6_person_id","pos7_person_id","pos8_person_id","pos9_person_id","release_pos_y","estimated_ba_using_speedangle","estimated_woba_using_speedangle","woba_value","woba_denom","babip_value","iso_value","launch_speed_angle","at_bat_number","pitch_number","pitch_name","home_score","away_score","bat_score","fld_score","post_away_score","post_home_score","post_bat_score","post_fld_score","if_fielding_alignment","of_fielding_alignment"
"SL","2018-05-23","85.3","-2.0280","6.1958","Ken Giles",467055,571704,"null","called_strike",,,,,"5","null","R","L","R","HOU","SF","S","null","null",0,0,2018,"-0.0157","0.0614","-0.2528","2.0403","null","474832.00","null",2,9,"Top","null","null",,,435263,,"180523_210722","4.0842","-123.8521","-3.4126","-1.0575","27.4546","-31.1448","3.1421","1.5229","null","null","null","82.6110","2205","4.8670",530144,571704,435263,493329,514888,608324,621043,503556,643393,543807,"55.6350","null","null","null","null","null","null","null",68,"1","Slider",4,1,1,4,1,4,1,4,"Strategic","Standard"
"SL","2018-05-23","86.1","-2.0391","6.2210","Ken Giles",543063,571704,"null","called_strike",,,,,"4","null","R","L","R","HOU","SF","S","null","null",0,0,2018,"-0.0305","0.2028","-0.6408","2.2452","null","474832.00","null",1,9,"Top","null","null",,,435263,,"180523_210555","3.2838","-125.0508","-3.4387","-1.0129","27.0369","-29.7280","3.4502","1.5249","null","null","null","83.5740","2217","4.8930",530144,571704,435263,493329,514888,608324,621043,503556,643393,543807,"55.6097","null","null","null","null","null","null","null",67,"1","Slider",4,1,1,4,1,4,1,4,"Standard","Standard"
"SL","2018-05-23","83.4","-2.8984","4.6560","Cory Gearrin",435263,518715,"null","ball",,,,,"14","null","R","L","R","HOU","SF","B","null","null",1,1,2018,"0.3961","0.3960","0.7447","1.3983","null","null","493329.00",2,8,"Bot","null","null",,,460026,,"180523_210003","7.4890","-121.1220","-1.7611","2.3375","23.3742","-28.3102","3.3654","1.6963","null","null","null","82.0350","2678","5.4560",530144,518715,460026,467055,605509,446334,543063,474832,491676,457705,"55.0466","null","null","null","null","null","null","null",64,"3","Slider",4,1,4,1,1,4,4,1,"Infield shift","Standard"
"SI","2018-05-23","91.7","-2.1151","4.7196","Cory Gearrin",435263,518715,"null","ball",,,,,"14","null","R","L","R","HOU","SF","B","null","null",0,1,2018,"-1.6346","0.1512","0.9966","2.1529","null","null","493329.00",2,8,"Bot","null","null",,,460026,,"180523_205901","11.1753","-132.9481","-0.8775","-21.4399","29.6163","-30.4784","3.3170","1.6963","null","null","null","90.3940","2203","5.7880",530144,518715,460026,467055,605509,446334,543063,474832,491676,457705,"54.7141","null","null","null","null","null","null","null",64,"2","Sinker",4,1,4,1,1,4,4,1,"Infield shift","Standard"
"SI","2018-05-23","91.9","-2.1504","4.7830","Cory Gearrin",435263,518715,"null","called_strike",,,,,"5","null","R","L","R","HOU","SF","S","null","null",0,0,2018,"-1.6177","0.0956","-0.1025","2.3010","null","null","493329.00",2,8,"Bot","null","null",,,460026,,"180523_205835","8.4827","-133.3189","-0.5792","-20.6964","30.0165","-31.1933","3.4153","1.7157","null","null","null","90.4600","2139","5.6920",530144,518715,460026,467055,605509,446334,543063,474832,491676,457705,"54.8108","null","null","null","null","null","null","null",64,"1","Sinker",4,1,4,1,1,4,4,1,"Infield shift","Standard"
"SI","2018-05-23","91.5","-2.2534","4.7887","Cory Gearrin",493329,518715,"null","ball",,,,,"9","null","R","R","R","HOU","SF","B","null","null",0,1,2018,"-1.7059","-0.0065","0.5883","2.0981","null","null","null",2,8,"Bot","null","null",,,460026,,"180523_205720","10.6465","-132.6743","-0.8186","-22.1146","30.1412","-32.3186","3.5167","1.6833","null","null","null","90.2030","2284","5.8370",530144,518715,460026,467055,605509,446334,543063,474832,491676,457705,"54.6656","null","null","null","null","null","null","null",63,"2","Sinker",4,1,4,1,1,4,4,1,"Infield shift","Standard"
"SI","2018-05-23","91.8","-2.1995","4.7326","Cory Gearrin",493329,518715,"null","called_strike",,,,,"8","null","R","R","R","HOU","SF","S","null","null",0,0,2018,"-1.7585","0.2118","0.0132","1.7117","null","null","null",2,8,"Bot","null","null",,,460026,,"180523_205700","9.1991","-133.2312","-2.1518","-22.5087","30.3994","-29.4859","3.5702","1.6046","null","null","null","90.4340","2250","5.7460",530144,518715,460026,467055,605509,446334,543063,474832,491676,457705,"54.7567","null","null","null","null","null","null","null",63,"1","Sinker",4,1,4,1,1,4,4,1,"Infield shift","Standard"
"SI","2018-05-23","91.5","-2.1594","4.7560","Cory Gearrin",503556,518715,"null","ball",,,,,"3","null","R","L","R","HOU","SF","B","null","null",1,2,2018,"-1.7476","-0.0287","0.7047","3.2342","null","null","null",1,8,"Bot","null","null",,,460026,,"180523_205553","10.7565","-132.5688","2.1615","-22.5592","30.9818","-33.2759","3.4800","1.7060","null","null","null","89.8920","2249","5.7590",530144,518715,460026,467055,605509,446334,543063,474832,491676,457705,"54.7429","null","null","null","null","null","null","null",62,"4","Sinker",4,1,4,1,1,4,4,1,"Standard","Strategic"
"SL","2018-05-23","83.8","-2.5005","4.6808","Cory Gearrin",503556,518715,"null","ball",,,,,"14","null","R","L","R","HOU","SF","B","null","null",0,2,2018,"0.5476","0.4675","0.6119","1.4369","null","null","null",1,8,"Bot","null","null",,,460026,,"180523_205526","6.0456","-121.8183","-1.9560","4.1421","23.3659","-27.5256","3.5971","1.6754","null","null","null","82.6060","2822","5.4980",530144,518715,460026,467055,605509,446334,543063,474832,491676,457705,"55.0047","null","null","null","null","null","null","null",62,"3","Slider",4,1,4,1,1,4,4,1,"Standard","Strategic"
"SL","2018-05-23","82.5","-2.6154","4.7178","Cory Gearrin",621043,518715,"null","ball",,,,,"14","null","R","R","R","HOU","SF","B","null","null",0,0,2018,"0.4215","0.6012","1.2361","2.4903","null","null","null",0,8,"Bot","null","null",,,460026,,"180523_205050","7.8371","-119.7770","0.3025","2.5067","22.1893","-26.8288","3.6552","1.6855","null","null","null","81.3700","2817","5.5610",530144,518715,460026,467055,605509,446334,543063,474832,491676,457705,"54.9418","null","null","null","null","null","null","null",61,"1","Slider",4,1,4,1,1,4,4,1,"Standard","Standard"
"SL","2018-05-23","81.0","-1.6493","4.7797","Brad Peacock",457763,502748,"null","ball",,,,,"14","null","R","R","R","HOU","SF","B","null","null",0,2,2018,"1.3261","0.5562","1.7446","1.7835","null","null","491676.00",2,8,"Top","null","null",,,435263,,"180523_204647","5.0408","-117.7150","-1.0007","10.7755","24.1713","-27.3064","3.4849","1.6050","null","null","null","79.1820","2654","5.2810",530144,502748,435263,493329,514888,608324,621043,503556,643393,543807,"55.2209","null","null","null","null","null","null","null",60,"3","Slider",4,1,1,4,1,4,1,4,"Standard","Standard"
"FT","2018-05-23","93.1","-1.4025","4.6588","Brad Peacock",457763,502748,"null","called_strike",,,,,"9","null","R","R","R","HOU","SF","S","null","null",0,1,2018,"-1.4652","0.7147","0.3855","2.3000","null","null","491676.00",2,8,"Top","null","null",,,435263,,"180523_204624","7.7938","-135.3926","-1.8321","-19.6918","29.9953","-23.2256","3.6793","1.7794","null","null","null","93.0100","2173","6.3050",530144,502748,435263,493329,514888,608324,621043,503556,643393,543807,"54.1971","null","null","null","null","null","null","null",60,"2","2-Seam Fastball",4,1,1,4,1,4,1,4,"Standard","Standard"
"FT","2018-05-23","94.3","-1.5053","4.7077","Brad Peacock",457763,502748,"null","called_strike",,,,,"6","null","R","R","R","HOU","SF","S","null","null",0,0,2018,"-1.5914","0.8196","0.6365","2.2427","null","null","491676.00",2,8,"Top","null","null",,,435263,,"180523_204603","9.0521","-137.0094","-2.4585","-21.9571","32.3419","-21.6243","3.5244","1.6050","null","null","null","93.7140","2154","6.1880",530144,502748,435263,493329,514888,608324,621043,503556,643393,543807,"54.3147","null","null","null","null","null","null","null",60,"1","2-Seam Fastball",4,1,1,4,1,4,1,4,"Standard","Standard"
"FT","2018-05-23","94.0","-1.4977","4.6370","Brad Peacock",457705,502748,"null","ball",,,,,"14","null","R","R","R","HOU","SF","B","null","null",0,1,2018,"-1.4960","0.5858","1.3434","1.1745","null","null","491676.00",1,8,"Top","null","null",,,435263,,"180523_204449","10.7050","-136.4333","-4.5265","-21.1375","30.4724","-24.0332","3.5349","1.6154","null","null","null","94.0390","2226","6.4910",530144,502748,435263,493329,514888,608324,621043,503556,643393,543807,"54.0111","null","null","null","null","null","null","null",59,"2","2-Seam Fastball",4,1,1,4,1,4,1,4,"Infield shift","Standard"
"FT","2018-05-23","94.1","-1.5766","4.7074","Brad Peacock",491676,502748,"null","ball",,,,,"14","null","R","R","R","HOU","SF","B","null","null",0,0,2018,"-1.5808","0.6365","0.2477","1.1025","null","null","null",1,8,"Top","null","null",,,435263,,"180523_204256","8.1347","-136.6283","-4.9547","-21.3734","31.2963","-23.4242","3.3903","1.4843","null","null","null","93.2840","2268","6.0210",530144,502748,435263,493329,514888,608324,621043,503556,643393,543807,"54.4811","null","null","null","null","null","null","null",58,"1","2-Seam Fastball",4,1,1,4,1,4,1,4,"Standard","Strategic"
"SL","2018-05-23","80.8","-1.7781","4.8185","Brad Peacock",605509,502748,"null","ball",,,,,"14","null","R","R","R","HOU","SF","B","null","null",0,2,2018,"1.4813","0.6763","1.7240","1.9343","null","null","null",0,8,"Top","null","null",,,435263,,"180523_204203","4.9881","-117.4898","-0.9711","12.2718","23.5696","-26.1918","3.3464","1.5547","null","null","null","79.4440","2806","5.5240",530144,502748,435263,493329,514888,608324,621043,503556,643393,543807,"54.9786","null","null","null","null","null","null","null",57,"3","Slider",4,1,1,4,1,4,1,4,"Standard","Standard"
"FT","2018-05-23","92.9","-1.5770","4.7723","Brad Peacock",605509,502748,"null","called_strike",,,,,"6","null","R","R","R","HOU","SF","S","null","null",0,1,2018,"-1.4961","0.7492","0.2977","2.4436","null","null","null",0,8,"Top","null","null",,,435263,,"180523_204146","8.0889","-135.0393","-1.7989","-20.0977","30.0783","-22.8289","3.3948","1.5644","null","null","null","92.8910","2218","6.3970",530144,502748,435263,493329,514888,608324,621043,503556,643393,543807,"54.1051","null","null","null","null","null","null","null",57,"2","2-Seam Fastball",4,1,1,4,1,4,1,4,"Standard","Standard"
"SL","2018-05-23","79.7","-1.7427","4.9131","Brad Peacock",605509,502748,"null","called_strike",,,,,"4","null","R","R","R","HOU","SF","S","null","null",0,0,2018,"1.3587","0.2720","-0.5122","2.6673","null","null","null",0,8,"Top","null","null",,,435263,,"180523_204130","0.2268","-115.9657","1.3080","11.8316","22.5045","-30.3182","3.3561","1.5547","null","null","null","78.4710","2668","5.5170",530144,502748,435263,493329,514888,608324,621043,503556,643393,543807,"54.9854","null","null","null","null","null","null","null",57,"1","Slider",4,1,1,4,1,4,1,4,"Standard","Standard"
"SL","2018-05-23","90.9","-1.5612","5.3540","Sam Dyson",608324,473879,"null","ball",,,,,"9","null","R","R","R","HOU","SF","B","null","null",0,0,2018,"0.1465","0.5803","0.4717","1.4399","null","null","null",2,7,"Bot","null","null",,,460026,,"180523_203619","4.6991","-132.1246","-4.9869","0.6440","28.3835","-24.8219","3.2528","1.4944","null","null","null","89.1790","2578","5.3080",530144,473879,460026,467055,605509,446334,543063,474832,491676,457705,"55.1944","null","null","null","null","null","null","null",55,"1","Slider",4,1,4,1,1,4,4,1,"Standard","Standard"
"SL","2018-05-23","90.4","-1.4527","5.4898","Sam Dyson",543807,473879,"null","ball",,,,,"14","null","R","R","R","HOU","SF","B","null","null",1,2,2018,"0.0727","0.5494","1.3896","1.8234","null","null","null",1,7,"Bot","null","null",,,460026,,"180523_203513","6.8330","-131.3780","-4.2854","-0.5623","26.6315","-25.3311","3.5029","1.6948","null","null","null","89.3170","2544","5.5970",530144,473879,460026,467055,605509,446334,543063,474832,491676,457705,"54.9053","null","null","null","null","null","null","null",54,"4","Slider",4,1,4,1,1,4,4,1,"Standard","Standard"
"FT","2018-05-23","94.7","-1.5949","5.3839","Sam Dyson",543807,473879,"null","called_strike",,,,,"12","null","R","R","R","HOU","SF","S","null","null",1,1,2018,"-1.5090","0.2350","0.8324","3.1443","null","null","null",1,7,"Bot","null","null",,,460026,,"180523_203446","9.3329","-137.3131","-0.6054","-20.4463","31.9266","-29.4744","3.6679","1.6952","null","null","null","92.3420","2365","5.1950",530144,473879,460026,467055,605509,446334,543063,474832,491676,457705,"55.3070","null","null","null","null","null","null","null",54,"3","2-Seam Fastball",4,1,4,1,1,4,4,1,"Standard","Standard"
"SL","2018-05-23","91.4","-1.6447","5.4264","Sam Dyson",543807,473879,"null","ball",,,,,"14","null","R","R","R","HOU","SF","B","null","null",0,1,2018,"0.3109","0.6279","0.8579","1.2878","null","null","null",1,7,"Bot","null","null",,,460026,,"180523_203420","5.5524","-132.8063","-5.7621","2.4439","26.8268","-24.0602","3.6161","1.6724","null","null","null","89.9120","2573","5.3330",530144,473879,460026,467055,605509,446334,543063,474832,491676,457705,"55.1696","null","null","null","null","null","null","null",54,"2","Slider",4,1,4,1,1,4,4,1,"Standard","Standard"
"FT","2018-05-23","94.0","-1.6181","5.4046","Sam Dyson",543807,473879,"null","called_strike",,,,,"14","null","R","R","R","HOU","SF","S","null","null",0,0,2018,"-1.2531","-0.0667","1.0611","2.2949","null","null","null",1,7,"Bot","null","null",,,460026,,"180523_203400","9.4860","-136.3823","-2.1515","-17.2999","29.2971","-32.7718","3.5975","1.7146","null","null","null","92.6590","2233","5.6050",530144,473879,460026,467055,605509,446334,543063,474832,491676,457705,"54.8973","null","null","null","null","null","null","null",54,"1","2-Seam Fastball",4,1,4,1,1,4,4,1,"Standard","Standard"
"SL","2018-05-23","89.1","-1.5138","5.4592","Sam Dyson",643393,473879,"null","called_strike",,,,,"6","null","R","L","R","HOU","SF","S","null","null",1,1,2018,"0.3192","0.5253","0.4077","2.1933","null","null","null",0,7,"Bot","null","null",,,460026,,"180523_203253","4.0042","-129.5569","-3.0387","2.7080","25.5134","-26.0690","3.1187","1.4340","null","null","null","87.8680","2412","5.4310",530144,473879,460026,467055,605509,446334,543063,474832,491676,457705,"55.0713","null","null","null","null","null","null","null",53,"3","Slider",4,1,4,1,1,4,4,1,"Standard","Standard"
"FT","2018-05-23","92.9","-1.8345","5.4286","Sam Dyson",643393,473879,"null","ball",,,,,"11","null","R","L","R","HOU","SF","B","null","null",0,0,2018,"-1.4141","0.6800","-0.7352","3.4253","null","null","null",0,7,"Bot","null","null",,,460026,,"180523_203207","5.6633","-134.8078","-0.6349","-17.8293","34.8543","-24.4628","3.0416","1.4336","null","null","null","90.2180","2364","5.2410",530144,473879,460026,467055,605509,446334,543063,474832,491676,457705,"55.2618","null","null","null","null","null","null","null",53,"1","2-Seam Fastball",4,1,4,1,1,4,4,1,"Standard","Standard"
"FC","2018-05-23","93.8","-1.1031","6.2956","Will Harris",460026,501789,"null","ball",,,,,"14","null","R","R","R","HOU","SF","B","null","null",0,2,2018,"0.4214","1.1029","2.0003","1.3803","null","543063.00","null",2,7,"Top","null","null",,,435263,,"180523_202831","7.0949","-136.1520","-9.3931","3.6434","30.8390","-16.5204","3.5140","1.5644","null","null","null","93.7630","2525","6.4800",530144,501789,435263,493329,514888,608324,621043,503556,643393,543807,"54.0222","null","null","null","null","null","null","null",52,"3","Cutter",4,1,1,4,1,4,1,4,"Standard","Strategic"
"CU","2018-05-23","81.6","-1.5487","6.1591","Will Harris",467055,501789,"null","ball",,,,,"13","null","R","L","R","HOU","SF","B","null","null",1,1,2018,"0.5405","-1.2100","-1.3493","1.4731","null","null","543063.00",1,7,"Top","null","null",,,435263,,"180523_202540","-0.5838","-118.8495","-1.6044","5.1794","24.5785","-43.4076","3.1336","1.5245","null","null","null","81.2310","2690","6.1700",530144,501789,435263,493329,514888,608324,621043,503556,643393,543807,"54.3328","null","null","null","null","null","null","null",51,"3","Curveball",4,1,1,4,1,4,1,4,"Standard","Strategic"
"FC","2018-05-23","91.5","-1.5178","6.2132","Will Harris",467055,501789,"null","ball",,,,,"14","null","R","L","R","HOU","SF","B","null","null",0,1,2018,"0.3931","0.5649","0.0540","1.1648","null","null","543063.00",1,7,"Top","null","null",,,435263,,"180523_202501","3.1186","-133.0653","-8.1074","4.0648","26.5581","-24.0204","3.2014","1.6214","null","null","null","91.7500","2589","6.3200",530144,501789,435263,493329,514888,608324,621043,503556,643393,543807,"54.1828","null","null","null","null","null","null","null",51,"2","Cutter",4,1,1,4,1,4,1,4,"Standard","Standard"
"FC","2018-05-23","91.6","-1.4181","6.2196","Will Harris",467055,501789,"null","called_strike",,,,,"5","null","R","L","R","HOU","SF","S","null","null",0,0,2018,"0.4451","0.7734","-0.0896","2.3623","null","null","543063.00",1,7,"Top","null","null",,,435263,,"180523_202436","2.4006","-133.4475","-5.6074","4.8589","27.2880","-21.9324","3.1437","1.5245","null","null","null","92.1120","2467","6.4240",530144,501789,435263,493329,514888,608324,621043,503556,643393,543807,"54.0787","null","null","null","null","null","null","null",51,"1","Cutter",4,1,1,4,1,4,1,4,"Standard","Standard"
"FC","2018-05-23","92.0","-1.4200","6.2016","Will Harris",543063,501789,"null","called_strike",,,,,"1","null","R","L","R","HOU","SF","S","null","null",0,0,2018,"0.3748","0.7769","-0.7505","3.0713","null","null","null",1,7,"Top","null","null",,,435263,,"180523_202204","0.8866","-134.0376","-3.8236","4.3457","28.5058","-22.1709","3.5180","1.5637","null","null","null","92.3990","2318","6.4280",530144,501789,435263,493329,514888,608324,621043,503556,643393,543807,"54.0748","null","null","null","null","null","null","null",50,"1","Cutter",4,1,1,4,1,4,1,4,"Standard","Strategic"
"CU","2018-05-23","77.9","2.1740","6.2384","Will Smith",594828,519293,"null","called_strike",,,,,"6","null","R","R","L","HOU","SF","S","null","null",0,1,2018,"-0.8950","-0.3213","0.6229","2.5571","null","null","null",2,6,"Bot","null","null",,,460026,,"180523_201731","-1.7092","-113.3537","-0.4216","-7.2040","21.1824","-35.0508","3.4138","1.6050","null","null","null","76.9700","2271","5.6770",530144,519293,460026,467055,605509,446334,543063,474832,491676,457705,"54.8257","null","null","null","null","null","null","null",48,"2","Curveball",4,1,4,1,1,4,4,1,"Infield shift","Standard"
"SL","2018-05-23","80.1","2.1385","6.2427","Will Smith",594828,519293,"null","called_strike",,,,,"2","null","R","R","L","HOU","SF","S","null","null",0,0,2018,"-0.6599","0.1955","-0.1840","3.2383","null","null","null",2,6,"Bot","null","null",,,460026,,"180523_201711","-3.8707","-116.5262","-0.2930","-5.1750","21.7169","-30.6149","3.4331","1.6244","null","null","null","79.3720","2292","5.7820",530144,519293,460026,467055,605509,446334,543063,474832,491676,457705,"54.7200","null","null","null","null","null","null","null",48,"1","Slider",4,1,4,1,1,4,4,1,"Infield shift","Standard"
"SL","2018-05-23","79.8","2.0943","6.2632","Will Smith",435263,519293,"null","ball",,,,,"12","null","R","L","L","HOU","SF","B","null","null",2,0,2018,"-0.8522","-0.1591","0.3383","3.3303","null","null","null",1,6,"Bot","null","null",,,460026,,"180523_201519","-2.2752","-116.1390","0.5678","-7.0691","22.2317","-33.9419","3.1125","1.7360","null","null","null","78.7760","2234","5.6150",530144,519293,460026,467055,605509,446334,543063,474832,491676,457705,"54.8870","null","null","null","null","null","null","null",47,"3","Slider",4,1,4,1,1,4,4,1,"Infield shift","Strategic"
"SL","2018-05-23","79.1","2.2894","6.2248","Will Smith",435263,519293,"null","ball",,,,,"12","null","R","L","L","HOU","SF","B","null","null",1,0,2018,"-0.8043","0.2400","1.0758","3.7967","null","null","null",1,6,"Bot","null","null",,,460026,,"180523_201458","-1.1740","-115.0127","1.0588","-6.7157","21.6583","-30.5628","3.3363","1.7157","null","null","null","77.9580","2272","5.5620",530144,519293,460026,467055,605509,446334,543063,474832,491676,457705,"54.9408","null","null","null","null","null","null","null",47,"2","Slider",4,1,4,1,1,4,4,1,"Infield shift","Strategic"
"FF","2018-05-23","92.2","1.6465","6.5986","Will Smith",435263,519293,"null","ball",,,,,"11","null","R","L","L","HOU","SF","B","null","null",0,0,2018,"0.3931","1.3675","-1.1012","4.2881","null","null","null",1,6,"Bot","null","null",,,460026,,"180523_201441","-7.7737","-134.0307","-2.9585","6.3322","28.3865","-15.4745","3.4219","1.7431","null","null","null","91.6950","1921","5.9990",530144,519293,460026,467055,605509,446334,543063,474832,491676,457705,"54.5036","null","null","null","null","null","null","null",47,"1","4-Seam Fastball",4,1,4,1,1,4,4,1,"Infield shift","Strategic"
"SL","2018-05-23","79.2","2.1887","6.1576","Will Smith",493329,519293,"null","ball",,,,,"13","null","R","R","L","HOU","SF","B","null","null",2,2,2018,"-0.9536","0.0108","-1.5408","-0.2035","null","null","null",0,6,"Bot","null","null",,,460026,,"180523_201646","-6.3248","-114.9322","-6.9923","-7.0734","22.0394","-30.9872","3.5020","1.6143","null","null","null","78.2620","2435","5.8620",530144,519293,460026,467055,605509,446334,543063,474832,491676,457705,"54.6404","null","null","null","null","null","null","null",46,"6","Slider",4,1,4,1,1,4,4,1,"Standard","Standard"
"FF","2018-05-23","93.6","1.5620","6.5092","Will Smith",493329,519293,"null","ball",,,,,"13","null","R","R","L","HOU","SF","B","null","null",1,2,2018,"0.7312","1.3075","-1.7186","1.6444","null","null","null",0,6,"Bot","null","null",,,460026,,"180523_201646","-9.9404","-135.5104","-9.4518","11.1651","31.7216","-14.4087","3.5214","1.6046","null","null","null","92.3010","2140","5.9610",530144,519293,460026,467055,605509,446334,543063,474832,491676,457705,"54.5415","null","null","null","null","null","null","null",46,"4","4-Seam Fastball",4,1,4,1,1,4,4,1,"Standard","Standard"
"FF","2018-05-23","93.7","-1.8869","6.7041","Justin Verlander",457763,434378,"null","ball",,,,,"14","null","R","R","R","HOU","SF","B","null","null",1,2,2018,"-1.0271","1.7218","1.2360","2.1294","null","null","null",2,6,"Top","null","null",,,435263,,"180523_200727","10.1904","-135.6299","-9.6130","-14.8716","32.6497","-9.2999","3.4849","1.6438","null","null","null","92.3050","2579","5.9820",530144,434378,435263,493329,514888,608324,621043,503556,643393,543807,"54.5205","null","null","null","null","null","null","null",44,"4","4-Seam Fastball",4,1,1,4,1,4,1,4,"Standard","Standard"
"CU","2018-05-23","78.8","-2.2117","6.5570","Justin Verlander",457763,434378,"null","called_strike",,,,,"2","null","R","R","R","HOU","SF","S","null","null",1,1,2018,"1.3024","-0.5527","0.1503","3.1154","null","null","null",2,6,"Top","null","null",,,435263,,"180523_200704","2.7351","-114.5255","0.4253","10.5132","23.6835","-37.2456","3.5244","1.5953","null","null","null","77.3950","2853","5.6310",530144,434378,435263,493329,514888,608324,621043,503556,643393,543807,"54.8715","null","null","null","null","null","null","null",44,"3","Curveball",4,1,1,4,1,4,1,4,"Standard","Standard"
"CU","2018-05-23","77.4","-2.1363","6.6024","Justin Verlander",457763,434378,"null","called_strike",,,,,"6","null","R","R","R","HOU","SF","S","null","null",1,0,2018,"1.0484","-0.5669","0.5128","2.4513","null","null","null",2,6,"Top","null","null",,,435263,,"180523_200644","3.7378","-112.5179","-0.8450","7.7973","22.1843","-36.9140","3.5341","1.6535","null","null","null","75.6990","2725","5.3020",530144,434378,435263,493329,514888,608324,621043,503556,643393,543807,"55.2002","null","null","null","null","null","null","null",44,"2","Curveball",4,1,1,4,1,4,1,4,"Standard","Standard"
"FF","2018-05-23","92.1","-2.0208","6.6833","Justin Verlander",457763,434378,"null","ball",,,,,"14","null","R","R","R","HOU","SF","B","null","null",0,0,2018,"-0.8618","1.5909","1.3734","2.4604","null","null","null",2,6,"Top","null","null",,,435263,,"180523_200629","10.3900","-133.4124","-8.1591","-12.5382","30.5908","-11.7976","3.5108","1.6018","null","null","null","91.1510","2414","6.1190",530144,434378,435263,493329,514888,608324,621043,503556,643393,543807,"54.3833","null","null","null","null","null","null","null",44,"1","4-Seam Fastball",4,1,1,4,1,4,1,4,"Standard","Standard"
"FF","2018-05-23","94.4","-1.8815","6.6879","Justin Verlander",457705,434378,"null","ball",,,,,"14","null","R","R","R","HOU","SF","B","null","null",1,2,2018,"-1.0474","1.5123","1.0626","1.8732","null","null","null",1,6,"Top","null","null",,,435263,,"180523_200533","9.8628","-136.6147","-9.9632","-15.2255","32.1465","-11.4427","3.5639","1.6445","null","null","null","93.1970","2517","6.0400",530144,434378,435263,493329,514888,608324,621043,503556,643393,543807,"54.4622","null","null","null","null","null","null","null",43,"5","4-Seam Fastball",4,1,1,4,1,4,1,4,"Standard","Standard"
"CU","2018-05-23","79.6","-2.1483","6.5372","Justin Verlander",457705,434378,"null","ball",,,,,"14","null","R","R","R","HOU","SF","B","null","null",0,2,2018,"0.8357","-1.2474","0.7840","0.3406","null","null","null",1,6,"Top","null","null",,,435263,,"180523_200507","4.8218","-115.5941","-4.4275","6.1728","23.5787","-42.2507","3.5445","1.6251","null","null","null","77.6330","2906","5.2210",530144,434378,435263,493329,514888,608324,621043,503556,643393,543807,"55.2809","null","null","null","null","null","null","null",43,"4","Curveball",4,1,1,4,1,4,1,4,"Standard","Standard"
"SL","2018-05-23","82.0","-2.3381","6.5069","Justin Verlander",457705,434378,"null","called_strike",,,,,"2","null","R","R","R","HOU","SF","S","null","null",0,1,2018,"0.3014","-0.1227","-0.2629","3.1093","null","null","null",1,6,"Top","null","null",,,435263,,"180523_200417","4.0611","-119.3020","-0.9387","2.0749","21.3169","-33.3901","3.5542","1.6542","null","null","null","80.9390","null","5.4190",530144,434378,435263,493329,514888,608324,621043,503556,643393,543807,"55.0836","null","null","null","null","null","null","null",43,"2","Slider",4,1,1,4,1,4,1,4,"Standard","Standard"
"FF","2018-05-23","94.4","-1.9284","6.6809","Justin Verlander",491676,434378,"strikeout","called_strike",,,,,"8","Gorkys Hernandez called out on strikes.  ","R","R","R","HOU","SF","S",2,"null",1,2,2018,"-1.0298","1.5670","-0.0163","1.5996","null","null","null",0,6,"Top","null","null",,,435263,,"180523_200320","7.1816","-136.8863","-10.8427","-14.4031","30.6871","-10.5105","3.4185","1.5618","null","null","null","93.6000","2648","6.0500",530144,434378,435263,493329,514888,608324,621043,503556,643393,543807,"54.4520","null","null","0.00",1,0,0,"null",42,"4","4-Seam Fastball",4,1,1,4,1,4,1,4,"Standard","Strategic"
"FF","2018-05-23","92.4","-1.9975","6.7993","Justin Verlander",491676,434378,"null","ball",,,,,"13","null","R","R","R","HOU","SF","B","null","null",0,1,2018,"-0.9836","1.6521","-1.3757","1.4984","null","null","null",0,6,"Top","null","null",,,435263,,"180523_200241","3.6185","-133.8971","-10.9638","-12.3453","30.1409","-10.5958","3.4386","1.4940","null","null","null","90.8920","2524","5.7060",530144,434378,435263,493329,514888,608324,621043,503556,643393,543807,"54.7968","null","null","null","null","null","null","null",42,"2","4-Seam Fastball",4,1,1,4,1,4,1,4,"Standard","Strategic"
"CU","2018-05-23","75.7","-2.3627","6.6326","Justin Verlander",491676,434378,"null","called_strike",,,,,"9","null","R","R","R","HOU","SF","S","null","null",0,0,2018,"0.8265","-1.2020","0.2865","1.8723","null","null","null",0,6,"Top","null","null",,,435263,,"180523_200225","4.0064","-109.8134","-0.7408","5.5253","20.6162","-41.4856","3.2830","1.4843","null","null","null","73.0870","2771","4.6290",530144,434378,435263,493329,514888,608324,621043,503556,643393,543807,"55.8736","null","null","null","null","null","null","null",42,"1","Curveball",4,1,1,4,1,4,1,4,"Standard","Strategic"
"FT","2018-05-23","92.6","-2.4540","6.0944","Jeff Samardzija",621043,502188,"null","ball",,,,,"14","null","R","R","R","HOU","SF","B","null","null",1,0,2018,"-1.2261","0.9847","0.4441","1.4373","null","514888.00","null",2,5,"Bot","null","null",,,460026,,"180523_195553","10.1955","-134.3656","-8.2532","-17.3801","31.3257","-18.4057","3.7520","1.7629","null","null","null","92.9360","2595","6.8200",530144,502188,460026,467055,605509,446334,543063,474832,491676,457705,"53.6823","null","null","null","null","null","null","null",40,"2","2-Seam Fastball",3,1,3,1,1,3,3,1,"Standard","Standard"
"FF","2018-05-23","92.4","-2.3217","6.0553","Jeff Samardzija",621043,502188,"null","ball",,,,,"14","null","R","R","R","HOU","SF","B","null","null",0,0,2018,"-0.7900","1.5318","1.3090","1.3218","null","null","514888.00",2,5,"Bot","null","null",,,460026,,"180523_195516","10.9556","-133.9003","-9.5168","-11.9101","29.2241","-11.8526","3.6261","1.6951","null","null","null","92.2110","2640","6.4320",530144,502188,460026,467055,605509,446334,543063,474832,491676,457705,"54.0701","null","null","null","null","null","null","null",40,"1","4-Seam Fastball",3,1,3,1,1,3,3,1,"Standard","Standard"
"FF","2018-05-23","91.8","-2.4430","6.1343","Jeff Samardzija",608324,502188,"walk","ball",,,,,"12","Alex Bregman walks.  ","R","R","R","HOU","SF","B","null","null",3,2,2018,"-0.3516","0.8236","1.8417","2.6366","null","null","null",1,5,"Bot","null","null",,,460026,,"180523_195305","11.6040","-133.1732","-4.7781","-6.5701","27.0302","-21.5301","3.2334","1.5234","null","null","null","91.9910","2459","6.4530",530144,502188,460026,467055,605509,446334,543063,474832,491676,457705,"54.0496","null","null","0.70",1,0,0,"null",38,"6","4-Seam Fastball",3,1,3,1,1,3,3,1,"Standard","Standard"
"FF","2018-05-23","93.5","-2.3777","5.9141","Jeff Samardzija",608324,502188,"null","ball",,,,,"14","null","R","R","R","HOU","SF","B","null","null",2,2,2018,"-0.5364","0.9874","1.5853","2.0971","null","null","null",1,5,"Bot","null","null",,,460026,,"180523_195242","11.3830","-135.6093","-6.2507","-9.0170","28.1645","-18.8299","3.2334","1.4943","null","null","null","93.5740","2532","6.4050",530144,502188,460026,467055,605509,446334,543063,474832,491676,457705,"54.0977","null","null","null","null","null","null","null",38,"5","4-Seam Fastball",3,1,3,1,1,3,3,1,"Standard","Standard"
"KC","2018-05-23","76.6","-2.3967","6.1539","Jeff Samardzija",608324,502188,"null","called_strike",,,,,"2","null","R","R","R","HOU","SF","S","null","null",2,1,2018,"0.3733","-0.7838","0.0758","2.9429","null","null","null",1,5,"Bot","null","null",,,460026,,"180523_195222","4.5185","-111.3886","1.6582","2.1741","21.3339","-39.1297","3.2125","1.5122","null","null","null","75.7540","2386","5.8630",530144,502188,460026,467055,605509,446334,543063,474832,491676,457705,"54.6390","null","null","null","null","null","null","null",38,"4","Knuckle Curve",3,1,3,1,1,3,3,1,"Standard","Standard"
"FT","2018-05-23","94.0","-2.5280","5.9522","Jeff Samardzija",608324,502188,"null","ball",,,,,"14","null","R","R","R","HOU","SF","B","null","null",1,1,2018,"-1.4667","0.7168","0.8041","1.2987","null","null","null",1,5,"Bot","null","null",,,460026,,"180523_195200","11.7061","-136.0931","-7.7615","-20.5657","30.1326","-21.9074","3.2706","1.4928","null","null","null","92.9620","2382","5.9780",530144,502188,460026,467055,605509,446334,543063,474832,491676,457705,"54.5246","null","null","null","null","null","null","null",38,"3","2-Seam Fastball",3,1,3,1,1,3,3,1,"Standard","Standard"
"FF","2018-05-23","91.1","-2.4353","6.0604","Jeff Samardzija",608324,502188,"null","ball",,,,,"14","null","R","R","R","HOU","SF","B","null","null",0,1,2018,"-0.4684","1.1252","1.9100","1.6249","null","null","null",1,5,"Bot","null","null",,,460026,,"180523_195141","11.8306","-132.0419","-7.5697","-7.8539","26.7080","-17.7387","3.2625","1.5040","null","null","null","90.7000","2537","6.1550",530144,502188,460026,467055,605509,446334,543063,474832,491676,457705,"54.3472","null","null","null","null","null","null","null",38,"2","4-Seam Fastball",3,1,3,1,1,3,3,1,"Standard","Standard"
"KC","2018-05-23","76.4","-2.1583","6.1534","Jeff Samardzija",608324,502188,"null","called_strike",,,,,"3","null","R","R","R","HOU","SF","S","null","null",0,0,2018,"0.4117","-0.8254","0.6622","2.7721","null","null","null",1,5,"Bot","null","null",,,460026,,"180523_195125","5.1577","-111.0534","1.4070","2.3339","21.2702","-39.3645","3.2528","1.5040","null","null","null","75.4000","2360","5.7770",530144,502188,460026,467055,605509,446334,543063,474832,491676,457705,"54.7249","null","null","null","null","null","null","null",38,"1","Knuckle Curve",3,1,3,1,1,3,3,1,"Standard","Standard"
"FT","2018-05-23","93.5","-2.3376","6.0259","Jeff Samardzija",543807,502188,"null","ball",,,,,"11","null","R","R","R","HOU","SF","B","null","null",0,0,2018,"-1.3997","1.0496","-1.0675","3.3202","null","null","643393.00",1,5,"Bot","null","null",,,460026,,"180523_200745","6.3262","-135.9675","-3.4914","-18.6584","30.9934","-18.6987","3.6756","1.7223","null","null","null","93.1410","2318","6.2050",530144,502188,460026,467055,605509,446334,543063,474832,491676,457705,"54.2971","null","null","null","null","null","null","null",37,"1","2-Seam Fastball",1,1,1,1,1,1,1,1,"Standard","Standard"
"FT","2018-05-23","91.0","-2.4592","6.0210","Jeff Samardzija",643393,502188,"walk","ball",,,,,"11","Tony Kemp walks.  ","R","L","R","HOU","SF","B","null","null",3,0,2018,"-1.3899","1.1276","-1.5496","2.7912","null","null","null",1,5,"Bot","null","null",,,460026,,"180523_194741","5.1981","-132.2847","-4.5265","-17.2429","29.5369","-18.3567","3.0319","1.4142","null","null","null","90.3230","2308","6.0410",530144,502188,460026,467055,605509,446334,543063,474832,491676,457705,"54.4618","null","null","0.70",1,0,0,"null",36,"4","2-Seam Fastball",1,1,1,1,1,1,1,1,"Standard","Standard"
"FT","2018-05-23","91.9","-2.5443","5.9795","Jeff Samardzija",643393,502188,"null","ball",,,,,"11","null","R","L","R","HOU","SF","B","null","null",2,0,2018,"-1.1274","1.1891","-2.0960","5.3135","null","null","null",1,5,"Bot","null","null",,,460026,,"180523_194721","3.4993","-133.6915","1.6307","-14.0266","29.5518","-18.8032","3.0319","1.4239","null","null","null","91.0340","2410","5.8390",530144,502188,460026,467055,605509,446334,543063,474832,491676,457705,"54.6633","null","null","null","null","null","null","null",36,"3","2-Seam Fastball",1,1,1,1,1,1,1,1,"Standard","Standard"
"FF","2018-05-23","90.3","-2.4378","6.0611","Jeff Samardzija",643393,502188,"null","ball",,,,,"12","null","R","L","R","HOU","SF","B","null","null",1,0,2018,"-0.7405","1.3042","0.1402","3.9583","null","null","null",1,5,"Bot","null","null",,,460026,,"180523_194701","7.9040","-131.1781","-1.9885","-10.0951","27.5733","-17.1347","3.0997","1.4627","null","null","null","89.6240","2392","5.9550",530144,502188,460026,467055,605509,446334,543063,474832,491676,457705,"54.5471","null","null","null","null","null","null","null",36,"2","4-Seam Fastball",1,1,1,1,1,1,1,1,"Standard","Standard"
"FF","2018-05-23","90.9","-2.4716","6.0114","Jeff Samardzija",643393,502188,"null","ball",,,,,"12","null","R","L","R","HOU","SF","B","null","null",0,0,2018,"-0.5942","1.2749","0.1651","3.4188","null","null","null",1,5,"Bot","null","null",,,460026,,"180523_194644","7.7829","-132.0308","-3.2266","-8.4832","27.8232","-17.0468","3.1771","1.4530","null","null","null","90.1190","2407","5.8920",530144,502188,460026,467055,605509,446334,543063,474832,491676,457705,"54.6099","null","null","null","null","null","null","null",36,"1","4-Seam Fastball",1,1,1,1,1,1,1,1,"Standard","Standard"
"FT","2018-05-23","94.0","-2.2769","5.8536","Jeff Samardzija",594828,502188,"null","ball",,,,,"13","null","R","R","R","HOU","SF","B","null","null",1,2,2018,"-1.3570","1.3119","-1.0156","2.3391","null","null","null",0,5,"Bot","null","null",,,460026,,"180523_194537","6.2136","-136.5165","-6.1529","-18.1934","33.5285","-14.8030","3.6078","1.6150","null","null","null","93.0420","2493","6.0960",530144,502188,460026,467055,605509,446334,543063,474832,491676,457705,"54.4064","null","null","null","null","null","null","null",35,"4","2-Seam Fastball",1,1,1,1,1,1,1,1,"Standard","Standard"
"FT","2018-05-23","93.1","-2.3563","5.9724","Jeff Samardzija",594828,502188,"null","called_strike",,,,,"8","null","R","R","R","HOU","SF","S","null","null",1,1,2018,"-1.3336","1.2192","0.0512","1.7608","null","null","null",0,5,"Bot","null","null",,,460026,,"180523_194515","9.0041","-134.9573","-7.5401","-18.1555","31.6812","-15.9853","3.4234","1.6244","null","null","null","92.0840","2502","6.0750",530144,502188,460026,467055,605509,446334,543063,474832,491676,457705,"54.4276","null","null","null","null","null","null","null",35,"3","2-Seam Fastball",1,1,1,1,1,1,1,1,"Standard","Standard"
"KC","2018-05-23","77.2","-2.1640","6.0874","Jeff Samardzija",594828,502188,"null","ball",,,,,"14","null","R","R","R","HOU","SF","B","null","null",0,1,2018,"0.2653","-0.6452","1.4935","1.4470","null","null","null",0,5,"Bot","null","null",,,460026,,"180523_194455","7.2073","-112.1618","-1.7168","0.8336","20.8950","-37.4085","3.4141","1.6344","null","null","null","76.0310","2469","5.5980",530144,502188,460026,467055,605509,446334,543063,474832,491676,457705,"54.9040","null","null","null","null","null","null","null",35,"2","Knuckle Curve",1,1,1,1,1,1,1,1,"Standard","Standard"
"FT","2018-05-23","92.3","-2.3588","5.9512","Jeff Samardzija",594828,502188,"null","called_strike",,,,,"9","null","R","R","R","HOU","SF","S","null","null",0,0,2018,"-1.3817","1.2363","0.5073","1.7567","null","null","null",0,5,"Bot","null","null",,,460026,,"180523_194438","10.2532","-133.8345","-7.4149","-18.8585","31.4899","-15.9515","3.4041","1.6147","null","null","null","91.6140","2487","6.2810",530144,502188,460026,467055,605509,446334,543063,474832,491676,457705,"54.2212","null","null","null","null","null","null","null",35,"1","2-Seam Fastball",1,1,1,1,1,1,1,1,"Standard","Standard"
"FF","2018-05-23","94.2","-1.8787","6.6699","Justin Verlander",605509,434378,"null","ball",,,,,"11","null","R","R","R","HOU","SF","B","null","null",2,2,2018,"-0.7475","1.7222","-0.8631","3.6334","null","null","543063.00",2,5,"Top","null","null",,,435263,,"180523_194115","4.2290","-137.0008","-5.8738","-10.1909","30.7016","-9.8046","3.3836","1.5531","null","null","null","93.3720","2596","5.8650",530144,434378,435263,493329,514888,608324,621043,503556,643393,543807,"54.6374","null","null","null","null","null","null","null",34,"6","4-Seam Fastball",1,1,1,1,1,1,1,1,"Standard","Strategic"
"SL","2018-05-23","84.6","-2.1831","6.6125","Justin Verlander",605509,434378,"null","ball",,,,,"14","null","R","R","R","HOU","SF","B","null","null",0,2,2018,"0.2724","0.0654","0.7895","0.8159","null","null","543063.00",2,5,"Top","null","null",,,435263,,"180523_193942","6.2986","-122.7209","-7.1291","1.4004","24.8269","-30.3501","3.4044","1.5741","null","null","null","83.1780","2514","5.5740",530144,434378,435263,493329,514888,608324,621043,503556,643393,543807,"54.9284","null","null","null","null","null","null","null",34,"3","Slider",1,1,1,1,1,1,1,1,"Standard","Strategic"
"CU","2018-05-23","75.3","-2.1569","6.5991","Justin Verlander",467055,434378,"null","ball",,,,,"11","null","R","L","R","HOU","SF","B","null","null",0,0,2018,"0.8198","-1.1807","-2.2222","3.2751","null","null","543063.00",0,5,"Top","null","null",,,435263,,"180523_193448","-1.5404","-109.4361","2.3510","6.6939","21.6112","-42.1168","3.1723","1.5245","null","null","null","74.0910","2663","5.7320",530144,434378,435263,493329,514888,608324,621043,503556,643393,543807,"54.7704","null","null","null","null","null","null","null",32,"1","Curveball",1,1,1,1,1,1,1,1,"Standard","Strategic"
"FF","2018-05-23","95.3","-2.0347","6.5798","Justin Verlander",543063,434378,"walk","ball",,,,,"11","Brandon Crawford walks.  ","R","L","R","HOU","SF","B","null","null",3,2,2018,"-0.9803","1.6095","-1.6035","3.4851","null","null","null",0,5,"Top","null","null",,,435263,,"180523_193405","3.2823","-138.5936","-5.9812","-13.1874","32.8249","-10.6302","3.3724","1.5539","null","null","null","94.4650","2577","5.9720",530144,434378,435263,493329,514888,608324,621043,503556,643393,543807,"54.5301","null","null","0.70",1,0,0,"null",31,"6","4-Seam Fastball",1,1,1,1,1,1,1,1,"Infield shift","Strategic"
"SL","2018-05-23","85.1","-2.3480","6.4440","Justin Verlander",543063,434378,"null","ball",,,,,"14","null","R","L","R","HOU","SF","B","null","null",2,2,2018,"0.1750","0.0100","0.6211","0.9864","null","null","null",0,5,"Top","null","null",,,435263,,"180523_193343","6.5290","-123.5976","-6.3713","0.3799","25.8090","-31.0080","3.3627","1.5733","null","null","null","83.7780","2571","5.6350",530144,434378,435263,493329,514888,608324,621043,503556,643393,543807,"54.8673","null","null","null","null","null","null","null",31,"5","Slider",1,1,1,1,1,1,1,1,"Infield shift","Strategic"
"SL","2018-05-23","85.2","-2.2557","6.5372","Justin Verlander",543063,434378,"null","ball",,,,,"14","null","R","L","R","HOU","SF","B","null","null",1,2,2018,"0.4661","0.0398","1.7546","1.1669","null","null","null",0,5,"Top","null","null",,,435263,,"180523_193321","8.3839","-123.6465","-6.2502","2.9409","25.3369","-30.7518","3.3530","1.5443","null","null","null","83.9290","2569","5.6690",530144,434378,435263,493329,514888,608324,621043,503556,643393,543807,"54.8336","null","null","null","null","null","null","null",31,"4","Slider",1,1,1,1,1,1,1,1,"Infield shift","Strategic"
"CU","2018-05-23","78.0","-2.2640","6.5632","Justin Verlander",543063,434378,"null","ball",,,,,"11","null","R","L","R","HOU","SF","B","null","null",0,1,2018,"1.0467","-0.8095","-1.1857","3.0633","null","null","null",0,5,"Top","null","null",,,435263,,"180523_193230","0.4544","-113.2729","0.8596","8.5529","22.6615","-39.3227","3.3724","1.5636","null","null","null","76.2460","2841","5.3510",530144,434378,435263,493329,514888,608324,621043,503556,643393,543807,"55.1511","null","null","null","null","null","null","null",31,"2","Curveball",1,1,1,1,1,1,1,1,"Infield shift","Strategic"
"FF","2018-05-23","92.7","-2.0383","6.7928","Justin Verlander",543063,434378,"null","called_strike",,,,,"4","null","R","L","R","HOU","SF","S","null","null",0,0,2018,"-1.1155","1.7475","-0.3510","2.1998","null","null","null",0,5,"Top","null","null",,,435263,,"180523_193205","6.6408","-134.3511","-9.4992","-14.7968","32.0551","-9.4707","3.3728","1.5346","null","null","null","91.3560","2641","5.9350",530144,434378,435263,493329,514888,608324,621043,503556,643393,543807,"54.5676","null","null","null","null","null","null","null",31,"1","4-Seam Fastball",1,1,1,1,1,1,1,1,"Infield shift","Standard"
"FT","2018-05-23","93.0","-2.3587","5.9935","Jeff Samardzija",493329,502188,"null","ball",,,,,"11","null","R","R","R","HOU","SF","B","null","null",1,0,2018,"-1.4069","1.3619","-1.3901","3.3849","null","null","621043.00",2,4,"Bot","null","null",,,460026,,"180523_192808","5.5051","-135.1831","-3.7943","-18.2681","31.5708","-15.0950","3.5988","1.6046","null","null","null","92.2470","2501","6.0630",530144,502188,460026,467055,605509,446334,543063,474832,491676,457705,"54.4391","null","null","null","null","null","null","null",29,"2","2-Seam Fastball",0,1,0,1,1,0,0,1,"Standard","Standard"
"FT","2018-05-23","93.5","-2.4539","5.9834","Jeff Samardzija",493329,502188,"null","ball",,,,,"11","null","R","R","R","HOU","SF","B","null","null",0,0,2018,"-1.3935","1.3989","-1.1925","3.1051","null","null","621043.00",2,4,"Bot","null","null",,,460026,,"180523_192749","6.2109","-135.7706","-4.6015","-18.3265","31.7550","-14.4118","3.5891","1.5949","null","null","null","92.3820","2490","5.8960",530144,502188,460026,467055,605509,446334,543063,474832,491676,457705,"54.6063","null","null","null","null","null","null","null",29,"1","2-Seam Fastball",0,1,0,1,1,0,0,1,"Standard","Standard"
"FT","2018-05-23","94.6","-2.5381","6.0578","Jeff Samardzija",503556,502188,"null","ball",,,,,"13","null","R","L","R","HOU","SF","B","null","null",0,2,2018,"-1.3840","0.9753","-2.0993","2.3725","null","null","621043.00",1,4,"Bot","null","null",,,460026,,"180523_192518","4.1950","-137.5932","-6.0388","-18.3653","32.1100","-18.7487","3.6648","1.6851","null","null","null","94.1220","2408","6.1550",530144,502188,460026,467055,605509,446334,543063,474832,491676,457705,"54.3476","null","null","null","null","null","null","null",28,"4","2-Seam Fastball",0,1,0,1,1,0,0,1,"Standard","Strategic"
"FT","2018-05-23","93.6","-2.4698","6.0210","Jeff Samardzija",503556,502188,"null","called_strike",,,,,"7","null","R","L","R","HOU","SF","S","null","null",0,0,2018,"-1.2874","1.1850","-0.4404","2.2847","null","null","621043.00",1,4,"Bot","null","null",,,460026,,"180523_192325","7.9527","-135.8665","-6.3716","-17.4596","30.5158","-16.5599","3.7144","1.6657","null","null","null","92.6440","2498","5.9170",530144,502188,460026,467055,605509,446334,543063,474832,491676,457705,"54.5855","null","null","null","null","null","null","null",28,"1","2-Seam Fastball",0,1,0,1,1,0,0,1,"Standard","Strategic"
"FF","2018-05-23","92.2","-2.5012","6.0514","Jeff Samardzija",621043,502188,"null","called_strike",,,,,"9","null","R","R","R","HOU","SF","S","null","null",2,1,2018,"-0.4345","1.3069","0.7725","1.9948","null","null","null",1,4,"Bot","null","null",,,460026,,"180523_192222","9.1724","-133.8365","-7.2038","-7.1076","28.4346","-15.3555","3.6525","1.6839","null","null","null","91.5120","2534","5.9790",530144,502188,460026,467055,605509,446334,543063,474832,491676,457705,"54.5239","null","null","null","null","null","null","null",27,"4","4-Seam Fastball",0,1,0,1,1,0,0,1,"Standard","Standard"
"KC","2018-05-23","77.9","-2.1204","6.1449","Jeff Samardzija",621043,502188,"null","ball",,,,,"2","null","R","R","R","HOU","SF","B","null","null",1,1,2018,"0.4808","-0.4679","0.0896","3.5339","null","null","null",1,4,"Bot","null","null",,,460026,,"180523_192203","3.8371","-113.3003","2.0860","3.3529","20.3939","-36.7321","3.5928","1.7514","null","null","null","76.9940","2295","5.6370",530144,502188,460026,467055,605509,446334,543063,474832,491676,457705,"54.8659","null","null","null","null","null","null","null",27,"3","Knuckle Curve",0,1,0,1,1,0,0,1,"Standard","Standard"
"KC","2018-05-23","78.2","-2.0476","6.1487","Jeff Samardzija",621043,502188,"null","ball",,,,,"14","null","R","R","R","HOU","SF","B","null","null",0,1,2018,"0.4162","-0.5127","0.9321","1.7924","null","null","null",1,4,"Bot","null","null",,,460026,,"180523_192145","5.6386","-113.8075","-1.6110","2.5922","20.0706","-36.5299","3.6939","1.7145","null","null","null","77.9700","2467","6.0350",530144,502188,460026,467055,605509,446334,543063,474832,491676,457705,"54.4676","null","null","null","null","null","null","null",27,"2","Knuckle Curve",0,1,0,1,1,0,0,1,"Standard","Standard"
"KC","2018-05-23","74.8","-2.1722","6.1459","Jeff Samardzija",621043,502188,"null","called_strike",,,,,"9","null","R","R","R","HOU","SF","S","null","null",0,0,2018,"0.3928","-0.6490","0.3309","2.1347","null","null","null",1,4,"Bot","null","null",,,460026,,"180523_192130","4.4517","-108.8362","0.0338","2.3032","19.0388","-37.5050","3.5475","1.6855","null","null","null","74.3850","2294","5.9810",530144,502188,460026,467055,605509,446334,543063,474832,491676,457705,"54.5209","null","null","null","null","null","null","null",27,"1","Knuckle Curve",0,1,0,1,1,0,0,1,"Standard","Standard"
"KC","2018-05-23","76.5","-2.2039","6.2309","Jeff Samardzija",514888,502188,"null","called_strike",,,,,"6","null","R","R","R","HOU","SF","S","null","null",0,1,2018,"0.0027","-0.7266","0.5325","2.4192","null","null","null",0,4,"Bot","null","null",,,460026,,"180523_192034","5.6945","-111.1797","0.3156","-1.0668","21.2586","-38.3614","2.9041","1.3334","null","null","null","75.3980","2274","5.7050",530144,502188,460026,467055,605509,446334,543063,474832,491676,457705,"54.7970","null","null","null","null","null","null","null",26,"2","Knuckle Curve",0,1,0,1,1,0,0,1,"Standard","Standard"
"KC","2018-05-23","75.5","-2.2055","6.2249","Jeff Samardzija",514888,502188,"null","called_strike",,,,,"2","null","R","R","R","HOU","SF","S","null","null",0,0,2018,"-0.1137","-0.4964","0.2539","2.5251","null","null","null",0,4,"Bot","null","null",,,460026,,"180523_192019","5.2548","-109.6928","0.2850","-1.8212","19.2418","-36.3955","2.8654","1.4109","null","null","null","74.6940","2180","5.7650",530144,502188,460026,467055,605509,446334,543063,474832,491676,457705,"54.7378","null","null","null","null","null","null","null",26,"1","Knuckle Curve",0,1,0,1,1,0,0,1,"Standard","Standard"
"CU","2018-05-23","79.5","-2.1107","6.6105","Justin Verlander",446334,434378,"null","called_strike",,,,,"6","null","R","R","R","HOU","SF","S","null","null",1,1,2018,"1.1032","-0.8959","0.4710","2.6776","null","null","474832.00",2,4,"Top","null","null",,,435263,,"180523_191600","3.5949","-115.4490","-0.1903","8.7240","22.9494","-40.0931","3.7140","1.7307","null","null","null","77.6060","3016","5.2120",530144,434378,435263,493329,514888,608324,621043,503556,643393,543807,"55.2904","null","null","null","null","null","null","null",25,"3","Curveball",0,1,1,0,1,0,1,0,"Standard","Standard"
"CU","2018-05-23","78.5","-2.2137","6.7372","Justin Verlander",446334,434378,"null","ball",,,,,"14","null","R","R","R","HOU","SF","B","null","null",0,1,2018,"0.5490","-0.7040","1.3390","1.6888","null","null","474832.00",2,4,"Top","null","null",,,435263,,"180523_191531","6.5924","-114.0248","-2.7270","3.3641","21.9592","-37.8616","3.7229","1.7404","null","null","null","77.1060","2692","5.5010",530144,434378,435263,493329,514888,608324,621043,503556,643393,543807,"55.0012","null","null","null","null","null","null","null",25,"2","Curveball",0,1,1,0,1,0,1,0,"Standard","Standard"
"CU","2018-05-23","78.7","-2.0887","6.6687","Justin Verlander",446334,434378,"null","called_strike",,,,,"5","null","R","R","R","HOU","SF","S","null","null",0,0,2018,"1.0866","-0.6310","0.0312","2.4820","null","null","474832.00",2,4,"Top","null","null",,,435263,,"180523_191428","2.5982","-114.5196","-1.0840","8.8938","21.7497","-37.6650","3.7073","1.7145","null","null","null","78.0410","2976","5.8900",530144,434378,435263,493329,514888,608324,621043,503556,643393,543807,"54.6119","null","null","null","null","null","null","null",25,"1","Curveball",0,1,1,0,1,0,1,0,"Standard","Standard"
"FF","2018-05-23","94.6","-1.9125","6.6737","Justin Verlander",474832,434378,"null","called_strike",,,,,"11","null","R","L","R","HOU","SF","S","null","null",0,0,2018,"-0.8344","1.7576","-0.8980","2.5222","null","null","null",2,4,"Top","null","null",,,435263,,"180523_191322","4.5130","-137.4703","-9.0419","-11.6038","31.7005","-8.0585","3.2834","1.5845","null","null","null","94.5080","2579","6.4050",530144,434378,435263,493329,514888,608324,621043,503556,643393,543807,"54.0978","null","null","null","null","null","null","null",24,"1","4-Seam Fastball",0,1,1,0,1,0,1,0,"Infield shift","Standard"
"SL","2018-05-23","86.2","-2.0356","6.5220","Justin Verlander",457705,434378,"null","ball",,,,,"14","null","R","R","R","HOU","SF","B","null","null",2,2,2018,"0.3303","0.0605","0.6494","1.1484","491676.00","null","null",0,4,"Top","null","null",,,435263,,"180523_191140","5.6524","-125.2120","-6.5522","2.2466","25.4653","-30.4689","3.5251","1.6251","null","null","null","85.1300","2624","5.7140",530144,434378,435263,493329,514888,608324,621043,503556,643393,543807,"54.7888","null","null","null","null","null","null","null",22,"6","Slider",0,0,0,0,0,0,0,0,"Strategic","Standard"
"FF","2018-05-23","96.7","-1.8555","6.7266","Justin Verlander",457705,434378,"null","ball",,,,,"11","null","R","R","R","HOU","SF","B","null","null",1,2,2018,"-0.6804","1.6730","-0.2463","4.2885","491676.00","null","null",0,4,"Top","null","null",,,435263,,"180523_191118","5.8097","-140.6725","-4.6950","-10.3019","32.7973","-9.3099","3.4574","1.5670","null","null","null","96.3050","2622","6.1450",530144,434378,435263,493329,514888,608324,621043,503556,643393,543807,"54.3577","null","null","null","null","null","null","null",22,"5","4-Seam Fastball",0,0,0,0,0,0,0,0,"Strategic","Standard"
"FF","2018-05-23","96.5","-1.9069","6.7503","Justin Verlander",457705,434378,"null","ball",,,,,"11","null","R","R","R","HOU","SF","B","null","null",0,2,2018,"-0.9225","1.7149","-0.4699","4.4097","491676.00","null","null",0,4,"Top","null","null",,,435263,,"180523_191016","5.7925","-140.1075","-4.3156","-13.2403","36.0078","-9.5027","3.5051","1.5663","null","null","null","94.7090","2704","5.6870",530144,434378,435263,493329,514888,608324,621043,503556,643393,543807,"54.8155","null","null","null","null","null","null","null",22,"3","4-Seam Fastball",0,0,0,0,0,0,0,0,"Strategic","Standard"
"SL","2018-05-23","83.5","-2.1569","6.5141","Justin Verlander",491676,434378,"null","ball",,,,,"14","null","R","R","R","HOU","SF","B","null","null",0,2,2018,"0.2860","-0.1637","1.0301","1.3817","null","null","null",0,4,"Top","null","null",,,435263,,"180523_190803","6.7151","-121.3462","-5.0258","1.5190","22.8071","-33.0539","3.4577","1.5809","null","null","null","82.8160","2651","5.8210",530144,434378,435263,493329,514888,608324,621043,503556,643393,543807,"54.6817","null","null","null","null","null","null","null",21,"3","Slider",0,0,0,0,0,0,0,0,"Standard","Standard"
"CU","2018-05-23","78.5","-2.2566","6.6298","Justin Verlander",491676,434378,"null","called_strike",,,,,"5","null","R","R","R","HOU","SF","S","null","null",0,1,2018,"0.7030","-0.6729","-0.1172","2.3945","null","null","null",0,4,"Top","null","null",,,435263,,"180523_190741","3.3063","-113.9990","-1.0778","5.2189","21.6203","-37.8567","3.4279","1.5130","null","null","null","76.5120","2742","5.0420",530144,434378,435263,493329,514888,608324,621043,503556,643393,543807,"55.4601","null","null","null","null","null","null","null",21,"2","Curveball",0,0,0,0,0,0,0,0,"Standard","Standard"
"FF","2018-05-23","92.3","-1.9740","6.7738","Justin Verlander",491676,434378,"null","called_strike",,,,,"9","null","R","R","R","HOU","SF","S","null","null",0,0,2018,"-0.9003","1.7418","0.7412","1.9261","null","null","null",0,4,"Top","null","null",,,435263,,"180523_190720","8.7217","-133.6858","-10.0410","-12.5304","29.7068","-9.6958","3.4860","1.5421","null","null","null","91.0730","2570","5.8780",530144,434378,435263,493329,514888,608324,621043,503556,643393,543807,"54.6246","null","null","null","null","null","null","null",21,"1","4-Seam Fastball",0,0,0,0,0,0,0,0,"Standard","Standard"
"FF","2018-05-23","90.3","-2.4578","6.1364","Jeff Samardzija",608324,502188,"null","called_strike",,,,,"12","null","R","R","R","HOU","SF","S","null","null",0,0,2018,"-0.2116","1.3886","0.2192","3.4269","null","null","543807.00",2,3,"Bot","null","null",,,460026,,"180523_190350","7.1082","-131.2721","-3.7112","-3.9940","28.7868","-15.6003","3.2210","1.5943","null","null","null","90.1120","2484","6.3120",530144,502188,460026,467055,605509,446334,543063,474832,491676,457705,"54.1901","null","null","null","null","null","null","null",20,"1","4-Seam Fastball",0,0,0,0,0,0,0,0,"Standard","Standard"
"KC","2018-05-23","77.7","-2.1575","6.1166","Jeff Samardzija",543807,502188,"null","ball",,,,,"14","null","R","R","R","HOU","SF","B","null","null",2,2,2018,"0.2359","-1.0664","1.6123","1.5349","null","null","null",2,3,"Bot","null","null",,,460026,,"180523_201700","7.5900","-112.8121","-0.8547","0.4310","22.9159","-41.1789","3.4900","1.6010","null","null","null","76.7750","2445","6.0180",530144,502188,460026,467055,605509,446334,543063,474832,491676,457705,"54.4848","null","null","null","null","null","null","null",19,"5","Knuckle Curve",0,0,0,0,0,0,0,0,"Standard","Standard"
"FT","2018-05-23","90.2","-2.3858","6.1498","Jeff Samardzija",543807,502188,"null","ball",,,,,"11","null","R","R","R","HOU","SF","B","null","null",1,2,2018,"-0.9592","1.3678","-1.3121","5.5990","null","null","643393.00",1,3,"Bot","null","null",,,460026,,"180523_201700","4.6357","-131.1340","1.7635","-11.8836","29.9088","-17.3952","3.5271","1.6802","null","null","null","89.1840","2279","5.8920",530144,502188,460026,467055,605509,446334,543063,474832,491676,457705,"54.6099","null","null","null","null","null","null","null",19,"4","2-Seam Fastball",0,0,0,0,0,0,0,0,"Standard","Standard"
"FT","2018-05-23","92.9","-2.1868","5.9031","Jeff Samardzija",543807,502188,"null","ball",,,,,"11","null","R","R","R","HOU","SF","B","null","null",0,0,2018,"-1.4458","1.1072","-1.1215","3.0275","null","null","643393.00",1,3,"Bot","null","null",,,460026,,"180523_201700","5.8639","-135.1180","-3.9399","-18.8856","31.4993","-18.0769","3.7253","1.7138","null","null","null","92.4350","2414","6.2000",530144,502188,460026,467055,605509,446334,543063,474832,491676,457705,"54.3023","null","null","null","null","null","null","null",19,"1","2-Seam Fastball",0,0,0,0,0,0,0,0,"Standard","Standard"
"FT","2018-05-23","93.0","-2.7426","6.0067","Jeff Samardzija",643393,502188,"walk","ball",,,,,"11","Tony Kemp walks.  ","R","L","R","HOU","SF","B","null","null",3,1,2018,"-1.1184","1.4673","-0.8401","3.2136","null","null","null",1,3,"Bot","null","null",,,460026,,"180523_185814","7.2431","-135.1411","-4.4826","-15.1355","30.9590","-13.7119","2.9638","1.4139","null","null","null","92.1670","2474","5.9870",530144,502188,460026,467055,605509,446334,543063,474832,491676,457705,"54.5157","null","null","0.70",1,0,0,"null",18,"5","2-Seam Fastball",0,0,0,0,0,0,0,0,"Standard","Standard"
"FT","2018-05-23","93.2","-2.4735","6.0161","Jeff Samardzija",643393,502188,"null","ball",,,,,"11","null","R","L","R","HOU","SF","B","null","null",2,1,2018,"-1.1195","1.4243","-0.9947","2.9914","null","null","null",1,3,"Bot","null","null",,,460026,,"180523_185756","6.1657","-135.3904","-4.9940","-14.9271","31.2821","-14.0912","3.0219","1.4527","null","null","null","92.2060","2466","5.9230",530144,502188,460026,467055,605509,446334,543063,474832,491676,457705,"54.5793","null","null","null","null","null","null","null",18,"4","2-Seam Fastball",0,0,0,0,0,0,0,0,"Standard","Standard"
"FF","2018-05-23","90.7","-2.3923","6.0823","Jeff Samardzija",643393,502188,"null","ball",,,,,"14","null","R","L","R","HOU","SF","B","null","null",1,1,2018,"-0.4518","1.1611","1.2666","1.9496","null","null","null",1,3,"Bot","null","null",,,460026,,"180523_185737","10.0245","-131.5519","-6.7856","-7.2804","27.3032","-17.6272","3.0316","1.4236","null","null","null","90.1040","2587","6.0590",530144,502188,460026,467055,605509,446334,543063,474832,491676,457705,"54.4429","null","null","null","null","null","null","null",18,"3","4-Seam Fastball",0,0,0,0,0,0,0,0,"Standard","Standard"
"FF","2018-05-23","91.4","-2.5303","6.0824","Jeff Samardzija",643393,502188,"null","ball",,,,,"12","null","R","L","R","HOU","SF","B","null","null",0,1,2018,"-0.5989","1.2840","0.5008","3.8450","null","null","null",1,3,"Bot","null","null",,,460026,,"180523_185718","8.8434","-132.8028","-2.4554","-8.8845","28.3458","-16.8808","3.0413","1.4236","null","null","null","90.7730","2634","5.9860",530144,502188,460026,467055,605509,446334,543063,474832,491676,457705,"54.5162","null","null","null","null","null","null","null",18,"2","4-Seam Fastball",0,0,0,0,0,0,0,0,"Standard","Standard"
"FF","2018-05-23","92.6","-2.4944","5.9876","Jeff Samardzija",643393,502188,"null","called_strike",,,,,"1","null","R","L","R","HOU","SF","S","null","null",0,0,2018,"-0.9647","1.4580","-0.5127","2.7025","null","null","null",1,3,"Bot","null","null",,,460026,,"180523_185704","7.0631","-134.4440","-5.5923","-13.1066","31.5962","-13.8171","3.0118","1.4337","null","null","null","91.4440","2454","5.9100",530144,502188,460026,467055,605509,446334,543063,474832,491676,457705,"54.5919","null","null","null","null","null","null","null",18,"1","4-Seam Fastball",0,0,0,0,0,0,0,0,"Standard","Standard"
"FS","2018-05-23","80.9","-2.2464","6.1264","Jeff Samardzija",594828,502188,"null","ball",,,,,"11","null","R","R","R","HOU","SF","B","null","null",2,2,2018,"-1.2221","0.7575","-1.1511","2.9292","null","null","null",0,3,"Bot","null","null",,,460026,,"180523_185519","4.6994","-117.6726","-1.8602","-12.0752","23.5338","-25.1503","3.5575","1.7198","null","null","null","80.1390","1594","5.9130",530144,502188,460026,467055,605509,446334,543063,474832,491676,457705,"54.5890","null","null","null","null","null","null","null",17,"7","Split Finger",0,0,0,0,0,0,0,0,"Standard","Standard"
"SL","2018-05-23","86.1","-2.4011","6.1858","Jeff Samardzija",594828,502188,"null","called_strike",,,,,"3","null","R","R","R","HOU","SF","S","null","null",2,1,2018,"-0.1051","0.7940","0.2917","3.2874","null","null","null",0,3,"Bot","null","null",,,460026,,"180523_185349","6.5806","-125.2995","-2.2493","-2.3891","24.5326","-23.6404","3.3926","1.7581","null","null","null","85.9440","2271","6.1180",530144,502188,460026,467055,605509,446334,543063,474832,491676,457705,"54.3845","null","null","null","null","null","null","null",17,"4","Slider",0,0,0,0,0,0,0,0,"Standard","Standard"
"FT","2018-05-23","93.2","-2.4938","6.0413","Jeff Samardzija",594828,502188,"null","ball",,,,,"14","null","R","R","R","HOU","SF","B","null","null",1,1,2018,"-1.1091","1.2754","2.0687","2.2807","null","null","null",0,3,"Bot","null","null",,,460026,,"180523_185329","14.0297","-134.7817","-6.5415","-16.5512","30.1646","-15.5165","3.4332","1.7601","null","null","null","92.3520","2431","6.1970",530144,502188,460026,467055,605509,446334,543063,474832,491676,457705,"54.3055","null","null","null","null","null","null","null",17,"3","2-Seam Fastball",0,0,0,0,0,0,0,0,"Standard","Standard"
"KC","2018-05-23","75.4","-2.0650","6.1669","Jeff Samardzija",594828,502188,"null","ball",,,,,"14","null","R","R","R","HOU","SF","B","null","null",0,1,2018,"0.2346","-0.3193","1.0026","0.5142","null","null","null",0,3,"Bot","null","null",,,460026,,"180523_185310","5.9221","-109.4886","-3.9254","0.6811","21.6107","-34.1748","3.4429","1.6341","null","null","null","74.5400","2279","6.0410",530144,502188,460026,467055,605509,446334,543063,474832,491676,457705,"54.4614","null","null","null","null","null","null","null",17,"2","Knuckle Curve",0,0,0,0,0,0,0,0,"Standard","Standard"
"FF","2018-05-23","94.6","-1.7813","6.7789","Justin Verlander",605509,434378,"null","ball",,,,,"14","null","R","R","R","HOU","SF","B","null","null",0,0,2018,"-0.9298","1.6028","1.5040","2.4106","null","null","null",2,3,"Top","null","null",,,435263,,"180523_185009","10.5104","-137.0501","-9.0821","-13.9559","31.4657","-10.4317","3.4913","1.5447","null","null","null","93.5590","2573","6.0120",530144,434378,435263,493329,514888,608324,621043,503556,643393,543807,"54.4905","null","null","null","null","null","null","null",16,"1","4-Seam Fastball",0,0,0,0,0,0,0,0,"Standard","Strategic"
"FF","2018-05-23","94.9","-1.8418","6.8230","Justin Verlander",460026,434378,"null","ball",,,,,"11","null","R","R","R","HOU","SF","B","null","null",0,2,2018,"-0.9812","1.6276","-0.4066","4.5855","null","null","null",1,3,"Top","null","null",,,435263,,"180523_184850","5.8957","-137.9405","-3.7177","-13.7458","33.4024","-11.0886","3.4943","1.5544","null","null","null","94.0730","2610","6.0700",530144,434378,435263,493329,514888,608324,621043,503556,643393,543807,"54.4326","null","null","null","null","null","null","null",15,"3","4-Seam Fastball",0,0,0,0,0,0,0,0,"Standard","Strategic"
"FF","2018-05-23","93.3","-1.9449","6.8294","Justin Verlander",467055,434378,"null","ball",,,,,"9","null","R","L","R","HOU","SF","B","null","null",1,0,2018,"-1.2707","1.6485","0.4190","1.5000","null","null","null",0,3,"Top","null","null",,,435263,,"180523_184635","8.6621","-134.9222","-11.1928","-17.1237","31.4456","-10.2343","3.1720","1.5339","null","null","null","91.5160","2599","5.7260",530144,434378,435263,493329,514888,608324,621043,503556,643393,543807,"54.7760","null","null","null","null","null","null","null",14,"2","4-Seam Fastball",0,0,0,0,0,0,0,0,"Strategic","Standard"
"FF","2018-05-23","92.7","-1.9989","6.8165","Justin Verlander",467055,434378,"null","ball",,,,,"11","null","R","L","R","HOU","SF","B","null","null",0,0,2018,"-1.3610","1.6587","-0.6590","3.4675","null","null","null",0,3,"Top","null","null",,,435263,,"180523_184617","6.2658","-134.5102","-6.1602","-17.5878","32.0172","-11.3566","3.1817","1.5242","null","null","null","91.2820","2598","5.8150",530144,434378,435263,493329,514888,608324,621043,503556,643393,543807,"54.6877","null","null","null","null","null","null","null",14,"1","4-Seam Fastball",0,0,0,0,0,0,0,0,"Strategic","Standard"
"FT","2018-05-23","91.0","-2.6539","6.1079","Jeff Samardzija",435263,502188,"null","called_strike",,,,,"4","null","R","L","R","HOU","SF","S","null","null",3,0,2018,"-1.3041","1.3544","-0.4633","2.4424","null","null","null",2,2,"Bot","null","null",,,460026,,"180523_184334","8.1484","-131.9980","-6.0221","-16.7419","29.0487","-15.5709","3.4246","1.7153","null","null","null","89.8910","2410","5.8650",530144,502188,460026,467055,605509,446334,543063,474832,491676,457705,"54.6375","null","null","null","null","null","null","null",13,"4","2-Seam Fastball",0,0,0,0,0,0,0,0,"Infield shift","Strategic"
"FT","2018-05-23","91.9","-2.4862","6.1004","Jeff Samardzija",435263,502188,"null","ball",,,,,"11","null","R","L","R","HOU","SF","B","null","null",2,0,2018,"-1.3998","1.2081","-1.1296","3.8477","null","null","null",2,2,"Bot","null","null",,,460026,,"180523_184316","6.3323","-133.5229","-2.3560","-17.7815","30.1101","-17.7848","3.4425","1.7153","null","null","null","90.7380","2357","5.7780",530144,502188,460026,467055,605509,446334,543063,474832,491676,457705,"54.7246","null","null","null","null","null","null","null",13,"3","2-Seam Fastball",0,0,0,0,0,0,0,0,"Infield shift","Strategic"
"FF","2018-05-23","90.4","-2.4877","6.0638","Jeff Samardzija",435263,502188,"null","ball",,,,,"12","null","R","L","R","HOU","SF","B","null","null",1,0,2018,"-0.5471","1.1689","0.8341","2.7671","null","null","null",2,2,"Bot","null","null",,,460026,,"180523_184254","9.3927","-131.2959","-4.6830","-8.3236","28.7315","-17.9906","3.4231","1.7250","null","null","null","89.8870","2430","6.1590",530144,502188,460026,467055,605509,446334,543063,474832,491676,457705,"54.3436","null","null","null","null","null","null","null",13,"2","4-Seam Fastball",0,0,0,0,0,0,0,0,"Infield shift","Strategic"
"FS","2018-05-23","80.6","-2.4050","6.1928","Jeff Samardzija",435263,502188,"null","ball",,,,,"11","null","R","L","R","HOU","SF","B","null","null",0,0,2018,"-1.3071","1.0887","-1.8530","4.0323","null","null","null",2,2,"Bot","null","null",,,460026,,"180523_184235","3.6092","-117.1423","-0.1071","-12.4453","23.4176","-22.6486","3.5296","1.7347","null","null","null","79.4980","1609","5.7270",530144,502188,460026,467055,605509,446334,543063,474832,491676,457705,"54.7755","null","null","null","null","null","null","null",13,"1","Split Finger",0,0,0,0,0,0,0,0,"Infield shift","Strategic"
"FT","2018-05-23","93.0","-2.4823","6.0538","Jeff Samardzija",493329,502188,"null","called_strike",,,,,"5","null","R","R","R","HOU","SF","S","null","null",3,1,2018,"-1.4752","0.9165","-0.2083","2.8555","null","null","null",1,2,"Bot","null","null",,,460026,,"180523_184115","8.8994","-135.0481","-4.3204","-19.6611","29.6016","-20.4678","3.5587","1.5931","null","null","null","92.0000","2403","5.8220",530144,502188,460026,467055,605509,446334,543063,474832,491676,457705,"54.6799","null","null","null","null","null","null","null",12,"5","2-Seam Fastball",0,0,0,0,0,0,0,0,"Infield shift","Standard"
"FT","2018-05-23","92.7","-2.4092","6.0145","Jeff Samardzija",493329,502188,"null","ball",,,,,"14","null","R","R","R","HOU","SF","B","null","null",2,1,2018,"-1.5331","0.9301","1.2416","1.3032","null","null","null",1,2,"Bot","null","null",,,460026,,"180523_184056","12.4531","-134.1950","-8.0784","-20.9064","28.9214","-19.6162","3.5792","1.6334","null","null","null","91.5490","2418","5.8780",530144,502188,460026,467055,605509,446334,543063,474832,491676,457705,"54.6244","null","null","null","null","null","null","null",12,"4","2-Seam Fastball",0,0,0,0,0,0,0,0,"Infield shift","Standard"
"KC","2018-05-23","77.6","-2.1762","6.0833","Jeff Samardzija",493329,502188,"null","ball",,,,,"11","null","R","R","R","HOU","SF","B","null","null",1,1,2018,"0.1761","-0.2330","-0.8998","3.9641","null","null","null",1,2,"Bot","null","null",,,460026,,"180523_184039","2.3927","-112.8622","2.7795","1.0459","20.4244","-34.8734","3.5501","1.5849","null","null","null","76.9460","2187","5.8380",530144,502188,460026,467055,605509,446334,543063,474832,491676,457705,"54.6639","null","null","null","null","null","null","null",12,"3","Knuckle Curve",0,0,0,0,0,0,0,0,"Infield shift","Standard"
"FT","2018-05-23","91.4","-2.5852","5.9919","Jeff Samardzija",493329,502188,"null","ball",,,,,"11","null","R","R","R","HOU","SF","B","null","null",0,1,2018,"-1.5432","0.8641","-1.4149","2.8818","null","null","null",1,2,"Bot","null","null",,,460026,,"180523_184023","6.1314","-132.8174","-3.7217","-19.2139","28.6864","-21.5998","3.5792","1.5946","null","null","null","90.4000","2394","5.7770",530144,502188,460026,467055,605509,446334,543063,474832,491676,457705,"54.7254","null","null","null","null","null","null","null",12,"2","2-Seam Fastball",0,0,0,0,0,0,0,0,"Infield shift","Standard"
"KC","2018-05-23","74.7","-2.2177","6.1830","Jeff Samardzija",493329,502188,"null","called_strike",,,,,"3","null","R","R","R","HOU","SF","S","null","null",0,0,2018,"0.2435","-0.3426","0.7040","3.2564","null","null","null",1,2,"Bot","null","null",,,460026,,"180523_184009","5.5223","-108.5575","1.7364","0.9127","18.9724","-35.3708","3.6280","1.6043","null","null","null","73.7250","2198","5.6320",530144,502188,460026,467055,605509,446334,543063,474832,491676,457705,"54.8708","null","null","null","null","null","null","null",12,"1","Knuckle Curve",0,0,0,0,0,0,0,0,"Infield shift","Standard"
"FT","2018-05-23","88.8","-2.5111","6.0677","Jeff Samardzija",503556,502188,"null","called_strike",,,,,"13","null","R","L","R","HOU","SF","S","null","null",0,0,2018,"-1.4946","0.9517","-1.0054","2.1232","null","null","null",0,2,"Bot","null","null",,,460026,,"180523_183856","6.6428","-128.8774","-5.4256","-17.6624","27.7356","-20.9279","3.6130","1.7538","null","null","null","87.4850","2298","5.6900",530144,502188,460026,467055,605509,446334,543063,474832,491676,457705,"54.8127","null","null","null","null","null","null","null",11,"1","2-Seam Fastball",0,0,0,0,0,0,0,0,"Standard","Standard"
"FF","2018-05-23","94.2","-1.9501","6.7745","Justin Verlander",543063,434378,"null","ball",,,,,"12","null","R","L","R","HOU","SF","B","null","null",0,1,2018,"-0.8423","1.8767","0.8908","2.9458","null","null","null",2,2,"Top","null","null",,,435263,,"180523_183606","9.0520","-136.5172","-8.1021","-12.3290","31.4160","-7.7415","3.3527","1.5440","null","null","null","92.5830","2578","5.6590",530144,434378,435263,493329,514888,608324,621043,503556,643393,543807,"54.8435","null","null","null","null","null","null","null",10,"2","4-Seam Fastball",0,0,0,0,0,0,0,0,"Infield shift","Standard"
"CU","2018-05-23","78.5","-2.1395","6.6823","Justin Verlander",446334,434378,"strikeout","called_strike",,,,,"4","Evan Longoria called out on strikes.  ","R","R","R","HOU","SF","S",2,"null",2,2,2018,"0.9027","-1.1857","-0.3233","2.5173","null","null","null",1,2,"Top","null","null",,,435263,,"180523_183508","2.2776","-114.1652","-0.0094","7.1577","22.4166","-42.4418","3.7376","1.7254","null","null","null","77.0250","2774","5.4170",530144,434378,435263,493329,514888,608324,621043,503556,643393,543807,"55.0856","null","null","0.00",1,0,0,"null",9,"6","Curveball",0,0,0,0,0,0,0,0,"Standard","Standard"
"SL","2018-05-23","83.9","-2.1906","6.6743","Justin Verlander",446334,434378,"null","ball",,,,,"14","null","R","R","R","HOU","SF","B","null","null",1,2,2018,"0.3614","-0.0669","0.2754","0.6535","null","null","null",1,2,"Top","null","null",,,435263,,"180523_183445","4.9283","-121.8288","-7.2647","2.5500","23.5090","-31.6735","3.7368","1.7545","null","null","null","82.6310","2609","5.5220",530144,434378,435263,493329,514888,608324,621043,503556,643393,543807,"54.9799","null","null","null","null","null","null","null",9,"5","Slider",0,0,0,0,0,0,0,0,"Standard","Standard"
"CU","2018-05-23","77.0","-2.1591","6.6990","Justin Verlander",446334,434378,"null","called_strike",,,,,"4","null","R","R","R","HOU","SF","S","null","null",1,1,2018,"1.0022","-0.8367","-0.7064","2.9077","null","null","null",1,2,"Top","null","null",,,435263,,"180523_183359","1.3060","-111.9289","0.4150","7.8763","21.0024","-39.3072","3.8054","1.7545","null","null","null","75.5480","2644","5.3790",530144,434378,435263,493329,514888,608324,621043,503556,643393,543807,"55.1233","null","null","null","null","null","null","null",9,"3","Curveball",0,0,0,0,0,0,0,0,"Standard","Standard"
"FF","2018-05-23","93.6","-1.9154","6.8544","Justin Verlander",446334,434378,"null","ball",,,,,"12","null","R","R","R","HOU","SF","B","null","null",0,1,2018,"-0.8062","1.4137","0.1724","4.3349","null","null","null",1,2,"Top","null","null",,,435263,,"180523_183342","7.0809","-135.9618","-3.7638","-11.4450","30.9943","-14.3213","3.7272","1.7545","null","null","null","92.7180","2426","5.9550",530144,434378,435263,493329,514888,608324,621043,503556,643393,543807,"54.5472","null","null","null","null","null","null","null",9,"2","4-Seam Fastball",0,0,0,0,0,0,0,0,"Standard","Standard"
"SL","2018-05-23","83.8","-2.2488","6.5933","Justin Verlander",474832,434378,"strikeout","called_strike",,,,,"2","Brandon Belt called out on strikes.  ","R","L","R","HOU","SF","S",2,"null",2,2,2018,"0.1540","0.0379","0.2422","3.1366","null","null","null",0,2,"Top","null","null",,,435263,,"180523_183229","5.3886","-121.8833","-1.6542","0.4888","22.9246","-31.7339","3.2540","1.5551","null","null","null","82.9250","2562","5.6390",530144,434378,435263,493329,514888,608324,621043,503556,643393,543807,"54.8629","null","null","0.00",1,0,0,"null",8,"5","Slider",0,0,0,0,0,0,0,0,"Infield shift","Standard"
"FF","2018-05-23","94.4","-2.0087","6.7804","Justin Verlander",474832,434378,"null","ball",,,,,"11","null","R","L","R","HOU","SF","B","null","null",1,2,2018,"-1.0224","1.6721","-0.8587","3.8436","null","null","null",0,2,"Top","null","null",,,435263,,"180523_183207","5.1747","-137.0999","-5.4801","-13.8362","33.1616","-10.5303","3.2637","1.5745","null","null","null","93.1260","2571","5.8590",530144,434378,435263,493329,514888,608324,621043,503556,643393,543807,"54.6436","null","null","null","null","null","null","null",8,"4","4-Seam Fastball",0,0,0,0,0,0,0,0,"Infield shift","Standard"
"FF","2018-05-23","92.7","-2.0847","6.7389","Justin Verlander",474832,434378,"null","ball",,,,,"11","null","R","L","R","HOU","SF","B","null","null",0,1,2018,"-1.0449","1.5709","-0.2171","3.5077","null","null","null",0,2,"Top","null","null",,,435263,,"180523_183122","6.9088","-134.5083","-5.6671","-13.9526","31.4268","-12.5667","3.2831","1.5745","null","null","null","91.2100","2466","5.7250",530144,434378,435263,493329,514888,608324,621043,503556,643393,543807,"54.7778","null","null","null","null","null","null","null",8,"2","4-Seam Fastball",0,0,0,0,0,0,0,0,"Infield shift","Standard"
"FF","2018-05-23","92.8","-1.8583","6.8853","Justin Verlander",474832,434378,"null","called_strike",,,,,"5","null","R","L","R","HOU","SF","S","null","null",0,0,2018,"-0.9320","1.6256","0.1533","2.4966","null","null","null",0,2,"Top","null","null",,,435263,,"180523_183104","7.0382","-134.5626","-8.7316","-12.6372","30.3312","-11.1869","3.3121","1.5842","null","null","null","91.4130","2469","5.7390",530144,434378,435263,493329,514888,608324,621043,503556,643393,543807,"54.7635","null","null","null","null","null","null","null",8,"1","4-Seam Fastball",0,0,0,0,0,0,0,0,"Infield shift","Standard"
"FT","2018-05-23","93.8","-2.5675","6.0994","Jeff Samardzija",621043,502188,"strikeout_double_play","called_strike",,,,,"6","Carlos Correa called out on strikes and Alex Bregman caught stealing 3rd, catcher Nick Hundley to third baseman Evan Longoria.  ","R","R","R","HOU","SF","S",2,"null",3,2,2018,"-1.3487","1.4595","0.7755","2.5031","null","608324.00","514888.00",1,1,"Bot","null","null",,,460026,,"180523_182841","11.4727","-135.8759","-6.6183","-19.0714","31.0023","-13.1012","3.7490","1.7320","null","null","null","92.7430","2476","6.0090",530144,502188,460026,467055,605509,446334,543063,474832,491676,457705,"54.4935","null","null","0.00",1,0,0,"null",7,"6","2-Seam Fastball",0,0,0,0,0,0,0,0,"Standard","Standard"
"FT","2018-05-23","93.3","-2.4620","6.1144","Jeff Samardzija",621043,502188,"null","called_strike",,,,,"5","null","R","R","R","HOU","SF","S","null","null",3,1,2018,"-1.2732","1.1829","-0.1795","2.7257","null","608324.00","514888.00",1,1,"Bot","null","null",,,460026,,"180523_182747","8.5751","-135.4312","-5.4526","-17.3836","30.1180","-16.8163","3.6232","1.6836","null","null","null","92.5880","2487","6.0460",530144,502188,460026,467055,605509,446334,543063,474832,491676,457705,"54.4564","null","null","null","null","null","null","null",7,"5","2-Seam Fastball",0,0,0,0,0,0,0,0,"Standard","Standard"
"SL","2018-05-23","85.3","-2.4320","6.2368","Jeff Samardzija",621043,502188,"null","ball",,,,,"14","null","R","R","R","HOU","SF","B","null","null",2,1,2018,"-0.5536","0.7391","1.4449","2.2047","null","608324.00","514888.00",1,1,"Bot","null","null",,,460026,,"180523_182722","10.1481","-123.7097","-4.6051","-7.5993","23.7441","-23.9634","3.6549","1.6852","null","null","null","84.8680","2430","6.1120",530144,502188,460026,467055,605509,446334,543063,474832,491676,457705,"54.3907","null","null","null","null","null","null","null",7,"4","Slider",0,0,0,0,0,0,0,0,"Standard","Standard"
"FT","2018-05-23","91.4","-2.3532","6.1454","Jeff Samardzija",621043,502188,"null","ball",,,,,"11","null","R","R","R","HOU","SF","B","null","null",1,1,2018,"-1.3654","1.3243","-1.4289","4.3460","null","608324.00","514888.00",1,1,"Bot","null","null",,,460026,,"180523_182653","5.2211","-132.9888","-1.4418","-17.1647","30.2688","-16.5932","3.6839","1.6948","null","null","null","90.8270","2363","6.0880",530144,502188,460026,467055,605509,446334,543063,474832,491676,457705,"54.4143","null","null","null","null","null","null","null",7,"3","2-Seam Fastball",0,0,0,0,0,0,0,0,"Standard","Standard"
"SL","2018-05-23","89.0","-2.4324","6.1932","Jeff Samardzija",621043,502188,"null","called_strike",,,,,"14","null","R","R","R","HOU","SF","S","null","null",1,0,2018,"-0.2432","1.3320","0.8513","2.1072","null","608324.00","514888.00",1,1,"Bot","null","null",,,460026,,"180523_182630","8.5464","-129.3231","-6.7709","-4.4144","25.4657","-16.0886","3.5666","1.6852","null","null","null","89.0300","2477","6.2650",530144,502188,460026,467055,605509,446334,543063,474832,491676,457705,"54.2373","null","null","null","null","null","null","null",7,"2","Slider",0,0,0,0,0,0,0,0,"Standard","Standard"
"FT","2018-05-23","91.8","-2.3458","6.1468","Jeff Samardzija",621043,502188,"null","ball",,,,,"11","null","R","R","R","HOU","SF","B","null","null",0,0,2018,"-1.2577","1.3636","-1.3208","4.0602","null","608324.00","514888.00",1,1,"Bot","null","null",,,460026,,"180523_182605","5.2590","-133.5146","-2.3040","-16.0187","30.1180","-15.8148","3.6258","1.7045","null","null","null","91.1860","2416","6.0570",530144,502188,460026,467055,605509,446334,543063,474832,491676,457705,"54.4458","null","null","null","null","null","null","null",7,"1","2-Seam Fastball",0,0,0,0,0,0,0,0,"Standard","Standard"
"KC","2018-05-23","81.9","-2.5386","6.2600","Jeff Samardzija",514888,502188,"walk","ball",,,,,"12","Jose Altuve walks.  ","R","R","R","HOU","SF","B","null","null",3,1,2018,"0.2100","0.8457","1.1939","2.8921","null","608324.00","null",1,1,"Bot","null","null",,,460026,,"180523_182521","7.9660","-118.9505","-2.6069","0.4251","23.0287","-23.9819","2.8453","1.3525","null","null","null","81.2780","2351","5.9960",530144,502188,460026,467055,605509,446334,543063,474832,491676,457705,"54.5061","null","null","0.70",1,0,0,"null",6,"5","Knuckle Curve",0,0,0,0,0,0,0,0,"Standard","Standard"
"SL","2018-05-23","87.9","-2.5662","6.2444","Jeff Samardzija",514888,502188,"null","ball",,,,,"12","null","R","R","R","HOU","SF","B","null","null",2,1,2018,"-0.3594","1.3622","0.8373","3.3956","null","608324.00","null",1,1,"Bot","null","null",,,460026,,"180523_182455","8.9993","-127.7827","-3.6188","-5.7592","25.7058","-16.6883","2.8066","1.4397","null","null","null","88.0570","2509","6.3920",530144,502188,460026,467055,605509,446334,543063,474832,491676,457705,"54.1108","null","null","null","null","null","null","null",6,"4","Slider",0,0,0,0,0,0,0,0,"Standard","Standard"
"FF","2018-05-23","89.7","-2.5784","6.1133","Jeff Samardzija",514888,502188,"null","called_strike",,,,,"2","null","R","R","R","HOU","SF","S","null","null",2,0,2018,"-0.5566","1.5077","0.0335","2.7154","null","null","608324.00",1,1,"Bot","null","null",,,460026,,"180523_182418","7.5630","-130.3172","-5.5000","-7.8502","27.3529","-14.2887","2.9329","1.3815","null","null","null","89.0790","2462","5.9940",530144,502188,460026,467055,605509,446334,543063,474832,491676,457705,"54.5086","null","null","null","null","null","null","null",6,"3","4-Seam Fastball",0,0,0,0,0,0,0,0,"Standard","Standard"
"SL","2018-05-23","83.6","-2.3276","6.1340","Jeff Samardzija",514888,502188,"null","ball",,,,,"14","null","R","R","R","HOU","SF","B","null","null",1,0,2018,"-0.1667","0.6775","1.1804","0.9097","null","null","608324.00",1,1,"Bot","null","null",,,460026,,"180523_182354","8.4096","-121.3100","-6.8899","-3.3460","24.5309","-24.3130","2.8260","1.4009","null","null","null","83.4440","2296","6.4200",530144,502188,460026,467055,605509,446334,543063,474832,491676,457705,"54.0823","null","null","null","null","null","null","null",6,"2","Slider",0,0,0,0,0,0,0,0,"Standard","Standard"
"SL","2018-05-23","83.8","-2.3379","6.0808","Jeff Samardzija",514888,502188,"null","ball",,,,,"13","null","R","R","R","HOU","SF","B","null","null",0,0,2018,"-0.3848","0.7668","-0.4831","0.8918","null","null","608324.00",1,1,"Bot","null","null",,,460026,,"180523_182328","5.0360","-121.8168","-7.0450","-4.8313","24.6703","-23.3767","2.8922","1.3606","null","null","null","83.5920","2340","6.2820",530144,502188,460026,467055,605509,446334,543063,474832,491676,457705,"54.2205","null","null","null","null","null","null","null",6,"1","Slider",0,0,0,0,0,0,0,0,"Standard","Standard"
"SL","2018-05-23","84.9","-2.4249","6.1128","Jeff Samardzija",608324,502188,"walk","ball",,,,,"14","Alex Bregman walks.  ","R","R","R","HOU","SF","B","null","null",3,1,2018,"-0.3526","0.7142","1.4100","2.0981","null","null","null",1,1,"Bot","null","null",,,460026,,"180523_182221","9.6743","-123.2336","-4.4849","-5.4568","23.5684","-24.2151","3.2204","1.5297","null","null","null","84.9740","2282","6.3940",530144,502188,460026,467055,605509,446334,543063,474832,491676,457705,"54.1088","null","null","0.70",1,0,0,"null",5,"5","Slider",0,0,0,0,0,0,0,0,"Standard","Standard"
"FT","2018-05-23","88.6","-2.4786","6.1182","Jeff Samardzija",608324,502188,"null","called_strike",,,,,"1","null","R","R","R","HOU","SF","S","null","null",3,0,2018,"-1.2024","1.1842","-0.5223","3.2426","null","null","null",1,1,"Bot","null","null",,,460026,,"180523_182200","7.2708","-128.7836","-3.4064","-14.8528","26.7617","-18.5437","3.1929","1.5216","null","null","null","88.4830","2356","6.2820",530144,502188,460026,467055,605509,446334,543063,474832,491676,457705,"54.2205","null","null","null","null","null","null","null",5,"4","2-Seam Fastball",0,0,0,0,0,0,0,0,"Standard","Standard"
"SL","2018-05-23","87.8","-2.4904","6.1602","Jeff Samardzija",608324,502188,"null","ball",,,,,"12","null","R","R","R","HOU","SF","B","null","null",2,0,2018,"-0.5498","1.4901","1.0785","2.9955","null","null","null",1,1,"Bot","null","null",,,460026,,"180523_182142","9.6980","-127.4378","-4.5412","-7.8989","25.7449","-15.3827","3.2138","1.5231","null","null","null","87.3010","2465","6.0790",530144,502188,460026,467055,605509,446334,543063,474832,491676,457705,"54.4230","null","null","null","null","null","null","null",5,"3","Slider",0,0,0,0,0,0,0,0,"Standard","Standard"
"SL","2018-05-23","87.0","-2.4070","6.1756","Jeff Samardzija",608324,502188,"null","ball",,,,,"12","null","R","R","R","HOU","SF","B","null","null",1,0,2018,"-0.2320","1.4381","1.5568","3.6319","null","null","null",1,1,"Bot","null","null",,,460026,,"180523_182119","9.8642","-126.2223","-2.7737","-4.3927","24.9393","-16.7094","3.2719","1.4844","null","null","null","86.1940","2375","5.8750",530144,502188,460026,467055,605509,446334,543063,474832,491676,457705,"54.6269","null","null","null","null","null","null","null",5,"2","Slider",0,0,0,0,0,0,0,0,"Standard","Standard"
"FT","2018-05-23","88.8","-2.5133","6.0796","Jeff Samardzija",608324,502188,"null","ball",,,,,"11","null","R","R","R","HOU","SF","B","null","null",0,0,2018,"-1.2469","1.2183","-1.0350","4.4577","null","null","null",1,1,"Bot","null","null",,,460026,,"180523_182059","6.1549","-129.0812","-0.4046","-15.0613","27.8151","-18.9071","3.2235","1.5037","null","null","null","88.1280","2389","6.0090",530144,502188,460026,467055,605509,446334,543063,474832,491676,457705,"54.4930","null","null","null","null","null","null","null",5,"1","2-Seam Fastball",0,0,0,0,0,0,0,0,"Standard","Standard"
"FT","2018-05-23","88.4","-2.3698","6.1214","Jeff Samardzija",543807,502188,"null","ball",,,,,"13","null","R","R","R","HOU","SF","B","null","null",0,1,2018,"-1.3378","1.1534","-0.5883","1.1412","null","null","null",0,1,"Bot","null","null",,,460026,,"180523_181956","6.9980","-128.1266","-8.2383","-15.9644","28.2796","-18.1782","3.5301","1.6542","null","null","null","87.1580","2448","5.8820",530144,502188,460026,467055,605509,446334,543063,474832,491676,457705,"54.6208","null","null","null","null","null","null","null",4,"2","2-Seam Fastball",0,0,0,0,0,0,0,0,"Standard","Standard"
"FT","2018-05-23","89.3","-2.5079","6.0256","Jeff Samardzija",543807,502188,"null","called_strike",,,,,"12","null","R","R","R","HOU","SF","S","null","null",0,0,2018,"-0.9666","1.2873","1.0346","2.7103","null","null","null",0,1,"Bot","null","null",,,460026,,"180523_181943","10.5790","-129.3995","-4.6623","-12.9544","28.5804","-17.2589","3.5505","1.6739","null","null","null","87.9870","2428","5.8360",530144,502188,460026,467055,605509,446334,543063,474832,491676,457705,"54.6667","null","null","null","null","null","null","null",4,"1","2-Seam Fastball",0,0,0,0,0,0,0,0,"Standard","Standard"
"FF","2018-05-23","93.0","-1.7831","6.8057","Justin Verlander",457763,434378,"null","ball",,,,,"14","null","R","R","R","HOU","SF","B","null","null",0,0,2018,"-0.9743","1.4729","1.4352","1.8001","null","null","null",2,1,"Top","null","null",,,435263,,"180523_181647","10.2277","-134.6676","-10.0678","-13.8707","28.6425","-12.5845","3.5243","1.6090","null","null","null","92.0110","2566","5.9250",530144,434378,435263,493329,514888,608324,621043,503556,643393,543807,"54.5773","null","null","null","null","null","null","null",3,"1","4-Seam Fastball",0,0,0,0,0,0,0,0,"Standard","Standard"
"FF","2018-05-23","94.9","-1.8230","6.7891","Justin Verlander",457705,434378,"strikeout","called_strike",,,,,"9","Andrew McCutchen called out on strikes.  ","R","R","R","HOU","SF","S",2,"null",1,2,2018,"-0.9326","1.7197","0.6296","1.9959","null","null","null",1,1,"Top","null","null",,,435263,,"180523_181613","8.3356","-137.5555","-10.4561","-13.4311","30.1140","-8.7266","3.5135","1.6163","null","null","null","93.6690","2538","5.7550",530144,434378,435263,493329,514888,608324,621043,503556,643393,543807,"54.7470","null","null","0.00",1,0,0,"null",2,"4","4-Seam Fastball",0,0,0,0,0,0,0,0,"Standard","Standard"
"FF","2018-05-23","93.1","-1.9798","6.8117","Justin Verlander",457705,434378,"null","ball",,,,,"11","null","R","R","R","HOU","SF","B","null","null",0,2,2018,"-1.0293","1.5033","-0.1488","3.8501","null","null","null",1,1,"Top","null","null",,,435263,,"180523_181552","6.8135","-135.2563","-4.9513","-13.8538","30.5520","-13.3270","3.5321","1.6285","null","null","null","91.8230","2581","5.6950",530144,434378,435263,493329,514888,608324,621043,503556,643393,543807,"54.8078","null","null","null","null","null","null","null",2,"3","4-Seam Fastball",0,0,0,0,0,0,0,0,"Standard","Standard"
"SL","2018-05-23","84.0","-2.1372","6.6145","Justin Verlander",457705,434378,"null","called_strike",,,,,"8","null","R","R","R","HOU","SF","S","null","null",0,0,2018,"0.1223","-0.1196","0.0089","1.6566","null","null","null",1,1,"Top","null","null",,,435263,,"180523_181515","4.6767","-122.1685","-4.8224","0.3174","23.0500","-32.6766","3.4961","1.6179","null","null","null","83.1820","2568","5.6830",530144,434378,435263,493329,514888,608324,621043,503556,643393,543807,"54.8190","null","null","null","null","null","null","null",2,"1","Slider",0,0,0,0,0,0,0,0,"Standard","Standard"
"FF","2018-05-23","95.0","-1.8260","6.7538","Justin Verlander",491676,434378,"null","ball",,,,,"11","null","R","R","R","HOU","SF","B","null","null",2,2,2018,"-0.6914","1.6726","-0.9069","3.6874","null","null","null",0,1,"Top","null","null",,,435263,,"180523_190221","3.8802","-138.1276","-5.9614","-9.5431","31.3684","-10.1135","3.3104","1.4883","null","null","null","93.9750","2522","5.7790",530144,434378,435263,493329,514888,608324,621043,503556,643393,543807,"54.7232","null","null","null","null","null","null","null",1,"5","4-Seam Fastball",0,0,0,0,0,0,0,0,"Standard","Strategic"
"FF","2018-05-23","94.9","-1.9302","6.7822","Justin Verlander",491676,434378,"null","ball",,,,,"11","null","R","R","R","HOU","SF","B","null","null",1,2,2018,"-0.9595","1.7229","-0.5568","3.7418","null","null","null",0,1,"Top","null","null",,,435263,,"180523_190221","5.6397","-137.8616","-5.9608","-13.2935","32.6842","-9.5483","3.3945","1.5341","null","null","null","93.7110","2675","5.8360",530144,434378,435263,493329,514888,608324,621043,503556,643393,543807,"54.6662","null","null","null","null","null","null","null",1,"4","4-Seam Fastball",0,0,0,0,0,0,0,0,"Standard","Strategic"