"pitch_type","game_date","release_speed","release_pos_x","release_pos_z","player_name","batter","pitcher","events","description","spin_dir","spin_rate_deprecated","break_angle_deprecated","break_length_deprecated","zone","des","game_type","stand","p_throws","home_team","away_team","type","hit_location","bb_type","balls","strikes","game_year","pfx_x","pfx_z","plate_x","plate_z","on_3b","on_2b","on_1b","outs_when_up","inning","inning_topbot","hc_x","hc_y","tfs_deprecated","tfs_zulu_deprecated","pos2_person_id","umpire","sv_id","vx0","vy0","vz0","ax","ay","az","sz_top","sz_bot","hit_distance_sc","launch_speed","launch_angle","effective_speed","release_spin_rate","release_extension","game_pk","pos1_person_id","pos2_person_id","pos3_person_id","pos4_person_id","pos5_person_id","pos6_person_id","pos7_person_id","pos8_person_id","pos9_person_id","release_pos_y","estimated_ba_using_speedangle","estimated_woba_using_speedangle","woba_value","woba_denom","babip_value","iso_value","launch_speed_angle","at_bat_number","pitch_number","pitch_name","home_score","away_score","bat_score","fld_score","post_away_score","post_home_score","post_bat_score","post_fld_score","if_fielding_alignment","of_fielding_alignment"
"FF","2018-07-27","97.0","-2.1873","5.9510","Corey Knebel",467055,608349,"null","ball",,,,,"13","null","R","L","R","SF","MIL","B","null","null",0,2,2018,"-0.0921","1.4498","-1.3462","1.8503","null","null","null",2,9,"Bot","null","null",,,444489,,"180728_044734","2.4526","-141.0499","-8.7342","-1.7435","29.4911","-11.1814","3.3190","1.5130","null","null","null","97.1120","2495","6.2090",530961,608349,444489,542583,541650,543768,606115,460075,542979,592885,"54.2881","null","null","null","null","null","null","null",69,"3","4-Seam Fastball",1,3,1,3,3,1,1,3,"Standard","Standard"
"FF","2018-07-27","95.2","-2.3047","5.9908","Corey Knebel",446334,608349,"null","ball",,,,,"11","null","R","R","R","SF","MIL","B","null","null",0,2,2018,"-0.0758","1.1634","-0.1242","5.4986","null","null","null",1,9,"Bot","null","null",,,444489,,"180728_044555","5.8786","-138.5982","1.7091","-2.1815","28.4137","-17.7483","3.4110","1.5650","null","null","null","95.3400","2360","6.1560",530961,608349,444489,542583,541650,543768,606115,460075,542979,592885,"54.3411","null","null","null","null","null","null","null",68,"3","4-Seam Fastball",1,3,1,3,3,1,1,3,"Strategic","Standard"
"FF","2018-07-27","97.1","-2.2584","5.9444","Corey Knebel",543063,608349,"null","ball",,,,,"11","null","R","L","R","SF","MIL","B","null","null",2,2,2018,"-0.3646","1.4958","-1.2873","2.5702","null","null","null",0,9,"Bot","null","null",,,444489,,"180728_044410","3.4168","-141.2899","-6.8795","-5.6219","31.8895","-10.9445","3.4670","1.5890","null","null","null","96.8770","2363","6.1410",530961,608349,444489,542583,541650,543768,606115,460075,542979,592885,"54.3563","null","null","null","null","null","null","null",67,"5","4-Seam Fastball",1,3,1,3,3,1,1,3,"Standard","Standard"
"FF","2018-07-27","96.3","-2.5172","5.8373","Corey Knebel",543063,608349,"null","ball",,,,,"11","null","R","L","R","SF","MIL","B","null","null",1,2,2018,"-0.1976","1.0801","-0.9791","5.2483","null","null","null",0,9,"Bot","null","null",,,444489,,"180728_044351","4.4946","-140.2161","1.5254","-3.4875","27.9866","-18.5307","3.4670","1.5890","null","null","null","96.1800","2422","5.9230",530961,608349,444489,542583,541650,543768,606115,460075,542979,592885,"54.5740","null","null","null","null","null","null","null",67,"4","4-Seam Fastball",1,3,1,3,3,1,1,3,"Standard","Standard"
"FF","2018-07-27","96.7","-2.2362","5.9789","Corey Knebel",543063,608349,"null","called_strike",,,,,"3","null","R","L","R","SF","MIL","S","null","null",1,0,2018,"-0.2920","1.2178","0.4453","2.9945","null","null","null",0,9,"Bot","null","null",,,444489,,"180728_044309","7.8737","-140.6913","-5.2969","-5.5265","28.0926","-14.7976","3.4670","1.5890","null","null","null","97.8200","2421","6.6600",530961,608349,444489,542583,541650,543768,606115,460075,542979,592885,"53.8370","null","null","null","null","null","null","null",67,"2","4-Seam Fastball",1,3,1,3,3,1,1,3,"Standard","Standard"
"FF","2018-07-27","98.0","-2.4897","5.8975","Corey Knebel",543063,608349,"null","ball",,,,,"11","null","R","L","R","SF","MIL","B","null","null",0,0,2018,"-0.4963","1.4187","-1.8774","3.2969","null","null","null",0,9,"Bot","null","null",,,444489,,"180728_044251","2.7960","-142.6676","-4.8380","-7.3945","31.2154","-11.9361","3.4670","1.5890","null","null","null","98.2080","2424","6.2700",530961,608349,444489,542583,541650,543768,606115,460075,542979,592885,"54.2271","null","null","null","null","null","null","null",67,"1","4-Seam Fastball",1,3,1,3,3,1,1,3,"Standard","Standard"
"FT","2018-07-27","96.6","-1.4883","5.2992","Sam Dyson",606115,473879,"null","ball",,,,,"7","null","R","R","R","SF","MIL","B","null","null",0,0,2018,"-1.4549","0.3916","-0.8231","2.0879","null","null","null",2,9,"Top","null","null",,,457763,,"180728_043935","4.8487","-140.5456","-3.8349","-19.6973","28.5371","-26.6007","3.3710","1.5350","null","null","null","95.2280","2314","5.2680",530961,473879,457763,467055,593700,446334,543063,491676,621453,457705,"55.2292","null","null","null","null","null","null","null",66,"1","2-Seam Fastball",1,3,3,1,3,1,3,1,"Standard","Standard"
"FT","2018-07-27","92.6","-1.6503","5.2472","Sam Dyson",541650,473879,"null","called_strike",,,,,"5","null","R","R","R","SF","MIL","S","null","null",1,0,2018,"-1.1811","0.3012","0.0039","2.5050","null","null","null",0,9,"Top","null","null",,,457763,,"180728_043751","6.5524","-134.6218","-1.8239","-15.2156","27.5307","-28.5183","3.4110","1.5650","null","null","null","90.9920","2253","5.2330",530961,473879,457763,467055,593700,446334,543063,491676,621453,457705,"55.2639","null","null","null","null","null","null","null",64,"2","2-Seam Fastball",1,3,3,1,3,1,3,1,"Standard","Standard"
"FT","2018-07-27","94.1","-1.6428","5.2518","Sam Dyson",541650,473879,"null","ball",,,,,"11","null","R","R","R","SF","MIL","B","null","null",0,0,2018,"-1.2630","0.0620","-1.2914","3.2373","null","null","null",0,9,"Top","null","null",,,457763,,"180728_043729","3.4923","-136.7546","0.3519","-15.9250","30.6180","-31.7946","3.4110","1.5650","null","null","null","91.8800","2261","5.0580",530961,473879,457763,467055,593700,446334,543063,491676,621453,457705,"55.4390","null","null","null","null","null","null","null",64,"1","2-Seam Fastball",1,3,3,1,3,1,3,1,"Standard","Standard"
"KC","2018-07-27","82.1","-1.1501","5.8327","Jeremy Jeffress",457763,502026,"null","ball",,,,,"14","null","R","R","R","SF","MIL","B","null","null",1,2,2018,"0.9974","-0.8891","1.2914","0.8716","621453.00","593700.00","457705.00",2,8,"Bot","null","null",,,444489,,"180728_043346","3.5973","-119.3866","-2.9135","8.5314","24.8749","-40.1064","3.4110","1.5650","null","null","null","80.9670","2565","5.7390",530961,502026,444489,542583,541650,573135,606115,460075,542979,592885,"54.7582","null","null","null","null","null","null","null",63,"4","Knuckle Curve",1,3,1,3,3,1,1,3,"Standard","Standard"
"FT","2018-07-27","96.4","-1.1990","5.8223","Jeremy Jeffress",457763,502026,"null","ball",,,,,"13","null","R","R","R","SF","MIL","B","null","null",0,2,2018,"-1.4640","0.5354","-0.5403","0.8516","621453.00","593700.00","457705.00",2,8,"Bot","null","null",,,444489,,"180728_043322","5.0997","-140.1814","-8.9076","-20.5491","29.4234","-23.3752","3.4110","1.5650","null","null","null","96.9260","1939","6.4640",530961,502026,444489,542583,541650,573135,606115,460075,542979,592885,"54.0333","null","null","null","null","null","null","null",63,"3","2-Seam Fastball",1,3,1,3,3,1,1,3,"Standard","Standard"
"FT","2018-07-27","95.7","-1.1592","5.8272","Jeremy Jeffress",457705,502026,"walk","ball",,,,,"11","Andrew McCutchen walks.   Steven Duggar to 3rd.    Alen Hanson to 2nd.  ","R","R","R","SF","MIL","B","null","null",3,0,2018,"-1.3135","0.8420","-1.7270","2.8809","null","621453.00","593700.00",2,8,"Bot","null","null",,,444489,,"180728_043043","1.4371","-139.4656","-4.0892","-17.4042","29.3374","-20.5612","3.3190","1.5130","null","null","null","95.8580","1992","6.1520",530961,502026,444489,542583,541650,573135,606115,460075,542979,592885,"54.3458","null","null","0.70",1,0,0,"null",62,"4","2-Seam Fastball",1,3,1,3,3,1,1,3,"Standard","Standard"
"FT","2018-07-27","94.9","-1.2049","5.6945","Jeremy Jeffress",457705,502026,"null","ball",,,,,"7","null","R","R","R","SF","MIL","B","null","null",2,0,2018,"-1.3598","0.6276","-0.4915","1.4805","null","621453.00","593700.00",2,8,"Bot","null","null",,,444489,,"180728_043017","4.9128","-138.1080","-6.7849","-18.4986","30.2055","-22.8583","3.3190","1.5130","null","null","null","95.0940","1983","6.3540",530961,502026,444489,542583,541650,573135,606115,460075,542979,592885,"54.1432","null","null","null","null","null","null","null",62,"3","2-Seam Fastball",1,3,1,3,3,1,1,3,"Standard","Standard"
"FT","2018-07-27","95.2","-1.1673","5.8459","Jeremy Jeffress",457705,502026,"null","ball",,,,,"11","null","R","R","R","SF","MIL","B","null","null",1,0,2018,"-1.4669","0.7103","-2.3979","3.1972","null","621453.00","593700.00",2,8,"Bot","null","null",,,444489,,"180728_042944","0.0487","-138.7956","-2.9585","-19.0144","28.9247","-22.5579","3.3190","1.5130","null","null","null","95.6310","1927","6.2770",530961,502026,444489,542583,541650,573135,606115,460075,542979,592885,"54.2205","null","null","null","null","null","null","null",62,"2","2-Seam Fastball",1,3,1,3,3,1,1,3,"Standard","Standard"
"FF","2018-07-27","95.8","-1.1454","5.9828","Jeremy Jeffress",457705,502026,"null","ball",,,,,"12","null","R","R","R","SF","MIL","B","null","null",0,0,2018,"-0.5997","1.3358","0.4348","3.5901","null","621453.00","593700.00",2,8,"Bot","null","null",,,444489,,"180728_042920","5.5467","-139.4490","-3.7850","-9.0470","29.1217","-14.0078","3.3190","1.5130","null","null","null","96.3700","2207","6.4360",530961,502026,444489,542583,541650,573135,606115,460075,542979,592885,"54.0610","null","null","null","null","null","null","null",62,"1","4-Seam Fastball",1,3,1,3,3,1,1,3,"Standard","Standard"
"KC","2018-07-27","80.1","-1.2625","5.9004","Jeremy Jeffress",593700,502026,"null","ball",,,,,"11","null","R","L","R","SF","MIL","B","null","null",0,0,2018,"0.8793","-0.8625","-0.9856","3.6234","null","null","621453.00",2,8,"Bot","null","null",,,444489,,"180728_042632","-0.9772","-116.4561","3.1635","7.9713","20.5524","-40.6253","3.3710","1.5350","null","null","null","79.0760","2423","5.4860",530961,502026,444489,542583,541650,573135,606115,460075,542979,592885,"55.0116","null","null","null","null","null","null","null",61,"1","Knuckle Curve",1,3,1,3,3,1,1,3,"Standard","Standard"
"FT","2018-07-27","95.9","-1.4029","5.7528","Jeremy Jeffress",621453,502026,"null","ball",,,,,"13","null","R","L","R","SF","MIL","B","null","null",0,0,2018,"-1.5403","0.6028","-0.7049","0.2557","null","null","null",2,8,"Bot","null","null",,,444489,,"180728_042523","5.3388","-139.3277","-10.3247","-21.3364","29.0876","-22.3007","3.4670","1.5890","null","null","null","96.2770","2017","6.4320",530961,502026,444489,542583,541650,573135,606115,460075,542979,592885,"54.0650","null","null","null","null","null","null","null",60,"1","2-Seam Fastball",1,3,1,3,3,1,1,3,"Standard","Standard"
"FF","2018-07-27","96.2","-1.0915","5.8947","Jeremy Jeffress",596103,502026,"null","called_strike",,,,,"14","null","R","R","R","SF","MIL","S","null","null",0,0,2018,"-0.3921","1.4048","0.9239","2.0528","null","null","null",1,8,"Bot","null","null",,,444489,,"180728_042330","6.2525","-139.9564","-7.8451","-6.5202","29.7525","-12.1034","3.4670","1.5890","null","null","null","96.6850","2262","6.4460",530961,502026,444489,542583,541650,573135,606115,460075,542979,592885,"54.0516","null","null","null","null","null","null","null",59,"1","4-Seam Fastball",1,3,1,3,3,1,1,3,"Standard","Standard"
"KC","2018-07-27","83.7","-1.0610","5.8518","Jeremy Jeffress",491676,502026,"null","ball",,,,,"14","null","R","R","R","SF","MIL","B","null","null",1,2,2018,"0.6871","-0.2061","2.2723","1.9408","null","null","null",0,8,"Bot","null","null",,,444489,,"180728_042144","6.2994","-121.7258","-2.2314","5.5859","22.0345","-34.0144","3.4110","1.5650","null","null","null","83.0990","2426","5.7460",530961,502026,444489,542583,541650,573135,606115,460075,542979,592885,"54.7511","null","null","null","null","null","null","null",58,"5","Knuckle Curve",1,3,1,3,3,1,1,3,"Standard","Standard"
"FS","2018-07-27","90.9","-1.0710","5.8278","Jeremy Jeffress",491676,502026,"null","ball",,,,,"13","null","R","R","R","SF","MIL","B","null","null",0,2,2018,"-1.0838","0.1103","-1.5143","1.7112","null","null","null",0,8,"Bot","null","null",,,444489,,"180728_042126","1.1680","-132.3490","-4.6267","-12.8156","27.9263","-30.1512","3.4110","1.5650","null","null","null","90.4370","1456","5.9470",530961,502026,444489,542583,541650,573135,606115,460075,542979,592885,"54.5503","null","null","null","null","null","null","null",58,"4","Split Finger",1,3,1,3,3,1,1,3,"Standard","Standard"
"FF","2018-07-27","95.0","-0.9762","5.9782","Jeremy Jeffress",491676,502026,"null","called_strike",,,,,"8","null","R","R","R","SF","MIL","S","null","null",0,0,2018,"-0.6025","1.4203","-0.1818","1.7048","null","null","null",0,8,"Bot","null","null",,,444489,,"180728_042030","3.4087","-138.1011","-8.6772","-8.4144","29.5207","-12.4156","3.4110","1.5650","null","null","null","94.8750","2181","6.1800",530961,502026,444489,542583,541650,573135,606115,460075,542979,592885,"54.3174","null","null","null","null","null","null","null",58,"1","4-Seam Fastball",1,3,1,3,3,1,1,3,"Standard","Standard"
"FT","2018-07-27","91.2","2.6382","5.6976","Madison Bumgarner",542583,518516,"null","ball",,,,,"11","null","R","R","L","SF","MIL","B","null","null",0,2,2018,"0.7454","1.1579","-1.2746","3.1524","null","592885.00","null",1,8,"Top","null","null",,,457763,,"180728_041334","-11.4730","-132.4527","-3.0227","11.1735","26.7212","-17.9977","3.4900","1.6010","null","null","null","91.6040","2167","6.5130",530961,518516,457763,467055,593700,446334,543063,491676,621453,457705,"53.9847","null","null","null","null","null","null","null",55,"3","2-Seam Fastball",1,2,2,1,2,1,2,1,"Standard","Standard"
"FC","2018-07-27","85.5","2.9495","5.7099","Madison Bumgarner",542583,518516,"null","called_strike",,,,,"6","null","R","R","L","SF","MIL","S","null","null",0,0,2018,"-0.0149","0.6614","0.3045","2.4168","null","592885.00","null",1,8,"Top","null","null",,,457763,,"180728_041219","-6.1917","-124.3342","-2.7746","1.1227","25.6193","-25.0160","3.4900","1.6010","null","null","null","85.2450","2212","6.2210",530961,518516,457763,467055,593700,446334,543063,491676,621453,457705,"54.2765","null","null","null","null","null","null","null",55,"1","Cutter",1,2,2,1,2,1,2,1,"Standard","Standard"
"FC","2018-07-27","86.0","3.0041","5.6916","Madison Bumgarner",592885,518516,"null","called_strike",,,,,"5","null","R","L","L","SF","MIL","S","null","null",0,0,2018,"-0.1897","0.3492","0.1155","2.8090","null","null","null",1,8,"Top","null","null",,,457763,,"180728_041115","-6.4455","-125.1561","-1.3224","-0.7631","23.7269","-28.4816","3.4900","1.6010","null","null","null","85.9400","2107","6.1070",530961,518516,457763,467055,593700,446334,543063,491676,621453,457705,"54.3906","null","null","null","null","null","null","null",54,"1","Cutter",1,2,2,1,2,1,2,1,"Standard","Standard"
"FT","2018-07-27","91.0","2.8142","5.7074","Madison Bumgarner",542979,518516,"null","ball",,,,,"13","null","R","R","L","SF","MIL","B","null","null",1,0,2018,"0.9294","1.1355","-0.8883","1.6380","null","null","null",0,8,"Top","null","null",,,457763,,"180728_041026","-11.2311","-131.9850","-6.7350","13.0272","24.6155","-17.7522","3.4900","1.6010","null","null","null","91.1400","2000","6.2770",530961,518516,457763,467055,593700,446334,543063,491676,621453,457705,"54.2202","null","null","null","null","null","null","null",53,"2","2-Seam Fastball",1,2,2,1,2,1,2,1,"Standard","Standard"
"FT","2018-07-27","90.5","2.7539","5.8512","Madison Bumgarner",542979,518516,"null","ball",,,,,"1","null","R","R","L","SF","MIL","B","null","null",0,0,2018,"0.8263","1.1736","-0.6639","3.5635","null","null","null",0,8,"Top","null","null",,,457763,,"180728_041012","-10.2535","-131.5221","-2.2860","11.6016","25.5808","-18.2858","3.4900","1.6010","null","null","null","90.5980","2036","6.2330",530961,518516,457763,467055,593700,446334,543063,491676,621453,457705,"54.2649","null","null","null","null","null","null","null",53,"1","2-Seam Fastball",1,2,2,1,2,1,2,1,"Standard","Standard"
"FF","2018-07-27","94.1","-2.0503","5.5848","Joakim Soria",467055,465657,"null","ball",,,,,"14","null","R","L","R","SF","MIL","B","null","null",0,2,2018,"-0.2006","1.3731","1.2017","1.3050","null","null","446334.00",1,7,"Bot","null","null",,,444489,,"180728_040731","8.8837","-136.6753","-8.4706","-4.3124","27.3329","-13.3119","3.3190","1.5130","null","null","null","94.4880","2342","6.4090",530961,465657,444489,542583,541650,573135,606115,460075,542979,592885,"54.0884","null","null","null","null","null","null","null",52,"5","4-Seam Fastball",1,2,1,2,2,1,1,2,"Standard","Standard"
"FF","2018-07-27","93.0","-2.2656","5.6360","Joakim Soria",467055,465657,"null","called_strike",,,,,"2","null","R","L","R","SF","MIL","S","null","null",0,0,2018,"-0.2403","1.4165","-0.2204","3.1604","null","null","446334.00",1,7,"Bot","null","null",,,444489,,"180728_040551","5.7684","-135.4491","-3.7236","-4.1055","26.6856","-14.1352","3.3190","1.5130","null","null","null","93.4010","2216","6.2570",530961,465657,444489,542583,541650,573135,606115,460075,542979,592885,"54.2406","null","null","null","null","null","null","null",52,"1","4-Seam Fastball",1,2,1,2,2,1,1,2,"Standard","Standard"
"SL","2018-07-27","75.3","-2.9917","5.1537","Joakim Soria",446334,465657,"walk","ball",,,,,"14","Evan Longoria walks.  ","R","R","R","SF","MIL","B","null","null",3,2,2018,"1.7913","-0.2392","1.9494","2.4168","null","null","null",1,7,"Bot","null","null",,,444489,,"180728_040513","7.0518","-109.2652","2.0566","12.4722","23.4958","-34.7609","3.4110","1.5650","null","null","null","74.1610","2844","6.1030",530961,465657,444489,542583,541650,573135,606115,460075,542979,592885,"54.3940","null","null","0.70",1,0,0,"null",51,"9","Slider",1,2,1,2,2,1,1,2,"Infield shift","Standard"
"CH","2018-07-27","88.6","-2.9657","4.9652","Joakim Soria",446334,465657,"null","ball",,,,,"14","null","R","R","R","SF","MIL","B","null","null",2,2,2018,"-0.8225","-0.0543","1.4900","-0.1877","null","null","null",1,7,"Bot","null","null",,,444489,,"180728_040356","12.4678","-128.4504","-6.4027","-11.2887","22.4691","-31.8500","3.4110","1.5650","null","null","null","88.4220","1091","6.0350",530961,465657,444489,542583,541650,573135,606115,460075,542979,592885,"54.4621","null","null","null","null","null","null","null",51,"6","Changeup",1,2,1,2,2,1,1,2,"Infield shift","Standard"
"FF","2018-07-27","94.4","-2.9210","4.9539","Joakim Soria",446334,465657,"null","ball",,,,,"14","null","R","R","R","SF","MIL","B","null","null",1,2,2018,"-0.8865","1.0116","1.2467","2.1654","null","null","null",1,7,"Bot","null","null",,,444489,,"180728_040332","12.7871","-137.0184","-3.8423","-13.7237","26.3733","-18.7711","3.4110","1.5650","null","null","null","94.7190","2225","6.3260",530961,465657,444489,542583,541650,573135,606115,460075,542979,592885,"54.1715","null","null","null","null","null","null","null",51,"5","4-Seam Fastball",1,2,1,2,2,1,1,2,"Infield shift","Standard"
"SL","2018-07-27","79.3","-1.9263","6.1220","Joakim Soria",446334,465657,"null","ball",,,,,"14","null","R","R","R","SF","MIL","B","null","null",0,2,2018,"1.4406","-0.1634","1.3957","0.9357","null","null","null",1,7,"Bot","null","null",,,444489,,"180728_040312","4.5814","-115.3943","-4.2257","11.7808","21.7463","-33.0540","3.4110","1.5650","null","null","null","78.6630","2747","5.8690",530961,465657,444489,542583,541650,573135,606115,460075,542979,592885,"54.6286","null","null","null","null","null","null","null",51,"4","Slider",1,2,1,2,2,1,1,2,"Infield shift","Standard"
"CH","2018-07-27","87.5","-2.1213","5.9024","Joakim Soria",543063,465657,"null","ball",,,,,"14","null","R","L","R","SF","MIL","B","null","null",1,2,2018,"-0.5333","0.4289","0.9687","0.2215","null","null","null",0,7,"Bot","null","null",,,444489,,"180728_040108","8.5309","-126.9732","-8.4128","-7.4604","25.0577","-26.0770","3.4670","1.5890","null","null","null","87.4340","1396","6.3170",530961,465657,444489,542583,541650,573135,606115,460075,542979,592885,"54.1800","null","null","null","null","null","null","null",50,"4","Changeup",1,2,1,2,2,1,1,2,"Standard","Standard"
"FF","2018-07-27","92.4","-2.3567","5.5551","Joakim Soria",543063,465657,"null","called_strike",,,,,"5","null","R","L","R","SF","MIL","S","null","null",1,1,2018,"-0.4033","1.3059","-0.0926","2.5076","null","null","null",0,7,"Bot","null","null",,,444489,,"180728_040048","6.7140","-134.5779","-4.9199","-6.3307","26.8742","-15.2134","3.4670","1.5890","null","null","null","93.4910","2010","6.7030",530961,465657,444489,542583,541650,573135,606115,460075,542979,592885,"53.7943","null","null","null","null","null","null","null",50,"3","4-Seam Fastball",1,2,1,2,2,1,1,2,"Standard","Standard"
"FF","2018-07-27","91.9","-2.0545","5.7923","Joakim Soria",543063,465657,"null","ball",,,,,"12","null","R","L","R","SF","MIL","B","null","null",0,1,2018,"-0.2267","1.3270","1.8222","2.9882","null","null","null",0,7,"Bot","null","null",,,444489,,"180728_040027","10.4049","-133.5966","-4.2278","-4.8760","27.0767","-15.3000","3.4670","1.5890","null","null","null","92.8580","2105","6.7780",530961,465657,444489,542583,541650,573135,606115,460075,542979,592885,"53.7194","null","null","null","null","null","null","null",50,"2","4-Seam Fastball",1,2,1,2,2,1,1,2,"Standard","Standard"
"FF","2018-07-27","92.1","-2.4163","5.6617","Joakim Soria",543063,465657,"null","called_strike",,,,,"2","null","R","L","R","SF","MIL","S","null","null",0,0,2018,"-0.4856","1.4486","-0.1275","3.0904","null","null","null",0,7,"Bot","null","null",,,444489,,"180728_040009","6.8099","-133.9897","-3.7929","-7.2116","27.9254","-14.3308","3.4670","1.5890","null","null","null","91.7250","2227","5.9950",530961,465657,444489,542583,541650,573135,606115,460075,542979,592885,"54.5029","null","null","null","null","null","null","null",50,"1","4-Seam Fastball",1,2,1,2,2,1,1,2,"Standard","Standard"
"FT","2018-07-27","92.3","2.7961","5.6621","Madison Bumgarner",519346,518516,"null","ball",,,,,"11","null","R","L","L","SF","MIL","B","null","null",0,1,2018,"0.6908","1.0798","-1.1279","3.2815","null","null","null",2,7,"Top","null","null",,,457763,,"180728_035723","-11.5211","-134.0848","-2.6314","10.6969","26.3228","-18.6607","3.3710","1.5350","null","null","null","92.8600","2118","6.5070",530961,518516,457763,467055,593700,446334,543063,491676,621453,457705,"53.9907","null","null","null","null","null","null","null",49,"2","2-Seam Fastball",1,2,2,1,2,1,2,1,"Standard","Standard"
"FT","2018-07-27","91.7","2.8289","5.7371","Madison Bumgarner",519346,518516,"null","called_strike",,,,,"4","null","R","L","L","SF","MIL","S","null","null",0,0,2018,"0.9113","0.9891","-0.2834","2.7014","null","null","null",2,7,"Top","null","null",,,457763,,"180728_035706","-9.8320","-133.3407","-4.0236","12.7758","24.2370","-19.6971","3.3710","1.5350","null","null","null","92.2910","2064","6.3370",530961,518516,457763,467055,593700,446334,543063,491676,621453,457705,"54.1606","null","null","null","null","null","null","null",49,"1","2-Seam Fastball",1,2,2,1,2,1,2,1,"Standard","Standard"
"CU","2018-07-27","78.1","2.8484","5.7737","Madison Bumgarner",606115,518516,"null","ball",,,,,"13","null","R","R","L","SF","MIL","B","null","null",1,2,2018,"-1.1907","-0.4193","-0.9084","-0.0424","null","541650.00","null",1,7,"Top","null","null",,,457763,,"180728_035555","-5.8858","-113.5234","-4.7847","-8.9638","22.5053","-35.0409","3.3710","1.5350","null","null","null","77.4420","2363","6.0670",530961,518516,457763,467055,593700,446334,543063,491676,621453,457705,"54.4303","null","null","null","null","null","null","null",48,"6","Curveball",1,1,1,1,1,1,1,1,"Standard","Standard"
"FT","2018-07-27","90.9","2.9638","5.6988","Madison Bumgarner",606115,518516,"null","ball",,,,,"12","null","R","R","L","SF","MIL","B","null","null",0,1,2018,"0.6032","1.1994","0.0090","4.1856","null","541650.00","null",1,7,"Top","null","null",,,457763,,"180728_035407","-8.6772","-132.2909","-0.5238","8.6889","23.6826","-18.0782","3.3710","1.5350","null","null","null","91.4020","2100","6.2260",530961,518516,457763,467055,593700,446334,543063,491676,621453,457705,"54.2714","null","null","null","null","null","null","null",48,"2","2-Seam Fastball",1,1,1,1,1,1,1,1,"Standard","Standard"
"FC","2018-07-27","83.8","3.0410","5.7546","Madison Bumgarner",444489,518516,"null","ball",,,,,"12","null","R","R","L","SF","MIL","B","null","null",0,0,2018,"-0.2095","0.4553","0.8840","3.7483","null","null","541650.00",0,7,"Top","null","null",,,457763,,"180728_035208","-4.5624","-122.1535","0.6941","-1.4757","17.2183","-27.8324","3.3710","1.5350","null","null","null","84.5400","2091","6.0510",530961,518516,457763,467055,593700,446334,543063,491676,621453,457705,"54.4465","null","null","null","null","null","null","null",47,"1","Cutter",1,1,1,1,1,1,1,1,"Standard","Standard"
"FT","2018-07-27","90.9","2.8791","5.8063","Madison Bumgarner",541650,518516,"null","called_strike",,,,,"1","null","R","R","L","SF","MIL","S","null","null",0,0,2018,"0.5291","0.9500","-0.4976","3.0992","null","null","null",0,7,"Top","null","null",,,457763,,"180728_035109","-9.5912","-132.1835","-2.9688","8.0292","24.4098","-20.5759","3.4110","1.5650","null","null","null","91.3990","1907","6.3290",530961,518516,457763,467055,593700,446334,543063,491676,621453,457705,"54.1689","null","null","null","null","null","null","null",46,"1","2-Seam Fastball",1,1,1,1,1,1,1,1,"Standard","Standard"
"FT","2018-07-27","90.7","-0.9527","5.7346","Chase Anderson",457763,502624,"null","ball",,,,,"11","null","R","R","R","SF","MIL","B","null","null",0,1,2018,"-1.2665","1.1142","-1.8259","2.7231","null","null","null",2,6,"Bot","null","null",,,444489,,"180728_034807","0.4401","-132.1335","-3.9615","-14.6756","24.8380","-18.8136","3.4110","1.5650","null","null","null","90.1590","2039","5.6300",530961,502624,444489,542583,541650,573135,606115,460075,542979,592885,"54.8674","null","null","null","null","null","null","null",45,"2","2-Seam Fastball",1,1,1,1,1,1,1,1,"Standard","Standard"
"FF","2018-07-27","92.1","-1.0439","5.8220","Chase Anderson",457763,502624,"null","called_strike",,,,,"6","null","R","R","R","SF","MIL","S","null","null",0,0,2018,"-0.6217","1.5732","0.4342","2.5662","null","null","null",2,6,"Bot","null","null",,,444489,,"180728_034751","4.9702","-133.7795","-5.6370","-8.2991","28.1507","-12.8873","3.4110","1.5650","null","null","null","90.6800","2226","5.4670",530961,502624,444489,542583,541650,573135,606115,460075,542979,592885,"55.0303","null","null","null","null","null","null","null",45,"1","4-Seam Fastball",1,1,1,1,1,1,1,1,"Standard","Standard"
"CH","2018-07-27","81.6","-1.1187","5.8066","Chase Anderson",593700,502624,"null","ball",,,,,"11","null","R","L","R","SF","MIL","B","null","null",1,1,2018,"-1.5095","1.0170","-0.8348","3.2151","null","null","null",0,6,"Bot","null","null",,,444489,,"180728_034554","3.3271","-118.6389","-1.1388","-14.3255","20.8933","-22.9727","3.3710","1.5350","null","null","null","80.0910","2164","5.1170",530961,502624,444489,542583,541650,573135,606115,460075,542979,592885,"55.3808","null","null","null","null","null","null","null",43,"3","Changeup",1,1,1,1,1,1,1,1,"Standard","Standard"
"CH","2018-07-27","81.6","-1.1246","5.7803","Chase Anderson",593700,502624,"null","ball",,,,,"14","null","R","L","R","SF","MIL","B","null","null",0,1,2018,"-1.4975","1.0184","0.4078","0.6121","null","null","null",0,6,"Bot","null","null",,,444489,,"180728_034521","6.1209","-118.3793","-6.7768","-14.8342","22.7830","-21.8442","3.3710","1.5350","null","null","null","80.1590","2202","5.4840",530961,502624,444489,542583,541650,573135,606115,460075,542979,592885,"55.0137","null","null","null","null","null","null","null",43,"2","Changeup",1,1,1,1,1,1,1,1,"Standard","Standard"
"CH","2018-07-27","79.6","-1.0962","5.8749","Chase Anderson",593700,502624,"null","called_strike",,,,,"2","null","R","L","R","SF","MIL","S","null","null",0,0,2018,"-1.5128","1.2019","0.1078","2.8886","null","null","null",0,6,"Bot","null","null",,,444489,,"180728_034506","5.2837","-115.6095","-1.9050","-14.1198","22.4005","-21.6735","3.3710","1.5350","null","null","null","78.0870","2138","5.4120",530961,502624,444489,542583,541650,573135,606115,460075,542979,592885,"55.0849","null","null","null","null","null","null","null",43,"1","Changeup",1,1,1,1,1,1,1,1,"Standard","Standard"
"FC","2018-07-27","85.8","3.0580","5.6625","Madison Bumgarner",573135,518516,"null","called_strike",,,,,"8","null","R","R","L","SF","MIL","S","null","null",2,1,2018,"-0.4979","0.4326","0.2569","1.8042","592885.00","null","null",2,6,"Top","null","null",,,457763,,"180728_034213","-5.5981","-124.8147","-3.7415","-4.1098","23.4447","-27.2052","3.3710","1.5350","null","null","null","85.5180","2147","5.9730",530961,518516,457763,467055,593700,446334,543063,491676,621453,457705,"54.5247","null","null","null","null","null","null","null",42,"4","Cutter",1,1,1,1,1,1,1,1,"Standard","Standard"
"CU","2018-07-27","80.1","2.9876","5.6556","Madison Bumgarner",573135,518516,"null","ball",,,,,"13","null","R","R","L","SF","MIL","B","null","null",1,1,2018,"-0.5913","-0.7455","-0.7288","1.1486","592885.00","null","null",2,6,"Top","null","null",,,457763,,"180728_034151","-7.0326","-116.4377","-1.8436","-3.9450","21.8153","-38.7106","3.3710","1.5350","null","null","null","79.2100","2314","5.7190",530961,518516,457763,467055,593700,446334,543063,491676,621453,457705,"54.7781","null","null","null","null","null","null","null",42,"3","Curveball",1,1,1,1,1,1,1,1,"Standard","Standard"
"FT","2018-07-27","91.6","2.8750","5.5929","Madison Bumgarner",573135,518516,"null","ball",,,,,"11","null","R","R","L","SF","MIL","B","null","null",0,0,2018,"0.4917","1.4711","-0.9556","3.3377","592885.00","null","null",2,6,"Top","null","null",,,457763,,"180728_034107","-10.7186","-132.9961","-2.9416","8.2372","30.1717","-14.3662","3.3710","1.5350","null","null","null","91.2560","2106","6.3330",530961,518516,457763,467055,593700,446334,543063,491676,621453,457705,"54.1640","null","null","null","null","null","null","null",42,"1","2-Seam Fastball",1,1,1,1,1,1,1,1,"Standard","Standard"
"FC","2018-07-27","85.2","3.0699","5.6479","Madison Bumgarner",542583,518516,"null","ball",,,,,"14","null","R","R","L","SF","MIL","B","null","null",1,2,2018,"-0.0477","0.2401","2.0374","2.2199","null","542979.00","592885.00",0,6,"Top","null","null",,,457763,,"180728_033851","-2.3188","-124.1377","-2.2758","-0.0616","22.8836","-29.5084","3.4900","1.6010","null","null","null","85.0680","2077","5.9540",530961,518516,457763,467055,593700,446334,543063,491676,621453,457705,"54.5436","null","null","null","null","null","null","null",40,"4","Cutter",1,0,0,1,0,1,0,1,"Standard","Standard"
"FC","2018-07-27","86.3","3.1331","5.6205","Madison Bumgarner",542583,518516,"null","ball",,,,,"14","null","R","R","L","SF","MIL","B","null","null",0,2,2018,"-0.0419","0.4111","0.3804","1.1325","null","542979.00","592885.00",0,6,"Top","null","null",,,457763,,"180728_033823","-6.4184","-125.4898","-5.2609","0.7966","24.1456","-27.0866","3.4900","1.6010","null","null","null","85.8870","2070","5.9510",530961,518516,457763,467055,593700,446334,543063,491676,621453,457705,"54.5464","null","null","null","null","null","null","null",40,"3","Cutter",1,0,0,1,0,1,0,1,"Standard","Standard"
"FC","2018-07-27","85.7","3.0406","5.7984","Madison Bumgarner",542583,518516,"null","called_strike",,,,,"7","null","R","R","L","SF","MIL","S","null","null",0,0,2018,"-0.1957","0.4346","-0.5832","2.0880","null","542979.00","592885.00",0,6,"Top","null","null",,,457763,,"180728_033719","-8.1112","-124.4632","-3.3256","-0.4073","24.6256","-27.2772","3.4900","1.6010","null","null","null","85.1530","2081","6.0090",530961,518516,457763,467055,593700,446334,543063,491676,621453,457705,"54.4885","null","null","null","null","null","null","null",40,"1","Cutter",1,0,0,1,0,1,0,1,"Standard","Standard"
"FT","2018-07-27","91.4","2.8154","5.6491","Madison Bumgarner",592885,518516,"walk","ball",,,,,"11","Christian Yelich walks.   Keon Broxton to 2nd.  ","R","L","L","SF","MIL","B","null","null",3,0,2018,"0.5792","1.1202","-0.9402","2.6220","null","null","542979.00",0,6,"Top","null","null",,,457763,,"180728_033642","-10.6962","-132.6918","-4.1730","8.9827","26.0274","-18.2369","3.4900","1.6010","null","null","null","91.6100","2063","6.3560",530961,518516,457763,467055,593700,446334,543063,491676,621453,457705,"54.1417","null","null","0.70",1,0,0,"null",39,"4","2-Seam Fastball",1,0,0,1,0,1,0,1,"Standard","Standard"
"FC","2018-07-27","86.5","2.9924","5.6331","Madison Bumgarner",592885,518516,"null","ball",,,,,"13","null","R","L","L","SF","MIL","B","null","null",2,0,2018,"0.0207","0.4592","-0.1235","1.1630","null","null","542979.00",0,6,"Top","null","null",,,457763,,"180728_033622","-7.4250","-125.6621","-5.3213","1.7232","25.4825","-26.5112","3.4900","1.6010","null","null","null","85.9830","2107","6.0490",530961,518516,457763,467055,593700,446334,543063,491676,621453,457705,"54.4482","null","null","null","null","null","null","null",39,"3","Cutter",1,0,0,1,0,1,0,1,"Standard","Standard"
"FC","2018-07-27","85.6","3.0481","5.6613","Madison Bumgarner",592885,518516,"null","ball",,,,,"13","null","R","L","L","SF","MIL","B","null","null",1,0,2018,"-0.2575","0.5503","-1.4098","1.6675","null","null","542979.00",0,6,"Top","null","null",,,457763,,"180728_033558","-9.9489","-124.2717","-4.2045","-0.6789","24.6088","-25.9042","3.4900","1.6010","null","null","null","85.1880","2112","6.1220",530961,518516,457763,467055,593700,446334,543063,491676,621453,457705,"54.3751","null","null","null","null","null","null","null",39,"2","Cutter",1,0,0,1,0,1,0,1,"Standard","Standard"
"FT","2018-07-27","91.1","3.0414","5.7021","Madison Bumgarner",592885,518516,"null","ball",,,,,"12","null","R","L","L","SF","MIL","B","null","null",0,0,2018,"0.7874","1.3750","1.1713","3.6788","null","null","542979.00",0,6,"Top","null","null",,,457763,,"180728_033536","-6.3863","-132.6103","-2.1497","10.6201","27.5641","-15.7107","3.4900","1.6010","null","null","null","91.2630","2098","6.3040",530961,518516,457763,467055,593700,446334,543063,491676,621453,457705,"54.1933","null","null","null","null","null","null","null",39,"1","2-Seam Fastball",1,0,0,1,0,1,0,1,"Standard","Standard"
"CU","2018-07-27","78.8","2.9366","5.6628","Madison Bumgarner",542979,518516,"null","ball",,,,,"12","null","R","R","L","SF","MIL","B","null","null",1,1,2018,"-0.4522","-0.2311","1.6781","3.0799","null","null","null",0,6,"Top","null","null",,,457763,,"180728_033414","-1.8920","-114.5981","1.5387","-3.5572","19.5262","-34.6611","3.4900","1.6010","null","null","null","77.7760","2153","5.4190",530961,518516,457763,467055,593700,446334,543063,491676,621453,457705,"55.0784","null","null","null","null","null","null","null",38,"3","Curveball",1,0,0,1,0,1,0,1,"Standard","Standard"
"CH","2018-07-27","83.8","2.9043","5.7408","Madison Bumgarner",542979,518516,"null","ball",,,,,"12","null","R","R","L","SF","MIL","B","null","null",0,0,2018,"0.9541","0.4723","1.4422","3.9473","null","null","null",0,6,"Top","null","null",,,457763,,"180728_033334","-5.2815","-121.9671","1.2846","10.5627","21.9665","-27.8394","3.4900","1.6010","null","null","null","84.3410","1404","6.4420",530961,518516,457763,467055,593700,446334,543063,491676,621453,457705,"54.0557","null","null","null","null","null","null","null",38,"1","Changeup",1,0,0,1,0,1,0,1,"Standard","Standard"
"FF","2018-07-27","94.2","-0.7375","5.8409","Chase Anderson",621453,502624,"null","ball",,,,,"12","null","R","L","R","SF","MIL","B","null","null",2,2,2018,"-0.7838","1.3063","1.4260","2.6114","491676.00","null","null",2,5,"Bot","null","null",,,444489,,"180728_033000","7.2078","-136.9205","-5.4526","-11.1474","28.3714","-15.1914","3.4670","1.5890","null","null","null","93.1960","2069","5.6180",530961,502624,444489,542583,541650,573135,606115,460075,542979,592885,"54.8799","null","null","null","null","null","null","null",37,"6","4-Seam Fastball",1,0,1,0,0,1,1,0,"Standard","Standard"
"CH","2018-07-27","83.0","-1.1251","5.7564","Chase Anderson",621453,502624,"null","called_strike",,,,,"5","null","R","L","R","SF","MIL","S","null","null",2,0,2018,"-1.5141","0.9830","-0.1746","2.5840","491676.00","null","null",2,5,"Bot","null","null",,,444489,,"180728_032834","4.9495","-120.6124","-2.5766","-15.2806","24.0119","-22.6478","3.4670","1.5890","null","null","null","81.5560","2130","5.4390",530961,502624,444489,542583,541650,573135,606115,460075,542979,592885,"55.0581","null","null","null","null","null","null","null",37,"3","Changeup",1,0,1,0,0,1,1,0,"Standard","Standard"
"CU","2018-07-27","76.1","-1.0131","5.8137","Chase Anderson",621453,502624,"null","ball",,,,,"11","null","R","L","R","SF","MIL","B","null","null",1,0,2018,"0.4589","-0.5990","-1.4138","3.8861","491676.00","null","null",2,5,"Bot","null","null",,,444489,,"180728_032806","-1.5959","-110.6480","3.9141","3.9123","18.4220","-37.8385","3.4670","1.5890","null","null","null","74.8350","1891","5.2490",530961,502624,444489,542583,541650,573135,606115,460075,542979,592885,"55.2484","null","null","null","null","null","null","null",37,"2","Curveball",1,0,1,0,0,1,1,0,"Standard","Standard"
"FC","2018-07-27","90.9","-0.9628","5.8500","Chase Anderson",621453,502624,"null","ball",,,,,"14","null","R","L","R","SF","MIL","B","null","null",0,0,2018,"0.0013","1.2948","2.7374","1.4346","491676.00","null","null",2,5,"Bot","null","null",,,444489,,"180728_032722","9.1159","-131.7402","-7.6720","-1.9585","28.5251","-16.0897","3.4670","1.5890","null","null","null","89.3870","2444","5.6220",530961,502624,444489,542583,541650,573135,606115,460075,542979,592885,"54.8755","null","null","null","null","null","null","null",37,"1","Cutter",1,0,1,0,0,1,1,0,"Standard","Standard"
"CU","2018-07-27","76.6","-0.9037","5.8797","Chase Anderson",518516,502624,"null","called_strike",,,,,"4","null","R","R","R","SF","MIL","S","null","null",0,0,2018,"0.3192","-0.9985","-0.6796","2.4441","null","491676.00","null",1,5,"Bot","null","null",,,444489,,"180728_032530","-0.0792","-111.4452","1.4503","2.5810","19.9534","-40.7309","3.6700","1.6600","null","null","null","75.2730","2010","5.3140",530961,502624,444489,542583,541650,573135,606115,460075,542979,592885,"55.1831","null","null","null","null","null","null","null",36,"1","Curveball",1,0,1,0,0,1,1,0,"Standard","Standard"
"CH","2018-07-27","83.2","-1.1462","5.7429","Chase Anderson",491676,502624,"null","ball",,,,,"14","null","R","R","R","SF","MIL","B","null","null",2,2,2018,"-1.5156","0.6483","0.6204","1.0560","null","null","null",1,5,"Bot","null","null",,,444489,,"180728_032420","6.7940","-120.8066","-5.4649","-15.6784","21.1595","-25.2542","3.4110","1.5650","null","null","null","82.1060","2062","5.4480",530961,502624,444489,542583,541650,573135,606115,460075,542979,592885,"55.0497","null","null","null","null","null","null","null",35,"5","Changeup",1,0,1,0,0,1,1,0,"Standard","Standard"
"FC","2018-07-27","88.4","-0.9323","5.8483","Chase Anderson",491676,502624,"null","ball",,,,,"12","null","R","R","R","SF","MIL","B","null","null",1,1,2018,"0.3863","0.9054","1.1911","2.8439","null","null","null",1,5,"Bot","null","null",,,444489,,"180728_032337","4.3310","-128.7664","-3.1410","3.4896","21.5029","-21.9881","3.4110","1.5650","null","null","null","87.7300","2408","5.3760",530961,502624,444489,542583,541650,573135,606115,460075,542979,592885,"55.1211","null","null","null","null","null","null","null",35,"3","Cutter",1,0,1,0,0,1,1,0,"Standard","Standard"
"CU","2018-07-27","76.8","-0.7480","5.8603","Chase Anderson",491676,502624,"null","ball",,,,,"14","null","R","R","R","SF","MIL","B","null","null",0,1,2018,"0.7085","-1.0309","1.4930","1.4242","null","null","null",1,5,"Bot","null","null",,,444489,,"180728_032320","3.4326","-111.5995","-0.6427","5.0038","19.6644","-40.5138","3.4110","1.5650","null","null","null","74.6520","2132","4.7290",530961,502624,444489,542583,541650,573135,606115,460075,542979,592885,"55.7681","null","null","null","null","null","null","null",35,"2","Curveball",1,0,1,0,0,1,1,0,"Standard","Standard"
"CU","2018-07-27","75.9","-1.0004","5.8570","Chase Anderson",491676,502624,"null","called_strike",,,,,"6","null","R","R","R","SF","MIL","S","null","null",0,0,2018,"0.8250","-1.1706","0.5736","2.3955","null","null","null",1,5,"Bot","null","null",,,444489,,"180728_032307","1.8435","-110.2353","1.7845","6.0714","19.8128","-41.8700","3.4110","1.5650","null","null","null","73.9160","2159","4.9360",530961,502624,444489,542583,541650,573135,606115,460075,542979,592885,"55.5609","null","null","null","null","null","null","null",35,"1","Curveball",1,0,1,0,0,1,1,0,"Standard","Standard"
"CH","2018-07-27","82.0","-1.1415","5.7864","Chase Anderson",467055,502624,"null","ball",,,,,"14","null","R","L","R","SF","MIL","B","null","null",0,1,2018,"-1.4823","0.9808","0.1505","1.1386","null","null","null",0,5,"Bot","null","null",,,444489,,"180728_032216","5.5673","-119.0425","-5.6904","-14.6900","21.3172","-22.3415","3.3190","1.5130","null","null","null","80.6960","2223","5.3760",530961,502624,444489,542583,541650,573135,606115,460075,542979,592885,"55.1212","null","null","null","null","null","null","null",34,"2","Changeup",1,0,1,0,0,1,1,0,"Standard","Standard"
"FT","2018-07-27","91.2","-0.8980","5.8684","Chase Anderson",467055,502624,"null","called_strike",,,,,"7","null","R","L","R","SF","MIL","S","null","null",0,0,2018,"-1.2285","0.9234","-0.7026","2.0636","null","null","null",0,5,"Bot","null","null",,,444489,,"180728_032205","3.0283","-132.7581","-5.6562","-14.9252","23.3770","-20.5638","3.3190","1.5130","null","null","null","90.9370","1898","5.7140",530961,502624,444489,542583,541650,573135,606115,460075,542979,592885,"54.7834","null","null","null","null","null","null","null",34,"1","2-Seam Fastball",1,0,1,0,0,1,1,0,"Standard","Standard"
"FC","2018-07-27","86.9","3.0380","5.7563","Madison Bumgarner",444489,518516,"strikeout","called_strike",,,,,"6","Manny Pina called out on strikes.  ","R","R","L","SF","MIL","S",2,"null",0,2,2018,"-0.0392","0.5209","0.7904","2.2363","null","null","null",1,5,"Top","null","null",,,457763,,"180728_031715","-5.2856","-126.4974","-3.3125","0.6382","25.2746","-26.1873","3.3710","1.5350","null","null","null","86.6880","2105","6.0860",530961,518516,457763,467055,593700,446334,543063,491676,621453,457705,"54.4110","null","null","0.00",1,0,0,"null",31,"3","Cutter",1,0,0,1,0,1,0,1,"Standard","Standard"
"CU","2018-07-27","78.6","2.8891","5.7959","Madison Bumgarner",444489,518516,"null","called_strike",,,,,"4","null","R","R","L","SF","MIL","S","null","null",0,0,2018,"-0.8033","-0.5305","-0.3464","2.4570","null","null","null",1,5,"Top","null","null",,,457763,,"180728_031628","-5.5077","-114.3765","0.4381","-6.1720","17.4278","-37.0708","3.3710","1.5350","null","null","null","78.4990","2276","5.8300",530961,518516,457763,467055,593700,446334,543063,491676,621453,457705,"54.6675","null","null","null","null","null","null","null",31,"1","Curveball",1,0,0,1,0,1,0,1,"Standard","Standard"
"CU","2018-07-27","78.5","2.7714","5.8269","Madison Bumgarner",541650,518516,"null","ball",,,,,"13","null","R","R","L","SF","MIL","B","null","null",1,1,2018,"-0.4867","-0.2904","-1.8968","1.1629","null","null","null",0,5,"Top","null","null",,,457763,,"180728_031519","-9.1044","-113.8290","-2.6173","-2.3936","21.8221","-34.3945","3.4110","1.5650","null","null","null","77.4230","2310","5.8160",530961,518516,457763,467055,593700,446334,543063,491676,621453,457705,"54.6814","null","null","null","null","null","null","null",30,"3","Curveball",1,0,0,1,0,1,0,1,"Standard","Standard"
"FC","2018-07-27","85.6","2.8620","5.7289","Madison Bumgarner",541650,518516,"null","ball",,,,,"12","null","R","R","L","SF","MIL","B","null","null",0,0,2018,"-0.3292","0.5369","0.8932","3.7981","null","null","null",0,5,"Top","null","null",,,457763,,"180728_031439","-3.9686","-124.6839","0.5341","-2.7630","20.6730","-26.8798","3.4110","1.5650","null","null","null","85.6610","2246","5.8840",530961,518516,457763,467055,593700,446334,543063,491676,621453,457705,"54.6138","null","null","null","null","null","null","null",30,"1","Cutter",1,0,0,1,0,1,0,1,"Standard","Standard"
"FC","2018-07-27","87.5","-1.0086","5.8627","Chase Anderson",446334,502624,"null","ball",,,,,"14","null","R","R","R","SF","MIL","B","null","null",2,1,2018,"0.4601","0.7783","1.6215","1.6468","null","null","null",2,4,"Bot","null","null",,,"null",,"180728_031118","5.3401","-127.2848","-5.5547","3.9082","23.2187","-23.1348","3.4110","1.5650","null","null","null","null","2339","5.4237",530961,"null","null","null","null","null","null","null","null","null","55.0743","null","null","null","null","null","null","null",29,"4","Cutter",1,0,1,0,0,1,1,0,"null","null"
"CU","2018-07-27","76.5","-0.7681","5.8942","Chase Anderson",446334,502624,"null","ball",,,,,"13","null","R","R","R","SF","MIL","B","null","null",1,1,2018,"0.8322","-0.9031","-0.6264","1.3606","null","null","null",2,4,"Bot","null","null",,,"null",,"180728_031101","-1.1113","-111.2505","-0.9624","6.8317","20.1210","-39.4732","3.4110","1.5650","null","null","null","null","2075","5.1676",530961,"null","null","null","null","null","null","null","null","null","55.3304","null","null","null","null","null","null","null",29,"3","Curveball",1,0,1,0,0,1,1,0,"null","null"
"FC","2018-07-27","88.2","-0.8585","5.8657","Chase Anderson",446334,502624,"null","ball",,,,,"14","null","R","R","R","SF","MIL","B","null","null",0,0,2018,"0.3752","0.6026","1.4785","1.2654","null","null","null",2,4,"Bot","null","null",,,"null",,"180728_031033","4.8470","-128.2666","-6.2545","3.1366","23.8477","-24.7622","3.4110","1.5650","null","null","null","null","2342","5.4100",530961,"null","null","null","null","null","null","null","null","null","55.0879","null","null","null","null","null","null","null",29,"1","Cutter",1,0,1,0,0,1,1,0,"null","null"
"FT","2018-07-27","91.9","-1.0424","5.8459","Chase Anderson",543063,502624,"null","ball",,,,,"14","null","R","L","R","SF","MIL","B","null","null",0,0,2018,"-1.0718","1.1756","0.1785","1.2740","null","null","null",1,4,"Bot","null","null",,,444489,,"180728_030908","5.3052","-133.4465","-8.1466","-13.6976","27.2276","-16.9046","3.4670","1.5890","null","null","null","91.1120","2157","5.8110",530961,502624,444489,542583,541650,573135,606115,460075,542979,592885,"54.6864","null","null","null","null","null","null","null",28,"1","2-Seam Fastball",1,0,1,0,0,1,1,0,"Standard","Standard"
"CU","2018-07-27","75.7","-0.9406","5.9034","Chase Anderson",457763,502624,"null","ball",,,,,"14","null","R","R","R","SF","MIL","B","null","null",0,0,2018,"0.7922","-1.0704","1.2823","0.8198","null","null","null",0,4,"Bot","null","null",,,444489,,"180728_030745","3.2056","-109.9083","-1.6712","5.4701","19.3900","-40.3408","3.4110","1.5650","null","null","null","73.2170","2057","4.5300",530961,502624,444489,542583,541650,573135,606115,460075,542979,592885,"55.9679","null","null","null","null","null","null","null",27,"1","Curveball",1,0,1,0,0,1,1,0,"Standard","Standard"
"CU","2018-07-27","79.2","2.9664","5.7761","Madison Bumgarner",573135,518516,"null","called_strike",,,,,"9","null","R","R","L","SF","MIL","S","null","null",1,1,2018,"-0.6449","-0.4546","0.5207","1.7643","null","null","null",2,4,"Top","null","null",,,457763,,"180728_030458","-4.1127","-115.1989","-1.0928","-4.7510","22.8574","-36.1516","3.3710","1.5350","null","null","null","77.9810","2327","5.6020",530961,518516,457763,467055,593700,446334,543063,491676,621453,457705,"54.8955","null","null","null","null","null","null","null",26,"3","Curveball",1,0,0,1,0,1,0,1,"Standard","Standard"
"CH","2018-07-27","86.2","2.8924","5.7359","Madison Bumgarner",573135,518516,"null","ball",,,,,"14","null","R","R","L","SF","MIL","B","null","null",0,1,2018,"1.4114","0.7799","1.0889","1.1241","null","null","null",2,4,"Top","null","null",,,457763,,"180728_030440","-7.1087","-125.1630","-6.2307","16.1997","26.1008","-22.9728","3.3710","1.5350","null","null","null","85.7580","1510","6.1980",530961,518516,457763,467055,593700,446334,543063,491676,621453,457705,"54.2998","null","null","null","null","null","null","null",26,"2","Changeup",1,0,0,1,0,1,0,1,"Standard","Standard"
"FT","2018-07-27","91.5","2.8745","5.8179","Madison Bumgarner",573135,518516,"null","called_strike",,,,,"12","null","R","R","L","SF","MIL","S","null","null",0,0,2018,"0.7334","1.2684","0.8738","2.8822","null","null","null",2,4,"Top","null","null",,,457763,,"180728_030425","-6.6077","-132.9645","-4.2065","10.1207","29.8899","-16.5246","3.3710","1.5350","null","null","null","91.1280","2226","6.2470",530961,518516,457763,467055,593700,446334,543063,491676,621453,457705,"54.2500","null","null","null","null","null","null","null",26,"1","2-Seam Fastball",1,0,0,1,0,1,0,1,"Standard","Standard"
"CU","2018-07-27","78.6","2.9375","5.7665","Madison Bumgarner",460075,518516,"null","ball",,,,,"12","null","R","R","L","SF","MIL","B","null","null",1,1,2018,"-0.6546","-0.5510","0.9854","3.5447","null","null","null",1,4,"Top","null","null",,,457763,,"180728_030259","-3.0160","-114.3553","2.8863","-5.2117","17.9906","-37.6240","3.4670","1.5890","null","null","null","78.2990","2252","5.7580",530961,518516,457763,467055,593700,446334,543063,491676,621453,457705,"54.7390","null","null","null","null","null","null","null",25,"3","Curveball",1,0,0,1,0,1,0,1,"Standard","Standard"
"CH","2018-07-27","86.5","2.9075","5.8035","Madison Bumgarner",460075,518516,"null","ball",,,,,"13","null","R","R","L","SF","MIL","B","null","null",0,1,2018,"1.2234","0.3722","-0.1358","1.3658","null","null","null",1,4,"Top","null","null",,,457763,,"180728_030240","-9.7710","-125.6308","-5.1443","14.9284","24.1088","-27.4131","3.4670","1.5890","null","null","null","86.7930","1618","6.4600",530961,518516,457763,467055,593700,446334,543063,491676,621453,457705,"54.0374","null","null","null","null","null","null","null",25,"2","Changeup",1,0,0,1,0,1,0,1,"Standard","Standard"
"FT","2018-07-27","91.6","2.8221","5.8160","Madison Bumgarner",460075,518516,"null","called_strike",,,,,"14","null","R","R","L","SF","MIL","S","null","null",0,0,2018,"0.7774","1.1108","0.9294","2.5141","null","null","null",1,4,"Top","null","null",,,457763,,"180728_030223","-6.4415","-133.3410","-4.9235","10.5342","25.1860","-18.1254","3.4670","1.5890","null","null","null","91.9920","2122","6.2310",530961,518516,457763,467055,593700,446334,543063,491676,621453,457705,"54.2662","null","null","null","null","null","null","null",25,"1","2-Seam Fastball",1,0,0,1,0,1,0,1,"Standard","Standard"
"CU","2018-07-27","76.6","-1.0704","5.8909","Chase Anderson",593700,502624,"null","called_strike",,,,,"1","null","R","L","R","SF","MIL","S","null","null",0,1,2018,"0.8979","-0.8358","-0.3828","2.8509","null","null","null",2,3,"Bot","null","null",,,444489,,"180728_025727","-0.0832","-111.3598","1.9540","7.1492","19.6128","-39.4394","3.3710","1.5350","null","null","null","74.8020","2168","4.9690",530961,502624,444489,542583,541650,573135,606115,460075,542979,592885,"55.5283","null","null","null","null","null","null","null",22,"2","Curveball",1,0,1,0,0,1,1,0,"Standard","Standard"
"FT","2018-07-27","92.3","-0.9947","5.9671","Chase Anderson",593700,502624,"null","called_strike",,,,,"4","null","R","L","R","SF","MIL","S","null","null",0,0,2018,"-1.0641","1.1737","-0.7390","2.5891","null","null","null",2,3,"Bot","null","null",,,444489,,"180728_025714","2.8355","-134.3257","-5.2096","-13.1150","26.6428","-17.5341","3.3710","1.5350","null","null","null","91.2030","2176","5.4280",530961,502624,444489,542583,541650,573135,606115,460075,542979,592885,"55.0694","null","null","null","null","null","null","null",22,"1","2-Seam Fastball",1,0,1,0,0,1,1,0,"Standard","Standard"
"CU","2018-07-27","77.5","-0.9505","5.9128","Chase Anderson",518516,502624,"null","ball",,,,,"14","null","R","R","R","SF","MIL","B","null","null",0,2,2018,"0.6016","-1.1158","0.9256","1.5679","null","null","null",0,3,"Bot","null","null",,,444489,,"180728_025544","2.8863","-112.5874","-0.3872","4.3147","21.0918","-41.4053","3.6700","1.6600","null","null","null","75.3670","2132","4.8890",530961,502624,444489,542583,541650,573135,606115,460075,542979,592885,"55.6085","null","null","null","null","null","null","null",20,"3","Curveball",1,0,1,0,0,1,1,0,"Standard","Standard"
"FF","2018-07-27","91.9","-1.0558","5.9852","Chase Anderson",518516,502624,"null","called_strike",,,,,"9","null","R","R","R","SF","MIL","S","null","null",0,0,2018,"-0.3979","1.3358","0.6910","1.6675","null","null","null",0,3,"Bot","null","null",,,444489,,"180728_025516","5.1805","-133.5524","-7.8027","-5.7001","27.0208","-15.2194","3.6700","1.6600","null","null","null","90.7900","2053","5.5500",530961,502624,444489,542583,541650,573135,606115,460075,542979,592885,"54.9471","null","null","null","null","null","null","null",20,"1","4-Seam Fastball",1,0,1,0,0,1,1,0,"Standard","Standard"
"CU","2018-07-27","79.6","2.8471","5.8128","Madison Bumgarner",592885,518516,"null","ball",,,,,"13","null","R","L","L","SF","MIL","B","null","null",1,0,2018,"-0.6084","-0.6518","-1.2101","1.2526","null","542979.00","null",2,3,"Top","null","null",,,457763,,"180728_025226","-7.6992","-115.5793","-1.9663","-3.7960","23.0175","-37.7494","3.4900","1.6010","null","null","null","78.5710","2314","5.8400",530961,518516,457763,467055,593700,446334,543063,491676,621453,457705,"54.6572","null","null","null","null","null","null","null",19,"2","Curveball",1,0,0,1,0,1,0,1,"Standard","Standard"
"FC","2018-07-27","87.0","2.9644","5.8373","Madison Bumgarner",592885,518516,"null","ball",,,,,"13","null","R","L","L","SF","MIL","B","null","null",0,0,2018,"-0.3280","0.6231","-1.1762","1.7641","null","542979.00","null",2,3,"Top","null","null",,,457763,,"180728_025204","-9.1985","-126.2507","-4.7790","-1.5566","26.2162","-24.8307","3.4900","1.6010","null","null","null","86.3310","2272","6.0570",530961,518516,457763,467055,593700,446334,543063,491676,621453,457705,"54.4400","null","null","null","null","null","null","null",19,"1","Cutter",1,0,0,1,0,1,0,1,"Standard","Standard"
"FT","2018-07-27","91.3","2.8627","5.7928","Madison Bumgarner",502624,518516,"null","called_strike",,,,,"1","null","R","R","L","SF","MIL","S","null","null",0,0,2018,"0.8490","1.1868","-0.7401","2.9616","null","null","null",1,3,"Top","null","null",,,457763,,"180728_024946","-10.8466","-132.5421","-3.8002","12.1139","25.2621","-17.6020","3.5100","1.5500","null","null","null","91.4050","2106","6.2390",530961,518516,457763,467055,593700,446334,543063,491676,621453,457705,"54.2581","null","null","null","null","null","null","null",17,"1","2-Seam Fastball",1,0,0,1,0,1,0,1,"Standard","Standard"
"CU","2018-07-27","78.5","3.0353","5.8130","Madison Bumgarner",606115,518516,"null","called_strike",,,,,"12","null","R","R","L","SF","MIL","S","null","null",1,1,2018,"-0.4222","-0.2486","0.9668","3.1837","null","null","null",0,3,"Top","null","null",,,457763,,"180728_024814","-3.6765","-114.2661","1.5160","-3.0281","19.1541","-34.7975","3.3710","1.5350","null","null","null","78.0290","2233","5.7340",530961,518516,457763,467055,593700,446334,543063,491676,621453,457705,"54.7629","null","null","null","null","null","null","null",16,"3","Curveball",1,0,0,1,0,1,0,1,"Standard","Standard"
"FT","2018-07-27","90.3","2.9288","5.7892","Madison Bumgarner",606115,518516,"null","called_strike",,,,,"14","null","R","R","L","SF","MIL","S","null","null",1,0,2018,"0.9189","1.1248","0.9035","1.5613","null","null","null",0,3,"Top","null","null",,,457763,,"180728_024758","-6.9407","-131.1745","-6.9409","11.9242","25.2148","-18.0828","3.3710","1.5350","null","null","null","90.1930","2045","6.1130",530961,518516,457763,467055,593700,446334,543063,491676,621453,457705,"54.3845","null","null","null","null","null","null","null",16,"2","2-Seam Fastball",1,0,0,1,0,1,0,1,"Standard","Standard"
"FT","2018-07-27","90.6","2.7195","5.9597","Madison Bumgarner",606115,518516,"null","ball",,,,,"1","null","R","R","L","SF","MIL","B","null","null",0,0,2018,"0.9552","1.0147","-0.5427","3.4330","null","null","null",0,3,"Top","null","null",,,457763,,"180728_024741","-10.1425","-131.6470","-2.5507","13.1062","25.9002","-20.0745","3.3710","1.5350","null","null","null","90.6110","2096","6.2090",530961,518516,457763,467055,593700,446334,543063,491676,621453,457705,"54.2881","null","null","null","null","null","null","null",16,"1","2-Seam Fastball",1,0,0,1,0,1,0,1,"Standard","Standard"
"FF","2018-07-27","94.0","-0.7587","5.9800","Chase Anderson",491676,502624,"null","ball",,,,,"14","null","R","R","R","SF","MIL","B","null","null",0,0,2018,"-0.8284","1.5347","1.0923","2.2822","543063.00","null","null",2,2,"Bot","null","null",,,444489,,"180728_024345","6.4959","-136.5263","-7.0567","-11.5623","30.6879","-12.1282","3.4110","1.5650","null","null","null","92.7050","2168","5.6680",530961,502624,444489,542583,541650,573135,606115,460075,542979,592885,"54.8291","null","null","null","null","null","null","null",15,"1","4-Seam Fastball",1,0,1,0,0,1,1,0,"Standard","Standard"
"CU","2018-07-27","76.7","-0.9422","5.9296","Chase Anderson",467055,502624,"null","called_strike",,,,,"6","null","R","L","R","SF","MIL","S","null","null",1,0,2018,"0.6217","-1.1256","0.3366","2.5690","543063.00","null","null",1,2,"Bot","null","null",,,444489,,"180728_024245","1.5912","-111.4844","1.8399","4.7183","20.3363","-41.8464","3.3190","1.5130","null","null","null","75.3380","2159","5.3850",530961,502624,444489,542583,541650,573135,606115,460075,542979,592885,"55.1129","null","null","null","null","null","null","null",14,"2","Curveball",1,0,1,0,0,1,1,0,"Strategic","Standard"
"FF","2018-07-27","93.4","-0.9516","5.9177","Chase Anderson",446334,502624,"null","ball",,,,,"14","null","R","R","R","SF","MIL","B","null","null",0,0,2018,"-0.7934","1.4676","1.3762","1.6739","null","543063.00","null",0,2,"Bot","null","null",,,444489,,"180728_024038","7.5748","-135.6046","-8.2307","-11.0923","26.3255","-13.0016","3.4110","1.5650","null","null","null","92.4940","2109","5.6220",530961,502624,444489,542583,541650,573135,606115,460075,542979,592885,"54.8754","null","null","null","null","null","null","null",13,"1","4-Seam Fastball",1,0,1,0,0,1,1,0,"Standard","Standard"
"CH","2018-07-27","82.6","-1.1675","5.7885","Chase Anderson",543063,502624,"null","called_strike",,,,,"9","null","R","L","R","SF","MIL","S","null","null",0,0,2018,"-1.4174","1.1471","0.3862","1.7776","null","457763.00","null",0,2,"Bot","null","null",,,444489,,"180728_023918","6.1138","-120.0176","-4.7603","-14.4863","21.2502","-20.7181","3.4670","1.5890","null","null","null","81.6630","2100","5.5460",530961,502624,444489,542583,541650,573135,606115,460075,542979,592885,"54.9512","null","null","null","null","null","null","null",12,"1","Changeup",0,0,0,0,0,0,0,0,"Standard","Standard"
"FC","2018-07-27","87.2","-0.9833","5.9066","Chase Anderson",457763,502624,"null","ball",,,,,"12","null","R","R","R","SF","MIL","B","null","null",2,1,2018,"0.3749","1.0764","0.9092","3.0051","null","null","null",0,2,"Bot","null","null",,,444489,,"180728_023743","3.7454","-126.8838","-2.9880","3.3034","22.2836","-20.5008","3.4110","1.5650","null","null","null","86.3350","2327","5.4210",530961,502624,444489,542583,541650,573135,606115,460075,542979,592885,"55.0761","null","null","null","null","null","null","null",11,"4","Cutter",0,0,0,0,0,0,0,0,"Standard","Standard"
"FF","2018-07-27","92.2","-0.8789","5.9508","Chase Anderson",457763,502624,"null","called_strike",,,,,"5","null","R","R","R","SF","MIL","S","null","null",2,0,2018,"-0.8168","1.5472","0.0998","2.4994","null","null","null",0,2,"Bot","null","null",,,444489,,"180728_023725","4.1407","-133.9794","-6.1083","-10.4505","28.3859","-12.9976","3.4110","1.5650","null","null","null","90.8920","2124","5.5260",530961,502624,444489,542583,541650,573135,606115,460075,542979,592885,"54.9713","null","null","null","null","null","null","null",11,"3","4-Seam Fastball",0,0,0,0,0,0,0,0,"Standard","Standard"
"FF","2018-07-27","91.7","-0.8344","6.0046","Chase Anderson",457763,502624,"null","ball",,,,,"14","null","R","R","R","SF","MIL","B","null","null",1,0,2018,"-0.8966","1.3612","0.9734","2.3867","null","null","null",0,2,"Bot","null","null",,,444489,,"180728_023708","6.3547","-133.3081","-6.0936","-11.7189","26.2324","-15.3144","3.4110","1.5650","null","null","null","90.7440","2137","5.5700",530961,502624,444489,542583,541650,573135,606115,460075,542979,592885,"54.9271","null","null","null","null","null","null","null",11,"2","4-Seam Fastball",0,0,0,0,0,0,0,0,"Standard","Standard"
"FF","2018-07-27","91.5","-0.8925","5.9734","Chase Anderson",457763,502624,"null","ball",,,,,"14","null","R","R","R","SF","MIL","B","null","null",0,0,2018,"-0.7899","1.3529","1.3609","1.9971","null","null","null",0,2,"Bot","null","null",,,"null",,"180728_023656","7.2355","-132.8507","-6.8914","-10.6546","27.7586","-15.3190","3.4110","1.5650","null","null","null","null","2111","5.6433",530961,"null","null","null","null","null","null","null","null","null","54.8546","null","null","null","null","null","null","null",11,"1","4-Seam Fastball",0,0,0,0,0,0,0,0,"null","null"
"CH","2018-07-27","85.2","2.9574","5.8163","Madison Bumgarner",444489,518516,"null","ball",,,,,"14","null","R","R","L","SF","MIL","B","null","null",0,1,2018,"1.0438","0.4316","0.3830","0.4839","null","null","null",2,2,"Top","null","null",,,457763,,"180728_023350","-8.1395","-123.6315","-7.0147","12.3797","25.8151","-26.5155","3.3710","1.5350","null","null","null","84.9610","1412","6.3940",530961,518516,457763,467055,593700,446334,543063,491676,621453,457705,"54.1032","null","null","null","null","null","null","null",10,"2","Changeup",0,0,0,0,0,0,0,0,"Standard","Standard"
"FT","2018-07-27","90.9","2.9677","5.8157","Madison Bumgarner",541650,518516,"null","ball",,,,,"14","null","R","R","L","SF","MIL","B","null","null",0,0,2018,"0.7874","1.3023","1.0832","1.9079","null","null","null",1,2,"Top","null","null",,,457763,,"180728_023144","-6.3936","-132.0960","-6.6685","10.5195","26.5266","-15.7660","3.4110","1.5650","null","null","null","90.9860","2030","6.2850",530961,518516,457763,467055,593700,446334,543063,491676,621453,457705,"54.2122","null","null","null","null","null","null","null",9,"1","2-Seam Fastball",0,0,0,0,0,0,0,0,"Standard","Standard"
"FT","2018-07-27","90.9","2.9740","5.8376","Madison Bumgarner",573135,518516,"null","called_strike",,,,,"14","null","R","R","L","SF","MIL","S","null","null",0,1,2018,"0.8504","1.1745","1.0495","2.2603","null","null","null",0,2,"Top","null","null",,,457763,,"180728_023055","-6.6036","-132.1680","-5.5732","11.2365","25.4290","-17.5406","3.3710","1.5350","null","null","null","90.9520","2137","6.1460",530961,518516,457763,467055,593700,446334,543063,491676,621453,457705,"54.3517","null","null","null","null","null","null","null",8,"2","2-Seam Fastball",0,0,0,0,0,0,0,0,"Standard","Standard"
"FC","2018-07-27","86.5","2.9363","5.8764","Madison Bumgarner",573135,518516,"null","called_strike",,,,,"1","null","R","R","L","SF","MIL","S","null","null",0,0,2018,"-0.1263","0.5673","-0.7352","3.0237","null","null","null",0,2,"Top","null","null",,,457763,,"180728_023039","-8.4668","-125.8034","-1.7747","0.2342","23.3592","-26.0405","3.3710","1.5350","null","null","null","86.4800","2205","6.1150",530961,518516,457763,467055,593700,446334,543063,491676,621453,457705,"54.3826","null","null","null","null","null","null","null",8,"1","Cutter",0,0,0,0,0,0,0,0,"Standard","Standard"
"FF","2018-07-27","92.6","-0.9220","5.9193","Chase Anderson",457705,502624,"null","called_strike",,,,,"5","null","R","R","R","SF","MIL","S","null","null",0,0,2018,"-0.7662","1.6390","-0.0015","2.1316","null","null","null",2,1,"Bot","null","null",,,444489,,"180728_022802","3.9059","-134.4920","-7.1677","-9.8921","30.9492","-11.5598","3.3190","1.5130","null","null","null","90.9260","2151","5.5140",530961,502624,444489,542583,541650,573135,606115,460075,542979,592885,"54.9829","null","null","null","null","null","null","null",7,"1","4-Seam Fastball",0,0,0,0,0,0,0,0,"Infield shift","Standard"
"FF","2018-07-27","91.2","-0.7959","6.0980","Chase Anderson",621453,502624,"null","ball",,,,,"11","null","R","L","R","SF","MIL","B","null","null",0,1,2018,"-0.9409","1.3755","-0.5847","3.7229","null","null","null",0,1,"Bot","null","null",,,444489,,"180728_022553","2.4938","-132.7821","-3.0278","-11.5076","25.2945","-15.6826","3.4670","1.5890","null","null","null","90.9620","1906","5.8670",530961,502624,444489,542583,541650,573135,606115,460075,542979,592885,"54.6306","null","null","null","null","null","null","null",5,"2","4-Seam Fastball",0,0,0,0,0,0,0,0,"Standard","Standard"
"FT","2018-07-27","91.0","-0.9933","6.0037","Chase Anderson",621453,502624,"null","called_strike",,,,,"7","null","R","L","R","SF","MIL","S","null","null",0,0,2018,"-1.4274","0.9992","-0.4348","1.6974","null","null","null",0,1,"Bot","null","null",,,444489,,"180728_041007","4.2976","-132.2506","-6.9045","-17.2219","25.9687","-19.5898","3.4670","1.5890","null","null","null","89.9510","1996","5.5370",530961,502624,444489,542583,541650,573135,606115,460075,542979,592885,"54.9606","null","null","null","null","null","null","null",5,"1","2-Seam Fastball",0,0,0,0,0,0,0,0,"Standard","Standard"
"CU","2018-07-27","78.6","2.8840","5.8407","Madison Bumgarner",542583,518516,"null","ball",,,,,"13","null","R","R","L","SF","MIL","B","null","null",1,1,2018,"-0.6863","-0.4704","-2.1574","1.5124","null","592885.00","null",1,1,"Top","null","null",,,457763,,"180728_021922","-9.5510","-114.0534","-1.6213","-4.0472","21.5189","-36.1303","3.4900","1.6010","null","null","null","77.5040","2338","5.7220",530961,518516,457763,467055,593700,446334,543063,491676,621453,457705,"54.7753","null","null","null","null","null","null","null",3,"3","Curveball",0,0,0,0,0,0,0,0,"Standard","Standard"
"FC","2018-07-27","86.1","2.9655","5.8418","Madison Bumgarner",542583,518516,"null","ball",,,,,"13","null","R","R","L","SF","MIL","B","null","null",0,1,2018,"-0.3318","0.7438","-1.8323","1.5564","null","592885.00","null",1,1,"Top","null","null",,,457763,,"180728_021849","-10.6505","-124.8694","-5.3928","-1.4682","23.3651","-23.6161","3.4900","1.6010","null","null","null","85.8030","2238","6.1230",530961,518516,457763,467055,593700,446334,543063,491676,621453,457705,"54.3743","null","null","null","null","null","null","null",3,"2","Cutter",0,0,0,0,0,0,0,0,"Standard","Standard"
"FT","2018-07-27","91.5","2.7990","5.9102","Madison Bumgarner",542583,518516,"null","called_strike",,,,,"1","null","R","R","L","SF","MIL","S","null","null",0,0,2018,"0.6450","1.1285","-0.3734","3.0283","null","592885.00","null",1,1,"Top","null","null",,,457763,,"180728_021822","-9.3838","-132.9016","-3.7879","9.6940","29.3435","-18.2231","3.4900","1.6010","null","null","null","91.3080","2069","6.3410",530961,518516,457763,467055,593700,446334,543063,491676,621453,457705,"54.1562","null","null","null","null","null","null","null",3,"1","2-Seam Fastball",0,0,0,0,0,0,0,0,"Standard","Standard"
"FT","2018-07-27","91.5","2.7663","5.8480","Madison Bumgarner",542979,518516,"strikeout","called_strike",,,,,"7","Keon Broxton called out on strikes.  ","R","R","L","SF","MIL","S",2,"null",2,2,2018,"1.0883","1.1348","-0.4425","2.1245","null","null","null",0,1,"Top","null","null",,,457763,,"180728_021651","-10.4467","-132.8497","-5.9889","15.0564","26.2464","-17.6373","3.4900","1.6010","null","null","null","91.8140","null","6.4250",530961,518516,457763,467055,593700,446334,543063,491676,621453,457705,"54.0726","null","null","0.00",1,0,0,"null",1,"5","2-Seam Fastball",0,0,0,0,0,0,0,0,"Standard","Standard"
"FT","2018-07-27","91.6","2.8889","5.9429","Madison Bumgarner",542979,518516,"null","ball",,,,,"12","null","R","R","L","SF","MIL","B","null","null",1,2,2018,"0.8404","0.9239","0.0135","4.4356","null","null","null",0,1,"Top","null","null",,,457763,,"180728_021631","-9.0427","-133.1368","0.0240","11.7514","25.1964","-21.3351","3.4900","1.6010","null","null","null","91.8440","1951","6.2340",530961,518516,457763,467055,593700,446334,543063,491676,621453,457705,"54.2633","null","null","null","null","null","null","null",1,"4","2-Seam Fastball",0,0,0,0,0,0,0,0,"Standard","Standard"
"FT","2018-07-27","90.8","2.8372","5.8836","Madison Bumgarner",542979,518516,"null","ball",,,,,"13","null","R","R","L","SF","MIL","B","null","null",0,1,2018,"0.8055","1.2496","-1.6048","2.3709","null","null","null",0,1,"Top","null","null",,,457763,,"180728_021556","-12.8006","-131.6338","-5.5511","11.8291","24.5249","-16.6783","3.4900","1.6010","null","null","null","90.9920","2071","6.3370",530961,518516,457763,467055,593700,446334,543063,491676,621453,457705,"54.1604","null","null","null","null","null","null","null",1,"2","2-Seam Fastball",0,0,0,0,0,0,0,0,"Standard","Standard"
"FT","2018-07-27","91.4","2.9201","5.9361","Madison Bumgarner",542979,518516,"null","called_strike",,,,,"6","null","R","R","L","SF","MIL","S","null","null",0,0,2018,"0.7640","0.9353","0.2832","2.3433","null","null","null",0,1,"Top","null","null",,,457763,,"180728_021538","-8.2507","-132.9052","-5.2388","10.5877","23.8495","-20.2720","3.4900","1.6010","null","null","null","91.7540","1959","6.1790",530961,518516,457763,467055,593700,446334,543063,491676,621453,457705,"54.3184","null","null","null","null","null","null","null",1,"1","2-Seam Fastball",0,0,0,0,0,0,0,0,"Standard","Standard"