"pitch_type","game_date","release_speed","release_pos_x","release_pos_z","player_name","batter","pitcher","events","description","spin_dir","spin_rate_deprecated","break_angle_deprecated","break_length_deprecated","zone","des","game_type","stand","p_throws","home_team","away_team","type","hit_location","bb_type","balls","strikes","game_year","pfx_x","pfx_z","plate_x","plate_z","on_3b","on_2b","on_1b","outs_when_up","inning","inning_topbot","hc_x","hc_y","tfs_deprecated","tfs_zulu_deprecated","pos2_person_id","umpire","sv_id","vx0","vy0","vz0","ax","ay","az","sz_top","sz_bot","hit_distance_sc","launch_speed","launch_angle","effective_speed","release_spin_rate","release_extension","game_pk","pos1_person_id","pos2_person_id","pos3_person_id","pos4_person_id","pos5_person_id","pos6_person_id","pos7_person_id","pos8_person_id","pos9_person_id","release_pos_y","estimated_ba_using_speedangle","estimated_woba_using_speedangle","woba_value","woba_denom","babip_value","iso_value","launch_speed_angle","at_bat_number","pitch_number","pitch_name","home_score","away_score","bat_score","fld_score","post_away_score","post_home_score","post_bat_score","post_fld_score","if_fielding_alignment","of_fielding_alignment"
"FF","2018-04-11","87.6","-2.2276","5.7177","Brad Boxberger",467055,502202,"null","called_strike",,,,,"5","null","R","L","R","SF","ARI","S","null","null",0,0,2018,"-0.2984","1.4467","0.0564","2.6628","null","null","null",2,9,"Bot","null","null",,,571974,,"180411_225349","6.0281","-127.3238","-4.1138","-4.3430","24.6550","-16.2182","3.3064","1.5647","null","null","null","86.6320","2178","5.6070",529574,502202,571974,502671,606466,571918,605113,502481,572041,572008,"54.8904","null","null","null","null","null","null","null",73,"1","4-Seam Fastball",3,7,3,7,7,3,3,7,"Standard","Standard"
"FF","2018-04-11","87.8","-2.1988","5.8085","Brad Boxberger",543063,502202,"null","called_strike",,,,,"8","null","R","L","R","SF","ARI","S","null","null",0,0,2018,"-0.3166","1.7000","0.2320","1.6287","null","null","null",1,9,"Bot","null","null",,,571974,,"180411_225246","6.3880","-127.4292","-7.2510","-4.5972","24.9048","-13.0287","3.3282","1.5795","null","null","null","86.3400","2303","5.3900",529574,502202,571974,502671,606466,571918,605113,502481,572041,572008,"55.1077","null","null","null","null","null","null","null",72,"1","4-Seam Fastball",3,7,3,7,7,3,3,7,"Standard","Standard"
"FF","2018-04-11","87.8","-2.1885","5.6520","Brad Boxberger",452254,502202,"null","called_strike",,,,,"6","null","R","R","R","SF","ARI","S","null","null",1,1,2018,"-0.0393","1.6022","0.7540","2.6395","null","null","null",0,9,"Bot","null","null",,,571974,,"180411_225155","7.0832","-127.4372","-4.2927","-1.8772","26.2785","-14.5675","3.3239","1.6237","null","null","null","86.4160","2249","5.5530",529574,502202,571974,502671,606466,571918,605113,502481,572041,572008,"54.9442","null","null","null","null","null","null","null",71,"3","4-Seam Fastball",3,7,3,7,7,3,3,7,"Standard","Standard"
"FF","2018-04-11","88.0","-2.2815","5.5743","Brad Boxberger",452254,502202,"null","called_strike",,,,,"6","null","R","R","R","SF","ARI","S","null","null",1,0,2018,"-0.2716","1.3813","0.3337","2.5576","null","null","null",0,9,"Bot","null","null",,,571974,,"180411_225140","6.8149","-127.9219","-3.9771","-4.2854","25.5242","-16.7377","3.4395","1.6429","null","null","null","87.1570","2177","5.7370",529574,502202,571974,502671,606466,571918,605113,502481,572041,572008,"54.7603","null","null","null","null","null","null","null",71,"2","4-Seam Fastball",3,7,3,7,7,3,3,7,"Standard","Standard"
"FF","2018-04-11","86.2","-2.1688","5.7004","Brad Boxberger",452254,502202,"null","ball",,,,,"14","null","R","R","R","SF","ARI","B","null","null",0,0,2018,"-0.2862","1.5219","0.2930","1.2166","null","null","null",0,9,"Bot","null","null",,,571974,,"180411_225124","6.3427","-125.1333","-7.3617","-4.1794","24.0945","-15.2561","3.4387","1.6622","null","null","null","85.3850","2198","5.7910",529574,502202,571974,502671,606466,571918,605113,502481,572041,572008,"54.7061","null","null","null","null","null","null","null",71,"1","4-Seam Fastball",3,7,3,7,7,3,3,7,"Standard","Standard"
"FF","2018-04-11","94.3","-1.8922","5.9572","Pierce Johnson",502481,572955,"null","ball",,,,,"11","null","R","L","R","SF","ARI","B","null","null",1,2,2018,"-1.2635","1.1974","-1.5760","4.4568","null","null","571974.00",2,9,"Top","null","null",,,460026,,"180411_224814","3.4486","-137.1290","-0.7647","-16.1401","29.3104","-17.6738","3.4689","1.6521","null","null","null","92.6850","2337","5.2870",529574,572955,460026,457763,605412,467055,543063,452254,453923,457705,"55.2105","null","null","null","null","null","null","null",70,"4","4-Seam Fastball",3,7,7,3,7,3,7,3,"Standard","Standard"
"FF","2018-04-11","94.4","-1.9370","6.0745","Pierce Johnson",502481,572955,"null","called_strike",,,,,"9","null","R","L","R","SF","ARI","S","null","null",1,1,2018,"-1.0176","1.3019","0.4638","2.0358","null","null","571974.00",2,9,"Top","null","null",,,460026,,"180411_224751","8.3136","-137.0555","-7.5574","-14.2195","26.6826","-14.8042","3.4448","1.6567","null","null","null","93.4650","2334","5.5960",529574,572955,460026,457763,605412,467055,543063,452254,453923,457705,"54.9015","null","null","null","null","null","null","null",70,"3","4-Seam Fastball",3,7,7,3,7,3,7,3,"Standard","Standard"
"CU","2018-04-11","82.7","-1.9671","5.8867","Pierce Johnson",502481,572955,"null","ball",,,,,"13","null","R","L","R","SF","ARI","B","null","null",0,1,2018,"1.1390","-0.6835","-0.9030","1.4632","null","null","571974.00",2,9,"Top","null","null",,,460026,,"180411_224729","0.3026","-120.3171","-2.3157","10.5931","22.0340","-38.4020","3.4355","1.7145","null","null","null","81.1630","3080","5.1270",529574,572955,460026,457763,605412,467055,543063,452254,453923,457705,"55.3709","null","null","null","null","null","null","null",70,"2","Curveball",3,7,7,3,7,3,7,3,"Standard","Standard"
"FF","2018-04-11","94.8","-1.8927","6.0262","Pierce Johnson",502481,572955,"null","called_strike",,,,,"7","null","R","L","R","SF","ARI","S","null","null",0,0,2018,"-1.0829","1.2218","-0.8250","2.1540","null","null","571974.00",2,9,"Top","null","null",,,460026,,"180411_224710","5.0139","-137.7474","-6.9726","-14.4075","28.2283","-15.8955","3.5218","1.7145","null","null","null","93.3290","2349","5.3250",529574,572955,460026,457763,605412,467055,543063,452254,453923,457705,"55.1722","null","null","null","null","null","null","null",70,"1","4-Seam Fastball",3,7,7,3,7,3,7,3,"Standard","Standard"
"FF","2018-04-11","94.8","-1.7580","6.0272","Pierce Johnson",572233,572955,"strikeout","called_strike",,,,,"14","Christian Walker called out on strikes.  ","R","R","R","SF","ARI","S",2,"null",2,2,2018,"-1.0026","1.3665","0.8543","2.5919","null","null","571974.00",1,9,"Top","null","null",,,460026,,"180411_224639","8.7998","-137.4376","-6.0971","-14.2288","30.1936","-14.3373","3.6439","1.6836","null","null","null","92.9590","2414","5.3820",529574,572955,460026,457763,605412,467055,543063,452254,453923,457705,"55.1153","null","null","0.00",1,0,0,"null",69,"5","4-Seam Fastball",3,7,7,3,7,3,7,3,"Standard","Standard"
"FF","2018-04-11","95.1","-1.8146","6.0324","Pierce Johnson",572233,572955,"null","called_strike",,,,,"6","null","R","R","R","SF","ARI","S","null","null",2,1,2018,"-1.0309","1.2428","0.4987","2.5192","null","null","571974.00",1,9,"Top","null","null",,,460026,,"180411_224613","8.1687","-138.0318","-6.1605","-14.6013","29.4655","-15.6039","3.6054","1.6836","null","null","null","93.7690","2430","5.5540",529574,572955,460026,457763,605412,467055,543063,452254,453923,457705,"54.9432","null","null","null","null","null","null","null",69,"4","4-Seam Fastball",3,7,7,3,7,3,7,3,"Standard","Standard"
"FF","2018-04-11","93.1","-1.6308","6.2704","Pierce Johnson",572233,572955,"null","ball",,,,,"11","null","R","R","R","SF","ARI","B","null","null",1,0,2018,"-0.8639","1.2643","-1.0922","3.5346","null","null","571974.00",1,9,"Top","null","null",,,460026,,"180411_224504","3.1514","-135.4295","-3.8872","-10.9699","28.1142","-16.5215","3.5335","1.6744","null","null","null","91.7430","2319","5.3780",529574,572955,460026,457763,605412,467055,543063,452254,453923,457705,"55.1196","null","null","null","null","null","null","null",69,"2","4-Seam Fastball",3,7,7,3,7,3,7,3,"Standard","Standard"
"CU","2018-04-11","82.6","-1.8738","5.8782","Pierce Johnson",572233,572955,"null","ball",,,,,"13","null","R","R","R","SF","ARI","B","null","null",0,0,2018,"1.2012","-0.7240","-0.8988","1.9643","null","null","571974.00",1,9,"Top","null","null",,,460026,,"180411_224443","-0.0245","-120.1394","-1.0171","11.1784","24.1767","-38.9845","3.5913","1.7129","null","null","null","80.9330","3096","5.2630",529574,572955,460026,457763,605412,467055,543063,452254,453923,457705,"55.2344","null","null","null","null","null","null","null",69,"1","Curveball",3,7,7,3,7,3,7,3,"Standard","Standard"
"CU","2018-04-11","82.3","-1.7913","5.8728","Pierce Johnson",571974,572955,"walk","ball",,,,,"7","John Ryan Murphy walks.  ","R","R","R","SF","ARI","B","null","null",3,2,2018,"1.2292","-0.6542","-0.2810","1.3803","null","null","null",1,9,"Top","null","null",,,460026,,"180411_224404","1.1247","-119.7505","-2.4444","11.1897","22.0352","-38.0517","3.1608","1.4968","null","null","null","80.8270","3087","5.1790",529574,572955,460026,457763,605412,467055,543063,452254,453923,457705,"55.3186","null","null","0.70",1,0,0,"null",68,"10","Curveball",3,7,7,3,7,3,7,3,"Standard","Standard"
"FF","2018-04-11","93.3","-1.6139","6.2305","Pierce Johnson",571974,572955,"null","ball",,,,,"11","null","R","R","R","SF","ARI","B","null","null",2,2,2018,"-0.6849","1.2065","-1.1424","4.0065","null","null","null",1,9,"Top","null","null",,,460026,,"180411_224342","2.6637","-135.8783","-2.5880","-8.9096","27.7420","-17.1347","3.2187","1.4197","null","null","null","92.8250","2224","5.8060",529574,572955,460026,457763,605412,467055,543063,452254,453923,457705,"54.6917","null","null","null","null","null","null","null",68,"9","4-Seam Fastball",3,7,7,3,7,3,7,3,"Standard","Standard"
"FC","2018-04-11","89.2","-2.0330","5.7919","Pierce Johnson",571974,572955,"null","ball",,,,,"14","null","R","R","R","SF","ARI","B","null","null",1,2,2018,"0.3422","0.2972","2.1301","1.9587","null","null","null",1,9,"Top","null","null",,,460026,,"180411_224200","9.4034","-129.5839","-4.0326","2.1590","22.6572","-28.3773","3.2187","1.3426","null","null","null","88.5630","2754","5.6200",529574,572955,460026,457763,605412,467055,543063,452254,453923,457705,"54.8771","null","null","null","null","null","null","null",68,"5","Cutter",3,7,7,3,7,3,7,3,"Standard","Standard"
"CU","2018-04-11","81.8","-1.7876","5.9471","Pierce Johnson",571974,572955,"null","called_strike",,,,,"7","null","R","R","R","SF","ARI","S","null","null",1,1,2018,"1.1916","-0.9552","-0.5371","2.0211","null","null","null",1,9,"Top","null","null",,,460026,,"180411_224114","0.6254","-118.9148","-0.5012","10.6019","23.9064","-40.9751","3.2857","1.5161","null","null","null","79.5980","3035","4.9230",529574,572955,460026,457763,605412,467055,543063,452254,453923,457705,"55.5744","null","null","null","null","null","null","null",68,"3","Curveball",3,7,7,3,7,3,7,3,"Standard","Standard"
"FF","2018-04-11","94.4","-1.7085","6.0980","Pierce Johnson",571974,572955,"null","ball",,,,,"14","null","R","R","R","SF","ARI","B","null","null",0,1,2018,"-0.8949","1.3723","1.8187","2.2928","null","null","null",1,9,"Top","null","null",,,460026,,"180411_224056","10.8858","-136.8448","-7.0559","-13.0942","26.2427","-14.1691","3.2187","1.4390","null","null","null","93.1440","2296","5.4640",529574,572955,460026,457763,605412,467055,543063,452254,453923,457705,"55.0334","null","null","null","null","null","null","null",68,"2","4-Seam Fastball",3,7,7,3,7,3,7,3,"Standard","Standard"
"FF","2018-04-11","94.3","-1.6409","6.1267","Pierce Johnson",571974,572955,"null","called_strike",,,,,"3","null","R","R","R","SF","ARI","S","null","null",0,0,2018,"-0.9378","1.3669","0.6838","2.8535","null","null","null",1,9,"Top","null","null",,,460026,,"180411_224038","8.0078","-136.9262","-5.7043","-13.3875","30.8836","-14.2515","3.2086","1.4197","null","null","null","93.3060","2325","5.8670",529574,572955,460026,457763,605412,467055,543063,452254,453923,457705,"54.6302","null","null","null","null","null","null","null",68,"1","4-Seam Fastball",3,7,7,3,7,3,7,3,"Standard","Standard"
"CU","2018-04-11","82.0","-1.8235","5.9956","Pierce Johnson",571918,572955,"null","ball",,,,,"14","null","R","R","R","SF","ARI","B","null","null",1,2,2018,"1.1440","-0.7822","0.9860","1.5421","null","null","null",0,9,"Top","null","null",,,460026,,"180411_223944","4.1457","-119.1835","-2.0569","9.6456","22.0539","-39.1894","3.2284","1.6005","null","null","null","80.0640","3036","4.9340",529574,572955,460026,457763,605412,467055,543063,452254,453923,457705,"55.5637","null","null","null","null","null","null","null",67,"4","Curveball",3,7,7,3,7,3,7,3,"Standard","Standard"
"FC","2018-04-11","86.6","-2.0768","5.7888","Pierce Johnson",571918,572955,"null","ball",,,,,"14","null","R","R","R","SF","ARI","B","null","null",0,2,2018,"0.1875","0.2119","1.4494","2.0412","null","null","null",0,9,"Top","null","null",,,460026,,"180411_223927","7.9273","-125.9023","-3.2332","0.6949","20.2074","-29.6342","3.3248","1.6005","null","null","null","86.0690","2624","5.5340",529574,572955,460026,457763,605412,467055,543063,452254,453923,457705,"54.9630","null","null","null","null","null","null","null",67,"3","Cutter",3,7,7,3,7,3,7,3,"Standard","Standard"
"FF","2018-04-11","93.5","-1.9393","6.0501","Archie Bradley",460026,605151,"null","called_strike",,,,,"4","null","R","R","R","SF","ARI","S","null","null",0,0,2018,"-0.4385","1.3308","-0.3368","2.2337","null","null","null",2,8,"Bot","null","null",,,571974,,"180411_223506","5.0455","-136.0343","-6.9878","-6.3944","26.5258","-14.5990","3.4866","1.6166","null","null","null","93.3230","2284","5.9440",529574,605151,571974,502671,606466,571918,605113,502481,572041,572008,"54.5536","null","null","null","null","null","null","null",66,"1","4-Seam Fastball",3,7,3,7,7,3,3,7,"Standard","Standard"
"FF","2018-04-11","95.3","-1.9992","5.9948","Archie Bradley",605509,605151,"null","ball",,,,,"12","null","R","R","R","SF","ARI","B","null","null",1,2,2018,"-0.2953","1.3359","1.3415","3.3913","null","null","null",1,8,"Bot","null","null",,,571974,,"180411_223417","9.3962","-138.4478","-4.1705","-5.7847","29.4448","-14.3729","3.3962","1.5394","null","null","null","95.1190","2415","6.1670",529574,605151,571974,502671,606466,571918,605113,502481,572041,572008,"54.3303","null","null","null","null","null","null","null",65,"5","4-Seam Fastball",3,7,3,7,7,3,3,7,"Standard","Standard"
"FF","2018-04-11","95.4","-2.0090","6.0896","Archie Bradley",605509,605151,"null","ball",,,,,"12","null","R","R","R","SF","ARI","B","null","null",0,2,2018,"-0.4161","1.2814","0.3432","3.6685","null","null","null",1,8,"Bot","null","null",,,571974,,"180411_223403","7.0787","-138.7618","-3.6089","-6.8097","28.4777","-15.1459","3.3191","1.5587","null","null","null","95.3190","2375","6.0790",529574,605151,571974,502671,606466,571918,605113,502481,572041,572008,"54.4182","null","null","null","null","null","null","null",65,"4","4-Seam Fastball",3,7,3,7,7,3,3,7,"Standard","Standard"
"FF","2018-04-11","93.4","-2.0578","6.1311","Archie Bradley",457763,605151,"null","ball",,,,,"14","null","R","R","R","SF","ARI","B","null","null",0,0,2018,"-0.2932","1.4800","0.9277","1.5875","null","null","null",0,8,"Bot","null","null",,,571974,,"180411_223202","8.2829","-135.5980","-9.1548","-5.2477","26.6979","-12.3195","3.5344","1.6282","null","null","null","93.3120","2216","6.1400",529574,605151,571974,502671,606466,571918,605113,502481,572041,572008,"54.3572","null","null","null","null","null","null","null",64,"1","4-Seam Fastball",3,7,3,7,7,3,3,7,"Standard","Standard"
"CH","2018-04-11","84.3","1.2104","6.4917","Josh Osich",605113,592612,"null","ball",,,,,"13","null","R","R","L","SF","ARI","B","null","null",2,2,2018,"1.1279","1.0262","-0.4519","1.0226","null","null","null",2,8,"Top","null","null",,,460026,,"180411_222827","-6.0126","-122.4576","-8.3298","12.3238","21.0104","-20.6761","3.5754","1.7170","null","null","null","84.0640","1780","5.9360",529574,592612,460026,457763,605412,467055,543063,452254,453923,457705,"54.5616","null","null","null","null","null","null","null",63,"9","Changeup",3,7,7,3,7,3,7,3,"Standard","Standard"
"FF","2018-04-11","95.0","1.7073","6.4396","Josh Osich",605113,592612,"null","ball",,,,,"12","null","R","R","L","SF","ARI","B","null","null",1,2,2018,"0.4753","0.9721","1.1505","3.1094","null","null","null",2,8,"Top","null","null",,,460026,,"180411_222604","-2.4945","-138.3975","-5.2983","6.5697","25.2443","-18.8904","3.6189","1.6834","null","null","null","95.3190","2200","6.0050",529574,592612,460026,457763,605412,467055,543063,452254,453923,457705,"54.4928","null","null","null","null","null","null","null",63,"4","4-Seam Fastball",3,7,7,3,7,3,7,3,"Standard","Standard"
"CH","2018-04-11","82.8","1.1181","6.6305","Josh Osich",605113,592612,"null","ball",,,,,"14","null","R","R","L","SF","ARI","B","null","null",0,1,2018,"0.9909","1.3026","0.1126","1.1074","null","null","null",2,8,"Top","null","null",,,460026,,"180411_222511","-4.1462","-120.2512","-8.5367","10.2422","21.9236","-18.3729","3.5171","1.6594","null","null","null","82.1780","1706","5.8440",529574,592612,460026,457763,605412,467055,543063,452254,453923,457705,"54.6532","null","null","null","null","null","null","null",63,"2","Changeup",3,7,7,3,7,3,7,3,"Standard","Standard"
"CH","2018-04-11","83.1","1.0728","6.6703","Josh Osich",605113,592612,"null","called_strike",,,,,"2","null","R","R","L","SF","ARI","S","null","null",0,0,2018,"0.8721","1.1455","0.1374","3.2293","null","null","null",2,8,"Top","null","null",,,460026,,"180411_222455","-3.7656","-120.8894","-3.6372","9.0867","20.8981","-20.6830","3.5741","1.7264","null","null","null","82.6130","1744","5.7250",529574,592612,460026,457763,605412,467055,543063,452254,453923,457705,"54.7724","null","null","null","null","null","null","null",63,"1","Changeup",3,7,7,3,7,3,7,3,"Standard","Standard"
"FF","2018-04-11","94.2","1.5492","6.4974","Josh Osich",572008,592612,"null","ball",,,,,"14","null","R","R","L","SF","ARI","B","null","null",1,1,2018,"0.5245","1.2253","0.1234","1.1012","null","null","null",1,8,"Top","null","null",,,460026,,"180411_222358","-4.7732","-136.8170","-10.8645","7.4244","26.6290","-15.1047","2.9899","1.4586","null","null","null","93.4720","2232","5.7000",529574,592612,460026,457763,605412,467055,543063,452254,453923,457705,"54.7975","null","null","null","null","null","null","null",62,"3","4-Seam Fastball",3,7,7,3,7,3,7,3,"Standard","Standard"
"FF","2018-04-11","94.3","1.3849","6.5425","Josh Osich",572008,592612,"null","ball",,,,,"11","null","R","R","L","SF","ARI","B","null","null",0,0,2018,"0.1431","1.2125","-0.4758","3.4358","null","null","null",1,8,"Top","null","null",,,460026,,"180411_222319","-5.0841","-137.1986","-5.0218","2.7415","25.8511","-16.3300","3.0863","1.5357","null","null","null","93.7780","2176","5.6600",529574,592612,460026,457763,605412,467055,543063,452254,453923,457705,"54.8378","null","null","null","null","null","null","null",62,"1","4-Seam Fastball",3,7,7,3,7,3,7,3,"Standard","Standard"
"FF","2018-04-11","92.8","1.4474","6.6094","Josh Osich",572041,592612,"null","called_strike",,,,,"5","null","R","R","L","SF","ARI","S","null","null",3,1,2018,"0.5267","1.2753","-0.0658","2.5170","null","null","null",0,8,"Top","null","null",,,460026,,"180411_222220","-4.9012","-134.8371","-7.2802","7.2602","27.4385","-15.7692","3.5122","1.6244","null","null","null","91.5640","2187","5.4820",529574,592612,460026,457763,605412,467055,543063,452254,453923,457705,"55.0158","null","null","null","null","null","null","null",61,"5","4-Seam Fastball",3,7,7,3,7,3,7,3,"Standard","Standard"
"CH","2018-04-11","80.8","1.1624","6.7333","Josh Osich",572041,592612,"null","ball",,,,,"12","null","R","R","L","SF","ARI","B","null","null",2,1,2018,"0.7130","0.9152","0.1560","3.6894","null","null","null",0,8,"Top","null","null",,,460026,,"180411_222158","-3.5263","-117.6785","-1.8924","7.1232","20.0273","-23.7017","3.4544","1.4995","null","null","null","80.3400","1503","5.6930",529574,592612,460026,457763,605412,467055,543063,452254,453923,457705,"54.8047","null","null","null","null","null","null","null",61,"4","Changeup",3,7,7,3,7,3,7,3,"Standard","Standard"
"FF","2018-04-11","92.9","1.3338","6.6546","Josh Osich",572041,592612,"null","called_strike",,,,,"1","null","R","R","L","SF","ARI","S","null","null",2,0,2018,"0.3856","1.2204","-0.8279","3.0956","null","null","null",0,8,"Top","null","null",,,460026,,"180411_222132","-6.2460","-135.0727","-5.8994","5.7691","24.6301","-16.6607","3.5700","1.5859","null","null","null","92.0480","2250","5.4610",529574,592612,460026,457763,605412,467055,543063,452254,453923,457705,"55.0366","null","null","null","null","null","null","null",61,"3","4-Seam Fastball",3,7,7,3,7,3,7,3,"Standard","Standard"
"CH","2018-04-11","82.4","1.1435","6.6956","Josh Osich",572041,592612,"null","ball",,,,,"13","null","R","R","L","SF","ARI","B","null","null",1,0,2018,"1.0977","1.2093","-0.9903","1.2666","null","null","null",0,8,"Top","null","null",,,460026,,"180411_222112","-6.8104","-119.6552","-8.0240","11.5195","20.3304","-19.6175","3.5507","1.5959","null","null","null","81.6080","1683","5.6010",529574,592612,460026,457763,605412,467055,543063,452254,453923,457705,"54.8961","null","null","null","null","null","null","null",61,"2","Changeup",3,7,7,3,7,3,7,3,"Standard","Standard"
"CH","2018-04-11","80.3","1.2679","6.7038","Josh Osich",572041,592612,"null","ball",,,,,"13","null","R","R","L","SF","ARI","B","null","null",0,0,2018,"1.2588","1.2005","-1.4724","1.6494","null","null","null",0,8,"Top","null","null",,,460026,,"180411_222055","-8.2279","-116.4679","-6.5817","12.6458","20.7648","-20.5826","3.3966","1.5188","null","null","null","79.1270","1643","5.5380",529574,592612,460026,457763,605412,467055,543063,452254,453923,457705,"54.9599","null","null","null","null","null","null","null",61,"1","Changeup",3,7,7,3,7,3,7,3,"Standard","Standard"
"FS","2018-04-11","81.8","-2.0900","6.0107","Yoshihisa Hirano",457705,673633,"null","ball",,,,,"13","null","R","R","R","SF","ARI","B","null","null",0,1,2018,"-0.4791","0.2191","-0.8676","1.6735","null","null","605412.00",2,7,"Bot","null","null",,,571974,,"180411_221719","3.5947","-119.0949","-3.6668","-5.0655","19.8524","-29.7450","3.4201","1.7451","null","null","null","81.0970","1211","5.4850",529574,673633,571974,502671,606466,571918,605113,502481,572041,572008,"55.0123","null","null","null","null","null","null","null",60,"2","Split Finger",3,7,3,7,7,3,3,7,"Standard","Standard"
"FF","2018-04-11","91.3","-2.5176","5.8487","Yoshihisa Hirano",605412,673633,"walk","ball",,,,,"11","Joe Panik walks.  ","R","L","R","SF","ARI","B","null","null",3,2,2018,"-0.5974","1.3847","-1.7509","3.3562","null","null","null",2,7,"Bot","null","null",,,571974,,"180411_221618","3.1766","-133.0284","-3.3814","-7.6573","25.3841","-15.3937","3.2246","1.4873","null","null","null","91.2710","2168","5.9510",529574,673633,571974,502671,606466,571918,605113,502481,572041,572008,"54.5461","null","null","0.70",1,0,0,"null",59,"8","4-Seam Fastball",3,7,3,7,7,3,3,7,"Standard","Standard"
"FF","2018-04-11","92.0","-2.4180","5.8307","Yoshihisa Hirano",605412,673633,"null","ball",,,,,"11","null","R","L","R","SF","ARI","B","null","null",2,2,2018,"-0.7972","1.2954","-1.1654","2.3371","null","null","null",2,7,"Bot","null","null",,,571974,,"180411_221557","4.8714","-133.9049","-5.8152","-10.5414","27.4014","-15.6898","3.2246","1.4487","null","null","null","91.9140","2233","6.1060",529574,673633,571974,502671,606466,571918,605113,502481,572041,572008,"54.3919","null","null","null","null","null","null","null",59,"7","4-Seam Fastball",3,7,3,7,7,3,3,7,"Standard","Standard"
"FS","2018-04-11","83.4","-2.2243","5.8769","Yoshihisa Hirano",605412,673633,"null","ball",,,,,"13","null","R","L","R","SF","ARI","B","null","null",1,1,2018,"-0.5437","-0.1861","-0.4302","0.8256","null","null","null",2,7,"Bot","null","null",,,571974,,"180411_221421","5.1282","-121.4287","-4.8662","-6.2062","20.6948","-33.3803","3.2411","1.4267","null","null","null","83.1950","1216","5.8310",529574,673633,571974,502671,606466,571918,605113,502481,572041,572008,"54.6660","null","null","null","null","null","null","null",59,"3","Split Finger",3,7,3,7,7,3,3,7,"Standard","Standard"
"FS","2018-04-11","84.8","-2.1093","6.0540","Yoshihisa Hirano",605412,673633,"null","ball",,,,,"13","null","R","L","R","SF","ARI","B","null","null",0,1,2018,"-0.7140","0.1964","-0.1165","0.4198","null","null","null",2,7,"Bot","null","null",,,571974,,"180411_221350","5.9081","-123.1625","-7.1290","-8.1082","21.5568","-29.2163","3.2271","1.4507","null","null","null","83.5860","1413","5.3270",529574,673633,571974,502671,606466,571918,605113,502481,572041,572008,"55.1704","null","null","null","null","null","null","null",59,"2","Split Finger",3,7,3,7,7,3,3,7,"Standard","Standard"
"FF","2018-04-11","91.6","-2.5279","5.8293","Yoshihisa Hirano",605412,673633,"null","called_strike",,,,,"8","null","R","L","R","SF","ARI","S","null","null",0,0,2018,"-0.7695","1.4553","-0.1702","1.9597","null","null","null",2,7,"Bot","null","null",,,571974,,"180411_221328","7.5050","-132.9861","-6.8821","-10.6066","29.1589","-13.9642","3.2980","1.4259","null","null","null","90.6040","2255","5.8590",529574,673633,571974,502671,606466,571918,605113,502481,572041,572008,"54.6383","null","null","null","null","null","null","null",59,"1","4-Seam Fastball",3,7,3,7,7,3,3,7,"Standard","Standard"
"FF","2018-04-11","90.1","-2.2696","5.8967","Yoshihisa Hirano",453923,673633,"null","called_strike",,,,,"7","null","R","L","R","SF","ARI","S","null","null",1,1,2018,"-0.7264","1.2267","-0.4805","1.7221","null","null","467055.00",0,7,"Bot","null","null",,,571974,,"180411_221041","5.9427","-130.9441","-6.9798","-9.4953","25.6463","-16.9477","3.1749","1.4910","null","null","null","89.9700","2162","6.1150",529574,673633,571974,502671,606466,571918,605113,502481,572041,572008,"54.3825","null","null","null","null","null","null","null",58,"3","4-Seam Fastball",3,7,3,7,7,3,3,7,"Standard","Standard"
"FF","2018-04-11","90.4","-2.2361","5.9988","Yoshihisa Hirano",453923,673633,"null","called_strike",,,,,"6","null","R","L","R","SF","ARI","S","null","null",1,0,2018,"-0.4081","1.4885","0.2968","2.0643","null","null","467055.00",0,7,"Bot","null","null",,,571974,,"180411_221019","7.1583","-131.3996","-7.0053","-6.1795","26.8308","-13.7497","3.1417","1.4765","null","null","null","90.3200","2220","6.2180",529574,673633,571974,502671,606466,571918,605113,502481,572041,572008,"54.2790","null","null","null","null","null","null","null",58,"2","4-Seam Fastball",3,7,3,7,7,3,3,7,"Standard","Standard"
"FF","2018-04-11","91.2","-2.3653","5.9215","Yoshihisa Hirano",453923,673633,"null","ball",,,,,"13","null","R","L","R","SF","ARI","B","null","null",0,0,2018,"-0.6271","1.4343","-0.4224","1.2550","null","null","467055.00",0,7,"Bot","null","null",,,571974,,"180411_220953","6.1283","-132.4010","-8.7763","-8.4726","25.8117","-14.0400","2.9967","1.5536","null","null","null","90.4850","2229","5.7860",529574,673633,571974,502671,606466,571918,605113,502481,572041,572008,"54.7113","null","null","null","null","null","null","null",58,"1","4-Seam Fastball",3,7,3,7,7,3,3,7,"Standard","Standard"
"FF","2018-04-11","90.9","-2.0846","5.9622","Yoshihisa Hirano",467055,673633,"null","ball",,,,,"14","null","R","L","R","SF","ARI","B","null","null",0,0,2018,"-0.6767","1.3714","0.8962","1.9842","null","null","null",0,7,"Bot","null","null",,,571974,,"180411_220852","8.8939","-132.0617","-6.9979","-9.6747","25.6891","-14.9113","3.1694","1.5914","null","null","null","91.0430","2120","6.2690",529574,673633,571974,502671,606466,571918,605113,502481,572041,572008,"54.2287","null","null","null","null","null","null","null",57,"1","4-Seam Fastball",3,7,3,7,7,3,3,7,"Standard","Standard"
"CH","2018-04-11","80.4","1.4157","6.7167","Josh Osich",502671,592612,"null","ball",,,,,"12","null","R","R","L","SF","ARI","B","null","null",0,0,2018,"1.2057","1.0857","1.3944","3.2395","null","null","606466.00",2,7,"Top","null","null",,,460026,,"180411_220459","-2.2135","-116.9893","-3.0506","11.1919","19.2700","-22.1505","3.5039","1.6054","null","null","null","79.5860","1752","5.4420",529574,592612,460026,457763,605412,467055,543063,452254,453923,457705,"55.0553","null","null","null","null","null","null","null",56,"1","Changeup",3,7,7,3,7,3,7,3,"Standard","Standard"
"CH","2018-04-11","87.5","-1.5267","5.4619","Sam Dyson",518614,473879,"null","ball",,,,,"11","null","R","L","R","SF","ARI","B","null","null",1,0,2018,"-1.4069","0.2241","-1.2493","2.6408","null","571974.00","null",1,7,"Top","null","null",,,460026,,"180411_215912","3.3523","-127.2732","-1.1349","-15.3558","24.1223","-29.8719","3.1660","1.5747","null","null","null","85.8680","1943","5.0900",529574,473879,460026,457763,605412,467055,543063,452254,453923,457705,"55.4079","null","null","null","null","null","null","null",53,"2","Changeup",3,5,5,3,5,3,5,3,"Infield shift","Standard"
"FF","2018-04-11","92.8","-1.3842","5.4692","Sam Dyson",518614,473879,"null","ball",,,,,"14","null","R","L","R","SF","ARI","B","null","null",0,0,2018,"-0.7758","1.3272","1.6138","1.8790","null","571974.00","null",1,7,"Top","null","null",,,460026,,"180411_215853","9.1198","-134.5989","-6.0776","-11.0207","27.3530","-15.5012","3.1687","1.4810","null","null","null","91.2720","2393","5.4030",529574,473879,460026,457763,605412,467055,543063,452254,453923,457705,"55.0947","null","null","null","null","null","null","null",53,"1","4-Seam Fastball",3,5,5,3,5,3,5,3,"Infield shift","Standard"
"FT","2018-04-11","92.0","-1.4622","5.4443","Sam Dyson",571974,473879,"null","ball",,,,,"13","null","R","R","R","SF","ARI","B","null","null",1,0,2018,"-1.5451","0.3851","-1.4680","2.2898","null","null","571918.00",1,7,"Top","null","null",,,460026,,"180411_215711","3.1094","-133.8076","-2.9550","-18.5337","26.0202","-27.3801","3.2372","1.4576","null","null","null","90.4400","2236","5.1420",529574,473879,460026,457763,605412,467055,543063,452254,453923,457705,"55.3553","null","null","null","null","null","null","null",52,"2","2-Seam Fastball",3,4,4,3,4,3,4,3,"Standard","Standard"
"FT","2018-04-11","92.9","-1.3211","5.4659","Sam Dyson",571974,473879,"null","ball",,,,,"13","null","R","R","R","SF","ARI","B","null","null",0,0,2018,"-1.4064","0.5583","-0.9359","2.2539","null","null","571918.00",1,7,"Top","null","null",,,460026,,"180411_215645","3.8411","-135.0237","-3.5411","-17.3557","28.8460","-25.1244","3.2372","1.4768","null","null","null","91.0040","2310","5.1600",529574,473879,460026,457763,605412,467055,543063,452254,453923,457705,"55.3370","null","null","null","null","null","null","null",52,"1","2-Seam Fastball",3,4,4,3,4,3,4,3,"Standard","Standard"
"SL","2018-04-11","90.7","-1.4090","5.5750","Sam Dyson",571918,473879,"null","ball",,,,,"13","null","R","R","R","SF","ARI","B","null","null",0,1,2018,"0.0418","0.8161","-0.0504","1.2897","null","null","null",1,7,"Top","null","null",,,460026,,"180411_215539","3.2482","-131.9654","-6.4189","-0.1313","24.6159","-21.9436","3.4037","1.6601","null","null","null","89.4940","2615","5.2750",529574,473879,460026,457763,605412,467055,543063,452254,453923,457705,"55.2220","null","null","null","null","null","null","null",51,"2","Slider",3,4,4,3,4,3,4,3,"Standard","Standard"
"FT","2018-04-11","92.7","-1.3624","5.4769","Sam Dyson",571918,473879,"null","called_strike",,,,,"8","null","R","R","R","SF","ARI","S","null","null",0,0,2018,"-1.2625","0.3553","0.2668","1.9549","null","null","null",1,7,"Top","null","null",,,460026,,"180411_215521","6.6838","-134.6175","-3.8936","-16.2617","27.5645","-27.4356","3.3591","1.6941","null","null","null","91.1860","2271","5.3570",529574,473879,460026,457763,605412,467055,543063,452254,453923,457705,"55.1402","null","null","null","null","null","null","null",51,"1","2-Seam Fastball",3,4,4,3,4,3,4,3,"Standard","Standard"
"FT","2018-04-11","92.2","-1.5218","5.4992","Sam Dyson",605113,473879,"null","ball",,,,,"13","null","R","R","R","SF","ARI","B","null","null",0,0,2018,"-1.5525","0.5328","-0.8841","1.5585","null","null","null",0,7,"Top","null","null",,,460026,,"180411_215332","4.7249","-133.7672","-5.1155","-18.8756","30.3649","-25.1957","3.5964","1.7381","null","null","null","89.8470","2277","5.1260",529574,473879,460026,457763,605412,467055,543063,452254,453923,457705,"55.3715","null","null","null","null","null","null","null",50,"1","2-Seam Fastball",3,4,4,3,4,3,4,3,"Standard","Standard"
"FS","2018-04-11","84.2","2.5932","5.9916","Jorge De La Rosa",543063,407822,"null","ball",,,,,"14","null","R","L","L","SF","ARI","B","null","null",2,2,2018,"1.0703","-0.0082","1.4750","1.8764","null","null","null",2,6,"Bot","null","null",,,571974,,"180411_215028","-4.5744","-122.4256","-3.1511","11.3387","22.3588","-31.9188","3.2792","1.5597","null","null","null","83.1820","1426","5.4890",529574,407822,571974,502671,606466,571918,605113,502481,572041,572008,"55.0089","null","null","null","null","null","null","null",49,"5","Split Finger",3,4,3,4,4,3,3,4,"Standard","Standard"
"FS","2018-04-11","83.8","2.8268","5.8688","Jorge De La Rosa",543063,407822,"null","ball",,,,,"14","null","R","L","L","SF","ARI","B","null","null",1,1,2018,"0.9417","-0.0233","1.0103","2.2281","null","null","null",2,6,"Bot","null","null",,,571974,,"180411_214937","-5.9065","-121.8643","-1.9921","10.2273","21.3999","-32.2808","3.3177","1.5597","null","null","null","82.9670","1379","5.5310",529574,407822,571974,502671,606466,571918,605113,502481,572041,572008,"54.9662","null","null","null","null","null","null","null",49,"3","Split Finger",3,4,3,4,4,3,3,4,"Standard","Standard"
"FC","2018-04-11","83.7","2.7619","6.0669","Jorge De La Rosa",543063,407822,"null","ball",,,,,"13","null","R","L","L","SF","ARI","B","null","null",0,1,2018,"0.0422","1.1726","-0.0015","0.7471","null","null","null",2,6,"Bot","null","null",,,571974,,"180411_214912","-6.3117","-121.3774","-7.8842","1.5979","22.9817","-19.7486","3.3177","1.5983","null","null","null","82.0140","1987","5.2720",529574,407822,571974,502671,606466,571918,605113,502481,572041,572008,"55.2251","null","null","null","null","null","null","null",49,"2","Cutter",3,4,3,4,4,3,3,4,"Standard","Standard"
"FC","2018-04-11","83.4","2.6091","6.1335","Jorge De La Rosa",543063,407822,"null","called_strike",,,,,"7","null","R","L","L","SF","ARI","S","null","null",0,0,2018,"-0.1516","1.0843","-0.4257","1.5295","null","null","null",2,6,"Bot","null","null",,,571974,,"180411_214852","-6.5360","-121.0642","-6.0464","-0.2188","22.5456","-21.0427","3.3277","1.5405","null","null","null","81.6870","1961","5.1620",529574,407822,571974,502671,606466,571918,605113,502481,572041,572008,"55.3350","null","null","null","null","null","null","null",49,"1","Cutter",3,4,3,4,4,3,3,4,"Standard","Standard"
"FF","2018-04-11","90.2","-0.7939","5.9300","Fernando Salas",452254,477569,"null","called_strike",,,,,"6","null","R","R","R","SF","ARI","S","null","null",2,1,2018,"-0.1524","1.5013","0.7568","2.3305","null","null","null",1,6,"Bot","null","null",,,571974,,"180411_214531","4.1303","-131.1544","-6.1034","-2.5259","25.0414","-14.1132","3.3041","1.6617","null","null","null","89.6850","2227","5.7960",529574,477569,571974,502671,606466,571918,605113,502481,572041,572008,"54.7019","null","null","null","null","null","null","null",48,"4","4-Seam Fastball",3,4,3,4,4,3,3,4,"Standard","Standard"
"FF","2018-04-11","90.5","-0.8433","5.9432","Fernando Salas",452254,477569,"null","ball",,,,,"12","null","R","R","R","SF","ARI","B","null","null",1,1,2018,"-0.3450","1.6349","1.3785","3.2881","null","null","null",1,6,"Bot","null","null",,,571974,,"180411_214510","6.1836","-131.5653","-4.0309","-5.2316","28.0301","-13.0135","3.3225","1.6810","null","null","null","89.4330","2253","5.6910",529574,477569,571974,502671,606466,571918,605113,502481,572041,572008,"54.8064","null","null","null","null","null","null","null",48,"3","4-Seam Fastball",3,4,3,4,4,3,3,4,"Standard","Standard"
"KC","2018-04-11","80.9","-0.9118","5.9609","Fernando Salas",452254,477569,"null","ball",,,,,"14","null","R","R","R","SF","ARI","B","null","null",0,1,2018,"0.2379","-0.3202","1.0048","1.6221","null","null","null",1,6,"Bot","null","null",,,571974,,"180411_214448","3.7783","-117.7484","-2.4739","1.5003","20.5287","-34.8878","3.3611","1.7003","null","null","null","79.9950","2099","5.4670",529574,477569,571974,502671,606466,571918,605113,502481,572041,572008,"55.0301","null","null","null","null","null","null","null",48,"2","Knuckle Curve",3,4,3,4,4,3,3,4,"Standard","Standard"
"FF","2018-04-11","89.9","-0.8215","5.8845","Fernando Salas",452254,477569,"null","called_strike",,,,,"8","null","R","R","R","SF","ARI","S","null","null",0,0,2018,"-0.3179","1.6707","0.0656","2.1413","null","null","null",1,6,"Bot","null","null",,,571974,,"180411_214425","2.8460","-130.7576","-6.7413","-4.2073","28.0294","-12.0576","3.4197","1.6810","null","null","null","89.3340","2171","6.0000",529574,477569,571974,502671,606466,571918,605113,502481,572041,572008,"54.4970","null","null","null","null","null","null","null",48,"1","4-Seam Fastball",3,4,3,4,4,3,3,4,"Standard","Standard"
"SL","2018-04-11","88.9","-1.2741","5.5818","Sam Dyson",572008,473879,"null","ball",,,,,"12","null","R","R","R","SF","ARI","B","null","null",0,1,2018,"0.7165","0.2905","1.6411","2.4076","502671.00","null","null",2,6,"Top","null","null",,,460026,,"180411_214054","5.5940","-129.3814","-2.3673","6.8072","23.0099","-28.8250","3.1077","1.4409","null","null","null","87.6320","2681","5.1530",529574,473879,460026,457763,605412,467055,543063,452254,457706,457705,"55.3448","null","null","null","null","null","null","null",46,"2","Slider",3,4,4,3,4,3,4,3,"Standard","Standard"
"SL","2018-04-11","89.0","-1.2705","5.5188","Sam Dyson",572041,473879,"null","ball",,,,,"14","null","R","R","R","SF","ARI","B","null","null",1,1,2018,"0.5381","0.7915","1.8790","2.1469","null","502671.00","null",1,6,"Top","null","null",,,460026,,"180411_213837","6.5106","-129.4623","-3.8448","4.7547","22.3772","-23.0885","3.4374","1.6746","null","null","null","87.7960","2604","5.1690",529574,473879,460026,457763,605412,467055,543063,452254,457706,457705,"55.3288","null","null","null","null","null","null","null",45,"3","Slider",3,4,4,3,4,3,4,3,"Standard","Standard"
"FT","2018-04-11","92.8","-1.3993","5.5012","Sam Dyson",572041,473879,"null","called_strike",,,,,"7","null","R","R","R","SF","ARI","S","null","null",1,0,2018,"-1.3073","0.4227","-0.5751","2.0677","null","502671.00","null",1,6,"Top","null","null",,,460026,,"180411_213811","4.7634","-134.9467","-3.8807","-16.4682","25.7631","-26.6370","3.4374","1.6453","null","null","null","91.6130","2202","5.3360",529574,473879,460026,457763,605412,467055,543063,452254,457706,457705,"55.1611","null","null","null","null","null","null","null",45,"2","2-Seam Fastball",3,4,4,3,4,3,4,3,"Standard","Standard"
"SL","2018-04-11","88.2","-1.3758","5.5706","Sam Dyson",572041,473879,"null","ball",,,,,"14","null","R","R","R","SF","ARI","B","null","null",0,0,2018,"0.4419","0.8169","2.2074","1.7042","null","502671.00","null",1,6,"Top","null","null",,,460026,,"180411_213747","7.6614","-128.1088","-4.9083","3.4151","22.0023","-22.8133","3.4374","1.5782","null","null","null","86.9010","2707","5.1910",529574,473879,460026,457763,605412,467055,543063,452254,457706,457705,"55.3062","null","null","null","null","null","null","null",45,"1","Slider",3,4,4,3,4,3,4,3,"Standard","Standard"
"FT","2018-04-11","93.0","-1.4868","5.5118","Sam Dyson",502671,473879,"null","called_strike",,,,,"3","null","R","R","R","SF","ARI","S","null","null",0,0,2018,"-1.3802","0.6675","0.3683","3.3395","null","606466.00","null",1,6,"Top","null","null",,,460026,,"180411_213630","7.4608","-134.9709","-1.1631","-17.7918","28.3815","-24.3499","3.5394","1.5923","null","null","null","91.0000","2331","5.1460",529574,473879,460026,457763,605412,467055,543063,452254,457706,457705,"55.3510","null","null","null","null","null","null","null",44,"1","2-Seam Fastball",3,3,3,3,3,3,3,3,"Strategic","Standard"
"CH","2018-04-11","82.7","2.8887","6.2096","Andrew Suarez",606466,605498,"null","ball",,,,,"14","null","R","R","L","SF","ARI","B","null","null",1,1,2018,"1.6008","0.1040","1.9469","0.5965","null","null","null",1,6,"Top","null","null",,,460026,,"180411_213140","-4.9911","-120.0788","-6.3544","15.7956","22.0472","-30.3058","3.4984","1.6300","null","null","null","80.9220","1664","5.0810",529574,605498,460026,457763,605412,446334,543063,452254,457706,457705,"55.4168","null","null","null","null","null","null","null",43,"3","Changeup",3,3,3,3,3,3,3,3,"Standard","Standard"
"CH","2018-04-11","84.5","2.6707","6.2952","Andrew Suarez",606466,605498,"null","ball",,,,,"14","null","R","R","L","SF","ARI","B","null","null",0,1,2018,"1.3904","0.2898","1.0487","1.0264","null","null","null",1,6,"Top","null","null",,,460026,,"180411_213126","-6.2708","-122.6651","-6.3785","14.6824","21.1400","-28.4791","3.5177","1.5722","null","null","null","83.0520","1534","5.1730",529574,605498,460026,457763,605412,446334,543063,452254,457706,457705,"55.3243","null","null","null","null","null","null","null",43,"2","Changeup",3,3,3,3,3,3,3,3,"Standard","Standard"
"FF","2018-04-11","89.8","2.5923","6.4244","Andrew Suarez",606466,605498,"null","called_strike",,,,,"14","null","R","R","L","SF","ARI","S","null","null",0,0,2018,"1.4806","0.6953","1.0699","1.9324","null","null","null",1,6,"Top","null","null",,,460026,,"180411_213112","-6.5964","-130.4529","-6.4504","17.5691","24.1279","-23.5474","3.4884","1.6007","null","null","null","88.2310","1819","5.1310",529574,605498,460026,457763,605412,446334,543063,452254,457706,457705,"55.3665","null","null","null","null","null","null","null",43,"1","4-Seam Fastball",3,3,3,3,3,3,3,3,"Standard","Standard"
"FF","2018-04-11","88.8","2.6349","6.4771","Andrew Suarez",502481,605498,"null","ball",,,,,"1","null","R","L","L","SF","ARI","B","null","null",0,0,2018,"0.8701","1.2663","-0.3373","3.4434","null","null","null",0,6,"Top","null","null",,,460026,,"180411_213027","-8.7712","-128.7809","-3.8034","11.0146","25.1991","-18.1620","3.3561","1.6153","null","null","null","86.7720","1949","5.0570",529574,605498,460026,457763,605412,446334,543063,452254,457706,457705,"55.4400","null","null","null","null","null","null","null",42,"1","4-Seam Fastball",3,3,3,3,3,3,3,3,"Standard","Strategic"
"FF","2018-04-11","88.8","-0.7707","5.9142","Fernando Salas",446334,477569,"null","called_strike",,,,,"3","null","R","R","R","SF","ARI","S","null","null",0,0,2018,"-0.3289","1.4168","0.5377","3.0749","null","null","null",2,5,"Bot","null","null",,,571974,,"180411_212717","3.8554","-129.2300","-3.8355","-4.4027","25.1648","-15.9170","3.6678","1.7073","null","null","null","88.5040","2209","5.9510",529574,477569,571974,502671,606466,571918,605113,502481,572041,572008,"54.5468","null","null","null","null","null","null","null",41,"1","4-Seam Fastball",3,3,3,3,3,3,3,3,"Standard","Standard"
"CU","2018-04-11","83.0","2.4429","6.0728","Robbie Ray",457763,592662,"null","ball",,,,,"11","null","R","R","L","SF","ARI","B","null","null",0,1,2018,"-0.3242","-0.4157","-1.3904","2.5792","null","null","457705.00",2,5,"Bot","null","null",,,571974,,"180411_212352","-8.0868","-120.7614","-0.7989","-1.7768","20.5211","-36.2866","3.4345","1.5675","null","null","null","82.8280","2200","5.8970",529574,592662,571974,502671,606466,571918,605113,502481,572041,572008,"54.6008","null","null","null","null","null","null","null",40,"2","Curveball",1,3,1,3,3,1,1,3,"Standard","Standard"
"CU","2018-04-11","83.1","2.4125","6.0300","Robbie Ray",457705,592662,"null","ball",,,,,"13","null","R","R","L","SF","ARI","B","null","null",2,2,2018,"-0.1008","-0.3217","-1.1589","2.0764","457706.00","null","605412.00",1,5,"Bot","null","null",,,571974,,"180411_212005","-7.9159","-120.8063","-2.0276","0.3662","20.5360","-35.1647","3.3398","1.6069","null","null","null","82.8120","2216","5.8650",529574,592662,571974,502671,606466,571918,605113,502481,572041,572008,"54.6323","null","null","null","null","null","null","null",39,"5","Curveball",0,3,0,3,3,0,0,3,"Standard","Standard"
"CU","2018-04-11","80.9","2.4361","6.1230","Robbie Ray",457705,592662,"null","ball",,,,,"13","null","R","R","L","SF","ARI","B","null","null",1,0,2018,"-0.0799","-0.3932","-1.1531","1.5374","457706.00","null","605412.00",1,5,"Bot","null","null",,,571974,,"180411_211841","-7.7807","-117.6386","-2.8680","0.6350","20.6660","-35.4977","3.3013","1.6647","null","null","null","80.4100","2141","5.8250",529574,592662,571974,502671,606466,571918,605113,502481,572041,572008,"54.6725","null","null","null","null","null","null","null",39,"2","Curveball",0,3,0,3,3,0,0,3,"Standard","Standard"
"CU","2018-04-11","79.4","2.3012","6.1477","Robbie Ray",457705,592662,"null","ball",,,,,"1","null","R","R","L","SF","ARI","B","null","null",0,0,2018,"0.0685","-0.3960","-0.5152","3.4425","457706.00","null","605412.00",1,5,"Bot","null","null",,,571974,,"180411_211816","-6.2514","-115.4762","1.5009","1.6518","19.2428","-36.1578","3.3398","1.6454","null","null","null","79.2670","1961","5.9900",529574,592662,571974,502671,606466,571918,605113,502481,572041,572008,"54.5071","null","null","null","null","null","null","null",39,"1","Curveball",0,3,0,3,3,0,0,3,"Standard","Standard"
"FF","2018-04-11","93.0","2.0212","6.3580","Robbie Ray",605412,592662,"null","ball",,,,,"13","null","R","L","L","SF","ARI","B","null","null",2,1,2018,"0.8685","1.3005","-0.0373","1.3235","null","null","457706.00",1,5,"Bot","null","null",,,571974,,"180411_211612","-7.1470","-135.0159","-9.9152","12.1211","28.9171","-14.4101","3.2265","1.5079","null","null","null","92.7560","2207","6.2340",529574,592662,571974,502671,606466,571918,605113,502481,572041,572008,"54.2637","null","null","null","null","null","null","null",38,"4","4-Seam Fastball",0,3,0,3,3,0,0,3,"Standard","Standard"
"FF","2018-04-11","93.0","1.9553","6.3702","Robbie Ray",605412,592662,"null","called_strike",,,,,"7","null","R","L","L","SF","ARI","S","null","null",2,0,2018,"0.7416","1.3591","-0.2853","1.8444","null","null","457706.00",1,5,"Bot","null","null",,,571974,,"180411_211548","-7.3063","-134.9853","-8.7300","10.5100","27.2958","-14.0664","3.1435","1.3676","null","null","null","92.7110","2255","6.0970",529574,592662,571974,502671,606466,571918,605113,502481,572041,572008,"54.4003","null","null","null","null","null","null","null",38,"3","4-Seam Fastball",0,3,0,3,3,0,0,3,"Standard","Standard"
"CU","2018-04-11","81.7","2.2785","6.1916","Robbie Ray",605412,592662,"null","ball",,,,,"13","null","R","L","L","SF","ARI","B","null","null",1,0,2018,"-0.0758","-0.1799","-1.2166","1.8001","null","null","457706.00",1,5,"Bot","null","null",,,571974,,"180411_211525","-7.6570","-118.7868","-3.0132","0.5895","20.1749","-33.5631","3.0201","1.3786","null","null","null","81.3500","2042","5.8440",529574,592662,571974,502671,606466,571918,605113,502481,572041,572008,"54.6538","null","null","null","null","null","null","null",38,"2","Curveball",0,3,0,3,3,0,0,3,"Standard","Standard"
"FF","2018-04-11","92.1","1.8619","6.4544","Robbie Ray",605412,592662,"null","ball",,,,,"13","null","R","L","L","SF","ARI","B","null","null",0,0,2018,"0.7680","1.2064","-1.0241","1.6170","null","null","457706.00",1,5,"Bot","null","null",,,571974,,"180411_211444","-8.9758","-133.7060","-9.1122","10.9277","23.9005","-16.0772","2.9816","1.4943","null","null","null","92.6070","2207","6.3390",529574,592662,571974,502671,606466,571918,605113,502481,572041,572008,"54.1584","null","null","null","null","null","null","null",38,"1","4-Seam Fastball",0,3,0,3,3,0,0,3,"Standard","Standard"
"FF","2018-04-11","91.9","2.1088","6.3986","Robbie Ray",457706,592662,"walk","ball",,,,,"11","Austin Jackson walks.  ","R","R","L","SF","ARI","B","null","null",3,0,2018,"0.6225","1.5480","-0.5135","3.7149","null","null","null",1,5,"Bot","null","null",,,571974,,"180411_211406","-7.9059","-133.5454","-4.2481","8.9546","26.4777","-13.1797","3.3961","1.6341","null","null","null","91.5030","2182","5.9460",529574,592662,571974,502671,606466,571918,605113,502481,572041,572008,"54.5514","null","null","0.70",1,0,0,"null",37,"4","4-Seam Fastball",0,3,0,3,3,0,0,3,"Standard","Standard"
"CU","2018-04-11","78.3","2.4520","6.0966","Robbie Ray",457706,592662,"null","ball",,,,,"11","null","R","R","L","SF","ARI","B","null","null",2,0,2018,"-0.1740","-0.4416","-0.1731","4.2533","null","null","null",1,5,"Bot","null","null",,,571974,,"180411_211348","-5.2839","-113.8238","3.5706","-0.6069","18.9409","-36.7669","3.3382","1.5184","null","null","null","77.6130","1939","5.6460",529574,592662,571974,502671,606466,571918,605113,502481,572041,572008,"54.8516","null","null","null","null","null","null","null",37,"3","Curveball",0,3,0,3,3,0,0,3,"Standard","Standard"
"FF","2018-04-11","93.5","2.1137","6.4067","Robbie Ray",457706,592662,"null","ball",,,,,"11","null","R","R","L","SF","ARI","B","null","null",1,0,2018,"0.5047","1.4999","-1.0981","4.1454","null","null","null",1,5,"Bot","null","null",,,571974,,"180411_211325","-9.2897","-135.6572","-3.2207","8.3543","32.9789","-13.5352","3.4099","1.5715","null","null","null","92.2560","2244","5.9600",529574,592662,571974,502671,606466,571918,605113,502481,572041,572008,"54.5372","null","null","null","null","null","null","null",37,"2","4-Seam Fastball",0,3,0,3,3,0,0,3,"Standard","Standard"
"FF","2018-04-11","93.7","2.1987","6.2752","Robbie Ray",457706,592662,"null","ball",,,,,"11","null","R","R","L","SF","ARI","B","null","null",0,0,2018,"0.5677","1.5100","-0.4109","3.8942","null","null","null",1,5,"Bot","null","null",,,571974,,"180411_211310","-7.9059","-136.0885","-3.6424","8.7028","30.2342","-13.1275","3.4099","1.6293","null","null","null","92.8850","2268","5.9370",529574,592662,571974,502671,606466,571918,605113,502481,572041,572008,"54.5609","null","null","null","null","null","null","null",37,"1","4-Seam Fastball",0,3,0,3,3,0,0,3,"Standard","Standard"
"CU","2018-04-11","79.4","2.4453","6.2493","Robbie Ray",605498,592662,"null","ball",,,,,"12","null","R","L","L","SF","ARI","B","null","null",0,1,2018,"-0.2233","-0.3931","0.4059","3.8476","null","null","null",0,5,"Bot","null","null",,,571974,,"180411_211211","-3.9975","-115.4232","2.1719","-1.2242","20.8111","-36.2379","3.3824","1.5886","null","null","null","78.3550","2066","5.5360",529574,592662,571974,502671,606466,571918,605113,502481,572041,572008,"54.9609","null","null","null","null","null","null","null",36,"2","Curveball",0,3,0,3,3,0,0,3,"Strategic","Strategic"
"FF","2018-04-11","92.1","2.1619","6.3122","Robbie Ray",605498,592662,"null","called_strike",,,,,"5","null","R","L","L","SF","ARI","S","null","null",0,0,2018,"0.6339","1.2921","0.1446","2.7544","null","null","null",0,5,"Bot","null","null",,,571974,,"180411_211155","-6.4833","-133.9376","-6.0253","8.9330","26.4218","-15.5832","3.4209","1.6659","null","null","null","92.3280","2159","6.2630",529574,592662,571974,502671,606466,571918,605113,502481,572041,572008,"54.2339","null","null","null","null","null","null","null",36,"1","4-Seam Fastball",0,3,0,3,3,0,0,3,"Standard","Strategic"
"FF","2018-04-11","89.9","2.5810","6.4250","Andrew Suarez",592662,605498,"null","called_strike",,,,,"13","null","R","L","L","SF","ARI","S","null","null",0,0,2018,"0.8369","1.1241","-0.9792","2.4322","null","null","null",2,5,"Top","null","null",,,460026,,"180411_210851","-10.2956","-130.4410","-6.1301","11.1520","23.3450","-18.8022","3.5867","1.7375","null","null","null","88.5750","1947","5.2920",529574,605498,460026,457763,605412,446334,543063,452254,457706,457705,"55.2057","null","null","null","null","null","null","null",35,"1","4-Seam Fastball",0,3,3,0,3,0,3,0,"Standard","Standard"
"FF","2018-04-11","89.9","2.3664","6.5007","Andrew Suarez",571918,605498,"null","called_strike",,,,,"4","null","R","R","L","SF","ARI","S","null","null",0,1,2018,"0.6382","1.3337","-0.6538","2.4589","null","null","null",1,5,"Top","null","null",,,460026,,"180411_210720","-8.5547","-130.3800","-6.5533","8.7515","26.8960","-16.4955","3.3703","1.5901","null","null","null","87.8110","1906","5.1200",529574,605498,460026,457763,605412,446334,543063,452254,457706,457705,"55.3778","null","null","null","null","null","null","null",33,"2","4-Seam Fastball",0,2,2,0,2,0,2,0,"Standard","Standard"
"FF","2018-04-11","89.6","2.5832","6.3932","Andrew Suarez",571918,605498,"null","called_strike",,,,,"8","null","R","R","L","SF","ARI","S","null","null",0,0,2018,"0.5400","1.4666","0.0171","1.7488","null","null","null",1,5,"Top","null","null",,,460026,,"180411_210706","-7.2420","-129.8532","-8.1646","7.4299","28.4546","-14.8040","3.4088","1.6095","null","null","null","87.2810","1922","5.1540",529574,605498,460026,457763,605412,446334,543063,452254,457706,457705,"55.3439","null","null","null","null","null","null","null",33,"1","4-Seam Fastball",0,2,2,0,2,0,2,0,"Standard","Standard"
"FF","2018-04-11","89.9","2.3791","6.4799","Andrew Suarez",605113,605498,"null","ball",,,,,"14","null","R","R","L","SF","ARI","B","null","null",0,1,2018,"0.7362","1.3036","0.3232","1.3889","null","null","null",0,5,"Top","null","null",,,460026,,"180411_210609","-6.4321","-130.3078","-9.0444","9.4024","26.8127","-16.2737","3.6022","1.6873","null","null","null","87.9280","1991","5.2220",529574,605498,460026,457763,605412,446334,543063,452254,457706,457705,"55.2759","null","null","null","null","null","null","null",32,"2","4-Seam Fastball",0,2,2,0,2,0,2,0,"Standard","Standard"
"FF","2018-04-11","92.8","1.8614","6.1945","Robbie Ray",543063,592662,"null","ball",,,,,"12","null","R","L","L","SF","ARI","B","null","null",1,2,2018,"0.7313","1.4541","0.0922","4.2573","457763.00","446334.00","452254.00",2,4,"Bot","null","null",,,571974,,"180411_210249","-6.1363","-135.0472","-2.3461","10.2982","29.7855","-14.0864","3.4008","1.5284","null","null","null","92.9030","2156","6.3740",529574,592662,571974,502671,606466,571918,605113,502481,572041,572008,"54.1235","null","null","null","null","null","null","null",31,"5","4-Seam Fastball",0,2,0,2,2,0,0,2,"Standard","Strategic"
"SL","2018-04-11","83.8","2.0299","6.2208","Robbie Ray",543063,592662,"null","ball",,,,,"12","null","R","L","L","SF","ARI","B","null","null",0,1,2018,"-0.0260","0.2488","0.3447","3.5971","457763.00","446334.00","452254.00",2,4,"Bot","null","null",,,571974,,"180411_210041","-3.8170","-122.0452","-0.1898","0.4410","22.3291","-29.9007","3.2713","1.4176","null","null","null","83.5180","2134","5.8960",529574,592662,571974,502671,606466,571918,605113,502481,572041,572008,"54.6012","null","null","null","null","null","null","null",31,"2","Slider",0,2,0,2,2,0,0,2,"Standard","Standard"
"SL","2018-04-11","83.1","2.0208","6.3433","Robbie Ray",543063,592662,"null","called_strike",,,,,"8","null","R","L","L","SF","ARI","S","null","null",0,0,2018,"-0.0943","0.2882","-0.2073","1.6904","457763.00","446334.00","452254.00",2,4,"Bot","null","null",,,571974,,"180411_210016","-4.8893","-120.9399","-4.7577","-0.0163","22.2480","-28.7233","3.3392","1.5525","null","null","null","82.7650","2024","5.9290",529574,592662,571974,502671,606466,571918,605113,502481,572041,572008,"54.5686","null","null","null","null","null","null","null",31,"1","Slider",0,2,0,2,2,0,0,2,"Standard","Standard"
"CU","2018-04-11","82.8","2.0989","6.2437","Robbie Ray",452254,592662,"null","ball",,,,,"13","null","R","R","L","SF","ARI","B","null","null",1,0,2018,"-0.1414","-0.3631","-1.6291","2.1493","457763.00","446334.00","null",2,4,"Bot","null","null",,,571974,,"180411_205832","-8.1633","-120.3816","-2.1792","0.1191","21.7734","-35.4906","3.3182","1.6198","null","null","null","82.3060","2137","5.8510",529574,592662,571974,502671,606466,571918,605113,502481,572041,572008,"54.6462","null","null","null","null","null","null","null",30,"2","Curveball",0,2,0,2,2,0,0,2,"Standard","Standard"
"FF","2018-04-11","92.0","1.8473","6.3376","Robbie Ray",446334,592662,"null","ball",,,,,"11","null","R","R","L","SF","ARI","B","null","null",1,2,2018,"0.6520","1.4245","-1.6197","2.6796","null","null","457763.00",1,4,"Bot","null","null",,,571974,,"180411_205424","-10.1193","-133.4908","-6.4255","9.8695","28.2325","-14.1529","3.6204","1.7178","null","null","null","91.4460","2289","6.0730",529574,592662,571974,502671,606466,571918,605113,502481,572041,572008,"54.4249","null","null","null","null","null","null","null",28,"4","4-Seam Fastball",0,2,0,2,2,0,0,2,"Standard","Standard"
"CU","2018-04-11","81.9","2.2953","6.0775","Robbie Ray",446334,592662,"null","ball",,,,,"13","null","R","R","L","SF","ARI","B","null","null",0,2,2018,"-0.2513","-0.5112","-1.3295","1.4144","null","null","457763.00",1,4,"Bot","null","null",,,571974,,"180411_205403","-7.6636","-119.1278","-3.0338","-1.0448","20.7765","-36.6996","3.5819","1.7178","null","null","null","81.7860","2209","6.0270",529574,592662,571974,502671,606466,571918,605113,502481,572041,572008,"54.4702","null","null","null","null","null","null","null",28,"3","Curveball",0,2,0,2,2,0,0,2,"Standard","Standard"
"CU","2018-04-11","81.2","2.4248","6.2688","Robbie Ray",446334,592662,"null","called_strike",,,,,"8","null","R","R","L","SF","ARI","S","null","null",0,0,2018,"-0.1260","-0.5396","-0.2041","2.0316","null","null","457763.00",1,4,"Bot","null","null",,,571974,,"180411_205317","-5.5963","-118.1704","-1.9399","-0.2565","19.2845","-37.0758","3.5054","1.7562","null","null","null","80.9450","2063","5.7890",529574,592662,571974,502671,606466,571918,605113,502481,572041,572008,"54.7085","null","null","null","null","null","null","null",28,"1","Curveball",0,2,0,2,2,0,0,2,"Standard","Standard"
"SL","2018-04-11","82.4","2.2277","6.1199","Robbie Ray",457763,592662,"null","ball",,,,,"13","null","R","R","L","SF","ARI","B","null","null",1,2,2018,"-0.1001","0.3317","-1.5254","0.0806","null","null","null",1,4,"Bot","null","null",,,571974,,"180411_205217","-8.2801","-119.4946","-7.7108","0.7365","24.3145","-27.7011","3.3105","1.6357","null","null","null","81.7200","2058","6.1450",529574,592662,571974,502671,606466,571918,605113,502481,572041,572008,"54.3526","null","null","null","null","null","null","null",27,"5","Slider",0,2,0,2,2,0,0,2,"Standard","Standard"
"CU","2018-04-11","81.6","2.3090","6.3112","Robbie Ray",457763,592662,"null","called_strike",,,,,"4","null","R","R","L","SF","ARI","S","null","null",1,1,2018,"-0.2373","-0.2028","-0.5091","2.8882","null","null","null",1,4,"Bot","null","null",,,571974,,"180411_205131","-5.8150","-118.6272","-0.7612","-1.1474","21.3256","-34.1488","3.5041","1.6742","null","null","null","80.7260","2147","5.6080",529574,592662,571974,502671,606466,571918,605113,502481,572041,572008,"54.8896","null","null","null","null","null","null","null",27,"3","Curveball",0,2,0,2,2,0,0,2,"Standard","Standard"
"CU","2018-04-11","80.5","2.3747","6.2818","Robbie Ray",457763,592662,"null","called_strike",,,,,"3","null","R","R","L","SF","ARI","S","null","null",1,0,2018,"-0.0074","-0.4259","0.6027","3.0975","null","null","null",1,4,"Bot","null","null",,,571974,,"180411_205110","-3.8673","-117.2035","0.3172","0.6048","20.3499","-36.3054","3.5426","1.5971","null","null","null","79.7590","1995","5.5620",529574,592662,571974,502671,606466,571918,605113,502481,572041,572008,"54.9350","null","null","null","null","null","null","null",27,"2","Curveball",0,2,0,2,2,0,0,2,"Standard","Standard"
"FF","2018-04-11","92.3","2.3316","6.3135","Robbie Ray",457763,592662,"null","ball",,,,,"12","null","R","R","L","SF","ARI","B","null","null",0,0,2018,"0.7302","1.1035","0.9361","3.8116","null","null","null",1,4,"Bot","null","null",,,571974,,"180411_205053","-5.0868","-134.4433","-2.9722","9.7848","25.6535","-18.4925","3.4840","1.5971","null","null","null","92.3040","2236","5.9680",529574,592662,571974,502671,606466,571918,605113,502481,572041,572008,"54.5291","null","null","null","null","null","null","null",27,"1","4-Seam Fastball",0,2,0,2,2,0,0,2,"Standard","Standard"
"CU","2018-04-11","78.9","2.5889","6.2890","Robbie Ray",457705,592662,"null","called_strike",,,,,"7","null","R","R","L","SF","ARI","S","null","null",1,0,2018,"-0.1105","-0.3279","-0.3135","2.0414","null","null","null",0,4,"Bot","null","null",,,571974,,"180411_204956","-6.0316","-114.7865","-1.8663","0.0796","19.7189","-34.9266","3.3893","1.6558","null","null","null","78.1240","1999","5.5900",529574,592662,571974,502671,606466,571918,605113,502481,572041,572008,"54.9073","null","null","null","null","null","null","null",26,"2","Curveball",0,2,0,2,2,0,0,2,"Standard","Standard"
"CU","2018-04-11","79.2","2.5465","6.1870","Robbie Ray",457705,592662,"null","ball",,,,,"13","null","R","R","L","SF","ARI","B","null","null",0,0,2018,"-0.2740","-0.3804","-1.0563","2.4722","null","null","null",0,4,"Bot","null","null",,,571974,,"180411_204938","-7.2554","-115.1733","-0.7420","-1.2742","17.7897","-35.6000","3.3507","1.6172","null","null","null","78.5250","2129","5.4760",529574,592662,571974,502671,606466,571918,605113,502481,572041,572008,"55.0218","null","null","null","null","null","null","null",26,"1","Curveball",0,2,0,2,2,0,0,2,"Standard","Standard"
"FF","2018-04-11","91.0","2.4009","6.3764","Andrew Suarez",572008,605498,"null","ball",,,,,"13","null","R","R","L","SF","ARI","B","null","null",1,2,2018,"0.7029","1.4277","-1.6073","1.4163","null","null","null",2,4,"Top","null","null",,,460026,,"180411_204703","-11.2015","-131.6399","-9.2039","10.1281","26.2566","-14.5612","3.0748","1.5236","null","null","null","88.9630","2011","5.2200",529574,605498,460026,457763,605412,446334,543063,452254,457706,457705,"55.2778","null","null","null","null","null","null","null",25,"4","4-Seam Fastball",0,2,2,0,2,0,2,0,"Standard","Standard"
"FF","2018-04-11","92.3","2.4012","6.4265","Andrew Suarez",572008,605498,"null","ball",,,,,"12","null","R","R","L","SF","ARI","B","null","null",0,2,2018,"0.6642","1.2577","0.1021","4.8172","null","null","null",2,4,"Top","null","null",,,460026,,"180411_204648","-7.0387","-134.0565","-0.8947","9.0827","26.2755","-17.6693","3.0940","1.4272","null","null","null","90.4050","2115","5.0280",529574,605498,460026,457763,605412,446334,543063,452254,457706,457705,"55.4697","null","null","null","null","null","null","null",25,"3","4-Seam Fastball",0,2,2,0,2,0,2,0,"Standard","Standard"
"FF","2018-04-11","91.4","2.3304","6.4004","Andrew Suarez",572008,605498,"null","called_strike",,,,,"7","null","R","R","L","SF","ARI","S","null","null",0,1,2018,"0.7471","1.5449","-0.6326","1.7431","null","null","null",2,4,"Top","null","null",,,460026,,"180411_204630","-8.8160","-132.4522","-8.8230","10.3725","28.2707","-13.0001","3.1519","1.4465","null","null","null","89.4800","2129","5.3330",529574,605498,460026,457763,605412,446334,543063,452254,457706,457705,"55.1645","null","null","null","null","null","null","null",25,"2","4-Seam Fastball",0,2,2,0,2,0,2,0,"Standard","Standard"
"FF","2018-04-11","91.1","2.3265","6.3956","Andrew Suarez",572041,605498,"null","ball",,,,,"11","null","R","R","L","SF","ARI","B","null","null",2,1,2018,"0.7679","1.1700","-1.1933","3.4124","null","null","null",1,4,"Top","null","null",,,460026,,"180411_204347","-10.1695","-132.1600","-3.9260","10.6819","25.7800","-18.4069","3.5201","1.5646","null","null","null","89.3530","2057","5.1900",529574,605498,460026,457763,605412,446334,543063,452254,457706,457705,"55.3079","null","null","null","null","null","null","null",24,"4","4-Seam Fastball",0,2,2,0,2,0,2,0,"Infield shift","Standard"
"CU","2018-04-11","77.9","2.5235","6.4397","Andrew Suarez",572041,605498,"null","ball",,,,,"12","null","R","R","L","SF","ARI","B","null","null",1,1,2018,"-0.6183","-0.4374","1.9004","2.6343","null","null","null",1,4,"Top","null","null",,,460026,,"180411_204329","-0.2620","-113.3568","-0.5898","-5.0486","18.7438","-35.9443","3.5145","1.5204","null","null","null","76.1700","2433","4.8190",529574,605498,460026,457763,605412,446334,543063,452254,457706,457705,"55.6779","null","null","null","null","null","null","null",24,"3","Curveball",0,2,2,0,2,0,2,0,"Infield shift","Standard"
"CH","2018-04-11","86.0","2.5959","6.3441","Andrew Suarez",572041,605498,"null","ball",,,,,"14","null","R","R","L","SF","ARI","B","null","null",0,0,2018,"1.3712","1.0327","0.4926","0.6200","null","null","null",1,4,"Top","null","null",,,460026,,"180411_204240","-7.4572","-124.6009","-9.1194","15.1796","22.4722","-20.3543","3.4374","1.6361","null","null","null","84.3390","1700","5.2150",529574,605498,460026,457763,605412,446334,543063,452254,457706,457705,"55.2824","null","null","null","null","null","null","null",24,"1","Changeup",0,2,2,0,2,0,2,0,"Standard","Standard"
"FF","2018-04-11","90.5","2.4883","6.3840","Andrew Suarez",502671,605498,"null","called_strike",,,,,"11","null","R","R","L","SF","ARI","S","null","null",1,0,2018,"0.8905","1.1315","-0.8305","2.8460","null","null","606466.00",1,4,"Top","null","null",,,460026,,"180411_204033","-9.8062","-131.1537","-5.0423","11.8104","26.0711","-18.9082","3.5587","1.5923","null","null","null","88.3270","1996","5.0240",529574,605498,460026,457763,605412,446334,543063,452254,457706,457705,"55.4731","null","null","null","null","null","null","null",23,"2","4-Seam Fastball",0,0,0,0,0,0,0,0,"Standard","Standard"
"CU","2018-04-11","77.1","2.6493","6.4755","Andrew Suarez",502671,605498,"null","ball",,,,,"12","null","R","R","L","SF","ARI","B","null","null",0,0,2018,"-0.7806","0.0199","1.0110","3.4215","null","null","606466.00",1,4,"Top","null","null",,,460026,,"180411_204012","-2.0907","-112.2198","0.2800","-6.0491","16.3768","-32.2878","3.5669","1.8033","null","null","null","75.7660","2257","4.8730",529574,605498,460026,457763,605412,446334,543063,452254,457706,457705,"55.6245","null","null","null","null","null","null","null",23,"1","Curveball",0,0,0,0,0,0,0,0,"Standard","Standard"
"CH","2018-04-11","84.7","2.7062","6.2841","Andrew Suarez",606466,605498,"null","called_strike",,,,,"14","null","R","R","L","SF","ARI","S","null","null",0,0,2018,"1.2015","0.8168","0.8325","2.3110","null","null","null",1,4,"Top","null","null",,,460026,,"180411_203918","-6.4813","-122.9940","-4.4392","12.8775","21.0902","-23.6585","3.4773","1.5896","null","null","null","83.0900","1522","5.0330",529574,605498,460026,457763,605412,446334,543063,452254,457706,457705,"55.4640","null","null","null","null","null","null","null",22,"1","Changeup",0,0,0,0,0,0,0,0,"Standard","Standard"
"FF","2018-04-11","91.2","2.2336","6.3891","Andrew Suarez",502481,605498,"strikeout","called_strike",,,,,"13","Jarrod Dyson called out on strikes.  ","R","L","L","SF","ARI","S",2,"null",0,2,2018,"0.6171","1.1935","-0.8306","2.2642","null","null","null",0,4,"Top","null","null",,,460026,,"180411_203850","-8.7776","-132.3753","-6.8632","8.6208","23.3121","-17.5060","3.4933","1.5510","null","null","null","89.9300","2047","5.2610",529574,605498,460026,457763,605412,446334,543063,452254,457706,457705,"55.2362","null","null","0.00",1,0,0,"null",21,"4","4-Seam Fastball",0,0,0,0,0,0,0,0,"Standard","Strategic"
"CU","2018-04-11","77.5","2.5070","6.4818","Andrew Suarez",502481,605498,"null","called_strike",,,,,"13","null","R","L","L","SF","ARI","S","null","null",0,1,2018,"-0.8866","-0.4482","-0.9074","1.8533","null","null","null",0,4,"Top","null","null",,,460026,,"180411_203807","-5.5994","-112.6891","-2.2321","-6.3087","17.5798","-35.7189","3.1464","1.5510","null","null","null","75.5500","2418","4.5900",529574,605498,460026,457763,605412,446334,543063,452254,457706,457705,"55.9077","null","null","null","null","null","null","null",21,"2","Curveball",0,0,0,0,0,0,0,0,"Standard","Standard"
"FF","2018-04-11","92.4","2.2327","6.3299","Robbie Ray",457706,592662,"null","called_strike",,,,,"12","null","R","R","L","SF","ARI","S","null","null",2,1,2018,"0.4863","1.4600","0.8352","3.0094","null","null","605498.00",2,3,"Bot","null","null",,,571974,,"180411_203014","-4.6144","-134.5651","-5.8931","6.8137","25.1675","-13.3963","3.4290","1.6091","null","null","null","92.9560","2260","6.2660",529574,592662,571974,502671,606466,571918,605113,502481,572041,572008,"54.2315","null","null","null","null","null","null","null",19,"4","4-Seam Fastball",0,0,0,0,0,0,0,0,"Standard","Standard"
"FF","2018-04-11","92.8","2.2861","6.1412","Robbie Ray",457706,592662,"null","ball",,,,,"12","null","R","R","L","SF","ARI","B","null","null",1,1,2018,"0.6849","1.2350","1.9420","4.4788","null","null","605498.00",2,3,"Bot","null","null",,,571974,,"180411_202946","-2.4037","-135.3312","-1.2679","9.0082","26.4851","-16.7151","3.3904","1.5899","null","null","null","93.8330","2162","6.5460",529574,592662,571974,502671,606466,571918,605113,502481,572041,572008,"53.9515","null","null","null","null","null","null","null",19,"3","4-Seam Fastball",0,0,0,0,0,0,0,0,"Standard","Standard"
"CU","2018-04-11","82.5","2.2884","6.1903","Robbie Ray",457706,592662,"null","called_strike",,,,,"4","null","R","R","L","SF","ARI","S","null","null",1,0,2018,"-0.1555","-0.1941","-0.5985","2.4241","null","null","605498.00",2,3,"Bot","null","null",,,571974,,"180411_202925","-6.2232","-120.0579","-1.7386","-0.4083","20.8928","-33.9469","3.3711","1.5513","null","null","null","82.2680","2111","5.9030",529574,592662,571974,502671,606466,571918,605113,502481,572041,572008,"54.5948","null","null","null","null","null","null","null",19,"2","Curveball",0,0,0,0,0,0,0,0,"Standard","Standard"
"CU","2018-04-11","81.1","2.4435","6.1821","Robbie Ray",457706,592662,"null","ball",,,,,"11","null","R","R","L","SF","ARI","B","null","null",0,0,2018,"-0.1391","-0.3660","-1.0826","3.1553","null","null","605498.00",2,3,"Bot","null","null",,,571974,,"180411_202902","-7.5514","-117.8700","0.4860","0.0093","20.1825","-35.8517","3.4482","1.5899","null","null","null","80.7020","2234","5.8610",529574,592662,571974,502671,606466,571918,605113,502481,572041,572008,"54.6366","null","null","null","null","null","null","null",19,"1","Curveball",0,0,0,0,0,0,0,0,"Standard","Standard"
"SL","2018-04-11","83.5","2.4397","6.1837","Robbie Ray",605498,592662,"null","ball",,,,,"13","null","R","L","L","SF","ARI","B","null","null",0,1,2018,"-0.0021","0.4266","-1.0934","1.7447","null","null","452254.00",1,3,"Bot","null","null",,,571974,,"180411_202749","-8.0690","-121.3852","-4.6211","1.4197","21.6623","-27.3766","3.0022","1.4390","null","null","null","83.2180","2134","5.9570",529574,592662,571974,502671,606466,571918,605113,502481,572041,572008,"54.5400","null","null","null","null","null","null","null",18,"2","Slider",0,0,0,0,0,0,0,0,"Strategic","Strategic"
"FF","2018-04-11","92.1","2.0949","6.2289","Robbie Ray",605498,592662,"null","called_strike",,,,,"11","null","R","L","L","SF","ARI","S","null","null",0,0,2018,"0.5390","1.2597","-0.8550","2.6299","null","null","452254.00",1,3,"Bot","null","null",,,571974,,"180411_202716","-8.6200","-133.7754","-6.0052","8.2277","27.4309","-16.0573","3.2335","1.5162","null","null","null","91.9660","2222","6.1970",529574,592662,571974,502671,606466,571918,605113,502481,572041,572008,"54.3005","null","null","null","null","null","null","null",18,"1","4-Seam Fastball",0,0,0,0,0,0,0,0,"Strategic","Strategic"
"FF","2018-04-11","91.1","1.7680","6.4168","Robbie Ray",543063,592662,"null","called_strike",,,,,"8","null","R","L","L","SF","ARI","S","null","null",3,1,2018,"0.5587","1.5390","-0.2620","1.3197","null","null","452254.00",0,3,"Bot","null","null",,,571974,,"180411_202612","-6.3023","-132.1744","-10.1829","7.9157","28.2180","-12.1121","3.3277","1.4248","null","null","null","91.0980","2211","6.4520",529574,592662,571974,502671,606466,571918,605113,502481,572041,572008,"54.0450","null","null","null","null","null","null","null",17,"5","4-Seam Fastball",0,0,0,0,0,0,0,0,"Standard","Standard"
"SL","2018-04-11","83.7","2.0872","6.2738","Robbie Ray",543063,592662,"null","ball",,,,,"13","null","R","L","L","SF","ARI","B","null","null",2,1,2018,"-0.1252","0.2616","-1.1534","2.1158","null","null","452254.00",0,3,"Bot","null","null",,,571974,,"180411_202547","-7.1572","-121.6340","-3.6606","0.1088","22.6307","-29.1682","3.2599","1.5019","null","null","null","83.0100","2155","5.7870",529574,592662,571974,502671,606466,571918,605113,502481,572041,572008,"54.7100","null","null","null","null","null","null","null",17,"4","Slider",0,0,0,0,0,0,0,0,"Standard","Standard"
"SL","2018-04-11","84.6","2.1997","6.1878","Robbie Ray",543063,592662,"null","ball",,,,,"13","null","R","L","L","SF","ARI","B","null","null",1,1,2018,"-0.0056","0.2872","-1.5563","0.9105","null","null","452254.00",0,3,"Bot","null","null",,,571974,,"180411_202440","-8.6767","-122.8981","-6.5039","1.5083","22.1543","-28.3270","3.2212","1.5211","null","null","null","84.2450","2206","5.9460",529574,592662,571974,502671,606466,571918,605113,502481,572041,572008,"54.5513","null","null","null","null","null","null","null",17,"3","Slider",0,0,0,0,0,0,0,0,"Standard","Standard"
"FF","2018-04-11","94.7","1.9632","6.3102","Robbie Ray",452254,592662,"walk","ball",,,,,"13","Hunter Pence walks.  ","R","R","L","SF","ARI","B","null","null",3,2,2018,"0.6243","1.6261","-1.5806","2.1763","null","null","null",0,3,"Bot","null","null",,,571974,,"180411_202300","-10.5537","-137.4697","-8.7122","9.8516","24.8805","-10.0989","3.1682","1.6616","null","null","null","94.7840","2303","6.0630",529574,592662,571974,502671,606466,571918,605113,502481,572041,572008,"54.4342","null","null","0.70",1,0,0,"null",16,"6","4-Seam Fastball",0,0,0,0,0,0,0,0,"Standard","Standard"
"CU","2018-04-11","83.9","2.3060","6.1783","Robbie Ray",452254,592662,"null","ball",,,,,"13","null","R","R","L","SF","ARI","B","null","null",2,2,2018,"-0.3468","-0.4667","-0.9614","0.2310","null","null","null",0,3,"Bot","null","null",,,571974,,"180411_202234","-6.8272","-121.9659","-6.4276","-2.1785","22.2993","-35.8301","3.3032","1.6616","null","null","null","83.4890","2281","5.9130",529574,592662,571974,502671,606466,571918,605113,502481,572041,572008,"54.5840","null","null","null","null","null","null","null",16,"5","Curveball",0,0,0,0,0,0,0,0,"Standard","Standard"
"CU","2018-04-11","79.3","2.4093","6.3104","Robbie Ray",452254,592662,"null","ball",,,,,"3","null","R","R","L","SF","ARI","B","null","null",1,0,2018,"-0.0268","-0.4361","0.5972","3.3490","null","null","null",0,3,"Bot","null","null",,,571974,,"180411_202131","-3.8568","-115.2553","1.0989","0.4996","21.8836","-36.4217","3.2646","1.6809","null","null","null","78.1580","1826","5.5960",529574,592662,571974,502671,606466,571918,605113,502481,572041,572008,"54.9014","null","null","null","null","null","null","null",16,"2","Curveball",0,0,0,0,0,0,0,0,"Standard","Standard"
"CU","2018-04-11","79.9","2.5084","6.2605","Robbie Ray",452254,592662,"null","ball",,,,,"7","null","R","R","L","SF","ARI","B","null","null",0,0,2018,"-0.0350","-0.4276","-0.5639","1.6083","null","null","null",0,3,"Bot","null","null",,,571974,,"180411_202113","-6.6280","-116.1183","-2.7029","0.9150","21.4714","-35.7094","3.2068","1.6231","null","null","null","79.0940","2022","5.7680",529574,592662,571974,502671,606466,571918,605113,502481,572041,572008,"54.7297","null","null","null","null","null","null","null",16,"1","Curveball",0,0,0,0,0,0,0,0,"Standard","Standard"
"FF","2018-04-11","90.9","2.5692","6.3588","Andrew Suarez",592662,605498,"null","called_strike",,,,,"5","null","R","L","L","SF","ARI","S","null","null",0,0,2018,"0.7980","1.2874","-0.1256","2.3046","null","null","null",2,3,"Top","null","null",,,460026,,"180411_201751","-8.1914","-131.9374","-6.7859","10.5408","24.0965","-16.5783","3.5393","1.6315","null","null","null","89.4030","1954","5.1900",529574,605498,460026,457763,605412,446334,543063,452254,457706,457705,"55.3072","null","null","null","null","null","null","null",15,"1","4-Seam Fastball",0,0,0,0,0,0,0,0,"Standard","Standard"
"CU","2018-04-11","78.5","2.5077","6.4926","Andrew Suarez",571974,605498,"null","ball",,,,,"14","null","R","R","L","SF","ARI","B","null","null",2,2,2018,"-0.4139","-0.2793","0.0262","0.9078","null","null","null",1,3,"Top","null","null",,,460026,,"180411_201709","-4.5142","-114.0631","-4.6759","-2.6858","19.1836","-33.9819","3.2975","1.5179","null","null","null","76.5750","2367","4.7890",529574,605498,460026,457763,605412,446334,543063,452254,457706,457705,"55.7081","null","null","null","null","null","null","null",14,"8","Curveball",0,0,0,0,0,0,0,0,"Standard","Standard"
"FF","2018-04-11","90.2","2.4507","6.4944","Andrew Suarez",571974,605498,"null","ball",,,,,"7","null","R","R","L","SF","ARI","B","null","null",1,2,2018,"0.8981","1.4458","-0.7318","1.3485","null","null","null",1,3,"Top","null","null",,,460026,,"180411_201522","-9.4989","-130.7423","-9.6070","11.6593","22.4249","-14.6032","3.2975","1.4600","null","null","null","88.7590","2044","5.1980",529574,605498,460026,457763,605412,446334,543063,452254,457706,457705,"55.2999","null","null","null","null","null","null","null",14,"4","4-Seam Fastball",0,0,0,0,0,0,0,0,"Standard","Standard"
"CU","2018-04-11","80.1","2.4525","6.5587","Andrew Suarez",571974,605498,"null","ball",,,,,"13","null","R","R","L","SF","ARI","B","null","null",0,2,2018,"-0.4976","-0.3453","-0.9679","0.7262","null","null","null",1,3,"Top","null","null",,,460026,,"180411_201504","-6.4614","-116.3071","-5.4361","-3.1844","19.9291","-34.4954","3.3168","1.4986","null","null","null","77.9420","2463","4.6870",529574,605498,460026,457763,605412,446334,543063,452254,457706,457705,"55.8108","null","null","null","null","null","null","null",14,"3","Curveball",0,0,0,0,0,0,0,0,"Standard","Standard"
"FF","2018-04-11","91.0","2.3907","6.4448","Andrew Suarez",571974,605498,"null","called_strike",,,,,"4","null","R","R","L","SF","ARI","S","null","null",0,1,2018,"0.7121","1.2993","-0.5249","2.3609","null","null","null",1,3,"Top","null","null",,,460026,,"180411_201448","-8.5942","-132.0762","-6.9055","9.7392","25.2465","-16.3217","3.2875","1.5371","null","null","null","89.5370","1968","5.3020",529574,605498,460026,457763,605412,446334,543063,452254,457706,457705,"55.1958","null","null","null","null","null","null","null",14,"2","4-Seam Fastball",0,0,0,0,0,0,0,0,"Standard","Standard"
"CU","2018-04-11","78.5","2.6478","6.5589","Andrew Suarez",571918,605498,"null","ball",,,,,"14","null","R","R","L","SF","ARI","B","null","null",0,1,2018,"-0.5276","-0.4568","1.2066","2.2342","null","null","null",0,3,"Top","null","null",,,460026,,"180411_201318","-2.1368","-114.1671","-1.7295","-3.9884","19.7558","-35.9365","3.2686","1.5636","null","null","null","76.2620","2323","4.5620",529574,605498,460026,457763,605412,446334,543063,452254,457706,457705,"55.9356","null","null","null","null","null","null","null",13,"2","Curveball",0,0,0,0,0,0,0,0,"Standard","Standard"
"FF","2018-04-11","89.9","2.6402","6.4871","Andrew Suarez",571918,605498,"null","called_strike",,,,,"12","null","R","R","L","SF","ARI","S","null","null",0,0,2018,"1.0757","0.7884","0.9604","2.8278","null","null","null",0,3,"Top","null","null",,,460026,,"180411_201306","-6.1881","-130.6363","-4.6608","13.0440","23.2911","-22.8267","3.3064","1.6022","null","null","null","88.4760","1756","5.1350",529574,605498,460026,457763,605412,446334,543063,452254,457706,457705,"55.3622","null","null","null","null","null","null","null",13,"1","4-Seam Fastball",0,0,0,0,0,0,0,0,"Standard","Standard"
"FF","2018-04-11","92.6","2.2594","6.4212","Robbie Ray",460026,592662,"null","called_strike",,,,,"6","null","R","R","L","SF","ARI","S","null","null",1,1,2018,"1.0246","1.5493","0.7725","2.3969","null","null","null",2,2,"Bot","null","null",,,571974,,"180411_200948","-5.9854","-134.4930","-7.7196","13.6682","31.6907","-12.0646","3.4690","1.6182","null","null","null","91.8370","2320","6.1300",529574,592662,571974,502671,606466,571918,605113,502481,572041,572008,"54.3675","null","null","null","null","null","null","null",12,"3","4-Seam Fastball",0,0,0,0,0,0,0,0,"Standard","Standard"
"CU","2018-04-11","81.9","2.3079","6.2704","Robbie Ray",460026,592662,"null","ball",,,,,"12","null","R","R","L","SF","ARI","B","null","null",0,1,2018,"-0.1072","-0.3960","0.4346","3.4686","null","null","null",2,2,"Bot","null","null",,,571974,,"180411_200931","-3.9879","-119.1934","0.9578","-0.2428","22.6847","-36.2997","3.3433","1.5990","null","null","null","81.1830","2148","5.7700",529574,592662,571974,502671,606466,571918,605113,502481,572041,572008,"54.7274","null","null","null","null","null","null","null",12,"2","Curveball",0,0,0,0,0,0,0,0,"Standard","Standard"
"CU","2018-04-11","81.6","2.4714","6.3608","Robbie Ray",460026,592662,"null","called_strike",,,,,"6","null","R","R","L","SF","ARI","S","null","null",0,0,2018,"0.1235","-0.6225","0.7084","2.3168","null","null","null",2,2,"Bot","null","null",,,571974,,"180411_200914","-4.1589","-118.6627","-1.3211","1.9444","22.8083","-37.9351","3.5268","1.5990","null","null","null","80.8550","2144","5.8250",529574,592662,571974,502671,606466,571918,605113,502481,572041,572008,"54.6723","null","null","null","null","null","null","null",12,"1","Curveball",0,0,0,0,0,0,0,0,"Standard","Standard"
"FF","2018-04-11","94.3","2.0917","6.4272","Robbie Ray",446334,592662,"null","ball",,,,,"11","null","R","R","L","SF","ARI","B","null","null",2,2,2018,"0.5657","1.5010","-1.4383","2.8710","null","null","null",1,2,"Bot","null","null",,,571974,,"180411_200811","-10.3246","-136.7874","-6.7717","9.1997","28.6042","-12.2959","3.5897","1.7071","null","null","null","93.7090","2263","5.9980",529574,592662,571974,502671,606466,571918,605113,502481,572041,572008,"54.4992","null","null","null","null","null","null","null",11,"6","4-Seam Fastball",0,0,0,0,0,0,0,0,"Standard","Standard"
"FF","2018-04-11","94.0","1.9166","6.3841","Robbie Ray",446334,592662,"null","ball",,,,,"11","null","R","R","L","SF","ARI","B","null","null",1,2,2018,"0.7625","1.4592","-0.9807","2.8500","null","null","null",1,2,"Bot","null","null",,,571974,,"180411_200729","-9.1670","-136.5205","-6.6585","11.4378","28.1011","-12.7297","3.7245","1.7648","null","null","null","94.0320","2365","6.2670",529574,592662,571974,502671,606466,571918,605113,502481,572041,572008,"54.2303","null","null","null","null","null","null","null",11,"4","4-Seam Fastball",0,0,0,0,0,0,0,0,"Standard","Standard"
"CU","2018-04-11","81.4","2.4456","6.2746","Robbie Ray",446334,592662,"null","called_strike",,,,,"6","null","R","R","L","SF","ARI","S","null","null",1,1,2018,"-0.3361","-0.4408","0.3979","2.9350","null","null","null",1,2,"Bot","null","null",,,571974,,"180411_200703","-3.9162","-118.4622","-0.1670","-2.4563","19.6789","-36.4431","3.4996","1.7696","null","null","null","80.7520","2082","5.5480",529574,592662,571974,502671,606466,571918,605113,502481,572041,572008,"54.9491","null","null","null","null","null","null","null",11,"3","Curveball",0,0,0,0,0,0,0,0,"Standard","Standard"
"SL","2018-04-11","83.3","2.2815","6.2573","Robbie Ray",446334,592662,"null","ball",,,,,"13","null","R","R","L","SF","ARI","B","null","null",0,1,2018,"-0.1094","0.0866","-1.6165","0.7297","null","null","null",1,2,"Bot","null","null",,,571974,,"180411_200643","-8.6532","-120.8916","-6.2981","0.6864","24.3056","-30.3178","3.7109","1.7119","null","null","null","82.4070","2038","5.9080",529574,592662,571974,502671,606466,571918,605113,502481,572041,572008,"54.5893","null","null","null","null","null","null","null",11,"2","Slider",0,0,0,0,0,0,0,0,"Standard","Standard"
"CU","2018-04-11","79.1","2.3226","6.3733","Robbie Ray",446334,592662,"null","called_strike",,,,,"8","null","R","R","L","SF","ARI","S","null","null",0,0,2018,"0.0050","-0.7506","-0.2514","2.1290","null","null","null",1,2,"Bot","null","null",,,571974,,"180411_200626","-5.5687","-115.0497","-1.1054","1.0401","20.5878","-38.7688","3.7503","1.6927","null","null","null","78.5040","2154","5.8140",529574,592662,571974,502671,606466,571918,605113,502481,572041,572008,"54.6836","null","null","null","null","null","null","null",11,"1","Curveball",0,0,0,0,0,0,0,0,"Standard","Standard"
"FF","2018-04-11","90.8","2.5422","6.4638","Andrew Suarez",605113,605498,"null","called_strike",,,,,"9","null","R","R","L","SF","ARI","S","null","null",1,1,2018,"0.7456","1.3848","0.3050","1.9691","null","null","null",2,2,"Top","null","null",,,460026,,"180411_200235","-6.9852","-131.7485","-8.0346","9.7975","25.7540","-15.1878","3.6149","1.7280","null","null","null","89.2900","2048","5.3360",529574,605498,460026,457763,605412,446334,543063,452254,457706,457705,"55.1619","null","null","null","null","null","null","null",9,"3","4-Seam Fastball",0,0,0,0,0,0,0,0,"Standard","Standard"
"SL","2018-04-11","87.9","2.5619","6.5219","Andrew Suarez",605113,605498,"null","called_strike",,,,,"9","null","R","R","L","SF","ARI","S","null","null",1,0,2018,"-0.2769","0.8402","0.4199","1.9747","null","null","null",2,2,"Top","null","null",,,460026,,"180411_200218","-4.5370","-127.8082","-6.5149","-2.1737","21.5956","-22.3804","3.5956","1.6509","null","null","null","86.5490","2213","5.0700",529574,605498,460026,457763,605412,446334,543063,452254,457706,457705,"55.4275","null","null","null","null","null","null","null",9,"2","Slider",0,0,0,0,0,0,0,0,"Standard","Standard"
"CU","2018-04-11","79.5","2.3750","6.5445","Andrew Suarez",605113,605498,"null","ball",,,,,"13","null","R","R","L","SF","ARI","B","null","null",0,0,2018,"-0.7465","-0.2146","-1.2941","1.6850","null","null","null",2,2,"Top","null","null",,,460026,,"180411_200202","-6.5294","-115.3983","-3.4334","-5.2136","20.3902","-33.6729","3.6157","1.6802","null","null","null","77.5080","2549","4.8940",529574,605498,460026,457763,605412,446334,543063,452254,457706,457705,"55.6032","null","null","null","null","null","null","null",9,"1","Curveball",0,0,0,0,0,0,0,0,"Standard","Standard"
"FF","2018-04-11","91.3","2.5200","6.4757","Andrew Suarez",572008,605498,"null","called_strike",,,,,"7","null","R","R","L","SF","ARI","S","null","null",0,1,2018,"0.7864","1.3424","-0.5043","1.8334","null","null","null",1,2,"Top","null","null",,,460026,,"180411_200102","-8.9267","-132.2452","-8.2564","10.6164","26.9198","-15.7514","3.1269","1.4794","null","null","null","88.7690","1962","4.8710",529574,605498,460026,457763,605412,446334,543063,452254,457706,457705,"55.6266","null","null","null","null","null","null","null",8,"2","4-Seam Fastball",0,0,0,0,0,0,0,0,"Standard","Standard"
"CU","2018-04-11","78.6","2.5085","6.5501","Andrew Suarez",572041,605498,"null","ball",,,,,"14","null","R","R","L","SF","ARI","B","null","null",0,1,2018,"-0.5438","-0.6394","1.2891","1.4679","null","null","null",0,2,"Top","null","null",,,460026,,"180411_195925","-1.6454","-114.2835","-3.0150","-4.2400","20.1363","-37.2511","3.4566","1.5589","null","null","null","76.5860","2497","4.7810",529574,605498,460026,457763,605412,446334,543063,452254,457706,457705,"55.7165","null","null","null","null","null","null","null",7,"2","Curveball",0,0,0,0,0,0,0,0,"Infield shift","Standard"
"FF","2018-04-11","90.5","2.7039","6.4201","Andrew Suarez",572041,605498,"null","called_strike",,,,,"7","null","R","R","L","SF","ARI","S","null","null",0,0,2018,"0.6336","1.5450","-0.7913","1.6755","null","null","null",0,2,"Top","null","null",,,460026,,"180411_195906","-9.7358","-131.0253","-8.7591","9.0253","27.3039","-13.5643","3.6686","1.5103","null","null","null","88.1870","2000","5.0940",529574,605498,460026,457763,605412,446334,543063,452254,457706,457705,"55.4035","null","null","null","null","null","null","null",7,"1","4-Seam Fastball",0,0,0,0,0,0,0,0,"Standard","Standard"
"CU","2018-04-11","82.1","2.1889","6.4293","Robbie Ray",457705,592662,"null","called_strike",,,,,"4","null","R","R","L","SF","ARI","S","null","null",0,1,2018,"-0.1578","-0.5212","-0.4737","2.3562","null","null","null",2,1,"Bot","null","null",,,571974,,"180411_195620","-5.6716","-119.4770","-1.7591","-0.5389","20.1326","-37.0270","3.4029","1.6694","null","null","null","81.7450","2266","5.7640",529574,592662,571974,502671,606466,571918,605113,502481,572041,572008,"54.7331","null","null","null","null","null","null","null",6,"2","Curveball",0,0,0,0,0,0,0,0,"Standard","Standard"
"CU","2018-04-11","80.6","2.2200","6.3358","Robbie Ray",457705,592662,"null","called_strike",,,,,"8","null","R","R","L","SF","ARI","S","null","null",0,0,2018,"-0.1057","-0.5361","-0.0307","1.5799","null","null","null",2,1,"Bot","null","null",,,571974,,"180411_195603","-4.7690","-117.3141","-2.9506","-0.1532","20.0411","-36.7917","3.4607","1.6308","null","null","null","80.3650","2154","5.8960",529574,592662,571974,502671,606466,571918,605113,502481,572041,572008,"54.6014","null","null","null","null","null","null","null",6,"1","Curveball",0,0,0,0,0,0,0,0,"Standard","Standard"
"SL","2018-04-11","82.6","1.9306","6.2859","Robbie Ray",605412,592662,"null","ball",,,,,"13","null","R","L","L","SF","ARI","B","null","null",0,1,2018,"-0.0943","0.3554","-1.0460","0.6342","null","null","null",1,1,"Bot","null","null",,,571974,,"180411_195458","-6.5344","-120.0741","-7.0386","0.2136","20.5281","-27.7787","3.2651","1.4115","null","null","null","82.2280","2064","5.8330",529574,592662,571974,502671,606466,571918,605113,502481,572041,572008,"54.6644","null","null","null","null","null","null","null",5,"2","Slider",0,0,0,0,0,0,0,0,"Standard","Standard"
"FF","2018-04-11","93.1","1.9291","6.4212","Robbie Ray",605412,592662,"null","called_strike",,,,,"7","null","R","L","L","SF","ARI","S","null","null",0,0,2018,"0.9853","1.4803","-0.3202","1.8317","null","null","null",1,1,"Bot","null","null",,,571974,,"180411_195438","-7.8359","-135.0961","-9.1214","13.5905","28.3814","-12.5389","3.0908","1.3914","null","null","null","92.4720","2221","5.9880",529574,592662,571974,502671,606466,571918,605113,502481,572041,572008,"54.5099","null","null","null","null","null","null","null",5,"1","4-Seam Fastball",0,0,0,0,0,0,0,0,"Standard","Standard"
"FF","2018-04-11","92.6","2.0961","6.5008","Robbie Ray",457706,592662,"null","ball",,,,,"12","null","R","R","L","SF","ARI","B","null","null",1,1,2018,"0.5254","1.5372","1.5393","4.4372","null","null","null",0,1,"Bot","null","null",,,571974,,"180411_195322","-2.5470","-134.8820","-2.8461","6.8991","26.2113","-13.0868","3.2940","1.5899","null","null","null","92.7600","2209","6.0900",529574,592662,571974,502671,606466,571918,605113,502481,572041,572008,"54.4077","null","null","null","null","null","null","null",4,"3","4-Seam Fastball",0,0,0,0,0,0,0,0,"Standard","Standard"
"FF","2018-04-11","90.3","2.0695","6.4475","Robbie Ray",457706,592662,"null","called_strike",,,,,"7","null","R","R","L","SF","ARI","S","null","null",0,0,2018,"0.7370","1.5265","-0.4440","2.1291","null","null","null",0,1,"Bot","null","null",,,571974,,"180411_195243","-7.7573","-131.1689","-7.9762","9.9970","26.0137","-13.2876","3.3903","1.5704","null","null","null","89.9920","2229","6.0560",529574,592662,571974,502671,606466,571918,605113,502481,572041,572008,"54.4413","null","null","null","null","null","null","null",4,"1","4-Seam Fastball",0,0,0,0,0,0,0,0,"Standard","Standard"
"CU","2018-04-11","80.5","2.5527","6.5334","Andrew Suarez",502671,605498,"strikeout","called_strike",,,,,"14","Paul Goldschmidt called out on strikes.  ","R","R","L","SF","ARI","S",2,"null",1,2,2018,"-0.5471","-0.2135","0.9974","2.4778","null","null","null",2,1,"Top","null","null",,,460026,,"180411_195013","-2.4061","-117.0829","-2.0134","-4.4276","18.3509","-33.9842","3.5531","1.6259","null","null","null","78.6800","2503","4.6600",529574,605498,460026,457763,605412,446334,543063,452254,457706,457705,"55.8369","null","null","0.00",1,0,0,"null",3,"4","Curveball",0,0,0,0,0,0,0,0,"Infield shift","Standard"
"CH","2018-04-11","86.5","2.7004","6.2514","Andrew Suarez",502671,605498,"null","ball",,,,,"13","null","R","R","L","SF","ARI","B","null","null",0,1,2018,"0.6474","1.4122","-0.4885","0.8282","null","null","null",2,1,"Top","null","null",,,460026,,"180411_194938","-8.7331","-125.2904","-9.3498","8.3142","23.3914","-16.0813","3.5587","1.6601","null","null","null","85.3310","1724","5.6190",529574,605498,460026,457763,605412,446334,543063,452254,457706,457705,"54.8784","null","null","null","null","null","null","null",3,"2","Changeup",0,0,0,0,0,0,0,0,"Infield shift","Standard"
"FF","2018-04-11","92.4","2.4929","6.3994","Andrew Suarez",606466,605498,"null","ball",,,,,"11","null","R","R","L","SF","ARI","B","null","null",2,2,2018,"0.8640","1.3767","-0.8431","2.9678","null","null","null",1,1,"Top","null","null",,,460026,,"180411_194646","-10.0392","-133.8624","-5.6378","12.0748","27.4792","-15.3217","3.5895","1.6446","null","null","null","90.3700","2097","5.1860",529574,605498,460026,457763,605412,446334,543063,452254,457706,457705,"55.3119","null","null","null","null","null","null","null",2,"5","4-Seam Fastball",0,0,0,0,0,0,0,0,"Standard","Strategic"
"FF","2018-04-11","92.7","2.5042","6.4708","Andrew Suarez",606466,605498,"null","ball",,,,,"11","null","R","R","L","SF","ARI","B","null","null",1,2,2018,"0.9082","1.5151","-0.0444","4.0580","null","null","null",1,1,"Top","null","null",,,460026,,"180411_194633","-8.1808","-134.5738","-3.4437","12.2601","27.5348","-14.0749","3.5702","1.7603","null","null","null","90.6230","2119","5.0260",529574,605498,460026,457763,605412,446334,543063,452254,457706,457705,"55.4713","null","null","null","null","null","null","null",2,"4","4-Seam Fastball",0,0,0,0,0,0,0,0,"Standard","Strategic"
"FF","2018-04-11","91.8","2.4958","6.5633","Andrew Suarez",606466,605498,"null","ball",,,,,"14","null","R","R","L","SF","ARI","B","null","null",0,0,2018,"1.1782","1.0614","1.3005","1.5231","null","null","null",1,1,"Top","null","null",,,460026,,"180411_194535","-5.2435","-133.1439","-8.7949","14.3647","26.3082","-18.7034","3.5510","1.6255","null","null","null","89.2650","1887","4.7260",529574,605498,460026,457763,605412,446334,543063,452254,457706,457705,"55.7710","null","null","null","null","null","null","null",2,"1","4-Seam Fastball",0,0,0,0,0,0,0,0,"Standard","Standard"
"FF","2018-04-11","92.0","2.5882","6.4350","Andrew Suarez",502481,605498,"null","called_strike",,,,,"11","null","R","L","L","SF","ARI","S","null","null",1,0,2018,"0.9279","1.3345","-0.9098","2.6569","null","null","null",0,1,"Top","null","null",,,460026,,"180411_194441","-10.4402","-133.3125","-6.2897","12.6345","26.3238","-15.9946","3.4110","1.5722","null","null","null","89.5940","2063","4.8590",529574,605498,460026,457763,605412,446334,543063,452254,457706,457705,"55.6382","null","null","null","null","null","null","null",1,"2","4-Seam Fastball",0,0,0,0,0,0,0,0,"Standard","Strategic"
"FF","2018-04-11","91.0","2.6878","6.3995","Andrew Suarez",502481,605498,"null","ball",,,,,"13","null","R","L","L","SF","ARI","B","null","null",0,0,2018,"1.0746","1.3209","-0.9891","0.8898","null","null","null",0,1,"Top","null","null",,,460026,,"180411_194427","-11.0410","-131.4227","-10.1918","14.2071","27.8477","-15.7138","3.4844","1.7177","null","null","null","88.1780","1983","4.9470",529574,605498,460026,457763,605412,446334,543063,452254,457706,457705,"55.5501","null","null","null","null","null","null","null",1,"1","4-Seam Fastball",0,0,0,0,0,0,0,0,"Standard","Strategic"