"pitch_type","game_date","release_speed","release_pos_x","release_pos_z","player_name","batter","pitcher","events","description","spin_dir","spin_rate_deprecated","break_angle_deprecated","break_length_deprecated","zone","des","game_type","stand","p_throws","home_team","away_team","type","hit_location","bb_type","balls","strikes","game_year","pfx_x","pfx_z","plate_x","plate_z","on_3b","on_2b","on_1b","outs_when_up","inning","inning_topbot","hc_x","hc_y","tfs_deprecated","tfs_zulu_deprecated","pos2_person_id","umpire","sv_id","vx0","vy0","vz0","ax","ay","az","sz_top","sz_bot","hit_distance_sc","launch_speed","launch_angle","effective_speed","release_spin_rate","release_extension","game_pk","pos1_person_id","pos2_person_id","pos3_person_id","pos4_person_id","pos5_person_id","pos6_person_id","pos7_person_id","pos8_person_id","pos9_person_id","release_pos_y","estimated_ba_using_speedangle","estimated_woba_using_speedangle","woba_value","woba_denom","babip_value","iso_value","launch_speed_angle","at_bat_number","pitch_number","pitch_name","home_score","away_score","bat_score","fld_score","post_away_score","post_home_score","post_bat_score","post_fld_score","if_fielding_alignment","of_fielding_alignment"
"FF","2018-07-25","98.6","-2.5315","4.9858","Edwin Diaz",467055,621242,"null","ball",,,,,"11","null","R","L","R","SEA","SF","B","null","null",0,2,2018,"-0.9166","1.2350","-0.8286","4.5706","null","null","null",2,9,"Top","null","null",,,572287,,"180725_224731","6.8401","-143.7200","1.3536","-14.3496","29.1430","-15.1579","3.1797","1.6782","null","null","null","99.9570","2414","6.6690",530942,621242,572287,592387,543829,572122,516416,452655,628338,571745,"53.8312","null","null","null","null","null","null","null",64,"3","4-Seam Fastball",3,2,2,3,2,3,2,3,"Standard","Standard"
"FF","2018-07-25","97.8","-2.5365","4.9664","Edwin Diaz",467055,621242,"null","called_strike",,,,,"5","null","R","L","R","SEA","SF","S","null","null",0,0,2018,"-0.8099","1.1865","0.2578","2.2808","null","null","null",2,9,"Top","null","null",,,572287,,"180725_224655","9.4554","-142.1877","-4.5576","-13.1153","29.6025","-15.0792","3.1572","1.5499","null","null","null","98.5960","2238","6.5780",530942,621242,572287,592387,543829,572122,516416,452655,628338,571745,"53.9218","null","null","null","null","null","null","null",64,"1","4-Seam Fastball",3,2,2,3,2,3,2,3,"Standard","Standard"
"SL","2018-07-25","88.7","-2.6056","5.1550","Edwin Diaz",543063,621242,"null","ball",,,,,"13","null","R","L","R","SEA","SF","B","null","null",2,2,2018,"0.3600","0.3739","-1.4964","1.9630","null","null","null",1,9,"Top","null","null",,,572287,,"180725_224531","1.9715","-129.4701","-2.7088","3.8133","21.1235","-27.5987","3.3643","1.5499","null","null","null","90.1060","2381","6.5010",530942,621242,572287,592387,543829,572122,516416,452655,628338,571745,"53.9992","null","null","null","null","null","null","null",63,"5","Slider",3,2,2,3,2,3,2,3,"Standard","Standard"
"SL","2018-07-25","90.2","-2.3843","5.1621","Edwin Diaz",543063,621242,"null","ball",,,,,"14","null","R","L","R","SEA","SF","B","null","null",1,2,2018,"0.2152","0.3857","1.6776","0.2640","null","null","null",1,9,"Top","null","null",,,572287,,"180725_224506","9.6493","-131.0483","-7.0944","0.7038","24.4844","-26.5433","3.3597","1.6323","null","null","null","90.6930","2351","6.4180",530942,621242,572287,592387,543829,572122,516416,452655,628338,571745,"54.0819","null","null","null","null","null","null","null",63,"4","Slider",3,2,2,3,2,3,2,3,"Standard","Standard"
"FF","2018-07-25","96.9","-2.6739","5.0345","Edwin Diaz",543063,621242,"null","ball",,,,,"11","null","R","L","R","SEA","SF","B","null","null",0,0,2018,"-0.9875","1.1309","-1.5758","3.0738","null","null","null",1,9,"Top","null","null",,,572287,,"180725_224404","5.2267","-141.2301","-2.3583","-14.4557","29.5520","-16.5684","3.4104","1.6782","null","null","null","97.7510","2250","6.5010",530942,621242,572287,592387,543829,572122,516416,452655,628338,571745,"53.9989","null","null","null","null","null","null","null",63,"1","4-Seam Fastball",3,2,2,3,2,3,2,3,"Standard","Standard"
"FF","2018-07-25","97.3","-2.4032","5.0950","Edwin Diaz",457763,621242,"null","called_strike",,,,,"5","null","R","R","R","SEA","SF","S","null","null",0,1,2018,"-1.0021","1.1564","0.1221","2.4561","null","null","null",0,9,"Top","null","null",,,572287,,"180725_224309","9.2693","-141.6512","-4.3867","-15.8514","29.5447","-15.3615","3.3874","1.6553","null","null","null","99.0770","2330","7.0600",530942,621242,572287,592387,543829,572122,516416,452655,628338,571745,"53.4399","null","null","null","null","null","null","null",62,"2","4-Seam Fastball",3,2,2,3,2,3,2,3,"Standard","Standard"
"FT","2018-07-25","94.0","-1.5795","5.2547","Sam Dyson",571745,473879,"null","ball",,,,,"11","null","R","R","R","SEA","SF","B","null","null",1,0,2018,"-1.3239","0.3274","-1.0325","3.9081","null","516416.00","null",1,8,"Bot","null","null",,,460026,,"180725_223927","4.1410","-136.7578","1.4455","-16.9210","27.6085","-28.7369","3.3874","1.8851","null","null","null","92.5440","2259","5.2430",530942,473879,460026,467055,593700,488818,543063,452254,621453,457705,"55.2571","null","null","null","null","null","null","null",61,"2","2-Seam Fastball",3,2,3,2,2,3,3,2,"Standard","Standard"
"FT","2018-07-25","93.7","-1.3927","5.3520","Sam Dyson",571745,473879,"null","ball",,,,,"11","null","R","R","R","SEA","SF","B","null","null",0,0,2018,"-0.8581","0.3283","-0.9986","4.5425","null","516416.00","null",1,8,"Bot","null","null",,,460026,,"180725_223902","2.7758","-136.2353","2.8393","-10.9108","27.3349","-29.0302","3.3413","1.5889","null","null","null","92.2270","2276","5.2600",530942,473879,460026,467055,593700,488818,543063,452254,621453,457705,"55.2397","null","null","null","null","null","null","null",61,"1","2-Seam Fastball",3,2,3,2,2,3,3,2,"Standard","Standard"
"SI","2018-07-25","92.3","3.3744","5.0614","Tony Watson",543829,453265,"null","ball",,,,,"11","null","R","L","L","SEA","SF","B","null","null",0,0,2018,"1.0147","1.0843","-1.3930","2.5834","null","null","628338.00",0,8,"Bot","null","null",,,460026,,"180725_223311","-14.0258","-133.5591","-2.6839","14.8301","28.2189","-19.1728","3.3183","1.5863","null","null","null","90.7990","2303","5.6480",530942,453265,460026,467055,593700,488818,543063,452254,621453,457705,"54.8521","null","null","null","null","null","null","null",59,"1","Sinker",2,2,2,2,2,2,2,2,"Strategic","Standard"
"SI","2018-07-25","92.8","3.3691","5.0734","Tony Watson",628338,453265,"walk","ball",,,,,"11","Guillermo Heredia walks.  ","R","R","L","SEA","SF","B","null","null",3,1,2018,"1.2484","0.8789","-0.8055","3.4943","null","null","null",0,8,"Bot","null","null",,,460026,,"180725_223233","-13.1629","-134.4720","-0.1167","17.5980","27.4745","-21.8841","3.0881","1.5403","null","null","null","91.7770","2381","5.7790",530942,453265,460026,467055,593700,488818,543063,452254,621453,457705,"54.7209","null","null","0.70",1,0,0,"null",58,"5","Sinker",2,2,2,2,2,2,2,2,"Standard","Standard"
"SI","2018-07-25","91.8","3.4446","5.1054","Tony Watson",628338,453265,"null","called_strike",,,,,"2","null","R","R","L","SEA","SF","S","null","null",3,0,2018,"1.2976","0.8649","-0.1947","2.9423","null","null","null",0,8,"Bot","null","null",,,460026,,"180725_223216","-11.7762","-133.1159","-1.4275","17.5263","26.7369","-22.0127","2.9961","1.5039","null","null","null","90.7770","2225","5.7190",530942,453265,460026,467055,593700,488818,543063,452254,621453,457705,"54.7811","null","null","null","null","null","null","null",58,"4","Sinker",2,2,2,2,2,2,2,2,"Standard","Standard"
"CH","2018-07-25","84.7","3.4301","5.1056","Tony Watson",628338,453265,"null","ball",,,,,"12","null","R","R","L","SEA","SF","B","null","null",2,0,2018,"1.5592","0.7129","1.1626","2.6893","null","null","null",0,8,"Bot","null","null",,,460026,,"180725_223158","-8.2148","-122.8860","-0.6448","17.0770","24.4642","-25.2339","3.0191","1.5039","null","null","null","83.5520","2295","5.7070",530942,453265,460026,467055,593700,488818,543063,452254,621453,457705,"54.7926","null","null","null","null","null","null","null",58,"3","Changeup",2,2,2,2,2,2,2,2,"Standard","Standard"
"CH","2018-07-25","84.1","3.4747","5.0455","Tony Watson",628338,453265,"null","ball",,,,,"12","null","R","R","L","SEA","SF","B","null","null",1,0,2018,"1.5687","0.4513","1.3518","2.3967","null","null","null",0,8,"Bot","null","null",,,460026,,"180725_223141","-7.7847","-122.0516","-0.5518","16.7554","25.2498","-27.9768","3.0191","1.5039","null","null","null","82.4640","2180","5.4590",530942,453265,460026,467055,593700,488818,543063,452254,621453,457705,"55.0406","null","null","null","null","null","null","null",58,"2","Changeup",2,2,2,2,2,2,2,2,"Standard","Standard"
"CH","2018-07-25","84.9","3.5632","5.0818","Tony Watson",628338,453265,"null","ball",,,,,"12","null","R","R","L","SEA","SF","B","null","null",0,0,2018,"1.3989","0.7737","1.1620","2.5573","null","null","null",0,8,"Bot","null","null",,,460026,,"180725_223124","-8.1529","-123.1862","-1.0284","15.3924","24.4068","-24.6136","2.9501","1.4254","null","null","null","83.3020","2198","5.3860",530942,453265,460026,467055,593700,488818,543063,452254,621453,457705,"55.1136","null","null","null","null","null","null","null",58,"1","Changeup",2,2,2,2,2,2,2,2,"Standard","Standard"
"FF","2018-07-25","95.4","-1.4228","6.2711","Alex Colome",593700,517008,"null","ball",,,,,"14","null","R","L","R","SEA","SF","B","null","null",0,0,2018,"-0.3085","1.4578","0.5371","1.5201","null","null","621453.00",0,8,"Top","null","null",,,572287,,"180725_222205","5.7651","-138.4645","-9.9472","-5.1481","29.8866","-11.8173","3.3707","1.6782","null","null","null","94.4580","2054","5.8070",530942,517008,572287,592387,543829,572122,516416,452655,628338,571745,"54.6924","null","null","null","null","null","null","null",55,"1","4-Seam Fastball",2,2,2,2,2,2,2,2,"Strategic","Standard"
"FF","2018-07-25","95.5","-1.2498","6.3401","Alex Colome",621453,517008,"null","ball",,,,,"14","null","R","L","R","SEA","SF","B","null","null",2,1,2018,"-0.1965","1.5073","0.6941","1.4653","null","null","null",0,8,"Top","null","null",,,572287,,"180725_222053","5.4752","-138.6111","-10.3797","-3.6530","29.5445","-11.1248","3.4795","1.6553","null","null","null","94.4630","2121","5.7220",530942,517008,572287,592387,543829,572122,516416,452655,628338,571745,"54.7775","null","null","null","null","null","null","null",54,"4","4-Seam Fastball",2,2,2,2,2,2,2,2,"Standard","Standard"
"FF","2018-07-25","93.7","-1.3223","6.3529","Alex Colome",621453,517008,"null","ball",,,,,"13","null","R","L","R","SEA","SF","B","null","null",1,0,2018,"-0.7266","1.2224","-1.2033","2.4277","null","null","null",0,8,"Top","null","null",,,572287,,"180725_222002","1.8339","-136.3187","-6.9721","-9.2317","27.3015","-16.0982","3.4670","1.5890","null","null","null","92.7550","2002","5.5400",530942,517008,572287,592387,543829,572122,516416,452655,628338,571745,"54.9596","null","null","null","null","null","null","null",54,"2","4-Seam Fastball",2,2,2,2,2,2,2,2,"Standard","Standard"
"FF","2018-07-25","94.7","-1.5282","6.3188","Alex Colome",621453,517008,"null","ball",,,,,"13","null","R","L","R","SEA","SF","B","null","null",0,0,2018,"-0.3536","1.4805","-1.5771","2.4968","null","null","null",0,8,"Top","null","null",,,572287,,"180725_221942","0.6607","-137.8056","-7.6442","-4.6617","28.6050","-11.8468","3.4667","1.6323","null","null","null","95.0370","2062","6.3370",530942,517008,572287,592387,543829,572122,516416,452655,628338,571745,"54.1628","null","null","null","null","null","null","null",54,"1","4-Seam Fastball",2,2,2,2,2,2,2,2,"Standard","Standard"
"SL","2018-07-25","85.3","-2.0283","5.5004","Ray Black",572287,605143,"null","ball",,,,,"12","null","R","R","R","SEA","SF","B","null","null",0,0,2018,"1.0505","-0.1984","0.9806","3.1601","null","null","null",2,7,"Bot","null","null",,,460026,,"180725_221556","4.9582","-124.1047","1.1350","9.6537","23.8028","-34.6380","3.3183","1.5403","null","null","null","84.3610","3055","5.5910",530942,605143,460026,467055,593700,488818,543063,452254,621453,457705,"54.9091","null","null","null","null","null","null","null",53,"1","Slider",2,2,2,2,2,2,2,2,"Standard","Standard"
"FF","2018-07-25","99.2","-2.1928","5.4511","Ray Black",452655,605143,"null","ball",,,,,"11","null","R","L","R","SEA","SF","B","null","null",2,1,2018,"-0.1288","1.3867","-0.7229","4.2158","null","null","null",1,7,"Bot","null","null",,,460026,,"180725_221417","4.3066","-144.4712","-1.2234","-2.7156","30.6988","-12.7372","3.2723","1.6399","null","null","null","99.3270","2522","6.1180",530942,605143,460026,467055,593700,488818,543063,452254,621453,457705,"54.3819","null","null","null","null","null","null","null",52,"4","4-Seam Fastball",2,2,2,2,2,2,2,2,"Standard","Standard"
"CU","2018-07-25","78.1","-1.8331","5.6121","Ray Black",452655,605143,"null","ball",,,,,"11","null","R","L","R","SEA","SF","B","null","null",1,1,2018,"1.1237","-1.2674","-2.3234","2.8879","null","null","null",1,7,"Bot","null","null",,,460026,,"180725_221354","-3.0789","-113.4870","3.3789","10.1426","22.8057","-43.8497","3.3300","1.6400","null","null","null","77.2880","3145","6.0110",530942,605143,460026,467055,593700,488818,543063,452254,621453,457705,"54.4889","null","null","null","null","null","null","null",52,"3","Curveball",2,2,2,2,2,2,2,2,"Standard","Standard"
"CU","2018-07-25","78.5","-1.7867","5.6998","Ray Black",452655,605143,"null","ball",,,,,"11","null","R","L","R","SEA","SF","B","null","null",0,1,2018,"1.1806","-1.2943","-2.4922","4.6739","null","null","null",1,7,"Bot","null","null",,,460026,,"180725_221331","-3.6330","-113.9133","6.9585","10.7715","21.7139","-44.7981","3.3297","1.7012","null","null","null","77.5750","3132","5.8710",530942,605143,460026,467055,593700,488818,543063,452254,621453,457705,"54.6292","null","null","null","null","null","null","null",52,"2","Curveball",2,2,2,2,2,2,2,2,"Standard","Standard"
"FF","2018-07-25","98.3","-2.1401","5.3850","Ray Black",592387,605143,"null","called_strike",,,,,"1","null","R","R","R","SEA","SF","S","null","null",3,0,2018,"-0.5585","1.4731","-0.5869","3.0663","null","null","null",0,7,"Bot","null","null",,,460026,,"180725_221129","5.5000","-143.0068","-4.2277","-8.9086","32.5195","-11.2289","3.5255","1.6809","null","null","null","98.3630","2611","6.3070",530942,605143,460026,467055,593700,488818,543063,452254,621453,457705,"54.1927","null","null","null","null","null","null","null",51,"4","4-Seam Fastball",2,2,2,2,2,2,2,2,"Standard","Standard"
"FF","2018-07-25","97.4","-2.2862","5.3788","Ray Black",592387,605143,"null","ball",,,,,"12","null","R","R","R","SEA","SF","B","null","null",2,0,2018,"-0.4920","1.5071","0.1311","4.0949","null","null","null",0,7,"Bot","null","null",,,460026,,"180725_221109","7.5854","-141.6858","-1.3622","-8.2943","31.9653","-11.9235","3.5747","1.7242","null","null","null","97.1560","2608","6.1410",530942,605143,460026,467055,593700,488818,543063,452254,621453,457705,"54.3591","null","null","null","null","null","null","null",51,"3","4-Seam Fastball",2,2,2,2,2,2,2,2,"Standard","Standard"
"FF","2018-07-25","95.4","-2.2985","5.2183","Ray Black",592387,605143,"null","ball",,,,,"13","null","R","R","R","SEA","SF","B","null","null",1,0,2018,"-0.6678","1.3769","-1.2712","2.5346","null","null","null",0,7,"Bot","null","null",,,460026,,"180725_221048","4.2033","-138.9189","-4.5599","-9.5556","29.1629","-13.5363","3.5025","1.7702","null","null","null","95.7510","2478","6.3130",530942,605143,460026,467055,593700,488818,543063,452254,621453,457705,"54.1869","null","null","null","null","null","null","null",51,"2","4-Seam Fastball",2,2,2,2,2,2,2,2,"Standard","Standard"
"FF","2018-07-25","97.5","-2.1906","5.4174","Ray Black",592387,605143,"null","ball",,,,,"12","null","R","R","R","SEA","SF","B","null","null",0,0,2018,"-0.4681","1.2241","0.7378","4.2127","null","null","null",0,7,"Bot","null","null",,,460026,,"180725_221032","8.8672","-141.6899","-0.5013","-8.2025","31.3752","-15.9738","3.4795","1.7702","null","null","null","96.9610","2537","5.9870",530942,605143,460026,467055,593700,488818,543063,452254,621453,457705,"54.5128","null","null","null","null","null","null","null",51,"1","4-Seam Fastball",2,2,2,2,2,2,2,2,"Standard","Standard"
"FF","2018-07-25","95.7","-1.9620","5.9305","Juan Nicasio",460026,504379,"null","called_strike",,,,,"3","null","R","R","R","SEA","SF","S","null","null",2,1,2018,"-0.8927","1.2601","0.5240","2.9896","null","452254.00","null",2,7,"Top","null","null",,,572287,,"180725_220642","8.4295","-139.0196","-4.8875","-13.1692","29.1461","-15.2838","3.2262","1.5599","null","null","null","94.9140","2291","5.7830",530942,504379,572287,592387,543829,572122,516416,452655,628338,571745,"54.7171","null","null","null","null","null","null","null",50,"4","4-Seam Fastball",2,2,2,2,2,2,2,2,"Standard","Standard"
"FF","2018-07-25","96.2","-2.0660","5.8455","Juan Nicasio",460026,504379,"null","ball",,,,,"12","null","R","R","R","SEA","SF","B","null","null",1,1,2018,"-0.9077","1.4349","0.8350","2.5104","null","452254.00","null",2,7,"Top","null","null",,,572287,,"180725_220611","9.5815","-139.6541","-6.3705","-13.7042","29.3691","-12.5837","3.2492","1.5863","null","null","null","95.3070","2263","5.7560",530942,504379,572287,592387,543829,572122,516416,452655,628338,571745,"54.7434","null","null","null","null","null","null","null",50,"3","4-Seam Fastball",2,2,2,2,2,2,2,2,"Standard","Standard"
"SL","2018-07-25","90.6","-2.2381","5.9236","Juan Nicasio",460026,504379,"null","ball",,,,,"14","null","R","R","R","SEA","SF","B","null","null",0,1,2018,"-0.0577","0.6702","1.0884","1.1783","null","452254.00","null",2,7,"Top","null","null",,,572287,,"180725_220546","8.3133","-131.5372","-7.2764","-2.1661","23.8144","-23.3853","3.2492","1.5599","null","null","null","89.9480","2140","5.6900",530942,504379,572287,592387,543829,572122,516416,452655,628338,571745,"54.8095","null","null","null","null","null","null","null",50,"2","Slider",2,2,2,2,2,2,2,2,"Standard","Standard"
"FF","2018-07-25","96.8","-2.2220","5.8325","Juan Nicasio",460026,504379,"null","called_strike",,,,,"4","null","R","R","R","SEA","SF","S","null","null",0,0,2018,"-1.0192","1.2960","-0.8051","2.1554","null","452254.00","null",2,7,"Top","null","null",,,572287,,"180725_220522","5.9828","-140.6464","-7.0800","-14.5917","30.5256","-13.9683","3.2953","1.5599","null","null","null","95.9040","2296","5.7610",530942,504379,572287,592387,543829,572122,516416,452655,628338,571745,"54.7386","null","null","null","null","null","null","null",50,"1","4-Seam Fastball",2,2,2,2,2,2,2,2,"Standard","Standard"
"FF","2018-07-25","94.3","-1.8703","6.0157","Juan Nicasio",452254,504379,"null","ball",,,,,"12","null","R","R","R","SEA","SF","B","null","null",0,1,2018,"-0.8298","1.2699","1.2988","3.6464","null","543063.00","null",2,7,"Top","null","null",,,572287,,"180725_220332","9.9274","-136.9554","-3.2299","-12.2686","26.7396","-15.9498","3.2262","1.8162","null","null","null","93.7240","2146","5.8000",530942,504379,572287,592387,543829,572122,516416,452655,628338,571745,"54.7001","null","null","null","null","null","null","null",49,"2","4-Seam Fastball",2,1,1,2,1,2,1,2,"Standard","Standard"
"FF","2018-07-25","93.4","-2.2752","6.0288","Juan Nicasio",467055,504379,"null","called_strike",,,,,"1","null","R","L","R","SEA","SF","S","null","null",0,0,2018,"-0.9216","1.3774","-0.6468","3.1462","null","543063.00","null",1,7,"Top","null","null",,,572287,,"180725_220051","6.0849","-135.7071","-4.5775","-12.4229","28.1640","-14.7803","3.1572","1.5633","null","null","null","92.4090","2202","5.6650",530942,504379,572287,592387,543829,572122,516416,452655,628338,571745,"54.8343","null","null","null","null","null","null","null",48,"1","4-Seam Fastball",2,1,1,2,1,2,1,2,"Standard","Standard"
"KC","2018-07-25","79.4","-2.3130","5.1836","Mike Leake",543063,502190,"null","ball",,,,,"13","null","R","L","R","SEA","SF","B","null","null",0,0,2018,"1.1094","-0.8852","-1.0298","1.7052","488818.00","null","null",1,7,"Top","null","null",,,572287,,"180725_215628","0.8307","-115.3630","0.6981","9.1983","21.8818","-40.0762","3.4104","1.6093","null","null","null","77.0370","2572","4.7250",530942,502190,572287,592387,543829,572122,516416,452655,628338,571745,"55.7749","null","null","null","null","null","null","null",47,"1","Knuckle Curve",2,0,0,2,0,2,0,2,"Standard","Standard"
"SL","2018-07-25","78.9","-2.5424","4.9951","Mike Leake",457763,502190,"null","called_strike",,,,,"4","null","R","R","R","SEA","SF","S","null","null",0,0,2018,"0.5584","-0.1891","-0.4519","2.3700","null","488818.00","null",0,7,"Top","null","null",,,572287,,"180725_215522","3.4635","-114.6953","1.2817","4.1337","18.3294","-34.2287","3.3413","1.6093","null","null","null","76.9020","2330","4.6100",530942,502190,572287,592387,543829,572122,516416,452655,628338,571745,"55.8903","null","null","null","null","null","null","null",46,"1","Slider",2,0,0,2,0,2,0,2,"Standard","Standard"
"SI","2018-07-25","93.2","2.7055","5.8754","Derek Holland",572122,502706,"null","called_strike",,,,,"4","null","R","L","L","SEA","SF","S","null","null",0,1,2018,"1.2520","1.1146","-0.3553","2.6214","null","null","443558.00",2,6,"Bot","null","null",,,460026,,"180725_214855","-10.5681","-135.3088","-5.0316","17.5442","27.3329","-17.6422","3.3797","1.5173","null","null","null","93.2100","2397","6.2560",530942,502706,460026,474832,593700,467055,543063,452254,621453,457705,"54.2434","null","null","null","null","null","null","null",44,"2","Sinker",2,0,2,0,0,2,2,0,"Infield shift","Standard"
"SI","2018-07-25","92.9","2.9353","5.9386","Derek Holland",443558,502706,"walk","ball",,,,,"12","Nelson Cruz walks.  ","R","R","L","SEA","SF","B","null","null",3,2,2018,"1.0325","1.3260","0.5601","4.1302","null","null","null",2,6,"Bot","null","null",,,460026,,"180725_214721","-8.3381","-135.0815","-1.7783","14.3783","27.1739","-15.7038","3.5716","1.6999","null","null","null","93.1920","2356","6.3330",530942,502706,460026,474832,593700,467055,543063,452254,621453,457705,"54.1668","null","null","0.70",1,0,0,"null",43,"6","Sinker",2,0,2,0,0,2,2,0,"Infield shift","Standard"
"SL","2018-07-25","82.5","3.1386","5.8846","Derek Holland",443558,502706,"null","ball",,,,,"13","null","R","R","L","SEA","SF","B","null","null",2,1,2018,"0.3076","0.8884","-0.6003","0.9112","null","null","null",2,6,"Bot","null","null",,,460026,,"180725_214633","-8.8932","-119.4310","-6.2320","4.6802","24.7447","-22.9665","3.5485","1.6999","null","null","null","80.6050","2119","5.4540",530942,502706,460026,474832,593700,467055,543063,452254,621453,457705,"55.0458","null","null","null","null","null","null","null",43,"4","Slider",2,0,2,0,0,2,2,0,"Infield shift","Standard"
"SI","2018-07-25","92.3","2.9850","5.9653","Derek Holland",443558,502706,"null","ball",,,,,"11","null","R","R","L","SEA","SF","B","null","null",1,1,2018,"0.8697","1.2872","-1.3716","2.7065","null","null","null",2,6,"Bot","null","null",,,460026,,"180725_214614","-12.8266","-133.7276","-5.1951","12.8586","25.6479","-15.9941","3.5716","1.6999","null","null","null","91.8640","2408","6.0220",530942,502706,460026,474832,593700,467055,543063,452254,621453,457705,"54.4783","null","null","null","null","null","null","null",43,"3","Sinker",2,0,2,0,0,2,2,0,"Infield shift","Standard"
"SI","2018-07-25","93.5","2.8187","5.9065","Derek Holland",443558,502706,"null","ball",,,,,"7","null","R","R","L","SEA","SF","B","null","null",0,1,2018,"0.8345","1.2926","-0.6944","2.1081","null","null","null",2,6,"Bot","null","null",,,460026,,"180725_214553","-10.8319","-135.6366","-6.8524","12.4892","27.2582","-15.0279","3.3199","1.5641","null","null","null","93.3960","2370","6.2170",530942,502706,460026,474832,593700,467055,543063,452254,621453,457705,"54.2827","null","null","null","null","null","null","null",43,"2","Sinker",2,0,2,0,0,2,2,0,"Infield shift","Standard"
"SI","2018-07-25","92.4","2.9386","5.9552","Derek Holland",516416,502706,"null","ball",,,,,"12","null","R","R","L","SEA","SF","B","null","null",0,2,2018,"1.1372","1.1704","1.1036","3.6296","null","null","null",0,6,"Bot","null","null",,,460026,,"180725_214219","-7.1242","-134.3775","-2.6563","15.2388","27.9027","-17.6732","3.0881","1.5199","null","null","null","92.4050","2359","6.2310",530942,502706,460026,474832,593700,467055,543063,452254,621453,457705,"54.2687","null","null","null","null","null","null","null",41,"3","Sinker",2,0,2,0,0,2,2,0,"Standard","Standard"
"KC","2018-07-25","79.3","2.9319","6.1079","Derek Holland",516416,502706,"null","called_strike",,,,,"3","null","R","R","L","SEA","SF","S","null","null",0,1,2018,"-0.2649","-0.1000","0.7568","3.0484","null","null","null",0,6,"Bot","null","null",,,460026,,"180725_214200","-4.2190","-115.2593","0.2725","-1.5253","21.3864","-33.3440","3.0881","1.5199","null","null","null","78.3700","2160","5.6950",530942,502706,460026,474832,593700,467055,543063,452254,621453,457705,"54.8047","null","null","null","null","null","null","null",41,"2","Knuckle Curve",2,0,2,0,0,2,2,0,"Standard","Standard"
"CH","2018-07-25","82.2","2.8306","5.9959","Derek Holland",516416,502706,"null","called_strike",,,,,"9","null","R","R","L","SEA","SF","S","null","null",0,0,2018,"1.1870","1.0211","0.4205","1.8390","null","null","null",0,6,"Bot","null","null",,,460026,,"180725_214144","-7.6033","-119.4221","-4.7724","12.5285","21.6651","-21.9513","3.1342","1.6093","null","null","null","81.3890","2132","5.6990",530942,502706,460026,474832,593700,467055,543063,452254,621453,457705,"54.8013","null","null","null","null","null","null","null",41,"1","Changeup",2,0,2,0,0,2,2,0,"Standard","Standard"
"FC","2018-07-25","86.7","-2.4835","4.9769","Mike Leake",457705,502190,"null","called_strike",,,,,"12","null","R","R","R","SEA","SF","S","null","null",2,0,2018,"0.1814","0.4458","0.9924","2.7248","452254.00","460026.00","null",2,6,"Top","null","null",,,572287,,"180725_213742","7.7346","-125.7724","-0.0503","0.3294","24.5501","-27.9188","3.3183","1.6699","null","null","null","84.5130","1948","4.9500",530942,502190,572287,592387,543829,572122,516416,452655,628338,571745,"55.5494","null","null","null","null","null","null","null",40,"3","Cutter",2,0,0,2,0,2,0,2,"Standard","Standard"
"SI","2018-07-25","90.5","-2.2261","5.1953","Mike Leake",457705,502190,"null","ball",,,,,"13","null","R","R","R","SEA","SF","B","null","null",1,0,2018,"-0.9838","0.3610","-1.2200","2.3968","452254.00","460026.00","null",2,6,"Top","null","null",,,572287,,"180725_213715","4.4176","-131.6380","-1.8317","-11.9044","23.9601","-28.0025","3.3643","1.7472","null","null","null","89.1980","1914","5.1900",530942,502190,572287,592387,543829,572122,516416,452655,628338,571745,"55.3101","null","null","null","null","null","null","null",40,"2","Sinker",2,0,0,2,0,2,0,2,"Standard","Standard"
"FC","2018-07-25","87.7","-2.4602","5.0531","Mike Leake",457705,502190,"null","ball",,,,,"12","null","R","R","R","SEA","SF","B","null","null",0,0,2018,"0.1032","0.4064","1.1877","2.6751","452254.00","460026.00","null",2,6,"Top","null","null",,,572287,,"180725_213652","8.3850","-127.2419","-0.3852","-0.6696","26.3855","-28.1705","3.3185","1.7014","null","null","null","85.4100","2187","4.9980",530942,502190,572287,592387,543829,572122,516416,452655,628338,571745,"55.5018","null","null","null","null","null","null","null",40,"1","Cutter",2,0,0,2,0,2,0,2,"Standard","Standard"
"CH","2018-07-25","83.8","-2.4193","5.0286","Mike Leake",593700,502190,"null","ball",,,,,"13","null","R","L","R","SEA","SF","B","null","null",0,2,2018,"-0.9024","-0.1229","-1.1522","1.0165","452254.00","460026.00","null",1,6,"Top","null","null",,,572287,,"180725_213549","4.5790","-121.9410","-2.6618","-9.6094","21.2862","-33.1390","3.3185","1.6554","null","null","null","82.9810","1500","5.4950",530942,502190,572287,592387,543829,572122,516416,452655,628338,571745,"55.0049","null","null","null","null","null","null","null",39,"3","Changeup",2,0,0,2,0,2,0,2,"Standard","Standard"
"SI","2018-07-25","88.2","-2.3501","5.1393","Mike Leake",460026,502190,"null","ball",,,,,"6","null","R","R","R","SEA","SF","B","null","null",1,0,2018,"-0.9434","0.4893","0.8292","2.4865","null","null","452254.00",0,6,"Top","null","null",,,572287,,"180725_212857","9.3622","-127.9194","-1.3131","-11.7759","24.4819","-27.0018","3.2736","1.4962","null","null","null","86.3580","1999","5.1370",530942,502190,572287,592387,543829,572122,516416,452655,628338,571745,"55.3632","null","null","null","null","null","null","null",37,"2","Sinker",2,0,0,2,0,2,0,2,"Strategic","Standard"
"FC","2018-07-25","86.0","-2.5738","5.0791","Mike Leake",460026,502190,"null","ball",,,,,"14","null","R","R","R","SEA","SF","B","null","null",0,0,2018,"0.3134","0.5236","1.6712","2.3687","null","null","452254.00",0,6,"Top","null","null",,,572287,,"180725_212821","9.1953","-124.8035","-1.2022","1.5078","22.1765","-26.9669","3.3877","1.5407","null","null","null","84.0520","2170","4.9020",530942,502190,572287,592387,543829,572122,516416,452655,628338,571745,"55.5978","null","null","null","null","null","null","null",37,"1","Cutter",2,0,0,2,0,2,0,2,"Standard","Standard"
"SL","2018-07-25","78.5","-2.7400","5.0159","Mike Leake",452254,502190,"null","called_strike",,,,,"4","null","R","R","R","SEA","SF","S","null","null",0,0,2018,"0.5372","0.1006","-0.6488","2.2665","null","null","null",0,6,"Top","null","null",,,572287,,"180725_212724","3.4888","-114.2199","0.5336","4.0001","16.4301","-31.6444","3.2726","1.6096","null","null","null","76.8730","2274","4.6430",530942,502190,572287,592387,543829,572122,516416,452655,628338,571745,"55.8572","null","null","null","null","null","null","null",36,"1","Slider",2,0,0,2,0,2,0,2,"Standard","Standard"
"SI","2018-07-25","93.5","2.8366","5.9560","Derek Holland",543829,502706,"null","ball",,,,,"11","null","R","L","L","SEA","SF","B","null","null",1,1,2018,"1.1865","1.5460","-0.1896","3.9901","null","null","null",2,5,"Bot","null","null",,,460026,,"180725_212446","-10.3379","-135.6597","-2.6319","16.8608","30.9987","-12.9156","3.3001","1.6096","null","null","null","92.8290","2446","6.1540",530942,502706,460026,474832,593700,467055,543063,452254,621453,457705,"54.3462","null","null","null","null","null","null","null",35,"3","Sinker",2,0,2,0,0,2,2,0,"Strategic","Standard"
"SI","2018-07-25","92.7","2.8829","5.9210","Derek Holland",543829,502706,"null","ball",,,,,"11","null","R","L","L","SEA","SF","B","null","null",0,0,2018,"1.0144","1.2560","-1.0680","2.8578","null","null","null",2,5,"Bot","null","null",,,460026,,"180725_212408","-12.2114","-134.4058","-4.7153","14.7364","27.2600","-16.2482","3.3647","1.5177","null","null","null","92.3550","2404","6.1400",530942,502706,460026,474832,593700,467055,543063,452254,621453,457705,"54.3601","null","null","null","null","null","null","null",35,"1","Sinker",2,0,2,0,0,2,2,0,"Strategic","Standard"
"SI","2018-07-25","92.5","2.8104","6.0253","Derek Holland",572287,502706,"null","called_strike",,,,,"2","null","R","R","L","SEA","SF","S","null","null",3,0,2018,"0.9544","1.0782","-0.1318","3.1640","null","null","null",0,5,"Bot","null","null",,,460026,,"180725_212214","-9.4642","-134.2955","-3.7811","13.3532","27.1257","-18.7034","3.2956","1.5637","null","null","null","91.9700","2445","5.9470",530942,502706,460026,474832,593700,467055,543063,452254,621453,457705,"54.5525","null","null","null","null","null","null","null",33,"4","Sinker",2,0,2,0,0,2,2,0,"Infield shift","Standard"
"CH","2018-07-25","84.0","2.9794","5.9168","Derek Holland",572287,502706,"null","ball",,,,,"14","null","R","R","L","SEA","SF","B","null","null",2,0,2018,"0.9701","1.1060","1.3442","2.3440","null","null","null",0,5,"Bot","null","null",,,460026,,"180725_212157","-5.6101","-122.1684","-3.9894","10.6266","23.6927","-20.7641","3.3647","1.5177","null","null","null","83.2660","2156","5.7970",530942,502706,460026,474832,593700,467055,543063,452254,621453,457705,"54.7025","null","null","null","null","null","null","null",33,"3","Changeup",2,0,2,0,0,2,2,0,"Infield shift","Standard"
"SL","2018-07-25","80.5","2.8913","6.0241","Derek Holland",572287,502706,"null","ball",,,,,"14","null","R","R","L","SEA","SF","B","null","null",1,0,2018,"-0.0202","0.1130","0.0537","0.0326","null","null","null",0,5,"Bot","null","null",,,460026,,"180725_212123","-6.1972","-116.8360","-6.6362","1.1649","25.3556","-30.0002","3.3186","1.6096","null","null","null","79.2430","2138","5.9060",530942,502706,460026,474832,593700,467055,543063,452254,621453,457705,"54.5939","null","null","null","null","null","null","null",33,"2","Slider",2,0,2,0,0,2,2,0,"Infield shift","Standard"
"SI","2018-07-25","91.0","2.7945","5.9893","Derek Holland",572287,502706,"null","ball",,,,,"13","null","R","R","L","SEA","SF","B","null","null",0,0,2018,"0.9780","1.3289","-1.0838","2.2157","null","null","null",0,5,"Bot","null","null",,,460026,,"180725_212110","-11.7727","-131.9125","-6.3628","13.8074","26.5724","-15.5589","3.3417","1.5867","null","null","null","90.8480","2369","6.2900",530942,502706,460026,474832,593700,467055,543063,452254,621453,457705,"54.2098","null","null","null","null","null","null","null",33,"1","Sinker",2,0,2,0,0,2,2,0,"Infield shift","Standard"
"SI","2018-07-25","87.5","-2.7872","4.9097","Mike Leake",467055,502190,"null","called_strike",,,,,"7","null","R","L","R","SEA","SF","S","null","null",0,0,2018,"-1.1562","0.3914","-0.4610","1.8950","null","null","null",2,5,"Top","null","null",,,572287,,"180725_211725","7.7472","-127.2460","-1.9753","-13.5825","21.5431","-27.9067","3.2496","1.5867","null","null","null","86.5290","1996","5.3180",530942,502190,572287,592387,543829,572122,516416,452655,628338,571745,"55.1822","null","null","null","null","null","null","null",32,"1","Sinker",2,0,0,2,0,2,0,2,"Strategic","Standard"
"FC","2018-07-25","85.2","-2.5382","5.1040","Mike Leake",457763,502190,"null","ball",,,,,"14","null","R","R","R","SEA","SF","B","null","null",0,1,2018,"0.0802","0.8752","1.0930","2.1179","null","null","null",0,5,"Top","null","null",,,572287,,"180725_211516","8.1217","-123.8207","-2.4114","-0.4860","19.4751","-23.3989","3.3649","1.5868","null","null","null","83.3990","2198","4.7010",530942,502190,572287,592387,543829,572122,516416,452655,628338,571745,"55.7993","null","null","null","null","null","null","null",30,"2","Cutter",2,0,0,2,0,2,0,2,"Standard","Standard"
"SI","2018-07-25","86.8","-2.4070","5.0943","Mike Leake",457763,502190,"null","called_strike",,,,,"5","null","R","R","R","SEA","SF","S","null","null",0,0,2018,"-1.0310","0.2729","0.2191","2.3381","null","null","null",0,5,"Top","null","null",,,572287,,"180725_211503","8.0997","-126.1027","-1.0417","-11.9948","19.8456","-29.3863","3.3879","1.6328","null","null","null","85.6590","1902","5.1470",530942,502190,572287,592387,543829,572122,516416,452655,628338,571745,"55.3531","null","null","null","null","null","null","null",30,"1","Sinker",2,0,0,2,0,2,0,2,"Standard","Standard"
"SI","2018-07-25","92.7","2.7506","5.9359","Derek Holland",452655,502706,"null","called_strike",,,,,"3","null","R","L","L","SEA","SF","S","null","null",3,1,2018,"1.3520","1.1121","0.4730","2.6467","null","null","592387.00",2,4,"Bot","null","null",,,460026,,"180725_211212","-8.6335","-134.6842","-5.0004","17.9735","25.5579","-17.9980","3.1117","1.5868","null","null","null","92.3420","2417","5.8800",530942,502706,460026,474832,593700,467055,543063,452254,621453,457705,"54.6198","null","null","null","null","null","null","null",29,"5","Sinker",2,0,2,0,0,2,2,0,"Standard","Standard"
"SI","2018-07-25","91.4","2.7340","5.9703","Derek Holland",452655,502706,"null","called_strike",,,,,"8","null","R","L","L","SEA","SF","S","null","null",3,0,2018,"1.2812","1.2938","-0.1008","1.8493","null","null","592387.00",2,4,"Bot","null","null",,,460026,,"180725_211152","-9.7716","-132.6524","-7.2079","16.9228","25.7757","-15.8145","3.0657","1.5868","null","null","null","90.9690","2410","5.9690",530942,502706,460026,474832,593700,467055,543063,452254,621453,457705,"54.5312","null","null","null","null","null","null","null",29,"4","Sinker",2,0,2,0,0,2,2,0,"Standard","Standard"
"SI","2018-07-25","92.3","2.6291","6.0758","Derek Holland",452655,502706,"null","ball",,,,,"12","null","R","L","L","SEA","SF","B","null","null",2,0,2018,"0.9897","1.3846","0.4157","4.1338","null","null","592387.00",2,4,"Bot","null","null",,,460026,,"180725_211129","-7.7438","-134.2616","-2.1406","13.5041","26.8200","-15.2258","3.2728","1.6788","null","null","null","92.3420","2414","6.1620",530942,502706,460026,474832,593700,467055,543063,452254,621453,457705,"54.3378","null","null","null","null","null","null","null",29,"3","Sinker",2,0,2,0,0,2,2,0,"Standard","Standard"
"SI","2018-07-25","92.2","2.8096","5.9279","Derek Holland",452655,502706,"null","ball",,,,,"12","null","R","L","L","SEA","SF","B","null","null",1,0,2018,"1.2989","0.7025","1.7277","2.5340","null","null","592387.00",2,4,"Bot","null","null",,,460026,,"180725_211107","-5.5404","-134.1603","-4.3626","16.7933","26.0829","-23.0257","3.1577","1.6328","null","null","null","92.4230","2250","6.1990",530942,502706,460026,474832,593700,467055,543063,452254,621453,457705,"54.3011","null","null","null","null","null","null","null",29,"2","Sinker",2,0,2,0,0,2,2,0,"Standard","Standard"
"SI","2018-07-25","91.9","2.8151","5.9851","Derek Holland",452655,502706,"null","ball",,,,,"4","null","R","L","L","SEA","SF","B","null","null",0,0,2018,"1.3677","1.0329","-0.5458","2.6299","null","null","592387.00",2,4,"Bot","null","null",,,460026,,"180725_211040","-11.2142","-133.2906","-4.7850","18.1689","25.3469","-19.3758","3.2290","1.4976","null","null","null","90.9480","2386","5.6380",530942,502706,460026,474832,593700,467055,543063,452254,621453,457705,"54.8620","null","null","null","null","null","null","null",29,"1","Sinker",2,0,2,0,0,2,2,0,"Standard","Standard"
"SL","2018-07-25","83.5","3.0928","5.8613","Derek Holland",592387,502706,"null","ball",,,,,"13","null","R","R","L","SEA","SF","B","null","null",0,2,2018,"0.1315","0.2562","-0.5998","0.9193","null","null","null",2,4,"Bot","null","null",,,460026,,"180725_210859","-8.6785","-121.2333","-5.3822","2.9339","23.0864","-28.8816","3.5030","1.6558","null","null","null","82.8960","2320","5.9530",530942,502706,460026,474832,593700,467055,543063,452254,621453,457705,"54.5465","null","null","null","null","null","null","null",28,"3","Slider",2,0,2,0,0,2,2,0,"Strategic","Standard"
"SI","2018-07-25","94.2","2.8854","5.9243","Derek Holland",592387,502706,"null","called_strike",,,,,"6","null","R","R","L","SEA","SF","S","null","null",0,0,2018,"0.9718","1.2294","0.3874","2.7847","null","null","null",2,4,"Bot","null","null",,,460026,,"180725_210807","-8.6060","-136.9469","-5.1579","14.0233","29.0806","-15.8644","3.5260","1.6328","null","null","null","94.1040","2451","6.1990",530942,502706,460026,474832,593700,467055,543063,452254,621453,457705,"54.3009","null","null","null","null","null","null","null",28,"1","Sinker",2,0,2,0,0,2,2,0,"Strategic","Standard"
"KC","2018-07-25","79.6","2.7834","6.1359","Derek Holland",572122,502706,"null","ball",,,,,"7","null","R","L","L","SEA","SF","B","null","null",0,0,2018,"-0.3073","-0.1204","-0.4329","1.4178","null","null","null",1,4,"Bot","null","null",,,460026,,"180725_210637","-6.3579","-115.5491","-3.2872","-1.4480","21.7366","-32.8675","3.2498","1.4719","null","null","null","77.8400","2256","5.1990",530942,502706,460026,474832,593700,467055,543063,452254,621453,457705,"55.3008","null","null","null","null","null","null","null",27,"1","Knuckle Curve",2,0,2,0,0,2,2,0,"Infield shift","Standard"
"SI","2018-07-25","92.6","2.8722","6.0152","Derek Holland",443558,502706,"null","called_strike",,,,,"1","null","R","R","L","SEA","SF","S","null","null",0,0,2018,"0.8279","1.3253","-0.5735","3.3001","null","null","null",0,4,"Bot","null","null",,,460026,,"180725_210535","-10.5165","-134.4114","-3.9459","12.2034","28.7795","-15.6246","3.5490","1.7004","null","null","null","92.0810","2414","6.0900",530942,502706,460026,474832,593700,467055,543063,452254,621453,457705,"54.4102","null","null","null","null","null","null","null",26,"1","Sinker",2,0,2,0,0,2,2,0,"Infield shift","Standard"
"SL","2018-07-25","78.5","-2.7152","4.9800","Mike Leake",457705,502190,"null","called_strike",,,,,"14","null","R","R","R","SEA","SF","S","null","null",1,1,2018,"0.7066","-0.0890","0.1358","1.4830","null","null","null",1,4,"Top","null","null",,,572287,,"180725_210159","4.7947","-114.0281","-0.5309","4.9389","21.5620","-33.1091","3.2982","1.6816","null","null","null","76.3030","2254","4.8620",530942,502190,572287,592387,543829,572122,516416,452655,628338,571745,"55.6378","null","null","null","null","null","null","null",24,"3","Slider",2,0,0,2,0,2,0,2,"Standard","Standard"
"SI","2018-07-25","89.6","-2.5132","5.1312","Mike Leake",457705,502190,"null","called_strike",,,,,"7","null","R","R","R","SEA","SF","S","null","null",1,0,2018,"-0.9824","0.3735","-0.4664","1.9965","null","null","null",1,4,"Top","null","null",,,572287,,"180725_210147","6.8947","-130.2774","-2.5255","-12.1257","23.8814","-27.8187","3.2728","1.7707","null","null","null","88.2980","1890","5.2370",530942,502190,572287,592387,543829,572122,516416,452655,628338,571745,"55.2631","null","null","null","null","null","null","null",24,"2","Sinker",2,0,0,2,0,2,0,2,"Standard","Standard"
"SI","2018-07-25","89.3","-2.4451","5.0462","Mike Leake",457705,502190,"null","ball",,,,,"14","null","R","R","R","SEA","SF","B","null","null",0,0,2018,"-1.0165","0.1576","1.4654","0.8166","null","null","null",1,4,"Top","null","null",,,572287,,"180725_210134","11.4077","-129.5012","-4.6666","-13.1489","22.8737","-29.8533","3.3188","1.7018","null","null","null","87.8940","1870","5.2560",530942,502190,572287,592387,543829,572122,516416,452655,628338,571745,"55.2443","null","null","null","null","null","null","null",24,"1","Sinker",2,0,0,2,0,2,0,2,"Standard","Standard"
"KC","2018-07-25","77.4","-2.4882","5.3396","Mike Leake",593700,502190,"null","ball",,,,,"14","null","R","L","R","SEA","SF","B","null","null",1,1,2018,"1.1604","-0.4689","0.9329","0.4693","null","null","null",0,4,"Top","null","null",,,572287,,"180725_210041","5.1479","-112.4200","-2.5749","8.4008","20.0695","-35.7732","3.3418","1.6788","null","null","null","75.1920","2636","4.7380",530942,502190,572287,592387,543829,572122,516416,452655,628338,571745,"55.7621","null","null","null","null","null","null","null",23,"3","Knuckle Curve",2,0,0,2,0,2,0,2,"Strategic","Standard"
"FC","2018-07-25","85.8","-2.6230","5.0226","Mike Leake",593700,502190,"null","ball",,,,,"14","null","R","L","R","SEA","SF","B","null","null",0,1,2018,"-0.0150","0.7589","1.7253","2.1932","null","null","null",0,4,"Top","null","null",,,572287,,"180725_210027","10.0529","-124.4620","-1.8968","-1.9066","21.7418","-24.4624","3.4339","1.7477","null","null","null","84.1540","2012","5.0970",530942,502190,572287,592387,543829,572122,516416,452655,628338,571745,"55.4029","null","null","null","null","null","null","null",23,"2","Cutter",2,0,0,2,0,2,0,2,"Strategic","Standard"
"KC","2018-07-25","78.8","2.8809","6.1408","Derek Holland",571745,502706,"null","ball",,,,,"14","null","R","R","L","SEA","SF","B","null","null",2,0,2018,"-0.5055","-0.3048","0.8754","1.2990","null","543829.00","null",2,3,"Bot","null","null",,,460026,,"180725_205707","-3.3877","-114.5500","-3.1376","-3.7243","19.7628","-34.4830","3.1807","1.5639","null","null","null","77.5130","2255","5.2820",530942,502706,460026,474832,593700,467055,543063,452254,621453,457705,"55.2180","null","null","null","null","null","null","null",22,"3","Knuckle Curve",2,0,2,0,0,2,2,0,"Strategic","Standard"
"SL","2018-07-25","81.1","3.0834","5.9446","Derek Holland",571745,502706,"null","ball",,,,,"13","null","R","R","L","SEA","SF","B","null","null",1,0,2018,"-0.1252","0.1614","-1.0581","1.6050","null","543829.00","null",2,3,"Bot","null","null",,,460026,,"180725_205639","-8.9140","-117.8408","-3.4038","0.3274","19.5528","-30.3418","3.2498","1.5894","null","null","null","80.5500","2225","5.7110",530942,502706,460026,474832,593700,467055,543063,452254,621453,457705,"54.7884","null","null","null","null","null","null","null",22,"2","Slider",2,0,2,0,0,2,2,0,"Strategic","Standard"
"SI","2018-07-25","92.9","2.8110","5.9932","Derek Holland",571745,502706,"null","ball",,,,,"11","null","R","R","L","SEA","SF","B","null","null",0,0,2018,"0.9788","1.1171","-1.3582","2.6832","null","543829.00","null",2,3,"Bot","null","null",,,460026,,"180725_205617","-12.6367","-134.5378","-4.9825","14.4766","29.5596","-17.9652","3.2728","1.5868","null","null","null","91.8070","2364","5.9280",530942,502706,460026,474832,593700,467055,543063,452254,621453,457705,"54.5717","null","null","null","null","null","null","null",22,"1","Sinker",2,0,2,0,0,2,2,0,"Strategic","Standard"
"SI","2018-07-25","90.7","2.7441","6.0550","Derek Holland",516416,502706,"null","ball",,,,,"11","null","R","R","L","SEA","SF","B","null","null",0,1,2018,"1.0020","1.1917","-0.8662","2.5884","null","null","543829.00",1,3,"Bot","null","null",,,460026,,"180725_205353","-11.0088","-131.4816","-5.1716","13.7177","26.7598","-17.6991","2.9968","1.5206","null","null","null","89.8860","2387","5.9110",530942,502706,460026,474832,593700,467055,543063,452254,621453,457705,"54.5887","null","null","null","null","null","null","null",21,"2","Sinker",2,0,2,0,0,2,2,0,"Standard","Standard"
"SI","2018-07-25","91.4","2.8657","6.0345","Derek Holland",516416,502706,"null","called_strike",,,,,"5","null","R","R","L","SEA","SF","S","null","null",0,0,2018,"1.2997","0.9997","-0.1463","2.4360","null","null","543829.00",1,3,"Bot","null","null",,,460026,,"180725_205333","-10.2756","-132.6054","-5.2837","17.2923","26.3087","-19.6055","3.0658","1.5640","null","null","null","91.0070","2210","6.0550",530942,502706,460026,474832,593700,467055,543063,452254,621453,457705,"54.4451","null","null","null","null","null","null","null",21,"1","Sinker",2,0,2,0,0,2,2,0,"Standard","Standard"
"SI","2018-07-25","93.1","2.7148","5.9411","Derek Holland",543829,502706,"null","called_strike",,,,,"4","null","R","L","L","SEA","SF","S","null","null",0,0,2018,"0.8840","1.2094","-0.7594","2.2371","null","null","null",1,3,"Bot","null","null",,,460026,,"180725_205223","-10.8695","-135.1010","-6.4202","13.0913","26.6563","-16.1189","3.3652","1.6102","null","null","null","93.5180","2454","6.4770",530942,502706,460026,474832,593700,467055,543063,452254,621453,457705,"54.0228","null","null","null","null","null","null","null",20,"1","Sinker",2,0,2,0,0,2,2,0,"Strategic","Standard"
"SL","2018-07-25","81.1","2.9352","6.0651","Derek Holland",628338,502706,"null","ball",,,,,"13","null","R","R","L","SEA","SF","B","null","null",1,2,2018,"-0.0638","-0.0373","-1.6389","0.6476","null","null","null",0,3,"Bot","null","null",,,460026,,"180725_205120","-10.0251","-117.6501","-5.3928","1.1414","20.3206","-31.7976","2.9740","1.5048","null","null","null","80.7720","2259","6.0360",530942,502706,460026,474832,593700,467055,543063,452254,621453,457705,"54.4643","null","null","null","null","null","null","null",19,"5","Slider",2,0,2,0,0,2,2,0,"Standard","Standard"
"SI","2018-07-25","93.0","2.9271","5.9498","Derek Holland",628338,502706,"null","ball",,,,,"11","null","R","R","L","SEA","SF","B","null","null",0,2,2018,"1.1205","1.2476","-0.8386","3.8470","null","null","null",0,3,"Bot","null","null",,,460026,,"180725_205104","-11.9994","-134.8973","-2.3035","16.0653","27.4834","-16.7519","3.0660","1.5048","null","null","null","92.6180","2496","6.0970",530942,502706,460026,474832,593700,467055,543063,452254,621453,457705,"54.4030","null","null","null","null","null","null","null",19,"4","Sinker",2,0,2,0,0,2,2,0,"Standard","Standard"
"KC","2018-07-25","77.9","2.8562","6.1763","Derek Holland",628338,502706,"null","called_strike",,,,,"12","null","R","R","L","SEA","SF","S","null","null",0,0,2018,"-0.3485","-0.3276","0.9796","2.8371","null","null","null",0,3,"Bot","null","null",,,460026,,"180725_205000","-3.3603","-113.3667","0.2671","-2.3325","19.9757","-35.2202","3.0890","1.5183","null","null","null","76.9120","2187","5.4940",530942,502706,460026,474832,593700,467055,543063,452254,621453,457705,"55.0059","null","null","null","null","null","null","null",19,"1","Knuckle Curve",2,0,2,0,0,2,2,0,"Standard","Standard"
"KC","2018-07-25","77.1","-2.5468","5.2578","Mike Leake",621453,502190,"null","called_strike",,,,,"4","null","R","L","R","SEA","SF","S","null","null",0,0,2018,"1.3903","-0.1833","-0.4151","2.8545","null","null","null",2,3,"Top","null","null",,,572287,,"180725_204707","2.0870","-111.9977","2.1221","10.6869","20.6022","-34.3247","3.4676","1.6562","null","null","null","74.8580","2545","4.7750",530942,502190,572287,592387,543829,572122,516416,452655,628338,571745,"55.7250","null","null","null","null","null","null","null",18,"1","Knuckle Curve",2,0,0,2,0,2,0,2,"Standard","Standard"
"SI","2018-07-25","87.1","-2.6946","5.0014","Mike Leake",452254,502190,"null","called_strike",,,,,"9","null","R","R","R","SEA","SF","S","null","null",3,1,2018,"-1.1168","0.0930","0.6013","2.1131","null","null","null",0,3,"Top","null","null",,,572287,,"180725_204532","9.8149","-126.3661","-0.9998","-13.2269","21.4971","-31.2783","3.2731","1.7251","null","null","null","85.4230","1969","5.0070",530942,502190,572287,592387,543829,572122,516416,452655,628338,571745,"55.4927","null","null","null","null","null","null","null",16,"5","Sinker",2,0,0,2,0,2,0,2,"Standard","Standard"
"FC","2018-07-25","85.7","-2.6873","5.0310","Mike Leake",452254,502190,"null","ball",,,,,"14","null","R","R","R","SEA","SF","B","null","null",2,1,2018,"0.2063","0.7652","1.9478","1.8170","null","null","null",0,3,"Top","null","null",,,572287,,"180725_204519","10.2225","-124.2737","-2.7316","0.2172","22.1391","-24.3892","3.3192","1.6791","null","null","null","83.4450","2173","4.7460",530942,502190,572287,592387,543829,572122,516416,452655,628338,571745,"55.7539","null","null","null","null","null","null","null",16,"4","Cutter",2,0,0,2,0,2,0,2,"Standard","Standard"
"SL","2018-07-25","78.4","-2.7120","4.9901","Mike Leake",452254,502190,"null","ball",,,,,"14","null","R","R","R","SEA","SF","B","null","null",1,0,2018,"0.4524","-0.1438","1.5209","0.2288","null","null","null",0,3,"Top","null","null",,,572287,,"180725_204427","8.1020","-113.7681","-3.1091","2.3229","19.7919","-33.1010","3.2961","1.7021","null","null","null","76.2190","2359","4.7500",530942,502190,572287,592387,543829,572122,516416,452655,628338,571745,"55.7498","null","null","null","null","null","null","null",16,"2","Slider",2,0,0,2,0,2,0,2,"Standard","Standard"
"SI","2018-07-25","86.7","-2.5641","5.0860","Mike Leake",452254,502190,"null","ball",,,,,"14","null","R","R","R","SEA","SF","B","null","null",0,0,2018,"-1.4761","0.2995","1.2636","0.9685","null","null","null",0,3,"Top","null","null",,,572287,,"180725_204416","11.6354","-125.4768","-4.1162","-17.0552","22.4187","-28.6539","3.3652","1.7021","null","null","null","84.5610","1979","4.9400",530942,502190,572287,592387,543829,572122,516416,452655,628338,571745,"55.5603","null","null","null","null","null","null","null",16,"1","Sinker",2,0,0,2,0,2,0,2,"Standard","Standard"
"SL","2018-07-25","81.5","2.9386","5.9393","Derek Holland",572287,502706,"null","ball",,,,,"13","null","R","R","L","SEA","SF","B","null","null",2,2,2018,"-0.2154","0.0880","-0.8469","1.2949","null","null","null",2,2,"Bot","null","null",,,460026,,"180725_204121","-8.0099","-118.4035","-3.9852","-0.5559","21.2727","-30.8727","3.3652","1.5642","null","null","null","80.8250","2209","5.7860",530942,502706,460026,474832,593700,467055,543063,452254,621453,457705,"54.7137","null","null","null","null","null","null","null",15,"5","Slider",2,0,2,0,0,2,2,0,"Infield shift","Strategic"
"SI","2018-07-25","92.3","2.7574","6.0118","Derek Holland",572287,502706,"null","ball",,,,,"13","null","R","R","L","SEA","SF","B","null","null",1,2,2018,"0.8772","1.2819","-1.6093","2.1823","null","null","null",2,2,"Bot","null","null",,,460026,,"180725_204106","-12.9630","-133.7675","-6.6714","13.1603","26.7272","-15.5954","3.3652","1.5872","null","null","null","92.2310","2380","6.3070",530942,502706,460026,474832,593700,467055,543063,452254,621453,457705,"54.1930","null","null","null","null","null","null","null",15,"4","Sinker",2,0,2,0,0,2,2,0,"Infield shift","Strategic"
"SI","2018-07-25","92.2","2.9768","6.0007","Derek Holland",572287,502706,"null","ball",,,,,"11","null","R","R","L","SEA","SF","B","null","null",0,1,2018,"1.0035","1.3476","-0.1672","3.7836","null","null","null",2,2,"Bot","null","null",,,460026,,"180725_204032","-10.1085","-133.9127","-2.7120","14.0987","27.2282","-15.6607","3.4006","1.5183","null","null","null","92.0320","2413","6.1620",530942,502706,460026,474832,593700,467055,543063,452254,621453,457705,"54.3378","null","null","null","null","null","null","null",15,"2","Sinker",2,0,2,0,0,2,2,0,"Infield shift","Standard"
"KC","2018-07-25","79.3","2.8480","6.0876","Derek Holland",572287,502706,"null","called_strike",,,,,"12","null","R","R","L","SEA","SF","S","null","null",0,0,2018,"-0.2209","-0.0357","1.0011","2.5978","null","null","null",2,2,"Bot","null","null",,,460026,,"180725_204019","-3.6119","-115.3982","-0.8237","-1.3236","20.2906","-32.5641","3.3422","1.6102","null","null","null","79.1010","2191","6.0250",530942,502706,460026,474832,593700,467055,543063,452254,621453,457705,"54.4749","null","null","null","null","null","null","null",15,"1","Knuckle Curve",2,0,2,0,0,2,2,0,"Infield shift","Standard"
"SL","2018-07-25","83.0","2.8938","5.9081","Derek Holland",452655,502706,"null","ball",,,,,"13","null","R","L","L","SEA","SF","B","null","null",0,2,2018,"-0.1026","0.1104","-1.5128","0.5937","null","null","null",1,2,"Bot","null","null",,,460026,,"180725_203912","-9.8269","-120.3861","-5.8141","0.9579","23.8532","-30.1858","3.2271","1.6562","null","null","null","82.4770","2308","6.1660",530942,502706,460026,474832,593700,467055,543063,452254,621453,457705,"54.3335","null","null","null","null","null","null","null",14,"3","Slider",2,0,2,0,0,2,2,0,"Standard","Standard"
"SI","2018-07-25","94.0","2.6720","6.0023","Derek Holland",452655,502706,"null","called_strike",,,,,"4","null","R","L","L","SEA","SF","S","null","null",0,0,2018,"1.1137","1.2646","-0.8284","2.1849","null","null","null",1,2,"Bot","null","null",,,460026,,"180725_203801","-11.4470","-136.3501","-6.9307","16.1608","26.9860","-15.2272","3.2731","1.6791","null","null","null","93.8470","2492","6.1530",530942,502706,460026,474832,593700,467055,543063,452254,621453,457705,"54.3473","null","null","null","null","null","null","null",14,"1","Sinker",2,0,2,0,0,2,2,0,"Strategic","Standard"
"SL","2018-07-25","81.7","3.0486","5.9290","Derek Holland",592387,502706,"null","ball",,,,,"13","null","R","R","L","SEA","SF","B","null","null",1,2,2018,"-0.0081","0.0943","-0.0007","1.0889","null","null","null",1,2,"Bot","null","null",,,460026,,"180725_203649","-6.7853","-118.7292","-4.4641","1.1885","22.1198","-30.6985","3.5264","1.6818","null","null","null","81.0300","2266","5.8460",530942,502706,460026,474832,593700,467055,543063,452254,621453,457705,"54.6536","null","null","null","null","null","null","null",13,"4","Slider",1,0,1,0,0,1,1,0,"Strategic","Standard"
"SL","2018-07-25","83.0","2.9621","5.9721","Derek Holland",592387,502706,"null","ball",,,,,"13","null","R","R","L","SEA","SF","B","null","null",0,1,2018,"-0.0252","0.2995","-1.6579","1.3618","null","null","null",1,2,"Bot","null","null",,,460026,,"180725_203607","-10.3892","-120.1875","-4.4612","2.0102","26.0121","-28.6439","3.5033","1.6818","null","null","null","81.5990","2190","5.8810",530942,502706,460026,474832,593700,467055,543063,452254,621453,457705,"54.6184","null","null","null","null","null","null","null",13,"2","Slider",1,0,1,0,0,1,1,0,"Strategic","Standard"
"CH","2018-07-25","85.9","2.9088","5.9636","Derek Holland",592387,502706,"null","called_strike",,,,,"6","null","R","R","L","SEA","SF","S","null","null",0,0,2018,"1.0309","1.4817","0.8130","2.4611","null","null","null",1,2,"Bot","null","null",,,460026,,"180725_203550","-6.9038","-124.7656","-4.8707","11.9178","25.5543","-16.3329","3.5264","1.6818","null","null","null","84.7420","2172","5.6790",530942,502706,460026,474832,593700,467055,543063,452254,621453,457705,"54.8206","null","null","null","null","null","null","null",13,"1","Changeup",1,0,1,0,0,1,1,0,"Strategic","Standard"
"SI","2018-07-25","93.4","2.9262","6.0948","Derek Holland",572122,502706,"null","called_strike",,,,,"8","null","R","L","L","SEA","SF","S","null","null",0,0,2018,"1.0839","1.5071","0.1071","2.0059","null","null","null",0,2,"Bot","null","null",,,460026,,"180725_203420","-9.4532","-135.4398","-7.8628","15.1300","29.9114","-12.5519","3.4112","1.5412","null","null","null","92.0970","2577","5.7270",530942,502706,460026,474832,593700,467055,543063,452254,621453,457705,"54.7724","null","null","null","null","null","null","null",12,"1","Sinker",1,0,1,0,0,1,1,0,"Infield shift","Standard"
"SI","2018-07-25","87.5","-2.6905","4.9766","Mike Leake",467055,502190,"null","called_strike",,,,,"7","null","R","L","R","SEA","SF","S","null","null",3,0,2018,"-1.3385","0.1479","-0.5688","2.0348","null","null","null",2,2,"Top","null","null",,,572287,,"180725_203137","7.5088","-127.0776","-1.2837","-15.2586","22.5034","-30.6574","3.1806","1.6332","null","null","null","85.6450","1898","4.9010",530942,502190,572287,592387,543829,572122,516416,452655,628338,571745,"55.5985","null","null","null","null","null","null","null",11,"4","Sinker",1,0,0,1,0,1,0,1,"Strategic","Standard"
"SI","2018-07-25","87.4","-2.8647","4.9662","Mike Leake",467055,502190,"null","ball",,,,,"13","null","R","L","R","SEA","SF","B","null","null",2,0,2018,"-1.3203","0.0926","-1.4032","2.0198","null","null","null",2,2,"Top","null","null",,,572287,,"180725_203123","5.9230","-127.0753","-1.1968","-14.7791","22.1626","-31.2484","3.2271","1.7251","null","null","null","85.6700","1852","4.8900",530942,502190,572287,592387,543829,572122,516416,452655,628338,571745,"55.6098","null","null","null","null","null","null","null",11,"3","Sinker",1,0,0,1,0,1,0,1,"Strategic","Standard"
"KC","2018-07-25","77.4","-2.4052","5.3197","Mike Leake",467055,502190,"null","ball",,,,,"14","null","R","L","R","SEA","SF","B","null","null",1,0,2018,"1.2442","-0.5494","1.9545","1.2216","null","null","null",2,2,"Top","null","null",,,572287,,"180725_203105","6.9540","-112.3634","-0.8011","8.7241","20.8789","-36.7440","3.1800","1.5400","null","null","null","75.2770","2543","4.9220",530942,502190,572287,592387,543829,572122,516416,452655,628338,571745,"55.5775","null","null","null","null","null","null","null",11,"2","Knuckle Curve",1,0,0,1,0,1,0,1,"Standard","Standard"
"SI","2018-07-25","87.8","-2.6945","4.9792","Mike Leake",467055,502190,"null","ball",,,,,"13","null","R","L","R","SEA","SF","B","null","null",0,0,2018,"-1.5102","0.2733","-0.3657","1.2337","null","null","null",2,2,"Top","null","null",,,572287,,"180725_203054","8.3472","-127.3991","-3.4154","-17.3173","24.0001","-28.9455","3.1350","1.4723","null","null","null","85.7050","1879","4.9140",530942,502190,572287,592387,543829,572122,516416,452655,628338,571745,"55.5854","null","null","null","null","null","null","null",11,"1","Sinker",1,0,0,1,0,1,0,1,"Standard","Standard"
"SI","2018-07-25","86.7","-2.6919","5.0165","Mike Leake",543063,502190,"null","called_strike",,,,,"7","null","R","L","R","SEA","SF","S","null","null",0,0,2018,"-1.0762","0.4007","-0.5181","2.0796","null","null","null",1,2,"Top","null","null",,,572287,,"180725_202957","7.1221","-125.9847","-1.6441","-12.3449","22.0836","-27.9941","3.3606","1.6102","null","null","null","85.2640","1887","5.1330",530942,502190,572287,592387,543829,572122,516416,452655,628338,571745,"55.3667","null","null","null","null","null","null","null",10,"1","Sinker",1,0,0,1,0,1,0,1,"Strategic","Standard"
"SL","2018-07-25","82.3","2.9193","6.0053","Derek Holland",443558,502706,"null","ball",,,,,"13","null","R","R","L","SEA","SF","B","null","null",2,1,2018,"-0.1423","0.1750","-1.6764","1.6160","null","null","null",2,1,"Bot","null","null",,,460026,,"180725_202632","-10.0508","-119.3866","-3.6601","0.6900","24.0559","-30.0422","3.5264","1.6102","null","null","null","81.3380","2259","5.9160",530942,502706,460026,474832,593700,467055,543063,452254,621453,457705,"54.5840","null","null","null","null","null","null","null",8,"4","Slider",1,0,1,0,0,1,1,0,"Infield shift","Standard"
"SL","2018-07-25","81.5","3.0233","6.0469","Derek Holland",443558,502706,"null","ball",,,,,"14","null","R","R","L","SEA","SF","B","null","null",1,1,2018,"-0.0013","-0.2551","0.9134","1.3538","null","null","null",2,1,"Bot","null","null",,,460026,,"180725_202613","-4.6735","-118.4236","-3.4038","0.8984","23.0776","-34.1050","3.5724","1.6102","null","null","null","80.3800","2230","5.6470",530942,502706,460026,474832,593700,467055,543063,452254,621453,457705,"54.8530","null","null","null","null","null","null","null",8,"3","Slider",1,0,1,0,0,1,1,0,"Infield shift","Standard"
"SI","2018-07-25","93.9","2.9722","5.9478","Derek Holland",443558,502706,"null","ball",,,,,"12","null","R","R","L","SEA","SF","B","null","null",0,0,2018,"1.2678","0.7695","1.2068","3.2471","null","null","null",2,1,"Bot","null","null",,,460026,,"180725_202546","-7.2712","-136.5284","-2.9480","17.1960","28.2521","-22.2621","3.6645","1.6102","null","null","null","93.4440","2286","5.9300",530942,502706,460026,474832,593700,467055,543063,452254,621453,457705,"54.5696","null","null","null","null","null","null","null",8,"1","Sinker",1,0,1,0,0,1,1,0,"Infield shift","Standard"
"SL","2018-07-25","81.2","2.9447","6.1812","Derek Holland",571745,502706,"null","ball",,,,,"13","null","R","R","L","SEA","SF","B","null","null",1,0,2018,"-0.2082","0.0788","-0.9427","2.0335","null","null","null",1,1,"Bot","null","null",,,460026,,"180725_202402","-8.2050","-118.0230","-2.8997","-0.6901","17.7931","-31.2058","3.1811","1.4953","null","null","null","80.8420","2128","5.6500",530942,502706,460026,474832,593700,467055,543063,452254,621453,457705,"54.8499","null","null","null","null","null","null","null",7,"2","Slider",1,0,1,0,0,1,1,0,"Strategic","Standard"
"SL","2018-07-25","80.7","2.9323","6.1259","Derek Holland",571745,502706,"null","ball",,,,,"14","null","R","R","L","SEA","SF","B","null","null",0,0,2018,"-0.1147","-0.0070","0.3085","0.8248","null","null","null",1,1,"Bot","null","null",,,460026,,"180725_202339","-5.5512","-117.2627","-5.0137","0.0710","23.2480","-31.5037","3.0660","1.5183","null","null","null","79.5450","2191","5.6770",530942,502706,460026,474832,593700,467055,543063,452254,621453,457705,"54.8225","null","null","null","null","null","null","null",7,"1","Slider",1,0,1,0,0,1,1,0,"Strategic","Standard"
"SI","2018-07-25","92.4","2.7543","6.0154","Derek Holland",516416,502706,"null","ball",,,,,"11","null","R","R","L","SEA","SF","B","null","null",0,2,2018,"1.2192","1.1469","-0.9649","2.2596","null","null","543829.00",0,1,"Bot","null","null",,,460026,,"180725_202222","-11.9096","-133.8647","-6.1083","16.8457","26.7792","-17.5705","2.9510","1.4493","null","null","null","91.4800","2329","5.8160",530942,502706,460026,474832,593700,467055,543063,452254,621453,457705,"54.6843","null","null","null","null","null","null","null",6,"3","Sinker",0,0,0,0,0,0,0,0,"Standard","Standard"
"SI","2018-07-25","92.4","2.8682","6.0555","Derek Holland",516416,502706,"null","called_strike",,,,,"3","null","R","R","L","SEA","SF","S","null","null",0,0,2018,"1.3916","1.0168","0.7744","2.7450","null","null","543829.00",0,1,"Bot","null","null",,,460026,,"180725_202106","-8.1707","-134.0875","-4.6850","18.1701","28.9722","-19.4235","2.9740","1.4263","null","null","null","91.1570","2237","5.6890",530942,502706,460026,474832,593700,467055,543063,452254,621453,457705,"54.8112","null","null","null","null","null","null","null",6,"1","Sinker",0,0,0,0,0,0,0,0,"Standard","Standard"
"SI","2018-07-25","93.4","2.7627","6.0283","Derek Holland",543829,502706,"null","ball",,,,,"13","null","R","L","L","SEA","SF","B","null","null",0,0,2018,"0.9367","1.5101","-1.2383","0.9911","null","null","null",0,1,"Bot","null","null",,,460026,,"180725_201953","-12.1631","-135.1198","-10.3058","13.8617","28.1027","-11.9892","3.3882","1.5642","null","null","null","92.3750","2531","5.9000",530942,502706,460026,474832,593700,467055,543063,452254,621453,457705,"54.6000","null","null","null","null","null","null","null",5,"1","Sinker",0,0,0,0,0,0,0,0,"Strategic","Standard"
"CH","2018-07-25","82.7","-2.5376","5.1904","Mike Leake",474832,502190,"null","ball",,,,,"11","null","R","L","R","SEA","SF","B","null","null",0,1,2018,"-1.0509","-0.1248","-1.2027","2.6777","null","null","593700.00",2,1,"Top","null","null",,,572287,,"180725_201630","4.9026","-120.3355","0.8587","-10.7337","19.2087","-33.7165","3.2041","1.5872","null","null","null","81.7330","1699","5.2460",530942,502190,572287,592387,543829,572122,516416,452655,628338,571745,"55.2536","null","null","null","null","null","null","null",4,"2","Changeup",0,0,0,0,0,0,0,0,"Standard","Standard"
"SI","2018-07-25","87.7","-2.6019","5.0456","Mike Leake",457705,502190,"null","ball",,,,,"14","null","R","R","R","SEA","SF","B","null","null",1,0,2018,"-1.2345","0.2963","1.1595","1.3138","null","null","593700.00",1,1,"Top","null","null",,,572287,,"180725_201351","11.2178","-127.1495","-3.4560","-14.8862","21.7186","-28.7036","3.3882","1.7711","null","null","null","86.0790","2009","5.0860",530942,502190,572287,592387,543829,572122,516416,452655,628338,571745,"55.4138","null","null","null","null","null","null","null",3,"2","Sinker",0,0,0,0,0,0,0,0,"Standard","Standard"
"FF","2018-07-25","86.7","-2.6734","5.1485","Mike Leake",457705,502190,"null","ball",,,,,"12","null","R","R","R","SEA","SF","B","null","null",0,0,2018,"-0.4024","0.5926","0.9917","2.6704","null","null","593700.00",1,1,"Top","null","null",,,572287,,"180725_201315","9.2851","-125.7952","-0.9104","-5.7505","22.1232","-26.1956","3.2961","1.6708","null","null","null","84.9370","2192","5.0110",530942,502190,572287,592387,543829,572122,516416,452655,628338,571745,"55.4884","null","null","null","null","null","null","null",3,"1","4-Seam Fastball",0,0,0,0,0,0,0,0,"Standard","Standard"
"KC","2018-07-25","77.2","-2.6415","5.2902","Mike Leake",621453,502190,"null","called_strike",,,,,"5","null","R","L","R","SEA","SF","S","null","null",0,1,2018,"1.2633","-0.4892","-0.1603","2.3694","null","null","null",0,1,"Top","null","null",,,572287,,"180725_201114","3.0239","-112.0584","1.5462","9.4591","20.6774","-36.6484","3.5494","1.7711","null","null","null","74.6920","2598","4.6230",530942,502190,572287,592387,543829,572122,516416,452655,628338,571745,"55.8767","null","null","null","null","null","null","null",1,"2","Knuckle Curve",0,0,0,0,0,0,0,0,"Standard","Standard"
"SI","2018-07-25","88.3","-2.7887","5.0829","Mike Leake",621453,502190,"null","called_strike",,,,,"13","null","R","L","R","SEA","SF","S","null","null",0,0,2018,"-1.1725","0.2504","-0.9904","2.1880","null","null","null",0,1,"Top","null","null",,,572287,,"180725_201100","6.5377","-128.3310","-1.5177","-13.6787","22.2227","-29.4657","3.4676","1.5872","null","null","null","86.8710","1835","5.0890",530942,502190,572287,592387,543829,572122,516416,452655,628338,571745,"55.4108","null","null","null","null","null","null","null",1,"1","Sinker",0,0,0,0,0,0,0,0,"Standard","Standard"