"pitch_type","game_date","release_speed","release_pos_x","release_pos_z","player_name","batter","pitcher","events","description","spin_dir","spin_rate_deprecated","break_angle_deprecated","break_length_deprecated","zone","des","game_type","stand","p_throws","home_team","away_team","type","hit_location","bb_type","balls","strikes","game_year","pfx_x","pfx_z","plate_x","plate_z","on_3b","on_2b","on_1b","outs_when_up","inning","inning_topbot","hc_x","hc_y","tfs_deprecated","tfs_zulu_deprecated","pos2_person_id","umpire","sv_id","vx0","vy0","vz0","ax","ay","az","sz_top","sz_bot","hit_distance_sc","launch_speed","launch_angle","effective_speed","release_spin_rate","release_extension","game_pk","pos1_person_id","pos2_person_id","pos3_person_id","pos4_person_id","pos5_person_id","pos6_person_id","pos7_person_id","pos8_person_id","pos9_person_id","release_pos_y","estimated_ba_using_speedangle","estimated_woba_using_speedangle","woba_value","woba_denom","babip_value","iso_value","launch_speed_angle","at_bat_number","pitch_number","pitch_name","home_score","away_score","bat_score","fld_score","post_away_score","post_home_score","post_bat_score","post_fld_score","if_fielding_alignment","of_fielding_alignment"
"FF","2018-04-19","90.3","-1.9642","5.5131","Brad Boxberger",457763,502202,"null","ball",,,,,"14","null","R","R","R","ARI","SF","B","null","null",1,0,2018,"-0.3311","1.2895","0.4601","1.4958","null","null","605412.00",2,9,"Top","null","null",,,425772,,"180420_040008","6.6334","-131.2391","-6.6978","-4.9941","24.1890","-16.4669","3.4757","1.6221","null","null","null","89.6560","2344","5.6760",529689,502202,425772,502671,606466,571918,605113,444482,572041,502481,"54.8257","null","null","null","null","null","null","null",66,"2","4-Seam Fastball",3,1,1,3,1,3,1,3,"Standard","Standard"
"FF","2018-04-19","90.5","-1.8752","5.5999","Brad Boxberger",457763,502202,"null","ball",,,,,"12","null","R","R","R","ARI","SF","B","null","null",0,0,2018,"-0.3369","1.4152","1.5183","2.8072","null","null","605412.00",2,9,"Top","null","null",,,425772,,"180420_035948","9.0146","-131.4760","-3.9334","-5.5447","25.0926","-15.5902","3.4757","1.6771","null","null","null","89.4760","2348","5.5290",529689,502202,425772,502671,606466,571918,605113,444482,572041,502481,"54.9734","null","null","null","null","null","null","null",66,"1","4-Seam Fastball",3,1,1,3,1,3,1,3,"Standard","Standard"
"FF","2018-04-19","91.1","-1.7769","5.5886","Brad Boxberger",457705,502202,"null","ball",,,,,"11","null","R","R","R","ARI","SF","B","null","null",1,1,2018,"-0.3676","1.0366","-0.5924","3.5008","null","null","605412.00",1,9,"Top","null","null",,,425772,,"180420_035833","3.6952","-132.6553","-1.5465","-4.9830","26.2155","-20.1090","3.2699","1.6375","null","null","null","90.3290","2297","5.6120",529689,502202,425772,502671,606466,571918,605113,444482,572041,502481,"54.8903","null","null","null","null","null","null","null",65,"3","4-Seam Fastball",3,1,1,3,1,3,1,3,"Standard","Standard"
"CH","2018-04-19","79.8","-1.8684","5.3974","Brad Boxberger",457705,502202,"null","ball",,,,,"13","null","R","R","R","ARI","SF","B","null","null",0,1,2018,"-1.1554","0.5460","-0.9890","1.5960","null","null","605412.00",1,9,"Top","null","null",,,425772,,"180420_035811","4.0466","-116.1549","-2.6482","-11.0672","21.1854","-27.0400","3.5159","1.5873","null","null","null","79.4060","1337","5.9430",529689,502202,425772,502671,606466,571918,605113,444482,572041,502481,"54.5594","null","null","null","null","null","null","null",65,"2","Changeup",3,1,1,3,1,3,1,3,"Standard","Standard"
"FF","2018-04-19","91.7","-1.9333","5.5364","Brad Boxberger",605412,502202,"null","called_strike",,,,,"8","null","R","L","R","ARI","SF","S","null","null",0,1,2018,"-0.1428","1.4100","0.1467","1.6852","null","null","null",1,9,"Top","null","null",,,425772,,"180420_035644","5.4717","-133.2333","-6.7499","-2.7645","26.8619","-14.6445","3.1841","1.3312","null","null","null","90.5840","2349","5.5590",529689,502202,425772,502671,606466,571918,605113,444482,572041,502481,"54.9428","null","null","null","null","null","null","null",64,"2","4-Seam Fastball",3,1,1,3,1,3,1,3,"Standard","Standard"
"FF","2018-04-19","91.3","-2.0099","5.5951","Brad Boxberger",605412,502202,"null","called_strike",,,,,"6","null","R","L","R","ARI","SF","S","null","null",0,0,2018,"-0.0449","1.3563","0.3716","2.1463","null","null","null",1,9,"Top","null","null",,,425772,,"180420_035627","5.9719","-132.6832","-5.5206","-1.7285","26.9925","-15.7730","3.1291","1.4961","null","null","null","89.8360","2344","5.3540",529689,502202,425772,502671,606466,571918,605113,444482,572041,502481,"55.1481","null","null","null","null","null","null","null",64,"1","4-Seam Fastball",3,1,1,3,1,3,1,3,"Standard","Standard"
"FF","2018-04-19","90.0","-2.1346","5.5821","Brad Boxberger",453923,502202,"null","called_strike",,,,,"11","null","R","L","R","ARI","SF","S","null","null",2,1,2018,"-0.1970","1.2993","-0.8604","2.4939","null","null","null",0,9,"Top","null","null",,,425772,,"180420_035539","3.5131","-130.9281","-4.3326","-2.9114","26.1198","-16.9758","3.1191","1.4519","null","null","null","88.9350","2215","5.5220",529689,502202,425772,502671,606466,571918,605113,444482,572041,502481,"54.9796","null","null","null","null","null","null","null",63,"4","4-Seam Fastball",3,1,1,3,1,3,1,3,"Standard","Standard"
"FF","2018-04-19","89.7","-1.9776","5.5958","Brad Boxberger",453923,502202,"null","called_strike",,,,,"6","null","R","L","R","ARI","SF","S","null","null",2,0,2018,"-0.4090","1.3169","0.5186","2.4649","null","null","null",0,9,"Top","null","null",,,425772,,"180420_035523","6.9188","-130.4198","-4.4339","-5.9308","25.5827","-16.8136","3.1191","1.5068","null","null","null","88.8010","2302","5.6280",529689,502202,425772,502671,606466,571918,605113,444482,572041,502481,"54.8740","null","null","null","null","null","null","null",63,"3","4-Seam Fastball",3,1,1,3,1,3,1,3,"Standard","Standard"
"FF","2018-04-19","90.8","-2.1438","5.5499","Brad Boxberger",453923,502202,"null","ball",,,,,"14","null","R","L","R","ARI","SF","B","null","null",1,0,2018,"-0.1962","1.4140","0.5401","1.0887","null","null","null",0,9,"Top","null","null",,,425772,,"180420_035509","7.0027","-131.7753","-8.0722","-3.5748","25.1714","-14.7378","3.1090","1.5068","null","null","null","89.6850","2302","5.5290",529689,502202,425772,502671,606466,571918,605113,444482,572041,502481,"54.9733","null","null","null","null","null","null","null",63,"2","4-Seam Fastball",3,1,1,3,1,3,1,3,"Standard","Standard"
"FF","2018-04-19","90.5","-2.1177","5.5474","Brad Boxberger",453923,502202,"null","ball",,,,,"3","null","R","L","R","ARI","SF","B","null","null",0,0,2018,"-0.0791","1.2666","0.7402","2.6920","null","null","null",0,9,"Top","null","null",,,425772,,"180420_035333","7.2182","-131.6165","-3.8329","-2.3067","25.5350","-17.1394","3.0264","1.5039","null","null","null","89.9120","2149","5.7710",529689,502202,425772,502671,606466,571918,605113,444482,572041,502481,"54.7315","null","null","null","null","null","null","null",63,"1","4-Seam Fastball",3,1,1,3,1,3,1,3,"Standard","Standard"
"FT","2018-04-19","95.9","-1.6106","5.3634","Sam Dyson",571918,473879,"null","ball",,,,,"14","null","R","R","R","ARI","SF","B","null","null",0,1,2018,"-1.4984","0.4291","0.9481","1.5782","null","null","null",2,8,"Bot","null","null",,,457763,,"180420_035012","9.8185","-139.1148","-5.2123","-20.9902","30.7690","-25.8947","3.3164","1.5424","null","null","null","94.0700","2221","5.3610",529689,473879,457763,474832,605412,446334,543063,453923,491676,457705,"55.1413","null","null","null","null","null","null","null",62,"2","2-Seam Fastball",3,1,3,1,1,3,3,1,"Standard","Standard"
"FT","2018-04-19","96.0","-1.6227","5.3433","Sam Dyson",571918,473879,"null","called_strike",,,,,"6","null","R","R","R","ARI","SF","S","null","null",0,0,2018,"-1.3747","0.4084","0.3349","2.1634","null","null","null",2,8,"Bot","null","null",,,457763,,"180420_034954","7.9819","-139.3696","-3.6215","-19.0230","30.6375","-26.5135","3.2963","1.3775","null","null","null","94.0740","2220","5.2430",529689,473879,457763,474832,605412,446334,543063,453923,491676,457705,"55.2592","null","null","null","null","null","null","null",62,"1","2-Seam Fastball",3,1,3,1,1,3,3,1,"Standard","Standard"
"FT","2018-04-19","95.8","-1.6935","5.3827","Sam Dyson",605113,473879,"null","ball",,,,,"14","null","R","R","R","ARI","SF","B","null","null",0,0,2018,"-1.4505","0.1916","0.6415","0.5867","null","null","null",1,8,"Bot","null","null",,,457763,,"180420_034745","9.1155","-138.8245","-7.2702","-20.1623","31.4032","-28.4081","3.6458","1.7273","null","null","null","93.7590","2370","5.3470",529689,473879,457763,474832,605412,446334,543063,453923,491676,457705,"55.1549","null","null","null","null","null","null","null",61,"1","2-Seam Fastball",3,1,3,1,1,3,3,1,"Standard","Standard"
"CU","2018-04-19","83.0","-1.5412","5.3662","Sam Dyson",502481,473879,"null","ball",,,,,"14","null","R","L","R","ARI","SF","B","null","null",1,2,2018,"1.5268","-0.4206","1.1022","2.3860","null","null","null",0,8,"Bot","null","null",,,457763,,"180420_034556","3.1070","-120.5936","0.5246","13.5749","26.3829","-36.5154","3.4153","1.5571","null","null","null","81.0620","3397","5.3410",529689,473879,457763,474832,605412,446334,543063,453923,491676,457705,"55.1610","null","null","null","null","null","null","null",60,"4","Curveball",3,1,3,1,1,3,3,1,"Standard","Standard"
"FT","2018-04-19","95.5","-1.7916","5.4220","Sam Dyson",502481,473879,"null","ball",,,,,"11","null","R","L","R","ARI","SF","B","null","null",0,1,2018,"-1.4713","0.0650","-1.8203","2.6755","null","null","null",0,8,"Bot","null","null",,,457763,,"180420_034445","3.1069","-138.9170","-1.7090","-19.2488","32.2010","-31.2198","3.4703","1.5022","null","null","null","94.2010","2418","5.6290",529689,473879,457763,474832,605412,446334,543063,453923,491676,457705,"54.8735","null","null","null","null","null","null","null",60,"2","2-Seam Fastball",3,1,3,1,1,3,3,1,"Standard","Standard"
"FT","2018-04-19","94.3","-1.8639","5.3466","Sam Dyson",502481,473879,"null","called_strike",,,,,"4","null","R","L","R","ARI","SF","S","null","null",0,0,2018,"-1.5587","0.2242","-0.5854","2.1899","null","null","null",0,8,"Bot","null","null",,,457763,,"180420_034427","6.5732","-136.9462","-2.9284","-20.5168","30.2893","-29.0408","3.3504","1.3922","null","null","null","92.8370","2394","5.5370",529689,473879,457763,474832,605412,446334,543063,453923,491676,457705,"54.9649","null","null","null","null","null","null","null",60,"1","2-Seam Fastball",3,1,3,1,1,3,3,1,"Standard","Standard"
"FT","2018-04-19","94.4","-2.0135","5.9083","Archie Bradley",467055,605151,"null","ball",,,,,"13","null","R","L","R","ARI","SF","B","null","null",1,2,2018,"-1.1540","0.9813","-0.9030","1.3798","null","null","null",2,8,"Top","null","null",,,425772,,"180420_034117","5.3795","-137.1240","-8.1620","-15.5602","30.5096","-18.3793","3.1438","1.3768","null","null","null","93.6860","2313","5.9830",529689,605151,425772,502671,606466,571918,605113,444482,572041,502481,"54.5186","null","null","null","null","null","null","null",59,"5","2-Seam Fastball",3,1,1,3,1,3,1,3,"Standard","Standard"
"FF","2018-04-19","94.9","-2.0873","5.8836","Archie Bradley",467055,605151,"null","called_strike",,,,,"8","null","R","L","R","ARI","SF","S","null","null",1,1,2018,"-0.2929","1.0716","-0.1665","1.8073","null","null","null",2,8,"Top","null","null",,,425772,,"180420_034044","5.6384","-137.9660","-7.3240","-4.9421","30.3632","-17.2486","3.2088","1.3768","null","null","null","94.4130","2476","6.0340",529689,605151,425772,502671,606466,571918,605113,444482,572041,502481,"54.4676","null","null","null","null","null","null","null",59,"3","4-Seam Fastball",3,1,1,3,1,3,1,3,"Standard","Standard"
"FF","2018-04-19","94.5","-2.1520","5.8337","Archie Bradley",467055,605151,"null","ball",,,,,"12","null","R","L","R","ARI","SF","B","null","null",0,1,2018,"-0.2487","1.2909","1.0014","2.9612","null","null","null",2,8,"Top","null","null",,,425772,,"180420_034031","8.7346","-137.3477","-4.6299","-5.0451","30.0981","-15.1314","3.1988","1.5417","null","null","null","94.2350","2363","6.1790",529689,605151,425772,502671,606466,571918,605113,444482,572041,502481,"54.3233","null","null","null","null","null","null","null",59,"2","4-Seam Fastball",3,1,1,3,1,3,1,3,"Standard","Standard"
"FF","2018-04-19","94.3","-2.0252","5.9479","Archie Bradley",467055,605151,"null","called_strike",,,,,"2","null","R","L","R","ARI","SF","S","null","null",0,0,2018,"-0.3769","1.4310","-0.0241","2.6577","null","null","null",2,8,"Top","null","null",,,425772,,"180420_034021","5.9974","-137.1024","-5.9527","-6.0439","30.7491","-13.2324","3.1539","1.4867","null","null","null","93.7650","2318","6.0570",529689,605151,425772,502671,606466,571918,605113,444482,572041,502481,"54.4449","null","null","null","null","null","null","null",59,"1","4-Seam Fastball",3,1,1,3,1,3,1,3,"Standard","Standard"
"FF","2018-04-19","93.8","-1.9599","6.0318","Archie Bradley",491676,605151,"null","ball",,,,,"11","null","R","R","R","ARI","SF","B","null","null",0,0,2018,"-0.4689","1.3065","-1.2052","3.1602","null","null","null",1,8,"Top","null","null",,,425772,,"180420_033857","2.9625","-136.5443","-4.5690","-6.4423","28.3083","-15.2044","3.3295","1.3915","null","null","null","93.6510","2112","6.0530",529689,605151,425772,502671,606466,571918,605113,444482,572041,502481,"54.4495","null","null","null","null","null","null","null",58,"1","4-Seam Fastball",3,1,1,3,1,3,1,3,"Standard","Standard"
"FF","2018-04-19","94.1","-2.1477","5.9516","Archie Bradley",543063,605151,"null","ball",,,,,"13","null","R","L","R","ARI","SF","B","null","null",1,1,2018,"-0.6854","1.2162","-1.3133","1.7154","null","null","null",0,8,"Top","null","null",,,425772,,"180420_033753","3.6438","-136.8388","-7.9214","-9.3080","28.5254","-15.5720","3.2050","1.4418","null","null","null","93.8080","2244","6.0330",529689,605151,425772,502671,606466,571918,605113,444482,572041,502481,"54.4688","null","null","null","null","null","null","null",57,"3","4-Seam Fastball",3,1,1,3,1,3,1,3,"Standard","Standard"
"KC","2018-04-19","79.0","-1.8064","6.0152","Archie Bradley",543063,605151,"null","ball",,,,,"13","null","R","L","R","ARI","SF","B","null","null",0,1,2018,"0.4439","-1.0766","-1.4120","1.8450","null","null","null",0,8,"Top","null","null",,,425772,,"180420_033738","0.0360","-115.0527","-0.2688","3.9051","22.2599","-41.8410","3.2599","1.5517","null","null","null","78.8430","2121","6.2330",529689,605151,425772,502671,606466,571918,605113,444482,572041,502481,"54.2692","null","null","null","null","null","null","null",57,"2","Knuckle Curve",3,1,1,3,1,3,1,3,"Standard","Standard"
"FF","2018-04-19","93.8","-1.8566","6.0075","Archie Bradley",543063,605151,"null","called_strike",,,,,"8","null","R","L","R","ARI","SF","S","null","null",0,0,2018,"-0.4571","1.2862","0.1094","1.9218","null","null","null",0,8,"Top","null","null",,,425772,,"180420_033723","6.0531","-136.3068","-7.6174","-6.9479","28.9807","-14.8440","3.2150","1.4968","null","null","null","93.4790","2172","6.1040",529689,605151,425772,502671,606466,571918,605113,444482,572041,502481,"54.3977","null","null","null","null","null","null","null",57,"1","4-Seam Fastball",3,1,1,3,1,3,1,3,"Standard","Standard"
"SL","2018-04-19","79.5","-1.6168","5.2570","Reyes Moronta",572041,606625,"null","called_strike",,,,,"5","null","R","R","R","ARI","SF","S","null","null",1,1,2018,"1.3101","-0.4149","-0.2699","2.3788","null","null","null",2,7,"Bot","null","null",,,457763,,"180420_033420","0.5350","-115.6627","1.2369","11.4140","22.7339","-36.3174","3.2506","1.3017","null","null","null","78.7220","2635","5.8790",529689,606625,457763,474832,605412,446334,543063,453923,491676,457705,"54.6235","null","null","null","null","null","null","null",56,"3","Slider",3,1,3,1,1,3,3,1,"Infield shift","Standard"
"FF","2018-04-19","96.2","-1.4238","5.3334","Reyes Moronta",572041,606625,"null","called_strike",,,,,"5","null","R","R","R","ARI","SF","S","null","null",1,0,2018,"-0.2787","1.4943","-0.2507","2.6614","null","null","null",2,7,"Bot","null","null",,,457763,,"180420_033357","3.7438","-139.9818","-4.8827","-4.5084","31.8422","-11.6704","3.3604","1.3567","null","null","null","96.2260","2526","6.3260",529689,606625,457763,474832,605412,446334,543063,453923,491676,457705,"54.1761","null","null","null","null","null","null","null",56,"2","4-Seam Fastball",3,1,3,1,1,3,3,1,"Infield shift","Standard"
"SL","2018-04-19","83.1","-1.6791","5.1143","Reyes Moronta",572041,606625,"null","ball",,,,,"14","null","R","R","R","ARI","SF","B","null","null",0,0,2018,"0.8920","-0.1334","1.0040","1.1710","null","null","null",2,7,"Bot","null","null",,,457763,,"180420_033336","4.3932","-120.8310","-2.2646","7.7033","24.4262","-33.2452","3.2506","1.3667","null","null","null","82.4040","2837","5.9530",529689,606625,457763,474832,605412,446334,543063,453923,491676,457705,"54.5492","null","null","null","null","null","null","null",56,"1","Slider",3,1,3,1,1,3,3,1,"Infield shift","Standard"
"FF","2018-04-19","96.4","-1.3003","5.3213","Reyes Moronta",502671,606625,"null","ball",,,,,"14","null","R","R","R","ARI","SF","B","null","null",2,0,2018,"-0.1669","1.4670","0.7864","1.3393","null","null","null",1,7,"Bot","null","null",,,457763,,"180420_033243","5.9083","-140.0992","-8.3052","-3.4930","30.8378","-11.2870","3.5561","1.5424","null","null","null","96.2840","2611","6.2370",529689,606625,457763,474832,605412,446334,543063,453923,491676,457705,"54.2646","null","null","null","null","null","null","null",55,"3","4-Seam Fastball",3,1,3,1,1,3,3,1,"Strategic","Standard"
"FF","2018-04-19","96.4","-1.4814","5.3263","Reyes Moronta",502671,606625,"null","ball",,,,,"11","null","R","R","R","ARI","SF","B","null","null",1,0,2018,"-0.3778","1.4544","-1.8786","2.8321","null","null","null",1,7,"Bot","null","null",,,457763,,"180420_033223","-0.2014","-140.3729","-4.3580","-4.9348","31.1453","-12.2548","3.5012","1.5424","null","null","null","96.4360","2560","6.2300",529689,606625,457763,474832,605412,446334,543063,453923,491676,457705,"54.2721","null","null","null","null","null","null","null",55,"2","4-Seam Fastball",3,1,3,1,1,3,3,1,"Strategic","Standard"
"SL","2018-04-19","85.1","-1.9684","5.0451","Reyes Moronta",502671,606625,"null","ball",,,,,"13","null","R","R","R","ARI","SF","B","null","null",0,0,2018,"1.2500","0.4371","-1.3898","2.3718","null","null","null",1,7,"Bot","null","null",,,457763,,"180420_033206","-1.0773","-123.9152","-0.8382","12.8327","24.0227","-27.8371","3.4463","1.5424","null","null","null","84.3840","2582","5.7200",529689,606625,457763,474832,605412,446334,543063,453923,491676,457705,"54.7825","null","null","null","null","null","null","null",55,"1","Slider",3,1,3,1,1,3,3,1,"Strategic","Standard"
"FF","2018-04-19","98.0","-1.5317","5.4618","Reyes Moronta",606466,606625,"null","called_strike",,,,,"4","null","R","L","R","ARI","SF","S","null","null",0,0,2018,"-0.2813","1.5597","-0.4510","2.6866","null","null","null",1,7,"Bot","null","null",,,457763,,"180420_033053","3.5540","-142.6019","-5.5661","-4.6361","33.3315","-10.0039","3.7603","1.6121","null","null","null","97.6780","2683","6.1480",529689,606625,457763,474832,605412,446334,543063,453923,491676,457705,"54.3536","null","null","null","null","null","null","null",54,"1","4-Seam Fastball",2,1,2,1,1,2,2,1,"Standard","Standard"
"SL","2018-04-19","82.6","-1.7029","5.1452","Reyes Moronta",444482,606625,"null","ball",,,,,"13","null","R","L","R","ARI","SF","B","null","null",1,0,2018,"0.7300","-0.0622","-0.2434","0.1742","null","null","null",0,7,"Bot","null","null",,,457763,,"180420_032952","1.9132","-120.0899","-4.6233","6.5171","23.7383","-32.1005","3.3860","1.6322","null","null","null","81.5910","1260","5.7050",529689,606625,457763,474832,605412,446334,543063,453923,491676,457705,"54.7972","null","null","null","null","null","null","null",53,"2","Slider",2,1,2,1,1,2,2,1,"Standard","Standard"
"CH","2018-04-19","85.9","-1.6089","5.3385","Reyes Moronta",444482,606625,"null","ball",,,,,"11","null","R","L","R","ARI","SF","B","null","null",0,0,2018,"-0.8802","1.0582","-1.3550","3.0175","null","null","null",0,7,"Bot","null","null",,,457763,,"180420_032935","2.3389","-125.0463","-1.3668","-9.5774","24.4723","-21.1719","3.3860","1.4673","null","null","null","85.4840","2152","5.9360",529689,606625,457763,474832,605412,446334,543063,453923,491676,457705,"54.5664","null","null","null","null","null","null","null",53,"1","Changeup",2,1,2,1,1,2,2,1,"Standard","Standard"
"FF","2018-04-19","89.0","-0.6430","6.2187","Zack Greinke",446334,425844,"null","ball",,,,,"14","null","R","R","R","ARI","SF","B","null","null",1,1,2018,"-0.1700","1.5296","1.1357","1.0336","null","null","null",2,7,"Top","null","null",,,425772,,"180420_032610","4.6813","-129.2262","-9.8009","-2.7911","24.7685","-13.4652","3.6923","1.6878","null","null","null","88.6720","2397","6.0290",529689,425844,425772,502671,606466,571918,605113,444482,572041,502481,"54.4732","null","null","null","null","null","null","null",52,"3","4-Seam Fastball",2,1,1,2,1,2,1,2,"Standard","Standard"
"FF","2018-04-19","88.9","-0.8784","6.2721","Zack Greinke",446334,425844,"null","called_strike",,,,,"9","null","R","R","R","ARI","SF","S","null","null",1,0,2018,"-0.3475","1.5037","0.7524","1.5276","null","null","null",2,7,"Top","null","null",,,425772,,"180420_032554","4.6666","-129.0676","-8.5952","-4.7689","25.8401","-14.0880","3.6575","1.5779","null","null","null","88.2240","2324","5.9100",529689,425844,425772,502671,606466,571918,605113,444482,572041,502481,"54.5916","null","null","null","null","null","null","null",52,"2","4-Seam Fastball",2,1,1,2,1,2,1,2,"Standard","Standard"
"CU","2018-04-19","74.7","-1.0439","6.1281","Zack Greinke",446334,425844,"null","ball",,,,,"14","null","R","R","R","ARI","SF","B","null","null",0,0,2018,"1.1330","-1.0044","1.5217","2.0736","null","null","null",2,7,"Top","null","null",,,425772,,"180420_032540","3.2965","-108.4595","0.5731","7.9514","19.9302","-40.1535","3.6923","1.6878","null","null","null","72.9200","2602","5.1820",529689,425844,425772,502671,606466,571918,605113,444482,572041,502481,"55.3199","null","null","null","null","null","null","null",52,"1","Curveball",2,1,1,2,1,2,1,2,"Standard","Standard"
"FF","2018-04-19","89.0","-0.8766","6.2538","Zack Greinke",474832,425844,"null","ball",,,,,"3","null","R","L","R","ARI","SF","B","null","null",2,1,2018,"-0.1445","1.6511","0.6478","3.0940","null","null","null",1,7,"Top","null","null",,,425772,,"180420_032410","3.9963","-129.4863","-5.0734","-2.4046","26.1786","-13.1370","3.0451","1.3154","null","null","null","88.2800","2391","5.7800",529689,425844,425772,502671,606466,571918,605113,444482,572041,502481,"54.7225","null","null","null","null","null","null","null",51,"4","4-Seam Fastball",2,1,1,2,1,2,1,2,"Infield shift","Standard"
"CH","2018-04-19","85.8","-1.1738","6.1616","Zack Greinke",474832,425844,"null","ball",,,,,"13","null","R","L","R","ARI","SF","B","null","null",1,1,2018,"-1.0173","0.5405","-0.2220","0.5973","null","null","null",1,7,"Top","null","null",,,425772,,"180420_032349","4.2312","-124.6676","-7.9160","-11.2837","23.7879","-25.3240","3.1547","1.3721","null","null","null","85.2300","1739","5.8910",529689,425844,425772,502671,606466,571918,605113,444482,572041,502481,"54.6111","null","null","null","null","null","null","null",51,"3","Changeup",2,1,1,2,1,2,1,2,"Infield shift","Standard"
"CH","2018-04-19","86.1","-1.2045","6.1161","Zack Greinke",474832,425844,"null","ball",,,,,"13","null","R","L","R","ARI","SF","B","null","null",0,1,2018,"-1.0798","0.5412","-1.6000","1.3232","null","null","null",1,7,"Top","null","null",,,425772,,"180420_032331","1.1992","-125.2002","-6.1567","-11.4036","25.1184","-25.5828","3.1547","1.3721","null","null","null","85.3800","1910","5.8510",529689,425844,425772,502671,606466,571918,605113,444482,572041,502481,"54.6509","null","null","null","null","null","null","null",51,"2","Changeup",2,1,1,2,1,2,1,2,"Infield shift","Standard"
"CH","2018-04-19","84.6","-1.2049","6.0847","Zack Greinke",457763,425844,"null","ball",,,,,"13","null","R","R","R","ARI","SF","B","null","null",0,1,2018,"-0.9826","0.0487","-0.4372","1.4262","null","null","null",0,7,"Top","null","null",,,425772,,"180420_032221","3.6819","-123.1656","-4.6243","-10.5600","22.8553","-31.0510","3.4208","1.6221","null","null","null","84.2070","1805","5.8600",529689,425844,425772,502671,606466,571918,605113,444482,572041,502481,"54.6416","null","null","null","null","null","null","null",50,"2","Changeup",2,1,1,2,1,2,1,2,"Standard","Standard"
"SI","2018-04-19","91.0","2.7396","6.2044","Ty Blach",425772,621389,"walk","ball",,,,,"13","Jeff Mathis walks.   Deven Marrero to 2nd.  ","R","R","L","ARI","SF","B","null","null",3,2,2018,"1.2178","0.6956","-0.8964","1.1800","null","null","571918.00",2,6,"Bot","null","null",,,457763,,"180420_031842","-11.2292","-131.6721","-7.8413","15.7864","26.4504","-23.1434","3.2096","1.5061","null","null","null","88.4670","2067","4.9090",529689,621389,457763,474832,605412,446334,543063,453923,491676,457705,"55.5929","null","null","0.70",1,0,0,"null",48,"7","Sinker",2,1,2,1,1,2,2,1,"Standard","Standard"
"CH","2018-04-19","80.4","3.0222","6.2030","Ty Blach",425772,621389,"null","ball",,,,,"14","null","R","R","L","ARI","SF","B","null","null",2,2,2018,"1.3785","0.2419","0.9236","1.0614","null","null","571918.00",2,6,"Bot","null","null",,,457763,,"180420_031823","-6.8629","-116.6121","-4.9733","13.1462","21.2742","-29.4721","3.1547","1.5061","null","null","null","77.9350","1891","4.6630",529689,621389,457763,474832,605412,446334,543063,453923,491676,457705,"55.8394","null","null","null","null","null","null","null",48,"6","Changeup",2,1,2,1,1,2,2,1,"Standard","Standard"
"SI","2018-04-19","91.4","2.5430","6.2604","Ty Blach",425772,621389,"null","ball",,,,,"11","null","R","R","L","ARI","SF","B","null","null",1,2,2018,"1.3803","0.8549","-0.6883","3.4689","null","null","571918.00",2,6,"Bot","null","null",,,457763,,"180420_031803","-10.5845","-132.4520","-2.8002","17.5755","26.5897","-22.3209","3.2096","1.3962","null","null","null","88.7880","2196","4.7660",529689,621389,457763,474832,605412,446334,543063,453923,491676,457705,"55.7358","null","null","null","null","null","null","null",48,"5","Sinker",2,1,2,1,1,2,2,1,"Standard","Standard"
"SI","2018-04-19","90.8","2.6851","6.4176","Ty Blach",425772,621389,"null","ball",,,,,"12","null","R","R","L","ARI","SF","B","null","null",0,2,2018,"1.2562","1.1821","0.5292","4.5870","null","null","571918.00",2,6,"Bot","null","null",,,457763,,"180420_031715","-7.6912","-131.7282","-1.0174","15.4921","27.2489","-19.1681","3.2096","1.3962","null","null","null","88.2710","2097","4.8210",529689,621389,457763,474832,605412,446334,543063,453923,491676,457705,"55.6806","null","null","null","null","null","null","null",48,"3","Sinker",2,1,2,1,1,2,2,1,"Standard","Standard"
"SI","2018-04-19","90.7","2.6755","6.1943","Ty Blach",425772,621389,"null","called_strike",,,,,"4","null","R","R","L","ARI","SF","S","null","null",0,1,2018,"1.3071","1.1595","-0.3817","2.1697","null","null","571918.00",2,6,"Bot","null","null",,,457763,,"180420_031655","-10.0423","-131.4170","-6.3169","16.6159","27.0276","-18.2369","3.2096","1.3862","null","null","null","88.5530","2119","5.1290",529689,621389,457763,474832,605412,446334,543063,453923,491676,457705,"55.3735","null","null","null","null","null","null","null",48,"2","Sinker",2,1,2,1,1,2,2,1,"Standard","Standard"
"SI","2018-04-19","89.6","2.9083","6.1480","Ty Blach",571918,621389,"null","called_strike",,,,,"8","null","R","R","L","ARI","SF","S","null","null",3,0,2018,"1.4781","0.7551","0.1532","1.6381","null","null","null",2,6,"Bot","null","null",,,457763,,"180420_031520","-9.3696","-129.6463","-6.3325","17.6824","27.9066","-23.1221","3.1864","1.4874","null","null","null","86.3470","2179","4.5990",529689,621389,457763,474832,605412,446334,543063,453923,491676,457705,"55.9032","null","null","null","null","null","null","null",47,"4","Sinker",2,1,2,1,1,2,2,1,"Standard","Standard"
"SI","2018-04-19","89.8","2.8774","6.1536","Ty Blach",571918,621389,"null","ball",,,,,"14","null","R","R","L","ARI","SF","B","null","null",2,0,2018,"1.4164","0.6686","0.5764","1.0677","null","null","null",2,6,"Bot","null","null",,,457763,,"180420_031508","-8.1825","-130.0475","-7.5975","16.8342","27.6494","-23.7452","3.3164","1.5424","null","null","null","86.5870","2132","4.5450",529689,621389,457763,474832,605412,446334,543063,453923,491676,457705,"55.9567","null","null","null","null","null","null","null",47,"3","Sinker",2,1,2,1,1,2,2,1,"Standard","Standard"
"CH","2018-04-19","79.9","2.9605","6.2663","Ty Blach",571918,621389,"null","ball",,,,,"14","null","R","R","L","ARI","SF","B","null","null",1,0,2018,"1.4714","0.6229","0.2786","0.8192","null","null","null",2,6,"Bot","null","null",,,457763,,"180420_031456","-8.2389","-115.6665","-6.0878","14.0882","22.7844","-26.0094","3.2615","1.4874","null","null","null","77.2030","2040","4.7820",529689,621389,457763,474832,605412,446334,543063,453923,491676,457705,"55.7197","null","null","null","null","null","null","null",47,"2","Changeup",2,1,2,1,1,2,2,1,"Standard","Standard"
"CH","2018-04-19","79.1","2.7954","6.2818","Ty Blach",571918,621389,"null","ball",,,,,"14","null","R","R","L","ARI","SF","B","null","null",0,0,2018,"1.5411","0.6204","0.1212","0.8972","null","null","null",2,6,"Bot","null","null",,,457763,,"180420_031446","-8.2779","-114.5513","-5.7734","14.4472","22.3437","-26.1904","3.3164","1.4874","null","null","null","76.5440","2066","4.8460",529689,621389,457763,474832,605412,446334,543063,453923,491676,457705,"55.6563","null","null","null","null","null","null","null",47,"1","Changeup",2,1,2,1,1,2,2,1,"Standard","Standard"
"SI","2018-04-19","89.2","2.5701","6.2236","Ty Blach",605113,621389,"null","ball",,,,,"13","null","R","R","L","ARI","SF","B","null","null",0,0,2018,"1.4274","0.7772","-0.5721","1.1751","null","null","null",1,6,"Bot","null","null",,,457763,,"180420_031349","-10.1700","-128.9805","-7.5813","17.1880","27.2953","-22.6878","3.6458","1.7273","null","null","null","86.0940","2181","4.6980",529689,621389,457763,474832,605412,446334,543063,453923,491676,457705,"55.8037","null","null","null","null","null","null","null",46,"1","Sinker",2,1,2,1,1,2,2,1,"Standard","Standard"
"SI","2018-04-19","89.5","2.8594","6.3838","Ty Blach",502481,621389,"null","called_strike",,,,,"5","null","R","L","L","ARI","SF","S","null","null",3,1,2018,"1.3032","0.9801","0.2350","2.5797","null","null","null",0,6,"Bot","null","null",,,457763,,"180420_031254","-8.7066","-129.6976","-5.1035","15.6190","26.5839","-21.0261","3.4053","1.5571","null","null","null","86.4310","2229","4.5210",529689,621389,457763,474832,605412,446334,543063,453923,491676,457705,"55.9812","null","null","null","null","null","null","null",45,"5","Sinker",2,1,2,1,1,2,2,1,"Standard","Standard"
"CH","2018-04-19","81.0","2.7830","6.2329","Ty Blach",502481,621389,"null","ball",,,,,"13","null","R","L","L","ARI","SF","B","null","null",2,1,2018,"1.4544","0.2998","-0.3256","0.3821","null","null","null",0,6,"Bot","null","null",,,457763,,"180420_031231","-9.3710","-117.1939","-6.7224","14.7175","23.0556","-28.4784","3.4703","1.5571","null","null","null","78.9530","1978","5.2760",529689,621389,457763,474832,605412,446334,543063,453923,491676,457705,"55.2265","null","null","null","null","null","null","null",45,"4","Changeup",2,1,2,1,1,2,2,1,"Standard","Standard"
"SI","2018-04-19","88.8","2.6711","6.2752","Ty Blach",502481,621389,"null","called_strike",,,,,"5","null","R","L","L","ARI","SF","S","null","null",2,0,2018,"1.1501","0.9042","-0.0926","2.5632","null","null","null",0,6,"Bot","null","null",,,457763,,"180420_031219","-8.7956","-128.7397","-4.6711","14.0231","26.6823","-21.8995","3.4053","1.5571","null","null","null","86.4240","1983","4.9780",529689,621389,457763,474832,605412,446334,543063,453923,491676,457705,"55.5237","null","null","null","null","null","null","null",45,"3","Sinker",2,1,2,1,1,2,2,1,"Strategic","Standard"
"SI","2018-04-19","89.1","2.6435","6.2346","Ty Blach",502481,621389,"null","ball",,,,,"13","null","R","L","L","ARI","SF","B","null","null",1,0,2018,"1.2341","0.8783","-1.5379","1.4026","null","null","null",0,6,"Bot","null","null",,,457763,,"180420_031206","-12.3527","-128.7718","-7.3132","15.6515","26.1477","-21.6107","3.4153","1.6121","null","null","null","86.6080","2087","5.0390",529689,621389,457763,474832,605412,446334,543063,453923,491676,457705,"55.4630","null","null","null","null","null","null","null",45,"2","Sinker",2,1,2,1,1,2,2,1,"Strategic","Standard"
"SL","2018-04-19","77.9","2.8010","6.1662","Ty Blach",502481,621389,"null","ball",,,,,"13","null","R","L","L","ARI","SF","B","null","null",0,0,2018,"-0.2572","-0.2720","-1.4676","0.5766","null","null","null",0,6,"Bot","null","null",,,457763,,"180420_031152","-8.4556","-112.9391","-4.4615","-0.5369","20.7296","-33.8587","3.4153","1.5022","null","null","null","75.6080","2440","4.8440",529689,621389,457763,474832,605412,446334,543063,453923,491676,457705,"55.6585","null","null","null","null","null","null","null",45,"1","Slider",2,1,2,1,1,2,2,1,"Standard","Standard"
"FF","2018-04-19","88.0","-1.0506","6.2624","Zack Greinke",605412,425844,"null","called_strike",,,,,"8","null","R","L","R","ARI","SF","S","null","null",0,0,2018,"-0.2472","1.4521","-0.2230","1.6265","null","null","453923.00",1,6,"Top","null","null",,,425772,,"180420_030633","2.4867","-127.8723","-8.0262","-3.1681","25.4490","-15.1069","3.2390","1.3862","null","null","null","87.3280","2340","5.8670",529689,425844,425772,502671,606466,571918,605113,444482,572041,502481,"54.6347","null","null","null","null","null","null","null",42,"1","4-Seam Fastball",1,1,1,1,1,1,1,1,"Standard","Standard"
"FF","2018-04-19","88.0","-1.0831","6.1728","Zack Greinke",453923,425844,"walk","ball",,,,,"11","Gregor Blanco walks.  ","R","L","R","ARI","SF","B","null","null",3,1,2018,"-0.2423","1.4238","-1.0346","3.0289","null","null","null",1,6,"Top","null","null",,,425772,,"180420_030556","0.6011","-128.0268","-4.3867","-2.7343","25.1347","-16.1730","3.1090","1.3969","null","null","null","87.2640","2357","5.7280",529689,425844,425772,502671,606466,571918,605113,444482,572041,502481,"54.7740","null","null","0.70",1,0,0,"null",41,"5","4-Seam Fastball",1,1,1,1,1,1,1,1,"Standard","Standard"
"CH","2018-04-19","86.0","-1.2191","6.0274","Zack Greinke",453923,425844,"null","ball",,,,,"14","null","R","L","R","ARI","SF","B","null","null",2,1,2018,"-1.0103","0.4769","0.5893","0.9989","null","null","null",1,6,"Top","null","null",,,425772,,"180420_030531","6.2248","-124.8989","-6.5706","-11.6036","23.4844","-26.2389","3.1090","1.3969","null","null","null","85.3510","1850","5.8320",529689,425844,425772,502671,606466,571918,605113,444482,572041,502481,"54.6704","null","null","null","null","null","null","null",41,"4","Changeup",1,1,1,1,1,1,1,1,"Standard","Standard"
"FF","2018-04-19","86.9","-1.0701","6.0140","Zack Greinke",453923,425844,"null","called_strike",,,,,"11","null","R","L","R","ARI","SF","S","null","null",2,0,2018,"-0.2316","1.5636","-0.9026","2.6703","null","null","null",1,6,"Top","null","null",,,425772,,"180420_030516","0.8609","-126.4567","-4.9526","-2.6221","25.3661","-14.8793","3.0642","1.3420","null","null","null","86.3590","2199","5.9080",529689,425844,425772,502671,606466,571918,605113,444482,572041,502481,"54.5943","null","null","null","null","null","null","null",41,"3","4-Seam Fastball",1,1,1,1,1,1,1,1,"Standard","Standard"
"CH","2018-04-19","84.3","-1.2887","6.0833","Zack Greinke",453923,425844,"null","ball",,,,,"11","null","R","L","R","ARI","SF","B","null","null",1,0,2018,"-1.1536","0.5893","-1.7235","2.3140","null","null","null",1,6,"Top","null","null",,,425772,,"180420_030500","1.2051","-122.6829","-3.5491","-11.6699","22.0332","-25.9127","3.1090","1.4519","null","null","null","83.6870","1747","5.6750",529689,425844,425772,502671,606466,571918,605113,444482,572041,502481,"54.8269","null","null","null","null","null","null","null",41,"2","Changeup",1,1,1,1,1,1,1,1,"Standard","Standard"
"EP","2018-04-19","66.7","-1.0431","6.0420","Zack Greinke",453923,425844,"null","ball",,,,,"3","null","R","L","R","ARI","SF","B","null","null",0,0,2018,"1.2321","-0.5255","0.6935","3.0337","null","null","null",1,6,"Top","null","null",,,425772,,"180420_030443","1.3117","-96.8268","3.2736","7.2022","15.5690","-36.1485","2.9443","1.2870","null","null","null","65.0880","2255","5.1250",529689,425844,425772,502671,606466,571918,605113,444482,572041,502481,"55.3768","null","null","null","null","null","null","null",41,"1","Eephus",1,1,1,1,1,1,1,1,"Standard","Standard"
"CH","2018-04-19","80.5","2.9222","6.2554","Ty Blach",502671,621389,"null","called_strike",,,,,"7","null","R","R","L","ARI","SF","S","null","null",2,0,2018,"1.3311","0.4225","-0.4301","1.6368","null","null","null",2,5,"Bot","null","null",,,457763,,"180420_030039","-9.4569","-116.4907","-4.1199","13.2184","22.0724","-28.0713","3.6110","1.6422","null","null","null","77.7200","1959","4.6510",529689,621389,457763,474832,605412,446334,543063,453923,491676,457705,"55.8509","null","null","null","null","null","null","null",39,"3","Changeup",1,1,1,1,1,1,1,1,"Infield shift","Standard"
"CU","2018-04-19","75.6","2.5726","6.4727","Ty Blach",502671,621389,"null","ball",,,,,"13","null","R","R","L","ARI","SF","B","null","null",1,0,2018,"-0.4951","-1.1518","-0.7621","1.3029","null","null","null",2,5,"Bot","null","null",,,457763,,"180420_030025","-5.8941","-109.6303","-1.6514","-2.6344","20.1882","-40.8544","3.5561","1.5973","null","null","null","72.6850","2454","4.3660",529689,621389,457763,474832,605412,446334,543063,453923,491676,457705,"56.1357","null","null","null","null","null","null","null",39,"2","Curveball",1,1,1,1,1,1,1,1,"Strategic","Standard"
"CU","2018-04-19","73.7","2.6557","6.5646","Ty Blach",502671,621389,"null","ball",,,,,"12","null","R","R","L","ARI","SF","B","null","null",0,0,2018,"-0.7454","-0.7988","1.0272","4.5786","null","null","null",2,5,"Bot","null","null",,,457763,,"180420_030013","-2.0240","-106.7637","4.4128","-4.9404","19.1176","-38.9795","3.5012","1.5973","null","null","null","70.7250","2366","4.3140",529689,621389,457763,474832,605412,446334,543063,453923,491676,457705,"56.1880","null","null","null","null","null","null","null",39,"1","Curveball",1,1,1,1,1,1,1,1,"Strategic","Standard"
"CH","2018-04-19","78.6","2.7430","6.3695","Ty Blach",606466,621389,"null","called_strike",,,,,"12","null","R","R","L","ARI","SF","S","null","null",0,0,2018,"1.0895","0.5409","0.9938","3.1432","null","null","null",1,5,"Bot","null","null",,,457763,,"180420_025925","-5.4584","-113.9770","-1.0386","9.9012","20.6877","-27.8690","3.5956","1.5022","null","null","null","75.8600","1853","4.4660",529689,621389,457763,474832,605412,446334,543063,453923,491676,457705,"56.0359","null","null","null","null","null","null","null",38,"1","Changeup",1,1,1,1,1,1,1,1,"Standard","Standard"
"CU","2018-04-19","73.0","-1.1271","6.0763","Zack Greinke",491676,425844,"null","ball",,,,,"11","null","R","R","R","ARI","SF","B","null","null",1,0,2018,"1.0064","-0.8665","-1.7213","3.0898","null","null","null",2,5,"Top","null","null",,,425772,,"180420_025511","-2.7800","-106.0226","2.7467","7.7448","18.9228","-39.1965","3.3295","1.4465","null","null","null","71.2080","2525","5.1090",529689,425844,425772,502671,606466,571918,605113,444482,572041,502481,"55.3933","null","null","null","null","null","null","null",36,"2","Curveball",1,1,1,1,1,1,1,1,"Standard","Standard"
"FF","2018-04-19","87.0","-0.7732","6.3814","Zack Greinke",491676,425844,"null","ball",,,,,"3","null","R","R","R","ARI","SF","B","null","null",0,0,2018,"0.0687","1.5115","0.6233","3.2930","null","null","null",2,5,"Top","null","null",,,425772,,"180420_025444","3.1799","-126.5247","-4.2422","0.1001","24.9086","-15.6048","3.2275","1.5051","null","null","null","86.3160","2347","5.8080",529689,425844,425772,502671,606466,571918,605113,444482,572041,502481,"54.6942","null","null","null","null","null","null","null",36,"1","4-Seam Fastball",1,1,1,1,1,1,1,1,"Standard","Standard"
"CU","2018-04-19","73.7","-1.1464","6.1207","Zack Greinke",446334,425844,"null","called_strike",,,,,"7","null","R","R","R","ARI","SF","S","null","null",0,0,2018,"0.9221","-1.0496","-0.4341","1.9758","null","null","null",0,5,"Top","null","null",,,425772,,"180420_025304","-0.0724","-107.1780","0.5701","6.8004","18.4095","-40.2804","3.6575","1.6329","null","null","null","71.9970","2580","5.0060",529689,425844,425772,502671,606466,571918,605113,444482,572041,502481,"55.4960","null","null","null","null","null","null","null",34,"1","Curveball",1,1,1,1,1,1,1,1,"Standard","Standard"
"SI","2018-04-19","88.8","2.7215","6.1944","Ty Blach",571918,621389,"null","ball",,,,,"14","null","R","R","L","ARI","SF","B","null","null",1,0,2018,"1.3475","0.7187","0.2021","1.2665","null","null","null",2,4,"Bot","null","null",,,457763,,"180420_024758","-8.5293","-128.5169","-7.1252","15.9298","27.2331","-23.4347","3.2065","1.5973","null","null","null","85.8810","1947","4.7730",529689,621389,457763,474832,605412,446334,543063,453923,491676,457705,"55.7288","null","null","null","null","null","null","null",31,"2","Sinker",1,1,1,1,1,1,1,1,"Standard","Standard"
"SI","2018-04-19","88.9","2.8609","6.2701","Ty Blach",571918,621389,"null","ball",,,,,"14","null","R","R","L","ARI","SF","B","null","null",0,0,2018,"1.2574","0.8715","0.6843","1.1253","null","null","null",2,4,"Bot","null","null",,,457763,,"180420_024745","-7.5155","-128.7166","-7.9153","14.7405","27.7253","-21.6920","3.2065","1.5973","null","null","null","85.6760","2144","4.5830",529689,621389,457763,474832,605412,446334,543063,453923,491676,457705,"55.9189","null","null","null","null","null","null","null",31,"1","Sinker",1,1,1,1,1,1,1,1,"Standard","Standard"
"SI","2018-04-19","91.5","2.5741","6.2529","Ty Blach",605113,621389,"strikeout","called_strike",,,,,"13","Nick Ahmed called out on strikes.  ","R","R","L","ARI","SF","S",2,"null",1,2,2018,"1.2232","0.8827","-0.8769","1.6583","null","null","null",1,4,"Bot","null","null",,,457763,,"180420_024709","-10.7818","-132.3611","-7.2140","15.8239","27.0813","-21.1587","3.6257","1.6623","null","null","null","88.5340","2214","4.6840",529689,621389,457763,474832,605412,446334,543063,453923,491676,457705,"55.8182","null","null","0.00",1,0,0,"null",30,"4","Sinker",1,1,1,1,1,1,1,1,"Standard","Standard"
"SI","2018-04-19","89.2","2.7538","6.2744","Ty Blach",605113,621389,"null","ball",,,,,"3","null","R","R","L","ARI","SF","B","null","null",0,0,2018,"1.3838","0.7685","0.3710","3.5580","null","null","null",1,4,"Bot","null","null",,,457763,,"180420_024558","-8.4045","-129.4228","-2.1710","16.5695","24.5121","-23.6991","3.4423","1.7113","null","null","null","87.3400","2106","5.0720",529689,621389,457763,474832,605412,446334,543063,453923,491676,457705,"55.4296","null","null","null","null","null","null","null",30,"1","Sinker",1,1,1,1,1,1,1,1,"Standard","Standard"
"EP","2018-04-19","66.9","-0.8074","6.0684","Zack Greinke",474832,425844,"null","ball",,,,,"14","null","R","L","R","ARI","SF","B","null","null",0,1,2018,"1.1170","-0.7895","0.8084","0.1862","null","null","null",2,4,"Top","null","null",,,425772,,"180420_024209","1.2632","-97.1283","-1.4681","6.4962","17.1972","-36.9760","3.0998","1.4820","null","null","null","65.0570","2472","5.1520",529689,425844,425772,502671,606466,571918,605113,444482,572041,502481,"55.3501","null","null","null","null","null","null","null",28,"2","Eephus",1,1,1,1,1,1,1,1,"Infield shift","Standard"
"FF","2018-04-19","87.5","-1.1518","6.2456","Zack Greinke",474832,425844,"null","called_strike",,,,,"7","null","R","L","R","ARI","SF","S","null","null",0,0,2018,"-0.3205","1.3336","-0.7588","1.8199","null","null","null",2,4,"Top","null","null",,,425772,,"180420_024152","1.6322","-127.3634","-7.4045","-3.8676","25.3825","-16.1483","3.1547","1.4820","null","null","null","88.3470","2293","6.7380",529689,425844,425772,502671,606466,571918,605113,444482,572041,502481,"53.7640","null","null","null","null","null","null","null",28,"1","4-Seam Fastball",1,1,1,1,1,1,1,1,"Infield shift","Standard"
"SL","2018-04-19","82.6","-0.9450","6.3095","Zack Greinke",457763,425844,"null","ball",,,,,"14","null","R","R","R","ARI","SF","B","null","null",1,2,2018,"0.6203","0.0779","0.9192","0.9169","null","null","null",1,4,"Top","null","null",,,425772,,"180420_024101","3.0208","-119.9717","-5.7698","5.1596","23.7548","-30.5862","3.3109","1.5122","null","null","null","80.8520","2653","5.2550",529689,425844,425772,502671,606466,571918,605113,444482,572041,502481,"55.2471","null","null","null","null","null","null","null",27,"5","Slider",1,1,1,1,1,1,1,1,"Standard","Standard"
"SL","2018-04-19","82.2","-0.8276","6.3435","Zack Greinke",457763,425844,"null","ball",,,,,"14","null","R","R","R","ARI","SF","B","null","null",0,1,2018,"0.4847","0.7003","1.3737","0.3670","null","null","null",1,4,"Top","null","null",,,425772,,"180420_023948","4.0071","-119.3552","-8.2040","3.8252","20.5628","-24.4730","3.4208","1.5672","null","null","null","81.0500","2595","5.3950",529689,425844,425772,502671,606466,571918,605113,444482,572041,502481,"55.1068","null","null","null","null","null","null","null",27,"2","Slider",1,1,1,1,1,1,1,1,"Standard","Standard"
"SL","2018-04-19","80.1","-0.9214","6.3494","Zack Greinke",457763,425844,"null","called_strike",,,,,"12","null","R","R","R","ARI","SF","S","null","null",0,0,2018,"0.7297","0.3900","1.0513","2.5638","null","null","null",1,4,"Top","null","null",,,425772,,"180420_023930","2.9770","-116.5347","-2.3686","5.9135","20.2874","-28.5763","3.3378","1.5988","null","null","null","78.8180","2602","5.2400",529689,425844,425772,502671,606466,571918,605113,444482,572041,502481,"55.2620","null","null","null","null","null","null","null",27,"1","Slider",1,1,1,1,1,1,1,1,"Standard","Standard"
"SI","2018-04-19","91.6","2.7882","6.2120","Ty Blach",572041,621389,"null","called_strike",,,,,"7","null","R","R","L","ARI","SF","S","null","null",0,1,2018,"1.2527","1.0903","-0.4415","1.8951","606466.00","null","502671.00",2,3,"Bot","null","null",,,457763,,"180420_023609","-10.4570","-132.7199","-7.1036","16.3320","26.0186","-18.6052","3.5252","1.4666","null","null","null","89.6380","2227","5.1380",529689,621389,457763,474832,605412,446334,543063,453923,491676,457705,"55.3644","null","null","null","null","null","null","null",25,"2","Sinker",1,1,1,1,1,1,1,1,"Standard","Standard"
"SI","2018-04-19","91.1","3.0075","6.1130","Ty Blach",502671,621389,"null","ball",,,,,"14","null","R","R","L","ARI","SF","B","null","null",2,2,2018,"1.1393","0.9528","0.7185","1.3231","null","null","606466.00",2,3,"Bot","null","null",,,457763,,"180420_023403","-7.8657","-132.0265","-7.8384","14.4258","27.9645","-20.1209","3.5561","1.6523","null","null","null","88.8130","2168","5.0870",529689,621389,457763,474832,605412,446334,543063,453923,491676,457705,"55.4147","null","null","null","null","null","null","null",24,"6","Sinker",1,1,1,1,1,1,1,1,"Standard","Standard"
"CH","2018-04-19","80.9","2.7717","6.2322","Ty Blach",502671,621389,"null","ball",,,,,"13","null","R","R","L","ARI","SF","B","null","null",1,2,2018,"1.5802","0.4869","-1.4138","1.6636","null","null","606466.00",2,3,"Bot","null","null",,,457763,,"180420_023312","-11.9072","-116.9476","-4.2702","16.1707","21.4044","-27.3443","3.5561","1.6523","null","null","null","78.9850","2007","5.2580",529689,621389,457763,474832,605412,446334,543063,453923,491676,457705,"55.2441","null","null","null","null","null","null","null",24,"4","Changeup",1,1,1,1,1,1,1,1,"Standard","Standard"
"CU","2018-04-19","75.0","2.8028","6.4024","Ty Blach",502671,621389,"null","ball",,,,,"12","null","R","R","L","ARI","SF","B","null","null",0,1,2018,"-0.9274","-0.8844","0.8383","3.8831","null","null","606466.00",2,3,"Bot","null","null",,,457763,,"180420_023223","-2.4388","-108.8348","3.3797","-6.5004","20.2441","-39.7473","3.5561","1.5424","null","null","null","72.6290","2285","4.7800",529689,621389,457763,474832,605412,446334,543063,453923,491676,457705,"55.7223","null","null","null","null","null","null","null",24,"2","Curveball",1,1,1,1,1,1,1,1,"Standard","Standard"
"SI","2018-04-19","90.4","2.9808","6.1978","Ty Blach",502671,621389,"null","called_strike",,,,,"9","null","R","R","L","ARI","SF","S","null","null",0,0,2018,"1.0467","1.3203","0.3186","2.1935","null","null","606466.00",2,3,"Bot","null","null",,,457763,,"180420_023204","-8.4762","-130.9126","-6.4345","13.2686","28.6024","-16.6666","3.5561","1.6422","null","null","null","87.6170","2231","4.8890",529689,621389,457763,474832,605412,446334,543063,453923,491676,457705,"55.6128","null","null","null","null","null","null","null",24,"1","Sinker",1,1,1,1,1,1,1,1,"Standard","Standard"
"SI","2018-04-19","89.9","2.9522","6.1884","Ty Blach",606466,621389,"null","ball",,,,,"13","null","R","R","L","ARI","SF","B","null","null",0,0,2018,"0.9371","1.2134","-1.0819","2.1820","null","null","444482.00",1,3,"Bot","null","null",,,457763,,"180420_023033","-11.4702","-130.0169","-6.1156","12.4648","26.9800","-18.1392","3.7154","1.6221","null","null","null","87.0370","2161","4.8000",529689,621389,457763,474832,605412,446334,543063,453923,491676,457705,"55.7018","null","null","null","null","null","null","null",23,"1","Sinker",1,1,1,1,1,1,1,1,"Standard","Standard"
"CH","2018-04-19","78.8","2.8094","6.2307","Ty Blach",425772,621389,"null","ball",,,,,"14","null","R","R","L","ARI","SF","B","null","null",0,1,2018,"1.3761","0.3113","1.3888","1.6600","null","null","null",0,3,"Bot","null","null",,,457763,,"180420_022801","-5.3109","-114.3283","-3.5237","12.3875","21.0283","-29.2425","3.2096","1.3962","null","null","null","76.3950","1827","4.7140",529689,621389,457763,474832,605412,446334,543063,453923,491676,457705,"55.7880","null","null","null","null","null","null","null",20,"2","Changeup",0,1,0,1,1,0,0,1,"Standard","Standard"
"CH","2018-04-19","86.1","-1.1511","6.1559","Zack Greinke",457705,425844,"caught_stealing_2b","called_strike",,,,,"7","D-backs challenged (tag play), call on the field was overturned: With Andrew McCutchen batting, Gregor Blanco caught stealing 2nd base, catcher Jeff Mathis to second baseman Ketel Marte.  ","R","R","R","ARI","SF","S",2,"null",1,0,2018,"-1.0003","0.3136","-0.3685","1.6079","null","null","453923.00",2,3,"Top","null","null",,,425772,,"180420_022258","3.8034","-125.3485","-5.1959","-11.1010","22.9297","-28.1833","3.5159","1.5873","null","null","null","85.6650","1877","5.7730",529689,425844,425772,502671,606466,571918,605113,444482,572041,502481,"54.7293","null","null","0.00",0,0,0,"null",19,"2","Changeup",0,1,1,0,1,0,1,0,"Infield shift","Standard"
"FF","2018-04-19","88.1","-0.7743","6.3424","Zack Greinke",457705,425844,"null","ball",,,,,"14","null","R","R","R","ARI","SF","B","null","null",0,0,2018,"0.2915","1.3151","1.5967","1.6829","null","null","453923.00",2,3,"Top","null","null",,,425772,,"180420_022232","5.1261","-128.0503","-7.8603","2.1428","25.7386","-16.5072","3.5159","1.6422","null","null","null","87.6220","2332","5.9950",529689,425844,425772,502671,606466,571918,605113,444482,572041,502481,"54.5067","null","null","null","null","null","null","null",19,"1","4-Seam Fastball",0,1,1,0,1,0,1,0,"Infield shift","Standard"
"CH","2018-04-19","86.2","-1.4914","6.0597","Zack Greinke",605412,425844,"null","ball",,,,,"13","null","R","L","R","ARI","SF","B","null","null",1,1,2018,"-1.2161","0.2851","-1.2314","1.1790","null","null","453923.00",1,3,"Top","null","null",,,425772,,"180420_021706","3.0272","-125.4661","-5.9365","-13.2888","23.9631","-28.2835","3.2042","1.4612","null","null","null","85.8680","1722","5.9390",529689,425844,425772,502671,606466,571918,605113,444482,572041,572008,"54.5631","null","null","null","null","null","null","null",18,"3","Changeup",0,1,1,0,1,0,1,0,"Standard","Standard"
"CH","2018-04-19","86.9","-1.3744","6.1374","Zack Greinke",605412,425844,"null","ball",,,,,"13","null","R","L","R","ARI","SF","B","null","null",0,1,2018,"-1.1972","0.3768","-1.5955","1.1717","null","null","453923.00",1,3,"Top","null","null",,,425772,,"180420_021617","1.8537","-126.4657","-6.4455","-13.0122","24.5572","-27.1713","3.2042","1.4063","null","null","null","86.3340","1769","5.8170",529689,425844,425772,502671,606466,571918,605113,444482,572041,572008,"54.6853","null","null","null","null","null","null","null",18,"2","Changeup",0,1,1,0,1,0,1,0,"Standard","Standard"
"CU","2018-04-19","74.3","-1.3233","6.1256","Zack Greinke",605412,425844,"null","called_strike",,,,,"4","null","R","L","R","ARI","SF","S","null","null",0,0,2018,"1.1969","-0.5092","-0.3201","2.3692","null","null","453923.00",1,3,"Top","null","null",,,425772,,"180420_021553","0.0531","-107.8957","0.4333","8.9037","19.9490","-36.3429","3.1841","1.3862","null","null","null","72.4000","2580","5.0990",529689,425844,425772,502671,606466,571918,605113,444482,572041,572008,"55.4027","null","null","null","null","null","null","null",18,"1","Curveball",0,1,1,0,1,0,1,0,"Standard","Standard"
"FF","2018-04-19","87.7","-0.9477","6.2312","Zack Greinke",621389,425844,"null","called_strike",,,,,"6","null","R","R","R","ARI","SF","S","null","null",2,0,2018,"0.0344","1.3726","0.5752","2.8304","null","null","null",0,3,"Top","null","null",,,425772,,"180420_021352","3.5874","-127.5919","-4.8751","-0.3423","25.3675","-16.6160","3.4115","1.6570","null","null","null","87.2590","2286","5.9480",529689,425844,425772,502671,606466,571918,605113,444482,572041,572008,"54.5540","null","null","null","null","null","null","null",16,"3","4-Seam Fastball",0,1,1,0,1,0,1,0,"Standard","Standard"
"FF","2018-04-19","87.2","-0.9361","6.2622","Zack Greinke",621389,425844,"null","ball",,,,,"14","null","R","R","R","ARI","SF","B","null","null",1,0,2018,"0.0348","1.3258","0.3921","1.1345","null","null","null",0,3,"Top","null","null",,,425772,,"180420_021333","3.1020","-126.6945","-8.8248","-0.2123","23.8800","-16.5253","3.4471","1.6570","null","null","null","86.9340","2319","6.0350",529689,425844,425772,502671,606466,571918,605113,444482,572041,572008,"54.4670","null","null","null","null","null","null","null",16,"2","4-Seam Fastball",0,1,1,0,1,0,1,0,"Standard","Standard"
"FF","2018-04-19","87.5","-0.7701","6.3264","Zack Greinke",621389,425844,"null","ball",,,,,"14","null","R","R","R","ARI","SF","B","null","null",0,0,2018,"-0.1288","1.4123","1.2032","2.1800","null","null","null",0,3,"Top","null","null",,,425772,,"180420_021320","4.9706","-127.1867","-6.6771","-2.3332","24.4144","-15.9957","3.5020","1.6570","null","null","null","86.9090","2306","5.8340",529689,425844,425772,502671,606466,571918,605113,444482,572041,572008,"54.6683","null","null","null","null","null","null","null",16,"1","4-Seam Fastball",0,1,1,0,1,0,1,0,"Standard","Standard"
"CH","2018-04-19","79.8","2.7688","6.2680","Ty Blach",571918,621389,"null","ball",,,,,"12","null","R","R","L","ARI","SF","B","null","null",0,0,2018,"1.6321","0.4759","1.4255","3.7369","null","null","null",2,2,"Bot","null","null",,,457763,,"180420_021041","-5.6673","-115.8591","0.3147","14.9811","21.5025","-28.4648","3.3713","1.4325","null","null","null","77.5090","1958","4.7720",529689,621389,457763,474832,605412,446334,543063,453923,491676,457705,"55.7302","null","null","null","null","null","null","null",15,"1","Changeup",0,1,0,1,1,0,0,1,"Standard","Standard"
"SL","2018-04-19","79.6","2.6619","6.2722","Ty Blach",605113,621389,"null","ball",,,,,"13","null","R","R","L","ARI","SF","B","null","null",1,2,2018,"-0.4065","-0.4292","-1.8808","0.5047","null","null","null",1,2,"Bot","null","null",,,457763,,"180420_020912","-8.9601","-115.3884","-4.9745","-1.8224","20.9491","-35.1997","3.5360","1.6174","null","null","null","77.2880","2497","4.8010",529689,621389,457763,474832,605412,446334,543063,453923,491676,457705,"55.7009","null","null","null","null","null","null","null",14,"4","Slider",0,1,0,1,1,0,0,1,"Standard","Standard"
"CU","2018-04-19","77.9","2.5462","6.5394","Ty Blach",605113,621389,"null","ball",,,,,"13","null","R","R","L","ARI","SF","B","null","null",0,2,2018,"-0.4670","-1.2653","-1.7199","0.2776","null","null","null",1,2,"Bot","null","null",,,457763,,"180420_020852","-8.0468","-112.8730","-4.1659","-2.2053","21.4006","-41.8181","3.5909","1.6724","null","null","null","74.9570","2498","4.4600",529689,621389,457763,474832,605412,446334,543063,453923,491676,457705,"56.0421","null","null","null","null","null","null","null",14,"3","Curveball",0,1,0,1,1,0,0,1,"Standard","Standard"
"SI","2018-04-19","90.5","2.6294","6.2674","Ty Blach",605113,621389,"null","called_strike",,,,,"1","null","R","R","L","ARI","SF","S","null","null",0,1,2018,"1.3578","0.8051","-0.7546","3.1752","null","null","null",1,2,"Bot","null","null",,,457763,,"180420_020831","-10.8868","-131.0995","-3.3085","17.2081","26.3197","-22.8693","3.6257","1.6623","null","null","null","88.2860","2092","5.0480",529689,621389,457763,474832,605412,446334,543063,453923,491676,457705,"55.4541","null","null","null","null","null","null","null",14,"2","Sinker",0,1,0,1,1,0,0,1,"Standard","Standard"
"CH","2018-04-19","79.6","2.7347","6.3091","Ty Blach",572008,621389,"null","ball",,,,,"14","null","R","R","L","ARI","SF","B","null","null",1,0,2018,"1.5819","0.6851","0.4972","1.0274","null","null","null",0,2,"Bot","null","null",,,457763,,"180420_020648","-7.4640","-115.3303","-5.8515","14.7635","20.6081","-25.5945","3.0688","1.4713","null","null","null","77.3180","1949","4.8180",529689,621389,457763,474832,605412,446334,543063,453923,491676,457705,"55.6836","null","null","null","null","null","null","null",13,"2","Changeup",0,1,0,1,1,0,0,1,"Standard","Standard"
"CU","2018-04-19","74.8","2.5290","6.4872","Ty Blach",572008,621389,"null","ball",,,,,"8","null","R","R","L","ARI","SF","B","null","null",0,0,2018,"-0.6357","-1.1609","-0.2202","1.3138","null","null","null",0,2,"Bot","null","null",,,457763,,"180420_020636","-4.4490","-108.4777","-1.4983","-3.8797","19.4097","-40.7709","3.0688","1.4163","null","null","null","71.9190","2246","4.3220",529689,621389,457763,474832,605412,446334,543063,453923,491676,457705,"56.1798","null","null","null","null","null","null","null",13,"1","Curveball",0,1,0,1,1,0,0,1,"Standard","Standard"
"FT","2018-04-19","89.2","-1.1436","6.3256","Zack Greinke",491676,425844,"null","ball",,,,,"11","null","R","R","R","ARI","SF","B","null","null",0,1,2018,"-0.8888","1.3319","-1.3188","2.9007","null","null","null",2,2,"Top","null","null",,,425772,,"180420_020339","1.3864","-129.7560","-5.1205","-10.1670","25.9701","-16.5602","3.2196","1.3915","null","null","null","88.5880","2362","5.8320",529689,425844,425772,502671,606466,571918,605113,444482,572041,572008,"54.6702","null","null","null","null","null","null","null",12,"2","2-Seam Fastball",0,1,1,0,1,0,1,0,"Standard","Standard"
"FF","2018-04-19","88.5","-0.7648","6.4151","Zack Greinke",491676,425844,"null","called_strike",,,,,"6","null","R","R","R","ARI","SF","S","null","null",0,0,2018,"-0.2879","1.3983","0.6078","2.4134","null","null","null",2,2,"Top","null","null",,,425772,,"180420_020321","3.8912","-128.6114","-6.4705","-3.9264","26.1561","-15.8729","3.3094","1.4465","null","null","null","87.6190","2391","5.7660",529689,425844,425772,502671,606466,571918,605113,444482,572041,572008,"54.7356","null","null","null","null","null","null","null",12,"1","4-Seam Fastball",0,1,1,0,1,0,1,0,"Standard","Standard"
"CH","2018-04-19","85.9","-1.2887","6.2587","Zack Greinke",543063,425844,"null","ball",,,,,"13","null","R","L","R","ARI","SF","B","null","null",0,1,2018,"-1.2654","0.5615","-0.4415","1.0197","null","null","null",1,2,"Top","null","null",,,425772,,"180420_020224","4.4575","-124.8223","-7.2227","-13.8657","22.8734","-25.2824","3.2599","1.5517","null","null","null","85.2920","1765","5.7760",529689,425844,425772,502671,606466,571918,605113,444482,572041,572008,"54.7260","null","null","null","null","null","null","null",11,"2","Changeup",0,1,1,0,1,0,1,0,"Standard","Standard"
"FF","2018-04-19","88.6","-1.1512","6.2762","Zack Greinke",543063,425844,"null","called_strike",,,,,"13","null","R","L","R","ARI","SF","S","null","null",0,0,2018,"-0.4922","1.6327","-0.9056","1.6154","null","null","null",1,2,"Top","null","null",,,425772,,"180420_020208","1.5838","-128.7529","-8.5553","-5.6885","25.7583","-12.8824","3.2699","1.5517","null","null","null","87.7230","2338","5.7330",529689,425844,425772,502671,606466,571918,605113,444482,572041,572008,"54.7689","null","null","null","null","null","null","null",11,"1","4-Seam Fastball",0,1,1,0,1,0,1,0,"Standard","Standard"
"SL","2018-04-19","82.8","-0.9494","6.3140","Zack Greinke",446334,425844,"null","ball",,,,,"14","null","R","R","R","ARI","SF","B","null","null",1,2,2018,"0.7050","0.1385","1.0528","1.6670","null","null","null",0,2,"Top","null","null",,,425772,,"180420_020107","3.1868","-120.4261","-4.3314","6.0380","21.9086","-30.3435","3.6923","1.6329","null","null","null","81.3330","2581","5.1820",529689,425844,425772,502671,606466,571918,605113,444482,572041,572008,"55.3201","null","null","null","null","null","null","null",10,"4","Slider",0,1,1,0,1,0,1,0,"Standard","Standard"
"CU","2018-04-19","75.2","-1.1292","6.1984","Zack Greinke",446334,425844,"null","ball",,,,,"14","null","R","R","R","ARI","SF","B","null","null",0,2,2018,"1.2414","-0.9446","1.3971","1.3939","null","null","null",0,2,"Top","null","null",,,425772,,"180420_020051","3.0609","-109.2099","-1.1254","8.8835","20.6851","-39.4620","3.6923","1.6329","null","null","null","73.2470","2717","5.1020",529689,425844,425772,502671,606466,571918,605113,444482,572041,572008,"55.3997","null","null","null","null","null","null","null",10,"3","Curveball",0,1,1,0,1,0,1,0,"Standard","Standard"
"FT","2018-04-19","89.0","-1.1686","6.2271","Zack Greinke",446334,425844,"null","called_strike",,,,,"4","null","R","R","R","ARI","SF","S","null","null",0,0,2018,"-0.9035","0.9906","-0.6581","2.9737","null","null","null",0,2,"Top","null","null",,,425772,,"180420_015955","3.0387","-129.4183","-3.9299","-10.5006","25.4234","-20.7860","3.7673","1.5779","null","null","null","87.9110","2358","5.5150",529689,425844,425772,502671,606466,571918,605113,444482,572041,572008,"54.9871","null","null","null","null","null","null","null",10,"1","2-Seam Fastball",0,1,1,0,1,0,1,0,"Standard","Standard"
"FF","2018-04-19","90.3","-0.9890","6.2681","Zack Greinke",474832,425844,"null","ball",,,,,"11","null","R","L","R","ARI","SF","B","null","null",1,2,2018,"-0.4532","1.5611","-1.3046","3.9915","null","null","null",0,2,"Top","null","null",,,425772,,"180420_015847","0.1492","-131.3775","-2.9274","-5.1545","27.0670","-14.1675","3.0998","1.3721","null","null","null","89.2760","2475","5.6060",529689,425844,425772,502671,606466,571918,605113,444482,572041,572008,"54.8958","null","null","null","null","null","null","null",9,"4","4-Seam Fastball",0,0,0,0,0,0,0,0,"Infield shift","Standard"
"CU","2018-04-19","73.5","-0.9917","6.1760","Zack Greinke",474832,425844,"null","ball",,,,,"14","null","R","L","R","ARI","SF","B","null","null",0,1,2018,"0.9323","-1.0872","1.0271","1.3611","null","null","null",0,2,"Top","null","null",,,425772,,"180420_015807","2.4889","-106.8021","-0.6148","6.4195","18.6431","-40.3363","3.0998","1.4820","null","null","null","71.9550","2609","5.2160",529689,425844,425772,502671,606466,571918,605113,444482,572041,572008,"55.2860","null","null","null","null","null","null","null",9,"2","Curveball",0,0,0,0,0,0,0,0,"Infield shift","Standard"
"SI","2018-04-19","89.8","2.8376","6.3498","Ty Blach",572041,621389,"null","called_strike",,,,,"8","null","R","R","L","ARI","SF","S","null","null",0,0,2018,"1.2436","1.0221","-0.0474","1.8930","null","null","502671.00",2,1,"Bot","null","null",,,457763,,"180420_015454","-9.2921","-130.0860","-6.8522","15.2337","25.4335","-20.0853","3.4153","1.5216","null","null","null","87.1690","2130","4.7270",529689,621389,457763,474832,605412,446334,543063,453923,491676,457705,"55.7748","null","null","null","null","null","null","null",8,"1","Sinker",0,0,0,0,0,0,0,0,"Infield shift","Standard"
"CU","2018-04-19","76.1","2.6750","6.5885","Ty Blach",502671,621389,"walk","ball",,,,,"12","Paul Goldschmidt walks.  ","R","R","L","ARI","SF","B","null","null",3,2,2018,"-0.5544","-0.9313","1.5734","4.5649","null","null","null",2,1,"Bot","null","null",,,457763,,"180420_015413","-1.3342","-110.4699","4.2322","-4.0664","19.1348","-40.4179","3.6110","1.5973","null","null","null","73.8730","2282","4.7010",529689,621389,457763,474832,605412,446334,543063,453923,491676,457705,"55.8010","null","null","0.70",1,0,0,"null",7,"8","Curveball",0,0,0,0,0,0,0,0,"Strategic","Standard"
"SL","2018-04-19","79.1","2.6790","6.3023","Ty Blach",502671,621389,"null","ball",,,,,"13","null","R","R","L","ARI","SF","B","null","null",2,2,2018,"-0.3461","-0.4771","-1.0607","0.8317","null","null","null",2,1,"Bot","null","null",,,457763,,"180420_015313","-7.3195","-114.6829","-4.1591","-1.5916","20.6261","-35.7180","3.5561","1.6523","null","null","null","76.9190","2480","4.8700",529689,621389,457763,474832,605412,446334,543063,453923,491676,457705,"55.6321","null","null","null","null","null","null","null",7,"5","Slider",0,0,0,0,0,0,0,0,"Strategic","Standard"
"SI","2018-04-19","91.0","2.8397","6.3074","Ty Blach",502671,621389,"null","ball",,,,,"14","null","R","R","L","ARI","SF","B","null","null",1,2,2018,"1.1797","1.0701","1.4345","1.9950","null","null","null",2,1,"Bot","null","null",,,457763,,"180420_015259","-5.7078","-132.0404","-6.8539","14.2381","26.7806","-19.2042","3.5561","1.5973","null","null","null","88.3590","2217","4.6960",529689,621389,457763,474832,605412,446334,543063,453923,491676,457705,"55.8058","null","null","null","null","null","null","null",7,"4","Sinker",0,0,0,0,0,0,0,0,"Strategic","Standard"
"SI","2018-04-19","90.4","2.6046","6.3604","Ty Blach",502671,621389,"null","ball",,,,,"11","null","R","R","L","ARI","SF","B","null","null",0,1,2018,"1.0986","1.2572","-1.0210","3.3722","null","null","null",2,1,"Bot","null","null",,,457763,,"180420_015223","-10.8278","-130.8455","-3.8248","14.2000","27.9038","-18.0572","3.5561","1.5424","null","null","null","87.2710","2271","4.6390",529689,621389,457763,474832,605412,446334,543063,453923,491676,457705,"55.8633","null","null","null","null","null","null","null",7,"2","Sinker",0,0,0,0,0,0,0,0,"Strategic","Standard"
"CU","2018-04-19","73.2","2.5240","6.5642","Ty Blach",502671,621389,"null","called_strike",,,,,"6","null","R","R","L","ARI","SF","S","null","null",0,0,2018,"-1.1277","-1.1800","0.5669","2.6752","null","null","null",2,1,"Bot","null","null",,,457763,,"180420_015211","-2.0555","-106.1101","1.4490","-7.5071","20.4777","-41.0778","3.6110","1.4774","null","null","null","70.1750","2484","4.4180",529689,621389,457763,474832,605412,446334,543063,453923,491676,457705,"56.0838","null","null","null","null","null","null","null",7,"1","Curveball",0,0,0,0,0,0,0,0,"Strategic","Standard"
"SI","2018-04-19","89.2","2.8169","6.3144","Ty Blach",606466,621389,"null","ball",,,,,"14","null","R","R","L","ARI","SF","B","null","null",1,1,2018,"1.5050","0.6669","1.4403","2.1469","null","null","null",1,1,"Bot","null","null",,,457763,,"180420_015121","-6.1298","-129.2884","-5.3104","17.1924","27.5718","-24.3130","3.7154","1.6221","null","null","null","86.1760","2014","4.6290",529689,621389,457763,474832,605412,446334,543063,453923,491676,457705,"55.8734","null","null","null","null","null","null","null",6,"3","Sinker",0,0,0,0,0,0,0,0,"Standard","Standard"
"CH","2018-04-19","80.0","2.8010","6.4345","Ty Blach",606466,621389,"null","called_strike",,,,,"8","null","R","R","L","ARI","SF","S","null","null",1,0,2018,"1.5431","0.5502","0.1684","1.8015","null","null","null",1,1,"Bot","null","null",,,457763,,"180420_015110","-8.2546","-115.7645","-4.2458","14.7017","22.6341","-26.9886","3.7054","1.5571","null","null","null","77.2460","2058","4.7470",529689,621389,457763,474832,605412,446334,543063,453923,491676,457705,"55.7555","null","null","null","null","null","null","null",6,"2","Changeup",0,0,0,0,0,0,0,0,"Standard","Standard"
"SI","2018-04-19","89.2","2.8548","6.3629","Ty Blach",606466,621389,"null","ball",,,,,"12","null","R","R","L","ARI","SF","B","null","null",0,0,2018,"1.4790","0.8452","1.3281","2.8000","null","null","null",1,1,"Bot","null","null",,,457763,,"180420_015059","-6.4064","-129.3140","-4.2142","16.9073","26.9310","-22.7063","3.7703","1.7320","null","null","null","86.0720","2092","4.4940",529689,621389,457763,474832,605412,446334,543063,453923,491676,457705,"56.0080","null","null","null","null","null","null","null",6,"1","Sinker",0,0,0,0,0,0,0,0,"Standard","Standard"
"CU","2018-04-19","75.6","2.6170","6.5276","Ty Blach",444482,621389,"null","called_strike",,,,,"13","null","R","L","L","ARI","SF","S","null","null",0,1,2018,"-0.5991","-1.0965","-0.3687","1.4273","null","null","null",0,1,"Bot","null","null",,,457763,,"180420_015014","-5.0401","-109.6224","-1.5433","-3.5325","21.3328","-40.4716","3.3803","1.6413","null","null","null","72.7760","2464","4.5770",529689,621389,457763,474832,605412,446334,543063,453923,491676,457705,"55.9252","null","null","null","null","null","null","null",5,"2","Curveball",0,0,0,0,0,0,0,0,"Standard","Standard"
"SI","2018-04-19","87.2","2.7402","6.3720","Ty Blach",444482,621389,"null","called_strike",,,,,"1","null","R","L","L","ARI","SF","S","null","null",0,0,2018,"1.4197","0.8178","-0.2918","3.2072","null","null","null",0,1,"Bot","null","null",,,457763,,"180420_015001","-9.6889","-126.2208","-2.8820","16.3235","25.6653","-23.6180","3.4406","1.6768","null","null","null","84.3550","2063","4.7260",529689,621389,457763,474832,605412,446334,543063,453923,491676,457705,"55.7758","null","null","null","null","null","null","null",5,"1","Sinker",0,0,0,0,0,0,0,0,"Standard","Standard"
"FF","2018-04-19","89.3","-0.8533","6.3829","Zack Greinke",457763,425844,"null","called_strike",,,,,"14","null","R","R","R","ARI","SF","S","null","null",0,1,2018,"-0.0552","1.6252","0.9825","1.9475","null","457705.00","null",2,1,"Top","null","null",,,425772,,"180420_014702","4.6087","-129.7905","-8.2339","-1.5738","26.9251","-12.4939","3.4349","1.6714","null","null","null","88.8760","2403","6.0740",529689,425844,425772,502671,606466,571918,605113,444482,572041,572008,"54.4276","null","null","null","null","null","null","null",4,"2","4-Seam Fastball",0,0,0,0,0,0,0,0,"Standard","Standard"
"CH","2018-04-19","86.6","-1.1659","6.1807","Zack Greinke",457705,425844,"null","ball",,,,,"14","null","R","R","R","ARI","SF","B","null","null",2,2,2018,"-1.2237","0.5924","0.3772","0.6461","null","null","null",2,1,"Top","null","null",,,425772,,"180420_014449","6.0533","-125.7861","-8.1633","-13.9234","21.9128","-24.7309","3.4588","1.7500","null","null","null","86.1530","2019","5.7930",529689,425844,425772,502671,606466,571918,605113,444482,572041,572008,"54.7093","null","null","null","null","null","null","null",3,"5","Changeup",0,0,0,0,0,0,0,0,"Infield shift","Standard"
"FF","2018-04-19","89.4","-0.8175","6.3506","Zack Greinke",457705,425844,"null","ball",,,,,"14","null","R","R","R","ARI","SF","B","null","null",1,1,2018,"-0.3591","1.5633","1.0318","1.4845","null","null","null",2,1,"Top","null","null",,,425772,,"180420_014404","5.2343","-129.8279","-9.0972","-5.0442","26.1325","-13.2043","3.5157","1.5870","null","null","null","88.5280","2317","5.7740",529689,425844,425772,502671,606466,571918,605113,444482,572041,572008,"54.7280","null","null","null","null","null","null","null",3,"3","4-Seam Fastball",0,0,0,0,0,0,0,0,"Infield shift","Standard"
"CH","2018-04-19","85.7","-1.2120","6.1336","Zack Greinke",457705,425844,"null","called_strike",,,,,"4","null","R","R","R","ARI","SF","S","null","null",1,0,2018,"-1.1102","0.2531","-0.3653","2.2214","null","null","null",2,1,"Top","null","null",,,425772,,"180420_014347","4.1548","-124.7265","-3.5286","-12.2072","21.7583","-29.1514","3.5686","1.5852","null","null","null","85.4350","1867","5.8170",529689,425844,425772,502671,606466,571918,605113,444482,572041,572008,"54.6853","null","null","null","null","null","null","null",3,"2","Changeup",0,0,0,0,0,0,0,0,"Infield shift","Standard"
"FT","2018-04-19","89.2","-1.1769","6.2656","Zack Greinke",457705,425844,"null","ball",,,,,"11","null","R","R","R","ARI","SF","B","null","null",0,0,2018,"-0.9227","1.0197","-1.2219","3.0471","null","null","null",2,1,"Top","null","null",,,425772,,"180420_014331","1.7518","-129.8346","-3.9683","-10.5623","25.6246","-20.3391","3.5157","1.6420","null","null","null","88.3580","2251","5.6220",529689,425844,425772,502671,606466,571918,605113,444482,572041,572008,"54.8796","null","null","null","null","null","null","null",3,"1","2-Seam Fastball",0,0,0,0,0,0,0,0,"Infield shift","Standard"
"FF","2018-04-19","90.1","-1.1791","6.2121","Zack Greinke",605412,425844,"null","ball",,,,,"13","null","R","L","R","ARI","SF","B","null","null",2,2,2018,"-0.4625","1.3843","-0.2575","1.1656","null","null","null",1,1,"Top","null","null",,,425772,,"180420_014225","3.2192","-130.8844","-9.4053","-5.8727","24.5700","-14.8545","3.2588","1.4610","null","null","null","89.6520","2307","5.8650",529689,425844,425772,502671,606466,571918,605113,444482,572041,572008,"54.6372","null","null","null","null","null","null","null",2,"6","4-Seam Fastball",0,0,0,0,0,0,0,0,"Standard","Standard"
"FF","2018-04-19","90.7","-0.9628","6.2026","Zack Greinke",605412,425844,"null","ball",,,,,"14","null","R","L","R","ARI","SF","B","null","null",1,2,2018,"-0.1068","1.5875","1.2952","1.5579","null","null","null",1,1,"Top","null","null",,,425772,,"180420_014141","5.8086","-131.7011","-8.9331","-2.3932","26.4599","-12.3777","3.2039","1.4610","null","null","null","89.9980","2439","5.8590",529689,425844,425772,502671,606466,571918,605113,444482,572041,572008,"54.6433","null","null","null","null","null","null","null",2,"4","4-Seam Fastball",0,0,0,0,0,0,0,0,"Standard","Standard"
"CH","2018-04-19","83.9","-1.3586","6.1686","Zack Greinke",605412,425844,"null","ball",,,,,"13","null","R","L","R","ARI","SF","B","null","null",0,1,2018,"-1.1911","0.0946","-0.7748","0.7775","null","null","null",1,1,"Top","null","null",,,425772,,"180420_014058","3.6020","-122.0208","-6.1909","-12.3399","23.3354","-30.3065","3.2475","1.3952","null","null","null","83.0480","1744","5.6920",529689,425844,425772,502671,606466,571918,605113,444482,572041,572008,"54.8098","null","null","null","null","null","null","null",2,"2","Changeup",0,0,0,0,0,0,0,0,"Standard","Standard"
"FF","2018-04-19","86.2","-0.9869","6.2291","Zack Greinke",605412,425844,"null","called_strike",,,,,"8","null","R","L","R","ARI","SF","S","null","null",0,0,2018,"-0.3757","1.5656","0.2087","1.3271","null","null","null",1,1,"Top","null","null",,,425772,,"180420_014042","3.5275","-125.0794","-8.3409","-4.5613","25.5627","-14.7240","3.1213","1.4336","null","null","null","84.8700","2254","5.6150",529689,425844,425772,502671,606466,571918,605113,444482,572041,572008,"54.8871","null","null","null","null","null","null","null",2,"1","4-Seam Fastball",0,0,0,0,0,0,0,0,"Standard","Standard"