"pitch_type","game_date","release_speed","release_pos_x","release_pos_z","player_name","batter","pitcher","events","description","spin_dir","spin_rate_deprecated","break_angle_deprecated","break_length_deprecated","zone","des","game_type","stand","p_throws","home_team","away_team","type","hit_location","bb_type","balls","strikes","game_year","pfx_x","pfx_z","plate_x","plate_z","on_3b","on_2b","on_1b","outs_when_up","inning","inning_topbot","hc_x","hc_y","tfs_deprecated","tfs_zulu_deprecated","pos2_person_id","umpire","sv_id","vx0","vy0","vz0","ax","ay","az","sz_top","sz_bot","hit_distance_sc","launch_speed","launch_angle","effective_speed","release_spin_rate","release_extension","game_pk","pos1_person_id","pos2_person_id","pos3_person_id","pos4_person_id","pos5_person_id","pos6_person_id","pos7_person_id","pos8_person_id","pos9_person_id","release_pos_y","estimated_ba_using_speedangle","estimated_woba_using_speedangle","woba_value","woba_denom","babip_value","iso_value","launch_speed_angle","at_bat_number","pitch_number","pitch_name","home_score","away_score","bat_score","fld_score","post_away_score","post_home_score","post_bat_score","post_fld_score","if_fielding_alignment","of_fielding_alignment"
"FF","2018-09-09","96.8","-2.3936","5.9265","Corey Knebel",491676,608349,"null","called_strike",,,,,"9","null","R","R","R","MIL","SF","S","null","null",0,0,2018,"-0.6523","1.1550","0.6787","1.8686","null","null","null",1,9,"Top","null","null",,,456124,,"180909_210124","9.6855","-140.5706","-7.9200","-10.7659","30.0442","-15.2839","3.3853","1.5550","null","null","null","97.0120","2527","6.3950",531552,608349,456124,542583,570731,541650,606115,592885,456715,542979,"54.1048","null","null","null","null","null","null","null",68,"1","4-Seam Fastball",6,3,3,6,3,6,3,6,"Standard","Standard"
"KC","2018-09-09","80.7","-2.4803","5.8396","Corey Knebel",474832,608349,"null","ball",,,,,"11","null","R","L","R","MIL","SF","B","null","null",0,0,2018,"0.6853","-1.3099","-1.1116","4.2444","null","null","null",0,9,"Top","null","null",,,456124,,"180909_205951","1.7444","-117.0530","5.6098","5.7050","25.6884","-45.3283","3.2981","1.6250","null","null","null","79.0830","2597","5.7130",531552,608349,456124,542583,570731,541650,606115,592885,456715,542979,"54.7867","null","null","null","null","null","null","null",67,"1","Knuckle Curve",6,3,3,6,3,6,3,6,"Standard","Standard"
"KC","2018-09-09","81.9","-2.4674","5.8577","Corey Knebel",460026,608349,"null","called_strike",,,,,"6","null","R","R","R","MIL","SF","S","null","null",2,1,2018,"0.5609","-1.2541","0.6439","2.3398","596103.00","null","null",2,8,"Top","null","null",,,456124,,"180909_204141","5.9020","-119.0972","0.9869","4.0714","23.2435","-44.2942","3.3272","1.5350","null","null","null","81.0210","2517","5.7640",531552,608349,456124,542583,570731,541650,606115,460075,456715,592885,"54.7353","null","null","null","null","null","null","null",60,"4","Knuckle Curve",5,3,3,5,3,5,3,5,"Standard","Standard"
"FF","2018-09-09","96.2","-2.6131","5.9943","Corey Knebel",460026,608349,"null","ball",,,,,"12","null","R","R","R","MIL","SF","B","null","null",1,1,2018,"-0.3244","1.2658","0.8928","3.6488","596103.00","null","null",2,8,"Top","null","null",,,456124,,"180909_204121","10.0164","-139.8269","-3.5418","-6.2586","27.5541","-14.9479","3.4725","1.5861","null","null","null","96.5780","2316","6.2870",531552,608349,456124,542583,570731,541650,606115,460075,456715,592885,"54.2125","null","null","null","null","null","null","null",60,"3","4-Seam Fastball",5,3,3,5,3,5,3,5,"Standard","Standard"
"KC","2018-09-09","81.0","-2.6117","5.8634","Corey Knebel",460026,608349,"null","ball",,,,,"11","null","R","R","R","MIL","SF","B","null","null",0,0,2018,"0.5573","-1.1998","-0.9338","3.7148","596103.00","null","null",2,8,"Top","null","null",,,456124,,"180909_204043","2.6751","-117.7268","3.9769","4.5811","21.2897","-44.0399","3.3651","1.6442","null","null","null","80.0510","2428","5.5950",531552,608349,456124,542583,570731,541650,606115,460075,456715,592885,"54.9047","null","null","null","null","null","null","null",60,"1","Knuckle Curve",5,3,3,5,3,5,3,5,"Standard","Standard"
"CU","2018-09-09","69.3","-2.0818","6.0754","Joakim Soria",543063,465657,"null","ball",,,,,"14","null","R","L","R","MIL","SF","B","null","null",0,0,2018,"0.9301","-1.5091","0.2597","0.3882","null","null","null",2,8,"Top","null","null",,,456124,,"180909_203201","2.9487","-100.7303","-0.4779","5.5194","20.3471","-42.2957","3.3272","1.5850","null","null","null","68.0250","2605","5.8780",531552,465657,456124,542583,570731,541650,606115,460075,456715,592885,"54.6216","null","null","null","null","null","null","null",58,"1","Curveball",5,2,2,5,2,5,2,5,"Standard","Standard"
"CH","2018-09-09","87.7","-3.2645","5.0044","Joakim Soria",446334,465657,"null","ball",,,,,"14","null","R","R","R","MIL","SF","B","null","null",1,2,2018,"-0.7954","-0.0455","0.2498","0.5885","null","null","null",1,8,"Top","null","null",,,456124,,"180909_203030","10.1014","-127.4815","-4.5626","-10.3859","20.3354","-32.1194","3.7051","1.7895","null","null","null","88.2900","1246","6.2220",531552,465657,456124,542583,570731,541650,606115,460075,456715,592885,"54.2776","null","null","null","null","null","null","null",57,"4","Changeup",5,2,2,5,2,5,2,5,"Standard","Standard"
"SL","2018-09-09","80.6","-2.8015","5.1665","Joakim Soria",446334,465657,"null","ball",,,,,"14","null","R","R","R","MIL","SF","B","null","null",0,2,2018,"1.3664","0.3793","2.1360","2.1543","null","null","null",1,8,"Top","null","null",,,456124,,"180909_203005","8.3556","-117.1030","-0.6871","10.7669","23.2277","-28.8264","3.7051","1.7023","null","null","null","80.0720","2847","6.1260",531552,465657,456124,542583,570731,541650,606115,460075,456715,592885,"54.3735","null","null","null","null","null","null","null",57,"3","Slider",5,2,2,5,2,5,2,5,"Standard","Standard"
"FF","2018-09-09","93.2","-2.8917","5.2214","Joakim Soria",446334,465657,"null","called_strike",,,,,"2","null","R","R","R","MIL","SF","S","null","null",0,0,2018,"-0.3014","1.3602","0.1455","3.5496","null","null","null",1,8,"Top","null","null",,,456124,,"180909_202922","8.5021","-135.5450","-1.5674","-5.4979","27.7877","-15.0985","3.8214","1.8186","null","null","null","93.7950","2254","6.5310",531552,465657,456124,542583,570731,541650,606115,460075,456715,592885,"53.9685","null","null","null","null","null","null","null",57,"1","4-Seam Fastball",5,2,2,5,2,5,2,5,"Standard","Standard"
"FF","2018-09-09","92.2","-2.2606","5.7855","Joakim Soria",605412,465657,"null","ball",,,,,"11","null","R","L","R","MIL","SF","B","null","null",2,2,2018,"-0.4150","1.2934","-0.9765","3.9039","null","null","null",0,8,"Top","null","null",,,456124,,"180909_202814","4.1273","-134.2341","-1.7756","-5.7901","26.1427","-16.4978","3.2400","1.4989","null","null","null","92.0850","2202","5.9680",531552,465657,456124,542583,570731,541650,606115,460075,456715,592885,"54.5311","null","null","null","null","null","null","null",56,"5","4-Seam Fastball",5,2,2,5,2,5,2,5,"Standard","Standard"
"FF","2018-09-09","91.9","-2.1012","5.9068","Joakim Soria",605412,465657,"null","ball",,,,,"11","null","R","L","R","MIL","SF","B","null","null",1,2,2018,"-0.3890","1.3864","-0.6534","4.1668","null","null","null",0,8,"Top","null","null",,,456124,,"180909_202754","4.4723","-133.7367","-1.5464","-5.5387","27.2533","-15.5873","3.2400","1.5550","null","null","null","91.6110","2254","5.9880",531552,465657,456124,542583,570731,541650,606115,460075,456715,592885,"54.5111","null","null","null","null","null","null","null",56,"4","4-Seam Fastball",5,2,2,5,2,5,2,5,"Standard","Standard"
"FF","2018-09-09","91.0","-2.4376","5.7334","Joakim Soria",605412,465657,"null","called_strike",,,,,"7","null","R","L","R","MIL","SF","S","null","null",1,0,2018,"-0.5090","1.1528","-0.4911","1.6924","null","null","null",0,8,"Top","null","null",,,456124,,"180909_202701","5.9399","-132.2475","-6.6723","-7.1508","26.6761","-17.5608","3.2691","1.5550","null","null","null","90.8400","2189","6.1420",531552,465657,456124,542583,570731,541650,606115,460075,456715,592885,"54.3570","null","null","null","null","null","null","null",56,"2","4-Seam Fastball",5,2,2,5,2,5,2,5,"Standard","Standard"
"FF","2018-09-09","91.8","-2.2923","5.9311","Joakim Soria",605412,465657,"null","ball",,,,,"11","null","R","L","R","MIL","SF","B","null","null",0,0,2018,"-0.4712","1.2622","-0.7530","4.3553","null","null","null",0,8,"Top","null","null",,,456124,,"180909_202643","4.8991","-133.6608","-0.8657","-6.6535","28.1619","-17.1515","3.1528","1.4989","null","null","null","91.7480","2302","6.1750",531552,465657,456124,542583,570731,541650,606115,460075,456715,592885,"54.3240","null","null","null","null","null","null","null",56,"1","4-Seam Fastball",5,2,2,5,2,5,2,5,"Standard","Standard"
"FC","2018-09-09","86.0","1.8879","6.5259","Xavier Cedeno",488818,458584,"null","called_strike",,,,,"4","null","R","R","L","MIL","SF","S","null","null",0,0,2018,"-0.8605","0.7002","-0.5477","2.2835","null","491676.00","null",2,7,"Top","null","null",,,456124,,"180909_201401","-4.0299","-125.1867","-5.1982","-8.1667","21.2961","-24.3093","3.5598","1.6442","null","null","null","85.1890","2346","5.3950",531552,458584,456124,542583,570731,541650,606115,460075,456715,592885,"55.1043","null","null","null","null","null","null","null",52,"1","Cutter",5,2,2,5,2,5,2,5,"Standard","Standard"
"FC","2018-09-09","86.2","1.6039","6.5715","Xavier Cedeno",452254,458584,"null","ball",,,,,"13","null","R","R","L","MIL","SF","B","null","null",0,1,2018,"-0.8048","0.4839","-1.5421","1.0395","null","491676.00","null",1,7,"Top","null","null",,,456124,,"180909_201209","-5.7954","-125.2159","-7.7743","-7.2209","22.5815","-26.0357","3.5598","1.7314","null","null","null","85.1100","2309","5.4410",531552,458584,456124,542583,570731,541650,606115,460075,456715,592885,"55.0586","null","null","null","null","null","null","null",51,"2","Cutter",5,2,2,5,2,5,2,5,"Standard","Standard"
"FF","2018-09-09","97.2","-1.4456","5.9872","Brandon Woodruff",491676,605540,"null","ball",,,,,"14","null","R","R","R","MIL","SF","B","null","null",0,1,2018,"-0.8260","1.2966","1.3010","1.8817","null","null","null",1,7,"Top","null","null",,,456124,,"180909_200704","9.2790","-141.1639","-8.4854","-13.1290","30.0407","-13.0516","3.4144","1.5550","null","null","null","97.6490","2179","6.5050",531552,605540,456124,542583,570731,541650,606115,460075,456715,592885,"53.9947","null","null","null","null","null","null","null",50,"2","4-Seam Fastball",5,2,2,5,2,5,2,5,"Standard","Standard"
"FF","2018-09-09","97.1","-1.6850","6.0165","Brandon Woodruff",474832,605540,"null","ball",,,,,"12","null","R","L","R","MIL","SF","B","null","null",0,2,2018,"-0.6579","1.1793","0.5718","4.3334","null","null","null",0,7,"Top","null","null",,,456124,,"180909_200556","7.5666","-141.3296","-1.7073","-10.5026","30.5521","-16.1110","3.3563","1.6250","null","null","null","97.5440","2310","6.4120",531552,605540,456124,542583,570731,541650,606115,460075,456715,592885,"54.0874","null","null","null","null","null","null","null",49,"3","4-Seam Fastball",5,2,2,5,2,5,2,5,"Strategic","Standard"
"SL","2018-09-09","80.2","-1.7772","5.9880","Brandon Woodruff",474832,605540,"null","called_strike",,,,,"13","null","R","L","R","MIL","SF","S","null","null",0,1,2018,"0.1860","-0.1205","-0.9383","1.7976","null","null","null",0,7,"Top","null","null",,,456124,,"180909_200539","1.4992","-116.7612","-2.3486","1.4006","21.6038","-33.0587","3.2981","1.6250","null","null","null","79.7700","null","5.9250",531552,605540,456124,542583,570731,541650,606115,460075,456715,592885,"54.5744","null","null","null","null","null","null","null",49,"2","Slider",5,2,2,5,2,5,2,5,"Strategic","Standard"
"FF","2018-09-09","94.0","-1.7092","6.0367","Brandon Woodruff",474832,605540,"null","called_strike",,,,,"11","null","R","L","R","MIL","SF","S","null","null",0,0,2018,"-0.9930","0.9877","-0.8773","2.7159","null","null","null",0,7,"Top","null","null",,,456124,,"180909_200522","4.3430","-136.7841","-5.0986","-13.3805","28.3316","-18.9097","3.3272","1.6250","null","null","null","94.1890","1952","6.2630",531552,605540,456124,542583,570731,541650,606115,460075,456715,592885,"54.2359","null","null","null","null","null","null","null",49,"1","4-Seam Fastball",5,2,2,5,2,5,2,5,"Strategic","Standard"
"FF","2018-09-09","97.8","-0.8562","6.2029","Corbin Burnes",460026,669203,"strikeout","called_strike",,,,,"5","Nick Hundley called out on strikes.  ","R","R","R","MIL","SF","S",2,"null",1,2,2018,"-0.6528","1.2838","0.0123","2.5488","null","543063.00","null",2,6,"Top","null","null",,,456124,,"180909_194117","3.7995","-142.3099","-7.2709","-9.6067","30.0685","-13.5386","3.3563","1.6152","null","null","null","97.5550","2640","5.9750",531552,669203,456124,542583,570731,519058,541650,460075,456715,592885,"54.5247","null","null","0.00",1,0,0,"null",41,"4","4-Seam Fastball",1,2,2,1,2,1,2,1,"Standard","Standard"
"SL","2018-09-09","87.9","-0.8723","6.0728","Corbin Burnes",460026,669203,"null","ball",,,,,"14","null","R","R","R","MIL","SF","B","null","null",0,2,2018,"0.2134","0.3015","1.6444","1.7985","null","543063.00","null",2,6,"Top","null","null",,,456124,,"180909_194041","5.5818","-127.7478","-4.8067","1.2080","24.5658","-28.2667","3.3853","1.5350","null","null","null","86.8240","2648","5.5260",531552,669203,456124,542583,570731,519058,541650,460075,456715,592885,"54.9734","null","null","null","null","null","null","null",41,"3","Slider",1,2,2,1,2,1,2,1,"Standard","Standard"
"FF","2018-09-09","94.9","-0.9215","6.1719","Corbin Burnes",596103,669203,"null","called_strike",,,,,"9","null","R","R","R","MIL","SF","S","null","null",0,0,2018,"0.1982","1.3861","0.2862","2.0607","null","null","543063.00",1,6,"Top","null","null",,,456124,,"180909_193741","2.7080","-138.0304","-8.1245","1.9161","30.2733","-13.0609","3.2691","1.5850","null","null","null","94.5260","2614","6.0630",531552,669203,456124,542583,570731,519058,541650,460075,456715,592885,"54.4362","null","null","null","null","null","null","null",40,"1","4-Seam Fastball",1,2,2,1,2,1,2,1,"Standard","Standard"
"FF","2018-09-09","94.7","-1.0967","6.0621","Corbin Burnes",543063,669203,"null","called_strike",,,,,"9","null","R","L","R","MIL","SF","S","null","null",3,0,2018,"0.0032","1.2373","0.5684","2.0308","null","null","null",1,6,"Top","null","null",,,456124,,"180909_193608","4.3195","-137.7876","-7.5798","-0.8553","28.5818","-15.1435","3.4144","1.5850","null","null","null","94.5430","2664","6.0550",531552,669203,456124,542583,570731,519058,541650,460075,456715,592885,"54.4443","null","null","null","null","null","null","null",39,"4","4-Seam Fastball",1,2,2,1,2,1,2,1,"Strategic","Standard"
"FF","2018-09-09","94.4","-1.1158","5.9897","Corbin Burnes",543063,669203,"null","ball",,,,,"13","null","R","L","R","MIL","SF","B","null","null",2,0,2018,"-0.2629","1.0229","-0.2304","1.3762","null","null","null",1,6,"Top","null","null",,,456124,,"180909_193550","2.8558","-137.3093","-8.5471","-3.8589","26.6775","-17.8673","3.3853","1.5850","null","null","null","94.1760","2600","5.9080",531552,669203,456124,542583,570731,519058,541650,460075,456715,592885,"54.5911","null","null","null","null","null","null","null",39,"3","4-Seam Fastball",1,2,2,1,2,1,2,1,"Standard","Standard"
"FF","2018-09-09","94.4","-0.9731","6.1468","Corbin Burnes",543063,669203,"null","ball",,,,,"13","null","R","L","R","MIL","SF","B","null","null",1,0,2018,"-0.3075","1.2523","-0.1266","1.2651","null","null","null",1,6,"Top","null","null",,,456124,,"180909_193534","2.8532","-137.2303","-9.7302","-4.4215","26.9266","-14.7446","3.4725","1.6442","null","null","null","94.1500","2531","5.9450",531552,669203,456124,542583,570731,519058,541650,460075,456715,592885,"54.5545","null","null","null","null","null","null","null",39,"2","4-Seam Fastball",1,2,2,1,2,1,2,1,"Standard","Standard"
"SL","2018-09-09","79.9","-0.8883","6.2105","Corbin Burnes",543063,669203,"null","ball",,,,,"13","null","R","L","R","MIL","SF","B","null","null",0,0,2018,"0.6020","0.0825","-0.6899","0.7103","null","null","null",1,6,"Top","null","null",,,456124,,"180909_193515","-0.6487","-116.1682","-5.4897","5.4283","20.5044","-30.7207","3.3563","1.5850","null","null","null","78.8850","2602","5.4970",531552,669203,456124,542583,570731,519058,541650,460075,456715,592885,"55.0028","null","null","null","null","null","null","null",39,"1","Slider",1,2,2,1,2,1,2,1,"Standard","Standard"
"SL","2018-09-09","86.0","-1.0157","6.1089","Corbin Burnes",446334,669203,"null","ball",,,,,"11","null","R","R","R","MIL","SF","B","null","null",1,0,2018,"0.3895","0.3632","-0.6046","3.8630","null","null","null",0,6,"Top","null","null",,,456124,,"180909_193417","0.2098","-125.2104","0.1418","3.9566","23.1367","-28.7133","3.6179","1.7314","null","null","null","85.0500","2558","5.4530",531552,669203,456124,542583,570731,519058,541650,460075,456715,592885,"55.0466","null","null","null","null","null","null","null",38,"2","Slider",1,2,2,1,2,1,2,1,"Standard","Standard"
"FF","2018-09-09","91.2","-1.0152","6.2824","Corbin Burnes",446334,669203,"null","ball",,,,,"12","null","R","R","R","MIL","SF","B","null","null",0,0,2018,"-0.1283","1.2004","1.4824","4.1450","null","null","null",0,6,"Top","null","null",,,456124,,"180909_193402","6.5367","-132.7168","-2.0684","-2.8383","26.9196","-17.8214","3.6760","1.7023","null","null","null","91.1930","2306","6.1650",531552,669203,456124,542583,570731,519058,541650,460075,456715,592885,"54.3345","null","null","null","null","null","null","null",38,"1","4-Seam Fastball",1,2,2,1,2,1,2,1,"Standard","Standard"
"CH","2018-09-09","80.9","-2.2111","5.4148","Zach Davies",605412,605200,"null","ball",,,,,"11","null","R","L","R","MIL","SF","B","null","null",1,0,2018,"-1.2689","0.5905","-1.8440","3.0035","491676.00","null","518516.00",2,5,"Top","null","null",,,456124,,"180909_192345","3.1643","-117.8299","0.1008","-12.2285","20.9445","-26.9887","3.2400","1.5550","null","null","null","80.5310","1871","5.8410",531552,605200,456124,542583,570731,519058,541650,460075,456715,592885,"54.6584","null","null","null","null","null","null","null",34,"2","Changeup",1,2,2,1,2,1,2,1,"Standard","Standard"
"FC","2018-09-09","88.8","-2.3422","5.4726","Zach Davies",605412,605200,"null","ball",,,,,"11","null","R","L","R","MIL","SF","B","null","null",0,0,2018,"-0.5940","1.1428","-1.0817","4.1527","491676.00","null","518516.00",2,5,"Top","null","null",,,456124,,"180909_192326","4.3237","-129.3234","0.3929","-7.5199","25.3343","-19.6185","3.2981","1.5550","null","null","null","89.0470","2462","6.2610",531552,605200,456124,542583,570731,519058,541650,460075,456715,592885,"54.2382","null","null","null","null","null","null","null",34,"1","Cutter",1,2,2,1,2,1,2,1,"Standard","Standard"
"FT","2018-09-09","91.8","-2.2035","5.3591","Zach Davies",518516,605200,"null","ball",,,,,"14","null","R","R","R","MIL","SF","B","null","null",2,2,2018,"-1.3356","0.8098","1.1956","2.4979","null","474832.00","491676.00",1,5,"Top","null","null",,,456124,,"180909_192117","11.3566","-133.2501","-3.1433","-17.9731","24.4679","-22.1620","3.5451","1.6250","null","null","null","91.6410","2175","6.0080",531552,605200,456124,542583,570731,519058,541650,460075,456715,592885,"54.4914","null","null","null","null","null","null","null",32,"5","2-Seam Fastball",1,1,1,1,1,1,1,1,"Standard","Standard"
"FT","2018-09-09","90.5","-2.2592","5.2685","Zach Davies",518516,605200,"null","ball",,,,,"14","null","R","R","R","MIL","SF","B","null","null",1,1,2018,"-1.6434","0.8438","0.8792","1.5744","null","474832.00","491676.00",1,5,"Top","null","null",,,456124,,"180909_192008","11.2467","-131.2265","-5.0055","-21.2384","27.3780","-21.6495","3.5598","1.7023","null","null","null","90.0580","2183","6.1820",531552,605200,456124,542583,570731,519058,541650,460075,456715,592885,"54.3172","null","null","null","null","null","null","null",32,"3","2-Seam Fastball",1,1,1,1,1,1,1,1,"Standard","Standard"
"FT","2018-09-09","90.1","-2.3351","5.2904","Zach Davies",518516,605200,"null","ball",,,,,"14","null","R","R","R","MIL","SF","B","null","null",0,1,2018,"-1.8157","0.8967","0.0394","1.2578","null","474832.00","491676.00",1,5,"Top","null","null",,,456124,,"180909_191945","9.6754","-130.8117","-5.9027","-22.7300","26.8718","-20.9362","3.6179","1.7023","null","null","null","89.7780","2163","6.1580",531552,605200,456124,542583,570731,519058,541650,460075,456715,592885,"54.3414","null","null","null","null","null","null","null",32,"2","2-Seam Fastball",1,1,1,1,1,1,1,1,"Standard","Standard"
"FT","2018-09-09","89.7","-2.2393","5.3784","Zach Davies",518516,605200,"null","called_strike",,,,,"6","null","R","R","R","MIL","SF","S","null","null",0,0,2018,"-1.4436","0.8691","0.3492","2.5242","null","474832.00","491676.00",1,5,"Top","null","null",,,456124,,"180909_191922","9.3586","-130.2588","-2.8844","-18.1862","25.4280","-21.9748","3.5598","1.7023","null","null","null","89.4280","2106","6.0770",531552,605200,456124,542583,570731,519058,541650,460075,456715,592885,"54.4225","null","null","null","null","null","null","null",32,"1","2-Seam Fastball",1,1,1,1,1,1,1,1,"Standard","Standard"
"FT","2018-09-09","90.2","-2.2553","5.3764","Zach Davies",474832,605200,"walk","ball",,,,,"14","Brandon Belt walks.   Nick Hundley to 2nd.  ","R","L","R","MIL","SF","B","null","null",3,1,2018,"-1.6790","0.6912","0.5125","1.5466","null","null","460026.00",0,5,"Top","null","null",,,456124,,"180909_191747","10.2424","-130.7624","-4.9044","-21.0529","27.4361","-23.6044","3.4144","1.7023","null","null","null","89.0960","2153","5.8030",531552,605200,456124,542583,570731,519058,541650,460075,456715,592885,"54.6961","null","null","0.70",1,0,0,"null",30,"5","2-Seam Fastball",1,1,1,1,1,1,1,1,"Standard","Standard"
"FC","2018-09-09","87.2","-2.3229","5.4489","Zach Davies",474832,605200,"null","ball",,,,,"11","null","R","L","R","MIL","SF","B","null","null",2,1,2018,"-0.5438","1.3252","-1.2490","4.7625","null","null","460026.00",0,5,"Top","null","null",,,456124,,"180909_191722","3.6390","-126.8956","1.8327","-6.5081","26.4344","-18.7928","3.3853","1.5570","null","null","null","86.3330","2251","5.7720",531552,605200,456124,542583,570731,519058,541650,460075,456715,592885,"54.7271","null","null","null","null","null","null","null",30,"4","Cutter",1,1,1,1,1,1,1,1,"Standard","Standard"
"FT","2018-09-09","88.1","-2.3962","5.4489","Zach Davies",474832,605200,"null","ball",,,,,"13","null","R","L","R","MIL","SF","B","null","null",1,1,2018,"-1.4775","0.9966","-1.7154","2.3952","null","null","460026.00",0,5,"Top","null","null",,,456124,,"180909_191703","4.5954","-128.0671","-3.2535","-16.8369","28.2722","-21.0477","3.4435","1.6250","null","null","null","86.8610","2119","5.7150",531552,605200,456124,542583,570731,519058,541650,460075,456715,592885,"54.7841","null","null","null","null","null","null","null",30,"3","2-Seam Fastball",1,1,1,1,1,1,1,1,"Standard","Standard"
"FT","2018-09-09","89.6","-2.3557","5.4480","Zach Davies",624507,605200,"null","ball",,,,,"11","null","R","L","R","MIL","SF","B","null","null",0,0,2018,"-1.6255","0.8646","-1.6047","2.8059","null","null","460026.00",0,5,"Top","null","null",,,456124,,"180909_191342","5.1576","-130.3795","-2.3390","-19.2724","25.3710","-22.2282","3.4725","1.7314","null","null","null","89.0390","2393","5.7760",531552,605200,456124,542583,570731,519058,541650,460075,456715,592885,"54.7237","null","null","null","null","null","null","null",30,"1","2-Seam Fastball",1,1,1,1,1,1,1,1,"Infield shift","Standard"
"FT","2018-09-09","89.5","-2.2694","5.4423","Zach Davies",460026,605200,"null","ball",,,,,"13","null","R","R","R","MIL","SF","B","null","null",0,1,2018,"-1.4022","1.2664","-0.7461","1.4531","null","null","null",0,5,"Top","null","null",,,456124,,"180909_191156","6.6281","-130.0698","-6.4554","-17.0972","25.4277","-16.8576","3.4144","1.6152","null","null","null","89.1710","2181","6.0040",531552,605200,456124,542583,570731,519058,541650,460075,456715,592885,"54.4955","null","null","null","null","null","null","null",29,"2","2-Seam Fastball",1,1,1,1,1,1,1,1,"Standard","Standard"
"FT","2018-09-09","89.2","-2.2995","5.4546","Zach Davies",460026,605200,"null","called_strike",,,,,"5","null","R","R","R","MIL","SF","S","null","null",0,0,2018,"-1.4824","1.1392","-0.1279","2.4573","null","null","null",0,5,"Top","null","null",,,456124,,"180909_191142","8.3022","-129.5964","-3.6697","-18.1024","25.6509","-19.0283","3.4725","1.6442","null","null","null","88.4960","2280","5.8180",531552,605200,456124,542583,570731,519058,541650,460075,456715,592885,"54.6811","null","null","null","null","null","null","null",29,"1","2-Seam Fastball",1,1,1,1,1,1,1,1,"Standard","Standard"
"FT","2018-09-09","90.6","-2.0509","5.4138","Zach Davies",596103,605200,"null","ball",,,,,"14","null","R","R","R","MIL","SF","B","null","null",0,1,2018,"-1.4831","1.1030","2.0547","1.5408","null","446334.00","543063.00",1,4,"Top","null","null",,,456124,,"180909_190208","13.3635","-131.1511","-5.9828","-20.0062","29.0542","-18.3960","3.5307","1.6733","null","null","null","90.0440","2305","6.3450",531552,605200,456124,542583,570731,519058,541650,460075,456715,592885,"54.1548","null","null","null","null","null","null","null",25,"2","2-Seam Fastball",1,1,1,1,1,1,1,1,"Standard","Standard"
"FT","2018-09-09","90.6","-2.1075","5.4094","Zach Davies",596103,605200,"null","called_strike",,,,,"9","null","R","R","R","MIL","SF","S","null","null",0,0,2018,"-1.7370","0.9286","0.8226","1.9462","null","446334.00","543063.00",1,4,"Top","null","null",,,456124,,"180909_190142","10.9862","-131.4467","-4.6721","-22.3922","26.7076","-20.6558","3.5307","1.7605","null","null","null","90.5070","2314","6.3030",531552,605200,456124,542583,570731,519058,541650,460075,456715,592885,"54.1963","null","null","null","null","null","null","null",25,"1","2-Seam Fastball",1,1,1,1,1,1,1,1,"Standard","Standard"
"CH","2018-09-09","81.6","-2.2743","5.4200","Zach Davies",543063,605200,"null","called_strike",,,,,"13","null","R","L","R","MIL","SF","S","null","null",1,0,2018,"-1.4326","0.8779","-0.8464","2.4894","null","null","446334.00",1,4,"Top","null","null",,,456124,,"180909_190029","5.8799","-118.5937","-1.6371","-14.4563","23.0062","-23.9349","3.4725","1.7023","null","null","null","80.9560","1893","5.9510",531552,605200,456124,542583,570731,519058,541650,460075,456715,592885,"54.5484","null","null","null","null","null","null","null",24,"2","Changeup",1,1,1,1,1,1,1,1,"Standard","Standard"
"FT","2018-09-09","90.7","-2.3971","5.4312","Zach Davies",543063,605200,"null","ball",,,,,"11","null","R","L","R","MIL","SF","B","null","null",0,0,2018,"-1.5263","1.1462","-1.0168","2.7442","null","null","446334.00",1,4,"Top","null","null",,,456124,,"180909_190008","6.6066","-131.7782","-3.1583","-18.9293","28.3368","-18.5861","3.5598","1.7895","null","null","null","89.9350","2467","5.9330",531552,605200,456124,542583,570731,519058,541650,460075,456715,592885,"54.5666","null","null","null","null","null","null","null",24,"1","2-Seam Fastball",1,1,1,1,1,1,1,1,"Standard","Standard"
"FT","2018-09-09","91.7","-2.3449","5.3047","Zach Davies",446334,605200,"null","ball",,,,,"13","null","R","R","R","MIL","SF","B","null","null",0,1,2018,"-1.6092","1.0765","-1.2514","1.1934","null","null","null",1,4,"Top","null","null",,,456124,,"180909_185907","6.1772","-133.2507","-6.8013","-20.3339","28.0417","-18.2323","3.7342","1.7605","null","null","null","91.3480","2335","6.1080",531552,605200,456124,542583,570731,519058,541650,460075,456715,592885,"54.3918","null","null","null","null","null","null","null",23,"2","2-Seam Fastball",1,1,1,1,1,1,1,1,"Infield shift","Standard"
"FT","2018-09-09","91.1","-2.2339","5.4224","Zach Davies",446334,605200,"null","called_strike",,,,,"5","null","R","R","R","MIL","SF","S","null","null",0,0,2018,"-1.6560","0.8627","-0.1429","2.6480","null","null","null",1,4,"Top","null","null",,,456124,,"180909_185854","8.7134","-132.4184","-2.8983","-21.1180","27.0033","-21.7259","3.7342","1.7605","null","null","null","90.7770","2310","6.0530",531552,605200,456124,542583,570731,519058,541650,460075,456715,592885,"54.4465","null","null","null","null","null","null","null",23,"1","2-Seam Fastball",1,1,1,1,1,1,1,1,"Infield shift","Standard"
"FT","2018-09-09","89.6","-2.3461","5.4710","Zach Davies",605412,605200,"null","called_strike",,,,,"5","null","R","L","R","MIL","SF","S","null","null",3,0,2018,"-1.4737","1.0895","-0.1980","2.3910","null","null","null",0,4,"Top","null","null",,,456124,,"180909_185806","8.3270","-130.1462","-3.8440","-18.3141","27.1640","-19.3463","3.1818","1.5550","null","null","null","89.0700","2230","6.0490",531552,605200,456124,542583,570731,519058,541650,460075,456715,592885,"54.4505","null","null","null","null","null","null","null",22,"4","2-Seam Fastball",1,1,1,1,1,1,1,1,"Strategic","Standard"
"FT","2018-09-09","89.5","-2.3645","5.4109","Zach Davies",605412,605200,"null","ball",,,,,"14","null","R","L","R","MIL","SF","B","null","null",2,0,2018,"-1.6906","1.0051","0.0083","0.9795","null","null","null",0,4,"Top","null","null",,,456124,,"180909_185751","9.3132","-129.8280","-6.9463","-20.8766","26.9490","-19.6960","3.2981","1.5550","null","null","null","88.9040","2216","6.0740",531552,605200,456124,542583,570731,519058,541650,460075,456715,592885,"54.4250","null","null","null","null","null","null","null",22,"3","2-Seam Fastball",1,1,1,1,1,1,1,1,"Standard","Standard"
"CH","2018-09-09","82.1","-2.3536","5.4869","Zach Davies",605412,605200,"null","ball",,,,,"14","null","R","L","R","MIL","SF","B","null","null",1,0,2018,"-1.6295","0.4637","0.3772","0.4460","null","null","null",0,4,"Top","null","null",,,456124,,"180909_185735","9.0983","-119.0207","-5.6245","-16.8333","22.1446","-27.0625","3.3563","1.5550","null","null","null","80.9360","1896","5.6360",531552,605200,456124,542583,570731,519058,541650,460075,456715,592885,"54.8634","null","null","null","null","null","null","null",22,"2","Changeup",1,1,1,1,1,1,1,1,"Standard","Standard"
"FT","2018-09-09","89.1","-2.4398","5.4948","Zach Davies",605412,605200,"null","ball",,,,,"13","null","R","L","R","MIL","SF","B","null","null",0,0,2018,"-1.5749","0.8678","-1.2603","1.9657","null","null","null",0,4,"Top","null","null",,,456124,,"180909_185724","6.0841","-129.5114","-4.3895","-18.6919","26.4363","-21.8972","3.1818","1.5550","null","null","null","88.3960","2087","5.8600",531552,605200,456124,542583,570731,519058,541650,460075,456715,592885,"54.6397","null","null","null","null","null","null","null",22,"1","2-Seam Fastball",1,1,1,1,1,1,1,1,"Standard","Standard"
"CH","2018-09-09","81.0","-2.2931","5.4757","Zach Davies",453923,605200,"null","ball",,,,,"13","null","R","L","R","MIL","SF","B","null","null",1,2,2018,"-1.2301","0.2586","-1.2230","1.2033","null","null","null",2,3,"Top","null","null",,,456124,,"180909_184821","4.6937","-117.8121","-3.4120","-12.2428","21.1692","-29.3791","3.1818","1.4950","null","null","null","80.8660","1694","6.1020",531552,605200,456124,542583,570731,519058,541650,460075,456715,592885,"54.3973","null","null","null","null","null","null","null",18,"4","Changeup",1,1,1,1,1,1,1,1,"Standard","Standard"
"FF","2018-09-09","88.3","-2.3614","5.4001","Zach Davies",453923,605200,"null","called_strike",,,,,"6","null","R","L","R","MIL","SF","S","null","null",1,1,2018,"-0.8179","1.1017","0.5464","2.0189","null","null","null",2,3,"Top","null","null",,,456124,,"180909_184807","8.7039","-128.2213","-4.3884","-10.6764","25.2513","-19.4559","3.1528","1.4950","null","null","null","87.9300","2218","6.0660",531552,605200,456124,542583,570731,519058,541650,460075,456715,592885,"54.4331","null","null","null","null","null","null","null",18,"3","4-Seam Fastball",1,1,1,1,1,1,1,1,"Standard","Standard"
"CH","2018-09-09","80.2","-2.2979","5.5273","Zach Davies",453923,605200,"null","ball",,,,,"13","null","R","L","R","MIL","SF","B","null","null",0,1,2018,"-1.3478","0.1756","-0.8622","1.1516","null","null","null",2,3,"Top","null","null",,,456124,,"180909_184752","5.6541","-116.7538","-3.3694","-13.2215","19.3946","-30.2196","3.2109","1.5280","null","null","null","80.2010","1618","6.0040",531552,605200,456124,542583,570731,519058,541650,460075,456715,592885,"54.4957","null","null","null","null","null","null","null",18,"2","Changeup",1,1,1,1,1,1,1,1,"Standard","Standard"
"FT","2018-09-09","90.1","-2.1627","5.5450","Zach Davies",491676,605200,"null","ball",,,,,"14","null","R","R","R","MIL","SF","B","null","null",0,2,2018,"-1.5208","0.9113","1.0283","2.1147","null","null","null",0,3,"Top","null","null",,,456124,,"180909_184526","10.9540","-130.7703","-4.4430","-19.3013","24.1219","-21.2112","3.4051","1.6442","null","null","null","89.5490","2172","5.8140",531552,605200,456124,542583,570731,519058,541650,460075,456715,592885,"54.6852","null","null","null","null","null","null","null",16,"3","2-Seam Fastball",1,1,1,1,1,1,1,1,"Standard","Standard"
"CU","2018-09-09","81.6","-2.3916","5.6258","Zach Davies",491676,605200,"null","called_strike",,,,,"3","null","R","R","R","MIL","SF","S","null","null",0,1,2018,"0.3385","-0.0108","0.4760","2.9800","null","null","null",0,3,"Top","null","null",,,456124,,"180909_184514","5.7416","-118.6159","0.6002","2.1255","20.8978","-32.6107","3.4725","1.6733","null","null","null","80.8480","2326","5.6570",531552,605200,456124,542583,570731,519058,541650,460075,456715,592885,"54.8419","null","null","null","null","null","null","null",16,"2","Curveball",1,1,1,1,1,1,1,1,"Standard","Standard"
"FT","2018-09-09","90.6","-2.2060","5.3499","Zach Davies",624507,605200,"null","ball",,,,,"14","null","R","L","R","MIL","SF","B","null","null",2,2,2018,"-1.3816","1.1915","1.2107","2.1990","null","null","null",2,2,"Top","null","null",,,456124,,"180909_183516","11.2071","-131.3578","-4.3307","-17.8901","26.3703","-18.0573","3.5888","1.8186","null","null","null","89.3400","2269","5.5970",531552,605200,456124,542583,570731,519058,541650,460075,456715,592885,"54.9027","null","null","null","null","null","null","null",12,"5","2-Seam Fastball",1,1,1,1,1,1,1,1,"Infield shift","Standard"
"FC","2018-09-09","89.0","-2.3708","5.4958","Zach Davies",624507,605200,"null","ball",,,,,"11","null","R","L","R","MIL","SF","B","null","null",1,1,2018,"-0.5856","1.3792","-0.3620","4.1796","null","null","null",2,2,"Top","null","null",,,456124,,"180909_183440","6.0637","-129.4703","-0.0602","-7.6602","25.1274","-17.1192","3.4435","1.7895","null","null","null","88.3720","2313","5.7560",531552,605200,456124,542583,570731,519058,541650,460075,456715,592885,"54.7434","null","null","null","null","null","null","null",12,"3","Cutter",1,1,1,1,1,1,1,1,"Infield shift","Standard"
"FT","2018-09-09","89.9","-2.5043","5.5202","Zach Davies",624507,605200,"null","ball",,,,,"13","null","R","L","R","MIL","SF","B","null","null",0,0,2018,"-1.6552","0.8643","-0.1463","0.7458","null","null","null",2,2,"Top","null","null",,,456124,,"180909_183413","9.0939","-130.3378","-7.4848","-20.2727","26.7260","-21.2752","3.4725","1.7023","null","null","null","88.5420","2198","5.5930",531552,605200,456124,542583,570731,519058,541650,460075,456715,592885,"54.9063","null","null","null","null","null","null","null",12,"1","2-Seam Fastball",1,1,1,1,1,1,1,1,"Infield shift","Standard"
"FT","2018-09-09","89.7","-2.1894","5.5577","Zach Davies",460026,605200,"null","ball",,,,,"14","null","R","R","R","MIL","SF","B","null","null",0,1,2018,"-1.3856","1.1707","1.0033","2.2514","null","null","null",1,2,"Top","null","null",,,456124,,"180909_183324","10.5956","-130.0968","-4.5570","-17.4990","24.5257","-18.4408","3.3651","1.4989","null","null","null","88.8390","2206","5.7120",531552,605200,456124,542583,570731,519058,541650,460075,456715,592885,"54.7877","null","null","null","null","null","null","null",11,"2","2-Seam Fastball",1,1,1,1,1,1,1,1,"Standard","Standard"
"FT","2018-09-09","89.4","-2.2265","5.4410","Zach Davies",596103,605200,"strikeout","called_strike",,,,,"9","Austin Slater called out on strikes.  ","R","R","R","MIL","SF","S",2,"null",0,2,2018,"-1.8565","0.8176","0.7445","2.1125","null","null","null",0,2,"Top","null","null",,,456124,,"180909_183229","10.9935","-129.5379","-3.7905","-22.7717","26.5590","-22.6009","3.5888","1.6152","null","null","null","88.2760","2294","5.7820",531552,605200,456124,542583,570731,519058,541650,460075,456715,592885,"54.7175","null","null","0.00",1,0,0,"null",10,"4","2-Seam Fastball",1,1,1,1,1,1,1,1,"Standard","Standard"
"FT","2018-09-09","88.2","-2.3625","5.5837","Zach Davies",596103,605200,"null","called_strike",,,,,"6","null","R","R","R","MIL","SF","S","null","null",0,0,2018,"-1.6107","1.0261","0.4979","2.3514","null","null","null",0,2,"Top","null","null",,,456124,,"180909_183127","10.1152","-128.0766","-3.8550","-19.3960","23.5202","-20.5085","3.4435","1.5850","null","null","null","87.6550","2284","5.8150",531552,605200,456124,542583,570731,519058,541650,460075,456715,592885,"54.6847","null","null","null","null","null","null","null",10,"1","2-Seam Fastball",1,1,1,1,1,1,1,1,"Standard","Standard"
"FT","2018-09-09","89.5","-2.3571","5.5525","Zach Davies",543063,605200,"null","ball",,,,,"13","null","R","L","R","MIL","SF","B","null","null",0,0,2018,"-1.6943","0.8370","-0.7251","1.0276","null","null","null",2,1,"Top","null","null",,,456124,,"180909_181523","7.3971","-129.8974","-6.7526","-20.2719","27.3848","-21.7583","3.4651","1.6733","null","null","null","88.2290","2215","5.6530",531552,605200,456124,542583,570731,519058,541650,460075,456715,592885,"54.8459","null","null","null","null","null","null","null",4,"1","2-Seam Fastball",0,1,1,0,1,0,1,0,"Standard","Standard"
"FT","2018-09-09","90.2","-2.1707","5.4770","Zach Davies",446334,605200,"null","ball",,,,,"14","null","R","R","R","MIL","SF","B","null","null",1,1,2018,"-1.5839","0.9542","0.1109","1.0982","null","null","605412.00",0,1,"Top","null","null",,,456124,,"180909_181416","8.8672","-130.8575","-6.8298","-19.7202","26.5410","-20.2236","3.7051","1.7605","null","null","null","89.3310","2246","5.8340",531552,605200,456124,542583,570731,519058,541650,460075,456715,592885,"54.6657","null","null","null","null","null","null","null",3,"3","2-Seam Fastball",0,1,1,0,1,0,1,0,"Standard","Standard"
"FT","2018-09-09","89.6","-2.2678","5.4305","Zach Davies",446334,605200,"null","ball",,,,,"13","null","R","R","R","MIL","SF","B","null","null",0,1,2018,"-1.6691","1.0575","-0.7673","1.1631","null","null","605412.00",0,1,"Top","null","null",,,456124,,"180909_181354","7.0957","-130.1493","-6.6593","-20.1404","27.0460","-19.2008","3.7342","1.5861","null","null","null","88.8020","2198","5.8700",531552,605200,456124,542583,570731,519058,541650,460075,456715,592885,"54.6293","null","null","null","null","null","null","null",3,"2","2-Seam Fastball",0,1,1,0,1,0,1,0,"Standard","Standard"
"FT","2018-09-09","89.2","-2.1889","5.5048","Zach Davies",446334,605200,"null","called_strike",,,,,"7","null","R","R","R","MIL","SF","S","null","null",0,0,2018,"-1.6923","0.8426","-0.4056","1.7247","null","null","605412.00",0,1,"Top","null","null",,,456124,,"180909_181334","7.7810","-129.5156","-4.9649","-20.3070","25.4191","-22.0762","3.7051","1.7023","null","null","null","88.4750","2162","5.8230",531552,605200,456124,542583,570731,519058,541650,460075,456715,592885,"54.6759","null","null","null","null","null","null","null",3,"1","2-Seam Fastball",0,1,1,0,1,0,1,0,"Standard","Standard"
"FT","2018-09-09","89.5","-2.3745","5.5431","Zach Davies",605412,605200,"null","called_strike",,,,,"1","null","R","L","R","MIL","SF","S","null","null",0,0,2018,"-1.7979","0.7280","-0.7718","3.0428","null","null","null",0,1,"Top","null","null",,,456124,,"180909_181243","7.5904","-130.0139","-1.6700","-21.6127","25.7378","-23.9277","3.1818","1.4408","null","null","null","88.8250","2191","5.8400",531552,605200,456124,542583,570731,519058,541650,460075,456715,592885,"54.6598","null","null","null","null","null","null","null",2,"1","2-Seam Fastball",0,1,1,0,1,0,1,0,"Standard","Standard"
"FT","2018-09-09","88.8","-2.3322","5.6029","Zach Davies",453923,605200,"null","called_strike",,,,,"3","null","R","L","R","MIL","SF","S","null","null",1,1,2018,"-1.8153","0.7973","0.3006","2.9706","null","null","null",0,1,"Top","null","null",,,456124,,"180909_181124","10.0227","-128.8331","-1.9742","-21.8710","26.4613","-23.3096","3.3272","1.5280","null","null","null","87.7190","2122","5.7490",531552,605200,456124,542583,570731,519058,541650,460075,456715,592885,"54.7499","null","null","null","null","null","null","null",1,"3","2-Seam Fastball",0,0,0,0,0,0,0,0,"Standard","Standard"
"FC","2018-09-09","87.1","-2.2865","5.6440","Zach Davies",453923,605200,"null","ball",,,,,"14","null","R","L","R","MIL","SF","B","null","null",0,1,2018,"-0.1950","0.8847","1.0882","1.9309","null","null","null",0,1,"Top","null","null",,,456124,,"180909_181110","8.4395","-126.5725","-4.5072","-3.7590","25.2710","-22.0921","3.2109","1.4950","null","null","null","86.6120","2275","6.0040",531552,605200,456124,542583,570731,519058,541650,460075,456715,592885,"54.4949","null","null","null","null","null","null","null",1,"2","Cutter",0,0,0,0,0,0,0,0,"Standard","Standard"
"FT","2018-09-09","88.1","-2.4256","5.8142","Zach Davies",453923,605200,"null","called_strike",,,,,"2","null","R","L","R","MIL","SF","S","null","null",0,0,2018,"-1.8508","0.7966","-0.1959","3.1184","null","null","null",0,1,"Top","null","null",,,456124,,"180909_181057","9.0416","-127.9245","-2.0706","-21.7035","23.8522","-23.3962","3.2951","1.6152","null","null","null","87.3490","2089","5.7190",531552,605200,456124,542583,570731,519058,541650,460075,456715,592885,"54.7803","null","null","null","null","null","null","null",1,"1","2-Seam Fastball",0,0,0,0,0,0,0,0,"Standard","Standard"