"pitch_type","game_date","release_speed","release_pos_x","release_pos_z","player_name","batter","pitcher","events","description","spin_dir","spin_rate_deprecated","break_angle_deprecated","break_length_deprecated","zone","des","game_type","stand","p_throws","home_team","away_team","type","hit_location","bb_type","balls","strikes","game_year","pfx_x","pfx_z","plate_x","plate_z","on_3b","on_2b","on_1b","outs_when_up","inning","inning_topbot","hc_x","hc_y","tfs_deprecated","tfs_zulu_deprecated","pos2_person_id","umpire","sv_id","vx0","vy0","vz0","ax","ay","az","sz_top","sz_bot","hit_distance_sc","launch_speed","launch_angle","effective_speed","release_spin_rate","release_extension","game_pk","pos1_person_id","pos2_person_id","pos3_person_id","pos4_person_id","pos5_person_id","pos6_person_id","pos7_person_id","pos8_person_id","pos9_person_id","release_pos_y","estimated_ba_using_speedangle","estimated_woba_using_speedangle","woba_value","woba_denom","babip_value","iso_value","launch_speed_angle","at_bat_number","pitch_number","pitch_name","home_score","away_score","bat_score","fld_score","post_away_score","post_home_score","post_bat_score","post_fld_score","if_fielding_alignment","of_fielding_alignment"
"SL","2018-08-23","79.7","2.2952","6.2207","Will Smith",643446,519293,"null","ball",,,,,"14","null","R","L","L","NYM","SF","B","null","null",0,0,2018,"-1.2559","-0.2300","0.9315","2.0411","null","null","430832.00",2,9,"Bot","null","null",,,460026,,"180823_194502","-0.6804","-115.8832","-1.9427","-10.8808","23.3212","-34.0654","3.5544","1.8046","null","null","null","78.6190","2187","5.7490",531326,519293,460026,474832,605412,446334,543063,596103,621453,457705,"54.7503","null","null","null","null","null","null","null",68,"1","Slider",1,3,1,3,3,1,1,3,"Standard","Standard"
"FF","2018-08-23","92.5","1.7321","6.6236","Will Smith",430832,519293,"walk","ball",,,,,"12","Jose Bautista walks.  ","R","R","L","NYM","SF","B","null","null",3,2,2018,"0.4286","1.4403","0.7170","4.2409","null","null","null",2,9,"Bot","null","null",,,460026,,"180823_194421","-3.4848","-134.5477","-3.3112","5.9064","30.5324","-14.4795","3.4566","1.8540","null","null","null","91.7230","2193","5.9470",531326,519293,460026,474832,605412,446334,543063,596103,621453,457705,"54.5521","null","null","0.70",1,0,0,"null",67,"6","4-Seam Fastball",1,3,1,3,3,1,1,3,"Infield shift","Standard"
"SL","2018-08-23","80.5","2.1378","6.3961","Will Smith",430832,519293,"null","ball",,,,,"13","null","R","R","L","NYM","SF","B","null","null",2,2,2018,"-1.4394","-0.0475","-0.7786","1.0284","null","null","null",2,9,"Bot","null","null",,,460026,,"180823_194359","-3.7534","-116.9122","-4.9921","-12.0151","24.4867","-31.8259","3.4566","1.7312","null","null","null","79.1450","2407","5.7050",531326,519293,460026,474832,605412,446334,543063,596103,621453,457705,"54.7943","null","null","null","null","null","null","null",67,"5","Slider",1,3,1,3,3,1,1,3,"Infield shift","Standard"
"FF","2018-08-23","90.7","1.7946","6.5908","Will Smith",430832,519293,"null","ball",,,,,"12","null","R","R","L","NYM","SF","B","null","null",1,1,2018,"0.3639","1.5758","0.2658","3.9196","null","null","null",2,9,"Bot","null","null",,,460026,,"180823_194321","-4.5503","-131.8827","-4.0242","5.1551","28.3055","-13.4586","3.4320","1.6820","null","null","null","89.9730","2135","5.9060",531326,519293,460026,474832,605412,446334,543063,596103,621453,457705,"54.5934","null","null","null","null","null","null","null",67,"3","4-Seam Fastball",1,3,1,3,3,1,1,3,"Infield shift","Standard"
"CU","2018-08-23","77.2","2.0136","6.6076","Will Smith",430832,519293,"null","ball",,,,,"12","null","R","R","L","NYM","SF","B","null","null",0,1,2018,"-0.8691","-0.5368","1.2093","3.2244","null","null","null",2,9,"Bot","null","null",,,460026,,"180823_194304","-0.1919","-112.0987","0.7714","-6.9387","22.6260","-36.9465","3.3694","1.7803","null","null","null","75.1600","2013","5.1750",531326,519293,460026,474832,605412,446334,543063,596103,621453,457705,"55.3247","null","null","null","null","null","null","null",67,"2","Curveball",1,3,1,3,3,1,1,3,"Infield shift","Standard"
"CU","2018-08-23","75.8","1.8734","6.6262","Will Smith",430832,519293,"null","called_strike",,,,,"9","null","R","R","L","NYM","SF","S","null","null",0,0,2018,"-1.1269","-0.8525","0.6115","2.0120","null","null","null",2,9,"Bot","null","null",,,460026,,"180823_194248","-0.6794","-110.1415","-0.9961","-8.6908","21.2481","-38.9414","3.3694","1.7312","null","null","null","74.2420","2159","5.4070",531326,519293,460026,474832,605412,446334,543063,596103,621453,457705,"55.0926","null","null","null","null","null","null","null",67,"1","Curveball",1,3,1,3,3,1,1,3,"Infield shift","Standard"
"CU","2018-08-23","76.6","1.9623","6.6335","Will Smith",453943,519293,"null","called_strike",,,,,"6","null","R","R","L","NYM","SF","S","null","null",0,0,2018,"-0.8658","-0.6016","0.5128","2.2553","null","null","null",1,9,"Bot","null","null",,,460026,,"180823_194128","-1.5258","-111.2804","-1.0912","-6.5858","21.8185","-37.0390","3.2104","1.4846","null","null","null","74.8170","2256","5.2760",531326,519293,460026,474832,605412,446334,543063,596103,621453,457705,"55.2233","null","null","null","null","null","null","null",66,"1","Curveball",1,3,1,3,3,1,1,3,"Infield shift","Standard"
"FF","2018-08-23","91.3","1.9249","6.5566","Will Smith",527038,519293,"null","called_strike",,,,,"12","null","R","R","L","NYM","SF","S","null","null",3,1,2018,"0.6679","1.5480","0.9133","3.1768","null","null","null",0,9,"Bot","null","null",,,460026,,"180823_194021","-3.9484","-132.5844","-5.7766","8.6900","32.9304","-13.1357","3.0877","1.3617","null","null","null","90.1820","2228","6.0880",531326,519293,460026,474832,605412,446334,543063,596103,621453,457705,"54.4110","null","null","null","null","null","null","null",65,"5","4-Seam Fastball",1,3,1,3,3,1,1,3,"Standard","Standard"
"SL","2018-08-23","80.1","2.1591","6.4209","Will Smith",527038,519293,"null","ball",,,,,"12","null","R","R","L","NYM","SF","B","null","null",2,1,2018,"-1.3014","0.3539","1.1271","4.0691","null","null","null",0,9,"Bot","null","null",,,460026,,"180823_194001","0.1107","-116.4267","0.9210","-11.4719","23.9799","-29.5282","3.1613","1.2879","null","null","null","78.7130","2292","5.5990",531326,519293,460026,474832,605412,446334,543063,596103,621453,457705,"54.9000","null","null","null","null","null","null","null",65,"4","Slider",1,3,1,3,3,1,1,3,"Standard","Standard"
"FF","2018-08-23","91.5","1.8509","6.5915","Will Smith",527038,519293,"null","called_strike",,,,,"4","null","R","R","L","NYM","SF","S","null","null",2,0,2018,"0.4996","1.5341","-0.3397","2.4770","null","null","null",0,9,"Bot","null","null",,,460026,,"180823_193943","-6.5200","-132.8059","-7.6073","7.3043","31.0413","-12.9077","3.2349","1.5584","null","null","null","90.2890","2206","5.9000",531326,519293,460026,474832,605412,446334,543063,596103,621453,457705,"54.6000","null","null","null","null","null","null","null",65,"3","4-Seam Fastball",1,3,1,3,3,1,1,3,"Standard","Standard"
"CU","2018-08-23","78.7","2.1520","6.3677","Will Smith",527038,519293,"null","ball",,,,,"7","null","R","R","L","NYM","SF","B","null","null",1,0,2018,"-1.3944","-0.2319","-0.7007","1.6186","null","null","null",0,9,"Bot","null","null",,,460026,,"180823_193925","-3.6178","-114.3413","-2.8884","-10.9579","24.5453","-33.8058","3.2090","1.5815","null","null","null","76.9590","2263","5.5030",531326,519293,460026,474832,605412,446334,543063,596103,621453,457705,"54.9963","null","null","null","null","null","null","null",65,"2","Curveball",1,3,1,3,3,1,1,3,"Standard","Standard"
"FF","2018-08-23","90.6","1.8472","6.6291","Will Smith",527038,519293,"null","ball",,,,,"11","null","R","R","L","NYM","SF","B","null","null",0,0,2018,"0.4097","1.6701","-0.0690","3.7057","null","null","null",0,9,"Bot","null","null",,,460026,,"180823_193908","-5.6028","-131.6790","-4.7810","5.9685","30.6612","-12.3098","3.2349","1.4109","null","null","null","89.5610","2197","5.9350",531326,519293,460026,474832,605412,446334,543063,596103,621453,457705,"54.5646","null","null","null","null","null","null","null",65,"1","4-Seam Fastball",1,3,1,3,3,1,1,3,"Standard","Standard"
"FT","2018-08-23","96.6","-2.2615","5.8707","Drew Smith",593700,622098,"null","ball",,,,,"12","null","R","L","R","NYM","SF","B","null","null",0,1,2018,"-0.9443","1.4919","0.9132","3.7153","null","null","null",2,9,"Top","null","null",,,608700,,"180823_193517","10.3896","-140.0623","-3.3931","-14.5128","32.2065","-12.4937","3.3331","1.6075","null","null","null","95.1250","2469","5.6750",531326,622098,608700,527038,643446,453943,642708,624424,457706,430832,"54.8245","null","null","null","null","null","null","null",64,"2","2-Seam Fastball",1,3,3,1,3,1,3,1,"Standard","Standard"
"CU","2018-08-23","80.7","-2.0459","5.9601","Drew Smith",460026,622098,"null","ball",,,,,"14","null","R","R","R","NYM","SF","B","null","null",0,2,2018,"1.0921","-0.5596","0.9427","2.1256","null","null","null",1,9,"Top","null","null",,,608700,,"180823_193404","4.5544","-117.2012","-0.7570","8.6887","24.2922","-37.2488","3.3686","1.5829","null","null","null","78.7940","2775","5.2830",531326,622098,608700,527038,643446,453943,642708,624424,457706,430832,"55.2169","null","null","null","null","null","null","null",63,"4","Curveball",1,3,3,1,3,1,3,1,"Standard","Standard"
"CU","2018-08-23","79.4","-2.2813","5.9428","Drew Smith",460026,622098,"null","called_strike",,,,,"5","null","R","R","R","NYM","SF","S","null","null",0,0,2018,"1.3421","-0.7778","0.1143","2.3828","null","null","null",1,9,"Top","null","null",,,608700,,"180823_193311","2.7663","-115.2230","0.5415","10.6309","26.5270","-39.1714","3.3686","1.5338","null","null","null","76.8180","2571","5.1370",531326,622098,608700,527038,643446,453943,642708,624424,457706,430832,"55.3625","null","null","null","null","null","null","null",63,"1","Curveball",1,3,3,1,3,1,3,1,"Standard","Standard"
"CU","2018-08-23","76.0","3.1004","5.6928","Madison Bumgarner",457706,518516,"null","ball",,,,,"14","null","R","R","L","NYM","SF","B","null","null",1,1,2018,"-1.3290","-0.8351","1.4421","2.2418","null","null","null",2,8,"Bot","null","null",,,460026,,"180823_192835","-1.1284","-110.3959","1.4309","-10.2566","23.1981","-39.3592","3.3576","1.6321","null","null","null","74.5570","2318","5.7330",531326,518516,460026,474832,605412,446334,543063,596103,621453,457705,"54.7666","null","null","null","null","null","null","null",61,"3","Curveball",1,3,1,3,3,1,1,3,"Standard","Standard"
"FC","2018-08-23","84.7","3.0567","5.6612","Madison Bumgarner",457706,518516,"null","ball",,,,,"12","null","R","R","L","NYM","SF","B","null","null",0,0,2018,"-0.1087","0.4708","1.2908","2.8979","null","null","null",2,8,"Bot","null","null",,,460026,,"180823_192801","-3.8938","-123.3708","-1.0813","-0.3699","23.1918","-27.4146","3.4086","1.6321","null","null","null","84.5850","2131","6.0370",531326,518516,460026,474832,605412,446334,543063,596103,621453,457705,"54.4620","null","null","null","null","null","null","null",61,"1","Cutter",1,3,1,3,3,1,1,3,"Standard","Standard"
"FC","2018-08-23","83.6","3.1154","5.6583","Madison Bumgarner",642708,518516,"null","ball",,,,,"8","null","R","R","L","NYM","SF","B","null","null",0,0,2018,"-0.1966","0.2717","0.2646","1.4432","null","null","null",1,8,"Bot","null","null",,,460026,,"180823_192622","-6.2039","-121.6178","-3.7979","-0.6622","25.2854","-28.9048","3.2090","1.4094","null","null","null","83.7090","2162","6.5130",531326,518516,460026,474832,605412,446334,543063,596103,621453,457705,"53.9867","null","null","null","null","null","null","null",60,"1","Cutter",1,3,1,3,3,1,1,3,"Standard","Standard"
"CU","2018-08-23","75.6","2.9930","5.7309","Madison Bumgarner",408314,518516,"null","ball",,,,,"12","null","R","R","L","NYM","SF","B","null","null",1,2,2018,"-1.1673","-0.8658","1.7238","2.5635","null","null","null",0,8,"Bot","null","null",,,460026,,"180823_192528","-0.5808","-109.9919","2.1148","-9.1763","22.0169","-39.7482","3.0632","1.3863","null","null","null","74.9000","2354","6.0750",531326,518516,460026,474832,605412,446334,543063,596103,621453,457705,"54.4245","null","null","null","null","null","null","null",59,"4","Curveball",1,3,1,3,3,1,1,3,"Standard","Standard"
"CH","2018-08-23","83.7","2.9960","5.7575","Madison Bumgarner",408314,518516,"null","ball",,,,,"14","null","R","R","L","NYM","SF","B","null","null",0,2,2018,"1.2032","0.3433","1.5576","1.5470","null","null","null",0,8,"Bot","null","null",,,460026,,"180823_192511","-5.7165","-121.8060","-3.9975","13.1329","23.5002","-28.1759","3.0632","1.4846","null","null","null","84.0060","1255","6.4460",531326,518516,460026,474832,605412,446334,543063,596103,621453,457705,"54.0534","null","null","null","null","null","null","null",59,"3","Changeup",1,3,1,3,3,1,1,3,"Standard","Standard"
"CU","2018-08-23","76.4","3.0057","5.7817","Madison Bumgarner",408314,518516,"null","called_strike",,,,,"2","null","R","R","L","NYM","SF","S","null","null",0,0,2018,"-1.2355","-0.8368","0.1717","2.6516","null","null","null",0,8,"Bot","null","null",,,460026,,"180823_192430","-3.7396","-110.8432","2.0395","-8.9677","23.6489","-39.5285","3.0386","1.4600","null","null","null","74.5770","2339","5.5510",531326,518516,460026,474832,605412,446334,543063,596103,621453,457705,"54.9485","null","null","null","null","null","null","null",59,"1","Curveball",1,3,1,3,3,1,1,3,"Standard","Standard"
"FF","2018-08-23","96.6","-0.4612","5.5483","Tyler Bashlor",596103,641341,"null","ball",,,,,"12","null","R","R","R","NYM","SF","B","null","null",0,2,2018,"-0.4244","1.4845","0.9205","3.6585","null","null","null",2,8,"Top","null","null",,,608700,,"180823_192147","4.6675","-140.6068","-2.8467","-6.7490","33.8333","-12.0343","3.4312","1.6321","null","null","null","96.7010","2653","6.4710",531326,641341,608700,527038,643446,453943,642708,624424,457706,430832,"54.0287","null","null","null","null","null","null","null",58,"3","4-Seam Fastball",1,3,3,1,3,1,3,1,"Standard","Standard"
"FF","2018-08-23","95.8","-0.7820","5.4820","Tyler Bashlor",474832,641341,"null","called_strike",,,,,"1","null","R","L","R","NYM","SF","S","null","null",0,0,2018,"-0.6490","1.6227","-0.6666","3.2999","null","null","null",1,8,"Top","null","null",,,608700,,"180823_191945","1.7631","-139.3238","-3.7096","-8.7730","36.1971","-10.6770","3.3071","1.7290","null","null","null","95.0200","2726","6.2260",531326,641341,608700,527038,643446,453943,642708,624424,457706,430832,"54.2738","null","null","null","null","null","null","null",57,"1","4-Seam Fastball",1,3,3,1,3,1,3,1,"Infield shift","Standard"
"SL","2018-08-23","85.0","-0.9189","5.4039","Tyler Bashlor",446334,641341,"null","ball",,,,,"14","null","R","R","R","NYM","SF","B","null","null",0,1,2018,"0.3878","-0.2405","1.4014","1.6622","null","null","null",1,8,"Top","null","null",,,608700,,"180823_191841","4.6241","-123.5838","-1.8639","2.8041","28.0244","-34.4193","3.6765","1.7058","null","null","null","83.6400","2604","5.7520",531326,641341,608700,527038,643446,453943,642708,624424,457706,430832,"54.7470","null","null","null","null","null","null","null",56,"2","Slider",1,2,2,1,2,1,2,1,"Standard","Standard"
"FF","2018-08-23","95.7","-0.8534","5.4891","Tyler Bashlor",446334,641341,"null","called_strike",,,,,"8","null","R","R","R","NYM","SF","S","null","null",0,0,2018,"-0.7825","1.5124","0.1629","2.0120","null","null","null",1,8,"Top","null","null",,,608700,,"180823_191825","4.4491","-139.0061","-6.8741","-11.1808","35.7834","-11.2535","3.7010","1.7550","null","null","null","95.0860","2832","6.3730",531326,641341,608700,527038,643446,453943,642708,624424,457706,430832,"54.1267","null","null","null","null","null","null","null",56,"1","4-Seam Fastball",1,2,2,1,2,1,2,1,"Standard","Standard"
"FF","2018-08-23","93.6","-0.7299","5.5162","Tyler Bashlor",605412,641341,"null","called_strike",,,,,"3","null","R","L","R","NYM","SF","S","null","null",0,0,2018,"-0.6777","1.6167","0.7691","2.7328","null","null","null",0,8,"Top","null","null",,,608700,,"180823_191734","5.3644","-136.0882","-4.9380","-9.6549","33.2837","-11.3019","3.0141","1.4600","null","null","null","93.1710","2750","6.3420",531326,641341,608700,527038,643446,453943,642708,624424,457706,430832,"54.1574","null","null","null","null","null","null","null",55,"1","4-Seam Fastball",1,2,2,1,2,1,2,1,"Standard","Standard"
"CU","2018-08-23","77.2","2.9879","5.6726","Madison Bumgarner",624424,518516,"null","ball",,,,,"13","null","R","L","L","NYM","SF","B","null","null",2,2,2018,"-1.0113","-0.6895","-1.3528","1.2124","430832.00","null","null",2,7,"Bot","null","null",,,460026,,"180823_191444","-7.3616","-112.0197","-1.1387","-6.8053","23.3142","-37.8842","3.2104","1.5092","null","null","null","76.2160","2433","6.0820",531326,518516,460026,474832,605412,446334,543063,596103,621453,457705,"54.4174","null","null","null","null","null","null","null",54,"8","Curveball",1,2,1,2,2,1,1,2,"Standard","Standard"
"CU","2018-08-23","77.8","3.0212","5.6742","Madison Bumgarner",624424,518516,"null","called_strike",,,,,"3","null","R","L","L","NYM","SF","S","null","null",1,0,2018,"-1.0320","-0.5354","0.2974","3.0288","430832.00","null","null",2,7,"Bot","null","null",,,460026,,"180823_191133","-3.9469","-113.1119","2.2314","-7.9090","22.0088","-37.3634","3.2349","1.3863","null","null","null","76.9780","2415","5.9000",531326,518516,460026,474832,605412,446334,543063,596103,621453,457705,"54.5999","null","null","null","null","null","null","null",54,"2","Curveball",1,2,1,2,2,1,1,2,"Standard","Standard"
"FT","2018-08-23","91.0","2.9968","5.6731","Madison Bumgarner",624424,518516,"null","ball",,,,,"11","null","R","L","L","NYM","SF","B","null","null",0,0,2018,"0.4882","1.1063","-0.8802","2.4644","430832.00","null","null",2,7,"Bot","null","null",,,460026,,"180823_191113","-10.7578","-132.0681","-4.4601","8.0727","29.1532","-18.5006","3.2595","1.4355","null","null","null","90.7380","2066","6.3590",531326,518516,460026,474832,605412,446334,543063,596103,621453,457705,"54.1402","null","null","null","null","null","null","null",54,"1","2-Seam Fastball",1,2,1,2,2,1,1,2,"Standard","Standard"
"FC","2018-08-23","84.4","3.0619","5.7419","Madison Bumgarner",608700,518516,"null","ball",,,,,"13","null","R","R","L","NYM","SF","B","null","null",1,1,2018,"-0.6759","0.5652","-1.1941","1.5905","null","430832.00","643446.00",0,7,"Bot","null","null",,,460026,,"180823_191001","-8.5487","-122.5484","-4.3607","-5.0332","25.1916","-25.8219","3.4686","1.6321","null","null","null","84.1870","2123","6.3610",531326,518516,460026,474832,605412,446334,543063,596103,621453,457705,"54.1385","null","null","null","null","null","null","null",53,"3","Cutter",1,2,1,2,2,1,1,2,"Standard","Standard"
"FC","2018-08-23","85.1","2.9735","5.7487","Madison Bumgarner",608700,518516,"null","ball",,,,,"13","null","R","R","L","NYM","SF","B","null","null",0,0,2018,"-0.4184","0.2942","-1.9288","1.5031","null","430832.00","643446.00",0,7,"Bot","null","null",,,460026,,"180823_190847","-10.6023","-123.3347","-4.1065","-1.9298","26.6256","-28.5622","3.4312","1.6567","null","null","null","84.3170","2183","6.1950",531326,518516,460026,474832,605412,446334,543063,596103,621453,457705,"54.3041","null","null","null","null","null","null","null",53,"1","Cutter",1,2,1,2,2,1,1,2,"Strategic","Standard"
"FT","2018-08-23","91.2","2.9749","5.6906","Madison Bumgarner",643446,518516,"null","ball",,,,,"7","null","R","L","L","NYM","SF","B","null","null",0,0,2018,"0.4481","1.1756","-0.6467","1.6839","null","null","430832.00",0,7,"Bot","null","null",,,460026,,"180823_190736","-10.1273","-132.4121","-6.7676","7.4032","26.8730","-16.9583","3.5293","1.7058","null","null","null","91.8080","2108","6.6670",531326,518516,460026,474832,605412,446334,543063,596103,621453,457705,"53.8327","null","null","null","null","null","null","null",52,"1","2-Seam Fastball",1,2,1,2,2,1,1,2,"Standard","Standard"
"CH","2018-08-23","84.2","3.1234","5.6717","Madison Bumgarner",430832,518516,"null","ball",,,,,"14","null","R","R","L","NYM","SF","B","null","null",0,0,2018,"0.9256","0.2001","0.0731","1.2643","null","null","null",0,7,"Bot","null","null",,,460026,,"180823_190613","-8.9327","-122.1736","-4.1349","11.1976","27.0670","-29.4991","3.3822","1.8041","null","null","null","83.8090","1438","6.4750",531326,518516,460026,474832,605412,446334,543063,596103,621453,457705,"54.0249","null","null","null","null","null","null","null",51,"1","Changeup",1,2,1,2,2,1,1,2,"Infield shift","Standard"
"CU","2018-08-23","75.7","2.9928","5.7091","Madison Bumgarner",453943,518516,"null","called_strike",,,,,"12","null","R","R","L","NYM","SF","S","null","null",2,1,2018,"-1.0400","-0.6178","0.9626","2.3081","null","null","null",0,7,"Bot","null","null",,,460026,,"180823_190508","-2.3885","-109.9226","1.2362","-7.5964","23.6603","-37.5596","3.0617","1.4340","null","null","null","74.0840","2288","5.6960",531326,518516,460026,474832,605412,446334,543063,596103,621453,457705,"54.8037","null","null","null","null","null","null","null",50,"4","Curveball",0,2,0,2,2,0,0,2,"Infield shift","Strategic"
"FC","2018-08-23","84.8","3.0490","5.7212","Madison Bumgarner",453943,518516,"null","called_strike",,,,,"4","null","R","R","L","NYM","SF","S","null","null",2,0,2018,"-0.3132","0.2461","-0.3522","2.5034","null","null","null",0,7,"Bot","null","null",,,460026,,"180823_190451","-7.2885","-123.1774","-1.6161","-1.6338","25.5724","-29.6037","3.1613","1.4846","null","null","null","84.1780","2166","6.0820",531326,518516,460026,474832,605412,446334,543063,596103,621453,457705,"54.4172","null","null","null","null","null","null","null",50,"3","Cutter",0,2,0,2,2,0,0,2,"Infield shift","Strategic"
"CU","2018-08-23","76.0","2.9920","5.7784","Madison Bumgarner",453943,518516,"null","ball",,,,,"12","null","R","R","L","NYM","SF","B","null","null",1,0,2018,"-0.8508","-0.4768","2.0421","3.6056","null","null","null",0,7,"Bot","null","null",,,460026,,"180823_190432","-0.5044","-110.2608","3.4138","-6.5499","22.5114","-36.8991","3.1613","1.4846","null","null","null","74.1860","2306","5.4460",531326,518516,460026,474832,605412,446334,543063,596103,621453,457705,"55.0536","null","null","null","null","null","null","null",50,"2","Curveball",0,2,0,2,2,0,0,2,"Infield shift","Strategic"
"FT","2018-08-23","90.6","2.9015","5.7538","Madison Bumgarner",453943,518516,"null","ball",,,,,"13","null","R","R","L","NYM","SF","B","null","null",0,0,2018,"0.5586","1.1076","-1.6574","2.0331","null","null","null",0,7,"Bot","null","null",,,460026,,"180823_190416","-12.5392","-131.3293","-5.6477","9.1710","28.5427","-18.3860","3.2104","1.5092","null","null","null","90.2310","2015","6.3360",531326,518516,460026,474832,605412,446334,543063,596103,621453,457705,"54.1633","null","null","null","null","null","null","null",50,"1","2-Seam Fastball",0,2,0,2,2,0,0,2,"Infield shift","Strategic"
"FF","2018-08-23","95.0","-0.7119","5.5957","Tyler Bashlor",457705,641341,"null","ball",,,,,"12","null","R","R","R","NYM","SF","B","null","null",1,0,2018,"-0.5091","1.7011","0.8730","4.1432","null","null","null",2,7,"Top","null","null",,,608700,,"180823_190130","5.2857","-138.1599","-1.8441","-7.8086","36.5549","-10.5251","3.4803","1.6321","null","null","null","94.1990","2565","6.2820",531326,641341,608700,527038,643446,453943,642708,624424,457706,430832,"54.2176","null","null","null","null","null","null","null",49,"2","4-Seam Fastball",0,2,2,0,2,0,2,0,"Standard","Standard"
"FF","2018-08-23","96.0","-0.6497","5.5343","Tyler Bashlor",457705,641341,"null","ball",,,,,"12","null","R","R","R","NYM","SF","B","null","null",0,0,2018,"-0.7405","1.7000","0.4633","4.5225","null","null","null",2,7,"Top","null","null",,,608700,,"180823_190112","4.6061","-139.6252","-0.8237","-10.7230","36.3224","-10.3494","3.3576","1.6567","null","null","null","95.2090","2683","6.2130",531326,641341,608700,527038,643446,453943,642708,624424,457706,430832,"54.2860","null","null","null","null","null","null","null",49,"1","4-Seam Fastball",0,2,2,0,2,0,2,0,"Standard","Standard"
"SL","2018-08-23","84.3","-0.9461","5.4058","Tyler Bashlor",621453,641341,"null","ball",,,,,"14","null","R","L","R","NYM","SF","B","null","null",0,2,2018,"0.1777","-0.8057","1.1955","1.4774","null","null","null",1,7,"Top","null","null",,,608700,,"180823_185918","4.5871","-122.6018","-1.1215","0.7667","26.2377","-40.1240","3.5293","1.6321","null","null","null","83.2710","2527","5.8250",531326,641341,608700,527038,643446,453943,642708,624424,457706,430832,"54.6746","null","null","null","null","null","null","null",48,"3","Slider",0,2,2,0,2,0,2,0,"Standard","Standard"
"FF","2018-08-23","94.0","-0.7305","5.6123","Tyler Bashlor",518516,641341,"null","ball",,,,,"11","null","R","R","R","NYM","SF","B","null","null",2,2,2018,"-0.7138","1.6227","-0.0328","4.9811","null","null","null",0,7,"Top","null","null",,,608700,,"180823_185713","3.3770","-136.6906","0.6082","-9.6613","35.9077","-12.6512","3.5486","1.7304","null","null","null","93.0620","2547","6.2110",531326,641341,608700,527038,643446,453943,642708,624424,457706,430832,"54.2886","null","null","null","null","null","null","null",47,"5","4-Seam Fastball",0,2,2,0,2,0,2,0,"Standard","Standard"
"FF","2018-08-23","96.3","-0.7616","5.6984","Tyler Bashlor",518516,641341,"null","ball",,,,,"11","null","R","R","R","NYM","SF","B","null","null",1,2,2018,"-0.7611","1.6232","-0.3167","5.6246","null","null","null",0,7,"Top","null","null",,,608700,,"180823_185649","2.8718","-140.0891","1.8007","-10.5364","35.6881","-11.9835","3.5486","1.7058","null","null","null","95.2750","2644","6.0030",531326,641341,608700,527038,643446,453943,642708,624424,457706,430832,"54.4966","null","null","null","null","null","null","null",47,"4","4-Seam Fastball",0,2,2,0,2,0,2,0,"Standard","Standard"
"SL","2018-08-23","84.3","-0.9767","5.5004","Tyler Bashlor",518516,641341,"null","ball",,,,,"14","null","R","R","R","NYM","SF","B","null","null",0,2,2018,"0.1703","-0.6949","0.6676","0.8609","null","null","null",0,7,"Top","null","null",,,608700,,"180823_185626","3.4571","-122.5438","-2.9684","0.9423","26.0824","-38.6455","3.4312","1.5829","null","null","null","83.3220","2534","5.8730",531326,641341,608700,527038,643446,453943,642708,624424,457706,430832,"54.6264","null","null","null","null","null","null","null",47,"3","Slider",0,2,2,0,2,0,2,0,"Standard","Standard"
"FF","2018-08-23","95.4","-0.8601","5.5785","Tyler Bashlor",518516,641341,"null","called_strike",,,,,"6","null","R","R","R","NYM","SF","S","null","null",0,0,2018,"-1.0528","1.8793","0.5216","2.5016","null","null","null",0,7,"Top","null","null",,,608700,,"180823_185550","5.9650","-138.3721","-6.4644","-14.8612","38.7172","-7.0959","3.5539","1.7058","null","null","null","93.9380","2808","6.1980",531326,641341,608700,527038,643446,453943,642708,624424,457706,430832,"54.3019","null","null","null","null","null","null","null",47,"1","4-Seam Fastball",0,2,2,0,2,0,2,0,"Standard","Standard"
"FT","2018-08-23","90.8","2.9430","5.7580","Madison Bumgarner",527038,518516,"null","ball",,,,,"11","null","R","R","L","NYM","SF","B","null","null",0,2,2018,"0.6655","1.3151","-0.8972","4.0012","null","null","null",2,6,"Bot","null","null",,,460026,,"180823_185236","-11.1128","-131.8216","-1.2282","10.4595","32.0011","-16.7628","3.1613","1.4600","null","null","null","90.7050","2154","6.6840",531326,518516,460026,474832,605412,446334,543063,596103,621453,457705,"53.8152","null","null","null","null","null","null","null",46,"3","2-Seam Fastball",0,2,0,2,2,0,0,2,"Standard","Standard"
"CU","2018-08-23","70.4","3.0748","5.7239","Madison Bumgarner",457706,518516,"null","ball",,,,,"14","null","R","R","L","NYM","SF","B","null","null",1,2,2018,"-0.9855","-0.7629","1.7487","1.8313","null","null","null",1,6,"Bot","null","null",,,460026,,"180823_184859","-0.9594","-102.2628","1.4431","-6.5082","19.6052","-37.9164","3.3331","1.5338","null","null","null","69.1490","2078","5.7610",531326,518516,460026,474832,605412,446334,543063,596103,621453,457705,"54.7388","null","null","null","null","null","null","null",45,"4","Curveball",0,2,0,2,2,0,0,2,"Standard","Standard"
"FT","2018-08-23","90.1","3.1208","5.7796","Madison Bumgarner",457706,518516,"null","ball",,,,,"12","null","R","R","L","NYM","SF","B","null","null",0,2,2018,"0.5759","1.0057","0.5618","3.9848","null","null","null",1,6,"Bot","null","null",,,460026,,"180823_184839","-7.5709","-131.0885","-0.6184","8.2281","27.8946","-20.7063","3.4086","1.5829","null","null","null","90.0380","2085","6.2750",531326,518516,460026,474832,605412,446334,543063,596103,621453,457705,"54.2245","null","null","null","null","null","null","null",45,"3","2-Seam Fastball",0,2,0,2,2,0,0,2,"Standard","Standard"
"CU","2018-08-23","77.2","2.9857","5.7342","Madison Bumgarner",457706,518516,"null","called_strike",,,,,"6","null","R","R","L","NYM","SF","S","null","null",0,0,2018,"-0.8485","-0.3680","0.3565","2.3274","null","null","null",1,6,"Bot","null","null",,,460026,,"180823_184800","-4.0320","-112.1122","0.5012","-6.0565","23.8313","-35.5685","3.4086","1.6321","null","null","null","75.7370","2265","5.7370",531326,518516,460026,474832,605412,446334,543063,596103,621453,457705,"54.7621","null","null","null","null","null","null","null",45,"1","Curveball",0,2,0,2,2,0,0,2,"Standard","Standard"
"FT","2018-08-23","90.6","3.1396","5.7024","Madison Bumgarner",642708,518516,"null","ball",,,,,"14","null","R","R","L","NYM","SF","B","null","null",0,2,2018,"0.9387","1.0666","1.1678","0.4724","null","null","null",0,6,"Bot","null","null",,,460026,,"180823_184658","-6.9488","-131.4785","-9.3790","12.4366","28.8574","-17.9316","3.1122","1.4109","null","null","null","90.5670","2067","6.4990",531326,518516,460026,474832,605412,446334,543063,596103,621453,457705,"54.0004","null","null","null","null","null","null","null",44,"4","2-Seam Fastball",0,2,0,2,2,0,0,2,"Standard","Standard"
"CH","2018-08-23","86.6","-0.8512","5.3676","Jacob deGrom",460026,594798,"null","called_strike",,,,,"11","null","R","R","R","NYM","SF","S","null","null",1,0,2018,"-1.3958","0.1330","-0.8381","2.8171","null","null","474832.00",2,6,"Top","null","null",,,608700,,"180823_184220","3.0042","-126.2620","-0.1393","-15.8540","27.6396","-30.8886","3.3071","1.5323","null","null","null","87.6790","1909","7.0330",531326,594798,608700,527038,643446,453943,642708,624424,457706,430832,"53.4665","null","null","null","null","null","null","null",43,"2","Changeup",0,2,2,0,2,0,2,0,"Standard","Standard"
"FF","2018-08-23","95.8","-0.9098","5.2840","Jacob deGrom",460026,594798,"null","ball",,,,,"12","null","R","R","R","NYM","SF","B","null","null",0,0,2018,"-0.2283","1.5788","0.3608","3.8983","null","null","474832.00",2,6,"Top","null","null",,,608700,,"180823_184156","3.9218","-139.4829","-1.6347","-3.9928","35.3477","-11.2394","3.4312","1.6321","null","null","null","96.2680","2412","6.8150",531326,594798,608700,527038,643446,453943,642708,624424,457706,430832,"53.6840","null","null","null","null","null","null","null",43,"1","4-Seam Fastball",0,2,2,0,2,0,2,0,"Standard","Standard"
"CH","2018-08-23","87.5","-0.9463","5.3917","Jacob deGrom",543063,594798,"null","called_strike",,,,,"4","null","R","L","R","NYM","SF","S","null","null",1,0,2018,"-1.4126","0.2280","-0.5754","2.5556","null","null","474832.00",1,6,"Top","null","null",,,608700,,"180823_184015","3.9536","-127.4177","-1.1160","-16.5250","30.0839","-29.5974","3.3576","1.5338","null","null","null","88.2680","1853","7.0720",531326,594798,608700,527038,643446,453943,642708,624424,457706,430832,"53.4280","null","null","null","null","null","null","null",42,"2","Changeup",0,2,2,0,2,0,2,0,"Standard","Standard"
"FF","2018-08-23","95.4","-0.9680","5.3995","Jacob deGrom",543063,594798,"null","ball",,,,,"12","null","R","L","R","NYM","SF","B","null","null",0,0,2018,"-0.5866","1.5727","1.2766","2.8686","null","null","474832.00",1,6,"Top","null","null",,,608700,,"180823_183953","7.3243","-138.7009","-4.5970","-9.4835","35.0776","-10.7640","3.4312","1.5584","null","null","null","95.8150","2420","6.8750",531326,594798,608700,527038,643446,453943,642708,624424,457706,430832,"53.6246","null","null","null","null","null","null","null",42,"1","4-Seam Fastball",0,2,2,0,2,0,2,0,"Standard","Standard"
"SL","2018-08-23","90.1","-0.9809","5.4563","Jacob deGrom",596103,594798,"null","ball",,,,,"12","null","R","R","R","NYM","SF","B","null","null",0,2,2018,"0.3180","0.4786","1.0828","3.5659","null","null","474832.00",0,6,"Top","null","null",,,608700,,"180823_183753","4.4734","-131.2958","0.2399","2.7364","28.2563","-26.8666","3.2595","1.5338","null","null","null","90.6050","2444","6.5560",531326,594798,608700,527038,643446,453943,642708,624424,457706,430832,"53.9432","null","null","null","null","null","null","null",41,"3","Slider",0,2,2,0,2,0,2,0,"Standard","Standard"
"SL","2018-08-23","88.3","-1.1627","5.4062","Jacob deGrom",596103,594798,"null","called_strike",,,,,"6","null","R","R","R","NYM","SF","S","null","null",0,0,2018,"0.4337","0.3714","0.5921","2.5944","null","null","474832.00",0,6,"Top","null","null",,,608700,,"180823_183653","3.3839","-128.5654","-1.5130","4.0792","28.7628","-27.9057","3.2840","1.5829","null","null","null","88.7110","2470","6.6930",531326,594798,608700,527038,643446,453943,642708,624424,457706,430832,"53.8068","null","null","null","null","null","null","null",41,"1","Slider",0,2,2,0,2,0,2,0,"Standard","Standard"
"CH","2018-08-23","87.2","-0.8765","5.3935","Jacob deGrom",474832,594798,"walk","ball",,,,,"11","Brandon Belt walks.  ","R","L","R","NYM","SF","B","null","null",3,1,2018,"-1.3408","0.0539","-0.7353","3.4646","null","null","null",0,6,"Top","null","null",,,608700,,"180823_183615","3.1808","-126.9550","1.5170","-15.3065","29.9709","-32.1672","3.2104","1.5092","null","null","null","87.5150","1762","6.8100",531326,594798,608700,527038,643446,453943,642708,624424,457706,430832,"53.6893","null","null","0.70",1,0,0,"null",40,"5","Changeup",0,2,2,0,2,0,2,0,"Infield shift","Standard"
"CH","2018-08-23","88.8","-0.9141","5.3956","Jacob deGrom",474832,594798,"null","ball",,,,,"14","null","R","L","R","NYM","SF","B","null","null",2,1,2018,"-1.8139","0.1164","0.7979","0.5514","null","null","null",0,6,"Top","null","null",,,608700,,"180823_183555","8.0984","-128.9054","-5.9746","-22.1923","30.5941","-29.6770","3.1859","1.6075","null","null","null","88.7900","1944","6.7410",531326,594798,608700,527038,643446,453943,642708,624424,457706,430832,"53.7588","null","null","null","null","null","null","null",40,"4","Changeup",0,2,2,0,2,0,2,0,"Infield shift","Standard"
"FF","2018-08-23","95.0","-1.1987","5.4416","Jacob deGrom",474832,594798,"null","ball",,,,,"11","null","R","L","R","NYM","SF","B","null","null",1,1,2018,"-0.3847","1.5088","-0.8300","3.9810","null","null","null",0,6,"Top","null","null",,,608700,,"180823_183540","1.8592","-138.3240","-1.5586","-5.4269","34.5119","-12.5347","3.2840","1.5092","null","null","null","95.4130","2423","6.7650",531326,594798,608700,527038,643446,453943,642708,624424,457706,430832,"53.7343","null","null","null","null","null","null","null",40,"3","4-Seam Fastball",0,2,2,0,2,0,2,0,"Infield shift","Standard"
"FT","2018-08-23","93.3","-1.2584","5.3178","Jacob deGrom",474832,594798,"null","ball",,,,,"11","null","R","L","R","NYM","SF","B","null","null",0,0,2018,"-1.0281","1.0217","-1.2301","3.3618","null","null","null",0,6,"Top","null","null",,,608700,,"180823_183510","2.4209","-135.9500","-1.5687","-13.5185","31.7317","-19.1310","3.3822","1.6812","null","null","null","94.3170","2319","6.9570",531326,594798,608700,527038,643446,453943,642708,624424,457706,430832,"53.5425","null","null","null","null","null","null","null",40,"1","2-Seam Fastball",0,2,2,0,2,0,2,0,"Infield shift","Standard"
"CU","2018-08-23","77.2","3.0088","5.6858","Madison Bumgarner",624424,518516,"null","ball",,,,,"9","null","R","L","L","NYM","SF","B","null","null",2,2,2018,"-0.8748","-0.6891","0.4703","1.6704","null","null","null",1,5,"Bot","null","null",,,460026,,"180823_183149","-3.8087","-112.3618","-0.3406","-6.5461","21.0238","-38.0773","3.1353","1.5324","null","null","null","76.4800","2380","5.8310",531326,518516,460026,474832,605412,446334,543063,596103,621453,457705,"54.6680","null","null","null","null","null","null","null",38,"5","Curveball",0,2,0,2,2,0,0,2,"Standard","Standard"
"CU","2018-08-23","78.1","3.0919","5.7020","Madison Bumgarner",624424,518516,"null","ball",,,,,"13","null","R","L","L","NYM","SF","B","null","null",1,2,2018,"-0.9195","-0.6931","-1.9254","0.5700","null","null","null",1,5,"Bot","null","null",,,460026,,"180823_183125","-9.0095","-113.1218","-2.6796","-5.6380","24.8724","-37.6221","3.3331","1.4846","null","null","null","76.3730","2439","5.7730",531326,518516,460026,474832,605412,446334,543063,596103,621453,457705,"54.7265","null","null","null","null","null","null","null",38,"4","Curveball",0,2,0,2,2,0,0,2,"Standard","Standard"
"CU","2018-08-23","78.6","3.1207","5.7116","Madison Bumgarner",624424,518516,"null","ball",,,,,"13","null","R","L","L","NYM","SF","B","null","null",0,0,2018,"-0.6043","-0.7627","-1.0846","0.9493","null","null","null",1,5,"Bot","null","null",,,460026,,"180823_183017","-7.9056","-114.1770","-2.0650","-3.6932","21.0297","-38.5459","3.1122","1.3863","null","null","null","77.4940","2309","5.5990",531326,518516,460026,474832,605412,446334,543063,596103,621453,457705,"54.9005","null","null","null","null","null","null","null",38,"1","Curveball",0,2,0,2,2,0,0,2,"Standard","Standard"
"FT","2018-08-23","90.6","2.8992","5.7737","Madison Bumgarner",608700,518516,"null","called_strike",,,,,"4","null","R","R","L","NYM","SF","S","null","null",0,0,2018,"0.5347","1.0446","-0.6614","2.6303","null","null","null",0,5,"Bot","null","null",,,460026,,"180823_182925","-9.9687","-131.5330","-4.0929","8.2419","27.4067","-19.4994","3.3822","1.5584","null","null","null","90.1880","2041","6.1250",531326,518516,460026,474832,605412,446334,543063,596103,621453,457705,"54.3743","null","null","null","null","null","null","null",37,"1","2-Seam Fastball",0,2,0,2,2,0,0,2,"Standard","Standard"
"SL","2018-08-23","90.8","-1.1087","5.4738","Jacob deGrom",446334,594798,"null","ball",,,,,"14","null","R","R","R","NYM","SF","B","null","null",0,0,2018,"0.2775","0.9043","1.3630","2.1986","null","null","null",2,5,"Top","null","null",,,608700,,"180823_182614","5.6322","-132.1832","-4.2540","2.0230","29.5596","-20.7314","3.6274","1.7304","null","null","null","91.3740","2576","6.7250",531326,594798,608700,527038,643446,453943,642708,624424,457706,430832,"53.7750","null","null","null","null","null","null","null",36,"1","Slider",0,2,2,0,2,0,2,0,"Standard","Standard"
"CU","2018-08-23","82.9","-1.0843","5.4138","Jacob deGrom",605412,594798,"null","ball",,,,,"14","null","R","L","R","NYM","SF","B","null","null",1,2,2018,"0.7711","-0.6985","0.7528","-1.1054","null","null","null",1,5,"Top","null","null",,,608700,,"180823_182508","2.6910","-120.5220","-6.9927","6.9050","25.1225","-37.7108","3.1122","1.4600","null","null","null","82.6360","2637","6.3280",531326,594798,608700,527038,643446,453943,642708,624424,457706,430832,"54.1712","null","null","null","null","null","null","null",35,"4","Curveball",0,2,2,0,2,0,2,0,"Standard","Standard"
"CU","2018-08-23","81.9","-1.0904","5.4549","Jacob deGrom",605412,594798,"null","called_strike",,,,,"1","null","R","L","R","NYM","SF","S","null","null",1,0,2018,"0.5168","-0.2529","-0.4142","2.7580","null","null","null",1,5,"Top","null","null",,,608700,,"180823_182431","0.5302","-119.1327","1.0372","4.7495","25.5672","-35.0205","3.1859","1.3863","null","null","null","81.4550","2499","6.2750",531326,594798,608700,527038,643446,453943,642708,624424,457706,430832,"54.2242","null","null","null","null","null","null","null",35,"2","Curveball",0,2,2,0,2,0,2,0,"Standard","Standard"
"CU","2018-08-23","83.0","-1.0062","5.5344","Jacob deGrom",605412,594798,"null","ball",,,,,"9","null","R","L","R","NYM","SF","B","null","null",0,0,2018,"0.3175","0.0622","0.7245","1.5994","null","null","null",1,5,"Top","null","null",,,608700,,"180823_182417","3.3410","-120.7973","-2.5680","2.3318","26.8139","-31.2469","3.2595","1.5829","null","null","null","82.6030","2489","6.3340",531326,594798,608700,527038,643446,453943,642708,624424,457706,430832,"54.1660","null","null","null","null","null","null","null",35,"1","Curveball",0,2,2,0,2,0,2,0,"Standard","Standard"
"SL","2018-08-23","90.3","-0.9439","5.4669","Jacob deGrom",457705,594798,"null","ball",,,,,"14","null","R","R","R","NYM","SF","B","null","null",0,2,2018,"0.4702","0.4773","1.5303","2.3951","null","null","null",0,5,"Top","null","null",,,608700,,"180823_182305","5.1873","-131.5012","-2.7573","4.4286","27.6392","-26.1882","3.4067","1.7304","null","null","null","91.0320","2633","6.6710",531326,594798,608700,527038,643446,453943,642708,624424,457706,430832,"53.8282","null","null","null","null","null","null","null",34,"3","Slider",0,2,2,0,2,0,2,0,"Standard","Standard"
"FF","2018-08-23","94.8","-1.1014","5.3468","Jacob deGrom",457705,594798,"null","called_strike",,,,,"9","null","R","R","R","NYM","SF","S","null","null",0,0,2018,"-0.5386","1.4910","0.4308","1.8204","null","null","null",0,5,"Top","null","null",,,608700,,"180823_182237","5.2881","-137.9422","-7.0222","-8.1672","30.2768","-11.4208","3.4067","1.6075","null","null","null","95.8560","2330","6.8700",531326,594798,608700,527038,643446,453943,642708,624424,457706,430832,"53.6294","null","null","null","null","null","null","null",34,"1","4-Seam Fastball",0,2,2,0,2,0,2,0,"Standard","Standard"
"FT","2018-08-23","92.0","2.9320","5.7894","Madison Bumgarner",643446,518516,"null","ball",,,,,"11","null","R","L","L","NYM","SF","B","null","null",0,0,2018,"0.3063","0.6549","-0.9195","2.7292","null","527038.00","430832.00",2,4,"Bot","null","null",,,460026,,"180823_181936","-10.4643","-133.6770","-3.4046","5.7101","25.3345","-23.7419","3.6029","1.7058","null","null","null","92.7060","2162","6.5210",531326,518516,460026,474832,605412,446334,543063,596103,621453,457705,"53.9787","null","null","null","null","null","null","null",33,"1","2-Seam Fastball",0,2,0,2,2,0,0,2,"Standard","Standard"
"FT","2018-08-23","92.0","2.8634","5.6869","Madison Bumgarner",430832,518516,"null","ball",,,,,"13","null","R","R","L","NYM","SF","B","null","null",0,0,2018,"0.7982","1.0356","-1.1122","1.2862","null","null","527038.00",2,4,"Bot","null","null",,,460026,,"180823_181826","-11.8408","-133.4511","-7.5799","12.0541","27.2885","-18.3199","3.3686","1.6075","null","null","null","92.3120","2069","6.5380",531326,518516,460026,474832,605412,446334,543063,596103,621453,457705,"53.9615","null","null","null","null","null","null","null",32,"1","2-Seam Fastball",0,2,0,2,2,0,0,2,"Infield shift","Standard"
"FC","2018-08-23","85.0","3.1142","5.7024","Madison Bumgarner",453943,518516,"null","ball",,,,,"9","null","R","R","L","NYM","SF","B","null","null",0,0,2018,"-0.1669","0.4862","0.3226","1.7859","null","null","527038.00",1,4,"Bot","null","null",,,460026,,"180823_181652","-6.1888","-123.4537","-3.6846","-0.2284","28.8934","-26.6854","3.1599","1.4832","null","null","null","84.1470","2058","6.2380",531326,518516,460026,474832,605412,446334,543063,596103,621453,457705,"54.2620","null","null","null","null","null","null","null",31,"1","Cutter",0,2,0,2,2,0,0,2,"Infield shift","Standard"
"CU","2018-08-23","76.4","3.0641","5.7450","Madison Bumgarner",527038,518516,"null","called_strike",,,,,"12","null","R","R","L","NYM","SF","S","null","null",1,0,2018,"-1.0004","-0.7048","1.0309","3.3535","null","null","null",1,4,"Bot","null","null",,,460026,,"180823_181549","-2.4884","-110.9100","3.3144","-7.4363","22.9513","-38.7546","3.1353","1.3357","null","null","null","74.8010","2293","5.6010",531326,518516,460026,474832,605412,446334,543063,596103,621453,457705,"54.8989","null","null","null","null","null","null","null",30,"2","Curveball",0,2,0,2,2,0,0,2,"Standard","Standard"
"CU","2018-08-23","76.3","3.0620","5.7568","Madison Bumgarner",527038,518516,"null","ball",,,,,"12","null","R","R","L","NYM","SF","B","null","null",0,0,2018,"-1.2326","-0.7994","2.3314","4.5886","null","null","null",1,4,"Bot","null","null",,,460026,,"180823_181531","0.6098","-110.7491","5.9640","-9.9461","21.1988","-39.9618","3.2840","1.4355","null","null","null","74.9480","2367","5.5960",531326,518516,460026,474832,605412,446334,543063,596103,621453,457705,"54.9030","null","null","null","null","null","null","null",30,"1","Curveball",0,2,0,2,2,0,0,2,"Standard","Standard"
"FC","2018-08-23","85.9","3.1198","5.8191","Madison Bumgarner",457706,518516,"null","ball",,,,,"12","null","R","R","L","NYM","SF","B","null","null",2,2,2018,"-0.0911","0.3913","0.5299","3.9395","null","null","null",0,4,"Bot","null","null",,,460026,,"180823_181438","-5.9251","-124.8880","1.0411","0.2859","25.9081","-28.5710","3.4086","1.6321","null","null","null","85.4580","2222","6.1210",531326,518516,460026,474832,605412,446334,543063,596103,621453,457705,"54.3790","null","null","null","null","null","null","null",29,"5","Cutter",0,2,0,2,2,0,0,2,"Standard","Standard"
"FT","2018-08-23","91.1","2.9968","5.7962","Madison Bumgarner",457706,518516,"null","called_strike",,,,,"4","null","R","R","L","NYM","SF","S","null","null",2,1,2018,"0.8626","1.3418","-0.8147","2.4716","null","null","null",0,4,"Bot","null","null",,,460026,,"180823_181419","-11.3756","-132.1183","-5.2637","12.4992","28.1828","-15.6018","3.4086","1.5586","null","null","null","90.7690","2083","6.2770",531326,518516,460026,474832,605412,446334,543063,596103,621453,457705,"54.2222","null","null","null","null","null","null","null",29,"4","2-Seam Fastball",0,2,0,2,2,0,0,2,"Standard","Standard"
"FC","2018-08-23","85.4","3.0476","5.8018","Madison Bumgarner",457706,518516,"null","ball",,,,,"13","null","R","R","L","NYM","SF","B","null","null",1,0,2018,"-0.3246","0.2786","-1.6995","1.1376","null","null","null",0,4,"Bot","null","null",,,460026,,"180823_181336","-10.4438","-123.8652","-5.1461","-1.1546","25.4125","-28.5254","3.4086","1.5584","null","null","null","84.6380","2005","6.0350",531326,518516,460026,474832,605412,446334,543063,596103,621453,457705,"54.4646","null","null","null","null","null","null","null",29,"2","Cutter",0,2,0,2,2,0,0,2,"Standard","Standard"
"FT","2018-08-23","90.7","3.0126","5.7711","Madison Bumgarner",457706,518516,"null","ball",,,,,"12","null","R","R","L","NYM","SF","B","null","null",0,0,2018,"0.9257","1.1176","0.8933","3.1166","null","null","null",0,4,"Bot","null","null",,,460026,,"180823_181320","-7.3113","-131.9247","-3.0725","12.4692","30.3299","-18.6671","3.4312","1.5584","null","null","null","90.6720","1974","6.4800",531326,518516,460026,474832,605412,446334,543063,596103,621453,457705,"54.0196","null","null","null","null","null","null","null",29,"1","2-Seam Fastball",0,2,0,2,2,0,0,2,"Standard","Standard"
"FF","2018-08-23","96.3","-0.9686","5.3089","Jacob deGrom",621453,594798,"null","called_strike",,,,,"9","null","R","L","R","NYM","SF","S","null","null",0,1,2018,"-0.2972","1.5180","0.3851","1.9133","460026.00","518516.00","null",2,4,"Top","null","null",,,519023,,"180823_181006","4.3344","-140.1466","-6.9789","-5.0440","35.0694","-10.4089","3.4686","1.6075","null","null","null","96.9750","2527","6.9120",531326,594798,519023,527038,643446,453943,642708,624424,457706,430832,"53.5878","null","null","null","null","null","null","null",28,"2","4-Seam Fastball",0,2,2,0,2,0,2,0,"Standard","Standard"
"SL","2018-08-23","88.9","-1.0926","5.3855","Jacob deGrom",460026,594798,"walk","ball",,,,,"12","Nick Hundley walks.   Austin Slater to 2nd.  ","R","R","R","NYM","SF","B","null","null",3,2,2018,"0.7357","0.2745","0.8136","3.5535","null","null","596103.00",2,4,"Top","null","null",,,519023,,"180823_180755","3.1383","-129.5707","0.9757","7.6610","27.6464","-29.4826","3.3331","1.5829","null","null","null","89.3950","2498","6.5550",531326,594798,519023,527038,643446,453943,642708,624424,457706,430832,"53.9447","null","null","0.70",1,0,0,"null",26,"6","Slider",0,1,1,0,1,0,1,0,"Standard","Standard"
"CH","2018-08-23","88.0","-1.0648","5.2884","Jacob deGrom",460026,594798,"null","ball",,,,,"14","null","R","R","R","NYM","SF","B","null","null",2,2,2018,"-1.4514","0.3627","0.5686","1.2049","null","null","596103.00",2,4,"Top","null","null",,,519023,,"180823_180734","7.0873","-127.8650","-4.5013","-17.6610","29.9331","-27.3384","3.3686","1.6567","null","null","null","88.2000","1714","6.8050",531326,594798,519023,527038,643446,453943,642708,624424,457706,430832,"53.6945","null","null","null","null","null","null","null",26,"5","Changeup",0,1,1,0,1,0,1,0,"Standard","Standard"
"CH","2018-08-23","86.9","-0.9145","5.3820","Jacob deGrom",460026,594798,"null","ball",,,,,"11","null","R","R","R","NYM","SF","B","null","null",1,2,2018,"-1.5701","0.6839","-1.8739","2.6294","null","null","596103.00",2,4,"Top","null","null",,,519023,,"180823_180712","1.0129","-126.6502","-1.8259","-17.3577","28.5396","-24.5023","3.2104","1.5584","null","null","null","87.7600","1829","6.9800",531326,594798,519023,527038,643446,453943,642708,624424,457706,430832,"53.5193","null","null","null","null","null","null","null",26,"4","Changeup",0,1,1,0,1,0,1,0,"Standard","Standard"
"FF","2018-08-23","94.6","-1.0323","5.3506","Jacob deGrom",460026,594798,"null","ball",,,,,"1","null","R","R","R","NYM","SF","B","null","null",0,2,2018,"-0.4005","1.4268","-0.4948","3.0572","null","null","596103.00",2,4,"Top","null","null",,,519023,,"180823_180642","2.3377","-137.7942","-3.5504","-5.7154","32.8267","-13.1554","3.3562","1.5815","null","null","null","95.3490","2329","6.8320",531326,594798,519023,527038,643446,453943,642708,624424,457706,430832,"53.6673","null","null","null","null","null","null","null",26,"3","4-Seam Fastball",0,1,1,0,1,0,1,0,"Standard","Standard"
"SL","2018-08-23","89.8","-1.1568","5.3770","Jacob deGrom",596103,594798,"null","called_strike",,,,,"2","null","R","R","R","NYM","SF","S","null","null",1,0,2018,"0.5421","0.5503","-0.0485","2.8593","null","null","null",1,4,"Top","null","null",,,519023,,"180823_180315","1.5953","-130.8410","-1.4358","5.9349","28.4361","-25.6889","3.3331","1.6567","null","null","null","90.4400","2375","6.6770",531326,594798,519023,527038,643446,453943,642708,624424,457706,430832,"53.8222","null","null","null","null","null","null","null",24,"2","Slider",0,1,1,0,1,0,1,0,"Standard","Standard"
"CU","2018-08-23","82.8","-1.2366","5.4173","Jacob deGrom",596103,594798,"null","ball",,,,,"14","null","R","R","R","NYM","SF","B","null","null",0,0,2018,"0.5057","-0.2066","0.9611","-0.6288","null","null","null",1,4,"Top","null","null",,,519023,,"180823_180249","4.0283","-120.3177","-6.8360","4.0347","25.3511","-32.9596","3.1122","1.4109","null","null","null","82.5300","2579","6.3820",531326,594798,519023,527038,643446,453943,642708,624424,457706,430832,"54.1178","null","null","null","null","null","null","null",24,"1","Curveball",0,1,1,0,1,0,1,0,"Standard","Standard"
"FT","2018-08-23","90.8","2.9732","5.7178","Madison Bumgarner",642708,518516,"null","called_strike",,,,,"4","null","R","R","L","NYM","SF","S","null","null",0,0,2018,"0.5525","0.9823","-0.3670","2.4914","null","null","null",2,3,"Bot","null","null",,,460026,,"180823_175907","-9.5599","-131.8773","-4.2112","8.6117","30.0330","-19.9989","3.1859","1.4355","null","null","null","90.6400","2123","6.4570",531326,518516,460026,474832,605412,446334,543063,596103,621453,457705,"54.0421","null","null","null","null","null","null","null",22,"1","2-Seam Fastball",0,1,0,1,1,0,0,1,"Standard","Standard"
"FT","2018-08-23","91.0","3.0499","5.7553","Madison Bumgarner",594798,518516,"null","called_strike",,,,,"4","null","R","L","L","NYM","SF","S","null","null",1,1,2018,"0.6538","1.1712","-0.6440","2.6107","null","null","null",1,3,"Bot","null","null",,,460026,,"180823_175815","-10.7467","-131.9984","-4.4398","10.2615","31.9227","-17.5951","3.5784","1.7304","null","null","null","90.9320","2073","6.7340",531326,518516,460026,474832,605412,446334,543063,596103,621453,457705,"53.7652","null","null","null","null","null","null","null",21,"3","2-Seam Fastball",0,1,0,1,1,0,0,1,"Standard","Standard"
"FT","2018-08-23","91.3","3.0000","5.7789","Madison Bumgarner",594798,518516,"null","ball",,,,,"12","null","R","L","L","NYM","SF","B","null","null",0,1,2018,"0.7093","0.9423","1.2101","4.0127","null","null","null",1,3,"Bot","null","null",,,460026,,"180823_175747","-6.0580","-132.7855","-0.5370","9.7892","31.2786","-21.1666","3.5784","1.7058","null","null","null","91.1890","2045","6.4790",531326,518516,460026,474832,605412,446334,543063,596103,621453,457705,"54.0203","null","null","null","null","null","null","null",21,"2","2-Seam Fastball",0,1,0,1,1,0,0,1,"Standard","Standard"
"FT","2018-08-23","90.2","2.8824","5.8155","Madison Bumgarner",594798,518516,"null","called_strike",,,,,"13","null","R","L","L","NYM","SF","S","null","null",0,0,2018,"0.9017","1.0835","-0.8421","1.7769","null","null","null",1,3,"Bot","null","null",,,460026,,"180823_175730","-11.2097","-130.7699","-6.3115","12.9448","30.4359","-18.5100","3.5524","1.8272","null","null","null","89.9220","2020","6.5600",531326,518516,460026,474832,605412,446334,543063,596103,621453,457705,"53.9398","null","null","null","null","null","null","null",21,"1","2-Seam Fastball",0,1,0,1,1,0,0,1,"Standard","Standard"
"FT","2018-08-23","90.6","3.0070","5.8323","Madison Bumgarner",624424,518516,"null","ball",,,,,"11","null","R","L","L","NYM","SF","B","null","null",0,1,2018,"1.1824","0.9578","-1.3247","2.8404","null","null","null",0,3,"Bot","null","null",,,460026,,"180823_175620","-13.2849","-131.1492","-3.4657","16.5809","29.8560","-20.6353","3.0877","1.4355","null","null","null","89.9230","2070","6.3370",531326,518516,460026,474832,605412,446334,543063,596103,621453,457705,"54.1621","null","null","null","null","null","null","null",20,"2","2-Seam Fastball",0,1,0,1,1,0,0,1,"Standard","Standard"
"CH","2018-08-23","89.0","-1.0397","5.3445","Jacob deGrom",446334,594798,"null","called_strike",,,,,"6","null","R","R","R","NYM","SF","S","null","null",0,1,2018,"-1.0685","0.6412","0.6464","2.2366","null","null","null",2,3,"Top","null","null",,,519023,,"180823_175322","6.4966","-129.6613","-3.0207","-13.6103","26.2974","-24.3671","3.5539","1.6075","null","null","null","90.1430","1638","6.8580",531326,594798,519023,527038,643446,453943,642708,624424,457706,430832,"53.6418","null","null","null","null","null","null","null",19,"2","Changeup",0,1,1,0,1,0,1,0,"Standard","Standard"
"FF","2018-08-23","95.7","-1.0132","5.4126","Jacob deGrom",605412,594798,"null","ball",,,,,"11","null","R","L","R","NYM","SF","B","null","null",0,2,2018,"-0.4168","1.5849","-1.1013","4.3296","null","621453.00","null",1,3,"Top","null","null",,,519023,,"180823_175106","0.7570","-139.5000","-0.8747","-5.7326","37.3961","-11.1126","3.0877","1.4846","null","null","null","96.7780","2414","7.2500",531326,594798,519023,527038,643446,453943,642708,624424,457706,430832,"53.2499","null","null","null","null","null","null","null",18,"3","4-Seam Fastball",0,0,0,0,0,0,0,0,"Standard","Standard"
"FF","2018-08-23","95.0","-1.2170","5.4314","Jacob deGrom",605412,594798,"null","called_strike",,,,,"11","null","R","L","R","NYM","SF","S","null","null",0,0,2018,"-0.6157","1.3625","-0.0600","3.4690","null","621453.00","null",1,3,"Top","null","null",,,519023,,"180823_175013","4.4968","-138.3978","-2.6022","-9.0994","33.2435","-14.0026","3.2826","1.5078","null","null","null","95.8900","2378","6.9120",531326,594798,519023,527038,643446,453943,642708,624424,457706,430832,"53.5873","null","null","null","null","null","null","null",18,"1","4-Seam Fastball",0,0,0,0,0,0,0,0,"Standard","Standard"
"CH","2018-08-23","88.1","-0.9849","5.3504","Jacob deGrom",457705,594798,"null","ball",,,,,"11","null","R","R","R","NYM","SF","B","null","null",2,2,2018,"-1.2490","0.6275","-1.7324","3.1336","null","621453.00","null",0,3,"Top","null","null",,,519023,,"180823_174906","0.8769","-128.5334","-0.6522","-14.4021","27.3182","-25.0694","3.3186","1.6321","null","null","null","89.6720","1630","7.1730",531326,594798,519023,527038,643446,453943,642708,624424,457706,430832,"53.3269","null","null","null","null","null","null","null",17,"6","Changeup",0,0,0,0,0,0,0,0,"Standard","Standard"
"SL","2018-08-23","90.9","-1.1561","5.3935","Jacob deGrom",457705,594798,"null","called_strike",,,,,"14","null","R","R","R","NYM","SF","S","null","null",2,0,2018,"0.2413","0.8565","0.8366","2.2308","null","null","621453.00",0,3,"Top","null","null",,,519023,,"180823_174727","4.4946","-132.2759","-3.8434","1.8130","30.1659","-21.4419","3.3807","1.6061","null","null","null","91.0960","2413","6.5640",531326,594798,519023,527038,643446,453943,642708,624424,457706,430832,"53.9352","null","null","null","null","null","null","null",17,"3","Slider",0,0,0,0,0,0,0,0,"Standard","Standard"
"SL","2018-08-23","90.1","-1.1671","5.3578","Jacob deGrom",457705,594798,"null","ball",,,,,"2","null","R","R","R","NYM","SF","B","null","null",1,0,2018,"0.4763","0.6419","0.2279","3.3509","null","null","621453.00",0,3,"Top","null","null",,,519023,,"180823_174703","2.4615","-131.3033","-0.3813","4.9834","29.6226","-24.8355","3.4052","1.6307","null","null","null","90.5900","2458","6.6550",531326,594798,519023,527038,643446,453943,642708,624424,457706,430832,"53.8442","null","null","null","null","null","null","null",17,"2","Slider",0,0,0,0,0,0,0,0,"Standard","Standard"
"FF","2018-08-23","95.5","-1.1126","5.3950","Jacob deGrom",457705,594798,"null","ball",,,,,"8","null","R","R","R","NYM","SF","B","null","null",0,0,2018,"-0.5364","1.4288","-0.1095","1.6840","null","null","621453.00",0,3,"Top","null","null",,,519023,,"180823_174639","3.8940","-139.0041","-7.4545","-7.9113","31.4375","-11.9589","3.3562","1.7044","null","null","null","96.1950","2352","6.6940",531326,594798,519023,527038,643446,453943,642708,624424,457706,430832,"53.8058","null","null","null","null","null","null","null",17,"1","4-Seam Fastball",0,0,0,0,0,0,0,0,"Standard","Standard"
"FF","2018-08-23","94.8","-1.0920","5.4143","Jacob deGrom",621453,594798,"walk","ball",,,,,"11","Steven Duggar walks.  ","R","L","R","NYM","SF","B","null","null",3,1,2018,"-0.4773","1.3273","-1.0773","3.3325","null","null","null",0,3,"Top","null","null",,,519023,,"180823_174602","1.1587","-138.1851","-2.8473","-6.5227","33.4934","-14.3148","3.4067","1.5338","null","null","null","96.1010","2318","7.1430",531326,594798,519023,527038,643446,453943,642708,624424,457706,430832,"53.3569","null","null","0.70",1,0,0,"null",16,"5","4-Seam Fastball",0,0,0,0,0,0,0,0,"Standard","Standard"
"FF","2018-08-23","95.7","-1.0638","5.3314","Jacob deGrom",621453,594798,"null","ball",,,,,"14","null","R","L","R","NYM","SF","B","null","null",2,1,2018,"-0.2941","1.4413","1.1909","2.5013","null","null","null",0,3,"Top","null","null",,,519023,,"180823_174546","6.6870","-139.1328","-5.1338","-5.5326","35.0798","-12.2413","3.4686","1.6075","null","null","null","96.0720","2436","6.8350",531326,594798,519023,527038,643446,453943,642708,624424,457706,430832,"53.6643","null","null","null","null","null","null","null",16,"4","4-Seam Fastball",0,0,0,0,0,0,0,0,"Standard","Standard"
"FF","2018-08-23","95.8","-1.1988","5.4344","Jacob deGrom",621453,594798,"null","called_strike",,,,,"1","null","R","L","R","NYM","SF","S","null","null",2,0,2018,"-0.6494","1.6286","-0.8162","3.0410","null","null","null",0,3,"Top","null","null",,,519023,,"180823_174532","2.5645","-139.6033","-4.5223","-9.2827","35.2434","-9.5725","3.4680","1.6070","null","null","null","96.8930","2412","7.1110",531326,594798,519023,527038,643446,453943,642708,624424,457706,430832,"53.3884","null","null","null","null","null","null","null",16,"3","4-Seam Fastball",0,0,0,0,0,0,0,0,"Standard","Standard"
"CH","2018-08-23","88.8","-1.1294","5.4564","Jacob deGrom",621453,594798,"null","ball",,,,,"11","null","R","L","R","NYM","SF","B","null","null",1,0,2018,"-1.4310","0.6445","-1.0953","2.9641","null","null","null",0,3,"Top","null","null",,,519023,,"180823_174517","3.1743","-129.2542","-1.3617","-16.8988","30.5656","-24.7935","3.3571","1.6562","null","null","null","89.2350","1711","6.8500",531326,594798,519023,527038,643446,453943,642708,624424,457706,430832,"53.6494","null","null","null","null","null","null","null",16,"2","Changeup",0,0,0,0,0,0,0,0,"Standard","Standard"
"CU","2018-08-23","82.8","-1.2599","5.5415","Jacob deGrom",621453,594798,"null","ball",,,,,"14","null","R","L","R","NYM","SF","B","null","null",0,0,2018,"0.3509","-0.0960","0.6609","1.1402","null","null","null",0,3,"Top","null","null",,,519023,,"180823_174503","3.6966","-120.4244","-3.2783","2.5592","26.4191","-32.6237","3.4680","1.6562","null","null","null","82.2840","2544","6.2670",531326,594798,519023,527038,643446,453943,642708,624424,457706,430832,"54.2320","null","null","null","null","null","null","null",16,"1","Curveball",0,0,0,0,0,0,0,0,"Standard","Standard"
"FC","2018-08-23","84.3","3.1293","5.7929","Madison Bumgarner",519023,518516,"null","ball",,,,,"14","null","R","R","L","NYM","SF","B","null","null",2,1,2018,"-0.2048","0.3431","0.7775","1.2153","null","null","430832.00",2,2,"Bot","null","null",,,460026,,"180823_174159","-5.0333","-122.4998","-4.8186","-0.9025","27.2510","-27.9725","3.0381","1.3858","null","null","null","83.4160","2156","6.0690",531326,518516,460026,474832,605412,446334,543063,596103,621453,457705,"54.4304","null","null","null","null","null","null","null",15,"4","Cutter",0,0,0,0,0,0,0,0,"Infield shift","Standard"
"FT","2018-08-23","90.3","3.0550","5.7915","Madison Bumgarner",519023,518516,"null","called_strike",,,,,"9","null","R","R","L","NYM","SF","S","null","null",2,0,2018,"0.5855","1.2964","0.4991","1.8092","null","null","430832.00",2,2,"Bot","null","null",,,460026,,"180823_174140","-7.5660","-131.1095","-6.6112","8.3825","29.5851","-16.1403","2.9399","1.3612","null","null","null","89.6610","2144","6.1710",531326,518516,460026,474832,605412,446334,543063,596103,621453,457705,"54.3282","null","null","null","null","null","null","null",15,"3","2-Seam Fastball",0,0,0,0,0,0,0,0,"Infield shift","Standard"
"CU","2018-08-23","76.7","3.2496","5.7596","Madison Bumgarner",519023,518516,"null","ball",,,,,"14","null","R","R","L","NYM","SF","B","null","null",0,0,2018,"-1.0182","-1.1330","0.8605","1.1908","null","null","430832.00",2,2,"Bot","null","null",,,460026,,"180823_174055","-3.2124","-111.5189","-0.5285","-7.5324","23.3388","-41.4824","3.0381","1.3366","null","null","null","75.3210","2251","5.6980",531326,518516,460026,474832,605412,446334,543063,596103,621453,457705,"54.8014","null","null","null","null","null","null","null",15,"1","Curveball",0,0,0,0,0,0,0,0,"Infield shift","Standard"
"FC","2018-08-23","84.4","3.0677","5.7916","Madison Bumgarner",643446,518516,"null","ball",,,,,"12","null","R","L","L","NYM","SF","B","null","null",0,0,2018,"-0.4123","0.2772","0.8349","3.9340","null","null","430832.00",1,2,"Bot","null","null",,,460026,,"180823_173954","-4.3607","-122.7559","1.5023","-3.2422","24.6369","-29.9421","3.5043","1.7053","null","null","null","83.9160","2285","6.0290",531326,518516,460026,474832,605412,446334,543063,596103,621453,457705,"54.4706","null","null","null","null","null","null","null",14,"1","Cutter",0,0,0,0,0,0,0,0,"Standard","Standard"
"FT","2018-08-23","91.3","3.0102","5.7871","Madison Bumgarner",430832,518516,"null","ball",,,,,"11","null","R","R","L","NYM","SF","B","null","null",0,0,2018,"0.8757","0.8870","-0.8758","2.6782","null","null","null",1,2,"Bot","null","null",,,460026,,"180823_173849","-11.6193","-132.3490","-3.7302","12.9208","31.0730","-21.2127","3.3571","1.5579","null","null","null","90.5940","2073","6.2990",531326,518516,460026,474832,605412,446334,543063,596103,621453,457705,"54.2006","null","null","null","null","null","null","null",13,"1","2-Seam Fastball",0,0,0,0,0,0,0,0,"Infield shift","Standard"
"FF","2018-08-23","95.0","-0.9855","5.4341","Jacob deGrom",518516,594798,"strikeout","called_strike",,,,,"6","Madison Bumgarner called out on strikes.  ","R","R","R","NYM","SF","S",2,"null",2,2,2018,"-0.3220","1.4929","0.5094","2.7194","null","null","null",2,2,"Top","null","null",,,519023,,"180823_173457","4.7043","-138.2589","-4.8766","-5.3116","33.2442","-11.8194","3.5480","1.6562","null","null","null","95.7380","2386","6.8860",531326,594798,519023,527038,643446,453943,642708,624424,457706,430832,"53.6138","null","null","0.00",1,0,0,"null",11,"6","4-Seam Fastball",0,0,0,0,0,0,0,0,"Standard","Standard"
"FF","2018-08-23","95.0","-1.0255","5.3948","Jacob deGrom",518516,594798,"null","ball",,,,,"12","null","R","R","R","NYM","SF","B","null","null",1,2,2018,"-0.3859","1.4098","0.4428","4.0888","null","null","null",2,2,"Top","null","null",,,519023,,"180823_173416","4.7795","-138.4206","-0.9836","-6.1315","31.8888","-13.7673","3.4307","1.6562","null","null","null","95.9320","2352","6.8270",531326,594798,519023,527038,643446,453943,642708,624424,457706,430832,"53.6728","null","null","null","null","null","null","null",11,"4","4-Seam Fastball",0,0,0,0,0,0,0,0,"Standard","Standard"
"CU","2018-08-23","83.2","-1.1072","5.4327","Jacob deGrom",518516,594798,"null","called_strike",,,,,"14","null","R","R","R","NYM","SF","S","null","null",1,0,2018,"0.2652","-0.0347","0.9035","2.0081","null","null","null",2,2,"Top","null","null",,,519023,,"180823_173347","4.0937","-120.9724","-1.2142","1.6440","27.4980","-32.4826","3.2590","1.5579","null","null","null","82.7220","2581","6.3920",531326,594798,519023,527038,643446,453943,642708,624424,457706,430832,"54.1071","null","null","null","null","null","null","null",11,"2","Curveball",0,0,0,0,0,0,0,0,"Standard","Standard"
"CU","2018-08-23","82.9","-1.1031","5.4895","Jacob deGrom",518516,594798,"null","ball",,,,,"14","null","R","R","R","NYM","SF","B","null","null",0,0,2018,"0.2713","-0.1024","1.7077","1.6974","null","null","null",2,2,"Top","null","null",,,519023,,"180823_173334","5.9257","-120.6968","-1.9565","1.4280","25.1059","-32.9861","3.4307","1.6070","null","null","null","83.1840","2570","6.6040",531326,594798,519023,527038,643446,453943,642708,624424,457706,430832,"53.8950","null","null","null","null","null","null","null",11,"1","Curveball",0,0,0,0,0,0,0,0,"Standard","Standard"
"CH","2018-08-23","88.0","-1.0252","5.4052","Jacob deGrom",460026,594798,"null","ball",,,,,"14","null","R","R","R","NYM","SF","B","null","null",1,1,2018,"-1.5463","0.4194","0.2962","1.1930","null","null","543063.00",0,2,"Top","null","null",,,519023,,"180823_173223","6.6149","-127.9970","-5.0133","-18.8312","29.2156","-26.5239","3.3680","1.4841","null","null","null","88.9360","1862","7.1360",531326,594798,519023,527038,643446,453943,642708,624424,457706,430832,"53.3637","null","null","null","null","null","null","null",10,"3","Changeup",0,0,0,0,0,0,0,0,"Standard","Standard"
"CH","2018-08-23","88.1","-1.0307","5.3598","Jacob deGrom",460026,594798,"null","ball",,,,,"14","null","R","R","R","NYM","SF","B","null","null",0,1,2018,"-1.4075","0.4663","0.3970","0.8451","null","null","543063.00",0,2,"Top","null","null",,,519023,,"180823_173200","6.5574","-128.2664","-5.9413","-17.2565","26.6554","-25.8546","3.2099","1.5333","null","null","null","89.3110","1832","7.0200",531326,594798,519023,527038,643446,453943,642708,624424,457706,430832,"53.4798","null","null","null","null","null","null","null",10,"2","Changeup",0,0,0,0,0,0,0,0,"Standard","Standard"
"SL","2018-08-23","90.5","-1.2240","5.4670","Jacob deGrom",460026,594798,"null","called_strike",,,,,"5","null","R","R","R","NYM","SF","S","null","null",0,0,2018,"0.3353","0.5105","0.0177","2.1311","null","null","543063.00",0,2,"Top","null","null",,,519023,,"180823_173117","2.3962","-131.8521","-3.5244","3.4376","28.8564","-25.5673","3.3680","1.5333","null","null","null","91.3410","2489","6.7970",531326,594798,519023,527038,643446,453943,642708,624424,457706,430832,"53.7026","null","null","null","null","null","null","null",10,"1","Slider",0,0,0,0,0,0,0,0,"Standard","Standard"
"CH","2018-08-23","87.8","-1.1704","5.4344","Jacob deGrom",543063,594798,"null","ball",,,,,"11","null","R","L","R","NYM","SF","B","null","null",0,1,2018,"-1.1017","0.4078","-1.4208","2.8549","null","null","null",0,2,"Top","null","null",,,519023,,"180823_172933","1.7683","-127.9709","-0.9860","-12.7435","28.0466","-27.5717","3.3326","1.5333","null","null","null","88.9970","1780","7.0830",531326,594798,519023,527038,643446,453943,642708,624424,457706,430832,"53.4162","null","null","null","null","null","null","null",9,"2","Changeup",0,0,0,0,0,0,0,0,"Standard","Standard"
"CU","2018-08-23","82.3","-1.2259","5.4900","Jacob deGrom",543063,594798,"null","called_strike",,,,,"7","null","R","L","R","NYM","SF","S","null","null",0,0,2018,"0.5438","-0.5130","-0.7180","1.7706","null","null","null",0,2,"Top","null","null",,,519023,,"180823_172916","0.0938","-119.9392","-0.8920","5.2180","24.7139","-37.1542","3.3571","1.5579","null","null","null","82.4240","2518","6.4380",531326,594798,519023,527038,643446,453943,642708,624424,457706,430832,"54.0619","null","null","null","null","null","null","null",9,"1","Curveball",0,0,0,0,0,0,0,0,"Standard","Standard"
"FT","2018-08-23","90.5","2.9980","5.7436","Madison Bumgarner",527038,518516,"null","called_strike",,,,,"5","null","R","R","L","NYM","SF","S","null","null",0,0,2018,"0.8288","1.2823","0.2572","2.2725","null","null","null",2,1,"Bot","null","null",,,460026,,"180823_172615","-8.5541","-131.3721","-5.3544","11.4135","29.4792","-16.5211","3.2344","1.5087","null","null","null","89.8750","2040","6.1750",531326,518516,460026,474832,605412,446334,543063,596103,621453,457705,"54.3249","null","null","null","null","null","null","null",8,"1","2-Seam Fastball",0,0,0,0,0,0,0,0,"Standard","Standard"
"CU","2018-08-23","78.3","3.1803","5.7776","Madison Bumgarner",457706,518516,"null","ball",,,,,"14","null","R","R","L","NYM","SF","B","null","null",1,2,2018,"-0.5099","-0.5030","0.5858","0.6102","null","null","null",1,1,"Bot","null","null",,,460026,,"180823_172517","-4.6164","-113.6812","-3.1308","-3.1639","26.4592","-35.9395","3.2835","1.5824","null","null","null","76.4700","2205","5.7180",531326,518516,460026,474832,605412,446334,543063,596103,621453,457705,"54.7819","null","null","null","null","null","null","null",7,"4","Curveball",0,0,0,0,0,0,0,0,"Standard","Standard"
"FT","2018-08-23","90.6","2.9537","5.8635","Madison Bumgarner",457706,518516,"null","ball",,,,,"12","null","R","R","L","NYM","SF","B","null","null",0,2,2018,"0.7139","1.0624","0.7881","4.2390","null","null","null",1,1,"Bot","null","null",,,460026,,"180823_172458","-6.9886","-131.7578","-0.3475","9.9710","31.1896","-19.9392","3.2835","1.5579","null","null","null","90.6530","2018","6.6150",531326,518516,460026,474832,605412,446334,543063,596103,621453,457705,"53.8849","null","null","null","null","null","null","null",7,"3","2-Seam Fastball",0,0,0,0,0,0,0,0,"Standard","Standard"
"FT","2018-08-23","90.7","2.9848","5.8402","Madison Bumgarner",457706,518516,"null","called_strike",,,,,"2","null","R","R","L","NYM","SF","S","null","null",0,0,2018,"0.8561","1.2593","0.0875","3.3014","null","null","null",1,1,"Bot","null","null",,,460026,,"180823_172416","-9.0295","-131.7185","-3.0497","11.8642","28.8152","-17.1896","3.2570","1.4822","null","null","null","90.2630","2142","6.2000",531326,518516,460026,474832,605412,446334,543063,596103,621453,457705,"54.2990","null","null","null","null","null","null","null",7,"1","2-Seam Fastball",0,0,0,0,0,0,0,0,"Standard","Standard"
"SL","2018-08-23","90.4","-1.0455","5.4659","Jacob deGrom",596103,594798,"null","called_strike",,,,,"3","null","R","R","R","NYM","SF","S","null","null",0,1,2018,"0.6289","0.6384","0.3806","3.2273","null","605412.00","446334.00",2,1,"Top","null","null",,,519023,,"180823_171947","2.2165","-131.7079","-1.0026","6.8633","29.1814","-24.6966","3.4062","1.5824","null","null","null","90.8470","2551","6.5910",531326,594798,519023,527038,643446,453943,642708,624424,457706,430832,"53.9084","null","null","null","null","null","null","null",5,"2","Slider",0,0,0,0,0,0,0,0,"Standard","Standard"
"SL","2018-08-23","89.9","-1.1263","5.4407","Jacob deGrom",596103,594798,"null","called_strike",,,,,"12","null","R","R","R","NYM","SF","S","null","null",0,0,2018,"0.6025","0.5479","0.8904","2.9310","null","605412.00","446334.00",2,1,"Top","null","null",,,519023,,"180823_171905","3.7354","-130.9840","-1.4280","6.1829","28.1162","-25.7219","3.3326","1.6562","null","null","null","90.4560","2479","6.5960",531326,594798,519023,527038,643446,453943,642708,624424,457706,430832,"53.9038","null","null","null","null","null","null","null",5,"1","Slider",0,0,0,0,0,0,0,0,"Standard","Standard"
"FF","2018-08-23","97.7","-1.0061","5.3958","Jacob deGrom",474832,594798,"null","ball",,,,,"14","null","R","L","R","NYM","SF","B","null","null",0,2,2018,"-0.7049","1.5227","0.2285","1.3269","null","605412.00","446334.00",1,1,"Top","null","null",,,519023,,"180823_171745","5.0218","-142.1021","-9.0769","-10.8659","33.9412","-9.3256","3.1608","1.5333","null","null","null","98.3900","2475","6.7980",531326,594798,519023,527038,643446,453943,642708,624424,457706,430832,"53.7019","null","null","null","null","null","null","null",4,"3","4-Seam Fastball",0,0,0,0,0,0,0,0,"Standard","Standard"
"CH","2018-08-23","88.8","-0.9527","5.3304","Jacob deGrom",446334,594798,"walk","ball",,,,,"14","Evan Longoria walks.   Joe Panik to 2nd.  ","R","R","R","NYM","SF","B","null","null",3,2,2018,"-1.3383","0.4964","1.0635","0.7404","null","null","605412.00",1,1,"Top","null","null",,,519023,,"180823_171546","7.9408","-128.9824","-6.2188","-17.0844","31.3820","-25.2441","3.4080","1.5333","null","null","null","89.3980","1843","7.1480",531326,594798,519023,527038,643446,453943,642708,624424,457706,430832,"53.3520","null","null","0.70",1,0,0,"null",3,"6","Changeup",0,0,0,0,0,0,0,0,"Strategic","Standard"
"FF","2018-08-23","95.6","-1.1582","5.4174","Jacob deGrom",446334,594798,"null","ball",,,,,"1","null","R","R","R","NYM","SF","B","null","null",1,2,2018,"-0.3686","1.5351","-0.4795","3.4096","null","null","605412.00",1,1,"Top","null","null",,,519023,,"180823_171451","2.6847","-139.2534","-3.2347","-5.5397","34.1421","-11.2481","3.4778","1.6297","null","null","null","96.6940","2384","7.0680",531326,594798,519023,527038,643446,453943,642708,624424,457706,430832,"53.4317","null","null","null","null","null","null","null",3,"4","4-Seam Fastball",0,0,0,0,0,0,0,0,"Strategic","Standard"
"SL","2018-08-23","92.6","-1.1995","5.4671","Jacob deGrom",446334,594798,"null","called_strike",,,,,"4","null","R","R","R","NYM","SF","S","null","null",1,0,2018,"0.2284","0.5725","-0.3702","2.7816","null","null","605412.00",1,1,"Top","null","null",,,519023,,"180823_171407","1.6288","-134.9795","-2.3892","2.5050","28.1459","-24.7281","3.5779","1.6070","null","null","null","93.7940","2535","6.8040",531326,594798,519023,527038,643446,453943,642708,624424,457706,430832,"53.6958","null","null","null","null","null","null","null",3,"2","Slider",0,0,0,0,0,0,0,0,"Strategic","Standard"
"FF","2018-08-23","96.5","-1.1837","5.4112","Jacob deGrom",446334,594798,"null","ball",,,,,"14","null","R","R","R","NYM","SF","B","null","null",0,0,2018,"-0.2134","1.5271","0.7424","1.3989","null","null","605412.00",1,1,"Top","null","null",,,519023,,"180823_171347","5.7059","-140.3881","-8.7726","-4.2341","33.2333","-9.6474","3.6269","1.6070","null","null","null","97.6920","2443","7.0800",531326,594798,519023,527038,643446,453943,642708,624424,457706,430832,"53.4199","null","null","null","null","null","null","null",3,"1","4-Seam Fastball",0,0,0,0,0,0,0,0,"Standard","Standard"
"CH","2018-08-23","90.1","-1.1010","5.3429","Jacob deGrom",605412,594798,"null","ball",,,,,"13","null","R","L","R","NYM","SF","B","null","null",2,2,2018,"-0.6047","0.6336","-0.2767","0.7892","null","null","null",1,1,"Top","null","null",,,519023,,"180823_171251","3.3980","-131.2070","-6.7770","-7.8400","29.0916","-23.4432","3.1854","1.3858","null","null","null","90.9600","1649","6.8790",531326,594798,519023,527038,643446,453943,642708,624424,457706,430832,"53.6203","null","null","null","null","null","null","null",2,"5","Changeup",0,0,0,0,0,0,0,0,"Standard","Standard"
"FF","2018-08-23","96.7","-1.2558","5.4042","Jacob deGrom",605412,594798,"null","ball",,,,,"12","null","R","L","R","NYM","SF","B","null","null",1,2,2018,"-0.0907","1.4559","0.2693","4.5898","null","null","null",1,1,"Top","null","null",,,519023,,"180823_171236","4.3232","-140.8087","0.0519","-2.2954","35.1116","-12.8516","3.1608","1.4350","null","null","null","97.3360","2394","6.8360",531326,594798,519023,527038,643446,453943,642708,624424,457706,430832,"53.6632","null","null","null","null","null","null","null",2,"4","4-Seam Fastball",0,0,0,0,0,0,0,0,"Standard","Standard"
"CU","2018-08-23","84.5","-1.1543","5.5241","Jacob deGrom",605412,594798,"null","called_strike",,,,,"4","null","R","L","R","NYM","SF","S","null","null",1,0,2018,"0.5008","-0.1002","-0.2819","2.5085","null","null","null",1,1,"Top","null","null",,,519023,,"180823_171155","1.0365","-123.0893","-0.4915","4.9055","23.9806","-33.3073","3.1854","1.3858","null","null","null","84.8420","null","6.4130",531326,594798,519023,527038,643446,453943,642708,624424,457706,430832,"54.0866","null","null","null","null","null","null","null",2,"2","Curveball",0,0,0,0,0,0,0,0,"Standard","Standard"
"FF","2018-08-23","96.3","-1.2170","5.4561","Jacob deGrom",605412,594798,"null","ball",,,,,"11","null","R","L","R","NYM","SF","B","null","null",0,0,2018,"-0.1937","1.6350","-0.1449","3.4052","null","null","null",1,1,"Top","null","null",,,519023,,"180823_171141","3.3373","-140.2284","-3.6558","-3.4146","34.7986","-9.6425","2.9890","1.3858","null","null","null","97.0770","2336","6.9150",531326,594798,519023,527038,643446,453943,642708,624424,457706,430832,"53.5847","null","null","null","null","null","null","null",2,"1","4-Seam Fastball",0,0,0,0,0,0,0,0,"Standard","Standard"
"SL","2018-08-23","91.1","-1.2454","5.4344","Jacob deGrom",457705,594798,"null","called_strike",,,,,"9","null","R","R","R","NYM","SF","S","null","null",0,1,2018,"0.4093","0.5303","0.6020","1.9201","null","null","null",0,1,"Top","null","null",,,519023,,"180823_171030","3.7791","-132.6423","-4.0600","3.9567","31.3424","-25.1485","3.3571","1.6316","null","null","null","91.4350","2542","6.6980",531326,594798,519023,527038,643446,453943,642708,624424,457706,430832,"53.8019","null","null","null","null","null","null","null",1,"2","Slider",0,0,0,0,0,0,0,0,"Strategic","Standard"
"FF","2018-08-23","96.2","-1.1898","5.3568","Jacob deGrom",457705,594798,"null","called_strike",,,,,"5","null","R","R","R","NYM","SF","S","null","null",0,0,2018,"-0.1368","1.4696","0.0491","2.0920","null","null","null",0,1,"Top","null","null",,,519023,,"180823_171018","3.6838","-140.0795","-6.6014","-2.7887","35.9197","-10.8488","3.2835","1.5333","null","null","null","97.5910","2404","7.3480",531326,594798,519023,527038,643446,453943,642708,624424,457706,430832,"53.1512","null","null","null","null","null","null","null",1,"1","4-Seam Fastball",0,0,0,0,0,0,0,0,"Strategic","Standard"